l_S,ChSD,intermediate,GenSD,trophicVar,richness,S1,MaxSim,net_id,stage,predpreyRatio,VulSD,links,net_type,basal,top,S4,centrality,herbivory,Clust,trophicCoherence,connectance,TL,path,S2,LinkSD,cannibal,S5,ChLen,intervals,distance,omnivory,loops,community,ChNum
9.847457627118644,0.0,0.8305084745762712,0.8365056038323393,0.4002855035168304,59,0.37058316575696637,0.9419020715630885,1,creation,1.1176470588235294,1.3733176602732655,581,metaweb,0.13559322033898305,0.03389830508474576,1.9327779373743177,0.40333276197384255,0.6779661016949152,0.2503554648506161,0.35849624991881274,0.16690606147658718,2.0820128898120736,1.2652232746955345,0.2634300488365412,1.2386108098846875,0.1694915254237288,0.8750359092214881,1.0,20,2.0,0.1694915254237288,0.1694915254237288,dolomites,2.772588722239781
5.728813559322034,NaN,0.7796610169491526,1.1218479470961515,1.7582853617997523,59,0.27262280953748924,0.6165197541932371,1,creation,1.2826086956521738,0.6448978729686861,338,niche,0.22033898305084745,0.0,0.21315713875323183,9.870723688228011,0.03389830508474576,0.31809100685365327,0.9145755772938208,0.09709853490376329,2.9774822861695536,1.8346693386773547,0.1258259120942258,1.0779961346122102,0.06779661016949153,0.43292157426027006,NaN,0,3.0,0.711864406779661,0.0847457627118644,dolomites,0.0
5.898305084745763,0.5433396827301464,0.6949152542372882,0.6364633289406747,0.3360437220872613,59,0.1887388681413387,0.7014853261062003,1,creation,0.9607843137254902,1.715076100258062,348,down_niche,0.13559322033898305,0.1694915254237288,1.0815857512209135,0.8976790118124657,0.6779661016949152,0.03505929099149438,0.1343686012835844,0.09997127262280954,2.056041184784367,1.183529411764706,0.01580005745475438,1.4244259660026668,0.01694915254237288,0.3447285262855501,2.4132231404958677,78,2.0,0.1864406779661017,0.01694915254237288,dolomites,6.587550014824796
5.898305084745763,0.5433396827301464,0.6949152542372882,0.6364633289406747,0.3360437220872613,59,0.1887388681413387,0.7014853261062003,1,creation,0.9607843137254902,1.715076100258062,348,down_niche_bodysize,0.13559322033898305,0.1694915254237288,1.0815857512209135,0.8976790118124657,0.6779661016949152,0.03505929099149438,0.1343686012835844,0.09997127262280954,2.056041184784367,1.183529411764706,0.01580005745475438,1.4244259660026668,0.01694915254237288,0.3447285262855501,2.4132231404958677,76,2.0,0.1864406779661017,0.01694915254237288,dolomites,6.587550014824796
6.666666666666667,0.0,0.0,0.45194614629282565,0.14184397163120566,48,0.0,1.0,1,burnin,0.2,2.2597307314641286,320,metaweb,0.16666666666666666,0.8333333333333334,2.7083333333333335,0.2,0.8333333333333334,0.0,0.0,0.1388888888888889,1.8333333333333333,1.0,0.0,1.8077845851713026,0.0,0.4861111111111111,1.0,0,2.0,0.0,0.0,dolomites,5.768320995793772
5.127659574468085,1.1340667770586919,0.6808510638297872,1.2358417459078221,1.2665079349691604,47,0.22317790855590766,0.6303648531686528,1,burnin,1.3235294117647058,0.6979845579307682,241,niche,0.2765957446808511,0.0425531914893617,0.22498868266183794,8.38013507839575,0.0425531914893617,0.3145429302906582,0.8402838158747948,0.10909913988229969,2.5444243534230098,1.637218045112782,0.1308284291534631,1.155647408559391,0.06382978723404255,0.49751018560434584,4.256830601092896,0,3.0,0.6595744680851063,0.0851063829787234,dolomites,6.3080984415095305
4.708333333333333,0.0,0.0,0.4858227533509224,0.1418439716312057,48,0.0,0.8803397428107179,1,burnin,0.2,2.4609097169682275,226,down_niche,0.16666666666666666,0.8333333333333334,1.5512152777777777,0.6484055600981193,0.8333333333333334,0.0,3.7424285701469057e-16,0.09809027777777778,1.8333333333333333,1.0,0.0,2.061442987630934,0.0,0.23524305555555555,1.0,18,2.0,0.0,0.0,dolomites,5.420534999272286
1.4,0.0,0.0,2.13490588299618,0.17777777777777787,10,0.0,0.95,1,burnin,4.0,0.6023386019368343,14,down_niche_bodysize,0.8,0.2,0.06,4.7142857142857135,0.2,0.0,2.9072463135014863e-16,0.14,1.2,1.0,0.0,1.6426846010152707,0.0,0.43,1.0,0,2.0,0.0,0.0,dolomites,2.6390573296152584
9.847457627118644,0.0,0.8305084745762712,0.8365056038323393,0.4002855035168304,59,0.37058316575696637,0.9419020715630885,2,creation,1.1176470588235294,1.3733176602732655,581,metaweb,0.13559322033898305,0.03389830508474576,1.9327779373743177,0.40333276197384255,0.6779661016949152,0.2503554648506161,0.35849624991881274,0.16690606147658718,2.0820128898120736,1.2652232746955345,0.2634300488365412,1.2386108098846875,0.1694915254237288,0.8750359092214881,1.0,24,2.0,0.1694915254237288,0.1694915254237288,dolomites,2.772588722239781
5.3559322033898304,NaN,0.6779661016949152,1.3910632000947958,1.417098632278566,59,0.1878770468256248,0.660408309041323,2,creation,1.475,0.5850695424031805,316,niche,0.3220338983050847,0.0,0.14392415972421718,7.228103338756911,0.0847457627118644,0.40755169945646474,1.0164261046116514,0.09077851192186154,2.469997419035453,1.7735099337748343,0.11577133007756392,1.3143924218756433,0.13559322033898305,0.49698362539500146,NaN,0,4.0,0.5254237288135594,0.15254237288135594,dolomites,0.0
5.779661016949152,0.6585382215713168,0.6610169491525424,0.6458412104093558,0.3415767453824379,59,0.17724791726515368,0.680213552080845,2,creation,0.9215686274509803,1.7197530379557584,341,down_niche,0.13559322033898305,0.2033898305084746,1.0494110887675956,2.702563518764085,0.6779661016949152,0.024968747326673545,0.1229537609221384,0.09796035621947716,2.057990894030145,1.1990521327014219,0.007756391841424878,1.4199908901783393,0.01694915254237288,0.33697213444412527,2.3181818181818183,77,1.0,0.1864406779661017,0.01694915254237288,dolomites,6.269096283706261
5.779661016949152,0.6585382215713168,0.6610169491525424,0.6458412104093558,0.3415767453824379,59,0.17724791726515368,0.680213552080845,2,creation,0.9215686274509803,1.7197530379557584,341,down_niche_bodysize,0.13559322033898305,0.2033898305084746,1.0494110887675956,2.702563518764085,0.6779661016949152,0.024968747326673545,0.1229537609221384,0.09796035621947716,2.057990894030145,1.1990521327014219,0.007756391841424878,1.4199908901783393,0.01694915254237288,0.33697213444412527,2.3181818181818183,77,1.0,0.1864406779661017,0.01694915254237288,dolomites,6.269096283706261
6.666666666666667,0.0,0.0,0.45194614629282565,0.14184397163120566,48,0.0,1.0,2,burnin,0.2,2.2597307314641286,320,metaweb,0.16666666666666666,0.8333333333333334,2.7083333333333335,0.2,0.8333333333333334,0.0,0.0,0.1388888888888889,1.8333333333333333,1.0,0.0,1.8077845851713026,0.0,0.4861111111111111,1.0,0,2.0,0.0,0.0,dolomites,5.768320995793772
5.3559322033898304,NaN,0.6779661016949152,1.3910632000947958,1.417098632278566,59,0.1878770468256248,0.660408309041323,2,burnin,1.475,0.5850695424031805,316,niche,0.3220338983050847,0.0,0.14392415972421718,7.228103338756911,0.0847457627118644,0.40755169945646474,1.0164261046116514,0.09077851192186154,2.469997419035453,1.7735099337748343,0.11577133007756392,1.3143924218756433,0.13559322033898305,0.49698362539500146,NaN,0,4.0,0.5254237288135594,0.15254237288135594,dolomites,0.0
5.377358490566038,0.43115474879935234,0.5471698113207547,0.6475236529815244,0.2435105381883947,53,0.10679957280170879,0.7680183534329512,2,burnin,0.8222222222222222,1.972194909687308,285,down_niche,0.1509433962264151,0.3018867924528302,1.2559629761480955,2.420122038845872,0.7547169811320755,0.01798811929222584,0.09853162807262651,0.10145959416162335,1.9416938572847213,1.077922077922078,0.00711997152011392,1.6460989591365982,0.018867924528301886,0.3203987184051264,1.7545126353790614,31,1.0,0.09433962264150944,0.018867924528301886,dolomites,5.6240175061873385
2.0,0.408248290463863,0.07692307692307693,1.1547005383792515,0.30769230769230754,13,0.023668639053254437,0.6648351648351648,2,burnin,1.3333333333333333,1.0606601717798212,26,down_niche_bodysize,0.5384615384615384,0.38461538461538464,0.23076923076923078,2.023255813953488,0.38461538461538464,0.041666666666666664,0.1601281538050871,0.15384615384615385,1.487179487179487,1.0,0.005917159763313609,0.7071067811865476,0.0,0.2603550295857988,1.2,3,2.0,0.07692307692307693,0.0,dolomites,3.2188758248682006
9.847457627118644,0.0,0.8305084745762712,0.8365056038323393,0.4002855035168304,59,0.37058316575696637,0.9419020715630885,3,creation,1.1176470588235294,1.3733176602732655,581,metaweb,0.13559322033898305,0.03389830508474576,1.9327779373743177,0.40333276197384255,0.6779661016949152,0.2503554648506161,0.35849624991881274,0.16690606147658718,2.0820128898120736,1.2652232746955345,0.2634300488365412,1.2386108098846875,0.1694915254237288,0.8750359092214881,1.0,24,2.0,0.1694915254237288,0.1694915254237288,dolomites,2.772588722239781
8.94915254237288,NaN,0.9152542372881356,1.1965823315372206,2.339748186894474,59,0.41597242171789717,0.678448841079168,3,creation,1.0925925925925926,0.5607980913517787,528,niche,0.0847457627118644,0.0,0.3022120080436656,7.543051838240398,0.0847457627118644,0.5088527124855253,1.1981355137789147,0.15168055156564206,4.159935852207021,1.6989708404802744,0.36455041654696924,1.1524107508584567,0.22033898305084745,0.9436943407066934,NaN,0,3.0,0.7627118644067796,0.288135593220339,dolomites,0.0
8.288135593220339,1.0768131630156335,0.7966101694915254,0.7325602251071178,0.37475792279474796,59,0.34702671646078714,0.8475554294809208,3,creation,1.0784313725490196,1.460805190771093,489,down_niche,0.13559322033898305,0.06779661016949153,1.6078713013501866,0.6882056278937951,0.6779661016949152,0.13441638218326846,0.263724381139199,0.14047687446136167,2.0729396959409425,1.3571428571428572,0.11347313990232692,1.224994669173828,0.06779661016949153,0.6730824475725367,4.6226561633196495,74,3.0,0.1864406779661017,0.0847457627118644,dolomites,9.10642325855641
8.288135593220339,1.0768131630156335,0.7966101694915254,0.7325602251071178,0.37475792279474796,59,0.34702671646078714,0.8475554294809208,3,creation,1.0784313725490196,1.460805190771093,489,down_niche_bodysize,0.13559322033898305,0.06779661016949153,1.6078713013501866,0.6882056278937951,0.6779661016949152,0.13441638218326846,0.263724381139199,0.14047687446136167,2.0729396959409425,1.3571428571428572,0.11347313990232692,1.224994669173828,0.06779661016949153,0.6730824475725367,4.6226561633196495,59,3.0,0.1864406779661017,0.0847457627118644,dolomites,9.10642325855641
6.666666666666667,0.0,0.0,0.45194614629282565,0.14184397163120566,48,0.0,1.0,3,burnin,0.2,2.2597307314641286,320,metaweb,0.16666666666666666,0.8333333333333334,2.7083333333333335,0.2,0.8333333333333334,0.0,0.0,0.1388888888888889,1.8333333333333333,1.0,0.0,1.8077845851713026,0.0,0.4861111111111111,1.0,0,2.0,0.0,0.0,dolomites,5.768320995793772
2.5416666666666665,1.441690266648734,0.6666666666666666,1.0820320073905325,1.508788327703177,24,0.09722222222222222,0.4535790598290599,3,burnin,1.105263157894737,0.6136911694635283,61,niche,0.20833333333333334,0.125,0.06076388888888889,3.041886475346722,0.20833333333333334,0.3930942073799216,0.9150239304236413,0.10590277777777778,2.760382996632997,1.7894736842105263,0.046875,1.0001460463792669,0.20833333333333334,0.1440972222222222,4.084507042253521,0,3.0,0.4166666666666667,0.20833333333333334,dolomites,4.2626798770413155
6.0625,0.0,0.0,0.46206400214678145,0.14184397163120563,48,0.0,0.963322268009768,3,burnin,0.2,2.282654472056377,291,down_niche,0.16666666666666666,0.8333333333333334,2.2730034722222223,0.4436090225563911,0.8333333333333334,0.0,3.404252631454118e-16,0.12630208333333334,1.8333333333333333,1.0,0.0,1.8388750336522373,0.0,0.3997395833333333,1.0,8,2.0,0.0,0.0,dolomites,5.673323267171493
1.5,0.0,0.0,2.1140330656044943,0.1777777777777777,10,0.0,0.925,3,burnin,4.0,0.5665577237325317,15,down_niche_bodysize,0.8,0.2,0.07,4.333333333333333,0.2,0.0,3.0337068460183277e-16,0.15,1.2,1.0,0.0,1.6024672335395505,0.0,0.49,1.0,0,2.0,0.0,0.0,dolomites,2.70805020110221
9.847457627118644,0.0,0.8305084745762712,0.8365056038323393,0.4002855035168304,59,0.37058316575696637,0.9419020715630885,4,creation,1.1176470588235294,1.3733176602732655,581,metaweb,0.13559322033898305,0.03389830508474576,1.9327779373743177,0.40333276197384255,0.6779661016949152,0.2503554648506161,0.35849624991881274,0.16690606147658718,2.0820128898120736,1.2652232746955345,0.2634300488365412,1.2386108098846875,0.1694915254237288,0.8750359092214881,1.0,20,2.0,0.1694915254237288,0.1694915254237288,dolomites,2.772588722239781
7.6440677966101696,NaN,0.864406779661017,0.9676815569861521,2.5892269786617637,59,0.4039069232979029,0.6381052255162191,4,creation,1.1568627450980393,0.44645976081932726,451,niche,0.13559322033898305,0.0,0.2381499569089342,11.251303848523168,0.03389830508474576,0.4551523136271685,1.2892610634884614,0.12956047112898592,4.083040502324666,1.7361477572559367,0.22665900603274922,0.8296926920006201,0.2711864406779661,0.5481183567940247,NaN,0,4.0,0.7457627118644068,0.288135593220339,dolomites,0.0
7.983050847457627,1.0829418800783586,0.7457627118644068,0.7239024025409155,0.37056237201771003,59,0.30853203102556737,0.7993782276194502,4,creation,1.0196078431372548,1.52205256015631,471,down_niche,0.13559322033898305,0.11864406779661017,1.57081298477449,0.990256384472035,0.6779661016949152,0.15666030173619708,0.27315838220689626,0.13530594656707842,2.0708744128337604,1.281004709576138,0.12094225797184717,1.2900771969920461,0.03389830508474576,0.6006894570525712,4.735926085088097,64,3.0,0.1864406779661017,0.05084745762711865,dolomites,9.138629524422182
7.983050847457627,1.0829418800783586,0.7457627118644068,0.7239024025409155,0.37056237201771003,59,0.30853203102556737,0.7993782276194502,4,creation,1.0196078431372548,1.52205256015631,471,down_niche_bodysize,0.13559322033898305,0.11864406779661017,1.57081298477449,0.990256384472035,0.6779661016949152,0.15666030173619708,0.27315838220689626,0.13530594656707842,2.0708744128337604,1.281004709576138,0.12094225797184717,1.2900771969920461,0.03389830508474576,0.6006894570525712,4.735926085088097,64,3.0,0.1864406779661017,0.05084745762711865,dolomites,9.138629524422182
6.666666666666667,0.0,0.0,0.45194614629282565,0.14184397163120566,48,0.0,1.0,4,burnin,0.2,2.2597307314641286,320,metaweb,0.16666666666666666,0.8333333333333334,2.7083333333333335,0.2,0.8333333333333334,0.0,0.0,0.1388888888888889,1.8333333333333333,1.0,0.0,1.8077845851713026,0.0,0.4861111111111111,1.0,0,2.0,0.0,0.0,dolomites,5.768320995793772
3.8461538461538463,1.4295016501600637,0.6153846153846154,0.9994078246641858,1.4170844906087452,26,0.10355029585798817,0.6017915844838921,4,burnin,1.1,1.0155116936795952,100,niche,0.23076923076923078,0.15384615384615385,0.28846153846153844,5.36975476036113,0.07692307692307693,0.31792929292929295,1.1097514714849248,0.14792899408284024,2.8584790209790207,1.6149425287356323,0.16715976331360946,1.045783916495181,0.15384615384615385,0.2943786982248521,3.687116564417178,0,3.0,0.6153846153846154,0.15384615384615385,dolomites,5.093750200806762
5.958333333333333,0.0,0.0,0.463145273499765,0.14184397163120557,48,0.0,0.9504368894993895,4,burnin,0.2,2.297278038905046,286,down_niche,0.16666666666666666,0.8333333333333334,2.21875,0.7001897533206833,0.8333333333333334,0.0,3.659887351136013e-16,0.12413194444444445,1.8333333333333333,1.0,0.0,1.857265931661706,0.0,0.3854166666666667,1.0,9,2.0,0.0,0.0,dolomites,5.655991810819852
0.8888888888888888,0.0,0.0,3.000000000000001,0.11111111111111112,9,0.0,0.8888888888888888,4,burnin,8.0,0.3750000000000001,8,down_niche_bodysize,0.8888888888888888,0.1111111111111111,0.0,8.0,0.1111111111111111,0.0,0.0,0.09876543209876543,1.1111111111111112,1.0,0.0,2.6250000000000004,0.0,0.345679012345679,1.0,0,2.0,0.0,0.0,dolomites,2.0794415416798357
9.847457627118644,0.0,0.8305084745762712,0.8365056038323393,0.4002855035168304,59,0.37058316575696637,0.9419020715630885,5,creation,1.1176470588235294,1.3733176602732655,581,metaweb,0.13559322033898305,0.03389830508474576,1.9327779373743177,0.40333276197384255,0.6779661016949152,0.2503554648506161,0.35849624991881274,0.16690606147658718,2.0820128898120736,1.2652232746955345,0.2634300488365412,1.2386108098846875,0.1694915254237288,0.8750359092214881,1.0,20,2.0,0.1694915254237288,0.1694915254237288,dolomites,2.772588722239781
8.898305084745763,0.5466883490305124,0.8813559322033898,0.9578434479004101,2.580846781758953,59,0.5601838552140189,0.7030323385305424,5,creation,1.0943396226415094,0.561398786972254,525,niche,0.1016949152542373,0.01694915254237288,0.370870439528871,12.557765206695446,0.05084745762711865,0.4633380672817099,1.0146758899065895,0.15081873024992817,4.191266956942149,1.6836335160532498,0.36569951163458775,0.8821524156913734,0.1694915254237288,0.7503590922148807,5.73056306780457,0,3.0,0.7627118644067796,0.1864406779661017,dolomites,11.030865448691081
8.677966101694915,1.0609001568529963,0.7627118644067796,0.706940918244804,0.3711650250675596,59,0.35650675093363976,0.8853208356233102,5,creation,1.0392156862745099,1.4913748136030216,512,down_niche,0.13559322033898305,0.1016949152542373,1.8328066647515082,0.5525835718602432,0.6779661016949152,0.12557998494459113,0.2614333163876209,0.14708417121516806,2.071584243746015,1.2496147919876734,0.10858948577994829,1.236231353375476,0.1016949152542373,0.7052571100258547,5.091838268450323,49,3.0,0.1694915254237288,0.1016949152542373,dolomites,8.802823159741887
8.677966101694915,1.0609001568529963,0.7627118644067796,0.706940918244804,0.3711650250675596,59,0.35650675093363976,0.8853208356233102,5,creation,1.0392156862745099,1.4913748136030216,512,down_niche_bodysize,0.13559322033898305,0.1016949152542373,1.8328066647515082,0.5525835718602432,0.6779661016949152,0.12557998494459113,0.2614333163876209,0.14708417121516806,2.071584243746015,1.2496147919876734,0.10858948577994829,1.236231353375476,0.1016949152542373,0.7052571100258547,5.091838268450323,49,3.0,0.1694915254237288,0.1016949152542373,dolomites,8.802823159741887
6.666666666666667,0.0,0.0,0.45194614629282565,0.14184397163120566,48,0.0,1.0,5,burnin,0.2,2.2597307314641286,320,metaweb,0.16666666666666666,0.8333333333333334,2.7083333333333335,0.2,0.8333333333333334,0.0,0.0,0.1388888888888889,1.8333333333333333,1.0,0.0,1.8077845851713026,0.0,0.4861111111111111,1.0,0,2.0,0.0,0.0,dolomites,5.768320995793772
2.909090909090909,0.9686753224209671,0.5909090909090909,1.2547899297719687,1.1354045424847201,22,0.16735537190082644,0.5803987678987679,5,burnin,1.1875,0.7187823491685023,64,niche,0.2727272727272727,0.13636363636363635,0.10950413223140495,5.3264972390637775,0.13636363636363635,0.477769096619364,0.6698102617874382,0.1322314049586777,2.399715909090909,1.6176470588235294,0.10950413223140495,1.2503998616395058,0.045454545454545456,0.30165289256198347,3.763440860215054,0,2.0,0.5,0.045454545454545456,dolomites,5.225746673713202
6.520833333333333,0.0,0.0,0.4551318347764115,0.14184397163120563,48,0.0,0.9885416666666668,5,burnin,0.2,2.260270406113015,313,down_niche,0.16666666666666666,0.8333333333333334,2.5907118055555554,0.33797909407665483,0.8333333333333334,0.0,1.7570984367985212e-16,0.13585069444444445,1.8333333333333333,1.0,0.0,1.8092578877229952,0.0,0.46484375,1.0,3,2.0,0.0,0.0,dolomites,5.746203190540153
0.8888888888888888,0.0,0.0,3.000000000000001,0.11111111111111112,9,0.0,0.8888888888888888,5,burnin,8.0,0.3750000000000001,8,down_niche_bodysize,0.8888888888888888,0.1111111111111111,0.0,8.0,0.1111111111111111,0.0,0.0,0.09876543209876543,1.1111111111111112,1.0,0.0,2.6250000000000004,0.0,0.345679012345679,1.0,0,2.0,0.0,0.0,dolomites,2.0794415416798357
9.847457627118644,0.0,0.8305084745762712,0.8365056038323393,0.4002855035168304,59,0.37058316575696637,0.9419020715630885,6,creation,1.1176470588235294,1.3733176602732655,581,metaweb,0.13559322033898305,0.03389830508474576,1.9327779373743177,0.40333276197384255,0.6779661016949152,0.2503554648506161,0.35849624991881274,0.16690606147658718,2.0820128898120736,1.2652232746955345,0.2634300488365412,1.2386108098846875,0.1694915254237288,0.8750359092214881,1.0,45,2.0,0.1694915254237288,0.1694915254237288,dolomites,2.772588722239781
5.288135593220339,0.9711329183871121,0.7796610169491526,1.3726737281185157,2.2570992398033005,59,0.20741166331513933,0.5949861486379506,6,creation,1.2340425531914894,0.6183222576940614,312,niche,0.2033898305084746,0.01694915254237288,0.15972421717897156,9.397664648778804,0.05084745762711865,0.3480668593615497,1.3752083479635007,0.08962941683424304,3.471289856568928,1.8649262202043133,0.10542947428899742,1.3093511121794847,0.11864406779661017,0.4952599827635737,5.006677796327212,0,3.0,0.6440677966101694,0.13559322033898305,dolomites,6.395261598115449
5.254237288135593,0.7857776098083374,0.6610169491525424,0.6570129441852817,0.4244448742143554,59,0.15512783682849757,0.6749861323339972,6,creation,0.9215686274509803,1.780337425649792,310,down_niche,0.13559322033898305,0.2033898305084746,0.9106578569376615,1.2755452445432964,0.6779661016949152,0.027774720571330742,0.16314307708516956,0.08905486929043378,2.087525680534155,1.2826603325415677,0.007181844297615628,1.5157382404077167,0.03389830508474576,0.27721918988796324,2.612021857923497,68,2.0,0.1864406779661017,0.03389830508474576,dolomites,6.3080984415095305
5.254237288135593,0.7857776098083374,0.6610169491525424,0.6570129441852817,0.4244448742143554,59,0.15512783682849757,0.6749861323339972,6,creation,0.9215686274509803,1.780337425649792,310,down_niche_bodysize,0.13559322033898305,0.2033898305084746,0.9106578569376615,1.2755452445432964,0.6779661016949152,0.027774720571330742,0.16314307708516956,0.08905486929043378,2.087525680534155,1.2826603325415677,0.007181844297615628,1.5157382404077167,0.03389830508474576,0.27721918988796324,2.612021857923497,77,2.0,0.1864406779661017,0.03389830508474576,dolomites,6.3080984415095305
6.666666666666667,0.0,0.0,0.45194614629282565,0.14184397163120566,48,0.0,1.0,6,burnin,0.2,2.2597307314641286,320,metaweb,0.16666666666666666,0.8333333333333334,2.7083333333333335,0.2,0.8333333333333334,0.0,0.0,0.1388888888888889,1.8333333333333333,1.0,0.0,1.8077845851713026,0.0,0.4861111111111111,1.0,0,2.0,0.0,0.0,dolomites,5.768320995793772
5.1454545454545455,0.9889360493916765,0.7636363636363637,1.3299635483543855,2.0206819377463368,55,0.21520661157024792,0.5803025401825302,6,burnin,1.255813953488372,0.6035733045388909,283,niche,0.21818181818181817,0.01818181818181818,0.1596694214876033,8.822937333703257,0.05454545454545454,0.33708564321663936,1.3087225887878828,0.09355371900826447,3.2242437514331495,1.818298969072165,0.10578512396694215,1.2623319218957334,0.10909090909090909,0.47371900826446284,4.91907514450867,0,3.0,0.6545454545454545,0.12727272727272726,dolomites,6.251903883165888
4.46,0.4988502053224244,0.34,0.522817978149759,0.18938775510204084,50,0.0372,0.776077649077649,6,burnin,0.5952380952380952,2.324916159783688,223,down_niche,0.16,0.5,1.208,1.0247013565499086,0.8,0.0,3.584064857979746e-16,0.0892,1.88,1.0590717299578059,0.0,1.956677714882816,0.0,0.2076,1.4514563106796117,26,3.0,0.04,0.0,dolomites,5.327876168789581
1.4,0.46880723093849547,0.2,1.2233554836823934,0.6777777777777778,10,0.1,0.6428571428571429,6,burnin,1.4,0.7678340712665287,14,down_niche_bodysize,0.5,0.3,0.08,2.146067415730337,0.3,0.0,1.32697032177375e-16,0.14,1.7,1.3636363636363635,0.0,0.9988655696858587,0.0,0.16,1.7142857142857142,1,2.0,0.1,0.0,dolomites,2.6390573296152584
9.847457627118644,0.0,0.8305084745762712,0.8365056038323393,0.4002855035168304,59,0.37058316575696637,0.9419020715630885,7,creation,1.1176470588235294,1.3733176602732655,581,metaweb,0.13559322033898305,0.03389830508474576,1.9327779373743177,0.40333276197384255,0.6779661016949152,0.2503554648506161,0.35849624991881274,0.16690606147658718,2.0820128898120736,1.2652232746955345,0.2634300488365412,1.2386108098846875,0.1694915254237288,0.8750359092214881,1.0,20,2.0,0.1694915254237288,0.1694915254237288,dolomites,2.772588722239781
8.491525423728813,0.9169389337354936,0.8983050847457628,1.0461132022637536,4.726751678509505,59,0.46394714162596956,0.699454677109106,7,creation,1.0740740740740742,0.4969320409447036,501,niche,0.0847457627118644,0.01694915254237288,0.3050847457627119,6.963118178598205,0.0847457627118644,0.45720467055685926,2.188728549893779,0.14392415972421718,1.4633076274827335,1.637732506643047,0.3214593507612755,0.9139750703902684,0.1864406779661017,0.7724791726515369,4.635220125786163,0,2.0,0.7796610169491526,0.2033898305084746,dolomites,5.0689042022202315
8.186440677966102,1.1253502116154959,0.7966101694915254,0.7224810588664434,0.3618755975692164,59,0.324906636024131,0.85228896158275,7,creation,1.0784313725490196,1.4823267716731072,483,down_niche,0.13559322033898305,0.06779661016949153,1.6179258833668486,0.677712715767903,0.6779661016949152,0.11021949649717613,0.26069067840186394,0.13875323182993393,2.0678799585484025,1.282780410742496,0.09566216604424016,1.234644409542136,0.11864406779661017,0.6409077851192186,3.613275613275613,51,2.0,0.1864406779661017,0.11864406779661017,dolomites,6.541029999189903
8.186440677966102,1.1253502116154959,0.7966101694915254,0.7224810588664434,0.3618755975692164,59,0.324906636024131,0.85228896158275,7,creation,1.0784313725490196,1.4823267716731072,483,down_niche_bodysize,0.13559322033898305,0.06779661016949153,1.6179258833668486,0.677712715767903,0.6779661016949152,0.11021949649717613,0.26069067840186394,0.13875323182993393,2.0678799585484025,1.282780410742496,0.09566216604424016,1.234644409542136,0.11864406779661017,0.6409077851192186,3.613275613275613,51,2.0,0.1864406779661017,0.11864406779661017,dolomites,6.541029999189903
6.666666666666667,0.0,0.0,0.45194614629282565,0.14184397163120566,48,0.0,1.0,7,burnin,0.2,2.2597307314641286,320,metaweb,0.16666666666666666,0.8333333333333334,2.7083333333333335,0.2,0.8333333333333334,0.0,0.0,0.1388888888888889,1.8333333333333333,1.0,0.0,1.8077845851713026,0.0,0.4861111111111111,1.0,0,2.0,0.0,0.0,dolomites,5.768320995793772
2.5714285714285716,0.8095078939102635,0.42857142857142855,1.318471301052816,0.5586472896305916,14,0.0,0.7881416202844775,7,burnin,1.2222222222222223,0.9115696157137412,36,niche,0.35714285714285715,0.21428571428571427,0.1683673469387755,2.198813056379822,0.35714285714285715,0.5141955266955267,0.6321458124355145,0.1836734693877551,1.8664192949907235,1.0,0.14285714285714285,1.0835798536080758,0.07142857142857142,0.37244897959183676,1.9696969696969697,0,2.0,0.2857142857142857,0.07142857142857142,dolomites,3.4965075614664802
6.041666666666667,0.0,0.0,0.4618334722557831,0.1418439716312056,48,0.0,0.9611301892551894,7,burnin,0.2,2.298541040545222,290,down_niche,0.16666666666666666,0.8333333333333334,2.2842881944444446,0.4389721627408994,0.8333333333333334,0.0,3.4792146499052807e-16,0.12586805555555555,1.8333333333333333,1.0,0.0,1.8585015145748958,0.0,0.3967013888888889,1.0,7,2.0,0.0,0.0,dolomites,5.66988092298052
0.8888888888888888,0.0,0.0,3.000000000000001,0.11111111111111112,9,0.0,0.8888888888888888,7,burnin,8.0,0.3750000000000001,8,down_niche_bodysize,0.8888888888888888,0.1111111111111111,0.0,8.0,0.1111111111111111,0.0,0.0,0.09876543209876543,1.1111111111111112,1.0,0.0,2.6250000000000004,0.0,0.345679012345679,1.0,0,2.0,0.0,0.0,dolomites,2.0794415416798357
9.847457627118644,0.0,0.8305084745762712,0.8365056038323393,0.4002855035168304,59,0.37058316575696637,0.9419020715630885,8,creation,1.1176470588235294,1.3733176602732655,581,metaweb,0.13559322033898305,0.03389830508474576,1.9327779373743177,0.40333276197384255,0.6779661016949152,0.2503554648506161,0.35849624991881274,0.16690606147658718,2.0820128898120736,1.2652232746955345,0.2634300488365412,1.2386108098846875,0.1694915254237288,0.8750359092214881,1.0,45,2.0,0.1694915254237288,0.1694915254237288,dolomites,2.772588722239781
5.406779661016949,NaN,0.8305084745762712,1.1838378877620268,1.6447897068653348,59,0.27836828497558175,0.6459932496206723,8,creation,1.2040816326530612,0.5420825725430656,319,niche,0.1694915254237288,0.0,0.19247342717609883,5.415643313678321,0.11864406779661017,0.27413379994847215,0.8894276683078962,0.09164033323757541,3.069023608942617,1.8210290827740492,0.0732548118356794,1.0935660213774752,0.0847457627118644,0.4464234415397874,NaN,0,4.0,0.5932203389830508,0.1016949152542373,dolomites,0.0
5.9491525423728815,0.3847896242482324,0.576271186440678,0.5767568308160423,0.3280716414450009,59,0.1990807239299052,0.7281613542797098,8,creation,0.8235294117647058,1.7416665531202777,351,down_niche,0.13559322033898305,0.288135593220339,1.1436368859523125,1.5982691962815296,0.6779661016949152,0.0007822685788787485,0.050892068046038234,0.10083309393852341,2.052388289676425,1.1702127659574468,0.0002872737719046251,1.4169441938833212,0.0,0.34731399023269177,2.041551246537396,47,1.0,0.1864406779661017,0.0,dolomites,6.582025138892826
5.9491525423728815,0.3847896242482324,0.576271186440678,0.5767568308160423,0.3280716414450009,59,0.1990807239299052,0.7281613542797098,8,creation,0.8235294117647058,1.7416665531202777,351,down_niche_bodysize,0.13559322033898305,0.288135593220339,1.1436368859523125,1.5982691962815296,0.6779661016949152,0.0007822685788787485,0.050892068046038234,0.10083309393852341,2.052388289676425,1.1702127659574468,0.0002872737719046251,1.4169441938833212,0.0,0.34731399023269177,2.041551246537396,47,1.0,0.1864406779661017,0.0,dolomites,6.582025138892826
6.666666666666667,0.0,0.0,0.45194614629282565,0.14184397163120566,48,0.0,1.0,8,burnin,0.2,2.2597307314641286,320,metaweb,0.16666666666666666,0.8333333333333334,2.7083333333333335,0.2,0.8333333333333334,0.0,0.0,0.1388888888888889,1.8333333333333333,1.0,0.0,1.8077845851713026,0.0,0.4861111111111111,1.0,0,2.0,0.0,0.0,dolomites,5.768320995793772
4.146341463414634,1.1251409054267922,0.6097560975609756,1.1164165052294726,0.9722078092167699,41,0.1403926234384295,0.6457428829738728,8,burnin,1.0,0.8854182051007734,170,niche,0.1951219512195122,0.1951219512195122,0.25223081499107675,3.8896993213862903,0.17073170731707318,0.2352524633948782,0.6991649401524356,0.10113027959547888,2.574963293808942,1.698952879581152,0.06365258774538965,1.0225316299538392,0.07317073170731707,0.34265318262938727,3.2106598984771573,0,3.0,0.5853658536585366,0.07317073170731707,dolomites,5.976350909297934
5.16,0.851086279798345,0.42,0.5110355019551718,0.19370888851408322,50,0.0552,0.829280586166035,8,burnin,0.6904761904761905,2.2287629900810724,258,down_niche,0.16,0.42,1.5104,1.338698316318156,0.8,0.0012222222222222222,0.05935998799503719,0.1032,1.8818181818181818,1.065217391304348,0.0004,1.844128160928432,0.0,0.2824,1.8106995884773662,18,1.0,0.04,0.0,dolomites,5.493061443340548
0.875,0.0,0.0,2.8284271247461903,0.12499999999999989,8,0.0,0.875,8,burnin,7.0,0.4040610178208843,7,down_niche_bodysize,0.875,0.125,0.0,7.0,0.125,0.0,4.440892098500626e-16,0.109375,1.125,1.0,0.0,2.4243661069253055,0.0,0.328125,1.0,0,2.0,0.0,0.0,dolomites,1.9459101490553132
9.847457627118644,0.0,0.8305084745762712,0.8365056038323393,0.4002855035168304,59,0.37058316575696637,0.9419020715630885,9,creation,1.1176470588235294,1.3733176602732655,581,metaweb,0.13559322033898305,0.03389830508474576,1.9327779373743177,0.40333276197384255,0.6779661016949152,0.2503554648506161,0.35849624991881274,0.16690606147658718,2.0820128898120736,1.2652232746955345,0.2634300488365412,1.2386108098846875,0.1694915254237288,0.8750359092214881,1.0,20,2.0,0.1694915254237288,0.1694915254237288,dolomites,2.772588722239781
7.101694915254237,NaN,0.7966101694915254,1.3436869656088255,1.3125108999644386,59,0.3191611605860385,0.6570441547273794,9,creation,1.2553191489361701,0.4601569938558012,419,niche,0.2033898305084746,0.0,0.15196782533754669,7.363644022375232,0.06779661016949153,0.4497303423606272,0.9511041567384189,0.12036771042803791,2.8457804322855895,1.7049847405900305,0.2686009767308245,1.2750928762598548,0.1694915254237288,0.7595518529158288,NaN,0,4.0,0.6949152542372882,0.22033898305084745,dolomites,0.0
6.491525423728813,1.4406131776104998,0.6949152542372882,0.7182125662070812,0.33490933945184964,59,0.2358517667336972,0.7374541626506099,9,creation,0.9607843137254902,1.5873963564460127,383,down_niche,0.13559322033898305,0.1694915254237288,1.1591496696351624,2.8944918041689562,0.6779661016949152,0.04669023879105306,0.1516196305386468,0.11002585463947141,2.0556870779482135,1.1837606837606838,0.023269175524274634,1.3311668165867694,0.0,0.4492961792588337,3.5298429319371727,58,2.0,0.1864406779661017,0.03389830508474576,dolomites,6.86171134048073
6.491525423728813,1.4406131776104998,0.6949152542372882,0.7182125662070812,0.33490933945184964,59,0.2358517667336972,0.7374541626506099,9,creation,0.9607843137254902,1.5873963564460127,383,down_niche_bodysize,0.13559322033898305,0.1694915254237288,1.1591496696351624,2.8944918041689562,0.6779661016949152,0.04669023879105306,0.1516196305386468,0.11002585463947141,2.0556870779482135,1.1837606837606838,0.023269175524274634,1.3311668165867694,0.0,0.4492961792588337,3.5298429319371727,58,2.0,0.1864406779661017,0.03389830508474576,dolomites,6.86171134048073
6.666666666666667,0.0,0.0,0.45194614629282565,0.14184397163120566,48,0.0,1.0,9,burnin,0.2,2.2597307314641286,320,metaweb,0.16666666666666666,0.8333333333333334,2.7083333333333335,0.2,0.8333333333333334,0.0,0.0,0.1388888888888889,1.8333333333333333,1.0,0.0,1.8077845851713026,0.0,0.4861111111111111,1.0,0,2.0,0.0,0.0,dolomites,5.768320995793772
6.627450980392157,NaN,0.7647058823529411,1.3000733901011787,1.0134411416998972,51,0.2933487120338331,0.6617401928898033,9,burnin,1.3076923076923077,0.45161614714012444,338,niche,0.23529411764705882,0.0,0.1311034217608612,5.124757449970895,0.11764705882352941,0.46983712747432327,0.8643507310545713,0.12995001922337562,2.5110690736509382,1.630098452883263,0.28565936178392926,1.2019639228380394,0.19607843137254902,0.707035755478662,NaN,0,4.0,0.6470588235294118,0.21568627450980393,dolomites,0.0
5.411764705882353,0.4456226491714097,0.49019607843137253,0.5961082037249649,0.20768030395549222,51,0.08804306036139946,0.8310765916803068,9,burnin,0.7674418604651163,2.0922667947144427,276,down_niche,0.1568627450980392,0.35294117647058826,1.4648212226066897,2.487797402398376,0.7843137254901961,0.005369729591182878,0.05839571624737838,0.1061130334486736,1.9008073817762399,1.028169014084507,0.0015378700499807767,1.7352674488656286,0.0,0.33256439830834295,1.728125,22,2.0,0.058823529411764705,0.0,dolomites,5.768320995793772
1.1111111111111112,0.0,0.0,2.0346989949375804,0.19444444444444453,9,0.0,0.8174603174603176,9,burnin,3.5,0.7035623639735145,10,down_niche_bodysize,0.7777777777777778,0.2222222222222222,0.037037037037037035,4.4,0.2222222222222222,0.0,3.4399002279594067e-16,0.12345679012345678,1.2222222222222223,1.0,0.0,1.54434452114805,0.0,0.25925925925925924,1.0,0,2.0,0.0,0.0,dolomites,2.302585092994046
9.847457627118644,0.0,0.8305084745762712,0.8365056038323393,0.4002855035168304,59,0.37058316575696637,0.9419020715630885,10,creation,1.1176470588235294,1.3733176602732655,581,metaweb,0.13559322033898305,0.03389830508474576,1.9327779373743177,0.40333276197384255,0.6779661016949152,0.2503554648506161,0.35849624991881274,0.16690606147658718,2.0820128898120736,1.2652232746955345,0.2634300488365412,1.2386108098846875,0.1694915254237288,0.8750359092214881,1.0,20,2.0,0.1694915254237288,0.1694915254237288,dolomites,2.772588722239781
7.593220338983051,0.7985754281943064,0.7457627118644068,1.2608463904912288,1.2163413818298556,59,0.34846308532031023,0.6766378870972454,10,creation,1.288888888888889,0.5593389953481704,448,niche,0.23728813559322035,0.01694915254237288,0.26515369146796897,7.238938541010175,0.13559322033898305,0.4641904046335154,0.822738111216084,0.12869864981327206,2.5362546416934832,1.5770065075921909,0.2803792013789141,1.1380109593170384,0.13559322033898305,0.8569376615914966,5.437137271672063,0,3.0,0.5932203389830508,0.13559322033898305,dolomites,10.3962917617043
7.406779661016949,0.499757456634029,0.6779661016949152,0.6293362393167219,0.33008783487266413,59,0.30020109164033326,0.8249197326779407,10,creation,0.9411764705882353,1.5822794844271675,437,down_niche,0.13559322033898305,0.1864406779661017,1.5265728239011778,0.8893245025984752,0.6779661016949152,0.026710983244015725,0.12333471827887948,0.12553863832232118,2.0533399800598207,1.1517509727626458,0.01982189026141913,1.2547475021116756,0.01694915254237288,0.5584602125825913,2.3062665489849956,47,2.0,0.1864406779661017,0.01694915254237288,dolomites,7.0326242610280065
7.406779661016949,0.499757456634029,0.6779661016949152,0.6293362393167219,0.33008783487266413,59,0.30020109164033326,0.8249197326779407,10,creation,0.9411764705882353,1.5822794844271675,437,down_niche_bodysize,0.13559322033898305,0.1864406779661017,1.5265728239011778,0.8893245025984752,0.6779661016949152,0.026710983244015725,0.12333471827887948,0.12553863832232118,2.0533399800598207,1.1517509727626458,0.01982189026141913,1.2547475021116756,0.01694915254237288,0.5584602125825913,2.3062665489849956,46,2.0,0.1864406779661017,0.01694915254237288,dolomites,7.0326242610280065
6.666666666666667,0.0,0.0,0.45194614629282565,0.14184397163120566,48,0.0,1.0,10,burnin,0.2,2.2597307314641286,320,metaweb,0.16666666666666666,0.8333333333333334,2.7083333333333335,0.2,0.8333333333333334,0.0,0.0,0.1388888888888889,1.8333333333333333,1.0,0.0,1.8077845851713026,0.0,0.4861111111111111,1.0,0,2.0,0.0,0.0,dolomites,5.768320995793772
7.403846153846154,0.8637497685271635,0.7115384615384616,1.2207991589592444,0.8674599093975202,52,0.34911242603550297,0.6991576820590589,10,burnin,1.3421052631578947,0.5331012892302508,385,niche,0.2692307692307692,0.019230769230769232,0.27921597633136097,6.359947210276737,0.15384615384615385,0.45382150787510206,0.7164771476752955,0.14238165680473372,2.2736578295463827,1.4510385756676558,0.2932692307692308,1.049185998120553,0.1346153846153846,0.8757396449704142,5.336360972751245,0,3.0,0.5769230769230769,0.1346153846153846,dolomites,9.927106418134763
6.0,0.48440787450898287,0.30612244897959184,0.49767980186580324,0.16666666666666657,49,0.043315285297792584,0.9243506135826222,10,burnin,0.5609756097560976,2.210559674397883,294,down_niche,0.16326530612244897,0.5306122448979592,2.0645564348188254,0.6799668209317788,0.8163265306122449,0.0,3.861156819989556e-16,0.12244897959183673,1.8571428571428572,1.0264900662251655,0.0,1.7924739783224088,0.0,0.39525197834235737,1.3727598566308243,7,3.0,0.02040816326530612,0.0,dolomites,5.631211781821365
1.5,0.0,0.0,2.1140330656044943,0.1777777777777777,10,0.0,0.925,10,burnin,4.0,0.5665577237325317,15,down_niche_bodysize,0.8,0.2,0.07,4.333333333333333,0.2,0.0,3.0337068460183277e-16,0.15,1.2,1.0,0.0,1.6024672335395505,0.0,0.49,1.0,0,2.0,0.0,0.0,dolomites,2.70805020110221
9.847457627118644,0.0,0.8305084745762712,0.8365056038323393,0.4002855035168304,59,0.37058316575696637,0.9419020715630885,11,creation,1.1176470588235294,1.3733176602732655,581,metaweb,0.13559322033898305,0.03389830508474576,1.9327779373743177,0.40333276197384255,0.6779661016949152,0.2503554648506161,0.35849624991881274,0.16690606147658718,2.0820128898120736,1.2652232746955345,0.2634300488365412,1.2386108098846875,0.1694915254237288,0.8750359092214881,1.0,45,2.0,0.1694915254237288,0.1694915254237288,dolomites,2.772588722239781
7.593220338983051,NaN,0.8305084745762712,0.9559904105123874,2.786461457761958,59,0.41281241022694626,0.7284434531272393,11,creation,1.2040816326530612,0.6943436715211526,448,niche,0.1694915254237288,0.0,0.4027578282102844,8.369247859173612,0.05084745762711865,0.3329366584070857,1.5200011133893037,0.12869864981327206,2.094483954988001,1.5833333333333333,0.22206262568227522,0.9046822195425038,0.1694915254237288,0.5880494110887676,NaN,0,3.0,0.7627118644067796,0.1694915254237288,dolomites,0.0
7.898305084745763,0.0,0.7966101694915254,0.7418741533306277,0.39343260286917053,59,0.31801206549842,0.7914790430345897,11,creation,1.0784313725490196,1.4859661089036915,466,down_niche,0.13559322033898305,0.06779661016949153,1.4955472565354784,0.9449489860438837,0.6779661016949152,0.14241312765314557,0.28160885812804537,0.1338695777075553,2.0795083061536053,1.3176100628930818,0.1028440103418558,1.2662757010963441,0.06779661016949153,0.6027003734559034,1.0,75,3.0,0.1864406779661017,0.13559322033898305,dolomites,3.295836866004329
7.898305084745763,0.0,0.7966101694915254,0.7418741533306277,0.39343260286917053,59,0.31801206549842,0.7914790430345897,11,creation,1.0784313725490196,1.4859661089036915,466,down_niche_bodysize,0.13559322033898305,0.06779661016949153,1.4955472565354784,0.9449489860438837,0.6779661016949152,0.14241312765314557,0.28160885812804537,0.1338695777075553,2.0795083061536053,1.3176100628930818,0.1028440103418558,1.2662757010963441,0.06779661016949153,0.6027003734559034,1.0,75,3.0,0.1864406779661017,0.13559322033898305,dolomites,3.295836866004329
6.666666666666667,0.0,0.0,0.45194614629282565,0.14184397163120566,48,0.0,1.0,11,burnin,0.2,2.2597307314641286,320,metaweb,0.16666666666666666,0.8333333333333334,2.7083333333333335,0.2,0.8333333333333334,0.0,0.0,0.1388888888888889,1.8333333333333333,1.0,0.0,1.8077845851713026,0.0,0.4861111111111111,1.0,0,2.0,0.0,0.0,dolomites,5.768320995793772
6.2444444444444445,NaN,0.7777777777777778,0.9943347308251433,1.1629842229318461,45,0.3550617283950617,0.7114615224376521,11,burnin,1.2857142857142858,0.5934855445235657,281,niche,0.2222222222222222,0.0,0.2962962962962963,5.800241925857127,0.08888888888888889,0.34921629235825846,0.8429126760758591,0.13876543209876543,2.6653358731371486,1.4729458917835672,0.18469135802469136,0.8695424035081211,0.2,0.5328395061728395,NaN,0,3.0,0.6888888888888889,0.2,dolomites,0.0
5.854166666666667,0.0,0.0,0.4661300321511176,0.1418439716312056,48,0.0,0.9462875939849624,11,burnin,0.2,2.283354722236402,281,down_niche,0.16666666666666666,0.8333333333333334,2.1184895833333335,0.666804464654816,0.8333333333333334,0.0,3.720707820613448e-16,0.12196180555555555,1.8333333333333333,1.0,0.0,1.840769622452282,0.0,0.3719618055555556,1.0,14,2.0,0.0,0.0,dolomites,5.638354669333745
1.3333333333333333,0.0,0.0,1.984313483298443,0.19444444444444464,9,0.0,0.8253968253968255,11,burnin,3.5,0.649519052838329,12,down_niche_bodysize,0.7777777777777778,0.2222222222222222,0.06172839506172839,3.5,0.2222222222222222,0.0,4.440892098500626e-16,0.14814814814814814,1.2222222222222223,1.0,0.0,1.4523687548277815,0.0,0.37037037037037035,1.0,0,2.0,0.0,0.0,dolomites,2.4849066497880004
9.847457627118644,0.0,0.8305084745762712,0.8365056038323393,0.4002855035168304,59,0.37058316575696637,0.9419020715630885,12,creation,1.1176470588235294,1.3733176602732655,581,metaweb,0.13559322033898305,0.03389830508474576,1.9327779373743177,0.40333276197384255,0.6779661016949152,0.2503554648506161,0.35849624991881274,0.16690606147658718,2.0820128898120736,1.2652232746955345,0.2634300488365412,1.2386108098846875,0.1694915254237288,0.8750359092214881,1.0,20,2.0,0.1694915254237288,0.1694915254237288,dolomites,2.772588722239781
7.627118644067797,NaN,0.7966101694915254,1.0041062564299599,2.0642580890052704,59,0.5044527434645217,0.6982079564747584,12,creation,1.2553191489361701,0.6329671590500807,450,niche,0.2033898305084746,0.0,0.329503016374605,8.924849555387986,0.06779661016949153,0.43738683536699063,1.0794106888268726,0.1292731973570813,3.2969071430256887,1.740376007162041,0.25481183567940247,1.0344018699750683,0.13559322033898305,0.6124676817006607,NaN,0,3.0,0.711864406779661,0.1694915254237288,dolomites,0.0
8.305084745762711,1.0174653374902949,0.7796610169491526,0.6380238983161678,0.37363610521539803,59,0.34128124102269464,0.8489224516279368,12,creation,1.0588235294117647,1.5659853449749912,490,down_niche,0.13559322033898305,0.0847457627118644,1.8365412237862684,0.5617652766335162,0.6779661016949152,0.10507917672444303,0.23281109064295918,0.1407641482332663,2.0724331618669214,1.2593167701863355,0.0744039069232979,1.2696036075531365,0.03389830508474576,0.6400459638035048,4.167932112550246,64,3.0,0.1694915254237288,0.1016949152542373,dolomites,7.713784616598755
8.305084745762711,1.0174653374902949,0.7796610169491526,0.6380238983161678,0.37363610521539803,59,0.34128124102269464,0.8489224516279368,12,creation,1.0588235294117647,1.5659853449749912,490,down_niche_bodysize,0.13559322033898305,0.0847457627118644,1.8365412237862684,0.5617652766335162,0.6779661016949152,0.10507917672444303,0.23281109064295918,0.1407641482332663,2.0724331618669214,1.2593167701863355,0.0744039069232979,1.2696036075531365,0.03389830508474576,0.6400459638035048,4.167932112550246,78,3.0,0.1694915254237288,0.1016949152542373,dolomites,7.713784616598755
6.666666666666667,0.0,0.0,0.45194614629282565,0.14184397163120566,48,0.0,1.0,12,burnin,0.2,2.2597307314641286,320,metaweb,0.16666666666666666,0.8333333333333334,2.7083333333333335,0.2,0.8333333333333334,0.0,0.0,0.1388888888888889,1.8333333333333333,1.0,0.0,1.8077845851713026,0.0,0.4861111111111111,1.0,0,2.0,0.0,0.0,dolomites,5.768320995793772
6.921568627450981,NaN,0.7647058823529411,1.0247990371150453,1.733541392783333,51,0.4006151480199923,0.7178536590019897,12,burnin,1.3076923076923077,0.7268980499797763,353,niche,0.23529411764705882,0.0,0.37293348712033836,7.7370004231850125,0.0784313725490196,0.4228685003420382,1.060858921990902,0.13571703191080353,2.995187257368886,1.684673366834171,0.2314494425221069,1.0282358958975373,0.13725490196078433,0.6032295271049596,NaN,0,3.0,0.6666666666666666,0.17647058823529413,dolomites,0.0
6.583333333333333,0.0,0.0,0.4538971579929286,0.14184397163120563,48,0.0,0.9874999999999999,12,burnin,0.2,2.259947968008119,316,down_niche,0.16666666666666666,0.8333333333333334,2.640625,0.35211267605633795,0.8333333333333334,0.0,1.3219215894979257e-16,0.1371527777777778,1.8333333333333333,1.0,0.0,1.8085447897823053,0.0,0.4739583333333333,1.0,2,2.0,0.0,0.0,dolomites,5.755742213586912
1.5,0.0,0.0,2.1140330656044943,0.1777777777777777,10,0.0,0.925,12,burnin,4.0,0.5665577237325317,15,down_niche_bodysize,0.8,0.2,0.07,4.333333333333333,0.2,0.0,3.0337068460183277e-16,0.15,1.2,1.0,0.0,1.602467233539551,0.0,0.49,1.0,0,2.0,0.0,0.0,dolomites,2.70805020110221
9.847457627118644,0.0,0.8305084745762712,0.8365056038323393,0.4002855035168304,59,0.37058316575696637,0.9419020715630885,13,creation,1.1176470588235294,1.3733176602732655,581,metaweb,0.13559322033898305,0.03389830508474576,1.9327779373743177,0.40333276197384255,0.6779661016949152,0.2503554648506161,0.35849624991881274,0.16690606147658718,2.0820128898120736,1.2652232746955345,0.2634300488365412,1.2386108098846875,0.1694915254237288,0.8750359092214881,1.0,29,2.0,0.1694915254237288,0.1694915254237288,dolomites,2.772588722239781
8.033898305084746,NaN,0.8305084745762712,1.0789464936568403,2.4678300268317215,59,0.47055443837977595,0.6770925687201059,13,creation,1.2040816326530612,0.3839746386842846,474,niche,0.1694915254237288,0.0,0.17954610744039068,14.827918811747194,0.01694915254237288,0.5204604244420646,1.321586598608118,0.1361677678827923,3.839414971156116,1.7747899159663865,0.27549554725653547,1.0374179051754258,0.2033898305084746,0.6460787130135018,NaN,0,4.0,0.7796610169491526,0.2542372881355932,dolomites,0.0
8.694915254237289,1.0387259033334877,0.7966101694915254,0.6845018374163311,0.3700603951590854,59,0.34817581154840566,0.8761452873591458,13,creation,1.0784313725490196,1.5106433162100927,513,down_niche,0.13559322033898305,0.06779661016949153,1.8779086469405344,0.8284091092335754,0.6779661016949152,0.13250768278952285,0.2529087180947273,0.1473714449870727,2.069699654649061,1.2641221374045801,0.11950588911232404,1.2304271535666593,0.0847457627118644,0.7061189313415686,4.561558441558441,51,3.0,0.1694915254237288,0.0847457627118644,dolomites,8.661293535389994
8.694915254237289,1.0387259033334877,0.7966101694915254,0.6845018374163311,0.3700603951590854,59,0.34817581154840566,0.8761452873591458,13,creation,1.0784313725490196,1.5106433162100927,513,down_niche_bodysize,0.13559322033898305,0.06779661016949153,1.8779086469405344,0.8284091092335754,0.6779661016949152,0.13250768278952285,0.2529087180947273,0.1473714449870727,2.069699654649061,1.2641221374045801,0.11950588911232404,1.2304271535666593,0.0847457627118644,0.7061189313415686,4.561558441558441,47,3.0,0.1694915254237288,0.0847457627118644,dolomites,8.661293535389994
6.666666666666667,0.0,0.0,0.45194614629282565,0.14184397163120566,48,0.0,1.0,13,burnin,0.2,2.2597307314641286,320,metaweb,0.16666666666666666,0.8333333333333334,2.7083333333333335,0.2,0.8333333333333334,0.0,0.0,0.1388888888888889,1.8333333333333333,1.0,0.0,1.8077845851713026,0.0,0.4861111111111111,1.0,0,2.0,0.0,0.0,dolomites,5.768320995793772
4.709677419354839,1.081264115118647,0.6129032258064516,1.1076339955589325,1.7502826125935826,31,0.2570239334027055,0.6020184904758872,13,burnin,1.173913043478261,0.6158596979618439,146,niche,0.25806451612903225,0.12903225806451613,0.1550468262226847,7.9087352882416635,0.03225806451612903,0.509959968740795,1.1091759351844828,0.15192507804370448,2.9482558780393417,1.5653846153846154,0.21123829344432882,1.0725015552033268,0.1935483870967742,0.4464099895941727,5.046153846153846,0,3.0,0.6774193548387096,0.1935483870967742,dolomites,7.352441100243583
6.583333333333333,0.0,0.0,0.4549774383578603,0.14184397163120566,48,0.0,0.9885416666666668,13,burnin,0.2,2.259947968008119,316,down_niche,0.16666666666666666,0.8333333333333334,2.640625,0.5756154747948415,0.8333333333333334,0.0,1.1172276557816554e-16,0.1371527777777778,1.8333333333333333,1.0,0.0,1.8088162140000146,0.0,0.4743923611111111,1.0,1,2.0,0.0,0.0,dolomites,5.755742213586912
0.8888888888888888,0.0,0.0,3.000000000000001,0.11111111111111112,9,0.0,0.8888888888888888,13,burnin,8.0,0.3750000000000001,8,down_niche_bodysize,0.8888888888888888,0.1111111111111111,0.0,8.0,0.1111111111111111,0.0,0.0,0.09876543209876543,1.1111111111111112,1.0,0.0,2.6250000000000004,0.0,0.345679012345679,1.0,0,2.0,0.0,0.0,dolomites,2.0794415416798357
9.847457627118644,0.0,0.8305084745762712,0.8365056038323393,0.4002855035168304,59,0.37058316575696637,0.9419020715630885,14,creation,1.1176470588235294,1.3733176602732655,581,metaweb,0.13559322033898305,0.03389830508474576,1.9327779373743177,0.40333276197384255,0.6779661016949152,0.2503554648506161,0.35849624991881274,0.16690606147658718,2.0820128898120736,1.2652232746955345,0.2634300488365412,1.2386108098846875,0.1694915254237288,0.8750359092214881,1.0,20,2.0,0.1694915254237288,0.1694915254237288,dolomites,2.772588722239781
7.423728813559322,NaN,0.8983050847457628,0.8876195197057793,4.295159033225893,59,0.4653835104854927,0.6368037216572477,14,creation,1.1132075471698113,0.5650027635771487,438,niche,0.1016949152542373,0.0,0.30853203102556737,7.823364872637041,0.0,0.3661748575230276,1.9374392371199922,0.1258259120942258,3.679084339955312,1.693822739480752,0.18615340419419707,0.868268606810246,0.22033898305084745,0.4952599827635737,NaN,0,3.0,0.8305084745762712,0.3220338983050847,dolomites,0.0
7.8474576271186445,1.0850960298187922,0.7457627118644068,0.6264310407827584,0.3782822378553239,59,0.3407066934788854,0.8179606522315108,14,creation,1.0196078431372548,1.552923483717589,463,down_niche,0.13559322033898305,0.11864406779661017,1.6434932490663603,0.7216264730059555,0.6779661016949152,0.07194134187610282,0.21323418954071563,0.13300775639184143,2.075521547304619,1.2861788617886178,0.04653835104854927,1.244905680754148,0.05084745762711865,0.5960930767020971,4.3351924149470165,42,1.0,0.1864406779661017,0.05084745762711865,dolomites,8.184792654165078
7.8474576271186445,1.0850960298187922,0.7457627118644068,0.6264310407827584,0.3782822378553239,59,0.3407066934788854,0.8179606522315108,14,creation,1.0196078431372548,1.552923483717589,463,down_niche_bodysize,0.13559322033898305,0.11864406779661017,1.6434932490663603,0.7216264730059555,0.6779661016949152,0.07194134187610282,0.21323418954071563,0.13300775639184143,2.075521547304619,1.2861788617886178,0.04653835104854927,1.244905680754148,0.05084745762711865,0.5960930767020971,4.3351924149470165,43,1.0,0.1864406779661017,0.05084745762711865,dolomites,8.184792654165078
6.666666666666667,0.0,0.0,0.45194614629282565,0.14184397163120566,48,0.0,1.0,14,burnin,0.2,2.2597307314641286,320,metaweb,0.16666666666666666,0.8333333333333334,2.7083333333333335,0.2,0.8333333333333334,0.0,0.0,0.1388888888888889,1.8333333333333333,1.0,0.0,1.8077845851713026,0.0,0.4861111111111111,1.0,0,2.0,0.0,0.0,dolomites,5.768320995793772
2.5789473684210527,1.1748296303707506,0.47368421052631576,0.8700837174737971,0.9544333780051981,19,0.09141274238227147,0.490462899673426,14,burnin,1.0,0.7895553548568214,49,niche,0.2631578947368421,0.2631578947368421,0.09418282548476455,3.1421027939429633,0.0,0.5362433862433862,0.8476846717506978,0.13573407202216067,2.4798245614035084,1.3661971830985915,0.08310249307479224,0.7912240189686374,0.21052631578947367,0.12742382271468145,3.102272727272727,0,3.0,0.6842105263157895,0.21052631578947367,dolomites,4.477336814478207
6.25,0.0,0.0,0.45912034300573323,0.14184397163120563,48,0.0,0.9683512667887668,14,burnin,0.2,2.2722301351830634,300,down_niche,0.16666666666666666,0.8333333333333334,2.3988715277777777,0.4916759156492785,0.8333333333333334,0.0,2.945754565036118e-16,0.13020833333333334,1.8333333333333333,1.0,0.0,1.825176179196513,0.0,0.42578125,1.0,5,2.0,0.0,0.0,dolomites,5.703782474656201
0.8888888888888888,0.0,0.0,3.000000000000001,0.11111111111111112,9,0.0,0.8888888888888888,14,burnin,8.0,0.3750000000000001,8,down_niche_bodysize,0.8888888888888888,0.1111111111111111,0.0,8.0,0.1111111111111111,0.0,0.0,0.09876543209876543,1.1111111111111112,1.0,0.0,2.6250000000000004,0.0,0.345679012345679,1.0,0,2.0,0.0,0.0,dolomites,2.0794415416798357
9.847457627118644,0.0,0.8305084745762712,0.8365056038323393,0.4002855035168304,59,0.37058316575696637,0.9419020715630885,15,creation,1.1176470588235294,1.3733176602732655,581,metaweb,0.13559322033898305,0.03389830508474576,1.9327779373743177,0.40333276197384255,0.6779661016949152,0.2503554648506161,0.35849624991881274,0.16690606147658718,2.0820128898120736,1.2652232746955345,0.2634300488365412,1.2386108098846875,0.1694915254237288,0.8750359092214881,1.0,20,2.0,0.1694915254237288,0.1694915254237288,dolomites,2.772588722239781
7.3559322033898304,NaN,0.7966101694915254,1.1512514147735065,3.3460575772527306,59,0.30364837690318874,0.730604574828482,15,creation,1.2553191489361701,0.560947772763264,434,niche,0.2033898305084746,0.0,0.21631715024418272,11.908855269079945,0.1016949152542373,0.4294454334150689,1.5471369446270118,0.1246768170066073,1.4516371647064805,1.7084168336673347,0.21344441252513646,1.1234012686922101,0.1864406779661017,0.5889112324044815,NaN,0,4.0,0.7627118644067796,0.3050847457627119,dolomites,0.0
7.932203389830509,0.9305760589674112,0.7796610169491526,0.6202028663400431,0.38688732883933125,59,0.32548118356794026,0.8425809423621287,15,creation,1.0588235294117647,1.604394523971294,468,down_niche,0.13559322033898305,0.0847457627118644,1.767882792301063,0.5170626006479724,0.6779661016949152,0.06587534446166787,0.17799705587357675,0.13444412525136454,2.074020506753426,1.24212271973466,0.047400172364263145,1.2821956274964728,0.01694915254237288,0.6185004309106579,2.9807073954983925,60,3.0,0.1694915254237288,0.01694915254237288,dolomites,6.432940092739179
7.932203389830509,0.9305760589674112,0.7796610169491526,0.6202028663400431,0.38688732883933125,59,0.32548118356794026,0.8425809423621287,15,creation,1.0588235294117647,1.604394523971294,468,down_niche_bodysize,0.13559322033898305,0.0847457627118644,1.767882792301063,0.5170626006479724,0.6779661016949152,0.06587534446166787,0.17799705587357675,0.13444412525136454,2.074020506753426,1.24212271973466,0.047400172364263145,1.2821956274964728,0.01694915254237288,0.6185004309106579,2.9807073954983925,59,3.0,0.1694915254237288,0.01694915254237288,dolomites,6.432940092739179
6.666666666666667,0.0,0.0,0.45194614629282565,0.14184397163120566,48,0.0,1.0,15,burnin,0.2,2.2597307314641286,320,metaweb,0.16666666666666666,0.8333333333333334,2.7083333333333335,0.2,0.8333333333333334,0.0,0.0,0.1388888888888889,1.8333333333333333,1.0,0.0,1.8077845851713026,0.0,0.4861111111111111,1.0,0,2.0,0.0,0.0,dolomites,5.768320995793772
4.785714285714286,NaN,0.7142857142857143,1.2153761722584786,1.2269083619386845,42,0.15079365079365079,0.6947394206322779,15,burnin,1.4,0.6061998234140548,201,niche,0.2857142857142857,0.0,0.08786848072562359,8.754562114351565,0.14285714285714285,0.4709573979586765,0.9348223787321239,0.11394557823129252,2.486890060349211,1.6616541353383458,0.10260770975056689,1.305876710648382,0.23809523809523808,0.29024943310657597,NaN,0,4.0,0.5714285714285714,0.3333333333333333,dolomites,0.0
6.4375,0.0,0.0,0.4564534974522118,0.14184397163120563,48,0.0,0.9718750000000002,15,burnin,0.2,2.260625159887553,309,down_niche,0.16666666666666666,0.8333333333333334,2.5247395833333335,0.31958762886597913,0.8333333333333334,0.0,2.2168501828434349e-16,0.13411458333333334,1.8333333333333333,1.0,0.0,1.8100338995067522,0.0,0.4526909722222222,1.0,6,2.0,0.0,0.0,dolomites,5.733341276897746
0.8888888888888888,0.0,0.0,3.000000000000001,0.11111111111111112,9,0.0,0.8888888888888888,15,burnin,8.0,0.3750000000000001,8,down_niche_bodysize,0.8888888888888888,0.1111111111111111,0.0,8.0,0.1111111111111111,0.0,0.0,0.09876543209876543,1.1111111111111112,1.0,0.0,2.6250000000000004,0.0,0.345679012345679,1.0,0,2.0,0.0,0.0,dolomites,2.0794415416798357
9.847457627118644,0.0,0.8305084745762712,0.8365056038323393,0.4002855035168304,59,0.37058316575696637,0.9419020715630885,16,creation,1.1176470588235294,1.3733176602732655,581,metaweb,0.13559322033898305,0.03389830508474576,1.9327779373743177,0.40333276197384255,0.6779661016949152,0.2503554648506161,0.35849624991881274,0.16690606147658718,2.0820128898120736,1.2652232746955345,0.2634300488365412,1.2386108098846875,0.1694915254237288,0.8750359092214881,1.0,20,2.0,0.1694915254237288,0.1694915254237288,dolomites,2.772588722239781
5.186440677966102,1.1121168093268743,0.6779661016949152,1.1648548218144503,1.7288115774923463,59,0.20683711577133007,0.6843566281659894,16,creation,1.25,0.6070595665370615,306,niche,0.2542372881355932,0.06779661016949153,0.1933352484918127,4.2884933148731665,0.03389830508474576,0.2352654056944484,1.254933456691607,0.08790577420281528,0.9054075568545417,1.656381486676017,0.06320022981901752,0.9856384309538673,0.1016949152542373,0.41396150531456477,4.568976088289393,0,3.0,0.5932203389830508,0.1016949152542373,dolomites,7.396948602621014
4.898305084745763,0.45292570264106985,0.5423728813559322,0.5869276649741394,0.3455581531268265,59,0.12180407928756104,0.65605591524414,16,creation,0.7843137254901961,1.9198753179334553,289,down_niche,0.13559322033898305,0.3220338983050847,0.8985923585176674,2.228999813242186,0.6779661016949152,0.0,0.04159451654038515,0.08302212008043666,2.059322033898305,1.1882022471910112,0.0,1.6140897509542194,0.0,0.23068083883941395,1.9935344827586208,54,3.0,0.1864406779661017,0.0,dolomites,6.139884552226255
4.898305084745763,0.45292570264106985,0.5423728813559322,0.5869276649741394,0.3455581531268265,59,0.12180407928756104,0.65605591524414,16,creation,0.7843137254901961,1.9198753179334553,289,down_niche_bodysize,0.13559322033898305,0.3220338983050847,0.8985923585176674,2.228999813242186,0.6779661016949152,0.0,0.04159451654038515,0.08302212008043666,2.059322033898305,1.1882022471910112,0.0,1.6140897509542194,0.0,0.23068083883941395,1.9935344827586208,54,3.0,0.1864406779661017,0.0,dolomites,6.139884552226255
7.081632653061225,0.0,0.3877551020408163,0.5877902938924164,0.15532544378698215,49,0.0,0.9858712715855573,16,burnin,0.6585365853658537,2.1386179411928326,347,metaweb,0.16326530612244897,0.4489795918367347,2.672219908371512,0.21564885496183206,0.8163265306122449,0.09425891181988744,0.13767232405090205,0.1445231153685964,1.8516483516483515,1.0,0.059975010412328195,1.7345037646408474,0.02040816326530612,0.5418575593502707,1.0,0,2.0,0.02040816326530612,0.02040816326530612,dolomites,5.170483995038151
4.27906976744186,1.1500261608566693,0.5813953488372093,1.1024293391574305,0.9754897207494475,43,0.1979448350459708,0.6601964755276182,16,burnin,1.4285714285714286,0.616880602644308,184,niche,0.3488372093023256,0.06976744186046512,0.17685235262303947,8.220113364295477,0.11627906976744186,0.22133099838298198,0.7592316413422768,0.09951325040562466,2.159254247599542,1.642512077294686,0.056246619794483504,0.9240782034817013,0.09302325581395349,0.3466738777717685,4.613084112149533,0,3.0,0.5348837209302325,0.09302325581395349,dolomites,6.975413927455952
4.630434782608695,0.4890872613413165,0.41304347826086957,0.5907513807846054,0.23236714975845404,46,0.06474480151228733,0.7742695943607584,16,burnin,0.7105263157894737,2.022506779534241,213,down_niche,0.17391304347826086,0.41304347826086957,1.11531190926276,2.0803740784113214,0.7608695652173914,0.0,4.15825123005529e-16,0.10066162570888469,1.891304347826087,1.0698689956331877,0.0,1.6367836866671064,0.0,0.2622873345935728,1.6088888888888888,22,3.0,0.06521739130434782,0.0,dolomites,5.41610040220442
2.533333333333333,0.41514875026728054,0.3333333333333333,0.9537691044224755,0.49523809523809526,15,0.11555555555555555,0.7234920634920635,16,burnin,1.2222222222222223,1.064082453639775,38,down_niche_bodysize,0.4,0.26666666666666666,0.35555555555555557,3.132189707366296,0.4666666666666667,0.0,2.7194799110210365e-16,0.1688888888888889,1.7333333333333334,1.2244897959183674,0.0,0.6912592387665103,0.0,0.3111111111111111,1.7878787878787878,1,2.0,0.06666666666666667,0.0,dolomites,3.4965075614664802
9.847457627118644,0.0,0.8305084745762712,0.8365056038323393,0.4002855035168304,59,0.37058316575696637,0.9419020715630885,17,creation,1.1176470588235294,1.3733176602732655,581,metaweb,0.13559322033898305,0.03389830508474576,1.9327779373743177,0.40333276197384255,0.6779661016949152,0.2503554648506161,0.35849624991881274,0.16690606147658718,2.0820128898120736,1.2652232746955345,0.2634300488365412,1.2386108098846875,0.1694915254237288,0.8750359092214881,1.0,28,2.0,0.1694915254237288,0.1694915254237288,dolomites,2.772588722239781
7.966101694915254,0.7143945958694687,0.7457627118644068,1.1317013214298164,1.307141277015409,59,0.4820453892559609,0.6738785007401221,17,creation,1.1458333333333333,0.4398043048934028,470,niche,0.1864406779661017,0.06779661016949153,0.2884228669922436,7.680236800802465,0.1016949152542373,0.3950314548609478,0.9063716971531168,0.1350186727951738,2.873665165755899,1.6067527308838132,0.2461936225222637,1.0045670829355489,0.1016949152542373,0.8092502154553289,5.552344000284768,0,3.0,0.6440677966101694,0.13559322033898305,dolomites,10.936422894528368
7.254237288135593,0.9906217240104318,0.7288135593220338,0.7174772041122717,0.3641257286147374,59,0.27061189313415684,0.7577733807132471,17,creation,1.0,1.5567810206818427,428,down_niche,0.13559322033898305,0.13559322033898305,1.3858086756679115,0.8130495032716105,0.6779661016949152,0.08955448982263277,0.24610754062167126,0.12295317437517955,2.068513894916839,1.2482014388489209,0.05544383797759265,1.3075817573656696,0.06779661016949153,0.5237000861821316,3.7100961538461537,87,2.0,0.1864406779661017,0.0847457627118644,dolomites,7.640123172695364
7.254237288135593,0.9906217240104318,0.7288135593220338,0.7174772041122717,0.3641257286147374,59,0.27061189313415684,0.7577733807132471,17,creation,1.0,1.5567810206818427,428,down_niche_bodysize,0.13559322033898305,0.13559322033898305,1.3858086756679115,0.8130495032716105,0.6779661016949152,0.08955448982263277,0.24610754062167126,0.12295317437517955,2.068513894916839,1.2482014388489209,0.05544383797759265,1.3075817573656696,0.06779661016949153,0.5237000861821316,3.7100961538461537,87,2.0,0.1864406779661017,0.0847457627118644,dolomites,7.640123172695364
6.666666666666667,0.0,0.0,0.45194614629282565,0.14184397163120566,48,0.0,1.0,17,burnin,0.2,2.2597307314641286,320,metaweb,0.16666666666666666,0.8333333333333334,2.7083333333333335,0.2,0.8333333333333334,0.0,0.0,0.1388888888888889,1.8333333333333333,1.0,0.0,1.8077845851713026,0.0,0.4861111111111111,1.0,0,2.0,0.0,0.0,dolomites,5.768320995793772
7.137254901960785,0.8313865909628686,0.7254901960784313,1.1705741889740622,1.0349209585284995,51,0.41099577085736255,0.6646835974694705,17,burnin,1.2,0.4877914166191111,364,niche,0.21568627450980393,0.058823529411764705,0.279123414071511,6.39100498825014,0.13725490196078433,0.39483713908870727,0.7955637421245695,0.13994617454825067,2.5642500139856756,1.5232558139534884,0.2299115724721261,1.044875101521929,0.11764705882352941,0.7727797001153403,5.389027599703084,0,3.0,0.6078431372549019,0.13725490196078433,dolomites,9.603665420190179
5.520833333333333,0.0,0.0,0.475559625598967,0.14184397163120563,48,0.0,0.9190929859515387,17,burnin,0.2,2.3307273174456715,265,down_niche,0.16666666666666666,0.8333333333333334,1.9487847222222223,0.5606735049351657,0.8333333333333334,0.0,3.79968985344157e-16,0.1150173611111111,1.8333333333333333,1.0,0.0,1.9015503133753682,0.0,0.3302951388888889,1.0,17,2.0,0.0,0.0,dolomites,5.579729825986222
0.875,0.0,0.0,2.8284271247461903,0.12499999999999989,8,0.0,0.875,17,burnin,7.0,0.4040610178208843,7,down_niche_bodysize,0.875,0.125,0.0,7.0,0.125,0.0,4.440892098500626e-16,0.109375,1.125,1.0,0.0,2.4243661069253055,0.0,0.328125,1.0,0,2.0,0.0,0.0,dolomites,1.9459101490553132
9.847457627118644,0.0,0.8305084745762712,0.8365056038323393,0.4002855035168304,59,0.37058316575696637,0.9419020715630885,18,creation,1.1176470588235294,1.3733176602732655,581,metaweb,0.13559322033898305,0.03389830508474576,1.9327779373743177,0.40333276197384255,0.6779661016949152,0.2503554648506161,0.35849624991881274,0.16690606147658718,2.0820128898120736,1.2652232746955345,0.2634300488365412,1.2386108098846875,0.1694915254237288,0.8750359092214881,1.0,42,2.0,0.1694915254237288,0.1694915254237288,dolomites,2.772588722239781
7.576271186440678,0.72263061867297,0.8813559322033898,0.9721603995182857,2.5100539781731546,59,0.34961218040792874,0.6533141299660451,18,creation,1.0943396226415094,0.6744531142303691,447,niche,0.1016949152542373,0.01694915254237288,0.3493249066360241,7.763127144414082,0.05084745762711865,0.38934168086441695,1.158208807608574,0.12841137604136743,4.473597706610927,1.7012609117361785,0.2335535765584602,0.8679373699522377,0.1864406779661017,0.5926457914392416,5.518615284128021,0,3.0,0.7966101694915254,0.1864406779661017,dolomites,8.026823576217629
7.9491525423728815,1.2507739004189373,0.7627118644067796,0.724331860184089,0.36705688281472254,59,0.31686297041080147,0.8266750506394988,18,creation,1.0392156862745099,1.493681905904777,469,down_niche,0.13559322033898305,0.1016949152542373,1.5429474288997413,0.962193184119209,0.6779661016949152,0.1128528060589428,0.2636361992237145,0.13473139902326917,2.07110434715573,1.2475247524752475,0.08905486929043378,1.2538199940948649,0.1016949152542373,0.6130422292444699,4.572380375529982,70,2.0,0.1864406779661017,0.13559322033898305,dolomites,8.102283624480073
7.9491525423728815,1.2507739004189373,0.7627118644067796,0.724331860184089,0.36705688281472254,59,0.31686297041080147,0.8266750506394988,18,creation,1.0392156862745099,1.493681905904777,469,down_niche_bodysize,0.13559322033898305,0.1016949152542373,1.5429474288997413,0.962193184119209,0.6779661016949152,0.1128528060589428,0.2636361992237145,0.13473139902326917,2.07110434715573,1.2475247524752475,0.08905486929043378,1.2538199940948649,0.1016949152542373,0.6130422292444699,4.572380375529982,70,2.0,0.1864406779661017,0.13559322033898305,dolomites,8.102283624480073
6.666666666666667,0.0,0.0,0.45194614629282565,0.14184397163120566,48,0.0,1.0,18,burnin,0.2,2.2597307314641286,320,metaweb,0.16666666666666666,0.8333333333333334,2.7083333333333335,0.2,0.8333333333333334,0.0,0.0,0.1388888888888889,1.8333333333333333,1.0,0.0,1.8077845851713026,0.0,0.4861111111111111,1.0,0,2.0,0.0,0.0,dolomites,5.768320995793772
2.8823529411764706,0.816496580927726,0.6470588235294118,1.039965638749309,1.2787888071895424,17,0.17647058823529413,0.5058696205755029,18,burnin,1.1538461538461537,0.6705254145284351,49,niche,0.23529411764705882,0.11764705882352941,0.11418685121107267,3.129579709236366,0.17647058823529413,0.4640016233766234,0.8464143391744321,0.1695501730103806,2.5745098039215684,1.4625,0.09688581314878893,1.0416663195890021,0.23529411764705882,0.19377162629757785,2.0,0,3.0,0.47058823529411764,0.23529411764705882,dolomites,1.9459101490553132
6.1020408163265305,0.0,0.30612244897959184,0.4941870045258761,0.17017215049285006,49,0.04081632653061224,0.934961127308066,18,burnin,0.5609756097560976,2.1926220918519976,299,down_niche,0.16326530612244897,0.5306122448979592,2.1070387338608914,0.7110787778008733,0.8163265306122449,0.0,0.05986128255049784,0.12453144523115368,1.858600583090379,1.026143790849673,0.0,1.7699987585291048,0.02040816326530612,0.40274885464389837,1.0,8,3.0,0.02040816326530612,0.02040816326530612,dolomites,5.225746673713202
1.3,0.0,0.0,2.115967285720796,0.17777777777777778,10,0.0,0.875,18,burnin,4.0,0.6332866171912035,13,down_niche_bodysize,0.8,0.2,0.05,4.384615384615384,0.2,0.0,4.440892098500626e-16,0.13,1.2,1.0,0.0,1.6297690853405848,0.0,0.36,1.0,0,2.0,0.0,0.0,dolomites,2.5649493574615367
9.847457627118644,0.0,0.8305084745762712,0.8365056038323393,0.4002855035168304,59,0.37058316575696637,0.9419020715630885,19,creation,1.1176470588235294,1.3733176602732655,581,metaweb,0.13559322033898305,0.03389830508474576,1.9327779373743177,0.40333276197384255,0.6779661016949152,0.2503554648506161,0.35849624991881274,0.16690606147658718,2.0820128898120736,1.2652232746955345,0.2634300488365412,1.2386108098846875,0.1694915254237288,0.8750359092214881,1.0,29,2.0,0.1694915254237288,0.1694915254237288,dolomites,2.772588722239781
7.423728813559322,NaN,0.8305084745762712,1.0350386764751807,4.091917406371876,59,0.4349324906636024,0.6560015504087885,19,creation,1.2040816326530612,0.4246473757045016,438,niche,0.1694915254237288,0.0,0.2539500143636886,5.815501065781873,0.01694915254237288,0.4029290527529107,2.0155757736527486,0.1258259120942258,2.099444086838514,1.6472868217054264,0.15972421717897156,0.9587211438163507,0.23728813559322035,0.5742602700373456,NaN,0,3.0,0.7627118644067796,0.2542372881355932,dolomites,0.0
7.796610169491525,0.9814373397932064,0.6949152542372882,0.5579485901891397,0.3426383300942153,59,0.32433208848032175,0.8580793782488697,19,creation,0.9607843137254902,1.6400831462703769,460,down_niche,0.13559322033898305,0.1694915254237288,1.790864694053433,0.7777158470829234,0.6779661016949152,0.032136443197995385,0.11844861844262367,0.13214593507612754,2.0591856772647734,1.196113074204947,0.020396437805228384,1.2835191671016528,0.0,0.5863257684573399,2.9544797687861273,44,2.0,0.1694915254237288,0.0,dolomites,7.232733136177615
7.796610169491525,0.9814373397932064,0.6949152542372882,0.5579485901891397,0.3426383300942153,59,0.32433208848032175,0.8580793782488697,19,creation,0.9607843137254902,1.6400831462703769,460,down_niche_bodysize,0.13559322033898305,0.1694915254237288,1.790864694053433,0.7777158470829234,0.6779661016949152,0.032136443197995385,0.11844861844262367,0.13214593507612754,2.0591856772647734,1.196113074204947,0.020396437805228384,1.2835191671016528,0.0,0.5863257684573399,2.9544797687861273,45,2.0,0.1694915254237288,0.0,dolomites,7.232733136177615
7.081632653061225,0.0,0.3877551020408163,0.5877902938924164,0.15532544378698215,49,0.0,0.9858712715855573,19,burnin,0.6585365853658537,2.1386179411928326,347,metaweb,0.16326530612244897,0.4489795918367347,2.672219908371512,0.21564885496183206,0.8163265306122449,0.09425891181988744,0.13767232405090205,0.1445231153685964,1.8516483516483515,1.0,0.059975010412328195,1.7345037646408474,0.02040816326530612,0.5418575593502707,1.0,0,2.0,0.02040816326530612,0.02040816326530612,dolomites,5.170483995038151
5.324324324324325,NaN,0.7297297297297297,0.9779872831653763,1.5777542174915031,37,0.30679327976625276,0.6603548982186754,19,burnin,1.3703703703703705,0.42932680580163873,197,niche,0.2702702702702703,0.0,0.15339663988312638,4.467121339968634,0.02702702702702703,0.5042277800017738,0.9444101880529102,0.14390065741417093,2.7372738768757445,1.6352657004830917,0.14755295836376917,0.9248497863894123,0.24324324324324326,0.34550766983199416,NaN,0,3.0,0.6486486486486487,0.24324324324324326,dolomites,0.0
7.796610169491525,0.9814373397932064,0.6949152542372882,0.5579485901891397,0.3426383300942153,59,0.32433208848032175,0.8580793782488697,19,burnin,0.9607843137254902,1.6400831462703769,460,down_niche,0.13559322033898305,0.1694915254237288,1.790864694053433,0.7777158470829234,0.6779661016949152,0.032136443197995385,0.11844861844262367,0.13214593507612754,2.0591856772647734,1.196113074204947,0.020396437805228384,1.2835191671016528,0.0,0.5863257684573399,2.9544797687861273,44,2.0,0.1694915254237288,0.0,dolomites,7.232733136177615
0.8888888888888888,0.0,0.0,3.000000000000001,0.11111111111111112,9,0.0,0.8888888888888888,19,burnin,8.0,0.3750000000000001,8,down_niche_bodysize,0.8888888888888888,0.1111111111111111,0.0,8.0,0.1111111111111111,0.0,0.0,0.09876543209876543,1.1111111111111112,1.0,0.0,2.6250000000000004,0.0,0.345679012345679,1.0,0,2.0,0.0,0.0,dolomites,2.0794415416798357
9.847457627118644,0.0,0.8305084745762712,0.8365056038323393,0.4002855035168304,59,0.37058316575696637,0.9419020715630885,20,creation,1.1176470588235294,1.3733176602732655,581,metaweb,0.13559322033898305,0.03389830508474576,1.9327779373743177,0.40333276197384255,0.6779661016949152,0.2503554648506161,0.35849624991881274,0.16690606147658718,2.0820128898120736,1.2652232746955345,0.2634300488365412,1.2386108098846875,0.1694915254237288,0.8750359092214881,1.0,25,2.0,0.1694915254237288,0.1694915254237288,dolomites,2.772588722239781
3.152542372881356,0.0,0.711864406779661,1.0384606553215074,1.4332271403032855,59,0.10715311692042516,0.5801707473317642,20,creation,1.3488372093023255,0.6964897259618347,186,niche,0.2711864406779661,0.01694915254237288,0.08388394139615053,7.764433666828643,0.1694915254237288,0.08084099136730712,0.7690022920454896,0.05343292157426027,2.537985555961242,1.984873949579832,0.010629129560471129,1.015701267338125,0.06779661016949153,0.12956047112898592,2.0,0,4.0,0.4745762711864407,0.06779661016949153,dolomites,2.1972245773362196
4.762711864406779,0.4670950379557803,0.6271186440677966,0.5904534084961516,0.36047860250665614,59,0.12094225797184717,0.6621469066545814,20,creation,0.8823529411764706,1.947652481137602,281,down_niche,0.13559322033898305,0.23728813559322035,0.8669922436081586,2.131611336786118,0.6779661016949152,0.013478379857690204,0.12079216585093938,0.08072392990519965,2.066101694915254,1.2005730659025788,0.0017236426314277506,1.6644291561788396,0.01694915254237288,0.21430623384085032,2.0364741641337387,48,1.0,0.1694915254237288,0.01694915254237288,dolomites,5.796057750765372
4.762711864406779,0.4670950379557803,0.6271186440677966,0.5904534084961516,0.36047860250665614,59,0.12094225797184717,0.6621469066545814,20,creation,0.8823529411764706,1.947652481137602,281,down_niche_bodysize,0.13559322033898305,0.23728813559322035,0.8669922436081586,2.131611336786118,0.6779661016949152,0.013478379857690204,0.12079216585093938,0.08072392990519965,2.066101694915254,1.2005730659025788,0.0017236426314277506,1.6644291561788396,0.01694915254237288,0.21430623384085032,2.0364741641337387,48,1.0,0.1694915254237288,0.01694915254237288,dolomites,5.796057750765372
6.666666666666667,0.0,0.0,0.45194614629282565,0.14184397163120566,48,0.0,1.0,20,burnin,0.2,2.2597307314641286,320,metaweb,0.16666666666666666,0.8333333333333334,2.7083333333333335,0.2,0.8333333333333334,0.0,0.0,0.1388888888888889,1.8333333333333333,1.0,0.0,1.8077845851713026,0.0,0.4861111111111111,1.0,0,2.0,0.0,0.0,dolomites,5.768320995793772
2.962962962962963,0.7998161553463028,0.6666666666666666,1.0344707424481043,1.1004348805632473,54,0.09773662551440329,0.5939728753454244,20,burnin,1.368421052631579,0.7445319537727574,160,niche,0.2962962962962963,0.037037037037037035,0.08676268861454046,7.071152521408371,0.18518518518518517,0.07886365770981155,0.6982484795946436,0.05486968449931413,2.337539269179894,1.8654708520179373,0.008573388203017833,1.0059141153931432,0.07407407407407407,0.12345679012345678,2.4705882352941178,0,4.0,0.4444444444444444,0.07407407407407407,dolomites,2.833213344056216
4.627450980392157,0.386150964931099,0.5686274509803921,0.5716872772809305,0.23843137254901958,51,0.08150711264898117,0.744040107990679,20,burnin,0.8181818181818182,2.143642015738713,236,down_niche,0.13725490196078433,0.29411764705882354,1.1103421760861207,0.985709185974325,0.7647058823529411,0.0,3.670828385341377e-16,0.09073433294886582,1.9607843137254901,1.0817120622568093,0.0,1.8105366462540602,0.0,0.23183391003460208,1.8185328185328185,27,1.0,0.09803921568627451,0.0,dolomites,5.556828061699537
1.2222222222222223,0.0,0.0,1.9948280234083353,0.19444444444444448,9,0.0,0.8492063492063492,20,burnin,3.5,0.6818181818181818,11,down_niche_bodysize,0.7777777777777778,0.2222222222222222,0.04938271604938271,3.9090909090909087,0.2222222222222222,0.0,3.605312230474616e-16,0.13580246913580246,1.2222222222222223,1.0,0.0,1.4812882488000294,0.0,0.30864197530864196,1.0,0,2.0,0.0,0.0,dolomites,2.3978952727983707
9.847457627118644,0.0,0.8305084745762712,0.8365056038323393,0.4002855035168304,59,0.37058316575696637,0.9419020715630885,21,creation,1.1176470588235294,1.3733176602732655,581,metaweb,0.13559322033898305,0.03389830508474576,1.9327779373743177,0.40333276197384255,0.6779661016949152,0.2503554648506161,0.35849624991881274,0.16690606147658718,2.0820128898120736,1.2652232746955345,0.2634300488365412,1.2386108098846875,0.1694915254237288,0.8750359092214881,1.0,24,2.0,0.1694915254237288,0.1694915254237288,dolomites,2.772588722239781
8.35593220338983,NaN,0.8813559322033898,0.9880601037588527,3.2370577840504167,59,0.5512783682849756,0.6724409788500976,21,creation,1.1346153846153846,0.3028902995153375,493,niche,0.11864406779661017,0.0,0.17552427463372594,10.24001772258839,0.05084745762711865,0.48755858305627436,1.3202033141238727,0.14162596954898019,4.301141563327933,1.7254290171606865,0.26141913243320886,0.9598049901853912,0.2542372881355932,0.5912094225797184,NaN,0,4.0,0.711864406779661,0.3050847457627119,dolomites,0.0
7.728813559322034,0.7413746387410369,0.7457627118644068,0.6987629069972772,0.35641870375717033,59,0.32720482619936797,0.8274074829011293,21,creation,1.0196078431372548,1.5172477978077452,456,down_niche,0.13559322033898305,0.11864406779661017,1.532605573111175,0.9301610901971246,0.6779661016949152,0.07348243665794445,0.21490901664386883,0.13099683998850906,2.0656661049988436,1.2554621848739496,0.05170927894283252,1.2422164827197677,0.05084745762711865,0.6159149669635162,3.2904498816101024,58,2.0,0.1864406779661017,0.05084745762711865,dolomites,7.837554360881084
7.728813559322034,0.7413746387410369,0.7457627118644068,0.6987629069972772,0.35641870375717033,59,0.32720482619936797,0.8274074829011293,21,creation,1.0196078431372548,1.5172477978077452,456,down_niche_bodysize,0.13559322033898305,0.11864406779661017,1.532605573111175,0.9301610901971246,0.6779661016949152,0.07348243665794445,0.21490901664386883,0.13099683998850906,2.0656661049988436,1.2554621848739496,0.05170927894283252,1.2422164827197677,0.05084745762711865,0.6159149669635162,3.2904498816101024,60,2.0,0.1864406779661017,0.05084745762711865,dolomites,7.837554360881084
7.1568627450980395,0.5009794328681196,0.6470588235294118,0.5729602344727844,0.2049380281004212,51,0.05228758169934641,0.9497396973677807,21,burnin,0.9534883720930233,2.0612070897696984,365,metaweb,0.1568627450980392,0.19607843137254902,2.4682814302191467,0.24508601046648473,0.7843137254901961,0.08707664512542561,0.14513134521693521,0.14033064206074586,1.898860398860399,1.04221635883905,0.05536332179930796,1.6664526290286192,0.0392156862745098,0.52479815455594,1.4705882352941178,0,2.0,0.0392156862745098,0.0392156862745098,dolomites,4.912654885736052
4.172413793103448,0.9949891712548897,0.6206896551724138,0.8946284400041885,1.9106460416436633,29,0.2544589774078478,0.6307875187692633,21,burnin,1.0434782608695652,0.7634809738812779,121,niche,0.20689655172413793,0.1724137931034483,0.1902497027348395,5.947910040157814,0.10344827586206896,0.40595436309722027,0.9083136496487084,0.14387633769322236,2.9932732828673076,1.6614173228346456,0.14982164090368608,1.0270070732217527,0.1724137931034483,0.21878715814506539,5.128696604600219,0,4.0,0.6206896551724138,0.1724137931034483,dolomites,7.509883061154913
6.1,0.4706875195714529,0.48,0.503649020318655,0.19252426303854872,50,0.0656,0.9148659868659869,21,burnin,0.7619047619047619,2.1543758188494264,305,down_niche,0.16,0.36,2.0036,0.7052040154804236,0.8,0.0,0.05913770167636585,0.122,1.8813333333333333,1.05,0.0,1.745536805110566,0.02,0.3976,1.3275862068965518,6,3.0,0.04,0.02,dolomites,5.159055299214529
0.875,0.0,0.0,2.8284271247461903,0.12499999999999989,8,0.0,0.875,21,burnin,7.0,0.4040610178208843,7,down_niche_bodysize,0.875,0.125,0.0,7.0,0.125,0.0,4.440892098500626e-16,0.109375,1.125,1.0,0.0,2.4243661069253055,0.0,0.328125,1.0,0,2.0,0.0,0.0,dolomites,1.9459101490553132
9.847457627118644,0.0,0.8305084745762712,0.8365056038323393,0.4002855035168304,59,0.37058316575696637,0.9419020715630885,22,creation,1.1176470588235294,1.3733176602732655,581,metaweb,0.13559322033898305,0.03389830508474576,1.9327779373743177,0.40333276197384255,0.6779661016949152,0.2503554648506161,0.35849624991881274,0.16690606147658718,2.0820128898120736,1.2652232746955345,0.2634300488365412,1.2386108098846875,0.1694915254237288,0.8750359092214881,1.0,42,2.0,0.1694915254237288,0.1694915254237288,dolomites,2.772588722239781
7.779661016949152,NaN,0.847457627118644,0.9693030572533833,3.0227921451876703,59,0.5058891123240448,0.6987448063552913,22,creation,1.18,0.6099854298705837,459,niche,0.15254237288135594,0.0,0.283539212869865,7.133687717679215,0.03389830508474576,0.4771247332965235,1.0127709072969586,0.1318586613042229,4.064336873485122,1.7966101694915255,0.31399023269175524,1.0166539924736004,0.15254237288135594,0.5676529732835393,NaN,0,4.0,0.6949152542372882,0.2033898305084746,dolomites,0.0
7.203389830508475,1.0600481286371104,0.7966101694915254,0.6494946591419422,0.38001787543099624,59,0.27923010629129563,0.7929176831314496,22,creation,1.0784313725490196,1.6211575701698264,425,down_niche,0.13559322033898305,0.06779661016949153,1.4762999138178685,0.8881925527136147,0.6779661016949152,0.073749486974811,0.19659501375477298,0.12209135305946567,2.0748836869778393,1.2867132867132867,0.037632864119505886,1.3292753345062183,0.03389830508474576,0.5136455041654697,3.2140077821011674,57,2.0,0.1864406779661017,0.03389830508474576,dolomites,6.2422232654551655
7.203389830508475,1.0600481286371104,0.7966101694915254,0.6494946591419422,0.38001787543099624,59,0.27923010629129563,0.7929176831314496,22,creation,1.0784313725490196,1.6211575701698264,425,down_niche_bodysize,0.13559322033898305,0.06779661016949153,1.4762999138178685,0.8881925527136147,0.6779661016949152,0.073749486974811,0.19659501375477298,0.12209135305946567,2.0748836869778393,1.2867132867132867,0.037632864119505886,1.3292753345062183,0.03389830508474576,0.5136455041654697,3.2140077821011674,59,2.0,0.1864406779661017,0.03389830508474576,dolomites,6.2422232654551655
6.666666666666667,0.0,0.0,0.45194614629282565,0.14184397163120566,48,0.0,1.0,22,burnin,0.2,2.2597307314641286,320,metaweb,0.16666666666666666,0.8333333333333334,2.7083333333333335,0.2,0.8333333333333334,0.0,0.0,0.1388888888888889,1.8333333333333333,1.0,0.0,1.8077845851713026,0.0,0.4861111111111111,1.0,0,2.0,0.0,0.0,dolomites,5.768320995793772
3.4285714285714284,1.254254416405492,0.5714285714285714,1.105148934156237,1.7986835292741652,21,0.1836734693877551,0.6858294483294483,22,burnin,1.3571428571428572,0.6813487441179525,72,niche,0.3333333333333333,0.09523809523809523,0.11337868480725624,3.7025896384307893,0.09523809523809523,0.5705318491032776,0.9040270492671084,0.16326530612244897,2.576540454144621,1.647887323943662,0.18140589569160998,1.0562315087138805,0.14285714285714285,0.3219954648526077,4.481675392670157,0,2.0,0.5238095238095238,0.14285714285714285,dolomites,5.945420608606575
5.8,0.48924735338438946,0.3,0.4541647515907826,0.18938775510204073,50,0.0432,0.9027954822954822,22,burnin,0.5476190476190477,2.2673480734709477,290,down_niche,0.16,0.54,1.9732,0.6758032058843941,0.8,0.0,4.1273860054212097e-16,0.116,1.88,1.0522875816993464,0.0,1.8540107651782085,0.0,0.3464,1.3927272727272728,6,3.0,0.04,0.0,dolomites,5.616771097666572
0.875,0.0,0.0,2.8284271247461903,0.12499999999999989,8,0.0,0.875,22,burnin,7.0,0.4040610178208843,7,down_niche_bodysize,0.875,0.125,0.0,7.0,0.125,0.0,4.440892098500626e-16,0.109375,1.125,1.0,0.0,2.4243661069253055,0.0,0.328125,1.0,0,2.0,0.0,0.0,dolomites,1.9459101490553132
9.847457627118644,0.0,0.8305084745762712,0.8365056038323393,0.4002855035168304,59,0.37058316575696637,0.9419020715630885,23,creation,1.1176470588235294,1.3733176602732655,581,metaweb,0.13559322033898305,0.03389830508474576,1.9327779373743177,0.40333276197384255,0.6779661016949152,0.2503554648506161,0.35849624991881274,0.16690606147658718,2.0820128898120736,1.2652232746955345,0.2634300488365412,1.2386108098846875,0.1694915254237288,0.8750359092214881,1.0,20,2.0,0.1694915254237288,0.1694915254237288,dolomites,2.772588722239781
8.203389830508474,NaN,0.7966101694915254,1.1146635283773192,1.5341047819103262,59,0.4625107727664464,0.6959140495076147,23,creation,1.2553191489361701,0.5145888329762655,484,niche,0.2033898305084746,0.0,0.278942832519391,8.372851430498567,0.0847457627118644,0.43230005881657524,0.8462318086374261,0.13904050560183856,2.918240980976841,1.666362807657247,0.3257684573398449,1.0296037295492118,0.13559322033898305,0.7871301350186728,NaN,0,4.0,0.6610169491525424,0.1864406779661017,dolomites,0.0
7.88135593220339,1.0279718034068996,0.7627118644067796,0.7447340726011367,0.3755659045765127,59,0.3076702097098535,0.8206702035652649,23,creation,1.0392156862745099,1.4881156744528785,465,down_niche,0.13559322033898305,0.1016949152542373,1.495834530307383,0.942296635438791,0.6779661016949152,0.13117390603513387,0.26634842319522306,0.13358230393565068,2.073770955294932,1.2715447154471544,0.09652398735995403,1.2616743699715751,0.0847457627118644,0.6078713013501867,4.726236351958895,57,3.0,0.1864406779661017,0.1016949152542373,dolomites,8.73681053295389
7.88135593220339,1.0279718034068996,0.7627118644067796,0.7447340726011367,0.3755659045765127,59,0.3076702097098535,0.8206702035652649,23,creation,1.0392156862745099,1.4881156744528785,465,down_niche_bodysize,0.13559322033898305,0.1016949152542373,1.495834530307383,0.942296635438791,0.6779661016949152,0.13117390603513387,0.26634842319522306,0.13358230393565068,2.073770955294932,1.2715447154471544,0.09652398735995403,1.2616743699715751,0.0847457627118644,0.6078713013501867,4.726236351958895,57,3.0,0.1864406779661017,0.1016949152542373,dolomites,8.73681053295389
7.081632653061225,0.0,0.3877551020408163,0.5877902938924164,0.15532544378698215,49,0.0,0.9858712715855573,23,burnin,0.6585365853658537,2.1386179411928326,347,metaweb,0.16326530612244897,0.4489795918367347,2.672219908371512,0.21564885496183206,0.8163265306122449,0.09425891181988744,0.13767232405090205,0.1445231153685964,1.8516483516483515,1.0,0.059975010412328195,1.7345037646408474,0.02040816326530612,0.5418575593502707,1.0,0,2.0,0.02040816326530612,0.02040816326530612,dolomites,5.170483995038151
8.189655172413794,NaN,0.7931034482758621,1.098460957296511,1.5321996180776187,58,0.47473246135552916,0.7014709507695339,23,burnin,1.2608695652173914,0.5182794028211403,475,niche,0.20689655172413793,0.0,0.28478002378121287,8.231407807115017,0.08620689655172414,0.429319992869524,0.8430236698895388,0.14120095124851367,2.897195547729603,1.64373232799246,0.32966706302021404,1.019121952641982,0.13793103448275862,0.7779429250891795,NaN,0,4.0,0.6551724137931034,0.1896551724137931,dolomites,0.0
6.142857142857143,0.0,0.3673469387755102,0.5510491165935245,0.16421693331072043,49,0.037484381507705125,0.9306487187652378,23,burnin,0.6341463414634146,2.158384066272128,301,down_niche,0.16326530612244897,0.46938775510204084,2.0658059142024157,0.682674928995611,0.8163265306122449,0.027927943878534638,0.09717103568761783,0.12536443148688048,1.8560687432867884,1.0,0.013744273219491879,1.7519787159976614,0.02040816326530612,0.4152436484798001,1.0,10,2.0,0.02040816326530612,0.02040816326530612,dolomites,5.062595033026967
1.5,0.0,0.0,2.1140330656044943,0.1777777777777777,10,0.0,0.925,23,burnin,4.0,0.5665577237325317,15,down_niche_bodysize,0.8,0.2,0.07,4.333333333333333,0.2,0.0,3.0337068460183277e-16,0.15,1.2,1.0,0.0,1.6024672335395505,0.0,0.49,1.0,0,2.0,0.0,0.0,dolomites,2.70805020110221
9.847457627118644,0.0,0.8305084745762712,0.8365056038323393,0.4002855035168304,59,0.37058316575696637,0.9419020715630885,24,creation,1.1176470588235294,1.3733176602732655,581,metaweb,0.13559322033898305,0.03389830508474576,1.9327779373743177,0.40333276197384255,0.6779661016949152,0.2503554648506161,0.35849624991881274,0.16690606147658718,2.0820128898120736,1.2652232746955345,0.2634300488365412,1.2386108098846875,0.1694915254237288,0.8750359092214881,1.0,20,2.0,0.1694915254237288,0.1694915254237288,dolomites,2.772588722239781
8.0,NaN,0.8135593220338984,1.057353152761731,1.809711018168315,59,0.5127836828497558,0.6856482297480188,24,creation,1.2291666666666667,0.4536727515701614,472,niche,0.1864406779661017,0.0,0.28871014076414825,13.877249967108488,0.0847457627118644,0.39806416801589195,0.7637048936448918,0.13559322033898305,2.9653103954038094,1.6686798964624676,0.2711864406779661,0.9329509249711059,0.13559322033898305,0.7466245331801207,NaN,0,3.0,0.711864406779661,0.15254237288135594,dolomites,0.0
7.661016949152542,0.7265750128957926,0.7457627118644068,0.5925480421442934,0.36160667148418013,59,0.3099683998850905,0.8416206101096552,24,creation,1.0196078431372548,1.6257499833004567,452,down_niche,0.13559322033898305,0.11864406779661017,1.6977879919563343,0.4878708921293491,0.6779661016949152,0.047562181274384045,0.15328042417794166,0.12984774490089054,2.0669755169253383,1.228130360205832,0.02700373455903476,1.2874657665371654,0.01694915254237288,0.5751220913530595,2.8312056737588653,51,1.0,0.1864406779661017,0.01694915254237288,dolomites,7.251344983372214
7.661016949152542,0.7265750128957926,0.7457627118644068,0.5925480421442934,0.36160667148418013,59,0.3099683998850905,0.8416206101096552,24,creation,1.0196078431372548,1.6257499833004567,452,down_niche_bodysize,0.13559322033898305,0.11864406779661017,1.6977879919563343,0.4878708921293491,0.6779661016949152,0.047562181274384045,0.15328042417794166,0.12984774490089054,2.0669755169253383,1.228130360205832,0.02700373455903476,1.2874657665371654,0.01694915254237288,0.5751220913530595,2.8312056737588653,55,1.0,0.1864406779661017,0.01694915254237288,dolomites,7.251344983372214
6.666666666666667,0.0,0.0,0.45194614629282565,0.14184397163120566,48,0.0,1.0,24,burnin,0.2,2.2597307314641286,320,metaweb,0.16666666666666666,0.8333333333333334,2.7083333333333335,0.2,0.8333333333333334,0.0,0.0,0.1388888888888889,1.8333333333333333,1.0,0.0,1.8077845851713026,0.0,0.4861111111111111,1.0,0,2.0,0.0,0.0,dolomites,5.768320995793772
6.046511627906977,NaN,0.7441860465116279,1.122826631751498,1.3856909037028236,43,0.3466738777717685,0.6682845812416853,24,burnin,1.34375,0.47736081175994516,260,niche,0.2558139534883721,0.0,0.24553812871822606,10.843630102491728,0.11627906976744186,0.3788664260185384,0.744165992474581,0.14061654948620878,2.4906100387607917,1.6183986371379897,0.18334234721471065,0.9365274611805166,0.16279069767441862,0.6435911303407247,NaN,0,2.0,0.627906976744186,0.18604651162790697,dolomites,0.0
6.36734693877551,0.41789156174236475,0.1836734693877551,0.4530209016693728,0.1666666666666666,49,0.028321532694710536,0.963265306122449,24,burnin,0.4146341463414634,2.220506925777049,312,down_niche,0.16326530612244897,0.6530612244897959,2.3469387755102042,0.3099852960834113,0.8163265306122449,0.0,2.7883384007386927e-16,0.12994585589337776,1.8571428571428572,1.025,0.0,1.7787908091798499,0.0,0.43190337359433567,1.2244224422442245,3,3.0,0.02040816326530612,0.0,dolomites,5.713732805509369
1.5,0.0,0.0,2.1140330656044943,0.1777777777777777,10,0.0,0.925,24,burnin,4.0,0.5665577237325317,15,down_niche_bodysize,0.8,0.2,0.07,4.333333333333333,0.2,0.0,3.0337068460183277e-16,0.15,1.2,1.0,0.0,1.6024672335395505,0.0,0.49,1.0,0,2.0,0.0,0.0,dolomites,2.70805020110221
9.847457627118644,0.0,0.8305084745762712,0.8365056038323393,0.4002855035168304,59,0.37058316575696637,0.9419020715630885,25,creation,1.1176470588235294,1.3733176602732655,581,metaweb,0.13559322033898305,0.03389830508474576,1.9327779373743177,0.40333276197384255,0.6779661016949152,0.2503554648506161,0.35849624991881274,0.16690606147658718,2.0820128898120736,1.2652232746955345,0.2634300488365412,1.2386108098846875,0.1694915254237288,0.8750359092214881,1.0,28,2.0,0.1694915254237288,0.1694915254237288,dolomites,2.772588722239781
3.305084745762712,1.231728856315488,0.5423728813559322,1.4105103862615656,1.3696768724806445,59,0.0858948577994829,0.5812264110809265,25,creation,1.1666666666666667,0.7222618955754047,195,niche,0.288135593220339,0.1694915254237288,0.0617638609594944,4.468005122577527,0.2033898305084746,0.3102463585796919,0.9243222209662985,0.0560183855214019,2.4431872374330004,2.1713810316139766,0.04021832806664752,1.4228789660071255,0.0847457627118644,0.19074978454467106,4.685763888888889,0,4.0,0.3728813559322034,0.0847457627118644,dolomites,7.049254841255837
4.762711864406779,0.7604739382036855,0.6101694915254238,0.6386877368744119,0.3383477786421622,59,0.1350186727951738,0.6441619423443686,25,creation,0.8627450980392157,1.8313983223502546,281,down_niche,0.13559322033898305,0.2542372881355932,0.7799482907210572,1.9958120270877384,0.6779661016949152,0.01929392446633826,0.11275154625397411,0.08072392990519965,2.057317729351628,1.2150837988826815,0.005745475438092502,1.5723690685805223,0.0,0.2232117207698937,2.52,72,1.0,0.1864406779661017,0.0,dolomites,6.263398262591624
4.762711864406779,0.7604739382036855,0.6101694915254238,0.6386877368744119,0.3383477786421622,59,0.1350186727951738,0.6441619423443686,25,creation,0.8627450980392157,1.8313983223502546,281,down_niche_bodysize,0.13559322033898305,0.2542372881355932,0.7799482907210572,1.9958120270877384,0.6779661016949152,0.01929392446633826,0.11275154625397411,0.08072392990519965,2.057317729351628,1.2150837988826815,0.005745475438092502,1.5723690685805223,0.0,0.2232117207698937,2.52,72,1.0,0.1864406779661017,0.0,dolomites,6.263398262591624
6.666666666666667,0.0,0.0,0.45194614629282565,0.14184397163120566,48,0.0,1.0,25,burnin,0.2,2.2597307314641286,320,metaweb,0.16666666666666666,0.8333333333333334,2.7083333333333335,0.2,0.8333333333333334,0.0,0.0,0.1388888888888889,1.8333333333333333,1.0,0.0,1.8077845851713026,0.0,0.4861111111111111,1.0,0,2.0,0.0,0.0,dolomites,5.768320995793772
2.4565217391304346,1.3572734663544779,0.5,1.4757696703562067,0.7463772565382162,46,0.05718336483931947,0.6147111533267139,25,burnin,1.3793103448275863,0.6050549470385956,113,niche,0.3695652173913043,0.13043478260869565,0.03827977315689981,3.212613709993013,0.2608695652173913,0.25251158852306627,0.5847983461373156,0.05340264650283554,1.9582948594457545,1.6460176991150441,0.020793950850661626,1.3459437083416552,0.06521739130434782,0.1498109640831758,3.6209150326797386,0,4.0,0.2608695652173913,0.06521739130434782,dolomites,5.030437921392435
3.9583333333333335,0.412288229026416,0.1875,0.4942815564911229,0.15425531914893617,48,0.016927083333333332,0.8317307203820361,25,burnin,0.3902439024390244,2.5079511678916844,190,down_niche,0.14583333333333334,0.6666666666666666,1.1271701388888888,1.5740551583248217,0.8333333333333334,0.0,2.1791592540370777e-16,0.08246527777777778,1.875,1.030612244897959,0.0,2.144177855005593,0.0,0.16102430555555555,1.2154696132596685,22,3.0,0.020833333333333332,0.0,dolomites,5.198497031265826
0.8,0.0,0.0,2.23606797749979,0.2,5,0.0,0.8,25,burnin,4.0,0.5590169943749473,4,down_niche_bodysize,0.8,0.2,0.0,4.0,0.2,0.0,0.0,0.16,1.2,1.0,0.0,1.6770509831248421,0.0,0.24,1.0,0,2.0,0.0,0.0,dolomites,1.3862943611198906
9.847457627118644,0.0,0.8305084745762712,0.8365056038323393,0.4002855035168304,59,0.37058316575696637,0.9419020715630885,26,creation,1.1176470588235294,1.3733176602732655,581,metaweb,0.13559322033898305,0.03389830508474576,1.9327779373743177,0.40333276197384255,0.6779661016949152,0.2503554648506161,0.35849624991881274,0.16690606147658718,2.0820128898120736,1.2652232746955345,0.2634300488365412,1.2386108098846875,0.1694915254237288,0.8750359092214881,1.0,20,2.0,0.1694915254237288,0.1694915254237288,dolomites,2.772588722239781
8.135593220338983,NaN,0.864406779661017,1.028763765427939,2.628869747520585,59,0.4334961218040793,0.6806221730596632,26,creation,1.1568627450980393,0.5156934602758352,480,niche,0.13559322033898305,0.0,0.28957196207986213,13.145185078971142,0.03389830508474576,0.47020554755314364,1.2765115597057644,0.13789141051422005,4.0342592769325485,1.7124573378839592,0.2708991669060615,0.9359450706571175,0.22033898305084745,0.6696351623096811,NaN,0,3.0,0.7627118644067796,0.2711864406779661,dolomites,0.0
7.932203389830509,1.0538419323623556,0.7796610169491526,0.7369097008861025,0.3778009897915826,59,0.32433208848032175,0.8201511141218464,26,creation,1.0588235294117647,1.4621353828312702,468,down_niche,0.13559322033898305,0.0847457627118644,1.481183567940247,0.9282894333285915,0.6779661016949152,0.12078357874157566,0.2737962568795353,0.13444412525136454,2.0752378122605375,1.2788461538461537,0.09451307095662166,1.2325628774573212,0.0847457627118644,0.615340419419707,4.916871121373935,66,3.0,0.1864406779661017,0.1016949152542373,dolomites,8.843470781627381
7.932203389830509,1.0538419323623556,0.7796610169491526,0.7369097008861025,0.3778009897915826,59,0.32433208848032175,0.8201511141218464,26,creation,1.0588235294117647,1.4621353828312702,468,down_niche_bodysize,0.13559322033898305,0.0847457627118644,1.481183567940247,0.9282894333285915,0.6779661016949152,0.12078357874157566,0.2737962568795353,0.13444412525136454,2.0752378122605375,1.2788461538461537,0.09451307095662166,1.2325628774573212,0.0847457627118644,0.615340419419707,4.916871121373935,76,3.0,0.1864406779661017,0.1016949152542373,dolomites,8.843470781627381
6.666666666666667,0.0,0.0,0.45194614629282565,0.14184397163120566,48,0.0,1.0,26,burnin,0.2,2.2597307314641286,320,metaweb,0.16666666666666666,0.8333333333333334,2.7083333333333335,0.2,0.8333333333333334,0.0,0.0,0.1388888888888889,1.8333333333333333,1.0,0.0,1.8077845851713026,0.0,0.4861111111111111,1.0,0,2.0,0.0,0.0,dolomites,5.768320995793772
4.9714285714285715,NaN,0.7714285714285715,0.9652777480750234,2.2524873000353014,35,0.21877551020408162,0.608838263068692,26,burnin,1.2962962962962963,0.5572830307526814,174,niche,0.22857142857142856,0.0,0.14285714285714285,8.541131637189622,0.05714285714285714,0.5185881119715706,1.218488147536986,0.14204081632653062,3.1363098547760635,1.7,0.1689795918367347,0.9010027167354858,0.3142857142857143,0.31265306122448977,NaN,0,3.0,0.6857142857142857,0.3142857142857143,dolomites,0.0
6.04,0.49491366140486726,0.46,0.500570496257736,0.18660873724489793,50,0.0588,0.8859920634920635,26,burnin,0.7380952380952381,2.1495766797563935,302,down_niche,0.16,0.38,1.9508,0.6882725354235759,0.8,0.012552470920891973,0.05571628698829085,0.1208,1.87875,1.0258064516129033,0.0056,1.7350977901896492,0.0,0.3884,1.5770609318996416,15,2.0,0.04,0.0,dolomites,5.631211781821365
0.8888888888888888,0.0,0.0,3.000000000000001,0.11111111111111112,9,0.0,0.8888888888888888,26,burnin,8.0,0.3750000000000001,8,down_niche_bodysize,0.8888888888888888,0.1111111111111111,0.0,8.0,0.1111111111111111,0.0,0.0,0.09876543209876543,1.1111111111111112,1.0,0.0,2.6250000000000004,0.0,0.345679012345679,1.0,0,2.0,0.0,0.0,dolomites,2.0794415416798357
9.847457627118644,0.0,0.8305084745762712,0.8365056038323393,0.4002855035168304,59,0.37058316575696637,0.9419020715630885,27,creation,1.1176470588235294,1.3733176602732655,581,metaweb,0.13559322033898305,0.03389830508474576,1.9327779373743177,0.40333276197384255,0.6779661016949152,0.2503554648506161,0.35849624991881274,0.16690606147658718,2.0820128898120736,1.2652232746955345,0.2634300488365412,1.2386108098846875,0.1694915254237288,0.8750359092214881,1.0,20,2.0,0.1694915254237288,0.1694915254237288,dolomites,2.772588722239781
8.084745762711865,NaN,0.8983050847457628,0.9633921885051594,6.172958857852023,59,0.5116345877621373,0.6760686404172992,27,creation,1.1132075471698113,0.41616181353526116,477,niche,0.1016949152542373,0.0,0.23929905199655271,10.805539845269985,0.03389830508474576,0.4656621717172285,2.3770021001925086,0.13702958919850616,2.977193683492119,1.7609213661636218,0.278942832519391,0.8824148847572715,0.2033898305084746,0.5963803504740017,NaN,0,3.0,0.7966101694915254,0.2542372881355932,dolomites,0.0
8.779661016949152,0.40838779099431877,0.8135593220338984,0.732089116145504,0.3692136434854725,59,0.3521976443550704,0.8787802141489243,27,creation,1.0980392156862746,1.4551059468441279,518,down_niche,0.13559322033898305,0.05084745762711865,1.7816719333524849,0.5330043685441839,0.6779661016949152,0.14902652520209841,0.28239848229271336,0.1488078138465958,2.0705883423969356,1.2556732223903178,0.13013501867279517,1.21892994482625,0.1016949152542373,0.7155989658144212,1.7922077922077921,46,2.0,0.1864406779661017,0.11864406779661017,dolomites,4.343805421853684
8.779661016949152,0.40838779099431877,0.8135593220338984,0.732089116145504,0.3692136434854725,59,0.3521976443550704,0.8787802141489243,27,creation,1.0980392156862746,1.4551059468441279,518,down_niche_bodysize,0.13559322033898305,0.05084745762711865,1.7816719333524849,0.5330043685441839,0.6779661016949152,0.14902652520209841,0.28239848229271336,0.1488078138465958,2.0705883423969356,1.2556732223903178,0.13013501867279517,1.21892994482625,0.1016949152542373,0.7155989658144212,1.7922077922077921,46,2.0,0.1864406779661017,0.11864406779661017,dolomites,4.343805421853684
6.666666666666667,0.0,0.0,0.45194614629282565,0.14184397163120566,48,0.0,1.0,27,burnin,0.2,2.2597307314641286,320,metaweb,0.16666666666666666,0.8333333333333334,2.7083333333333335,0.2,0.8333333333333334,0.0,0.0,0.1388888888888889,1.8333333333333333,1.0,0.0,1.8077845851713026,0.0,0.4861111111111111,1.0,0,2.0,0.0,0.0,dolomites,5.768320995793772
5.352941176470588,0.998974503016408,0.7352941176470589,0.9265431329212342,1.5620390084083229,34,0.2897923875432526,0.6578916355551838,27,burnin,1.1071428571428572,0.6804103814126526,182,niche,0.17647058823529413,0.08823529411764706,0.25,8.278550272288834,0.058823529411764705,0.49544524791560374,0.7307802025811375,0.157439446366782,3.0901565086707783,1.603932584269663,0.23875432525951557,0.8482562720399929,0.14705882352941177,0.4126297577854671,4.911516229435304,0,2.0,0.6764705882352942,0.14705882352941177,dolomites,7.718240951959316
8.181818181818182,0.4987241622482249,0.7272727272727273,0.721195851894701,0.297843077157883,55,0.24330578512396694,0.908646801594818,27,burnin,1.0212765957446808,1.6384483609653586,450,down_niche,0.14545454545454545,0.12727272727272726,2.0059504132231405,0.4522017896081506,0.7272727272727273,0.1437309679580163,0.24565672544909312,0.1487603305785124,1.989735869027175,1.161228406909789,0.11239669421487604,1.3653628897692478,0.09090909090909091,0.6664462809917355,1.5596330275229358,15,2.0,0.12727272727272726,0.10909090909090909,dolomites,4.6913478822291435
0.875,0.0,0.0,2.8284271247461903,0.12499999999999989,8,0.0,0.875,27,burnin,7.0,0.4040610178208843,7,down_niche_bodysize,0.875,0.125,0.0,7.0,0.125,0.0,4.440892098500626e-16,0.109375,1.125,1.0,0.0,2.4243661069253055,0.0,0.328125,1.0,0,2.0,0.0,0.0,dolomites,1.9459101490553132
9.847457627118644,0.0,0.8305084745762712,0.8365056038323393,0.4002855035168304,59,0.37058316575696637,0.9419020715630885,28,creation,1.1176470588235294,1.3733176602732655,581,metaweb,0.13559322033898305,0.03389830508474576,1.9327779373743177,0.40333276197384255,0.6779661016949152,0.2503554648506161,0.35849624991881274,0.16690606147658718,2.0820128898120736,1.2652232746955345,0.2634300488365412,1.2386108098846875,0.1694915254237288,0.8750359092214881,1.0,42,2.0,0.1694915254237288,0.1694915254237288,dolomites,2.772588722239781
6.084745762711864,1.2800589528460982,0.7966101694915254,1.0278275605870286,3.173776876750295,59,0.2861246768170066,0.683743001763939,28,creation,1.163265306122449,0.8724612786500562,359,niche,0.1694915254237288,0.03389830508474576,0.3444412525136455,9.57387036997551,0.01694915254237288,0.31415021473331806,1.2757351790690468,0.10313128411376041,3.3683198400085566,1.7925764192139737,0.1292731973570813,1.1389718339974173,0.1016949152542373,0.4171215168055157,4.485714285714286,0,4.0,0.6949152542372882,0.15254237288135594,dolomites,5.3471075307174685
6.016949152542373,0.7099963743393399,0.6440677966101694,0.5972355580979495,0.3289503028311188,59,0.19189887963228958,0.708136448803264,28,creation,0.9019607843137255,1.7220608903860146,355,down_niche,0.13559322033898305,0.22033898305084745,1.1433496121804079,0.9808129393797347,0.6779661016949152,0.01384134499656355,0.07479831256075713,0.10198218902614191,2.0528545941123997,1.1507177033492824,0.0068945705257110025,1.3952804337965743,0.0,0.35650675093363976,2.3260233918128654,58,1.0,0.1864406779661017,0.0,dolomites,6.52795791762255
6.016949152542373,0.7099963743393399,0.6440677966101694,0.5972355580979495,0.3289503028311188,59,0.19189887963228958,0.708136448803264,28,creation,0.9019607843137255,1.7220608903860146,355,down_niche_bodysize,0.13559322033898305,0.22033898305084745,1.1433496121804079,0.9808129393797347,0.6779661016949152,0.01384134499656355,0.07479831256075713,0.10198218902614191,2.0528545941123997,1.1507177033492824,0.0068945705257110025,1.3952804337965743,0.0,0.35650675093363976,2.3260233918128654,57,1.0,0.1864406779661017,0.0,dolomites,6.52795791762255
6.666666666666667,0.0,0.0,0.45194614629282565,0.14184397163120566,48,0.0,1.0,28,burnin,0.2,2.2597307314641286,320,metaweb,0.16666666666666666,0.8333333333333334,2.7083333333333335,0.2,0.8333333333333334,0.0,0.0,0.1388888888888889,1.8333333333333333,1.0,0.0,1.8077845851713026,0.0,0.4861111111111111,1.0,0,2.0,0.0,0.0,dolomites,5.768320995793772
2.1923076923076925,1.3559665074602067,0.5384615384615384,0.9827192630106905,1.9616722403846147,26,0.10946745562130178,0.6042887667887668,28,burnin,1.2222222222222223,0.6453279305040044,57,niche,0.3076923076923077,0.15384615384615385,0.05029585798816568,5.970527424533462,0.07692307692307693,0.3359558316080055,1.1023531051441966,0.08431952662721894,2.7660961538461537,2.0710059171597632,0.023668639053254437,1.026530192030062,0.15384615384615385,0.09467455621301775,4.102362204724409,0,4.0,0.46153846153846156,0.15384615384615385,dolomites,4.844187086458591
5.0588235294117645,0.500946682994626,0.4117647058823529,0.46343883561232185,0.2101960784313725,51,0.04652056901191849,0.8114228115776103,28,burnin,0.6744186046511628,2.2591727571795044,258,down_niche,0.1568627450980392,0.43137254901960786,1.4567474048442905,0.8147302547465696,0.7843137254901961,0.0,4.172434819395182e-16,0.09919261822376009,1.9019607843137254,1.0851063829787233,0.0,1.8621925120314151,0.0,0.25413302575932334,1.510548523206751,21,3.0,0.058823529411764705,0.0,dolomites,5.4680601411351315
0.875,0.0,0.0,2.8284271247461903,0.12499999999999989,8,0.0,0.875,28,burnin,7.0,0.4040610178208843,7,down_niche_bodysize,0.875,0.125,0.0,7.0,0.125,0.0,4.440892098500626e-16,0.109375,1.125,1.0,0.0,2.4243661069253055,0.0,0.328125,1.0,0,2.0,0.0,0.0,dolomites,1.9459101490553132
9.847457627118644,0.0,0.8305084745762712,0.8365056038323393,0.4002855035168304,59,0.37058316575696637,0.9419020715630885,29,creation,1.1176470588235294,1.3733176602732655,581,metaweb,0.13559322033898305,0.03389830508474576,1.9327779373743177,0.40333276197384255,0.6779661016949152,0.2503554648506161,0.35849624991881274,0.16690606147658718,2.0820128898120736,1.2652232746955345,0.2634300488365412,1.2386108098846875,0.1694915254237288,0.8750359092214881,1.0,25,2.0,0.1694915254237288,0.1694915254237288,dolomites,2.772588722239781
5.610169491525424,1.2257853621631125,0.711864406779661,1.3655479644841302,1.261156707619176,59,0.18845159436943407,0.6318263384696308,29,creation,1.1956521739130435,0.640133654691589,331,niche,0.22033898305084745,0.06779661016949153,0.20597529445561621,5.093090901254349,0.0847457627118644,0.2979373923304182,0.8641864169016239,0.0950876185004309,2.688503939917987,1.685378590078329,0.10629129560471129,1.2256237510199794,0.1016949152542373,0.5765584602125826,4.8349609375,0,3.0,0.6271186440677966,0.1016949152542373,dolomites,6.931471805599453
5.593220338983051,0.929076607969755,0.7457627118644068,0.7801089835924367,0.39877163460609394,59,0.1783970123527722,0.6595711833460927,29,creation,1.0196078431372548,1.6159669640703622,330,down_niche,0.13559322033898305,0.11864406779661017,0.8684286124676817,2.2801113579153736,0.6779661016949152,0.08490303205158638,0.23407240323141748,0.09480034472852629,2.0803795969949683,1.389795918367347,0.029014650962367137,1.4200389290955808,0.05084745762711865,0.33927032461936224,3.285475792988314,85,2.0,0.1864406779661017,0.05084745762711865,dolomites,6.395261598115449
5.593220338983051,0.929076607969755,0.7457627118644068,0.7801089835924367,0.39877163460609394,59,0.1783970123527722,0.6595711833460927,29,creation,1.0196078431372548,1.6159669640703622,330,down_niche_bodysize,0.13559322033898305,0.11864406779661017,0.8684286124676817,2.2801113579153736,0.6779661016949152,0.08490303205158638,0.23407240323141748,0.09480034472852629,2.0803795969949683,1.389795918367347,0.029014650962367137,1.4200389290955808,0.05084745762711865,0.33927032461936224,3.285475792988314,91,2.0,0.1864406779661017,0.05084745762711865,dolomites,6.395261598115449
6.666666666666667,0.0,0.0,0.45194614629282565,0.14184397163120566,48,0.0,1.0,29,burnin,0.2,2.2597307314641286,320,metaweb,0.16666666666666666,0.8333333333333334,2.7083333333333335,0.2,0.8333333333333334,0.0,0.0,0.1388888888888889,1.8333333333333333,1.0,0.0,1.8077845851713026,0.0,0.4861111111111111,1.0,0,2.0,0.0,0.0,dolomites,5.768320995793772
4.863636363636363,1.3194266151339094,0.6136363636363636,1.2817889590118778,1.1708464957490274,44,0.1859504132231405,0.6288814458011264,29,burnin,1.2903225806451613,0.5958920827982364,214,niche,0.29545454545454547,0.09090909090909091,0.1709710743801653,4.437135404203552,0.11363636363636363,0.3571894678071886,0.7524453429178876,0.11053719008264463,2.333614792638819,1.6624203821656052,0.11570247933884298,1.1411770048236252,0.13636363636363635,0.49586776859504134,4.707865168539326,0,3.0,0.5454545454545454,0.13636363636363635,dolomites,6.434546518787453
4.7924528301886795,0.39118653584907087,0.6226415094339622,0.6876317240954406,0.24892633895200172,53,0.09149163403346387,0.7300165843370443,29,burnin,0.9111111111111111,2.0065735803713496,254,down_niche,0.1509433962264151,0.22641509433962265,1.0202919188323247,1.9977150000949333,0.7547169811320755,0.025548717529849607,0.12174430870548704,0.09042363830544678,1.944079228207974,1.1091549295774648,0.00711997152011392,1.7145772731796887,0.018867924528301886,0.26023495906016375,1.8125,43,2.0,0.09433962264150944,0.018867924528301886,dolomites,5.4116460518550396
1.8,0.0,0.0,1.6313122626329806,0.23333333333333328,10,0.0,0.8714285714285713,29,burnin,2.3333333333333335,0.776895443089001,18,down_niche_bodysize,0.7,0.3,0.16,2.925233644859814,0.3,0.0,3.951312703709894e-16,0.18,1.3,1.0,0.0,1.0210406483029795,0.0,0.46,1.0,0,2.0,0.0,0.0,dolomites,2.8903717578961645
9.847457627118644,0.0,0.8305084745762712,0.8365056038323393,0.4002855035168304,59,0.37058316575696637,0.9419020715630885,30,creation,1.1176470588235294,1.3733176602732655,581,metaweb,0.13559322033898305,0.03389830508474576,1.9327779373743177,0.40333276197384255,0.6779661016949152,0.2503554648506161,0.35849624991881274,0.16690606147658718,2.0820128898120736,1.2652232746955345,0.2634300488365412,1.2386108098846875,0.1694915254237288,0.8750359092214881,1.0,24,2.0,0.1694915254237288,0.1694915254237288,dolomites,2.772588722239781
4.033898305084746,1.143482691142389,0.6949152542372882,1.0873765504217912,1.7627429533947943,59,0.12295317437517955,0.6209316856087072,30,creation,1.2727272727272727,0.6858345869779086,238,niche,0.2542372881355932,0.05084745762711865,0.12726228095374892,5.859865511729678,0.06779661016949153,0.2275734128098089,1.2212103124431064,0.06837115771330078,2.1489262629472767,1.7858347386172007,0.032749209997127264,0.9200890052820293,0.0847457627118644,0.22464808962941685,4.770154373927959,0,3.0,0.6271186440677966,0.0847457627118644,dolomites,7.466799475018602
4.762711864406779,0.37676209423537144,0.5423728813559322,0.5559772440055739,0.40206234331393975,59,0.1189313415685148,0.6303763975374145,30,creation,0.7843137254901961,1.913001528760911,281,down_niche,0.13559322033898305,0.3220338983050847,0.8411376041367423,1.1451450168177184,0.6779661016949152,0.009014535550964917,0.10904900765804185,0.08072392990519965,2.074074074074074,1.2294617563739376,0.002010916403332376,1.6129429837536673,0.03389830508474576,0.2048261993679977,1.8294314381270902,78,1.0,0.1864406779661017,0.03389830508474576,dolomites,5.700443573390687
4.762711864406779,0.37676209423537144,0.5423728813559322,0.5559772440055739,0.40206234331393975,59,0.1189313415685148,0.6303763975374145,30,creation,0.7843137254901961,1.913001528760911,281,down_niche_bodysize,0.13559322033898305,0.3220338983050847,0.8411376041367423,1.1451450168177184,0.6779661016949152,0.009014535550964917,0.10904900765804185,0.08072392990519965,2.074074074074074,1.2294617563739376,0.002010916403332376,1.6129429837536673,0.03389830508474576,0.2048261993679977,1.8294314381270902,81,1.0,0.1864406779661017,0.03389830508474576,dolomites,5.700443573390687
6.666666666666667,0.0,0.0,0.45194614629282565,0.14184397163120566,48,0.0,1.0,30,burnin,0.2,2.2597307314641286,320,metaweb,0.16666666666666666,0.8333333333333334,2.7083333333333335,0.2,0.8333333333333334,0.0,0.0,0.1388888888888889,1.8333333333333333,1.0,0.0,1.8077845851713026,0.0,0.4861111111111111,1.0,0,2.0,0.0,0.0,dolomites,5.768320995793772
3.0,1.358528812832501,0.5952380952380952,1.1802346925672433,0.9154862255480766,42,0.0782312925170068,0.5972386429319203,30,burnin,1.4814814814814814,0.782602149665618,126,niche,0.35714285714285715,0.047619047619047616,0.1054421768707483,4.003034884488555,0.11904761904761904,0.2689895470383275,0.723034780923131,0.07142857142857142,2.094019026463841,1.677685950413223,0.024376417233560092,1.0275593305641273,0.09523809523809523,0.18310657596371882,4.122448979591836,0,3.0,0.5,0.09523809523809523,dolomites,5.501258210544727
4.23404255319149,0.0,0.0,0.48555956488994295,0.1295097132284921,47,0.0,0.8738492291683779,30,burnin,0.175,2.4560507278110433,199,down_niche,0.14893617021276595,0.851063829787234,1.2716161158895427,0.844170403587444,0.851063829787234,0.0,3.148064942097121e-16,0.09008601177003168,1.851063829787234,1.0,0.0,2.0553527696645406,0.0,0.18967858759619738,1.0,32,2.0,0.0,0.0,dolomites,5.293304824724492
0.8571428571428571,0.0,0.0,2.6457513110645907,0.142857142857143,7,0.0,0.8571428571428571,30,burnin,6.0,0.4409585518440985,6,down_niche_bodysize,0.8571428571428571,0.14285714285714285,0.0,6.0,0.14285714285714285,0.0,4.440892098500626e-16,0.12244897959183673,1.1428571428571428,1.0,0.0,2.204792759220492,0.0,0.30612244897959184,1.0,0,2.0,0.0,0.0,dolomites,1.791759469228055
