spp_id,gen,vul,net_id,net_type,community,stage
56,5,1,1,down_power,dolomites,creation
34,3,4,1,down_power,dolomites,creation
43,19,4,1,down_power,dolomites,creation
40,3,1,1,down_power,dolomites,creation
12,4,7,1,down_power,dolomites,creation
13,3,0,1,down_power,dolomites,creation
24,5,1,1,down_power,dolomites,creation
49,0,26,1,down_power,dolomites,creation
5,18,3,1,down_power,dolomites,creation
31,4,7,1,down_power,dolomites,creation
38,3,6,1,down_power,dolomites,creation
45,0,16,1,down_power,dolomites,creation
28,7,5,1,down_power,dolomites,creation
37,3,5,1,down_power,dolomites,creation
8,2,0,1,down_power,dolomites,creation
35,3,6,1,down_power,dolomites,creation
27,4,6,1,down_power,dolomites,creation
21,2,4,1,down_power,dolomites,creation
6,19,5,1,down_power,dolomites,creation
32,5,0,1,down_power,dolomites,creation
16,5,3,1,down_power,dolomites,creation
57,4,0,1,down_power,dolomites,creation
42,35,6,1,down_power,dolomites,creation
15,3,1,1,down_power,dolomites,creation
17,6,6,1,down_power,dolomites,creation
20,5,6,1,down_power,dolomites,creation
29,4,5,1,down_power,dolomites,creation
7,8,5,1,down_power,dolomites,creation
2,12,1,1,down_power,dolomites,creation
23,3,1,1,down_power,dolomites,creation
18,1,5,1,down_power,dolomites,creation
9,4,1,1,down_power,dolomites,creation
55,4,0,1,down_power,dolomites,creation
53,6,0,1,down_power,dolomites,creation
10,2,5,1,down_power,dolomites,creation
22,5,1,1,down_power,dolomites,creation
26,4,5,1,down_power,dolomites,creation
3,7,0,1,down_power,dolomites,creation
30,1,2,1,down_power,dolomites,creation
52,7,0,1,down_power,dolomites,creation
48,0,21,1,down_power,dolomites,creation
54,4,0,1,down_power,dolomites,creation
51,0,25,1,down_power,dolomites,creation
41,35,4,1,down_power,dolomites,creation
25,6,5,1,down_power,dolomites,creation
33,6,6,1,down_power,dolomites,creation
58,6,1,1,down_power,dolomites,creation
39,5,7,1,down_power,dolomites,creation
47,0,24,1,down_power,dolomites,creation
14,2,0,1,down_power,dolomites,creation
44,0,21,1,down_power,dolomites,creation
1,5,6,1,down_power,dolomites,creation
19,4,7,1,down_power,dolomites,creation
46,0,26,1,down_power,dolomites,creation
50,0,23,1,down_power,dolomites,creation
59,4,1,1,down_power,dolomites,creation
4,26,3,1,down_power,dolomites,creation
11,4,7,1,down_power,dolomites,creation
36,3,1,1,down_power,dolomites,creation
56,8,1,1,metaweb,dolomites,creation
34,8,7,1,metaweb,dolomites,creation
43,28,7,1,metaweb,dolomites,creation
40,8,2,1,metaweb,dolomites,creation
12,8,8,1,metaweb,dolomites,creation
13,8,2,1,metaweb,dolomites,creation
24,8,2,1,metaweb,dolomites,creation
49,0,43,1,metaweb,dolomites,creation
5,31,4,1,metaweb,dolomites,creation
31,8,8,1,metaweb,dolomites,creation
38,8,7,1,metaweb,dolomites,creation
45,0,43,1,metaweb,dolomites,creation
28,8,7,1,metaweb,dolomites,creation
37,8,7,1,metaweb,dolomites,creation
8,8,1,1,metaweb,dolomites,creation
35,8,7,1,metaweb,dolomites,creation
27,8,8,1,metaweb,dolomites,creation
21,8,7,1,metaweb,dolomites,creation
6,27,7,1,metaweb,dolomites,creation
32,8,0,1,metaweb,dolomites,creation
16,8,7,1,metaweb,dolomites,creation
57,8,1,1,metaweb,dolomites,creation
42,35,7,1,metaweb,dolomites,creation
15,8,4,1,metaweb,dolomites,creation
17,8,7,1,metaweb,dolomites,creation
20,8,7,1,metaweb,dolomites,creation
29,8,7,1,metaweb,dolomites,creation
7,20,7,1,metaweb,dolomites,creation
2,18,2,1,metaweb,dolomites,creation
23,8,2,1,metaweb,dolomites,creation
18,8,7,1,metaweb,dolomites,creation
9,8,1,1,metaweb,dolomites,creation
55,8,1,1,metaweb,dolomites,creation
53,8,1,1,metaweb,dolomites,creation
10,8,8,1,metaweb,dolomites,creation
22,8,2,1,metaweb,dolomites,creation
26,8,8,1,metaweb,dolomites,creation
3,18,2,1,metaweb,dolomites,creation
30,8,2,1,metaweb,dolomites,creation
52,8,1,1,metaweb,dolomites,creation
48,0,43,1,metaweb,dolomites,creation
54,8,1,1,metaweb,dolomites,creation
51,0,43,1,metaweb,dolomites,creation
41,35,7,1,metaweb,dolomites,creation
25,8,8,1,metaweb,dolomites,creation
33,8,7,1,metaweb,dolomites,creation
58,8,1,1,metaweb,dolomites,creation
39,8,7,1,metaweb,dolomites,creation
47,0,43,1,metaweb,dolomites,creation
14,8,0,1,metaweb,dolomites,creation
44,0,43,1,metaweb,dolomites,creation
1,10,8,1,metaweb,dolomites,creation
19,8,7,1,metaweb,dolomites,creation
46,0,43,1,metaweb,dolomites,creation
50,0,43,1,metaweb,dolomites,creation
59,8,1,1,metaweb,dolomites,creation
4,31,4,1,metaweb,dolomites,creation
11,8,8,1,metaweb,dolomites,creation
36,8,2,1,metaweb,dolomites,creation
56,0,13,1,niche,dolomites,creation
34,18,7,1,niche,dolomites,creation
43,1,10,1,niche,dolomites,creation
40,0,8,1,niche,dolomites,creation
12,3,0,1,niche,dolomites,creation
13,10,0,1,niche,dolomites,creation
24,4,3,1,niche,dolomites,creation
49,2,8,1,niche,dolomites,creation
5,3,2,1,niche,dolomites,creation
31,1,7,1,niche,dolomites,creation
38,7,7,1,niche,dolomites,creation
45,2,12,1,niche,dolomites,creation
28,9,5,1,niche,dolomites,creation
37,0,7,1,niche,dolomites,creation
8,6,2,1,niche,dolomites,creation
35,2,6,1,niche,dolomites,creation
27,5,4,1,niche,dolomites,creation
21,2,4,1,niche,dolomites,creation
6,24,2,1,niche,dolomites,creation
32,5,6,1,niche,dolomites,creation
16,3,2,1,niche,dolomites,creation
57,1,12,1,niche,dolomites,creation
42,3,10,1,niche,dolomites,creation
15,13,0,1,niche,dolomites,creation
17,6,2,1,niche,dolomites,creation
20,7,4,1,niche,dolomites,creation
29,16,5,1,niche,dolomites,creation
7,7,2,1,niche,dolomites,creation
2,10,1,1,niche,dolomites,creation
23,12,3,1,niche,dolomites,creation
18,26,3,1,niche,dolomites,creation
9,4,1,1,niche,dolomites,creation
55,3,10,1,niche,dolomites,creation
53,0,9,1,niche,dolomites,creation
10,1,0,1,niche,dolomites,creation
22,0,4,1,niche,dolomites,creation
26,4,4,1,niche,dolomites,creation
3,1,1,1,niche,dolomites,creation
30,16,5,1,niche,dolomites,creation
52,1,9,1,niche,dolomites,creation
48,6,10,1,niche,dolomites,creation
54,0,10,1,niche,dolomites,creation
51,2,9,1,niche,dolomites,creation
41,0,10,1,niche,dolomites,creation
25,6,4,1,niche,dolomites,creation
33,15,6,1,niche,dolomites,creation
58,0,11,1,niche,dolomites,creation
39,9,7,1,niche,dolomites,creation
47,4,10,1,niche,dolomites,creation
14,2,0,1,niche,dolomites,creation
44,1,11,1,niche,dolomites,creation
1,5,1,1,niche,dolomites,creation
19,18,5,1,niche,dolomites,creation
46,1,12,1,niche,dolomites,creation
50,2,8,1,niche,dolomites,creation
59,0,10,1,niche,dolomites,creation
4,9,2,1,niche,dolomites,creation
11,9,0,1,niche,dolomites,creation
36,6,7,1,niche,dolomites,creation
56,5,1,1,down_rand,dolomites,creation
34,6,5,1,down_rand,dolomites,creation
43,19,4,1,down_rand,dolomites,creation
40,4,2,1,down_rand,dolomites,creation
12,5,6,1,down_rand,dolomites,creation
13,4,1,1,down_rand,dolomites,creation
24,5,2,1,down_rand,dolomites,creation
49,0,26,1,down_rand,dolomites,creation
5,21,3,1,down_rand,dolomites,creation
31,5,4,1,down_rand,dolomites,creation
38,5,4,1,down_rand,dolomites,creation
45,0,26,1,down_rand,dolomites,creation
28,6,2,1,down_rand,dolomites,creation
37,1,5,1,down_rand,dolomites,creation
8,3,1,1,down_rand,dolomites,creation
35,7,3,1,down_rand,dolomites,creation
27,5,3,1,down_rand,dolomites,creation
21,5,5,1,down_rand,dolomites,creation
6,14,5,1,down_rand,dolomites,creation
32,5,0,1,down_rand,dolomites,creation
16,5,3,1,down_rand,dolomites,creation
57,7,0,1,down_rand,dolomites,creation
42,22,5,1,down_rand,dolomites,creation
15,6,2,1,down_rand,dolomites,creation
17,3,5,1,down_rand,dolomites,creation
20,4,3,1,down_rand,dolomites,creation
29,3,6,1,down_rand,dolomites,creation
7,12,5,1,down_rand,dolomites,creation
2,9,2,1,down_rand,dolomites,creation
23,3,1,1,down_rand,dolomites,creation
18,5,5,1,down_rand,dolomites,creation
9,2,1,1,down_rand,dolomites,creation
55,5,0,1,down_rand,dolomites,creation
53,4,1,1,down_rand,dolomites,creation
10,6,2,1,down_rand,dolomites,creation
22,6,1,1,down_rand,dolomites,creation
26,6,5,1,down_rand,dolomites,creation
3,6,0,1,down_rand,dolomites,creation
30,3,1,1,down_rand,dolomites,creation
52,4,0,1,down_rand,dolomites,creation
48,0,25,1,down_rand,dolomites,creation
54,6,1,1,down_rand,dolomites,creation
51,0,27,1,down_rand,dolomites,creation
41,22,5,1,down_rand,dolomites,creation
25,3,2,1,down_rand,dolomites,creation
33,4,5,1,down_rand,dolomites,creation
58,5,0,1,down_rand,dolomites,creation
39,5,6,1,down_rand,dolomites,creation
47,0,29,1,down_rand,dolomites,creation
14,5,0,1,down_rand,dolomites,creation
44,0,26,1,down_rand,dolomites,creation
1,5,3,1,down_rand,dolomites,creation
19,6,5,1,down_rand,dolomites,creation
46,0,24,1,down_rand,dolomites,creation
50,0,24,1,down_rand,dolomites,creation
59,7,1,1,down_rand,dolomites,creation
4,23,2,1,down_rand,dolomites,creation
11,6,6,1,down_rand,dolomites,creation
36,5,1,1,down_rand,dolomites,creation
56,4,1,1,down_link,dolomites,creation
34,4,4,1,down_link,dolomites,creation
43,15,6,1,down_link,dolomites,creation
40,8,2,1,down_link,dolomites,creation
12,5,6,1,down_link,dolomites,creation
13,4,2,1,down_link,dolomites,creation
24,4,2,1,down_link,dolomites,creation
49,0,21,1,down_link,dolomites,creation
5,22,4,1,down_link,dolomites,creation
31,6,7,1,down_link,dolomites,creation
38,5,6,1,down_link,dolomites,creation
45,0,23,1,down_link,dolomites,creation
28,4,5,1,down_link,dolomites,creation
37,6,4,1,down_link,dolomites,creation
8,3,1,1,down_link,dolomites,creation
35,4,6,1,down_link,dolomites,creation
27,4,5,1,down_link,dolomites,creation
21,4,3,1,down_link,dolomites,creation
6,19,4,1,down_link,dolomites,creation
32,5,0,1,down_link,dolomites,creation
16,4,5,1,down_link,dolomites,creation
57,6,1,1,down_link,dolomites,creation
42,21,5,1,down_link,dolomites,creation
15,3,3,1,down_link,dolomites,creation
17,6,5,1,down_link,dolomites,creation
20,4,5,1,down_link,dolomites,creation
29,4,4,1,down_link,dolomites,creation
7,17,6,1,down_link,dolomites,creation
2,12,0,1,down_link,dolomites,creation
23,3,2,1,down_link,dolomites,creation
18,6,3,1,down_link,dolomites,creation
9,3,1,1,down_link,dolomites,creation
55,5,1,1,down_link,dolomites,creation
53,4,1,1,down_link,dolomites,creation
10,6,5,1,down_link,dolomites,creation
22,4,2,1,down_link,dolomites,creation
26,3,3,1,down_link,dolomites,creation
3,15,2,1,down_link,dolomites,creation
30,5,2,1,down_link,dolomites,creation
52,4,1,1,down_link,dolomites,creation
48,0,24,1,down_link,dolomites,creation
54,5,1,1,down_link,dolomites,creation
51,0,21,1,down_link,dolomites,creation
41,15,3,1,down_link,dolomites,creation
25,4,8,1,down_link,dolomites,creation
33,5,5,1,down_link,dolomites,creation
58,4,1,1,down_link,dolomites,creation
39,4,3,1,down_link,dolomites,creation
47,0,26,1,down_link,dolomites,creation
14,4,0,1,down_link,dolomites,creation
44,0,24,1,down_link,dolomites,creation
1,9,5,1,down_link,dolomites,creation
19,3,6,1,down_link,dolomites,creation
46,0,22,1,down_link,dolomites,creation
50,0,19,1,down_link,dolomites,creation
59,6,1,1,down_link,dolomites,creation
4,19,3,1,down_link,dolomites,creation
11,4,5,1,down_link,dolomites,creation
36,5,2,1,down_link,dolomites,creation
56,7,1,1,down_niche,dolomites,creation
34,5,3,1,down_niche,dolomites,creation
43,11,1,1,down_niche,dolomites,creation
40,6,0,1,down_niche,dolomites,creation
12,6,5,1,down_niche,dolomites,creation
13,6,1,1,down_niche,dolomites,creation
24,6,1,1,down_niche,dolomites,creation
49,0,20,1,down_niche,dolomites,creation
5,10,0,1,down_niche,dolomites,creation
31,5,7,1,down_niche,dolomites,creation
38,6,4,1,down_niche,dolomites,creation
45,0,36,1,down_niche,dolomites,creation
28,6,5,1,down_niche,dolomites,creation
37,7,4,1,down_niche,dolomites,creation
8,7,1,1,down_niche,dolomites,creation
35,8,3,1,down_niche,dolomites,creation
27,6,3,1,down_niche,dolomites,creation
21,3,3,1,down_niche,dolomites,creation
6,10,0,1,down_niche,dolomites,creation
32,6,0,1,down_niche,dolomites,creation
16,7,3,1,down_niche,dolomites,creation
57,5,1,1,down_niche,dolomites,creation
42,18,2,1,down_niche,dolomites,creation
15,6,3,1,down_niche,dolomites,creation
17,7,6,1,down_niche,dolomites,creation
20,4,3,1,down_niche,dolomites,creation
29,6,4,1,down_niche,dolomites,creation
7,10,1,1,down_niche,dolomites,creation
2,6,0,1,down_niche,dolomites,creation
23,6,1,1,down_niche,dolomites,creation
18,7,3,1,down_niche,dolomites,creation
9,5,1,1,down_niche,dolomites,creation
55,5,1,1,down_niche,dolomites,creation
53,4,1,1,down_niche,dolomites,creation
10,7,6,1,down_niche,dolomites,creation
22,4,1,1,down_niche,dolomites,creation
26,6,5,1,down_niche,dolomites,creation
3,10,0,1,down_niche,dolomites,creation
30,7,1,1,down_niche,dolomites,creation
52,5,0,1,down_niche,dolomites,creation
48,0,34,1,down_niche,dolomites,creation
54,6,0,1,down_niche,dolomites,creation
51,0,34,1,down_niche,dolomites,creation
41,15,2,1,down_niche,dolomites,creation
25,7,6,1,down_niche,dolomites,creation
33,4,6,1,down_niche,dolomites,creation
58,5,1,1,down_niche,dolomites,creation
39,5,5,1,down_niche,dolomites,creation
47,0,34,1,down_niche,dolomites,creation
14,5,0,1,down_niche,dolomites,creation
44,0,34,1,down_niche,dolomites,creation
1,8,1,1,down_niche,dolomites,creation
19,6,3,1,down_niche,dolomites,creation
46,0,5,1,down_niche,dolomites,creation
50,0,34,1,down_niche,dolomites,creation
59,6,1,1,down_niche,dolomites,creation
4,14,0,1,down_niche,dolomites,creation
11,5,6,1,down_niche,dolomites,creation
36,6,1,1,down_niche,dolomites,creation
56,7,1,1,down_niche_bodysize,dolomites,creation
34,5,3,1,down_niche_bodysize,dolomites,creation
43,11,1,1,down_niche_bodysize,dolomites,creation
40,6,0,1,down_niche_bodysize,dolomites,creation
12,6,5,1,down_niche_bodysize,dolomites,creation
13,6,1,1,down_niche_bodysize,dolomites,creation
24,6,1,1,down_niche_bodysize,dolomites,creation
49,0,20,1,down_niche_bodysize,dolomites,creation
5,10,0,1,down_niche_bodysize,dolomites,creation
31,5,7,1,down_niche_bodysize,dolomites,creation
38,6,4,1,down_niche_bodysize,dolomites,creation
45,0,36,1,down_niche_bodysize,dolomites,creation
28,6,5,1,down_niche_bodysize,dolomites,creation
37,7,4,1,down_niche_bodysize,dolomites,creation
8,7,1,1,down_niche_bodysize,dolomites,creation
35,8,3,1,down_niche_bodysize,dolomites,creation
27,6,3,1,down_niche_bodysize,dolomites,creation
21,3,3,1,down_niche_bodysize,dolomites,creation
6,10,0,1,down_niche_bodysize,dolomites,creation
32,6,0,1,down_niche_bodysize,dolomites,creation
16,7,3,1,down_niche_bodysize,dolomites,creation
57,5,1,1,down_niche_bodysize,dolomites,creation
42,18,2,1,down_niche_bodysize,dolomites,creation
15,6,3,1,down_niche_bodysize,dolomites,creation
17,7,6,1,down_niche_bodysize,dolomites,creation
20,4,3,1,down_niche_bodysize,dolomites,creation
29,6,4,1,down_niche_bodysize,dolomites,creation
7,10,1,1,down_niche_bodysize,dolomites,creation
2,6,0,1,down_niche_bodysize,dolomites,creation
23,6,1,1,down_niche_bodysize,dolomites,creation
18,7,3,1,down_niche_bodysize,dolomites,creation
9,5,1,1,down_niche_bodysize,dolomites,creation
55,5,1,1,down_niche_bodysize,dolomites,creation
53,4,1,1,down_niche_bodysize,dolomites,creation
10,7,6,1,down_niche_bodysize,dolomites,creation
22,4,1,1,down_niche_bodysize,dolomites,creation
26,6,5,1,down_niche_bodysize,dolomites,creation
3,10,0,1,down_niche_bodysize,dolomites,creation
30,7,1,1,down_niche_bodysize,dolomites,creation
52,5,0,1,down_niche_bodysize,dolomites,creation
48,0,34,1,down_niche_bodysize,dolomites,creation
54,6,0,1,down_niche_bodysize,dolomites,creation
51,0,34,1,down_niche_bodysize,dolomites,creation
41,15,2,1,down_niche_bodysize,dolomites,creation
25,7,6,1,down_niche_bodysize,dolomites,creation
33,4,6,1,down_niche_bodysize,dolomites,creation
58,5,1,1,down_niche_bodysize,dolomites,creation
39,5,5,1,down_niche_bodysize,dolomites,creation
47,0,34,1,down_niche_bodysize,dolomites,creation
14,5,0,1,down_niche_bodysize,dolomites,creation
44,0,34,1,down_niche_bodysize,dolomites,creation
1,8,1,1,down_niche_bodysize,dolomites,creation
19,6,3,1,down_niche_bodysize,dolomites,creation
46,0,5,1,down_niche_bodysize,dolomites,creation
50,0,34,1,down_niche_bodysize,dolomites,creation
59,6,1,1,down_niche_bodysize,dolomites,creation
4,14,0,1,down_niche_bodysize,dolomites,creation
11,5,6,1,down_niche_bodysize,dolomites,creation
36,6,1,1,down_niche_bodysize,dolomites,creation
56,4,39,1,atn,dolomites,creation
34,6,1,1,atn,dolomites,creation
43,7,0,1,atn,dolomites,creation
40,7,1,1,atn,dolomites,creation
12,7,0,1,atn,dolomites,creation
13,6,1,1,atn,dolomites,creation
24,6,13,1,atn,dolomites,creation
49,0,26,1,atn,dolomites,creation
5,7,0,1,atn,dolomites,creation
31,7,0,1,atn,dolomites,creation
38,7,1,1,atn,dolomites,creation
45,0,6,1,atn,dolomites,creation
28,7,0,1,atn,dolomites,creation
37,7,0,1,atn,dolomites,creation
8,7,0,1,atn,dolomites,creation
35,7,1,1,atn,dolomites,creation
27,5,0,1,atn,dolomites,creation
21,7,0,1,atn,dolomites,creation
6,10,0,1,atn,dolomites,creation
32,9,0,1,atn,dolomites,creation
16,9,0,1,atn,dolomites,creation
57,6,26,1,atn,dolomites,creation
42,7,0,1,atn,dolomites,creation
15,7,0,1,atn,dolomites,creation
17,7,0,1,atn,dolomites,creation
20,6,1,1,atn,dolomites,creation
29,7,0,1,atn,dolomites,creation
7,7,0,1,atn,dolomites,creation
2,10,0,1,atn,dolomites,creation
23,6,1,1,atn,dolomites,creation
18,7,0,1,atn,dolomites,creation
9,7,1,1,atn,dolomites,creation
55,2,31,1,atn,dolomites,creation
53,0,6,1,atn,dolomites,creation
10,9,0,1,atn,dolomites,creation
22,6,36,1,atn,dolomites,creation
26,7,0,1,atn,dolomites,creation
3,20,0,1,atn,dolomites,creation
30,4,3,1,atn,dolomites,creation
52,0,4,1,atn,dolomites,creation
48,0,39,1,atn,dolomites,creation
54,0,19,1,atn,dolomites,creation
51,0,1,1,atn,dolomites,creation
41,7,0,1,atn,dolomites,creation
25,7,0,1,atn,dolomites,creation
33,9,0,1,atn,dolomites,creation
58,6,8,1,atn,dolomites,creation
39,7,1,1,atn,dolomites,creation
47,0,31,1,atn,dolomites,creation
14,7,1,1,atn,dolomites,creation
44,0,4,1,atn,dolomites,creation
1,7,0,1,atn,dolomites,creation
19,7,0,1,atn,dolomites,creation
46,0,19,1,atn,dolomites,creation
50,0,8,1,atn,dolomites,creation
59,7,1,1,atn,dolomites,creation
4,9,0,1,atn,dolomites,creation
11,7,0,1,atn,dolomites,creation
36,6,13,1,atn,dolomites,creation
34,0,19,1,down_power,dolomites,burnin
43,6,0,1,down_power,dolomites,burnin
40,0,21,1,down_power,dolomites,burnin
12,4,1,1,down_power,dolomites,burnin
13,5,1,1,down_power,dolomites,burnin
24,4,0,1,down_power,dolomites,burnin
49,4,0,1,down_power,dolomites,burnin
5,4,1,1,down_power,dolomites,burnin
31,3,1,1,down_power,dolomites,burnin
38,0,19,1,down_power,dolomites,burnin
45,4,0,1,down_power,dolomites,burnin
28,3,1,1,down_power,dolomites,burnin
37,0,22,1,down_power,dolomites,burnin
8,3,0,1,down_power,dolomites,burnin
35,0,14,1,down_power,dolomites,burnin
27,3,1,1,down_power,dolomites,burnin
21,7,0,1,down_power,dolomites,burnin
6,3,0,1,down_power,dolomites,burnin
32,5,1,1,down_power,dolomites,burnin
16,3,0,1,down_power,dolomites,burnin
42,7,0,1,down_power,dolomites,burnin
15,5,1,1,down_power,dolomites,burnin
17,5,1,1,down_power,dolomites,burnin
20,4,0,1,down_power,dolomites,burnin
29,3,1,1,down_power,dolomites,burnin
7,2,0,1,down_power,dolomites,burnin
2,4,0,1,down_power,dolomites,burnin
23,1,1,1,down_power,dolomites,burnin
18,6,0,1,down_power,dolomites,burnin
9,5,0,1,down_power,dolomites,burnin
10,6,0,1,down_power,dolomites,burnin
22,4,1,1,down_power,dolomites,burnin
26,6,0,1,down_power,dolomites,burnin
3,2,0,1,down_power,dolomites,burnin
30,3,0,1,down_power,dolomites,burnin
48,6,0,1,down_power,dolomites,burnin
41,0,23,1,down_power,dolomites,burnin
25,5,0,1,down_power,dolomites,burnin
33,19,1,1,down_power,dolomites,burnin
39,0,24,1,down_power,dolomites,burnin
47,4,0,1,down_power,dolomites,burnin
14,2,0,1,down_power,dolomites,burnin
44,4,0,1,down_power,dolomites,burnin
1,2,0,1,down_power,dolomites,burnin
19,4,0,1,down_power,dolomites,burnin
46,5,0,1,down_power,dolomites,burnin
4,4,1,1,down_power,dolomites,burnin
11,1,0,1,down_power,dolomites,burnin
36,0,24,1,down_power,dolomites,burnin
34,0,40,1,metaweb,dolomites,burnin
43,8,0,1,metaweb,dolomites,burnin
40,0,40,1,metaweb,dolomites,burnin
12,8,0,1,metaweb,dolomites,burnin
13,8,0,1,metaweb,dolomites,burnin
24,8,0,1,metaweb,dolomites,burnin
5,8,0,1,metaweb,dolomites,burnin
31,8,0,1,metaweb,dolomites,burnin
38,0,40,1,metaweb,dolomites,burnin
45,8,0,1,metaweb,dolomites,burnin
28,8,0,1,metaweb,dolomites,burnin
37,0,40,1,metaweb,dolomites,burnin
8,8,0,1,metaweb,dolomites,burnin
35,0,40,1,metaweb,dolomites,burnin
27,8,0,1,metaweb,dolomites,burnin
21,8,0,1,metaweb,dolomites,burnin
6,8,0,1,metaweb,dolomites,burnin
32,8,0,1,metaweb,dolomites,burnin
16,8,0,1,metaweb,dolomites,burnin
42,8,0,1,metaweb,dolomites,burnin
15,8,0,1,metaweb,dolomites,burnin
17,8,0,1,metaweb,dolomites,burnin
20,8,0,1,metaweb,dolomites,burnin
29,8,0,1,metaweb,dolomites,burnin
7,8,0,1,metaweb,dolomites,burnin
2,8,0,1,metaweb,dolomites,burnin
23,8,0,1,metaweb,dolomites,burnin
18,8,0,1,metaweb,dolomites,burnin
9,8,0,1,metaweb,dolomites,burnin
10,8,0,1,metaweb,dolomites,burnin
22,8,0,1,metaweb,dolomites,burnin
26,8,0,1,metaweb,dolomites,burnin
3,8,0,1,metaweb,dolomites,burnin
30,8,0,1,metaweb,dolomites,burnin
48,8,0,1,metaweb,dolomites,burnin
41,8,0,1,metaweb,dolomites,burnin
25,8,0,1,metaweb,dolomites,burnin
33,0,40,1,metaweb,dolomites,burnin
39,0,40,1,metaweb,dolomites,burnin
47,8,0,1,metaweb,dolomites,burnin
14,8,0,1,metaweb,dolomites,burnin
44,8,0,1,metaweb,dolomites,burnin
1,8,0,1,metaweb,dolomites,burnin
19,8,0,1,metaweb,dolomites,burnin
46,8,0,1,metaweb,dolomites,burnin
4,8,0,1,metaweb,dolomites,burnin
11,8,0,1,metaweb,dolomites,burnin
36,0,40,1,metaweb,dolomites,burnin
17,1,4,1,niche,dolomites,burnin
20,6,5,1,niche,dolomites,burnin
29,2,3,1,niche,dolomites,burnin
34,0,7,1,niche,dolomites,burnin
7,3,1,1,niche,dolomites,burnin
2,3,1,1,niche,dolomites,burnin
23,0,4,1,niche,dolomites,burnin
12,2,3,1,niche,dolomites,burnin
18,12,5,1,niche,dolomites,burnin
13,0,3,1,niche,dolomites,burnin
9,18,1,1,niche,dolomites,burnin
24,0,5,1,niche,dolomites,burnin
10,11,3,1,niche,dolomites,burnin
22,6,4,1,niche,dolomites,burnin
26,1,3,1,niche,dolomites,burnin
3,7,1,1,niche,dolomites,burnin
5,8,0,1,niche,dolomites,burnin
30,1,4,1,niche,dolomites,burnin
31,0,5,1,niche,dolomites,burnin
28,1,3,1,niche,dolomites,burnin
37,0,8,1,niche,dolomites,burnin
8,4,1,1,niche,dolomites,burnin
35,1,5,1,niche,dolomites,burnin
25,3,5,1,niche,dolomites,burnin
33,3,3,1,niche,dolomites,burnin
27,1,3,1,niche,dolomites,burnin
21,0,4,1,niche,dolomites,burnin
14,4,2,1,niche,dolomites,burnin
6,2,0,1,niche,dolomites,burnin
1,1,1,1,niche,dolomites,burnin
19,2,4,1,niche,dolomites,burnin
32,0,5,1,niche,dolomites,burnin
16,5,1,1,niche,dolomites,burnin
4,3,0,1,niche,dolomites,burnin
15,2,1,1,niche,dolomites,burnin
11,5,3,1,niche,dolomites,burnin
36,0,7,1,niche,dolomites,burnin
34,0,24,1,down_rand,dolomites,burnin
43,6,0,1,down_rand,dolomites,burnin
40,0,24,1,down_rand,dolomites,burnin
12,6,0,1,down_rand,dolomites,burnin
13,4,0,1,down_rand,dolomites,burnin
24,5,0,1,down_rand,dolomites,burnin
5,5,0,1,down_rand,dolomites,burnin
31,5,0,1,down_rand,dolomites,burnin
38,0,25,1,down_rand,dolomites,burnin
45,5,0,1,down_rand,dolomites,burnin
28,7,0,1,down_rand,dolomites,burnin
37,0,22,1,down_rand,dolomites,burnin
8,6,0,1,down_rand,dolomites,burnin
35,0,22,1,down_rand,dolomites,burnin
27,6,0,1,down_rand,dolomites,burnin
21,6,0,1,down_rand,dolomites,burnin
6,4,0,1,down_rand,dolomites,burnin
32,5,0,1,down_rand,dolomites,burnin
16,3,0,1,down_rand,dolomites,burnin
42,4,0,1,down_rand,dolomites,burnin
15,6,0,1,down_rand,dolomites,burnin
17,5,0,1,down_rand,dolomites,burnin
20,5,0,1,down_rand,dolomites,burnin
29,5,0,1,down_rand,dolomites,burnin
7,5,0,1,down_rand,dolomites,burnin
2,2,0,1,down_rand,dolomites,burnin
23,3,0,1,down_rand,dolomites,burnin
18,3,0,1,down_rand,dolomites,burnin
9,5,0,1,down_rand,dolomites,burnin
10,3,0,1,down_rand,dolomites,burnin
22,3,0,1,down_rand,dolomites,burnin
26,4,0,1,down_rand,dolomites,burnin
3,6,0,1,down_rand,dolomites,burnin
30,1,0,1,down_rand,dolomites,burnin
48,7,0,1,down_rand,dolomites,burnin
41,4,0,1,down_rand,dolomites,burnin
25,5,0,1,down_rand,dolomites,burnin
33,0,24,1,down_rand,dolomites,burnin
39,0,23,1,down_rand,dolomites,burnin
47,5,0,1,down_rand,dolomites,burnin
14,5,0,1,down_rand,dolomites,burnin
44,5,0,1,down_rand,dolomites,burnin
1,3,0,1,down_rand,dolomites,burnin
19,6,0,1,down_rand,dolomites,burnin
46,7,0,1,down_rand,dolomites,burnin
4,6,0,1,down_rand,dolomites,burnin
11,5,0,1,down_rand,dolomites,burnin
36,0,27,1,down_rand,dolomites,burnin
34,0,23,1,down_link,dolomites,burnin
43,4,0,1,down_link,dolomites,burnin
40,0,19,1,down_link,dolomites,burnin
12,3,0,1,down_link,dolomites,burnin
13,4,0,1,down_link,dolomites,burnin
24,6,0,1,down_link,dolomites,burnin
49,6,0,1,down_link,dolomites,burnin
5,5,1,1,down_link,dolomites,burnin
31,5,1,1,down_link,dolomites,burnin
38,0,24,1,down_link,dolomites,burnin
45,5,0,1,down_link,dolomites,burnin
28,4,1,1,down_link,dolomites,burnin
37,0,26,1,down_link,dolomites,burnin
8,3,0,1,down_link,dolomites,burnin
35,0,22,1,down_link,dolomites,burnin
27,4,1,1,down_link,dolomites,burnin
21,4,0,1,down_link,dolomites,burnin
6,4,1,1,down_link,dolomites,burnin
32,4,1,1,down_link,dolomites,burnin
16,3,1,1,down_link,dolomites,burnin
42,4,0,1,down_link,dolomites,burnin
15,4,1,1,down_link,dolomites,burnin
17,4,1,1,down_link,dolomites,burnin
20,4,0,1,down_link,dolomites,burnin
29,5,1,1,down_link,dolomites,burnin
7,4,0,1,down_link,dolomites,burnin
2,3,0,1,down_link,dolomites,burnin
23,5,1,1,down_link,dolomites,burnin
18,4,0,1,down_link,dolomites,burnin
9,4,0,1,down_link,dolomites,burnin
10,6,0,1,down_link,dolomites,burnin
22,4,0,1,down_link,dolomites,burnin
26,5,0,1,down_link,dolomites,burnin
3,6,0,1,down_link,dolomites,burnin
30,6,0,1,down_link,dolomites,burnin
48,4,0,1,down_link,dolomites,burnin
41,0,21,1,down_link,dolomites,burnin
25,5,0,1,down_link,dolomites,burnin
33,15,1,1,down_link,dolomites,burnin
39,0,21,1,down_link,dolomites,burnin
47,6,0,1,down_link,dolomites,burnin
14,4,1,1,down_link,dolomites,burnin
44,5,0,1,down_link,dolomites,burnin
1,3,0,1,down_link,dolomites,burnin
19,3,0,1,down_link,dolomites,burnin
46,4,0,1,down_link,dolomites,burnin
4,4,1,1,down_link,dolomites,burnin
11,6,0,1,down_link,dolomites,burnin
36,0,21,1,down_link,dolomites,burnin
34,15,0,1,down_niche,dolomites,burnin
43,5,0,1,down_niche,dolomites,burnin
40,0,20,1,down_niche,dolomites,burnin
12,7,1,1,down_niche,dolomites,burnin
13,6,1,1,down_niche,dolomites,burnin
24,5,2,1,down_niche,dolomites,burnin
49,5,1,1,down_niche,dolomites,burnin
5,5,1,1,down_niche,dolomites,burnin
31,6,1,1,down_niche,dolomites,burnin
38,0,33,1,down_niche,dolomites,burnin
45,6,0,1,down_niche,dolomites,burnin
28,8,2,1,down_niche,dolomites,burnin
37,0,5,1,down_niche,dolomites,burnin
8,5,0,1,down_niche,dolomites,burnin
35,0,34,1,down_niche,dolomites,burnin
27,5,1,1,down_niche,dolomites,burnin
21,6,1,1,down_niche,dolomites,burnin
6,6,0,1,down_niche,dolomites,burnin
32,5,1,1,down_niche,dolomites,burnin
16,6,0,1,down_niche,dolomites,burnin
42,0,34,1,down_niche,dolomites,burnin
15,4,0,1,down_niche,dolomites,burnin
17,6,0,1,down_niche,dolomites,burnin
20,6,1,1,down_niche,dolomites,burnin
29,6,0,1,down_niche,dolomites,burnin
7,6,0,1,down_niche,dolomites,burnin
2,7,0,1,down_niche,dolomites,burnin
23,7,0,1,down_niche,dolomites,burnin
18,7,2,1,down_niche,dolomites,burnin
9,6,1,1,down_niche,dolomites,burnin
10,7,2,1,down_niche,dolomites,burnin
22,6,1,1,down_niche,dolomites,burnin
26,4,2,1,down_niche,dolomites,burnin
3,5,0,1,down_niche,dolomites,burnin
30,7,1,1,down_niche,dolomites,burnin
48,5,1,1,down_niche,dolomites,burnin
41,0,33,1,down_niche,dolomites,burnin
25,6,0,1,down_niche,dolomites,burnin
33,6,0,1,down_niche,dolomites,burnin
39,0,33,1,down_niche,dolomites,burnin
47,7,1,1,down_niche,dolomites,burnin
14,3,1,1,down_niche,dolomites,burnin
44,4,1,1,down_niche,dolomites,burnin
1,13,0,1,down_niche,dolomites,burnin
19,6,1,1,down_niche,dolomites,burnin
46,5,1,1,down_niche,dolomites,burnin
50,6,1,1,down_niche,dolomites,burnin
4,7,2,1,down_niche,dolomites,burnin
11,7,2,1,down_niche,dolomites,burnin
36,0,35,1,down_niche,dolomites,burnin
34,15,0,1,down_niche_bodysize,dolomites,burnin
43,5,0,1,down_niche_bodysize,dolomites,burnin
40,0,20,1,down_niche_bodysize,dolomites,burnin
12,7,1,1,down_niche_bodysize,dolomites,burnin
13,6,1,1,down_niche_bodysize,dolomites,burnin
24,5,2,1,down_niche_bodysize,dolomites,burnin
49,5,1,1,down_niche_bodysize,dolomites,burnin
5,5,1,1,down_niche_bodysize,dolomites,burnin
31,6,1,1,down_niche_bodysize,dolomites,burnin
38,0,33,1,down_niche_bodysize,dolomites,burnin
45,6,0,1,down_niche_bodysize,dolomites,burnin
28,8,2,1,down_niche_bodysize,dolomites,burnin
37,0,5,1,down_niche_bodysize,dolomites,burnin
8,5,0,1,down_niche_bodysize,dolomites,burnin
35,0,34,1,down_niche_bodysize,dolomites,burnin
27,5,1,1,down_niche_bodysize,dolomites,burnin
21,6,1,1,down_niche_bodysize,dolomites,burnin
6,6,0,1,down_niche_bodysize,dolomites,burnin
32,5,1,1,down_niche_bodysize,dolomites,burnin
16,6,0,1,down_niche_bodysize,dolomites,burnin
42,0,34,1,down_niche_bodysize,dolomites,burnin
15,4,0,1,down_niche_bodysize,dolomites,burnin
17,6,0,1,down_niche_bodysize,dolomites,burnin
20,6,1,1,down_niche_bodysize,dolomites,burnin
29,6,0,1,down_niche_bodysize,dolomites,burnin
7,6,0,1,down_niche_bodysize,dolomites,burnin
2,7,0,1,down_niche_bodysize,dolomites,burnin
23,7,0,1,down_niche_bodysize,dolomites,burnin
18,7,2,1,down_niche_bodysize,dolomites,burnin
9,6,1,1,down_niche_bodysize,dolomites,burnin
10,7,2,1,down_niche_bodysize,dolomites,burnin
22,6,1,1,down_niche_bodysize,dolomites,burnin
26,4,2,1,down_niche_bodysize,dolomites,burnin
3,5,0,1,down_niche_bodysize,dolomites,burnin
30,7,1,1,down_niche_bodysize,dolomites,burnin
48,5,1,1,down_niche_bodysize,dolomites,burnin
41,0,33,1,down_niche_bodysize,dolomites,burnin
25,6,0,1,down_niche_bodysize,dolomites,burnin
33,6,0,1,down_niche_bodysize,dolomites,burnin
39,0,33,1,down_niche_bodysize,dolomites,burnin
47,7,1,1,down_niche_bodysize,dolomites,burnin
14,3,1,1,down_niche_bodysize,dolomites,burnin
44,4,1,1,down_niche_bodysize,dolomites,burnin
1,13,0,1,down_niche_bodysize,dolomites,burnin
19,6,1,1,down_niche_bodysize,dolomites,burnin
46,5,1,1,down_niche_bodysize,dolomites,burnin
50,6,1,1,down_niche_bodysize,dolomites,burnin
4,7,2,1,down_niche_bodysize,dolomites,burnin
11,7,2,1,down_niche_bodysize,dolomites,burnin
36,0,35,1,down_niche_bodysize,dolomites,burnin
34,7,1,1,atn,dolomites,burnin
43,0,21,1,atn,dolomites,burnin
40,0,19,1,atn,dolomites,burnin
12,6,1,1,atn,dolomites,burnin
13,7,1,1,atn,dolomites,burnin
24,7,0,1,atn,dolomites,burnin
49,2,30,1,atn,dolomites,burnin
5,10,0,1,atn,dolomites,burnin
31,6,8,1,atn,dolomites,burnin
38,0,4,1,atn,dolomites,burnin
45,0,1,1,atn,dolomites,burnin
28,9,0,1,atn,dolomites,burnin
37,7,0,1,atn,dolomites,burnin
8,7,1,1,atn,dolomites,burnin
35,7,1,1,atn,dolomites,burnin
27,9,0,1,atn,dolomites,burnin
21,6,1,1,atn,dolomites,burnin
6,7,0,1,atn,dolomites,burnin
32,7,0,1,atn,dolomites,burnin
16,7,0,1,atn,dolomites,burnin
42,0,33,1,atn,dolomites,burnin
15,9,0,1,atn,dolomites,burnin
17,7,0,1,atn,dolomites,burnin
20,6,30,1,atn,dolomites,burnin
29,6,1,1,atn,dolomites,burnin
7,7,0,1,atn,dolomites,burnin
2,20,0,1,atn,dolomites,burnin
23,7,0,1,atn,dolomites,burnin
18,6,1,1,atn,dolomites,burnin
9,9,0,1,atn,dolomites,burnin
53,7,1,1,atn,dolomites,burnin
10,7,0,1,atn,dolomites,burnin
22,6,8,1,atn,dolomites,burnin
26,7,0,1,atn,dolomites,burnin
3,9,0,1,atn,dolomites,burnin
30,7,1,1,atn,dolomites,burnin
52,6,8,1,atn,dolomites,burnin
48,0,19,1,atn,dolomites,burnin
51,6,21,1,atn,dolomites,burnin
41,0,30,1,atn,dolomites,burnin
25,4,3,1,atn,dolomites,burnin
33,7,1,1,atn,dolomites,burnin
39,0,6,1,atn,dolomites,burnin
47,0,6,1,atn,dolomites,burnin
14,7,0,1,atn,dolomites,burnin
44,0,8,1,atn,dolomites,burnin
1,10,0,1,atn,dolomites,burnin
19,7,0,1,atn,dolomites,burnin
46,0,4,1,atn,dolomites,burnin
50,4,33,1,atn,dolomites,burnin
4,7,0,1,atn,dolomites,burnin
11,7,0,1,atn,dolomites,burnin
36,7,0,1,atn,dolomites,burnin
56,7,0,2,down_power,dolomites,creation
34,8,6,2,down_power,dolomites,creation
43,24,7,2,down_power,dolomites,creation
40,6,2,2,down_power,dolomites,creation
12,6,8,2,down_power,dolomites,creation
13,7,2,2,down_power,dolomites,creation
24,6,2,2,down_power,dolomites,creation
49,0,34,2,down_power,dolomites,creation
5,29,3,2,down_power,dolomites,creation
31,6,8,2,down_power,dolomites,creation
38,6,7,2,down_power,dolomites,creation
45,0,39,2,down_power,dolomites,creation
28,7,6,2,down_power,dolomites,creation
37,5,7,2,down_power,dolomites,creation
8,5,1,2,down_power,dolomites,creation
35,7,6,2,down_power,dolomites,creation
27,6,8,2,down_power,dolomites,creation
21,6,7,2,down_power,dolomites,creation
6,24,6,2,down_power,dolomites,creation
32,7,0,2,down_power,dolomites,creation
16,6,7,2,down_power,dolomites,creation
57,5,1,2,down_power,dolomites,creation
42,35,6,2,down_power,dolomites,creation
15,5,4,2,down_power,dolomites,creation
17,8,7,2,down_power,dolomites,creation
20,5,6,2,down_power,dolomites,creation
29,6,6,2,down_power,dolomites,creation
7,20,7,2,down_power,dolomites,creation
2,17,2,2,down_power,dolomites,creation
23,6,2,2,down_power,dolomites,creation
18,8,7,2,down_power,dolomites,creation
9,7,1,2,down_power,dolomites,creation
55,7,0,2,down_power,dolomites,creation
53,6,1,2,down_power,dolomites,creation
10,8,7,2,down_power,dolomites,creation
22,7,2,2,down_power,dolomites,creation
26,6,8,2,down_power,dolomites,creation
3,17,2,2,down_power,dolomites,creation
30,6,2,2,down_power,dolomites,creation
52,7,1,2,down_power,dolomites,creation
48,0,30,2,down_power,dolomites,creation
54,6,1,2,down_power,dolomites,creation
51,0,36,2,down_power,dolomites,creation
41,35,6,2,down_power,dolomites,creation
25,8,5,2,down_power,dolomites,creation
33,6,7,2,down_power,dolomites,creation
58,7,1,2,down_power,dolomites,creation
39,6,7,2,down_power,dolomites,creation
47,0,35,2,down_power,dolomites,creation
14,5,0,2,down_power,dolomites,creation
44,0,35,2,down_power,dolomites,creation
1,9,8,2,down_power,dolomites,creation
19,7,6,2,down_power,dolomites,creation
46,0,33,2,down_power,dolomites,creation
50,0,38,2,down_power,dolomites,creation
59,7,1,2,down_power,dolomites,creation
4,27,4,2,down_power,dolomites,creation
11,8,8,2,down_power,dolomites,creation
36,6,2,2,down_power,dolomites,creation
56,8,1,2,metaweb,dolomites,creation
34,8,7,2,metaweb,dolomites,creation
43,28,7,2,metaweb,dolomites,creation
40,8,2,2,metaweb,dolomites,creation
12,8,8,2,metaweb,dolomites,creation
13,8,2,2,metaweb,dolomites,creation
24,8,2,2,metaweb,dolomites,creation
49,0,43,2,metaweb,dolomites,creation
5,31,4,2,metaweb,dolomites,creation
31,8,8,2,metaweb,dolomites,creation
38,8,7,2,metaweb,dolomites,creation
45,0,43,2,metaweb,dolomites,creation
28,8,7,2,metaweb,dolomites,creation
37,8,7,2,metaweb,dolomites,creation
8,8,1,2,metaweb,dolomites,creation
35,8,7,2,metaweb,dolomites,creation
27,8,8,2,metaweb,dolomites,creation
21,8,7,2,metaweb,dolomites,creation
6,27,7,2,metaweb,dolomites,creation
32,8,0,2,metaweb,dolomites,creation
16,8,7,2,metaweb,dolomites,creation
57,8,1,2,metaweb,dolomites,creation
42,35,7,2,metaweb,dolomites,creation
15,8,4,2,metaweb,dolomites,creation
17,8,7,2,metaweb,dolomites,creation
20,8,7,2,metaweb,dolomites,creation
29,8,7,2,metaweb,dolomites,creation
7,20,7,2,metaweb,dolomites,creation
2,18,2,2,metaweb,dolomites,creation
23,8,2,2,metaweb,dolomites,creation
18,8,7,2,metaweb,dolomites,creation
9,8,1,2,metaweb,dolomites,creation
55,8,1,2,metaweb,dolomites,creation
53,8,1,2,metaweb,dolomites,creation
10,8,8,2,metaweb,dolomites,creation
22,8,2,2,metaweb,dolomites,creation
26,8,8,2,metaweb,dolomites,creation
3,18,2,2,metaweb,dolomites,creation
30,8,2,2,metaweb,dolomites,creation
52,8,1,2,metaweb,dolomites,creation
48,0,43,2,metaweb,dolomites,creation
54,8,1,2,metaweb,dolomites,creation
51,0,43,2,metaweb,dolomites,creation
41,35,7,2,metaweb,dolomites,creation
25,8,8,2,metaweb,dolomites,creation
33,8,7,2,metaweb,dolomites,creation
58,8,1,2,metaweb,dolomites,creation
39,8,7,2,metaweb,dolomites,creation
47,0,43,2,metaweb,dolomites,creation
14,8,0,2,metaweb,dolomites,creation
44,0,43,2,metaweb,dolomites,creation
1,10,8,2,metaweb,dolomites,creation
19,8,7,2,metaweb,dolomites,creation
46,0,43,2,metaweb,dolomites,creation
50,0,43,2,metaweb,dolomites,creation
59,8,1,2,metaweb,dolomites,creation
4,31,4,2,metaweb,dolomites,creation
11,8,8,2,metaweb,dolomites,creation
36,8,2,2,metaweb,dolomites,creation
56,2,8,2,niche,dolomites,creation
34,12,12,2,niche,dolomites,creation
43,0,18,2,niche,dolomites,creation
40,8,18,2,niche,dolomites,creation
12,20,3,2,niche,dolomites,creation
13,12,3,2,niche,dolomites,creation
24,7,4,2,niche,dolomites,creation
49,1,13,2,niche,dolomites,creation
5,20,2,2,niche,dolomites,creation
31,14,9,2,niche,dolomites,creation
38,5,18,2,niche,dolomites,creation
45,7,18,2,niche,dolomites,creation
28,1,7,2,niche,dolomites,creation
37,3,18,2,niche,dolomites,creation
8,9,2,2,niche,dolomites,creation
35,1,12,2,niche,dolomites,creation
27,1,6,2,niche,dolomites,creation
21,16,3,2,niche,dolomites,creation
6,17,2,2,niche,dolomites,creation
32,3,10,2,niche,dolomites,creation
16,14,4,2,niche,dolomites,creation
57,0,8,2,niche,dolomites,creation
42,8,15,2,niche,dolomites,creation
15,10,4,2,niche,dolomites,creation
17,2,4,2,niche,dolomites,creation
20,19,4,2,niche,dolomites,creation
29,21,8,2,niche,dolomites,creation
7,1,2,2,niche,dolomites,creation
2,43,2,2,niche,dolomites,creation
23,11,4,2,niche,dolomites,creation
18,23,4,2,niche,dolomites,creation
9,6,2,2,niche,dolomites,creation
55,1,8,2,niche,dolomites,creation
53,4,9,2,niche,dolomites,creation
10,14,3,2,niche,dolomites,creation
22,6,4,2,niche,dolomites,creation
26,9,5,2,niche,dolomites,creation
3,11,2,2,niche,dolomites,creation
30,0,8,2,niche,dolomites,creation
52,6,10,2,niche,dolomites,creation
48,4,12,2,niche,dolomites,creation
54,1,10,2,niche,dolomites,creation
51,0,11,2,niche,dolomites,creation
41,6,16,2,niche,dolomites,creation
25,11,5,2,niche,dolomites,creation
33,1,11,2,niche,dolomites,creation
58,0,6,2,niche,dolomites,creation
39,1,17,2,niche,dolomites,creation
47,4,19,2,niche,dolomites,creation
14,15,3,2,niche,dolomites,creation
44,5,18,2,niche,dolomites,creation
1,23,2,2,niche,dolomites,creation
19,1,4,2,niche,dolomites,creation
46,5,17,2,niche,dolomites,creation
50,6,13,2,niche,dolomites,creation
59,0,3,2,niche,dolomites,creation
4,12,2,2,niche,dolomites,creation
11,2,3,2,niche,dolomites,creation
36,16,13,2,niche,dolomites,creation
56,7,1,2,down_rand,dolomites,creation
34,6,6,2,down_rand,dolomites,creation
43,25,5,2,down_rand,dolomites,creation
40,7,2,2,down_rand,dolomites,creation
12,6,7,2,down_rand,dolomites,creation
13,8,2,2,down_rand,dolomites,creation
24,7,2,2,down_rand,dolomites,creation
49,0,41,2,down_rand,dolomites,creation
5,25,4,2,down_rand,dolomites,creation
31,8,8,2,down_rand,dolomites,creation
38,7,5,2,down_rand,dolomites,creation
45,0,38,2,down_rand,dolomites,creation
28,8,7,2,down_rand,dolomites,creation
37,6,6,2,down_rand,dolomites,creation
8,7,1,2,down_rand,dolomites,creation
35,5,6,2,down_rand,dolomites,creation
27,6,7,2,down_rand,dolomites,creation
21,8,2,2,down_rand,dolomites,creation
6,21,6,2,down_rand,dolomites,creation
32,7,0,2,down_rand,dolomites,creation
16,7,7,2,down_rand,dolomites,creation
57,8,1,2,down_rand,dolomites,creation
42,28,5,2,down_rand,dolomites,creation
15,7,3,2,down_rand,dolomites,creation
17,7,7,2,down_rand,dolomites,creation
20,6,5,2,down_rand,dolomites,creation
29,8,7,2,down_rand,dolomites,creation
7,16,7,2,down_rand,dolomites,creation
2,16,1,2,down_rand,dolomites,creation
23,7,2,2,down_rand,dolomites,creation
18,7,5,2,down_rand,dolomites,creation
9,8,1,2,down_rand,dolomites,creation
55,8,0,2,down_rand,dolomites,creation
53,7,1,2,down_rand,dolomites,creation
10,7,7,2,down_rand,dolomites,creation
22,7,2,2,down_rand,dolomites,creation
26,7,7,2,down_rand,dolomites,creation
3,16,2,2,down_rand,dolomites,creation
30,8,2,2,down_rand,dolomites,creation
52,7,1,2,down_rand,dolomites,creation
48,0,35,2,down_rand,dolomites,creation
54,7,1,2,down_rand,dolomites,creation
51,0,38,2,down_rand,dolomites,creation
41,31,6,2,down_rand,dolomites,creation
25,8,7,2,down_rand,dolomites,creation
33,7,4,2,down_rand,dolomites,creation
58,6,1,2,down_rand,dolomites,creation
39,8,6,2,down_rand,dolomites,creation
47,0,36,2,down_rand,dolomites,creation
14,8,0,2,down_rand,dolomites,creation
44,0,39,2,down_rand,dolomites,creation
1,8,7,2,down_rand,dolomites,creation
19,7,7,2,down_rand,dolomites,creation
46,0,34,2,down_rand,dolomites,creation
50,0,39,2,down_rand,dolomites,creation
59,7,1,2,down_rand,dolomites,creation
4,29,3,2,down_rand,dolomites,creation
11,5,8,2,down_rand,dolomites,creation
36,4,0,2,down_rand,dolomites,creation
56,7,1,2,down_link,dolomites,creation
34,8,6,2,down_link,dolomites,creation
43,22,6,2,down_link,dolomites,creation
40,8,2,2,down_link,dolomites,creation
12,7,5,2,down_link,dolomites,creation
13,7,2,2,down_link,dolomites,creation
24,8,2,2,down_link,dolomites,creation
49,0,37,2,down_link,dolomites,creation
5,28,3,2,down_link,dolomites,creation
31,6,7,2,down_link,dolomites,creation
38,6,6,2,down_link,dolomites,creation
45,0,34,2,down_link,dolomites,creation
28,7,5,2,down_link,dolomites,creation
37,8,7,2,down_link,dolomites,creation
8,6,1,2,down_link,dolomites,creation
35,7,6,2,down_link,dolomites,creation
27,8,8,2,down_link,dolomites,creation
21,8,7,2,down_link,dolomites,creation
6,25,6,2,down_link,dolomites,creation
32,6,0,2,down_link,dolomites,creation
16,5,4,2,down_link,dolomites,creation
57,8,1,2,down_link,dolomites,creation
42,26,5,2,down_link,dolomites,creation
15,7,3,2,down_link,dolomites,creation
17,8,6,2,down_link,dolomites,creation
20,7,7,2,down_link,dolomites,creation
29,7,7,2,down_link,dolomites,creation
7,20,5,2,down_link,dolomites,creation
2,14,2,2,down_link,dolomites,creation
23,8,2,2,down_link,dolomites,creation
18,7,7,2,down_link,dolomites,creation
9,7,1,2,down_link,dolomites,creation
55,7,1,2,down_link,dolomites,creation
53,7,1,2,down_link,dolomites,creation
10,8,7,2,down_link,dolomites,creation
22,8,2,2,down_link,dolomites,creation
26,6,8,2,down_link,dolomites,creation
3,16,2,2,down_link,dolomites,creation
30,7,2,2,down_link,dolomites,creation
52,6,1,2,down_link,dolomites,creation
48,0,35,2,down_link,dolomites,creation
54,6,1,2,down_link,dolomites,creation
51,0,37,2,down_link,dolomites,creation
41,26,7,2,down_link,dolomites,creation
25,6,8,2,down_link,dolomites,creation
33,6,7,2,down_link,dolomites,creation
58,8,1,2,down_link,dolomites,creation
39,7,7,2,down_link,dolomites,creation
47,0,37,2,down_link,dolomites,creation
14,6,0,2,down_link,dolomites,creation
44,0,36,2,down_link,dolomites,creation
1,10,7,2,down_link,dolomites,creation
19,6,7,2,down_link,dolomites,creation
46,0,34,2,down_link,dolomites,creation
50,0,38,2,down_link,dolomites,creation
59,7,1,2,down_link,dolomites,creation
4,27,4,2,down_link,dolomites,creation
11,8,7,2,down_link,dolomites,creation
36,7,2,2,down_link,dolomites,creation
56,6,0,2,down_niche,dolomites,creation
34,7,6,2,down_niche,dolomites,creation
43,25,7,2,down_niche,dolomites,creation
40,7,0,2,down_niche,dolomites,creation
12,7,8,2,down_niche,dolomites,creation
13,8,2,2,down_niche,dolomites,creation
24,8,2,2,down_niche,dolomites,creation
49,0,40,2,down_niche,dolomites,creation
5,23,2,2,down_niche,dolomites,creation
31,7,7,2,down_niche,dolomites,creation
38,8,6,2,down_niche,dolomites,creation
45,0,40,2,down_niche,dolomites,creation
28,8,6,2,down_niche,dolomites,creation
37,7,7,2,down_niche,dolomites,creation
8,8,1,2,down_niche,dolomites,creation
35,7,7,2,down_niche,dolomites,creation
27,7,8,2,down_niche,dolomites,creation
21,7,7,2,down_niche,dolomites,creation
6,24,5,2,down_niche,dolomites,creation
32,7,0,2,down_niche,dolomites,creation
16,7,7,2,down_niche,dolomites,creation
57,7,1,2,down_niche,dolomites,creation
42,26,7,2,down_niche,dolomites,creation
15,8,4,2,down_niche,dolomites,creation
17,7,6,2,down_niche,dolomites,creation
20,8,5,2,down_niche,dolomites,creation
29,6,7,2,down_niche,dolomites,creation
7,17,2,2,down_niche,dolomites,creation
2,14,0,2,down_niche,dolomites,creation
23,7,2,2,down_niche,dolomites,creation
18,7,7,2,down_niche,dolomites,creation
9,8,1,2,down_niche,dolomites,creation
55,7,1,2,down_niche,dolomites,creation
53,7,1,2,down_niche,dolomites,creation
10,7,8,2,down_niche,dolomites,creation
22,8,2,2,down_niche,dolomites,creation
26,8,7,2,down_niche,dolomites,creation
3,14,0,2,down_niche,dolomites,creation
30,7,2,2,down_niche,dolomites,creation
52,7,1,2,down_niche,dolomites,creation
48,0,40,2,down_niche,dolomites,creation
54,7,1,2,down_niche,dolomites,creation
51,0,27,2,down_niche,dolomites,creation
41,30,5,2,down_niche,dolomites,creation
25,7,8,2,down_niche,dolomites,creation
33,8,4,2,down_niche,dolomites,creation
58,7,1,2,down_niche,dolomites,creation
39,7,5,2,down_niche,dolomites,creation
47,0,38,2,down_niche,dolomites,creation
14,8,0,2,down_niche,dolomites,creation
44,0,40,2,down_niche,dolomites,creation
1,8,3,2,down_niche,dolomites,creation
19,7,6,2,down_niche,dolomites,creation
46,0,39,2,down_niche,dolomites,creation
50,0,40,2,down_niche,dolomites,creation
59,7,1,2,down_niche,dolomites,creation
4,23,2,2,down_niche,dolomites,creation
11,7,7,2,down_niche,dolomites,creation
36,7,2,2,down_niche,dolomites,creation
56,6,0,2,down_niche_bodysize,dolomites,creation
34,7,6,2,down_niche_bodysize,dolomites,creation
43,25,7,2,down_niche_bodysize,dolomites,creation
40,7,0,2,down_niche_bodysize,dolomites,creation
12,7,8,2,down_niche_bodysize,dolomites,creation
13,8,2,2,down_niche_bodysize,dolomites,creation
24,8,2,2,down_niche_bodysize,dolomites,creation
49,0,40,2,down_niche_bodysize,dolomites,creation
5,23,2,2,down_niche_bodysize,dolomites,creation
31,7,7,2,down_niche_bodysize,dolomites,creation
38,8,6,2,down_niche_bodysize,dolomites,creation
45,0,40,2,down_niche_bodysize,dolomites,creation
28,8,6,2,down_niche_bodysize,dolomites,creation
37,7,7,2,down_niche_bodysize,dolomites,creation
8,8,1,2,down_niche_bodysize,dolomites,creation
35,7,7,2,down_niche_bodysize,dolomites,creation
27,7,8,2,down_niche_bodysize,dolomites,creation
21,7,7,2,down_niche_bodysize,dolomites,creation
6,24,5,2,down_niche_bodysize,dolomites,creation
32,7,0,2,down_niche_bodysize,dolomites,creation
16,7,7,2,down_niche_bodysize,dolomites,creation
57,7,1,2,down_niche_bodysize,dolomites,creation
42,26,7,2,down_niche_bodysize,dolomites,creation
15,8,4,2,down_niche_bodysize,dolomites,creation
17,7,6,2,down_niche_bodysize,dolomites,creation
20,8,5,2,down_niche_bodysize,dolomites,creation
29,6,7,2,down_niche_bodysize,dolomites,creation
7,17,2,2,down_niche_bodysize,dolomites,creation
2,14,0,2,down_niche_bodysize,dolomites,creation
23,7,2,2,down_niche_bodysize,dolomites,creation
18,7,7,2,down_niche_bodysize,dolomites,creation
9,8,1,2,down_niche_bodysize,dolomites,creation
55,7,1,2,down_niche_bodysize,dolomites,creation
53,7,1,2,down_niche_bodysize,dolomites,creation
10,7,8,2,down_niche_bodysize,dolomites,creation
22,8,2,2,down_niche_bodysize,dolomites,creation
26,8,7,2,down_niche_bodysize,dolomites,creation
3,14,0,2,down_niche_bodysize,dolomites,creation
30,7,2,2,down_niche_bodysize,dolomites,creation
52,7,1,2,down_niche_bodysize,dolomites,creation
48,0,40,2,down_niche_bodysize,dolomites,creation
54,7,1,2,down_niche_bodysize,dolomites,creation
51,0,27,2,down_niche_bodysize,dolomites,creation
41,30,5,2,down_niche_bodysize,dolomites,creation
25,7,8,2,down_niche_bodysize,dolomites,creation
33,8,4,2,down_niche_bodysize,dolomites,creation
58,7,1,2,down_niche_bodysize,dolomites,creation
39,7,5,2,down_niche_bodysize,dolomites,creation
47,0,38,2,down_niche_bodysize,dolomites,creation
14,8,0,2,down_niche_bodysize,dolomites,creation
44,0,40,2,down_niche_bodysize,dolomites,creation
1,8,3,2,down_niche_bodysize,dolomites,creation
19,7,6,2,down_niche_bodysize,dolomites,creation
46,0,39,2,down_niche_bodysize,dolomites,creation
50,0,40,2,down_niche_bodysize,dolomites,creation
59,7,1,2,down_niche_bodysize,dolomites,creation
4,23,2,2,down_niche_bodysize,dolomites,creation
11,7,7,2,down_niche_bodysize,dolomites,creation
36,7,2,2,down_niche_bodysize,dolomites,creation
56,6,44,2,atn,dolomites,creation
34,7,0,2,atn,dolomites,creation
43,7,1,2,atn,dolomites,creation
40,7,1,2,atn,dolomites,creation
12,9,1,2,atn,dolomites,creation
13,8,21,2,atn,dolomites,creation
24,8,20,2,atn,dolomites,creation
49,0,38,2,atn,dolomites,creation
5,12,0,2,atn,dolomites,creation
31,13,0,2,atn,dolomites,creation
38,7,0,2,atn,dolomites,creation
45,0,8,2,atn,dolomites,creation
28,13,0,2,atn,dolomites,creation
37,12,0,2,atn,dolomites,creation
8,14,0,2,atn,dolomites,creation
35,7,1,2,atn,dolomites,creation
27,7,1,2,atn,dolomites,creation
21,7,1,2,atn,dolomites,creation
6,12,0,2,atn,dolomites,creation
32,12,0,2,atn,dolomites,creation
16,14,0,2,atn,dolomites,creation
57,8,38,2,atn,dolomites,creation
42,14,0,2,atn,dolomites,creation
15,14,0,2,atn,dolomites,creation
17,12,0,2,atn,dolomites,creation
20,9,1,2,atn,dolomites,creation
29,8,1,2,atn,dolomites,creation
7,8,2,2,atn,dolomites,creation
2,26,0,2,atn,dolomites,creation
23,6,33,2,atn,dolomites,creation
18,14,0,2,atn,dolomites,creation
9,8,1,2,atn,dolomites,creation
55,4,36,2,atn,dolomites,creation
53,0,8,2,atn,dolomites,creation
10,12,0,2,atn,dolomites,creation
22,6,15,2,atn,dolomites,creation
26,9,1,2,atn,dolomites,creation
3,13,0,2,atn,dolomites,creation
30,6,19,2,atn,dolomites,creation
52,0,4,2,atn,dolomites,creation
48,0,44,2,atn,dolomites,creation
54,2,17,2,atn,dolomites,creation
51,0,1,2,atn,dolomites,creation
41,13,0,2,atn,dolomites,creation
25,12,0,2,atn,dolomites,creation
33,12,0,2,atn,dolomites,creation
58,8,21,2,atn,dolomites,creation
39,10,0,2,atn,dolomites,creation
47,0,36,2,atn,dolomites,creation
14,7,0,2,atn,dolomites,creation
44,0,4,2,atn,dolomites,creation
1,13,0,2,atn,dolomites,creation
19,7,0,2,atn,dolomites,creation
46,0,17,2,atn,dolomites,creation
50,0,21,2,atn,dolomites,creation
59,8,1,2,atn,dolomites,creation
4,12,0,2,atn,dolomites,creation
11,8,1,2,atn,dolomites,creation
36,8,20,2,atn,dolomites,creation
34,0,36,2,down_power,dolomites,burnin
43,6,0,2,down_power,dolomites,burnin
40,0,33,2,down_power,dolomites,burnin
12,7,0,2,down_power,dolomites,burnin
13,5,0,2,down_power,dolomites,burnin
24,6,0,2,down_power,dolomites,burnin
5,6,0,2,down_power,dolomites,burnin
31,6,0,2,down_power,dolomites,burnin
38,0,31,2,down_power,dolomites,burnin
45,7,0,2,down_power,dolomites,burnin
28,7,0,2,down_power,dolomites,burnin
37,0,28,2,down_power,dolomites,burnin
8,5,0,2,down_power,dolomites,burnin
35,0,30,2,down_power,dolomites,burnin
27,8,0,2,down_power,dolomites,burnin
21,7,0,2,down_power,dolomites,burnin
6,7,0,2,down_power,dolomites,burnin
32,6,0,2,down_power,dolomites,burnin
16,6,0,2,down_power,dolomites,burnin
42,6,0,2,down_power,dolomites,burnin
15,7,0,2,down_power,dolomites,burnin
17,6,0,2,down_power,dolomites,burnin
20,6,0,2,down_power,dolomites,burnin
29,6,0,2,down_power,dolomites,burnin
7,5,0,2,down_power,dolomites,burnin
2,7,0,2,down_power,dolomites,burnin
23,6,0,2,down_power,dolomites,burnin
18,8,0,2,down_power,dolomites,burnin
9,6,0,2,down_power,dolomites,burnin
10,8,0,2,down_power,dolomites,burnin
22,6,0,2,down_power,dolomites,burnin
26,6,0,2,down_power,dolomites,burnin
3,8,0,2,down_power,dolomites,burnin
30,5,0,2,down_power,dolomites,burnin
48,7,0,2,down_power,dolomites,burnin
41,7,0,2,down_power,dolomites,burnin
25,7,0,2,down_power,dolomites,burnin
33,0,32,2,down_power,dolomites,burnin
39,0,36,2,down_power,dolomites,burnin
47,7,0,2,down_power,dolomites,burnin
14,6,0,2,down_power,dolomites,burnin
44,7,0,2,down_power,dolomites,burnin
1,5,0,2,down_power,dolomites,burnin
19,6,0,2,down_power,dolomites,burnin
46,5,0,2,down_power,dolomites,burnin
4,8,0,2,down_power,dolomites,burnin
11,8,0,2,down_power,dolomites,burnin
36,0,32,2,down_power,dolomites,burnin
34,0,40,2,metaweb,dolomites,burnin
43,8,0,2,metaweb,dolomites,burnin
40,0,40,2,metaweb,dolomites,burnin
12,8,0,2,metaweb,dolomites,burnin
13,8,0,2,metaweb,dolomites,burnin
24,8,0,2,metaweb,dolomites,burnin
5,8,0,2,metaweb,dolomites,burnin
31,8,0,2,metaweb,dolomites,burnin
38,0,40,2,metaweb,dolomites,burnin
45,8,0,2,metaweb,dolomites,burnin
28,8,0,2,metaweb,dolomites,burnin
37,0,40,2,metaweb,dolomites,burnin
8,8,0,2,metaweb,dolomites,burnin
35,0,40,2,metaweb,dolomites,burnin
27,8,0,2,metaweb,dolomites,burnin
21,8,0,2,metaweb,dolomites,burnin
6,8,0,2,metaweb,dolomites,burnin
32,8,0,2,metaweb,dolomites,burnin
16,8,0,2,metaweb,dolomites,burnin
42,8,0,2,metaweb,dolomites,burnin
15,8,0,2,metaweb,dolomites,burnin
17,8,0,2,metaweb,dolomites,burnin
20,8,0,2,metaweb,dolomites,burnin
29,8,0,2,metaweb,dolomites,burnin
7,8,0,2,metaweb,dolomites,burnin
2,8,0,2,metaweb,dolomites,burnin
23,8,0,2,metaweb,dolomites,burnin
18,8,0,2,metaweb,dolomites,burnin
9,8,0,2,metaweb,dolomites,burnin
10,8,0,2,metaweb,dolomites,burnin
22,8,0,2,metaweb,dolomites,burnin
26,8,0,2,metaweb,dolomites,burnin
3,8,0,2,metaweb,dolomites,burnin
30,8,0,2,metaweb,dolomites,burnin
48,8,0,2,metaweb,dolomites,burnin
41,8,0,2,metaweb,dolomites,burnin
25,8,0,2,metaweb,dolomites,burnin
33,0,40,2,metaweb,dolomites,burnin
39,0,40,2,metaweb,dolomites,burnin
47,8,0,2,metaweb,dolomites,burnin
14,8,0,2,metaweb,dolomites,burnin
44,8,0,2,metaweb,dolomites,burnin
1,8,0,2,metaweb,dolomites,burnin
19,8,0,2,metaweb,dolomites,burnin
46,8,0,2,metaweb,dolomites,burnin
4,8,0,2,metaweb,dolomites,burnin
11,8,0,2,metaweb,dolomites,burnin
36,0,40,2,metaweb,dolomites,burnin
17,1,8,2,niche,dolomites,burnin
20,0,8,2,niche,dolomites,burnin
7,5,1,2,niche,dolomites,burnin
2,3,1,2,niche,dolomites,burnin
12,1,2,2,niche,dolomites,burnin
18,1,8,2,niche,dolomites,burnin
13,6,4,2,niche,dolomites,burnin
9,7,2,2,niche,dolomites,burnin
10,3,2,2,niche,dolomites,burnin
22,0,3,2,niche,dolomites,burnin
3,12,1,2,niche,dolomites,burnin
5,1,0,2,niche,dolomites,burnin
8,0,3,2,niche,dolomites,burnin
21,0,6,2,niche,dolomites,burnin
14,0,5,2,niche,dolomites,burnin
6,8,1,2,niche,dolomites,burnin
1,11,1,2,niche,dolomites,burnin
19,2,8,2,niche,dolomites,burnin
16,4,5,2,niche,dolomites,burnin
4,1,0,2,niche,dolomites,burnin
15,6,5,2,niche,dolomites,burnin
11,4,2,2,niche,dolomites,burnin
34,0,35,2,down_rand,dolomites,burnin
43,7,0,2,down_rand,dolomites,burnin
40,0,35,2,down_rand,dolomites,burnin
12,7,0,2,down_rand,dolomites,burnin
13,6,0,2,down_rand,dolomites,burnin
24,8,0,2,down_rand,dolomites,burnin
5,6,0,2,down_rand,dolomites,burnin
31,7,0,2,down_rand,dolomites,burnin
38,0,38,2,down_rand,dolomites,burnin
45,7,0,2,down_rand,dolomites,burnin
28,5,0,2,down_rand,dolomites,burnin
37,0,32,2,down_rand,dolomites,burnin
8,7,0,2,down_rand,dolomites,burnin
35,0,33,2,down_rand,dolomites,burnin
27,6,0,2,down_rand,dolomites,burnin
21,8,0,2,down_rand,dolomites,burnin
6,8,0,2,down_rand,dolomites,burnin
32,8,0,2,down_rand,dolomites,burnin
16,7,0,2,down_rand,dolomites,burnin
42,7,0,2,down_rand,dolomites,burnin
15,7,0,2,down_rand,dolomites,burnin
17,7,0,2,down_rand,dolomites,burnin
20,6,0,2,down_rand,dolomites,burnin
29,4,0,2,down_rand,dolomites,burnin
7,8,0,2,down_rand,dolomites,burnin
2,8,0,2,down_rand,dolomites,burnin
23,8,0,2,down_rand,dolomites,burnin
18,8,0,2,down_rand,dolomites,burnin
9,7,0,2,down_rand,dolomites,burnin
10,7,0,2,down_rand,dolomites,burnin
22,8,0,2,down_rand,dolomites,burnin
26,7,0,2,down_rand,dolomites,burnin
3,7,0,2,down_rand,dolomites,burnin
30,6,0,2,down_rand,dolomites,burnin
48,7,0,2,down_rand,dolomites,burnin
41,7,0,2,down_rand,dolomites,burnin
25,7,0,2,down_rand,dolomites,burnin
33,0,36,2,down_rand,dolomites,burnin
39,0,36,2,down_rand,dolomites,burnin
47,6,0,2,down_rand,dolomites,burnin
14,8,0,2,down_rand,dolomites,burnin
44,8,0,2,down_rand,dolomites,burnin
1,7,0,2,down_rand,dolomites,burnin
19,7,0,2,down_rand,dolomites,burnin
46,8,0,2,down_rand,dolomites,burnin
4,5,0,2,down_rand,dolomites,burnin
11,7,0,2,down_rand,dolomites,burnin
36,0,34,2,down_rand,dolomites,burnin
34,0,32,2,down_link,dolomites,burnin
43,6,0,2,down_link,dolomites,burnin
40,0,36,2,down_link,dolomites,burnin
12,6,0,2,down_link,dolomites,burnin
13,7,0,2,down_link,dolomites,burnin
24,6,0,2,down_link,dolomites,burnin
5,7,0,2,down_link,dolomites,burnin
31,6,0,2,down_link,dolomites,burnin
38,0,36,2,down_link,dolomites,burnin
45,7,0,2,down_link,dolomites,burnin
28,7,0,2,down_link,dolomites,burnin
37,0,35,2,down_link,dolomites,burnin
8,7,0,2,down_link,dolomites,burnin
35,0,33,2,down_link,dolomites,burnin
27,8,0,2,down_link,dolomites,burnin
21,7,0,2,down_link,dolomites,burnin
6,7,0,2,down_link,dolomites,burnin
32,7,0,2,down_link,dolomites,burnin
16,8,0,2,down_link,dolomites,burnin
42,7,0,2,down_link,dolomites,burnin
15,8,0,2,down_link,dolomites,burnin
17,8,0,2,down_link,dolomites,burnin
20,8,0,2,down_link,dolomites,burnin
29,7,0,2,down_link,dolomites,burnin
7,6,0,2,down_link,dolomites,burnin
2,7,0,2,down_link,dolomites,burnin
23,7,0,2,down_link,dolomites,burnin
18,6,0,2,down_link,dolomites,burnin
9,5,0,2,down_link,dolomites,burnin
10,8,0,2,down_link,dolomites,burnin
22,7,0,2,down_link,dolomites,burnin
26,6,0,2,down_link,dolomites,burnin
3,8,0,2,down_link,dolomites,burnin
30,8,0,2,down_link,dolomites,burnin
48,7,0,2,down_link,dolomites,burnin
41,6,0,2,down_link,dolomites,burnin
25,6,0,2,down_link,dolomites,burnin
33,0,35,2,down_link,dolomites,burnin
39,0,37,2,down_link,dolomites,burnin
47,8,0,2,down_link,dolomites,burnin
14,8,0,2,down_link,dolomites,burnin
44,7,0,2,down_link,dolomites,burnin
1,6,0,2,down_link,dolomites,burnin
19,6,0,2,down_link,dolomites,burnin
46,8,0,2,down_link,dolomites,burnin
4,8,0,2,down_link,dolomites,burnin
11,7,0,2,down_link,dolomites,burnin
36,0,35,2,down_link,dolomites,burnin
34,0,38,2,down_niche,dolomites,burnin
43,7,0,2,down_niche,dolomites,burnin
40,0,25,2,down_niche,dolomites,burnin
12,7,0,2,down_niche,dolomites,burnin
13,8,0,2,down_niche,dolomites,burnin
24,7,0,2,down_niche,dolomites,burnin
5,7,0,2,down_niche,dolomites,burnin
31,8,0,2,down_niche,dolomites,burnin
38,0,38,2,down_niche,dolomites,burnin
45,6,0,2,down_niche,dolomites,burnin
28,7,0,2,down_niche,dolomites,burnin
37,0,37,2,down_niche,dolomites,burnin
8,8,0,2,down_niche,dolomites,burnin
35,0,37,2,down_niche,dolomites,burnin
27,7,0,2,down_niche,dolomites,burnin
21,8,0,2,down_niche,dolomites,burnin
6,8,0,2,down_niche,dolomites,burnin
32,7,0,2,down_niche,dolomites,burnin
16,7,0,2,down_niche,dolomites,burnin
42,7,0,2,down_niche,dolomites,burnin
15,8,0,2,down_niche,dolomites,burnin
17,8,0,2,down_niche,dolomites,burnin
20,7,0,2,down_niche,dolomites,burnin
29,7,0,2,down_niche,dolomites,burnin
7,8,0,2,down_niche,dolomites,burnin
2,8,0,2,down_niche,dolomites,burnin
23,7,0,2,down_niche,dolomites,burnin
18,7,0,2,down_niche,dolomites,burnin
9,7,0,2,down_niche,dolomites,burnin
10,7,0,2,down_niche,dolomites,burnin
22,6,0,2,down_niche,dolomites,burnin
26,8,0,2,down_niche,dolomites,burnin
3,7,0,2,down_niche,dolomites,burnin
30,7,0,2,down_niche,dolomites,burnin
48,7,0,2,down_niche,dolomites,burnin
41,7,0,2,down_niche,dolomites,burnin
25,7,0,2,down_niche,dolomites,burnin
33,0,38,2,down_niche,dolomites,burnin
39,0,39,2,down_niche,dolomites,burnin
47,7,0,2,down_niche,dolomites,burnin
14,7,0,2,down_niche,dolomites,burnin
44,7,0,2,down_niche,dolomites,burnin
1,8,0,2,down_niche,dolomites,burnin
19,8,0,2,down_niche,dolomites,burnin
46,7,0,2,down_niche,dolomites,burnin
4,7,0,2,down_niche,dolomites,burnin
11,7,0,2,down_niche,dolomites,burnin
36,0,38,2,down_niche,dolomites,burnin
34,0,38,2,down_niche_bodysize,dolomites,burnin
43,7,0,2,down_niche_bodysize,dolomites,burnin
40,0,25,2,down_niche_bodysize,dolomites,burnin
12,7,0,2,down_niche_bodysize,dolomites,burnin
13,8,0,2,down_niche_bodysize,dolomites,burnin
24,7,0,2,down_niche_bodysize,dolomites,burnin
5,7,0,2,down_niche_bodysize,dolomites,burnin
31,8,0,2,down_niche_bodysize,dolomites,burnin
38,0,38,2,down_niche_bodysize,dolomites,burnin
45,6,0,2,down_niche_bodysize,dolomites,burnin
28,7,0,2,down_niche_bodysize,dolomites,burnin
37,0,37,2,down_niche_bodysize,dolomites,burnin
8,8,0,2,down_niche_bodysize,dolomites,burnin
35,0,37,2,down_niche_bodysize,dolomites,burnin
27,7,0,2,down_niche_bodysize,dolomites,burnin
21,8,0,2,down_niche_bodysize,dolomites,burnin
6,8,0,2,down_niche_bodysize,dolomites,burnin
32,7,0,2,down_niche_bodysize,dolomites,burnin
16,7,0,2,down_niche_bodysize,dolomites,burnin
42,7,0,2,down_niche_bodysize,dolomites,burnin
15,8,0,2,down_niche_bodysize,dolomites,burnin
17,8,0,2,down_niche_bodysize,dolomites,burnin
20,7,0,2,down_niche_bodysize,dolomites,burnin
29,7,0,2,down_niche_bodysize,dolomites,burnin
7,8,0,2,down_niche_bodysize,dolomites,burnin
2,8,0,2,down_niche_bodysize,dolomites,burnin
23,7,0,2,down_niche_bodysize,dolomites,burnin
18,7,0,2,down_niche_bodysize,dolomites,burnin
9,7,0,2,down_niche_bodysize,dolomites,burnin
10,7,0,2,down_niche_bodysize,dolomites,burnin
22,6,0,2,down_niche_bodysize,dolomites,burnin
26,8,0,2,down_niche_bodysize,dolomites,burnin
3,7,0,2,down_niche_bodysize,dolomites,burnin
30,7,0,2,down_niche_bodysize,dolomites,burnin
48,7,0,2,down_niche_bodysize,dolomites,burnin
41,7,0,2,down_niche_bodysize,dolomites,burnin
25,7,0,2,down_niche_bodysize,dolomites,burnin
33,0,38,2,down_niche_bodysize,dolomites,burnin
39,0,39,2,down_niche_bodysize,dolomites,burnin
47,7,0,2,down_niche_bodysize,dolomites,burnin
14,7,0,2,down_niche_bodysize,dolomites,burnin
44,7,0,2,down_niche_bodysize,dolomites,burnin
1,8,0,2,down_niche_bodysize,dolomites,burnin
19,8,0,2,down_niche_bodysize,dolomites,burnin
46,7,0,2,down_niche_bodysize,dolomites,burnin
4,7,0,2,down_niche_bodysize,dolomites,burnin
11,7,0,2,down_niche_bodysize,dolomites,burnin
36,0,38,2,down_niche_bodysize,dolomites,burnin
56,6,44,2,atn,dolomites,burnin
34,7,0,2,atn,dolomites,burnin
43,7,1,2,atn,dolomites,burnin
40,7,1,2,atn,dolomites,burnin
12,9,1,2,atn,dolomites,burnin
13,8,21,2,atn,dolomites,burnin
24,8,20,2,atn,dolomites,burnin
49,0,38,2,atn,dolomites,burnin
5,12,0,2,atn,dolomites,burnin
31,13,0,2,atn,dolomites,burnin
38,7,0,2,atn,dolomites,burnin
45,0,8,2,atn,dolomites,burnin
28,13,0,2,atn,dolomites,burnin
37,12,0,2,atn,dolomites,burnin
8,14,0,2,atn,dolomites,burnin
35,7,1,2,atn,dolomites,burnin
27,7,1,2,atn,dolomites,burnin
21,7,1,2,atn,dolomites,burnin
6,12,0,2,atn,dolomites,burnin
32,12,0,2,atn,dolomites,burnin
16,14,0,2,atn,dolomites,burnin
57,8,38,2,atn,dolomites,burnin
42,14,0,2,atn,dolomites,burnin
15,14,0,2,atn,dolomites,burnin
17,12,0,2,atn,dolomites,burnin
20,9,1,2,atn,dolomites,burnin
29,8,1,2,atn,dolomites,burnin
7,8,2,2,atn,dolomites,burnin
2,26,0,2,atn,dolomites,burnin
23,6,33,2,atn,dolomites,burnin
18,14,0,2,atn,dolomites,burnin
9,8,1,2,atn,dolomites,burnin
55,4,36,2,atn,dolomites,burnin
53,0,8,2,atn,dolomites,burnin
10,12,0,2,atn,dolomites,burnin
22,6,15,2,atn,dolomites,burnin
26,9,1,2,atn,dolomites,burnin
3,13,0,2,atn,dolomites,burnin
30,6,19,2,atn,dolomites,burnin
52,0,4,2,atn,dolomites,burnin
48,0,44,2,atn,dolomites,burnin
54,2,17,2,atn,dolomites,burnin
51,0,1,2,atn,dolomites,burnin
41,13,0,2,atn,dolomites,burnin
25,12,0,2,atn,dolomites,burnin
33,12,0,2,atn,dolomites,burnin
58,8,21,2,atn,dolomites,burnin
39,10,0,2,atn,dolomites,burnin
47,0,36,2,atn,dolomites,burnin
14,7,0,2,atn,dolomites,burnin
44,0,4,2,atn,dolomites,burnin
1,13,0,2,atn,dolomites,burnin
19,7,0,2,atn,dolomites,burnin
46,0,17,2,atn,dolomites,burnin
50,0,21,2,atn,dolomites,burnin
59,8,1,2,atn,dolomites,burnin
4,12,0,2,atn,dolomites,burnin
11,8,1,2,atn,dolomites,burnin
36,8,20,2,atn,dolomites,burnin
56,7,0,3,down_power,dolomites,creation
34,6,7,3,down_power,dolomites,creation
43,22,6,3,down_power,dolomites,creation
40,6,1,3,down_power,dolomites,creation
12,7,5,3,down_power,dolomites,creation
13,6,1,3,down_power,dolomites,creation
24,6,2,3,down_power,dolomites,creation
49,0,36,3,down_power,dolomites,creation
5,24,3,3,down_power,dolomites,creation
31,6,7,3,down_power,dolomites,creation
38,6,5,3,down_power,dolomites,creation
45,0,29,3,down_power,dolomites,creation
28,6,5,3,down_power,dolomites,creation
37,5,4,3,down_power,dolomites,creation
8,6,1,3,down_power,dolomites,creation
35,6,7,3,down_power,dolomites,creation
27,3,7,3,down_power,dolomites,creation
21,7,5,3,down_power,dolomites,creation
6,22,6,3,down_power,dolomites,creation
32,2,0,3,down_power,dolomites,creation
16,6,5,3,down_power,dolomites,creation
57,8,1,3,down_power,dolomites,creation
42,35,7,3,down_power,dolomites,creation
15,7,3,3,down_power,dolomites,creation
17,5,6,3,down_power,dolomites,creation
20,7,5,3,down_power,dolomites,creation
29,6,6,3,down_power,dolomites,creation
7,14,7,3,down_power,dolomites,creation
2,15,2,3,down_power,dolomites,creation
23,5,1,3,down_power,dolomites,creation
18,5,7,3,down_power,dolomites,creation
9,5,1,3,down_power,dolomites,creation
55,6,0,3,down_power,dolomites,creation
53,4,1,3,down_power,dolomites,creation
10,7,7,3,down_power,dolomites,creation
22,6,1,3,down_power,dolomites,creation
26,5,7,3,down_power,dolomites,creation
3,14,1,3,down_power,dolomites,creation
30,6,2,3,down_power,dolomites,creation
52,7,1,3,down_power,dolomites,creation
48,0,27,3,down_power,dolomites,creation
54,6,1,3,down_power,dolomites,creation
51,0,33,3,down_power,dolomites,creation
41,35,4,3,down_power,dolomites,creation
25,5,7,3,down_power,dolomites,creation
33,5,6,3,down_power,dolomites,creation
58,5,1,3,down_power,dolomites,creation
39,7,7,3,down_power,dolomites,creation
47,0,29,3,down_power,dolomites,creation
14,5,0,3,down_power,dolomites,creation
44,0,28,3,down_power,dolomites,creation
1,9,8,3,down_power,dolomites,creation
19,5,7,3,down_power,dolomites,creation
46,0,31,3,down_power,dolomites,creation
50,0,32,3,down_power,dolomites,creation
59,5,1,3,down_power,dolomites,creation
4,23,4,3,down_power,dolomites,creation
11,6,8,3,down_power,dolomites,creation
36,2,2,3,down_power,dolomites,creation
56,8,1,3,metaweb,dolomites,creation
34,8,7,3,metaweb,dolomites,creation
43,28,7,3,metaweb,dolomites,creation
40,8,2,3,metaweb,dolomites,creation
12,8,8,3,metaweb,dolomites,creation
13,8,2,3,metaweb,dolomites,creation
24,8,2,3,metaweb,dolomites,creation
49,0,43,3,metaweb,dolomites,creation
5,31,4,3,metaweb,dolomites,creation
31,8,8,3,metaweb,dolomites,creation
38,8,7,3,metaweb,dolomites,creation
45,0,43,3,metaweb,dolomites,creation
28,8,7,3,metaweb,dolomites,creation
37,8,7,3,metaweb,dolomites,creation
8,8,1,3,metaweb,dolomites,creation
35,8,7,3,metaweb,dolomites,creation
27,8,8,3,metaweb,dolomites,creation
21,8,7,3,metaweb,dolomites,creation
6,27,7,3,metaweb,dolomites,creation
32,8,0,3,metaweb,dolomites,creation
16,8,7,3,metaweb,dolomites,creation
57,8,1,3,metaweb,dolomites,creation
42,35,7,3,metaweb,dolomites,creation
15,8,4,3,metaweb,dolomites,creation
17,8,7,3,metaweb,dolomites,creation
20,8,7,3,metaweb,dolomites,creation
29,8,7,3,metaweb,dolomites,creation
7,20,7,3,metaweb,dolomites,creation
2,18,2,3,metaweb,dolomites,creation
23,8,2,3,metaweb,dolomites,creation
18,8,7,3,metaweb,dolomites,creation
9,8,1,3,metaweb,dolomites,creation
55,8,1,3,metaweb,dolomites,creation
53,8,1,3,metaweb,dolomites,creation
10,8,8,3,metaweb,dolomites,creation
22,8,2,3,metaweb,dolomites,creation
26,8,8,3,metaweb,dolomites,creation
3,18,2,3,metaweb,dolomites,creation
30,8,2,3,metaweb,dolomites,creation
52,8,1,3,metaweb,dolomites,creation
48,0,43,3,metaweb,dolomites,creation
54,8,1,3,metaweb,dolomites,creation
51,0,43,3,metaweb,dolomites,creation
41,35,7,3,metaweb,dolomites,creation
25,8,8,3,metaweb,dolomites,creation
33,8,7,3,metaweb,dolomites,creation
58,8,1,3,metaweb,dolomites,creation
39,8,7,3,metaweb,dolomites,creation
47,0,43,3,metaweb,dolomites,creation
14,8,0,3,metaweb,dolomites,creation
44,0,43,3,metaweb,dolomites,creation
1,10,8,3,metaweb,dolomites,creation
19,8,7,3,metaweb,dolomites,creation
46,0,43,3,metaweb,dolomites,creation
50,0,43,3,metaweb,dolomites,creation
59,8,1,3,metaweb,dolomites,creation
4,31,4,3,metaweb,dolomites,creation
11,8,8,3,metaweb,dolomites,creation
36,8,2,3,metaweb,dolomites,creation
56,2,7,3,niche,dolomites,creation
34,7,14,3,niche,dolomites,creation
43,4,12,3,niche,dolomites,creation
40,5,12,3,niche,dolomites,creation
12,14,3,3,niche,dolomites,creation
13,27,3,3,niche,dolomites,creation
24,20,7,3,niche,dolomites,creation
49,1,11,3,niche,dolomites,creation
5,23,1,3,niche,dolomites,creation
31,9,14,3,niche,dolomites,creation
38,0,12,3,niche,dolomites,creation
45,5,13,3,niche,dolomites,creation
28,22,9,3,niche,dolomites,creation
37,15,14,3,niche,dolomites,creation
8,1,1,3,niche,dolomites,creation
35,0,15,3,niche,dolomites,creation
27,19,8,3,niche,dolomites,creation
21,2,5,3,niche,dolomites,creation
6,2,1,3,niche,dolomites,creation
32,9,14,3,niche,dolomites,creation
16,19,2,3,niche,dolomites,creation
57,0,7,3,niche,dolomites,creation
42,8,10,3,niche,dolomites,creation
15,3,1,3,niche,dolomites,creation
17,14,2,3,niche,dolomites,creation
20,17,4,3,niche,dolomites,creation
29,6,10,3,niche,dolomites,creation
7,23,1,3,niche,dolomites,creation
2,2,1,3,niche,dolomites,creation
23,7,7,3,niche,dolomites,creation
18,8,2,3,niche,dolomites,creation
9,5,2,3,niche,dolomites,creation
55,0,8,3,niche,dolomites,creation
53,2,11,3,niche,dolomites,creation
10,9,3,3,niche,dolomites,creation
22,0,5,3,niche,dolomites,creation
26,17,9,3,niche,dolomites,creation
3,5,1,3,niche,dolomites,creation
30,4,11,3,niche,dolomites,creation
52,1,9,3,niche,dolomites,creation
48,7,9,3,niche,dolomites,creation
54,2,9,3,niche,dolomites,creation
51,2,10,3,niche,dolomites,creation
41,4,14,3,niche,dolomites,creation
25,3,7,3,niche,dolomites,creation
33,8,16,3,niche,dolomites,creation
58,0,9,3,niche,dolomites,creation
39,9,12,3,niche,dolomites,creation
47,2,11,3,niche,dolomites,creation
14,22,2,3,niche,dolomites,creation
44,2,12,3,niche,dolomites,creation
1,9,0,3,niche,dolomites,creation
19,14,2,3,niche,dolomites,creation
46,9,12,3,niche,dolomites,creation
50,2,10,3,niche,dolomites,creation
59,0,8,3,niche,dolomites,creation
4,1,1,3,niche,dolomites,creation
11,2,2,3,niche,dolomites,creation
36,8,15,3,niche,dolomites,creation
56,4,0,3,down_rand,dolomites,creation
34,6,6,3,down_rand,dolomites,creation
43,22,4,3,down_rand,dolomites,creation
40,5,2,3,down_rand,dolomites,creation
12,7,7,3,down_rand,dolomites,creation
13,6,2,3,down_rand,dolomites,creation
24,7,2,3,down_rand,dolomites,creation
49,0,33,3,down_rand,dolomites,creation
5,25,3,3,down_rand,dolomites,creation
31,5,6,3,down_rand,dolomites,creation
38,6,4,3,down_rand,dolomites,creation
45,0,33,3,down_rand,dolomites,creation
28,7,2,3,down_rand,dolomites,creation
37,7,6,3,down_rand,dolomites,creation
8,6,1,3,down_rand,dolomites,creation
35,5,7,3,down_rand,dolomites,creation
27,8,5,3,down_rand,dolomites,creation
21,6,6,3,down_rand,dolomites,creation
6,21,5,3,down_rand,dolomites,creation
32,8,0,3,down_rand,dolomites,creation
16,4,4,3,down_rand,dolomites,creation
57,4,1,3,down_rand,dolomites,creation
42,30,5,3,down_rand,dolomites,creation
15,7,3,3,down_rand,dolomites,creation
17,4,4,3,down_rand,dolomites,creation
20,7,3,3,down_rand,dolomites,creation
29,6,7,3,down_rand,dolomites,creation
7,17,5,3,down_rand,dolomites,creation
2,12,0,3,down_rand,dolomites,creation
23,5,2,3,down_rand,dolomites,creation
18,7,5,3,down_rand,dolomites,creation
9,6,1,3,down_rand,dolomites,creation
55,5,1,3,down_rand,dolomites,creation
53,6,1,3,down_rand,dolomites,creation
10,6,7,3,down_rand,dolomites,creation
22,6,2,3,down_rand,dolomites,creation
26,7,6,3,down_rand,dolomites,creation
3,13,2,3,down_rand,dolomites,creation
30,8,2,3,down_rand,dolomites,creation
52,3,1,3,down_rand,dolomites,creation
48,0,34,3,down_rand,dolomites,creation
54,7,0,3,down_rand,dolomites,creation
51,0,37,3,down_rand,dolomites,creation
41,23,5,3,down_rand,dolomites,creation
25,5,7,3,down_rand,dolomites,creation
33,8,7,3,down_rand,dolomites,creation
58,6,0,3,down_rand,dolomites,creation
39,6,5,3,down_rand,dolomites,creation
47,0,34,3,down_rand,dolomites,creation
14,6,0,3,down_rand,dolomites,creation
44,0,36,3,down_rand,dolomites,creation
1,8,7,3,down_rand,dolomites,creation
19,6,6,3,down_rand,dolomites,creation
46,0,29,3,down_rand,dolomites,creation
50,0,27,3,down_rand,dolomites,creation
59,8,1,3,down_rand,dolomites,creation
4,24,3,3,down_rand,dolomites,creation
11,6,8,3,down_rand,dolomites,creation
36,7,2,3,down_rand,dolomites,creation
56,4,1,3,down_link,dolomites,creation
34,5,5,3,down_link,dolomites,creation
43,21,6,3,down_link,dolomites,creation
40,8,1,3,down_link,dolomites,creation
12,6,6,3,down_link,dolomites,creation
13,6,2,3,down_link,dolomites,creation
24,4,2,3,down_link,dolomites,creation
49,0,36,3,down_link,dolomites,creation
5,25,4,3,down_link,dolomites,creation
31,5,8,3,down_link,dolomites,creation
38,6,4,3,down_link,dolomites,creation
45,0,27,3,down_link,dolomites,creation
28,5,7,3,down_link,dolomites,creation
37,7,6,3,down_link,dolomites,creation
8,8,1,3,down_link,dolomites,creation
35,6,7,3,down_link,dolomites,creation
27,5,7,3,down_link,dolomites,creation
21,7,6,3,down_link,dolomites,creation
6,22,6,3,down_link,dolomites,creation
32,5,0,3,down_link,dolomites,creation
16,6,6,3,down_link,dolomites,creation
57,4,1,3,down_link,dolomites,creation
42,20,4,3,down_link,dolomites,creation
15,6,4,3,down_link,dolomites,creation
17,8,6,3,down_link,dolomites,creation
20,7,7,3,down_link,dolomites,creation
29,5,3,3,down_link,dolomites,creation
7,17,5,3,down_link,dolomites,creation
2,15,2,3,down_link,dolomites,creation
23,6,2,3,down_link,dolomites,creation
18,8,5,3,down_link,dolomites,creation
9,7,1,3,down_link,dolomites,creation
55,5,1,3,down_link,dolomites,creation
53,7,1,3,down_link,dolomites,creation
10,7,7,3,down_link,dolomites,creation
22,6,2,3,down_link,dolomites,creation
26,4,7,3,down_link,dolomites,creation
3,16,1,3,down_link,dolomites,creation
30,6,2,3,down_link,dolomites,creation
52,8,1,3,down_link,dolomites,creation
48,0,30,3,down_link,dolomites,creation
54,8,1,3,down_link,dolomites,creation
51,0,30,3,down_link,dolomites,creation
41,25,5,3,down_link,dolomites,creation
25,8,5,3,down_link,dolomites,creation
33,6,6,3,down_link,dolomites,creation
58,6,1,3,down_link,dolomites,creation
39,5,5,3,down_link,dolomites,creation
47,0,31,3,down_link,dolomites,creation
14,6,0,3,down_link,dolomites,creation
44,0,29,3,down_link,dolomites,creation
1,8,8,3,down_link,dolomites,creation
19,5,5,3,down_link,dolomites,creation
46,0,31,3,down_link,dolomites,creation
50,0,35,3,down_link,dolomites,creation
59,5,1,3,down_link,dolomites,creation
4,26,3,3,down_link,dolomites,creation
11,6,6,3,down_link,dolomites,creation
36,7,2,3,down_link,dolomites,creation
56,8,1,3,down_niche,dolomites,creation
34,7,6,3,down_niche,dolomites,creation
43,14,5,3,down_niche,dolomites,creation
40,8,0,3,down_niche,dolomites,creation
12,7,6,3,down_niche,dolomites,creation
13,5,2,3,down_niche,dolomites,creation
24,7,2,3,down_niche,dolomites,creation
49,0,36,3,down_niche,dolomites,creation
5,19,0,3,down_niche,dolomites,creation
31,7,4,3,down_niche,dolomites,creation
38,6,7,3,down_niche,dolomites,creation
45,0,37,3,down_niche,dolomites,creation
28,8,6,3,down_niche,dolomites,creation
37,8,6,3,down_niche,dolomites,creation
8,7,1,3,down_niche,dolomites,creation
35,8,5,3,down_niche,dolomites,creation
27,7,5,3,down_niche,dolomites,creation
21,7,5,3,down_niche,dolomites,creation
6,20,2,3,down_niche,dolomites,creation
32,6,0,3,down_niche,dolomites,creation
16,7,5,3,down_niche,dolomites,creation
57,6,1,3,down_niche,dolomites,creation
42,24,1,3,down_niche,dolomites,creation
15,6,4,3,down_niche,dolomites,creation
17,8,5,3,down_niche,dolomites,creation
20,6,7,3,down_niche,dolomites,creation
29,7,6,3,down_niche,dolomites,creation
7,16,2,3,down_niche,dolomites,creation
2,6,2,3,down_niche,dolomites,creation
23,8,2,3,down_niche,dolomites,creation
18,6,7,3,down_niche,dolomites,creation
9,7,1,3,down_niche,dolomites,creation
55,8,1,3,down_niche,dolomites,creation
53,8,1,3,down_niche,dolomites,creation
10,8,5,3,down_niche,dolomites,creation
22,8,1,3,down_niche,dolomites,creation
26,7,5,3,down_niche,dolomites,creation
3,9,0,3,down_niche,dolomites,creation
30,7,0,3,down_niche,dolomites,creation
52,7,1,3,down_niche,dolomites,creation
48,0,38,3,down_niche,dolomites,creation
54,6,1,3,down_niche,dolomites,creation
51,0,37,3,down_niche,dolomites,creation
41,25,2,3,down_niche,dolomites,creation
25,6,6,3,down_niche,dolomites,creation
33,7,6,3,down_niche,dolomites,creation
58,7,1,3,down_niche,dolomites,creation
39,7,5,3,down_niche,dolomites,creation
47,0,38,3,down_niche,dolomites,creation
14,7,0,3,down_niche,dolomites,creation
44,0,38,3,down_niche,dolomites,creation
1,7,1,3,down_niche,dolomites,creation
19,8,5,3,down_niche,dolomites,creation
46,0,39,3,down_niche,dolomites,creation
50,0,22,3,down_niche,dolomites,creation
59,7,1,3,down_niche,dolomites,creation
4,16,1,3,down_niche,dolomites,creation
11,6,8,3,down_niche,dolomites,creation
36,7,2,3,down_niche,dolomites,creation
56,8,1,3,down_niche_bodysize,dolomites,creation
34,7,6,3,down_niche_bodysize,dolomites,creation
43,14,5,3,down_niche_bodysize,dolomites,creation
40,8,0,3,down_niche_bodysize,dolomites,creation
12,7,6,3,down_niche_bodysize,dolomites,creation
13,5,2,3,down_niche_bodysize,dolomites,creation
24,7,2,3,down_niche_bodysize,dolomites,creation
49,0,36,3,down_niche_bodysize,dolomites,creation
5,19,0,3,down_niche_bodysize,dolomites,creation
31,7,4,3,down_niche_bodysize,dolomites,creation
38,6,7,3,down_niche_bodysize,dolomites,creation
45,0,37,3,down_niche_bodysize,dolomites,creation
28,8,6,3,down_niche_bodysize,dolomites,creation
37,8,6,3,down_niche_bodysize,dolomites,creation
8,7,1,3,down_niche_bodysize,dolomites,creation
35,8,5,3,down_niche_bodysize,dolomites,creation
27,7,5,3,down_niche_bodysize,dolomites,creation
21,7,5,3,down_niche_bodysize,dolomites,creation
6,20,2,3,down_niche_bodysize,dolomites,creation
32,6,0,3,down_niche_bodysize,dolomites,creation
16,7,5,3,down_niche_bodysize,dolomites,creation
57,6,1,3,down_niche_bodysize,dolomites,creation
42,24,1,3,down_niche_bodysize,dolomites,creation
15,6,4,3,down_niche_bodysize,dolomites,creation
17,8,5,3,down_niche_bodysize,dolomites,creation
20,6,7,3,down_niche_bodysize,dolomites,creation
29,7,6,3,down_niche_bodysize,dolomites,creation
7,16,2,3,down_niche_bodysize,dolomites,creation
2,6,2,3,down_niche_bodysize,dolomites,creation
23,8,2,3,down_niche_bodysize,dolomites,creation
18,6,7,3,down_niche_bodysize,dolomites,creation
9,7,1,3,down_niche_bodysize,dolomites,creation
55,8,1,3,down_niche_bodysize,dolomites,creation
53,8,1,3,down_niche_bodysize,dolomites,creation
10,8,5,3,down_niche_bodysize,dolomites,creation
22,8,1,3,down_niche_bodysize,dolomites,creation
26,7,5,3,down_niche_bodysize,dolomites,creation
3,9,0,3,down_niche_bodysize,dolomites,creation
30,7,0,3,down_niche_bodysize,dolomites,creation
52,7,1,3,down_niche_bodysize,dolomites,creation
48,0,38,3,down_niche_bodysize,dolomites,creation
54,6,1,3,down_niche_bodysize,dolomites,creation
51,0,37,3,down_niche_bodysize,dolomites,creation
41,25,2,3,down_niche_bodysize,dolomites,creation
25,6,6,3,down_niche_bodysize,dolomites,creation
33,7,6,3,down_niche_bodysize,dolomites,creation
58,7,1,3,down_niche_bodysize,dolomites,creation
39,7,5,3,down_niche_bodysize,dolomites,creation
47,0,38,3,down_niche_bodysize,dolomites,creation
14,7,0,3,down_niche_bodysize,dolomites,creation
44,0,38,3,down_niche_bodysize,dolomites,creation
1,7,1,3,down_niche_bodysize,dolomites,creation
19,8,5,3,down_niche_bodysize,dolomites,creation
46,0,39,3,down_niche_bodysize,dolomites,creation
50,0,22,3,down_niche_bodysize,dolomites,creation
59,7,1,3,down_niche_bodysize,dolomites,creation
4,16,1,3,down_niche_bodysize,dolomites,creation
11,6,8,3,down_niche_bodysize,dolomites,creation
36,7,2,3,down_niche_bodysize,dolomites,creation
56,6,43,3,atn,dolomites,creation
34,7,0,3,atn,dolomites,creation
43,9,2,3,atn,dolomites,creation
40,9,2,3,atn,dolomites,creation
12,9,2,3,atn,dolomites,creation
13,6,14,3,atn,dolomites,creation
24,6,14,3,atn,dolomites,creation
49,0,35,3,atn,dolomites,creation
5,12,0,3,atn,dolomites,creation
31,13,0,3,atn,dolomites,creation
38,7,4,3,atn,dolomites,creation
45,0,6,3,atn,dolomites,creation
28,12,0,3,atn,dolomites,creation
37,10,0,3,atn,dolomites,creation
8,12,0,3,atn,dolomites,creation
35,7,0,3,atn,dolomites,creation
27,9,1,3,atn,dolomites,creation
21,7,0,3,atn,dolomites,creation
6,10,0,3,atn,dolomites,creation
32,12,0,3,atn,dolomites,creation
16,10,0,3,atn,dolomites,creation
57,8,35,3,atn,dolomites,creation
42,10,0,3,atn,dolomites,creation
15,10,0,3,atn,dolomites,creation
17,11,0,3,atn,dolomites,creation
20,7,2,3,atn,dolomites,creation
29,9,0,3,atn,dolomites,creation
7,9,1,3,atn,dolomites,creation
2,19,0,3,atn,dolomites,creation
23,6,11,3,atn,dolomites,creation
18,12,0,3,atn,dolomites,creation
9,9,2,3,atn,dolomites,creation
55,4,36,3,atn,dolomites,creation
53,0,6,3,atn,dolomites,creation
10,10,0,3,atn,dolomites,creation
22,6,20,3,atn,dolomites,creation
26,7,2,3,atn,dolomites,creation
3,23,0,3,atn,dolomites,creation
30,6,8,3,atn,dolomites,creation
52,0,5,3,atn,dolomites,creation
48,0,43,3,atn,dolomites,creation
54,2,20,3,atn,dolomites,creation
51,0,1,3,atn,dolomites,creation
41,12,0,3,atn,dolomites,creation
25,13,0,3,atn,dolomites,creation
33,13,0,3,atn,dolomites,creation
58,8,20,3,atn,dolomites,creation
39,7,0,3,atn,dolomites,creation
47,0,36,3,atn,dolomites,creation
14,7,0,3,atn,dolomites,creation
44,0,5,3,atn,dolomites,creation
1,12,0,3,atn,dolomites,creation
19,7,0,3,atn,dolomites,creation
46,0,20,3,atn,dolomites,creation
50,0,20,3,atn,dolomites,creation
59,9,1,3,atn,dolomites,creation
4,13,0,3,atn,dolomites,creation
11,7,0,3,atn,dolomites,creation
36,6,38,3,atn,dolomites,creation
34,0,26,3,down_power,dolomites,burnin
43,4,0,3,down_power,dolomites,burnin
40,0,30,3,down_power,dolomites,burnin
12,5,1,3,down_power,dolomites,burnin
13,7,1,3,down_power,dolomites,burnin
24,6,0,3,down_power,dolomites,burnin
49,5,0,3,down_power,dolomites,burnin
5,7,1,3,down_power,dolomites,burnin
31,6,1,3,down_power,dolomites,burnin
38,0,25,3,down_power,dolomites,burnin
45,6,0,3,down_power,dolomites,burnin
28,6,1,3,down_power,dolomites,burnin
37,0,27,3,down_power,dolomites,burnin
8,7,0,3,down_power,dolomites,burnin
35,0,27,3,down_power,dolomites,burnin
27,6,1,3,down_power,dolomites,burnin
21,6,0,3,down_power,dolomites,burnin
6,6,1,3,down_power,dolomites,burnin
32,7,1,3,down_power,dolomites,burnin
16,5,1,3,down_power,dolomites,burnin
42,7,0,3,down_power,dolomites,burnin
15,6,0,3,down_power,dolomites,burnin
17,6,1,3,down_power,dolomites,burnin
20,3,1,3,down_power,dolomites,burnin
29,2,1,3,down_power,dolomites,burnin
7,5,0,3,down_power,dolomites,burnin
2,5,0,3,down_power,dolomites,burnin
23,6,1,3,down_power,dolomites,burnin
18,5,0,3,down_power,dolomites,burnin
9,6,0,3,down_power,dolomites,burnin
10,5,0,3,down_power,dolomites,burnin
22,6,1,3,down_power,dolomites,burnin
26,5,0,3,down_power,dolomites,burnin
3,7,0,3,down_power,dolomites,burnin
30,5,0,3,down_power,dolomites,burnin
48,5,0,3,down_power,dolomites,burnin
41,0,31,3,down_power,dolomites,burnin
25,2,0,3,down_power,dolomites,burnin
33,21,1,3,down_power,dolomites,burnin
39,0,34,3,down_power,dolomites,burnin
47,8,0,3,down_power,dolomites,burnin
14,7,0,3,down_power,dolomites,burnin
44,6,0,3,down_power,dolomites,burnin
1,6,0,3,down_power,dolomites,burnin
19,5,1,3,down_power,dolomites,burnin
46,7,0,3,down_power,dolomites,burnin
4,6,1,3,down_power,dolomites,burnin
11,5,0,3,down_power,dolomites,burnin
36,0,29,3,down_power,dolomites,burnin
34,27,1,3,metaweb,dolomites,burnin
43,8,1,3,metaweb,dolomites,burnin
40,0,41,3,metaweb,dolomites,burnin
12,8,1,3,metaweb,dolomites,burnin
13,8,1,3,metaweb,dolomites,burnin
24,8,0,3,metaweb,dolomites,burnin
49,8,1,3,metaweb,dolomites,burnin
5,8,1,3,metaweb,dolomites,burnin
31,8,1,3,metaweb,dolomites,burnin
38,0,41,3,metaweb,dolomites,burnin
45,8,1,3,metaweb,dolomites,burnin
28,8,1,3,metaweb,dolomites,burnin
37,0,41,3,metaweb,dolomites,burnin
8,8,0,3,metaweb,dolomites,burnin
35,0,41,3,metaweb,dolomites,burnin
27,8,1,3,metaweb,dolomites,burnin
21,8,0,3,metaweb,dolomites,burnin
6,8,1,3,metaweb,dolomites,burnin
32,8,1,3,metaweb,dolomites,burnin
16,8,1,3,metaweb,dolomites,burnin
42,0,41,3,metaweb,dolomites,burnin
15,8,1,3,metaweb,dolomites,burnin
17,8,1,3,metaweb,dolomites,burnin
20,8,1,3,metaweb,dolomites,burnin
29,8,1,3,metaweb,dolomites,burnin
7,8,0,3,metaweb,dolomites,burnin
2,8,0,3,metaweb,dolomites,burnin
23,8,1,3,metaweb,dolomites,burnin
18,8,0,3,metaweb,dolomites,burnin
9,8,0,3,metaweb,dolomites,burnin
10,8,0,3,metaweb,dolomites,burnin
22,8,1,3,metaweb,dolomites,burnin
26,8,0,3,metaweb,dolomites,burnin
3,8,0,3,metaweb,dolomites,burnin
30,8,0,3,metaweb,dolomites,burnin
48,8,1,3,metaweb,dolomites,burnin
41,0,41,3,metaweb,dolomites,burnin
25,8,0,3,metaweb,dolomites,burnin
33,8,0,3,metaweb,dolomites,burnin
39,0,41,3,metaweb,dolomites,burnin
47,8,1,3,metaweb,dolomites,burnin
14,8,1,3,metaweb,dolomites,burnin
44,8,1,3,metaweb,dolomites,burnin
1,8,0,3,metaweb,dolomites,burnin
19,8,1,3,metaweb,dolomites,burnin
46,8,1,3,metaweb,dolomites,burnin
50,8,1,3,metaweb,dolomites,burnin
4,8,1,3,metaweb,dolomites,burnin
11,8,0,3,metaweb,dolomites,burnin
36,0,41,3,metaweb,dolomites,burnin
17,0,7,3,niche,dolomites,burnin
8,2,3,3,niche,dolomites,burnin
7,7,3,3,niche,dolomites,burnin
2,2,0,3,niche,dolomites,burnin
12,2,2,3,niche,dolomites,burnin
18,0,6,3,niche,dolomites,burnin
13,2,3,3,niche,dolomites,burnin
9,7,3,3,niche,dolomites,burnin
6,4,3,3,niche,dolomites,burnin
1,2,0,3,niche,dolomites,burnin
14,0,3,3,niche,dolomites,burnin
16,0,3,3,niche,dolomites,burnin
10,1,2,3,niche,dolomites,burnin
4,6,1,3,niche,dolomites,burnin
3,6,0,3,niche,dolomites,burnin
5,2,3,3,niche,dolomites,burnin
15,2,3,3,niche,dolomites,burnin
11,2,2,3,niche,dolomites,burnin
34,0,30,3,down_rand,dolomites,burnin
43,7,0,3,down_rand,dolomites,burnin
40,0,34,3,down_rand,dolomites,burnin
12,6,0,3,down_rand,dolomites,burnin
13,7,0,3,down_rand,dolomites,burnin
24,5,0,3,down_rand,dolomites,burnin
5,7,0,3,down_rand,dolomites,burnin
31,6,0,3,down_rand,dolomites,burnin
38,0,30,3,down_rand,dolomites,burnin
45,4,0,3,down_rand,dolomites,burnin
28,5,0,3,down_rand,dolomites,burnin
37,0,32,3,down_rand,dolomites,burnin
8,7,0,3,down_rand,dolomites,burnin
35,0,28,3,down_rand,dolomites,burnin
27,6,0,3,down_rand,dolomites,burnin
21,7,0,3,down_rand,dolomites,burnin
6,6,0,3,down_rand,dolomites,burnin
32,6,0,3,down_rand,dolomites,burnin
16,5,0,3,down_rand,dolomites,burnin
42,6,0,3,down_rand,dolomites,burnin
15,6,0,3,down_rand,dolomites,burnin
17,7,0,3,down_rand,dolomites,burnin
20,8,0,3,down_rand,dolomites,burnin
29,7,0,3,down_rand,dolomites,burnin
7,6,0,3,down_rand,dolomites,burnin
2,6,0,3,down_rand,dolomites,burnin
23,8,0,3,down_rand,dolomites,burnin
18,5,0,3,down_rand,dolomites,burnin
9,4,0,3,down_rand,dolomites,burnin
10,4,0,3,down_rand,dolomites,burnin
22,6,0,3,down_rand,dolomites,burnin
26,8,0,3,down_rand,dolomites,burnin
3,6,0,3,down_rand,dolomites,burnin
30,7,0,3,down_rand,dolomites,burnin
48,8,0,3,down_rand,dolomites,burnin
41,3,0,3,down_rand,dolomites,burnin
25,8,0,3,down_rand,dolomites,burnin
33,0,33,3,down_rand,dolomites,burnin
39,0,24,3,down_rand,dolomites,burnin
47,6,0,3,down_rand,dolomites,burnin
14,6,0,3,down_rand,dolomites,burnin
44,5,0,3,down_rand,dolomites,burnin
1,6,0,3,down_rand,dolomites,burnin
19,7,0,3,down_rand,dolomites,burnin
46,4,0,3,down_rand,dolomites,burnin
4,6,0,3,down_rand,dolomites,burnin
11,7,0,3,down_rand,dolomites,burnin
36,0,33,3,down_rand,dolomites,burnin
34,0,27,3,down_link,dolomites,burnin
43,8,0,3,down_link,dolomites,burnin
40,0,28,3,down_link,dolomites,burnin
12,5,0,3,down_link,dolomites,burnin
13,7,0,3,down_link,dolomites,burnin
24,5,0,3,down_link,dolomites,burnin
5,6,0,3,down_link,dolomites,burnin
31,6,0,3,down_link,dolomites,burnin
38,0,34,3,down_link,dolomites,burnin
45,4,0,3,down_link,dolomites,burnin
28,6,0,3,down_link,dolomites,burnin
37,0,29,3,down_link,dolomites,burnin
8,6,0,3,down_link,dolomites,burnin
35,0,30,3,down_link,dolomites,burnin
27,5,0,3,down_link,dolomites,burnin
21,5,0,3,down_link,dolomites,burnin
6,6,0,3,down_link,dolomites,burnin
32,5,0,3,down_link,dolomites,burnin
16,6,0,3,down_link,dolomites,burnin
42,7,0,3,down_link,dolomites,burnin
15,6,0,3,down_link,dolomites,burnin
17,4,0,3,down_link,dolomites,burnin
20,5,0,3,down_link,dolomites,burnin
29,7,0,3,down_link,dolomites,burnin
7,6,0,3,down_link,dolomites,burnin
2,7,0,3,down_link,dolomites,burnin
23,6,0,3,down_link,dolomites,burnin
18,8,0,3,down_link,dolomites,burnin
9,6,0,3,down_link,dolomites,burnin
10,8,0,3,down_link,dolomites,burnin
22,5,0,3,down_link,dolomites,burnin
26,6,0,3,down_link,dolomites,burnin
3,7,0,3,down_link,dolomites,burnin
30,7,0,3,down_link,dolomites,burnin
48,5,0,3,down_link,dolomites,burnin
41,8,0,3,down_link,dolomites,burnin
25,5,0,3,down_link,dolomites,burnin
33,0,29,3,down_link,dolomites,burnin
39,0,34,3,down_link,dolomites,burnin
47,6,0,3,down_link,dolomites,burnin
14,7,0,3,down_link,dolomites,burnin
44,5,0,3,down_link,dolomites,burnin
1,8,0,3,down_link,dolomites,burnin
19,4,0,3,down_link,dolomites,burnin
46,4,0,3,down_link,dolomites,burnin
4,6,0,3,down_link,dolomites,burnin
11,8,0,3,down_link,dolomites,burnin
36,0,30,3,down_link,dolomites,burnin
34,0,37,3,down_niche,dolomites,burnin
43,6,0,3,down_niche,dolomites,burnin
40,0,37,3,down_niche,dolomites,burnin
12,8,0,3,down_niche,dolomites,burnin
13,6,0,3,down_niche,dolomites,burnin
24,7,0,3,down_niche,dolomites,burnin
5,7,0,3,down_niche,dolomites,burnin
31,6,0,3,down_niche,dolomites,burnin
38,0,35,3,down_niche,dolomites,burnin
45,8,0,3,down_niche,dolomites,burnin
28,8,0,3,down_niche,dolomites,burnin
37,0,38,3,down_niche,dolomites,burnin
8,6,0,3,down_niche,dolomites,burnin
35,0,37,3,down_niche,dolomites,burnin
27,7,0,3,down_niche,dolomites,burnin
21,8,0,3,down_niche,dolomites,burnin
6,5,0,3,down_niche,dolomites,burnin
32,7,0,3,down_niche,dolomites,burnin
16,8,0,3,down_niche,dolomites,burnin
42,8,0,3,down_niche,dolomites,burnin
15,8,0,3,down_niche,dolomites,burnin
17,7,0,3,down_niche,dolomites,burnin
20,7,0,3,down_niche,dolomites,burnin
29,7,0,3,down_niche,dolomites,burnin
7,7,0,3,down_niche,dolomites,burnin
2,7,0,3,down_niche,dolomites,burnin
23,7,0,3,down_niche,dolomites,burnin
18,6,0,3,down_niche,dolomites,burnin
9,7,0,3,down_niche,dolomites,burnin
10,8,0,3,down_niche,dolomites,burnin
22,7,0,3,down_niche,dolomites,burnin
26,7,0,3,down_niche,dolomites,burnin
3,8,0,3,down_niche,dolomites,burnin
30,8,0,3,down_niche,dolomites,burnin
48,7,0,3,down_niche,dolomites,burnin
41,7,0,3,down_niche,dolomites,burnin
25,6,0,3,down_niche,dolomites,burnin
33,0,37,3,down_niche,dolomites,burnin
39,0,22,3,down_niche,dolomites,burnin
47,7,0,3,down_niche,dolomites,burnin
14,7,0,3,down_niche,dolomites,burnin
44,8,0,3,down_niche,dolomites,burnin
1,7,0,3,down_niche,dolomites,burnin
19,7,0,3,down_niche,dolomites,burnin
46,6,0,3,down_niche,dolomites,burnin
4,6,0,3,down_niche,dolomites,burnin
11,6,0,3,down_niche,dolomites,burnin
36,0,37,3,down_niche,dolomites,burnin
34,0,37,3,down_niche_bodysize,dolomites,burnin
43,6,0,3,down_niche_bodysize,dolomites,burnin
40,0,37,3,down_niche_bodysize,dolomites,burnin
12,8,0,3,down_niche_bodysize,dolomites,burnin
13,6,0,3,down_niche_bodysize,dolomites,burnin
24,7,0,3,down_niche_bodysize,dolomites,burnin
5,7,0,3,down_niche_bodysize,dolomites,burnin
31,6,0,3,down_niche_bodysize,dolomites,burnin
38,0,35,3,down_niche_bodysize,dolomites,burnin
45,8,0,3,down_niche_bodysize,dolomites,burnin
28,8,0,3,down_niche_bodysize,dolomites,burnin
37,0,38,3,down_niche_bodysize,dolomites,burnin
8,6,0,3,down_niche_bodysize,dolomites,burnin
35,0,37,3,down_niche_bodysize,dolomites,burnin
27,7,0,3,down_niche_bodysize,dolomites,burnin
21,8,0,3,down_niche_bodysize,dolomites,burnin
6,5,0,3,down_niche_bodysize,dolomites,burnin
32,7,0,3,down_niche_bodysize,dolomites,burnin
16,8,0,3,down_niche_bodysize,dolomites,burnin
42,8,0,3,down_niche_bodysize,dolomites,burnin
15,8,0,3,down_niche_bodysize,dolomites,burnin
17,7,0,3,down_niche_bodysize,dolomites,burnin
20,7,0,3,down_niche_bodysize,dolomites,burnin
29,7,0,3,down_niche_bodysize,dolomites,burnin
7,7,0,3,down_niche_bodysize,dolomites,burnin
2,7,0,3,down_niche_bodysize,dolomites,burnin
23,7,0,3,down_niche_bodysize,dolomites,burnin
18,6,0,3,down_niche_bodysize,dolomites,burnin
9,7,0,3,down_niche_bodysize,dolomites,burnin
10,8,0,3,down_niche_bodysize,dolomites,burnin
22,7,0,3,down_niche_bodysize,dolomites,burnin
26,7,0,3,down_niche_bodysize,dolomites,burnin
3,8,0,3,down_niche_bodysize,dolomites,burnin
30,8,0,3,down_niche_bodysize,dolomites,burnin
48,7,0,3,down_niche_bodysize,dolomites,burnin
41,7,0,3,down_niche_bodysize,dolomites,burnin
25,6,0,3,down_niche_bodysize,dolomites,burnin
33,0,37,3,down_niche_bodysize,dolomites,burnin
39,0,22,3,down_niche_bodysize,dolomites,burnin
47,7,0,3,down_niche_bodysize,dolomites,burnin
14,7,0,3,down_niche_bodysize,dolomites,burnin
44,8,0,3,down_niche_bodysize,dolomites,burnin
1,7,0,3,down_niche_bodysize,dolomites,burnin
19,7,0,3,down_niche_bodysize,dolomites,burnin
46,6,0,3,down_niche_bodysize,dolomites,burnin
4,6,0,3,down_niche_bodysize,dolomites,burnin
11,6,0,3,down_niche_bodysize,dolomites,burnin
36,0,37,3,down_niche_bodysize,dolomites,burnin
34,7,3,3,atn,dolomites,burnin
43,0,33,3,atn,dolomites,burnin
40,0,5,3,atn,dolomites,burnin
12,10,0,3,atn,dolomites,burnin
13,10,0,3,atn,dolomites,burnin
24,12,0,3,atn,dolomites,burnin
49,0,6,3,atn,dolomites,burnin
5,10,0,3,atn,dolomites,burnin
31,7,0,3,atn,dolomites,burnin
38,10,0,3,atn,dolomites,burnin
45,0,31,3,atn,dolomites,burnin
28,12,0,3,atn,dolomites,burnin
37,12,0,3,atn,dolomites,burnin
8,9,1,3,atn,dolomites,burnin
35,7,0,3,atn,dolomites,burnin
27,13,0,3,atn,dolomites,burnin
21,13,0,3,atn,dolomites,burnin
6,9,1,3,atn,dolomites,burnin
32,6,34,3,atn,dolomites,burnin
16,7,1,3,atn,dolomites,burnin
42,0,20,3,atn,dolomites,burnin
15,12,0,3,atn,dolomites,burnin
17,7,0,3,atn,dolomites,burnin
20,6,13,3,atn,dolomites,burnin
29,13,0,3,atn,dolomites,burnin
7,12,0,3,atn,dolomites,burnin
2,23,0,3,atn,dolomites,burnin
23,9,1,3,atn,dolomites,burnin
18,6,19,3,atn,dolomites,burnin
9,10,0,3,atn,dolomites,burnin
55,9,1,3,atn,dolomites,burnin
53,8,31,3,atn,dolomites,burnin
10,9,1,3,atn,dolomites,burnin
22,7,1,3,atn,dolomites,burnin
26,6,7,3,atn,dolomites,burnin
3,13,0,3,atn,dolomites,burnin
30,7,0,3,atn,dolomites,burnin
52,6,39,3,atn,dolomites,burnin
48,0,5,3,atn,dolomites,burnin
54,8,19,3,atn,dolomites,burnin
51,4,33,3,atn,dolomites,burnin
41,0,6,3,atn,dolomites,burnin
25,9,0,3,atn,dolomites,burnin
33,10,0,3,atn,dolomites,burnin
39,9,1,3,atn,dolomites,burnin
47,0,1,3,atn,dolomites,burnin
14,11,0,3,atn,dolomites,burnin
44,0,39,3,atn,dolomites,burnin
1,12,0,3,atn,dolomites,burnin
19,6,10,3,atn,dolomites,burnin
46,0,19,3,atn,dolomites,burnin
50,2,20,3,atn,dolomites,burnin
4,12,0,3,atn,dolomites,burnin
11,6,13,3,atn,dolomites,burnin
36,9,1,3,atn,dolomites,burnin
56,4,1,4,down_power,dolomites,creation
34,6,6,4,down_power,dolomites,creation
43,21,4,4,down_power,dolomites,creation
40,7,2,4,down_power,dolomites,creation
12,6,5,4,down_power,dolomites,creation
13,4,1,4,down_power,dolomites,creation
24,6,2,4,down_power,dolomites,creation
49,0,24,4,down_power,dolomites,creation
5,26,3,4,down_power,dolomites,creation
31,7,8,4,down_power,dolomites,creation
38,7,6,4,down_power,dolomites,creation
45,0,31,4,down_power,dolomites,creation
28,7,6,4,down_power,dolomites,creation
37,3,6,4,down_power,dolomites,creation
8,6,1,4,down_power,dolomites,creation
35,4,6,4,down_power,dolomites,creation
27,6,5,4,down_power,dolomites,creation
21,5,7,4,down_power,dolomites,creation
6,19,6,4,down_power,dolomites,creation
32,5,0,4,down_power,dolomites,creation
16,7,5,4,down_power,dolomites,creation
57,5,1,4,down_power,dolomites,creation
42,35,4,4,down_power,dolomites,creation
15,6,3,4,down_power,dolomites,creation
17,5,6,4,down_power,dolomites,creation
20,6,6,4,down_power,dolomites,creation
29,5,6,4,down_power,dolomites,creation
7,14,7,4,down_power,dolomites,creation
2,12,1,4,down_power,dolomites,creation
23,4,1,4,down_power,dolomites,creation
18,4,7,4,down_power,dolomites,creation
9,6,0,4,down_power,dolomites,creation
55,4,1,4,down_power,dolomites,creation
53,6,1,4,down_power,dolomites,creation
10,6,7,4,down_power,dolomites,creation
22,4,1,4,down_power,dolomites,creation
26,8,5,4,down_power,dolomites,creation
3,13,2,4,down_power,dolomites,creation
30,6,2,4,down_power,dolomites,creation
52,5,0,4,down_power,dolomites,creation
48,0,30,4,down_power,dolomites,creation
54,6,1,4,down_power,dolomites,creation
51,0,30,4,down_power,dolomites,creation
41,35,6,4,down_power,dolomites,creation
25,6,8,4,down_power,dolomites,creation
33,6,6,4,down_power,dolomites,creation
58,6,1,4,down_power,dolomites,creation
39,5,7,4,down_power,dolomites,creation
47,0,29,4,down_power,dolomites,creation
14,6,0,4,down_power,dolomites,creation
44,0,33,4,down_power,dolomites,creation
1,5,8,4,down_power,dolomites,creation
19,5,5,4,down_power,dolomites,creation
46,0,32,4,down_power,dolomites,creation
50,0,33,4,down_power,dolomites,creation
59,7,1,4,down_power,dolomites,creation
4,30,3,4,down_power,dolomites,creation
11,4,5,4,down_power,dolomites,creation
36,5,2,4,down_power,dolomites,creation
56,8,1,4,metaweb,dolomites,creation
34,8,7,4,metaweb,dolomites,creation
43,28,7,4,metaweb,dolomites,creation
40,8,2,4,metaweb,dolomites,creation
12,8,8,4,metaweb,dolomites,creation
13,8,2,4,metaweb,dolomites,creation
24,8,2,4,metaweb,dolomites,creation
49,0,43,4,metaweb,dolomites,creation
5,31,4,4,metaweb,dolomites,creation
31,8,8,4,metaweb,dolomites,creation
38,8,7,4,metaweb,dolomites,creation
45,0,43,4,metaweb,dolomites,creation
28,8,7,4,metaweb,dolomites,creation
37,8,7,4,metaweb,dolomites,creation
8,8,1,4,metaweb,dolomites,creation
35,8,7,4,metaweb,dolomites,creation
27,8,8,4,metaweb,dolomites,creation
21,8,7,4,metaweb,dolomites,creation
6,27,7,4,metaweb,dolomites,creation
32,8,0,4,metaweb,dolomites,creation
16,8,7,4,metaweb,dolomites,creation
57,8,1,4,metaweb,dolomites,creation
42,35,7,4,metaweb,dolomites,creation
15,8,4,4,metaweb,dolomites,creation
17,8,7,4,metaweb,dolomites,creation
20,8,7,4,metaweb,dolomites,creation
29,8,7,4,metaweb,dolomites,creation
7,20,7,4,metaweb,dolomites,creation
2,18,2,4,metaweb,dolomites,creation
23,8,2,4,metaweb,dolomites,creation
18,8,7,4,metaweb,dolomites,creation
9,8,1,4,metaweb,dolomites,creation
55,8,1,4,metaweb,dolomites,creation
53,8,1,4,metaweb,dolomites,creation
10,8,8,4,metaweb,dolomites,creation
22,8,2,4,metaweb,dolomites,creation
26,8,8,4,metaweb,dolomites,creation
3,18,2,4,metaweb,dolomites,creation
30,8,2,4,metaweb,dolomites,creation
52,8,1,4,metaweb,dolomites,creation
48,0,43,4,metaweb,dolomites,creation
54,8,1,4,metaweb,dolomites,creation
51,0,43,4,metaweb,dolomites,creation
41,35,7,4,metaweb,dolomites,creation
25,8,8,4,metaweb,dolomites,creation
33,8,7,4,metaweb,dolomites,creation
58,8,1,4,metaweb,dolomites,creation
39,8,7,4,metaweb,dolomites,creation
47,0,43,4,metaweb,dolomites,creation
14,8,0,4,metaweb,dolomites,creation
44,0,43,4,metaweb,dolomites,creation
1,10,8,4,metaweb,dolomites,creation
19,8,7,4,metaweb,dolomites,creation
46,0,43,4,metaweb,dolomites,creation
50,0,43,4,metaweb,dolomites,creation
59,8,1,4,metaweb,dolomites,creation
4,31,4,4,metaweb,dolomites,creation
11,8,8,4,metaweb,dolomites,creation
36,8,2,4,metaweb,dolomites,creation
56,1,13,4,niche,dolomites,creation
34,9,10,4,niche,dolomites,creation
43,0,11,4,niche,dolomites,creation
40,6,13,4,niche,dolomites,creation
12,20,6,4,niche,dolomites,creation
13,7,6,4,niche,dolomites,creation
24,10,6,4,niche,dolomites,creation
49,8,8,4,niche,dolomites,creation
5,6,3,4,niche,dolomites,creation
31,6,10,4,niche,dolomites,creation
38,3,13,4,niche,dolomites,creation
45,2,11,4,niche,dolomites,creation
28,6,4,4,niche,dolomites,creation
37,0,12,4,niche,dolomites,creation
8,11,3,4,niche,dolomites,creation
35,17,11,4,niche,dolomites,creation
27,14,4,4,niche,dolomites,creation
21,6,9,4,niche,dolomites,creation
6,23,3,4,niche,dolomites,creation
32,2,10,4,niche,dolomites,creation
16,10,6,4,niche,dolomites,creation
57,2,12,4,niche,dolomites,creation
42,9,10,4,niche,dolomites,creation
15,7,5,4,niche,dolomites,creation
17,7,9,4,niche,dolomites,creation
20,0,9,4,niche,dolomites,creation
29,8,4,4,niche,dolomites,creation
7,12,3,4,niche,dolomites,creation
2,7,2,4,niche,dolomites,creation
23,8,9,4,niche,dolomites,creation
18,3,8,4,niche,dolomites,creation
9,14,3,4,niche,dolomites,creation
55,1,14,4,niche,dolomites,creation
53,3,15,4,niche,dolomites,creation
10,21,4,4,niche,dolomites,creation
22,7,9,4,niche,dolomites,creation
26,8,4,4,niche,dolomites,creation
3,6,3,4,niche,dolomites,creation
30,20,4,4,niche,dolomites,creation
52,2,12,4,niche,dolomites,creation
48,0,8,4,niche,dolomites,creation
54,1,15,4,niche,dolomites,creation
51,2,12,4,niche,dolomites,creation
41,4,11,4,niche,dolomites,creation
25,8,6,4,niche,dolomites,creation
33,6,10,4,niche,dolomites,creation
58,0,13,4,niche,dolomites,creation
39,14,13,4,niche,dolomites,creation
47,8,7,4,niche,dolomites,creation
14,23,5,4,niche,dolomites,creation
44,6,11,4,niche,dolomites,creation
1,10,1,4,niche,dolomites,creation
19,10,9,4,niche,dolomites,creation
46,4,11,4,niche,dolomites,creation
50,3,8,4,niche,dolomites,creation
59,0,8,4,niche,dolomites,creation
4,29,3,4,niche,dolomites,creation
11,20,4,4,niche,dolomites,creation
36,18,12,4,niche,dolomites,creation
56,6,0,4,down_rand,dolomites,creation
34,6,5,4,down_rand,dolomites,creation
43,20,5,4,down_rand,dolomites,creation
40,3,2,4,down_rand,dolomites,creation
12,5,6,4,down_rand,dolomites,creation
13,6,2,4,down_rand,dolomites,creation
24,6,0,4,down_rand,dolomites,creation
49,0,34,4,down_rand,dolomites,creation
5,24,3,4,down_rand,dolomites,creation
31,6,8,4,down_rand,dolomites,creation
38,7,7,4,down_rand,dolomites,creation
45,0,32,4,down_rand,dolomites,creation
28,6,5,4,down_rand,dolomites,creation
37,7,6,4,down_rand,dolomites,creation
8,7,1,4,down_rand,dolomites,creation
35,7,4,4,down_rand,dolomites,creation
27,6,6,4,down_rand,dolomites,creation
21,6,5,4,down_rand,dolomites,creation
6,19,4,4,down_rand,dolomites,creation
32,6,0,4,down_rand,dolomites,creation
16,6,5,4,down_rand,dolomites,creation
57,6,1,4,down_rand,dolomites,creation
42,27,5,4,down_rand,dolomites,creation
15,7,2,4,down_rand,dolomites,creation
17,4,6,4,down_rand,dolomites,creation
20,7,7,4,down_rand,dolomites,creation
29,7,6,4,down_rand,dolomites,creation
7,15,6,4,down_rand,dolomites,creation
2,13,2,4,down_rand,dolomites,creation
23,7,2,4,down_rand,dolomites,creation
18,5,6,4,down_rand,dolomites,creation
9,5,0,4,down_rand,dolomites,creation
55,4,0,4,down_rand,dolomites,creation
53,8,0,4,down_rand,dolomites,creation
10,8,5,4,down_rand,dolomites,creation
22,6,1,4,down_rand,dolomites,creation
26,4,8,4,down_rand,dolomites,creation
3,16,1,4,down_rand,dolomites,creation
30,6,1,4,down_rand,dolomites,creation
52,4,0,4,down_rand,dolomites,creation
48,0,37,4,down_rand,dolomites,creation
54,5,0,4,down_rand,dolomites,creation
51,0,32,4,down_rand,dolomites,creation
41,26,5,4,down_rand,dolomites,creation
25,4,7,4,down_rand,dolomites,creation
33,8,4,4,down_rand,dolomites,creation
58,5,1,4,down_rand,dolomites,creation
39,7,5,4,down_rand,dolomites,creation
47,0,25,4,down_rand,dolomites,creation
14,5,0,4,down_rand,dolomites,creation
44,0,30,4,down_rand,dolomites,creation
1,8,6,4,down_rand,dolomites,creation
19,7,5,4,down_rand,dolomites,creation
46,0,36,4,down_rand,dolomites,creation
50,0,31,4,down_rand,dolomites,creation
59,6,1,4,down_rand,dolomites,creation
4,26,4,4,down_rand,dolomites,creation
11,5,7,4,down_rand,dolomites,creation
36,6,1,4,down_rand,dolomites,creation
56,7,1,4,down_link,dolomites,creation
34,7,5,4,down_link,dolomites,creation
43,19,6,4,down_link,dolomites,creation
40,8,1,4,down_link,dolomites,creation
12,5,7,4,down_link,dolomites,creation
13,8,2,4,down_link,dolomites,creation
24,4,2,4,down_link,dolomites,creation
49,0,27,4,down_link,dolomites,creation
5,26,4,4,down_link,dolomites,creation
31,5,8,4,down_link,dolomites,creation
38,7,6,4,down_link,dolomites,creation
45,0,33,4,down_link,dolomites,creation
28,6,6,4,down_link,dolomites,creation
37,6,5,4,down_link,dolomites,creation
8,6,1,4,down_link,dolomites,creation
35,5,6,4,down_link,dolomites,creation
27,5,7,4,down_link,dolomites,creation
21,5,6,4,down_link,dolomites,creation
6,22,5,4,down_link,dolomites,creation
32,5,0,4,down_link,dolomites,creation
16,4,6,4,down_link,dolomites,creation
57,5,1,4,down_link,dolomites,creation
42,23,5,4,down_link,dolomites,creation
15,6,4,4,down_link,dolomites,creation
17,5,7,4,down_link,dolomites,creation
20,7,5,4,down_link,dolomites,creation
29,6,7,4,down_link,dolomites,creation
7,18,5,4,down_link,dolomites,creation
2,16,2,4,down_link,dolomites,creation
23,6,1,4,down_link,dolomites,creation
18,5,6,4,down_link,dolomites,creation
9,6,1,4,down_link,dolomites,creation
55,6,1,4,down_link,dolomites,creation
53,7,1,4,down_link,dolomites,creation
10,6,6,4,down_link,dolomites,creation
22,5,2,4,down_link,dolomites,creation
26,5,5,4,down_link,dolomites,creation
3,13,2,4,down_link,dolomites,creation
30,6,2,4,down_link,dolomites,creation
52,7,1,4,down_link,dolomites,creation
48,0,31,4,down_link,dolomites,creation
54,8,1,4,down_link,dolomites,creation
51,0,27,4,down_link,dolomites,creation
41,25,6,4,down_link,dolomites,creation
25,6,7,4,down_link,dolomites,creation
33,6,4,4,down_link,dolomites,creation
58,6,1,4,down_link,dolomites,creation
39,6,6,4,down_link,dolomites,creation
47,0,32,4,down_link,dolomites,creation
14,6,0,4,down_link,dolomites,creation
44,0,32,4,down_link,dolomites,creation
1,9,7,4,down_link,dolomites,creation
19,6,6,4,down_link,dolomites,creation
46,0,28,4,down_link,dolomites,creation
50,0,27,4,down_link,dolomites,creation
59,6,1,4,down_link,dolomites,creation
4,24,4,4,down_link,dolomites,creation
11,6,6,4,down_link,dolomites,creation
36,4,2,4,down_link,dolomites,creation
56,7,1,4,down_niche,dolomites,creation
34,7,5,4,down_niche,dolomites,creation
43,11,2,4,down_niche,dolomites,creation
40,8,1,4,down_niche,dolomites,creation
12,7,5,4,down_niche,dolomites,creation
13,8,1,4,down_niche,dolomites,creation
24,7,2,4,down_niche,dolomites,creation
49,0,38,4,down_niche,dolomites,creation
5,17,1,4,down_niche,dolomites,creation
31,8,6,4,down_niche,dolomites,creation
38,7,6,4,down_niche,dolomites,creation
45,0,38,4,down_niche,dolomites,creation
28,8,4,4,down_niche,dolomites,creation
37,8,5,4,down_niche,dolomites,creation
8,7,1,4,down_niche,dolomites,creation
35,8,5,4,down_niche,dolomites,creation
27,7,7,4,down_niche,dolomites,creation
21,8,6,4,down_niche,dolomites,creation
6,19,1,4,down_niche,dolomites,creation
32,8,0,4,down_niche,dolomites,creation
16,6,7,4,down_niche,dolomites,creation
57,8,1,4,down_niche,dolomites,creation
42,23,1,4,down_niche,dolomites,creation
15,7,3,4,down_niche,dolomites,creation
17,7,4,4,down_niche,dolomites,creation
20,8,5,4,down_niche,dolomites,creation
29,8,4,4,down_niche,dolomites,creation
7,13,0,4,down_niche,dolomites,creation
2,7,0,4,down_niche,dolomites,creation
23,7,2,4,down_niche,dolomites,creation
18,6,5,4,down_niche,dolomites,creation
9,8,0,4,down_niche,dolomites,creation
55,7,1,4,down_niche,dolomites,creation
53,7,1,4,down_niche,dolomites,creation
10,7,6,4,down_niche,dolomites,creation
22,7,1,4,down_niche,dolomites,creation
26,8,5,4,down_niche,dolomites,creation
3,9,1,4,down_niche,dolomites,creation
30,7,1,4,down_niche,dolomites,creation
52,7,1,4,down_niche,dolomites,creation
48,0,23,4,down_niche,dolomites,creation
54,7,1,4,down_niche,dolomites,creation
51,0,38,4,down_niche,dolomites,creation
41,18,1,4,down_niche,dolomites,creation
25,8,7,4,down_niche,dolomites,creation
33,6,5,4,down_niche,dolomites,creation
58,7,1,4,down_niche,dolomites,creation
39,7,7,4,down_niche,dolomites,creation
47,0,38,4,down_niche,dolomites,creation
14,8,0,4,down_niche,dolomites,creation
44,0,38,4,down_niche,dolomites,creation
1,7,2,4,down_niche,dolomites,creation
19,7,4,4,down_niche,dolomites,creation
46,0,39,4,down_niche,dolomites,creation
50,0,40,4,down_niche,dolomites,creation
59,8,1,4,down_niche,dolomites,creation
4,14,1,4,down_niche,dolomites,creation
11,6,5,4,down_niche,dolomites,creation
36,6,1,4,down_niche,dolomites,creation
56,7,1,4,down_niche_bodysize,dolomites,creation
34,7,5,4,down_niche_bodysize,dolomites,creation
43,11,2,4,down_niche_bodysize,dolomites,creation
40,8,1,4,down_niche_bodysize,dolomites,creation
12,7,5,4,down_niche_bodysize,dolomites,creation
13,8,1,4,down_niche_bodysize,dolomites,creation
24,7,2,4,down_niche_bodysize,dolomites,creation
49,0,38,4,down_niche_bodysize,dolomites,creation
5,17,1,4,down_niche_bodysize,dolomites,creation
31,8,6,4,down_niche_bodysize,dolomites,creation
38,7,6,4,down_niche_bodysize,dolomites,creation
45,0,38,4,down_niche_bodysize,dolomites,creation
28,8,4,4,down_niche_bodysize,dolomites,creation
37,8,5,4,down_niche_bodysize,dolomites,creation
8,7,1,4,down_niche_bodysize,dolomites,creation
35,8,5,4,down_niche_bodysize,dolomites,creation
27,7,7,4,down_niche_bodysize,dolomites,creation
21,8,6,4,down_niche_bodysize,dolomites,creation
6,19,1,4,down_niche_bodysize,dolomites,creation
32,8,0,4,down_niche_bodysize,dolomites,creation
16,6,7,4,down_niche_bodysize,dolomites,creation
57,8,1,4,down_niche_bodysize,dolomites,creation
42,23,1,4,down_niche_bodysize,dolomites,creation
15,7,3,4,down_niche_bodysize,dolomites,creation
17,7,4,4,down_niche_bodysize,dolomites,creation
20,8,5,4,down_niche_bodysize,dolomites,creation
29,8,4,4,down_niche_bodysize,dolomites,creation
7,13,0,4,down_niche_bodysize,dolomites,creation
2,7,0,4,down_niche_bodysize,dolomites,creation
23,7,2,4,down_niche_bodysize,dolomites,creation
18,6,5,4,down_niche_bodysize,dolomites,creation
9,8,0,4,down_niche_bodysize,dolomites,creation
55,7,1,4,down_niche_bodysize,dolomites,creation
53,7,1,4,down_niche_bodysize,dolomites,creation
10,7,6,4,down_niche_bodysize,dolomites,creation
22,7,1,4,down_niche_bodysize,dolomites,creation
26,8,5,4,down_niche_bodysize,dolomites,creation
3,9,1,4,down_niche_bodysize,dolomites,creation
30,7,1,4,down_niche_bodysize,dolomites,creation
52,7,1,4,down_niche_bodysize,dolomites,creation
48,0,23,4,down_niche_bodysize,dolomites,creation
54,7,1,4,down_niche_bodysize,dolomites,creation
51,0,38,4,down_niche_bodysize,dolomites,creation
41,18,1,4,down_niche_bodysize,dolomites,creation
25,8,7,4,down_niche_bodysize,dolomites,creation
33,6,5,4,down_niche_bodysize,dolomites,creation
58,7,1,4,down_niche_bodysize,dolomites,creation
39,7,7,4,down_niche_bodysize,dolomites,creation
47,0,38,4,down_niche_bodysize,dolomites,creation
14,8,0,4,down_niche_bodysize,dolomites,creation
44,0,38,4,down_niche_bodysize,dolomites,creation
1,7,2,4,down_niche_bodysize,dolomites,creation
19,7,4,4,down_niche_bodysize,dolomites,creation
46,0,39,4,down_niche_bodysize,dolomites,creation
50,0,40,4,down_niche_bodysize,dolomites,creation
59,8,1,4,down_niche_bodysize,dolomites,creation
4,14,1,4,down_niche_bodysize,dolomites,creation
11,6,5,4,down_niche_bodysize,dolomites,creation
36,6,1,4,down_niche_bodysize,dolomites,creation
56,6,44,4,atn,dolomites,creation
34,7,0,4,atn,dolomites,creation
43,7,0,4,atn,dolomites,creation
40,9,0,4,atn,dolomites,creation
12,7,0,4,atn,dolomites,creation
13,9,17,4,atn,dolomites,creation
24,7,7,4,atn,dolomites,creation
49,0,34,4,atn,dolomites,creation
5,12,0,4,atn,dolomites,creation
31,12,0,4,atn,dolomites,creation
38,7,0,4,atn,dolomites,creation
45,0,8,4,atn,dolomites,creation
28,12,0,4,atn,dolomites,creation
37,11,0,4,atn,dolomites,creation
8,12,0,4,atn,dolomites,creation
35,7,0,4,atn,dolomites,creation
27,7,0,4,atn,dolomites,creation
21,9,0,4,atn,dolomites,creation
6,12,0,4,atn,dolomites,creation
32,8,0,4,atn,dolomites,creation
16,12,0,4,atn,dolomites,creation
57,8,34,4,atn,dolomites,creation
42,11,0,4,atn,dolomites,creation
15,12,0,4,atn,dolomites,creation
17,12,0,4,atn,dolomites,creation
20,7,2,4,atn,dolomites,creation
29,7,0,4,atn,dolomites,creation
7,7,0,4,atn,dolomites,creation
2,13,0,4,atn,dolomites,creation
23,4,44,4,atn,dolomites,creation
18,8,0,4,atn,dolomites,creation
9,7,0,4,atn,dolomites,creation
55,4,36,4,atn,dolomites,creation
53,0,8,4,atn,dolomites,creation
10,8,0,4,atn,dolomites,creation
22,9,15,4,atn,dolomites,creation
26,7,0,4,atn,dolomites,creation
3,13,0,4,atn,dolomites,creation
30,7,9,4,atn,dolomites,creation
52,0,5,4,atn,dolomites,creation
48,0,44,4,atn,dolomites,creation
54,2,16,4,atn,dolomites,creation
51,0,0,4,atn,dolomites,creation
41,11,0,4,atn,dolomites,creation
25,12,0,4,atn,dolomites,creation
33,12,0,4,atn,dolomites,creation
58,9,17,4,atn,dolomites,creation
39,7,0,4,atn,dolomites,creation
47,0,36,4,atn,dolomites,creation
14,7,0,4,atn,dolomites,creation
44,0,5,4,atn,dolomites,creation
1,11,0,4,atn,dolomites,creation
19,9,0,4,atn,dolomites,creation
46,0,16,4,atn,dolomites,creation
50,0,17,4,atn,dolomites,creation
59,9,0,4,atn,dolomites,creation
4,12,0,4,atn,dolomites,creation
11,7,0,4,atn,dolomites,creation
36,9,20,4,atn,dolomites,creation
34,0,30,4,down_power,dolomites,burnin
43,6,1,4,down_power,dolomites,burnin
40,0,30,4,down_power,dolomites,burnin
12,5,0,4,down_power,dolomites,burnin
13,6,0,4,down_power,dolomites,burnin
24,7,0,4,down_power,dolomites,burnin
49,7,1,4,down_power,dolomites,burnin
5,6,0,4,down_power,dolomites,burnin
31,7,0,4,down_power,dolomites,burnin
38,0,27,4,down_power,dolomites,burnin
45,4,1,4,down_power,dolomites,burnin
28,4,0,4,down_power,dolomites,burnin
37,0,26,4,down_power,dolomites,burnin
8,6,0,4,down_power,dolomites,burnin
35,0,28,4,down_power,dolomites,burnin
27,6,0,4,down_power,dolomites,burnin
21,7,0,4,down_power,dolomites,burnin
6,4,0,4,down_power,dolomites,burnin
32,5,0,4,down_power,dolomites,burnin
16,4,0,4,down_power,dolomites,burnin
42,5,0,4,down_power,dolomites,burnin
15,4,0,4,down_power,dolomites,burnin
17,6,0,4,down_power,dolomites,burnin
20,6,0,4,down_power,dolomites,burnin
29,5,0,4,down_power,dolomites,burnin
7,6,0,4,down_power,dolomites,burnin
2,6,0,4,down_power,dolomites,burnin
23,6,0,4,down_power,dolomites,burnin
18,6,0,4,down_power,dolomites,burnin
9,7,0,4,down_power,dolomites,burnin
10,5,0,4,down_power,dolomites,burnin
22,5,0,4,down_power,dolomites,burnin
26,6,0,4,down_power,dolomites,burnin
3,6,0,4,down_power,dolomites,burnin
30,3,0,4,down_power,dolomites,burnin
48,6,1,4,down_power,dolomites,burnin
41,0,28,4,down_power,dolomites,burnin
25,5,0,4,down_power,dolomites,burnin
33,7,0,4,down_power,dolomites,burnin
39,0,21,4,down_power,dolomites,burnin
47,5,1,4,down_power,dolomites,burnin
14,5,0,4,down_power,dolomites,burnin
44,6,1,4,down_power,dolomites,burnin
1,6,0,4,down_power,dolomites,burnin
19,8,0,4,down_power,dolomites,burnin
46,4,1,4,down_power,dolomites,burnin
4,4,0,4,down_power,dolomites,burnin
11,4,0,4,down_power,dolomites,burnin
36,0,29,4,down_power,dolomites,burnin
34,0,40,4,metaweb,dolomites,burnin
43,8,0,4,metaweb,dolomites,burnin
40,0,40,4,metaweb,dolomites,burnin
12,8,0,4,metaweb,dolomites,burnin
13,8,0,4,metaweb,dolomites,burnin
24,8,0,4,metaweb,dolomites,burnin
5,8,0,4,metaweb,dolomites,burnin
31,8,0,4,metaweb,dolomites,burnin
38,0,40,4,metaweb,dolomites,burnin
45,8,0,4,metaweb,dolomites,burnin
28,8,0,4,metaweb,dolomites,burnin
37,0,40,4,metaweb,dolomites,burnin
8,8,0,4,metaweb,dolomites,burnin
35,0,40,4,metaweb,dolomites,burnin
27,8,0,4,metaweb,dolomites,burnin
21,8,0,4,metaweb,dolomites,burnin
6,8,0,4,metaweb,dolomites,burnin
32,8,0,4,metaweb,dolomites,burnin
16,8,0,4,metaweb,dolomites,burnin
42,8,0,4,metaweb,dolomites,burnin
15,8,0,4,metaweb,dolomites,burnin
17,8,0,4,metaweb,dolomites,burnin
20,8,0,4,metaweb,dolomites,burnin
29,8,0,4,metaweb,dolomites,burnin
7,8,0,4,metaweb,dolomites,burnin
2,8,0,4,metaweb,dolomites,burnin
23,8,0,4,metaweb,dolomites,burnin
18,8,0,4,metaweb,dolomites,burnin
9,8,0,4,metaweb,dolomites,burnin
10,8,0,4,metaweb,dolomites,burnin
22,8,0,4,metaweb,dolomites,burnin
26,8,0,4,metaweb,dolomites,burnin
3,8,0,4,metaweb,dolomites,burnin
30,8,0,4,metaweb,dolomites,burnin
48,8,0,4,metaweb,dolomites,burnin
41,8,0,4,metaweb,dolomites,burnin
25,8,0,4,metaweb,dolomites,burnin
33,0,40,4,metaweb,dolomites,burnin
39,0,40,4,metaweb,dolomites,burnin
47,8,0,4,metaweb,dolomites,burnin
14,8,0,4,metaweb,dolomites,burnin
44,8,0,4,metaweb,dolomites,burnin
1,8,0,4,metaweb,dolomites,burnin
19,8,0,4,metaweb,dolomites,burnin
46,8,0,4,metaweb,dolomites,burnin
4,8,0,4,metaweb,dolomites,burnin
11,8,0,4,metaweb,dolomites,burnin
36,0,40,4,metaweb,dolomites,burnin
8,2,2,4,niche,dolomites,burnin
7,0,2,4,niche,dolomites,burnin
2,2,0,4,niche,dolomites,burnin
12,2,2,4,niche,dolomites,burnin
13,0,3,4,niche,dolomites,burnin
9,1,2,4,niche,dolomites,burnin
6,2,4,4,niche,dolomites,burnin
1,7,0,4,niche,dolomites,burnin
14,0,4,4,niche,dolomites,burnin
10,1,2,4,niche,dolomites,burnin
4,2,0,4,niche,dolomites,burnin
3,7,0,4,niche,dolomites,burnin
5,0,4,4,niche,dolomites,burnin
11,1,2,4,niche,dolomites,burnin
34,0,29,4,down_rand,dolomites,burnin
43,5,0,4,down_rand,dolomites,burnin
40,0,29,4,down_rand,dolomites,burnin
12,7,0,4,down_rand,dolomites,burnin
13,7,0,4,down_rand,dolomites,burnin
24,6,0,4,down_rand,dolomites,burnin
5,5,0,4,down_rand,dolomites,burnin
31,7,0,4,down_rand,dolomites,burnin
38,0,32,4,down_rand,dolomites,burnin
45,6,0,4,down_rand,dolomites,burnin
28,7,0,4,down_rand,dolomites,burnin
37,0,34,4,down_rand,dolomites,burnin
8,7,0,4,down_rand,dolomites,burnin
35,0,34,4,down_rand,dolomites,burnin
27,6,0,4,down_rand,dolomites,burnin
21,6,0,4,down_rand,dolomites,burnin
6,6,0,4,down_rand,dolomites,burnin
32,7,0,4,down_rand,dolomites,burnin
16,7,0,4,down_rand,dolomites,burnin
42,8,0,4,down_rand,dolomites,burnin
15,6,0,4,down_rand,dolomites,burnin
17,6,0,4,down_rand,dolomites,burnin
20,6,0,4,down_rand,dolomites,burnin
29,6,0,4,down_rand,dolomites,burnin
7,5,0,4,down_rand,dolomites,burnin
2,5,0,4,down_rand,dolomites,burnin
23,6,0,4,down_rand,dolomites,burnin
18,4,0,4,down_rand,dolomites,burnin
9,6,0,4,down_rand,dolomites,burnin
10,4,0,4,down_rand,dolomites,burnin
22,7,0,4,down_rand,dolomites,burnin
26,8,0,4,down_rand,dolomites,burnin
3,8,0,4,down_rand,dolomites,burnin
30,7,0,4,down_rand,dolomites,burnin
48,6,0,4,down_rand,dolomites,burnin
41,4,0,4,down_rand,dolomites,burnin
25,6,0,4,down_rand,dolomites,burnin
33,0,28,4,down_rand,dolomites,burnin
39,0,29,4,down_rand,dolomites,burnin
47,5,0,4,down_rand,dolomites,burnin
14,6,0,4,down_rand,dolomites,burnin
44,4,0,4,down_rand,dolomites,burnin
1,7,0,4,down_rand,dolomites,burnin
19,4,0,4,down_rand,dolomites,burnin
46,6,0,4,down_rand,dolomites,burnin
4,5,0,4,down_rand,dolomites,burnin
11,5,0,4,down_rand,dolomites,burnin
36,0,24,4,down_rand,dolomites,burnin
34,0,32,4,down_link,dolomites,burnin
43,8,0,4,down_link,dolomites,burnin
40,0,27,4,down_link,dolomites,burnin
12,6,0,4,down_link,dolomites,burnin
13,7,0,4,down_link,dolomites,burnin
24,5,0,4,down_link,dolomites,burnin
5,5,0,4,down_link,dolomites,burnin
31,7,0,4,down_link,dolomites,burnin
38,0,26,4,down_link,dolomites,burnin
45,7,0,4,down_link,dolomites,burnin
28,5,0,4,down_link,dolomites,burnin
37,0,31,4,down_link,dolomites,burnin
8,6,0,4,down_link,dolomites,burnin
35,0,27,4,down_link,dolomites,burnin
27,7,0,4,down_link,dolomites,burnin
21,6,0,4,down_link,dolomites,burnin
6,8,0,4,down_link,dolomites,burnin
32,6,0,4,down_link,dolomites,burnin
16,6,0,4,down_link,dolomites,burnin
42,7,0,4,down_link,dolomites,burnin
15,5,0,4,down_link,dolomites,burnin
17,4,0,4,down_link,dolomites,burnin
20,5,0,4,down_link,dolomites,burnin
29,4,0,4,down_link,dolomites,burnin
7,6,0,4,down_link,dolomites,burnin
2,6,0,4,down_link,dolomites,burnin
23,6,0,4,down_link,dolomites,burnin
18,6,0,4,down_link,dolomites,burnin
9,4,0,4,down_link,dolomites,burnin
10,5,0,4,down_link,dolomites,burnin
22,6,0,4,down_link,dolomites,burnin
26,6,0,4,down_link,dolomites,burnin
3,6,0,4,down_link,dolomites,burnin
30,6,0,4,down_link,dolomites,burnin
48,6,0,4,down_link,dolomites,burnin
41,7,0,4,down_link,dolomites,burnin
25,5,0,4,down_link,dolomites,burnin
33,0,32,4,down_link,dolomites,burnin
39,0,27,4,down_link,dolomites,burnin
47,6,0,4,down_link,dolomites,burnin
14,5,0,4,down_link,dolomites,burnin
44,6,0,4,down_link,dolomites,burnin
1,6,0,4,down_link,dolomites,burnin
19,5,0,4,down_link,dolomites,burnin
46,5,0,4,down_link,dolomites,burnin
4,6,0,4,down_link,dolomites,burnin
11,5,0,4,down_link,dolomites,burnin
36,0,31,4,down_link,dolomites,burnin
34,0,38,4,down_niche,dolomites,burnin
43,7,0,4,down_niche,dolomites,burnin
40,0,37,4,down_niche,dolomites,burnin
12,7,0,4,down_niche,dolomites,burnin
13,8,0,4,down_niche,dolomites,burnin
24,8,0,4,down_niche,dolomites,burnin
5,7,0,4,down_niche,dolomites,burnin
31,7,0,4,down_niche,dolomites,burnin
38,0,38,4,down_niche,dolomites,burnin
45,7,0,4,down_niche,dolomites,burnin
28,8,0,4,down_niche,dolomites,burnin
37,0,23,4,down_niche,dolomites,burnin
8,7,0,4,down_niche,dolomites,burnin
35,0,39,4,down_niche,dolomites,burnin
27,7,0,4,down_niche,dolomites,burnin
21,8,0,4,down_niche,dolomites,burnin
6,8,0,4,down_niche,dolomites,burnin
32,7,0,4,down_niche,dolomites,burnin
16,7,0,4,down_niche,dolomites,burnin
42,7,0,4,down_niche,dolomites,burnin
15,7,0,4,down_niche,dolomites,burnin
17,7,0,4,down_niche,dolomites,burnin
20,7,0,4,down_niche,dolomites,burnin
29,6,0,4,down_niche,dolomites,burnin
7,8,0,4,down_niche,dolomites,burnin
2,8,0,4,down_niche,dolomites,burnin
23,7,0,4,down_niche,dolomites,burnin
18,8,0,4,down_niche,dolomites,burnin
9,6,0,4,down_niche,dolomites,burnin
10,7,0,4,down_niche,dolomites,burnin
22,8,0,4,down_niche,dolomites,burnin
26,6,0,4,down_niche,dolomites,burnin
3,7,0,4,down_niche,dolomites,burnin
30,8,0,4,down_niche,dolomites,burnin
48,8,0,4,down_niche,dolomites,burnin
41,7,0,4,down_niche,dolomites,burnin
25,8,0,4,down_niche,dolomites,burnin
33,0,38,4,down_niche,dolomites,burnin
39,0,39,4,down_niche,dolomites,burnin
47,7,0,4,down_niche,dolomites,burnin
14,8,0,4,down_niche,dolomites,burnin
44,7,0,4,down_niche,dolomites,burnin
1,7,0,4,down_niche,dolomites,burnin
19,8,0,4,down_niche,dolomites,burnin
46,8,0,4,down_niche,dolomites,burnin
4,6,0,4,down_niche,dolomites,burnin
11,6,0,4,down_niche,dolomites,burnin
36,0,38,4,down_niche,dolomites,burnin
34,0,38,4,down_niche_bodysize,dolomites,burnin
43,7,0,4,down_niche_bodysize,dolomites,burnin
40,0,37,4,down_niche_bodysize,dolomites,burnin
12,7,0,4,down_niche_bodysize,dolomites,burnin
13,8,0,4,down_niche_bodysize,dolomites,burnin
24,8,0,4,down_niche_bodysize,dolomites,burnin
5,7,0,4,down_niche_bodysize,dolomites,burnin
31,7,0,4,down_niche_bodysize,dolomites,burnin
38,0,38,4,down_niche_bodysize,dolomites,burnin
45,7,0,4,down_niche_bodysize,dolomites,burnin
28,8,0,4,down_niche_bodysize,dolomites,burnin
37,0,23,4,down_niche_bodysize,dolomites,burnin
8,7,0,4,down_niche_bodysize,dolomites,burnin
35,0,39,4,down_niche_bodysize,dolomites,burnin
27,7,0,4,down_niche_bodysize,dolomites,burnin
21,8,0,4,down_niche_bodysize,dolomites,burnin
6,8,0,4,down_niche_bodysize,dolomites,burnin
32,7,0,4,down_niche_bodysize,dolomites,burnin
16,7,0,4,down_niche_bodysize,dolomites,burnin
42,7,0,4,down_niche_bodysize,dolomites,burnin
15,7,0,4,down_niche_bodysize,dolomites,burnin
17,7,0,4,down_niche_bodysize,dolomites,burnin
20,7,0,4,down_niche_bodysize,dolomites,burnin
29,6,0,4,down_niche_bodysize,dolomites,burnin
7,8,0,4,down_niche_bodysize,dolomites,burnin
2,8,0,4,down_niche_bodysize,dolomites,burnin
23,7,0,4,down_niche_bodysize,dolomites,burnin
18,8,0,4,down_niche_bodysize,dolomites,burnin
9,6,0,4,down_niche_bodysize,dolomites,burnin
10,7,0,4,down_niche_bodysize,dolomites,burnin
22,8,0,4,down_niche_bodysize,dolomites,burnin
26,6,0,4,down_niche_bodysize,dolomites,burnin
3,7,0,4,down_niche_bodysize,dolomites,burnin
30,8,0,4,down_niche_bodysize,dolomites,burnin
48,8,0,4,down_niche_bodysize,dolomites,burnin
41,7,0,4,down_niche_bodysize,dolomites,burnin
25,8,0,4,down_niche_bodysize,dolomites,burnin
33,0,38,4,down_niche_bodysize,dolomites,burnin
39,0,39,4,down_niche_bodysize,dolomites,burnin
47,7,0,4,down_niche_bodysize,dolomites,burnin
14,8,0,4,down_niche_bodysize,dolomites,burnin
44,7,0,4,down_niche_bodysize,dolomites,burnin
1,7,0,4,down_niche_bodysize,dolomites,burnin
19,8,0,4,down_niche_bodysize,dolomites,burnin
46,8,0,4,down_niche_bodysize,dolomites,burnin
4,6,0,4,down_niche_bodysize,dolomites,burnin
11,6,0,4,down_niche_bodysize,dolomites,burnin
36,0,38,4,down_niche_bodysize,dolomites,burnin
17,9,8,4,atn,dolomites,burnin
20,9,0,4,atn,dolomites,burnin
29,0,5,4,atn,dolomites,burnin
34,8,12,4,atn,dolomites,burnin
7,7,0,4,atn,dolomites,burnin
2,12,0,4,atn,dolomites,burnin
23,0,8,4,atn,dolomites,burnin
12,12,0,4,atn,dolomites,burnin
18,11,0,4,atn,dolomites,burnin
13,7,0,4,atn,dolomites,burnin
9,9,6,4,atn,dolomites,burnin
24,0,16,4,atn,dolomites,burnin
10,4,22,4,atn,dolomites,burnin
22,0,5,4,atn,dolomites,burnin
26,0,22,4,atn,dolomites,burnin
3,9,8,4,atn,dolomites,burnin
5,12,0,4,atn,dolomites,burnin
30,0,8,4,atn,dolomites,burnin
31,2,16,4,atn,dolomites,burnin
28,0,8,4,atn,dolomites,burnin
8,9,0,4,atn,dolomites,burnin
35,9,8,4,atn,dolomites,burnin
25,0,23,4,atn,dolomites,burnin
33,6,22,4,atn,dolomites,burnin
27,0,12,4,atn,dolomites,burnin
21,11,0,4,atn,dolomites,burnin
14,12,0,4,atn,dolomites,burnin
6,9,0,4,atn,dolomites,burnin
1,12,0,4,atn,dolomites,burnin
19,7,0,4,atn,dolomites,burnin
32,4,23,4,atn,dolomites,burnin
16,7,0,4,atn,dolomites,burnin
4,12,0,4,atn,dolomites,burnin
15,7,0,4,atn,dolomites,burnin
11,7,0,4,atn,dolomites,burnin
36,9,0,4,atn,dolomites,burnin
56,4,1,5,down_power,dolomites,creation
34,7,5,5,down_power,dolomites,creation
43,24,7,5,down_power,dolomites,creation
40,5,2,5,down_power,dolomites,creation
12,6,7,5,down_power,dolomites,creation
13,7,1,5,down_power,dolomites,creation
24,7,2,5,down_power,dolomites,creation
49,0,31,5,down_power,dolomites,creation
5,29,4,5,down_power,dolomites,creation
31,7,8,5,down_power,dolomites,creation
38,6,6,5,down_power,dolomites,creation
45,0,37,5,down_power,dolomites,creation
28,7,6,5,down_power,dolomites,creation
37,5,4,5,down_power,dolomites,creation
8,7,1,5,down_power,dolomites,creation
35,7,7,5,down_power,dolomites,creation
27,7,7,5,down_power,dolomites,creation
21,4,7,5,down_power,dolomites,creation
6,20,7,5,down_power,dolomites,creation
32,6,0,5,down_power,dolomites,creation
16,5,6,5,down_power,dolomites,creation
57,7,0,5,down_power,dolomites,creation
42,35,7,5,down_power,dolomites,creation
15,7,2,5,down_power,dolomites,creation
17,7,6,5,down_power,dolomites,creation
20,4,7,5,down_power,dolomites,creation
29,7,7,5,down_power,dolomites,creation
7,17,6,5,down_power,dolomites,creation
2,14,1,5,down_power,dolomites,creation
23,5,0,5,down_power,dolomites,creation
18,7,6,5,down_power,dolomites,creation
9,7,0,5,down_power,dolomites,creation
55,7,1,5,down_power,dolomites,creation
53,5,1,5,down_power,dolomites,creation
10,6,6,5,down_power,dolomites,creation
22,7,2,5,down_power,dolomites,creation
26,5,6,5,down_power,dolomites,creation
3,13,1,5,down_power,dolomites,creation
30,5,2,5,down_power,dolomites,creation
52,8,0,5,down_power,dolomites,creation
48,0,34,5,down_power,dolomites,creation
54,7,1,5,down_power,dolomites,creation
51,0,31,5,down_power,dolomites,creation
41,35,7,5,down_power,dolomites,creation
25,6,6,5,down_power,dolomites,creation
33,7,6,5,down_power,dolomites,creation
58,8,1,5,down_power,dolomites,creation
39,6,7,5,down_power,dolomites,creation
47,0,29,5,down_power,dolomites,creation
14,6,0,5,down_power,dolomites,creation
44,0,41,5,down_power,dolomites,creation
1,7,7,5,down_power,dolomites,creation
19,5,7,5,down_power,dolomites,creation
46,0,35,5,down_power,dolomites,creation
50,0,34,5,down_power,dolomites,creation
59,6,0,5,down_power,dolomites,creation
4,29,4,5,down_power,dolomites,creation
11,6,8,5,down_power,dolomites,creation
36,6,2,5,down_power,dolomites,creation
56,8,1,5,metaweb,dolomites,creation
34,8,7,5,metaweb,dolomites,creation
43,28,7,5,metaweb,dolomites,creation
40,8,2,5,metaweb,dolomites,creation
12,8,8,5,metaweb,dolomites,creation
13,8,2,5,metaweb,dolomites,creation
24,8,2,5,metaweb,dolomites,creation
49,0,43,5,metaweb,dolomites,creation
5,31,4,5,metaweb,dolomites,creation
31,8,8,5,metaweb,dolomites,creation
38,8,7,5,metaweb,dolomites,creation
45,0,43,5,metaweb,dolomites,creation
28,8,7,5,metaweb,dolomites,creation
37,8,7,5,metaweb,dolomites,creation
8,8,1,5,metaweb,dolomites,creation
35,8,7,5,metaweb,dolomites,creation
27,8,8,5,metaweb,dolomites,creation
21,8,7,5,metaweb,dolomites,creation
6,27,7,5,metaweb,dolomites,creation
32,8,0,5,metaweb,dolomites,creation
16,8,7,5,metaweb,dolomites,creation
57,8,1,5,metaweb,dolomites,creation
42,35,7,5,metaweb,dolomites,creation
15,8,4,5,metaweb,dolomites,creation
17,8,7,5,metaweb,dolomites,creation
20,8,7,5,metaweb,dolomites,creation
29,8,7,5,metaweb,dolomites,creation
7,20,7,5,metaweb,dolomites,creation
2,18,2,5,metaweb,dolomites,creation
23,8,2,5,metaweb,dolomites,creation
18,8,7,5,metaweb,dolomites,creation
9,8,1,5,metaweb,dolomites,creation
55,8,1,5,metaweb,dolomites,creation
53,8,1,5,metaweb,dolomites,creation
10,8,8,5,metaweb,dolomites,creation
22,8,2,5,metaweb,dolomites,creation
26,8,8,5,metaweb,dolomites,creation
3,18,2,5,metaweb,dolomites,creation
30,8,2,5,metaweb,dolomites,creation
52,8,1,5,metaweb,dolomites,creation
48,0,43,5,metaweb,dolomites,creation
54,8,1,5,metaweb,dolomites,creation
51,0,43,5,metaweb,dolomites,creation
41,35,7,5,metaweb,dolomites,creation
25,8,8,5,metaweb,dolomites,creation
33,8,7,5,metaweb,dolomites,creation
58,8,1,5,metaweb,dolomites,creation
39,8,7,5,metaweb,dolomites,creation
47,0,43,5,metaweb,dolomites,creation
14,8,0,5,metaweb,dolomites,creation
44,0,43,5,metaweb,dolomites,creation
1,10,8,5,metaweb,dolomites,creation
19,8,7,5,metaweb,dolomites,creation
46,0,43,5,metaweb,dolomites,creation
50,0,43,5,metaweb,dolomites,creation
59,8,1,5,metaweb,dolomites,creation
4,31,4,5,metaweb,dolomites,creation
11,8,8,5,metaweb,dolomites,creation
36,8,2,5,metaweb,dolomites,creation
56,1,11,5,niche,dolomites,creation
34,0,8,5,niche,dolomites,creation
43,0,14,5,niche,dolomites,creation
40,1,12,5,niche,dolomites,creation
12,32,4,5,niche,dolomites,creation
13,0,4,5,niche,dolomites,creation
24,21,1,5,niche,dolomites,creation
49,1,16,5,niche,dolomites,creation
5,16,4,5,niche,dolomites,creation
31,5,9,5,niche,dolomites,creation
38,6,12,5,niche,dolomites,creation
45,3,16,5,niche,dolomites,creation
28,4,7,5,niche,dolomites,creation
37,9,7,5,niche,dolomites,creation
8,4,4,5,niche,dolomites,creation
35,8,8,5,niche,dolomites,creation
27,5,7,5,niche,dolomites,creation
21,14,3,5,niche,dolomites,creation
6,10,4,5,niche,dolomites,creation
32,3,7,5,niche,dolomites,creation
16,12,4,5,niche,dolomites,creation
57,1,10,5,niche,dolomites,creation
42,15,11,5,niche,dolomites,creation
15,15,3,5,niche,dolomites,creation
17,5,4,5,niche,dolomites,creation
20,6,3,5,niche,dolomites,creation
29,3,9,5,niche,dolomites,creation
7,11,4,5,niche,dolomites,creation
2,6,2,5,niche,dolomites,creation
23,7,2,5,niche,dolomites,creation
18,21,3,5,niche,dolomites,creation
9,31,4,5,niche,dolomites,creation
55,1,11,5,niche,dolomites,creation
53,5,11,5,niche,dolomites,creation
10,6,4,5,niche,dolomites,creation
22,8,2,5,niche,dolomites,creation
26,15,2,5,niche,dolomites,creation
3,0,2,5,niche,dolomites,creation
30,21,9,5,niche,dolomites,creation
52,0,13,5,niche,dolomites,creation
48,5,16,5,niche,dolomites,creation
54,1,11,5,niche,dolomites,creation
51,1,17,5,niche,dolomites,creation
41,16,11,5,niche,dolomites,creation
25,9,2,5,niche,dolomites,creation
33,0,8,5,niche,dolomites,creation
58,0,7,5,niche,dolomites,creation
39,9,12,5,niche,dolomites,creation
47,5,17,5,niche,dolomites,creation
14,9,4,5,niche,dolomites,creation
44,9,14,5,niche,dolomites,creation
1,17,2,5,niche,dolomites,creation
19,3,2,5,niche,dolomites,creation
46,4,15,5,niche,dolomites,creation
50,1,15,5,niche,dolomites,creation
59,0,4,5,niche,dolomites,creation
4,6,3,5,niche,dolomites,creation
11,15,4,5,niche,dolomites,creation
36,1,8,5,niche,dolomites,creation
56,5,1,5,down_rand,dolomites,creation
34,6,6,5,down_rand,dolomites,creation
43,24,4,5,down_rand,dolomites,creation
40,7,1,5,down_rand,dolomites,creation
12,8,6,5,down_rand,dolomites,creation
13,6,2,5,down_rand,dolomites,creation
24,8,2,5,down_rand,dolomites,creation
49,0,36,5,down_rand,dolomites,creation
5,25,4,5,down_rand,dolomites,creation
31,6,7,5,down_rand,dolomites,creation
38,5,5,5,down_rand,dolomites,creation
45,0,37,5,down_rand,dolomites,creation
28,5,6,5,down_rand,dolomites,creation
37,8,4,5,down_rand,dolomites,creation
8,8,1,5,down_rand,dolomites,creation
35,5,5,5,down_rand,dolomites,creation
27,7,5,5,down_rand,dolomites,creation
21,8,4,5,down_rand,dolomites,creation
6,20,6,5,down_rand,dolomites,creation
32,8,0,5,down_rand,dolomites,creation
16,6,6,5,down_rand,dolomites,creation
57,7,0,5,down_rand,dolomites,creation
42,26,7,5,down_rand,dolomites,creation
15,6,4,5,down_rand,dolomites,creation
17,7,7,5,down_rand,dolomites,creation
20,7,6,5,down_rand,dolomites,creation
29,5,5,5,down_rand,dolomites,creation
7,13,4,5,down_rand,dolomites,creation
2,16,2,5,down_rand,dolomites,creation
23,8,2,5,down_rand,dolomites,creation
18,6,5,5,down_rand,dolomites,creation
9,6,1,5,down_rand,dolomites,creation
55,7,1,5,down_rand,dolomites,creation
53,7,1,5,down_rand,dolomites,creation
10,5,7,5,down_rand,dolomites,creation
22,6,1,5,down_rand,dolomites,creation
26,8,6,5,down_rand,dolomites,creation
3,16,2,5,down_rand,dolomites,creation
30,7,2,5,down_rand,dolomites,creation
52,7,1,5,down_rand,dolomites,creation
48,0,37,5,down_rand,dolomites,creation
54,6,1,5,down_rand,dolomites,creation
51,0,38,5,down_rand,dolomites,creation
41,27,7,5,down_rand,dolomites,creation
25,7,8,5,down_rand,dolomites,creation
33,7,6,5,down_rand,dolomites,creation
58,8,1,5,down_rand,dolomites,creation
39,7,7,5,down_rand,dolomites,creation
47,0,34,5,down_rand,dolomites,creation
14,7,0,5,down_rand,dolomites,creation
44,0,33,5,down_rand,dolomites,creation
1,9,5,5,down_rand,dolomites,creation
19,6,7,5,down_rand,dolomites,creation
46,0,36,5,down_rand,dolomites,creation
50,0,34,5,down_rand,dolomites,creation
59,7,1,5,down_rand,dolomites,creation
4,27,4,5,down_rand,dolomites,creation
11,7,5,5,down_rand,dolomites,creation
36,7,1,5,down_rand,dolomites,creation
56,6,1,5,down_link,dolomites,creation
34,8,5,5,down_link,dolomites,creation
43,22,7,5,down_link,dolomites,creation
40,8,1,5,down_link,dolomites,creation
12,8,7,5,down_link,dolomites,creation
13,6,1,5,down_link,dolomites,creation
24,6,2,5,down_link,dolomites,creation
49,0,36,5,down_link,dolomites,creation
5,26,4,5,down_link,dolomites,creation
31,7,7,5,down_link,dolomites,creation
38,7,6,5,down_link,dolomites,creation
45,0,35,5,down_link,dolomites,creation
28,7,7,5,down_link,dolomites,creation
37,7,6,5,down_link,dolomites,creation
8,6,1,5,down_link,dolomites,creation
35,7,6,5,down_link,dolomites,creation
27,8,7,5,down_link,dolomites,creation
21,7,6,5,down_link,dolomites,creation
6,25,7,5,down_link,dolomites,creation
32,6,0,5,down_link,dolomites,creation
16,5,7,5,down_link,dolomites,creation
57,5,1,5,down_link,dolomites,creation
42,27,5,5,down_link,dolomites,creation
15,5,4,5,down_link,dolomites,creation
17,7,5,5,down_link,dolomites,creation
20,6,7,5,down_link,dolomites,creation
29,6,7,5,down_link,dolomites,creation
7,18,5,5,down_link,dolomites,creation
2,15,2,5,down_link,dolomites,creation
23,8,2,5,down_link,dolomites,creation
18,7,6,5,down_link,dolomites,creation
9,7,1,5,down_link,dolomites,creation
55,6,1,5,down_link,dolomites,creation
53,7,1,5,down_link,dolomites,creation
10,4,7,5,down_link,dolomites,creation
22,7,2,5,down_link,dolomites,creation
26,6,7,5,down_link,dolomites,creation
3,18,2,5,down_link,dolomites,creation
30,8,2,5,down_link,dolomites,creation
52,7,1,5,down_link,dolomites,creation
48,0,33,5,down_link,dolomites,creation
54,6,1,5,down_link,dolomites,creation
51,0,34,5,down_link,dolomites,creation
41,23,5,5,down_link,dolomites,creation
25,6,7,5,down_link,dolomites,creation
33,6,6,5,down_link,dolomites,creation
58,5,1,5,down_link,dolomites,creation
39,6,5,5,down_link,dolomites,creation
47,0,32,5,down_link,dolomites,creation
14,6,0,5,down_link,dolomites,creation
44,0,33,5,down_link,dolomites,creation
1,10,8,5,down_link,dolomites,creation
19,5,7,5,down_link,dolomites,creation
46,0,33,5,down_link,dolomites,creation
50,0,32,5,down_link,dolomites,creation
59,8,1,5,down_link,dolomites,creation
4,26,4,5,down_link,dolomites,creation
11,7,6,5,down_link,dolomites,creation
36,7,2,5,down_link,dolomites,creation
56,8,1,5,down_niche,dolomites,creation
34,8,4,5,down_niche,dolomites,creation
43,16,5,5,down_niche,dolomites,creation
40,8,1,5,down_niche,dolomites,creation
12,7,7,5,down_niche,dolomites,creation
13,8,2,5,down_niche,dolomites,creation
24,6,1,5,down_niche,dolomites,creation
49,0,39,5,down_niche,dolomites,creation
5,21,1,5,down_niche,dolomites,creation
31,8,6,5,down_niche,dolomites,creation
38,6,4,5,down_niche,dolomites,creation
45,0,40,5,down_niche,dolomites,creation
28,8,7,5,down_niche,dolomites,creation
37,7,7,5,down_niche,dolomites,creation
8,8,1,5,down_niche,dolomites,creation
35,8,5,5,down_niche,dolomites,creation
27,7,7,5,down_niche,dolomites,creation
21,8,7,5,down_niche,dolomites,creation
6,20,2,5,down_niche,dolomites,creation
32,8,0,5,down_niche,dolomites,creation
16,7,6,5,down_niche,dolomites,creation
57,8,1,5,down_niche,dolomites,creation
42,23,5,5,down_niche,dolomites,creation
15,7,4,5,down_niche,dolomites,creation
17,8,7,5,down_niche,dolomites,creation
20,7,7,5,down_niche,dolomites,creation
29,7,7,5,down_niche,dolomites,creation
7,16,0,5,down_niche,dolomites,creation
2,10,1,5,down_niche,dolomites,creation
23,7,2,5,down_niche,dolomites,creation
18,8,6,5,down_niche,dolomites,creation
9,8,1,5,down_niche,dolomites,creation
55,8,1,5,down_niche,dolomites,creation
53,6,1,5,down_niche,dolomites,creation
10,7,6,5,down_niche,dolomites,creation
22,7,2,5,down_niche,dolomites,creation
26,8,8,5,down_niche,dolomites,creation
3,12,2,5,down_niche,dolomites,creation
30,6,2,5,down_niche,dolomites,creation
52,6,1,5,down_niche,dolomites,creation
48,0,40,5,down_niche,dolomites,creation
54,8,1,5,down_niche,dolomites,creation
51,0,39,5,down_niche,dolomites,creation
41,26,3,5,down_niche,dolomites,creation
25,8,7,5,down_niche,dolomites,creation
33,7,7,5,down_niche,dolomites,creation
58,8,1,5,down_niche,dolomites,creation
39,7,5,5,down_niche,dolomites,creation
47,0,38,5,down_niche,dolomites,creation
14,5,0,5,down_niche,dolomites,creation
44,0,38,5,down_niche,dolomites,creation
1,8,2,5,down_niche,dolomites,creation
19,7,7,5,down_niche,dolomites,creation
46,0,39,5,down_niche,dolomites,creation
50,0,24,5,down_niche,dolomites,creation
59,7,1,5,down_niche,dolomites,creation
4,24,1,5,down_niche,dolomites,creation
11,8,6,5,down_niche,dolomites,creation
36,8,1,5,down_niche,dolomites,creation
56,8,1,5,down_niche_bodysize,dolomites,creation
34,8,4,5,down_niche_bodysize,dolomites,creation
43,16,5,5,down_niche_bodysize,dolomites,creation
40,8,1,5,down_niche_bodysize,dolomites,creation
12,7,7,5,down_niche_bodysize,dolomites,creation
13,8,2,5,down_niche_bodysize,dolomites,creation
24,6,1,5,down_niche_bodysize,dolomites,creation
49,0,39,5,down_niche_bodysize,dolomites,creation
5,21,1,5,down_niche_bodysize,dolomites,creation
31,8,6,5,down_niche_bodysize,dolomites,creation
38,6,4,5,down_niche_bodysize,dolomites,creation
45,0,40,5,down_niche_bodysize,dolomites,creation
28,8,7,5,down_niche_bodysize,dolomites,creation
37,7,7,5,down_niche_bodysize,dolomites,creation
8,8,1,5,down_niche_bodysize,dolomites,creation
35,8,5,5,down_niche_bodysize,dolomites,creation
27,7,7,5,down_niche_bodysize,dolomites,creation
21,8,7,5,down_niche_bodysize,dolomites,creation
6,20,2,5,down_niche_bodysize,dolomites,creation
32,8,0,5,down_niche_bodysize,dolomites,creation
16,7,6,5,down_niche_bodysize,dolomites,creation
57,8,1,5,down_niche_bodysize,dolomites,creation
42,23,5,5,down_niche_bodysize,dolomites,creation
15,7,4,5,down_niche_bodysize,dolomites,creation
17,8,7,5,down_niche_bodysize,dolomites,creation
20,7,7,5,down_niche_bodysize,dolomites,creation
29,7,7,5,down_niche_bodysize,dolomites,creation
7,16,0,5,down_niche_bodysize,dolomites,creation
2,10,1,5,down_niche_bodysize,dolomites,creation
23,7,2,5,down_niche_bodysize,dolomites,creation
18,8,6,5,down_niche_bodysize,dolomites,creation
9,8,1,5,down_niche_bodysize,dolomites,creation
55,8,1,5,down_niche_bodysize,dolomites,creation
53,6,1,5,down_niche_bodysize,dolomites,creation
10,7,6,5,down_niche_bodysize,dolomites,creation
22,7,2,5,down_niche_bodysize,dolomites,creation
26,8,8,5,down_niche_bodysize,dolomites,creation
3,12,2,5,down_niche_bodysize,dolomites,creation
30,6,2,5,down_niche_bodysize,dolomites,creation
52,6,1,5,down_niche_bodysize,dolomites,creation
48,0,40,5,down_niche_bodysize,dolomites,creation
54,8,1,5,down_niche_bodysize,dolomites,creation
51,0,39,5,down_niche_bodysize,dolomites,creation
41,26,3,5,down_niche_bodysize,dolomites,creation
25,8,7,5,down_niche_bodysize,dolomites,creation
33,7,7,5,down_niche_bodysize,dolomites,creation
58,8,1,5,down_niche_bodysize,dolomites,creation
39,7,5,5,down_niche_bodysize,dolomites,creation
47,0,38,5,down_niche_bodysize,dolomites,creation
14,5,0,5,down_niche_bodysize,dolomites,creation
44,0,38,5,down_niche_bodysize,dolomites,creation
1,8,2,5,down_niche_bodysize,dolomites,creation
19,7,7,5,down_niche_bodysize,dolomites,creation
46,0,39,5,down_niche_bodysize,dolomites,creation
50,0,24,5,down_niche_bodysize,dolomites,creation
59,7,1,5,down_niche_bodysize,dolomites,creation
4,24,1,5,down_niche_bodysize,dolomites,creation
11,8,6,5,down_niche_bodysize,dolomites,creation
36,8,1,5,down_niche_bodysize,dolomites,creation
56,6,43,5,atn,dolomites,creation
34,8,0,5,atn,dolomites,creation
43,8,2,5,atn,dolomites,creation
40,8,0,5,atn,dolomites,creation
12,6,10,5,atn,dolomites,creation
13,6,13,5,atn,dolomites,creation
24,6,13,5,atn,dolomites,creation
49,0,36,5,atn,dolomites,creation
5,14,0,5,atn,dolomites,creation
31,14,0,5,atn,dolomites,creation
38,10,0,5,atn,dolomites,creation
45,0,7,5,atn,dolomites,creation
28,14,0,5,atn,dolomites,creation
37,11,0,5,atn,dolomites,creation
8,16,0,5,atn,dolomites,creation
35,8,2,5,atn,dolomites,creation
27,8,2,5,atn,dolomites,creation
21,6,8,5,atn,dolomites,creation
6,14,0,5,atn,dolomites,creation
32,12,0,5,atn,dolomites,creation
16,14,0,5,atn,dolomites,creation
57,8,36,5,atn,dolomites,creation
42,11,0,5,atn,dolomites,creation
15,11,0,5,atn,dolomites,creation
17,11,0,5,atn,dolomites,creation
20,8,2,5,atn,dolomites,creation
29,8,2,5,atn,dolomites,creation
7,8,3,5,atn,dolomites,creation
2,24,0,5,atn,dolomites,creation
23,6,28,5,atn,dolomites,creation
18,11,0,5,atn,dolomites,creation
9,8,0,5,atn,dolomites,creation
55,4,37,5,atn,dolomites,creation
53,0,7,5,atn,dolomites,creation
10,11,0,5,atn,dolomites,creation
22,8,20,5,atn,dolomites,creation
26,8,0,5,atn,dolomites,creation
3,26,0,5,atn,dolomites,creation
30,6,27,5,atn,dolomites,creation
52,0,4,5,atn,dolomites,creation
48,0,43,5,atn,dolomites,creation
54,2,19,5,atn,dolomites,creation
51,0,2,5,atn,dolomites,creation
41,14,0,5,atn,dolomites,creation
25,13,0,5,atn,dolomites,creation
33,15,0,5,atn,dolomites,creation
58,8,21,5,atn,dolomites,creation
39,8,4,5,atn,dolomites,creation
47,0,37,5,atn,dolomites,creation
14,8,1,5,atn,dolomites,creation
44,0,4,5,atn,dolomites,creation
1,14,0,5,atn,dolomites,creation
19,7,2,5,atn,dolomites,creation
46,0,19,5,atn,dolomites,creation
50,0,21,5,atn,dolomites,creation
59,8,2,5,atn,dolomites,creation
4,15,0,5,atn,dolomites,creation
11,8,1,5,atn,dolomites,creation
36,6,14,5,atn,dolomites,creation
34,24,2,5,down_power,dolomites,burnin
43,8,0,5,down_power,dolomites,burnin
40,0,29,5,down_power,dolomites,burnin
12,7,0,5,down_power,dolomites,burnin
13,5,2,5,down_power,dolomites,burnin
24,5,2,5,down_power,dolomites,burnin
49,8,0,5,down_power,dolomites,burnin
5,6,2,5,down_power,dolomites,burnin
31,5,0,5,down_power,dolomites,burnin
38,0,27,5,down_power,dolomites,burnin
45,7,0,5,down_power,dolomites,burnin
28,7,1,5,down_power,dolomites,burnin
37,0,33,5,down_power,dolomites,burnin
8,6,0,5,down_power,dolomites,burnin
35,0,39,5,down_power,dolomites,burnin
27,7,0,5,down_power,dolomites,burnin
21,7,2,5,down_power,dolomites,burnin
6,6,1,5,down_power,dolomites,burnin
32,6,2,5,down_power,dolomites,burnin
16,7,2,5,down_power,dolomites,burnin
42,0,29,5,down_power,dolomites,burnin
15,4,2,5,down_power,dolomites,burnin
17,5,0,5,down_power,dolomites,burnin
20,5,2,5,down_power,dolomites,burnin
29,7,2,5,down_power,dolomites,burnin
7,7,1,5,down_power,dolomites,burnin
2,7,0,5,down_power,dolomites,burnin
23,7,2,5,down_power,dolomites,burnin
18,7,2,5,down_power,dolomites,burnin
9,7,0,5,down_power,dolomites,burnin
10,5,0,5,down_power,dolomites,burnin
22,7,0,5,down_power,dolomites,burnin
26,6,0,5,down_power,dolomites,burnin
3,7,0,5,down_power,dolomites,burnin
30,6,2,5,down_power,dolomites,burnin
48,7,0,5,down_power,dolomites,burnin
41,0,32,5,down_power,dolomites,burnin
25,7,0,5,down_power,dolomites,burnin
33,6,2,5,down_power,dolomites,burnin
39,0,32,5,down_power,dolomites,burnin
47,4,0,5,down_power,dolomites,burnin
14,4,2,5,down_power,dolomites,burnin
44,5,0,5,down_power,dolomites,burnin
1,17,1,5,down_power,dolomites,burnin
19,6,0,5,down_power,dolomites,burnin
46,7,0,5,down_power,dolomites,burnin
50,6,0,5,down_power,dolomites,burnin
4,6,0,5,down_power,dolomites,burnin
11,7,0,5,down_power,dolomites,burnin
36,0,35,5,down_power,dolomites,burnin
34,0,40,5,metaweb,dolomites,burnin
43,8,0,5,metaweb,dolomites,burnin
40,0,40,5,metaweb,dolomites,burnin
12,8,0,5,metaweb,dolomites,burnin
13,8,0,5,metaweb,dolomites,burnin
24,8,0,5,metaweb,dolomites,burnin
5,8,0,5,metaweb,dolomites,burnin
31,8,0,5,metaweb,dolomites,burnin
38,0,40,5,metaweb,dolomites,burnin
45,8,0,5,metaweb,dolomites,burnin
28,8,0,5,metaweb,dolomites,burnin
37,0,40,5,metaweb,dolomites,burnin
8,8,0,5,metaweb,dolomites,burnin
35,0,40,5,metaweb,dolomites,burnin
27,8,0,5,metaweb,dolomites,burnin
21,8,0,5,metaweb,dolomites,burnin
6,8,0,5,metaweb,dolomites,burnin
32,8,0,5,metaweb,dolomites,burnin
16,8,0,5,metaweb,dolomites,burnin
42,8,0,5,metaweb,dolomites,burnin
15,8,0,5,metaweb,dolomites,burnin
17,8,0,5,metaweb,dolomites,burnin
20,8,0,5,metaweb,dolomites,burnin
29,8,0,5,metaweb,dolomites,burnin
7,8,0,5,metaweb,dolomites,burnin
2,8,0,5,metaweb,dolomites,burnin
23,8,0,5,metaweb,dolomites,burnin
18,8,0,5,metaweb,dolomites,burnin
9,8,0,5,metaweb,dolomites,burnin
10,8,0,5,metaweb,dolomites,burnin
22,8,0,5,metaweb,dolomites,burnin
26,8,0,5,metaweb,dolomites,burnin
3,8,0,5,metaweb,dolomites,burnin
30,8,0,5,metaweb,dolomites,burnin
48,8,0,5,metaweb,dolomites,burnin
41,8,0,5,metaweb,dolomites,burnin
25,8,0,5,metaweb,dolomites,burnin
33,0,40,5,metaweb,dolomites,burnin
39,0,40,5,metaweb,dolomites,burnin
47,8,0,5,metaweb,dolomites,burnin
14,8,0,5,metaweb,dolomites,burnin
44,8,0,5,metaweb,dolomites,burnin
1,8,0,5,metaweb,dolomites,burnin
19,8,0,5,metaweb,dolomites,burnin
46,8,0,5,metaweb,dolomites,burnin
4,8,0,5,metaweb,dolomites,burnin
11,8,0,5,metaweb,dolomites,burnin
36,0,40,5,metaweb,dolomites,burnin
17,6,6,5,niche,dolomites,burnin
20,6,3,5,niche,dolomites,burnin
29,1,6,5,niche,dolomites,burnin
7,6,0,5,niche,dolomites,burnin
2,6,1,5,niche,dolomites,burnin
23,3,3,5,niche,dolomites,burnin
12,10,0,5,niche,dolomites,burnin
18,1,6,5,niche,dolomites,burnin
13,3,6,5,niche,dolomites,burnin
9,3,1,5,niche,dolomites,burnin
24,1,3,5,niche,dolomites,burnin
10,6,1,5,niche,dolomites,burnin
22,5,4,5,niche,dolomites,burnin
26,5,6,5,niche,dolomites,burnin
3,3,1,5,niche,dolomites,burnin
5,0,1,5,niche,dolomites,burnin
30,1,5,5,niche,dolomites,burnin
31,0,2,5,niche,dolomites,burnin
28,1,6,5,niche,dolomites,burnin
8,5,0,5,niche,dolomites,burnin
25,0,3,5,niche,dolomites,burnin
27,1,6,5,niche,dolomites,burnin
21,4,3,5,niche,dolomites,burnin
14,0,7,5,niche,dolomites,burnin
6,3,1,5,niche,dolomites,burnin
1,6,1,5,niche,dolomites,burnin
19,0,5,5,niche,dolomites,burnin
32,0,4,5,niche,dolomites,burnin
16,1,7,5,niche,dolomites,burnin
4,19,1,5,niche,dolomites,burnin
15,0,7,5,niche,dolomites,burnin
11,1,1,5,niche,dolomites,burnin
34,0,35,5,down_rand,dolomites,burnin
43,6,0,5,down_rand,dolomites,burnin
40,0,36,5,down_rand,dolomites,burnin
12,6,0,5,down_rand,dolomites,burnin
13,7,0,5,down_rand,dolomites,burnin
24,6,0,5,down_rand,dolomites,burnin
5,8,0,5,down_rand,dolomites,burnin
31,5,0,5,down_rand,dolomites,burnin
38,0,34,5,down_rand,dolomites,burnin
45,5,0,5,down_rand,dolomites,burnin
28,5,0,5,down_rand,dolomites,burnin
37,0,34,5,down_rand,dolomites,burnin
8,6,0,5,down_rand,dolomites,burnin
35,0,33,5,down_rand,dolomites,burnin
27,6,0,5,down_rand,dolomites,burnin
21,5,0,5,down_rand,dolomites,burnin
6,6,0,5,down_rand,dolomites,burnin
32,7,0,5,down_rand,dolomites,burnin
16,8,0,5,down_rand,dolomites,burnin
42,7,0,5,down_rand,dolomites,burnin
15,6,0,5,down_rand,dolomites,burnin
17,8,0,5,down_rand,dolomites,burnin
20,7,0,5,down_rand,dolomites,burnin
29,7,0,5,down_rand,dolomites,burnin
7,7,0,5,down_rand,dolomites,burnin
2,6,0,5,down_rand,dolomites,burnin
23,7,0,5,down_rand,dolomites,burnin
18,7,0,5,down_rand,dolomites,burnin
9,6,0,5,down_rand,dolomites,burnin
10,7,0,5,down_rand,dolomites,burnin
22,5,0,5,down_rand,dolomites,burnin
26,7,0,5,down_rand,dolomites,burnin
3,5,0,5,down_rand,dolomites,burnin
30,8,0,5,down_rand,dolomites,burnin
48,7,0,5,down_rand,dolomites,burnin
41,7,0,5,down_rand,dolomites,burnin
25,8,0,5,down_rand,dolomites,burnin
33,0,31,5,down_rand,dolomites,burnin
39,0,32,5,down_rand,dolomites,burnin
47,8,0,5,down_rand,dolomites,burnin
14,8,0,5,down_rand,dolomites,burnin
44,7,0,5,down_rand,dolomites,burnin
1,8,0,5,down_rand,dolomites,burnin
19,8,0,5,down_rand,dolomites,burnin
46,7,0,5,down_rand,dolomites,burnin
4,7,0,5,down_rand,dolomites,burnin
11,6,0,5,down_rand,dolomites,burnin
36,0,32,5,down_rand,dolomites,burnin
34,0,33,5,down_link,dolomites,burnin
43,6,0,5,down_link,dolomites,burnin
40,0,34,5,down_link,dolomites,burnin
12,5,0,5,down_link,dolomites,burnin
13,6,0,5,down_link,dolomites,burnin
24,7,0,5,down_link,dolomites,burnin
5,8,0,5,down_link,dolomites,burnin
31,7,0,5,down_link,dolomites,burnin
38,0,34,5,down_link,dolomites,burnin
45,6,0,5,down_link,dolomites,burnin
28,7,0,5,down_link,dolomites,burnin
37,0,31,5,down_link,dolomites,burnin
8,5,0,5,down_link,dolomites,burnin
35,0,32,5,down_link,dolomites,burnin
27,8,0,5,down_link,dolomites,burnin
21,7,0,5,down_link,dolomites,burnin
6,6,0,5,down_link,dolomites,burnin
32,6,0,5,down_link,dolomites,burnin
16,8,0,5,down_link,dolomites,burnin
42,7,0,5,down_link,dolomites,burnin
15,7,0,5,down_link,dolomites,burnin
17,6,0,5,down_link,dolomites,burnin
20,8,0,5,down_link,dolomites,burnin
29,7,0,5,down_link,dolomites,burnin
7,6,0,5,down_link,dolomites,burnin
2,7,0,5,down_link,dolomites,burnin
23,8,0,5,down_link,dolomites,burnin
18,6,0,5,down_link,dolomites,burnin
9,5,0,5,down_link,dolomites,burnin
10,7,0,5,down_link,dolomites,burnin
22,6,0,5,down_link,dolomites,burnin
26,6,0,5,down_link,dolomites,burnin
3,4,0,5,down_link,dolomites,burnin
30,7,0,5,down_link,dolomites,burnin
48,8,0,5,down_link,dolomites,burnin
41,7,0,5,down_link,dolomites,burnin
25,6,0,5,down_link,dolomites,burnin
33,0,32,5,down_link,dolomites,burnin
39,0,32,5,down_link,dolomites,burnin
47,5,0,5,down_link,dolomites,burnin
14,7,0,5,down_link,dolomites,burnin
44,6,0,5,down_link,dolomites,burnin
1,6,0,5,down_link,dolomites,burnin
19,6,0,5,down_link,dolomites,burnin
46,5,0,5,down_link,dolomites,burnin
4,7,0,5,down_link,dolomites,burnin
11,7,0,5,down_link,dolomites,burnin
36,0,31,5,down_link,dolomites,burnin
34,0,39,5,down_niche,dolomites,burnin
43,8,0,5,down_niche,dolomites,burnin
40,0,39,5,down_niche,dolomites,burnin
12,7,0,5,down_niche,dolomites,burnin
13,7,0,5,down_niche,dolomites,burnin
24,8,0,5,down_niche,dolomites,burnin
5,7,0,5,down_niche,dolomites,burnin
31,6,0,5,down_niche,dolomites,burnin
38,0,39,5,down_niche,dolomites,burnin
45,8,0,5,down_niche,dolomites,burnin
28,8,0,5,down_niche,dolomites,burnin
37,0,38,5,down_niche,dolomites,burnin
8,7,0,5,down_niche,dolomites,burnin
35,0,38,5,down_niche,dolomites,burnin
27,8,0,5,down_niche,dolomites,burnin
21,8,0,5,down_niche,dolomites,burnin
6,8,0,5,down_niche,dolomites,burnin
32,7,0,5,down_niche,dolomites,burnin
16,7,0,5,down_niche,dolomites,burnin
42,6,0,5,down_niche,dolomites,burnin
15,7,0,5,down_niche,dolomites,burnin
17,6,0,5,down_niche,dolomites,burnin
20,7,0,5,down_niche,dolomites,burnin
29,8,0,5,down_niche,dolomites,burnin
7,5,0,5,down_niche,dolomites,burnin
2,8,0,5,down_niche,dolomites,burnin
23,6,0,5,down_niche,dolomites,burnin
18,8,0,5,down_niche,dolomites,burnin
9,7,0,5,down_niche,dolomites,burnin
10,8,0,5,down_niche,dolomites,burnin
22,7,0,5,down_niche,dolomites,burnin
26,7,0,5,down_niche,dolomites,burnin
3,7,0,5,down_niche,dolomites,burnin
30,7,0,5,down_niche,dolomites,burnin
48,7,0,5,down_niche,dolomites,burnin
41,6,0,5,down_niche,dolomites,burnin
25,8,0,5,down_niche,dolomites,burnin
33,0,38,5,down_niche,dolomites,burnin
39,0,24,5,down_niche,dolomites,burnin
47,8,0,5,down_niche,dolomites,burnin
14,8,0,5,down_niche,dolomites,burnin
44,8,0,5,down_niche,dolomites,burnin
1,8,0,5,down_niche,dolomites,burnin
19,8,0,5,down_niche,dolomites,burnin
46,8,0,5,down_niche,dolomites,burnin
4,8,0,5,down_niche,dolomites,burnin
11,8,0,5,down_niche,dolomites,burnin
36,0,38,5,down_niche,dolomites,burnin
34,0,39,5,down_niche_bodysize,dolomites,burnin
43,8,0,5,down_niche_bodysize,dolomites,burnin
40,0,39,5,down_niche_bodysize,dolomites,burnin
12,7,0,5,down_niche_bodysize,dolomites,burnin
13,7,0,5,down_niche_bodysize,dolomites,burnin
24,8,0,5,down_niche_bodysize,dolomites,burnin
5,7,0,5,down_niche_bodysize,dolomites,burnin
31,6,0,5,down_niche_bodysize,dolomites,burnin
38,0,39,5,down_niche_bodysize,dolomites,burnin
45,8,0,5,down_niche_bodysize,dolomites,burnin
28,8,0,5,down_niche_bodysize,dolomites,burnin
37,0,38,5,down_niche_bodysize,dolomites,burnin
8,7,0,5,down_niche_bodysize,dolomites,burnin
35,0,38,5,down_niche_bodysize,dolomites,burnin
27,8,0,5,down_niche_bodysize,dolomites,burnin
21,8,0,5,down_niche_bodysize,dolomites,burnin
6,8,0,5,down_niche_bodysize,dolomites,burnin
32,7,0,5,down_niche_bodysize,dolomites,burnin
16,7,0,5,down_niche_bodysize,dolomites,burnin
42,6,0,5,down_niche_bodysize,dolomites,burnin
15,7,0,5,down_niche_bodysize,dolomites,burnin
17,6,0,5,down_niche_bodysize,dolomites,burnin
20,7,0,5,down_niche_bodysize,dolomites,burnin
29,8,0,5,down_niche_bodysize,dolomites,burnin
7,5,0,5,down_niche_bodysize,dolomites,burnin
2,8,0,5,down_niche_bodysize,dolomites,burnin
23,6,0,5,down_niche_bodysize,dolomites,burnin
18,8,0,5,down_niche_bodysize,dolomites,burnin
9,7,0,5,down_niche_bodysize,dolomites,burnin
10,8,0,5,down_niche_bodysize,dolomites,burnin
22,7,0,5,down_niche_bodysize,dolomites,burnin
26,7,0,5,down_niche_bodysize,dolomites,burnin
3,7,0,5,down_niche_bodysize,dolomites,burnin
30,7,0,5,down_niche_bodysize,dolomites,burnin
48,7,0,5,down_niche_bodysize,dolomites,burnin
41,6,0,5,down_niche_bodysize,dolomites,burnin
25,8,0,5,down_niche_bodysize,dolomites,burnin
33,0,38,5,down_niche_bodysize,dolomites,burnin
39,0,24,5,down_niche_bodysize,dolomites,burnin
47,8,0,5,down_niche_bodysize,dolomites,burnin
14,8,0,5,down_niche_bodysize,dolomites,burnin
44,8,0,5,down_niche_bodysize,dolomites,burnin
1,8,0,5,down_niche_bodysize,dolomites,burnin
19,8,0,5,down_niche_bodysize,dolomites,burnin
46,8,0,5,down_niche_bodysize,dolomites,burnin
4,8,0,5,down_niche_bodysize,dolomites,burnin
11,8,0,5,down_niche_bodysize,dolomites,burnin
36,0,38,5,down_niche_bodysize,dolomites,burnin
34,8,4,5,atn,dolomites,burnin
43,0,30,5,atn,dolomites,burnin
40,0,19,5,atn,dolomites,burnin
12,11,0,5,atn,dolomites,burnin
13,14,0,5,atn,dolomites,burnin
24,14,0,5,atn,dolomites,burnin
49,4,31,5,atn,dolomites,burnin
5,14,0,5,atn,dolomites,burnin
31,6,14,5,atn,dolomites,burnin
38,0,4,5,atn,dolomites,burnin
45,0,2,5,atn,dolomites,burnin
28,12,0,5,atn,dolomites,burnin
37,8,2,5,atn,dolomites,burnin
8,16,0,5,atn,dolomites,burnin
35,14,0,5,atn,dolomites,burnin
27,14,0,5,atn,dolomites,burnin
21,6,13,5,atn,dolomites,burnin
6,14,0,5,atn,dolomites,burnin
32,11,0,5,atn,dolomites,burnin
16,7,2,5,atn,dolomites,burnin
42,0,37,5,atn,dolomites,burnin
15,11,0,5,atn,dolomites,burnin
17,8,2,5,atn,dolomites,burnin
20,6,22,5,atn,dolomites,burnin
29,15,0,5,atn,dolomites,burnin
7,8,3,5,atn,dolomites,burnin
2,24,0,5,atn,dolomites,burnin
23,8,2,5,atn,dolomites,burnin
18,6,8,5,atn,dolomites,burnin
9,11,0,5,atn,dolomites,burnin
53,8,2,5,atn,dolomites,burnin
10,6,10,5,atn,dolomites,burnin
22,13,0,5,atn,dolomites,burnin
26,6,21,5,atn,dolomites,burnin
3,24,0,5,atn,dolomites,burnin
30,8,2,5,atn,dolomites,burnin
52,8,21,5,atn,dolomites,burnin
48,2,19,5,atn,dolomites,burnin
51,8,30,5,atn,dolomites,burnin
41,0,31,5,atn,dolomites,burnin
25,8,2,5,atn,dolomites,burnin
33,10,0,5,atn,dolomites,burnin
39,0,7,5,atn,dolomites,burnin
47,0,7,5,atn,dolomites,burnin
14,11,0,5,atn,dolomites,burnin
44,0,21,5,atn,dolomites,burnin
1,14,0,5,atn,dolomites,burnin
19,8,20,5,atn,dolomites,burnin
46,0,4,5,atn,dolomites,burnin
50,6,37,5,atn,dolomites,burnin
4,15,0,5,atn,dolomites,burnin
11,6,13,5,atn,dolomites,burnin
36,11,0,5,atn,dolomites,burnin
56,3,1,6,down_power,dolomites,creation
34,3,6,6,down_power,dolomites,creation
43,12,5,6,down_power,dolomites,creation
40,3,1,6,down_power,dolomites,creation
12,2,5,6,down_power,dolomites,creation
13,1,0,6,down_power,dolomites,creation
24,2,1,6,down_power,dolomites,creation
49,0,16,6,down_power,dolomites,creation
5,22,2,6,down_power,dolomites,creation
31,3,4,6,down_power,dolomites,creation
38,1,2,6,down_power,dolomites,creation
45,0,17,6,down_power,dolomites,creation
28,4,3,6,down_power,dolomites,creation
37,2,5,6,down_power,dolomites,creation
8,1,0,6,down_power,dolomites,creation
35,4,3,6,down_power,dolomites,creation
27,0,5,6,down_power,dolomites,creation
21,2,6,6,down_power,dolomites,creation
6,13,5,6,down_power,dolomites,creation
32,6,0,6,down_power,dolomites,creation
16,4,6,6,down_power,dolomites,creation
57,3,0,6,down_power,dolomites,creation
42,35,3,6,down_power,dolomites,creation
15,2,2,6,down_power,dolomites,creation
17,6,3,6,down_power,dolomites,creation
20,5,5,6,down_power,dolomites,creation
29,3,6,6,down_power,dolomites,creation
7,10,2,6,down_power,dolomites,creation
2,4,2,6,down_power,dolomites,creation
23,5,1,6,down_power,dolomites,creation
18,2,5,6,down_power,dolomites,creation
9,3,1,6,down_power,dolomites,creation
55,5,1,6,down_power,dolomites,creation
53,2,0,6,down_power,dolomites,creation
10,4,5,6,down_power,dolomites,creation
22,4,0,6,down_power,dolomites,creation
26,0,5,6,down_power,dolomites,creation
3,9,1,6,down_power,dolomites,creation
30,3,2,6,down_power,dolomites,creation
52,3,0,6,down_power,dolomites,creation
48,0,17,6,down_power,dolomites,creation
54,6,1,6,down_power,dolomites,creation
51,0,15,6,down_power,dolomites,creation
41,35,5,6,down_power,dolomites,creation
25,1,5,6,down_power,dolomites,creation
33,1,6,6,down_power,dolomites,creation
58,3,0,6,down_power,dolomites,creation
39,3,6,6,down_power,dolomites,creation
47,0,20,6,down_power,dolomites,creation
14,3,0,6,down_power,dolomites,creation
44,0,18,6,down_power,dolomites,creation
1,3,4,6,down_power,dolomites,creation
19,1,4,6,down_power,dolomites,creation
46,0,17,6,down_power,dolomites,creation
50,0,18,6,down_power,dolomites,creation
59,6,0,6,down_power,dolomites,creation
4,17,3,6,down_power,dolomites,creation
11,4,5,6,down_power,dolomites,creation
36,2,0,6,down_power,dolomites,creation
56,8,1,6,metaweb,dolomites,creation
34,8,7,6,metaweb,dolomites,creation
43,28,7,6,metaweb,dolomites,creation
40,8,2,6,metaweb,dolomites,creation
12,8,8,6,metaweb,dolomites,creation
13,8,2,6,metaweb,dolomites,creation
24,8,2,6,metaweb,dolomites,creation
49,0,43,6,metaweb,dolomites,creation
5,31,4,6,metaweb,dolomites,creation
31,8,8,6,metaweb,dolomites,creation
38,8,7,6,metaweb,dolomites,creation
45,0,43,6,metaweb,dolomites,creation
28,8,7,6,metaweb,dolomites,creation
37,8,7,6,metaweb,dolomites,creation
8,8,1,6,metaweb,dolomites,creation
35,8,7,6,metaweb,dolomites,creation
27,8,8,6,metaweb,dolomites,creation
21,8,7,6,metaweb,dolomites,creation
6,27,7,6,metaweb,dolomites,creation
32,8,0,6,metaweb,dolomites,creation
16,8,7,6,metaweb,dolomites,creation
57,8,1,6,metaweb,dolomites,creation
42,35,7,6,metaweb,dolomites,creation
15,8,4,6,metaweb,dolomites,creation
17,8,7,6,metaweb,dolomites,creation
20,8,7,6,metaweb,dolomites,creation
29,8,7,6,metaweb,dolomites,creation
7,20,7,6,metaweb,dolomites,creation
2,18,2,6,metaweb,dolomites,creation
23,8,2,6,metaweb,dolomites,creation
18,8,7,6,metaweb,dolomites,creation
9,8,1,6,metaweb,dolomites,creation
55,8,1,6,metaweb,dolomites,creation
53,8,1,6,metaweb,dolomites,creation
10,8,8,6,metaweb,dolomites,creation
22,8,2,6,metaweb,dolomites,creation
26,8,8,6,metaweb,dolomites,creation
3,18,2,6,metaweb,dolomites,creation
30,8,2,6,metaweb,dolomites,creation
52,8,1,6,metaweb,dolomites,creation
48,0,43,6,metaweb,dolomites,creation
54,8,1,6,metaweb,dolomites,creation
51,0,43,6,metaweb,dolomites,creation
41,35,7,6,metaweb,dolomites,creation
25,8,8,6,metaweb,dolomites,creation
33,8,7,6,metaweb,dolomites,creation
58,8,1,6,metaweb,dolomites,creation
39,8,7,6,metaweb,dolomites,creation
47,0,43,6,metaweb,dolomites,creation
14,8,0,6,metaweb,dolomites,creation
44,0,43,6,metaweb,dolomites,creation
1,10,8,6,metaweb,dolomites,creation
19,8,7,6,metaweb,dolomites,creation
46,0,43,6,metaweb,dolomites,creation
50,0,43,6,metaweb,dolomites,creation
59,8,1,6,metaweb,dolomites,creation
4,31,4,6,metaweb,dolomites,creation
11,8,8,6,metaweb,dolomites,creation
36,8,2,6,metaweb,dolomites,creation
56,0,4,6,niche,dolomites,creation
34,6,5,6,niche,dolomites,creation
43,1,4,6,niche,dolomites,creation
40,1,4,6,niche,dolomites,creation
12,11,1,6,niche,dolomites,creation
13,2,1,6,niche,dolomites,creation
24,5,5,6,niche,dolomites,creation
49,0,6,6,niche,dolomites,creation
5,1,1,6,niche,dolomites,creation
31,16,6,6,niche,dolomites,creation
38,3,6,6,niche,dolomites,creation
45,1,9,6,niche,dolomites,creation
28,1,5,6,niche,dolomites,creation
37,0,6,6,niche,dolomites,creation
8,11,1,6,niche,dolomites,creation
35,7,5,6,niche,dolomites,creation
27,5,6,6,niche,dolomites,creation
21,6,3,6,niche,dolomites,creation
6,1,1,6,niche,dolomites,creation
32,3,7,6,niche,dolomites,creation
16,1,3,6,niche,dolomites,creation
57,1,4,6,niche,dolomites,creation
42,3,4,6,niche,dolomites,creation
15,4,2,6,niche,dolomites,creation
17,5,5,6,niche,dolomites,creation
20,1,2,6,niche,dolomites,creation
29,8,5,6,niche,dolomites,creation
7,13,1,6,niche,dolomites,creation
2,4,1,6,niche,dolomites,creation
23,13,3,6,niche,dolomites,creation
18,14,5,6,niche,dolomites,creation
9,19,1,6,niche,dolomites,creation
55,0,8,6,niche,dolomites,creation
53,0,9,6,niche,dolomites,creation
10,3,1,6,niche,dolomites,creation
22,0,3,6,niche,dolomites,creation
26,4,4,6,niche,dolomites,creation
3,4,1,6,niche,dolomites,creation
30,5,6,6,niche,dolomites,creation
52,3,8,6,niche,dolomites,creation
48,0,6,6,niche,dolomites,creation
54,0,8,6,niche,dolomites,creation
51,1,9,6,niche,dolomites,creation
41,1,4,6,niche,dolomites,creation
25,3,4,6,niche,dolomites,creation
33,4,7,6,niche,dolomites,creation
58,0,3,6,niche,dolomites,creation
39,1,6,6,niche,dolomites,creation
47,2,6,6,niche,dolomites,creation
14,13,1,6,niche,dolomites,creation
44,0,4,6,niche,dolomites,creation
1,10,1,6,niche,dolomites,creation
19,13,5,6,niche,dolomites,creation
46,2,7,6,niche,dolomites,creation
50,1,6,6,niche,dolomites,creation
59,0,1,6,niche,dolomites,creation
4,4,1,6,niche,dolomites,creation
11,0,1,6,niche,dolomites,creation
36,8,7,6,niche,dolomites,creation
56,2,0,6,down_rand,dolomites,creation
34,3,5,6,down_rand,dolomites,creation
43,20,3,6,down_rand,dolomites,creation
40,4,2,6,down_rand,dolomites,creation
12,5,6,6,down_rand,dolomites,creation
13,3,1,6,down_rand,dolomites,creation
24,3,0,6,down_rand,dolomites,creation
49,0,15,6,down_rand,dolomites,creation
5,18,3,6,down_rand,dolomites,creation
31,2,4,6,down_rand,dolomites,creation
38,1,2,6,down_rand,dolomites,creation
45,0,19,6,down_rand,dolomites,creation
28,2,5,6,down_rand,dolomites,creation
37,4,2,6,down_rand,dolomites,creation
8,4,0,6,down_rand,dolomites,creation
35,5,6,6,down_rand,dolomites,creation
27,2,5,6,down_rand,dolomites,creation
21,3,1,6,down_rand,dolomites,creation
6,11,4,6,down_rand,dolomites,creation
32,3,0,6,down_rand,dolomites,creation
16,6,1,6,down_rand,dolomites,creation
57,5,0,6,down_rand,dolomites,creation
42,17,3,6,down_rand,dolomites,creation
15,6,1,6,down_rand,dolomites,creation
17,5,2,6,down_rand,dolomites,creation
20,5,5,6,down_rand,dolomites,creation
29,5,3,6,down_rand,dolomites,creation
7,10,5,6,down_rand,dolomites,creation
2,10,1,6,down_rand,dolomites,creation
23,5,1,6,down_rand,dolomites,creation
18,2,6,6,down_rand,dolomites,creation
9,7,1,6,down_rand,dolomites,creation
55,7,0,6,down_rand,dolomites,creation
53,5,0,6,down_rand,dolomites,creation
10,3,2,6,down_rand,dolomites,creation
22,2,1,6,down_rand,dolomites,creation
26,3,1,6,down_rand,dolomites,creation
3,9,2,6,down_rand,dolomites,creation
30,6,2,6,down_rand,dolomites,creation
52,3,1,6,down_rand,dolomites,creation
48,0,21,6,down_rand,dolomites,creation
54,4,1,6,down_rand,dolomites,creation
51,0,20,6,down_rand,dolomites,creation
41,13,4,6,down_rand,dolomites,creation
25,5,6,6,down_rand,dolomites,creation
33,4,5,6,down_rand,dolomites,creation
58,1,1,6,down_rand,dolomites,creation
39,6,3,6,down_rand,dolomites,creation
47,0,19,6,down_rand,dolomites,creation
14,1,0,6,down_rand,dolomites,creation
44,0,21,6,down_rand,dolomites,creation
1,2,4,6,down_rand,dolomites,creation
19,2,4,6,down_rand,dolomites,creation
46,0,21,6,down_rand,dolomites,creation
50,0,23,6,down_rand,dolomites,creation
59,2,1,6,down_rand,dolomites,creation
4,20,1,6,down_rand,dolomites,creation
11,5,3,6,down_rand,dolomites,creation
36,0,2,6,down_rand,dolomites,creation
56,5,1,6,down_link,dolomites,creation
34,5,5,6,down_link,dolomites,creation
43,13,4,6,down_link,dolomites,creation
40,8,1,6,down_link,dolomites,creation
12,3,4,6,down_link,dolomites,creation
13,4,2,6,down_link,dolomites,creation
24,3,2,6,down_link,dolomites,creation
49,0,18,6,down_link,dolomites,creation
5,16,2,6,down_link,dolomites,creation
31,4,4,6,down_link,dolomites,creation
38,3,3,6,down_link,dolomites,creation
45,0,17,6,down_link,dolomites,creation
28,4,3,6,down_link,dolomites,creation
37,5,2,6,down_link,dolomites,creation
8,5,1,6,down_link,dolomites,creation
35,0,4,6,down_link,dolomites,creation
27,3,3,6,down_link,dolomites,creation
21,3,4,6,down_link,dolomites,creation
6,17,4,6,down_link,dolomites,creation
32,5,0,6,down_link,dolomites,creation
16,4,5,6,down_link,dolomites,creation
57,2,1,6,down_link,dolomites,creation
42,12,4,6,down_link,dolomites,creation
15,3,2,6,down_link,dolomites,creation
17,3,4,6,down_link,dolomites,creation
20,4,4,6,down_link,dolomites,creation
29,3,4,6,down_link,dolomites,creation
7,15,3,6,down_link,dolomites,creation
2,12,1,6,down_link,dolomites,creation
23,4,2,6,down_link,dolomites,creation
18,2,3,6,down_link,dolomites,creation
9,4,1,6,down_link,dolomites,creation
55,4,1,6,down_link,dolomites,creation
53,2,1,6,down_link,dolomites,creation
10,5,4,6,down_link,dolomites,creation
22,4,2,6,down_link,dolomites,creation
26,3,5,6,down_link,dolomites,creation
3,13,1,6,down_link,dolomites,creation
30,4,1,6,down_link,dolomites,creation
52,4,1,6,down_link,dolomites,creation
48,0,14,6,down_link,dolomites,creation
54,6,1,6,down_link,dolomites,creation
51,0,20,6,down_link,dolomites,creation
41,15,5,6,down_link,dolomites,creation
25,2,6,6,down_link,dolomites,creation
33,4,4,6,down_link,dolomites,creation
58,3,1,6,down_link,dolomites,creation
39,1,3,6,down_link,dolomites,creation
47,0,20,6,down_link,dolomites,creation
14,6,0,6,down_link,dolomites,creation
44,0,18,6,down_link,dolomites,creation
1,8,4,6,down_link,dolomites,creation
19,3,4,6,down_link,dolomites,creation
46,0,17,6,down_link,dolomites,creation
50,0,20,6,down_link,dolomites,creation
59,3,1,6,down_link,dolomites,creation
4,10,2,6,down_link,dolomites,creation
11,4,5,6,down_link,dolomites,creation
36,3,2,6,down_link,dolomites,creation
56,6,1,6,down_niche,dolomites,creation
34,5,7,6,down_niche,dolomites,creation
43,12,0,6,down_niche,dolomites,creation
40,4,0,6,down_niche,dolomites,creation
12,2,1,6,down_niche,dolomites,creation
13,5,0,6,down_niche,dolomites,creation
24,4,1,6,down_niche,dolomites,creation
49,0,1,6,down_niche,dolomites,creation
5,12,0,6,down_niche,dolomites,creation
31,4,5,6,down_niche,dolomites,creation
38,6,4,6,down_niche,dolomites,creation
45,0,32,6,down_niche,dolomites,creation
28,4,5,6,down_niche,dolomites,creation
37,6,4,6,down_niche,dolomites,creation
8,4,1,6,down_niche,dolomites,creation
35,4,5,6,down_niche,dolomites,creation
27,4,6,6,down_niche,dolomites,creation
21,6,2,6,down_niche,dolomites,creation
6,7,0,6,down_niche,dolomites,creation
32,5,0,6,down_niche,dolomites,creation
16,4,4,6,down_niche,dolomites,creation
57,4,0,6,down_niche,dolomites,creation
42,13,1,6,down_niche,dolomites,creation
15,3,4,6,down_niche,dolomites,creation
17,5,3,6,down_niche,dolomites,creation
20,5,4,6,down_niche,dolomites,creation
29,6,6,6,down_niche,dolomites,creation
7,10,0,6,down_niche,dolomites,creation
2,5,0,6,down_niche,dolomites,creation
23,6,1,6,down_niche,dolomites,creation
18,4,5,6,down_niche,dolomites,creation
9,5,0,6,down_niche,dolomites,creation
55,4,0,6,down_niche,dolomites,creation
53,6,1,6,down_niche,dolomites,creation
10,6,3,6,down_niche,dolomites,creation
22,4,2,6,down_niche,dolomites,creation
26,6,5,6,down_niche,dolomites,creation
3,5,1,6,down_niche,dolomites,creation
30,5,1,6,down_niche,dolomites,creation
52,4,0,6,down_niche,dolomites,creation
48,0,7,6,down_niche,dolomites,creation
54,5,1,6,down_niche,dolomites,creation
51,0,23,6,down_niche,dolomites,creation
41,12,0,6,down_niche,dolomites,creation
25,2,2,6,down_niche,dolomites,creation
33,5,0,6,down_niche,dolomites,creation
58,5,1,6,down_niche,dolomites,creation
39,3,2,6,down_niche,dolomites,creation
47,0,26,6,down_niche,dolomites,creation
14,3,0,6,down_niche,dolomites,creation
44,0,30,6,down_niche,dolomites,creation
1,5,0,6,down_niche,dolomites,creation
19,4,6,6,down_niche,dolomites,creation
46,0,32,6,down_niche,dolomites,creation
50,0,30,6,down_niche,dolomites,creation
59,5,0,6,down_niche,dolomites,creation
4,15,0,6,down_niche,dolomites,creation
11,4,4,6,down_niche,dolomites,creation
36,3,1,6,down_niche,dolomites,creation
56,6,1,6,down_niche_bodysize,dolomites,creation
34,5,7,6,down_niche_bodysize,dolomites,creation
43,12,0,6,down_niche_bodysize,dolomites,creation
40,4,0,6,down_niche_bodysize,dolomites,creation
12,2,1,6,down_niche_bodysize,dolomites,creation
13,5,0,6,down_niche_bodysize,dolomites,creation
24,4,1,6,down_niche_bodysize,dolomites,creation
49,0,1,6,down_niche_bodysize,dolomites,creation
5,12,0,6,down_niche_bodysize,dolomites,creation
31,4,5,6,down_niche_bodysize,dolomites,creation
38,6,4,6,down_niche_bodysize,dolomites,creation
45,0,32,6,down_niche_bodysize,dolomites,creation
28,4,5,6,down_niche_bodysize,dolomites,creation
37,6,4,6,down_niche_bodysize,dolomites,creation
8,4,1,6,down_niche_bodysize,dolomites,creation
35,4,5,6,down_niche_bodysize,dolomites,creation
27,4,6,6,down_niche_bodysize,dolomites,creation
21,6,2,6,down_niche_bodysize,dolomites,creation
6,7,0,6,down_niche_bodysize,dolomites,creation
32,5,0,6,down_niche_bodysize,dolomites,creation
16,4,4,6,down_niche_bodysize,dolomites,creation
57,4,0,6,down_niche_bodysize,dolomites,creation
42,13,1,6,down_niche_bodysize,dolomites,creation
15,3,4,6,down_niche_bodysize,dolomites,creation
17,5,3,6,down_niche_bodysize,dolomites,creation
20,5,4,6,down_niche_bodysize,dolomites,creation
29,6,6,6,down_niche_bodysize,dolomites,creation
7,10,0,6,down_niche_bodysize,dolomites,creation
2,5,0,6,down_niche_bodysize,dolomites,creation
23,6,1,6,down_niche_bodysize,dolomites,creation
18,4,5,6,down_niche_bodysize,dolomites,creation
9,5,0,6,down_niche_bodysize,dolomites,creation
55,4,0,6,down_niche_bodysize,dolomites,creation
53,6,1,6,down_niche_bodysize,dolomites,creation
10,6,3,6,down_niche_bodysize,dolomites,creation
22,4,2,6,down_niche_bodysize,dolomites,creation
26,6,5,6,down_niche_bodysize,dolomites,creation
3,5,1,6,down_niche_bodysize,dolomites,creation
30,5,1,6,down_niche_bodysize,dolomites,creation
52,4,0,6,down_niche_bodysize,dolomites,creation
48,0,7,6,down_niche_bodysize,dolomites,creation
54,5,1,6,down_niche_bodysize,dolomites,creation
51,0,23,6,down_niche_bodysize,dolomites,creation
41,12,0,6,down_niche_bodysize,dolomites,creation
25,2,2,6,down_niche_bodysize,dolomites,creation
33,5,0,6,down_niche_bodysize,dolomites,creation
58,5,1,6,down_niche_bodysize,dolomites,creation
39,3,2,6,down_niche_bodysize,dolomites,creation
47,0,26,6,down_niche_bodysize,dolomites,creation
14,3,0,6,down_niche_bodysize,dolomites,creation
44,0,30,6,down_niche_bodysize,dolomites,creation
1,5,0,6,down_niche_bodysize,dolomites,creation
19,4,6,6,down_niche_bodysize,dolomites,creation
46,0,32,6,down_niche_bodysize,dolomites,creation
50,0,30,6,down_niche_bodysize,dolomites,creation
59,5,0,6,down_niche_bodysize,dolomites,creation
4,15,0,6,down_niche_bodysize,dolomites,creation
11,4,4,6,down_niche_bodysize,dolomites,creation
36,3,1,6,down_niche_bodysize,dolomites,creation
56,4,41,6,atn,dolomites,creation
34,7,0,6,atn,dolomites,creation
43,5,0,6,atn,dolomites,creation
40,5,0,6,atn,dolomites,creation
12,7,0,6,atn,dolomites,creation
13,4,23,6,atn,dolomites,creation
24,6,0,6,atn,dolomites,creation
49,0,24,6,atn,dolomites,creation
5,9,0,6,atn,dolomites,creation
31,8,0,6,atn,dolomites,creation
38,7,0,6,atn,dolomites,creation
45,0,6,6,atn,dolomites,creation
28,6,0,6,atn,dolomites,creation
37,8,0,6,atn,dolomites,creation
8,6,0,6,atn,dolomites,creation
35,7,0,6,atn,dolomites,creation
27,7,0,6,atn,dolomites,creation
21,7,0,6,atn,dolomites,creation
6,8,0,6,atn,dolomites,creation
32,6,0,6,atn,dolomites,creation
16,8,0,6,atn,dolomites,creation
57,6,24,6,atn,dolomites,creation
42,6,0,6,atn,dolomites,creation
15,7,0,6,atn,dolomites,creation
17,9,0,6,atn,dolomites,creation
20,7,0,6,atn,dolomites,creation
29,5,0,6,atn,dolomites,creation
7,5,0,6,atn,dolomites,creation
2,9,0,6,atn,dolomites,creation
23,4,38,6,atn,dolomites,creation
18,7,0,6,atn,dolomites,creation
9,5,0,6,atn,dolomites,creation
55,2,29,6,atn,dolomites,creation
53,0,6,6,atn,dolomites,creation
10,6,0,6,atn,dolomites,creation
22,6,0,6,atn,dolomites,creation
26,8,0,6,atn,dolomites,creation
3,9,0,6,atn,dolomites,creation
30,6,7,6,atn,dolomites,creation
52,0,4,6,atn,dolomites,creation
48,0,41,6,atn,dolomites,creation
54,0,14,6,atn,dolomites,creation
51,0,0,6,atn,dolomites,creation
41,8,0,6,atn,dolomites,creation
25,7,0,6,atn,dolomites,creation
33,8,0,6,atn,dolomites,creation
58,6,4,6,atn,dolomites,creation
39,8,0,6,atn,dolomites,creation
47,0,29,6,atn,dolomites,creation
14,5,0,6,atn,dolomites,creation
44,0,4,6,atn,dolomites,creation
1,6,0,6,atn,dolomites,creation
19,5,0,6,atn,dolomites,creation
46,0,14,6,atn,dolomites,creation
50,0,4,6,atn,dolomites,creation
59,7,0,6,atn,dolomites,creation
4,6,0,6,atn,dolomites,creation
11,8,0,6,atn,dolomites,creation
36,6,0,6,atn,dolomites,creation
34,2,0,6,down_power,dolomites,burnin
43,0,19,6,down_power,dolomites,burnin
40,0,18,6,down_power,dolomites,burnin
12,3,0,6,down_power,dolomites,burnin
13,2,2,6,down_power,dolomites,burnin
24,0,5,6,down_power,dolomites,burnin
49,2,0,6,down_power,dolomites,burnin
5,9,2,6,down_power,dolomites,burnin
31,1,5,6,down_power,dolomites,burnin
38,34,4,6,down_power,dolomites,burnin
45,0,15,6,down_power,dolomites,burnin
28,3,1,6,down_power,dolomites,burnin
37,3,6,6,down_power,dolomites,burnin
8,4,4,6,down_power,dolomites,burnin
35,2,5,6,down_power,dolomites,burnin
27,3,5,6,down_power,dolomites,burnin
21,5,1,6,down_power,dolomites,burnin
6,1,0,6,down_power,dolomites,burnin
32,3,5,6,down_power,dolomites,burnin
16,2,4,6,down_power,dolomites,burnin
42,0,17,6,down_power,dolomites,burnin
15,6,3,6,down_power,dolomites,burnin
17,1,3,6,down_power,dolomites,burnin
20,4,0,6,down_power,dolomites,burnin
29,3,3,6,down_power,dolomites,burnin
7,3,1,6,down_power,dolomites,burnin
2,16,1,6,down_power,dolomites,burnin
23,1,4,6,down_power,dolomites,burnin
18,5,4,6,down_power,dolomites,burnin
9,4,5,6,down_power,dolomites,burnin
55,6,0,6,down_power,dolomites,burnin
53,3,0,6,down_power,dolomites,burnin
10,2,4,6,down_power,dolomites,burnin
22,2,0,6,down_power,dolomites,burnin
26,4,3,6,down_power,dolomites,burnin
3,21,1,6,down_power,dolomites,burnin
30,6,0,6,down_power,dolomites,burnin
52,3,0,6,down_power,dolomites,burnin
48,3,0,6,down_power,dolomites,burnin
54,3,0,6,down_power,dolomites,burnin
51,5,0,6,down_power,dolomites,burnin
41,0,16,6,down_power,dolomites,burnin
25,0,5,6,down_power,dolomites,burnin
33,4,3,6,down_power,dolomites,burnin
39,34,3,6,down_power,dolomites,burnin
47,0,15,6,down_power,dolomites,burnin
14,4,5,6,down_power,dolomites,burnin
44,0,17,6,down_power,dolomites,burnin
1,3,4,6,down_power,dolomites,burnin
19,2,5,6,down_power,dolomites,burnin
46,0,17,6,down_power,dolomites,burnin
50,6,0,6,down_power,dolomites,burnin
4,12,5,6,down_power,dolomites,burnin
11,1,0,6,down_power,dolomites,burnin
36,1,2,6,down_power,dolomites,burnin
34,0,40,6,metaweb,dolomites,burnin
43,8,0,6,metaweb,dolomites,burnin
40,0,40,6,metaweb,dolomites,burnin
12,8,0,6,metaweb,dolomites,burnin
13,8,0,6,metaweb,dolomites,burnin
24,8,0,6,metaweb,dolomites,burnin
5,8,0,6,metaweb,dolomites,burnin
31,8,0,6,metaweb,dolomites,burnin
38,0,40,6,metaweb,dolomites,burnin
45,8,0,6,metaweb,dolomites,burnin
28,8,0,6,metaweb,dolomites,burnin
37,0,40,6,metaweb,dolomites,burnin
8,8,0,6,metaweb,dolomites,burnin
35,0,40,6,metaweb,dolomites,burnin
27,8,0,6,metaweb,dolomites,burnin
21,8,0,6,metaweb,dolomites,burnin
6,8,0,6,metaweb,dolomites,burnin
32,8,0,6,metaweb,dolomites,burnin
16,8,0,6,metaweb,dolomites,burnin
42,8,0,6,metaweb,dolomites,burnin
15,8,0,6,metaweb,dolomites,burnin
17,8,0,6,metaweb,dolomites,burnin
20,8,0,6,metaweb,dolomites,burnin
29,8,0,6,metaweb,dolomites,burnin
7,8,0,6,metaweb,dolomites,burnin
2,8,0,6,metaweb,dolomites,burnin
23,8,0,6,metaweb,dolomites,burnin
18,8,0,6,metaweb,dolomites,burnin
9,8,0,6,metaweb,dolomites,burnin
10,8,0,6,metaweb,dolomites,burnin
22,8,0,6,metaweb,dolomites,burnin
26,8,0,6,metaweb,dolomites,burnin
3,8,0,6,metaweb,dolomites,burnin
30,8,0,6,metaweb,dolomites,burnin
48,8,0,6,metaweb,dolomites,burnin
41,8,0,6,metaweb,dolomites,burnin
25,8,0,6,metaweb,dolomites,burnin
33,0,40,6,metaweb,dolomites,burnin
39,0,40,6,metaweb,dolomites,burnin
47,8,0,6,metaweb,dolomites,burnin
14,8,0,6,metaweb,dolomites,burnin
44,8,0,6,metaweb,dolomites,burnin
1,8,0,6,metaweb,dolomites,burnin
19,8,0,6,metaweb,dolomites,burnin
46,8,0,6,metaweb,dolomites,burnin
4,8,0,6,metaweb,dolomites,burnin
11,8,0,6,metaweb,dolomites,burnin
36,0,40,6,metaweb,dolomites,burnin
34,1,4,6,niche,dolomites,burnin
43,1,7,6,niche,dolomites,burnin
40,2,6,6,niche,dolomites,burnin
12,4,1,6,niche,dolomites,burnin
13,1,2,6,niche,dolomites,burnin
24,3,5,6,niche,dolomites,burnin
49,1,4,6,niche,dolomites,burnin
5,12,1,6,niche,dolomites,burnin
31,0,6,6,niche,dolomites,burnin
38,0,4,6,niche,dolomites,burnin
45,0,9,6,niche,dolomites,burnin
28,4,5,6,niche,dolomites,burnin
37,1,4,6,niche,dolomites,burnin
8,0,1,6,niche,dolomites,burnin
35,1,4,6,niche,dolomites,burnin
27,4,7,6,niche,dolomites,burnin
21,5,4,6,niche,dolomites,burnin
6,9,1,6,niche,dolomites,burnin
32,3,6,6,niche,dolomites,burnin
16,6,3,6,niche,dolomites,burnin
42,0,6,6,niche,dolomites,burnin
15,10,3,6,niche,dolomites,burnin
17,0,3,6,niche,dolomites,burnin
20,4,3,6,niche,dolomites,burnin
29,7,5,6,niche,dolomites,burnin
7,15,1,6,niche,dolomites,burnin
2,4,1,6,niche,dolomites,burnin
23,8,4,6,niche,dolomites,burnin
18,13,3,6,niche,dolomites,burnin
9,11,1,6,niche,dolomites,burnin
10,2,1,6,niche,dolomites,burnin
22,1,4,6,niche,dolomites,burnin
26,3,7,6,niche,dolomites,burnin
3,3,1,6,niche,dolomites,burnin
30,7,7,6,niche,dolomites,burnin
48,0,4,6,niche,dolomites,burnin
51,0,1,6,niche,dolomites,burnin
41,0,6,6,niche,dolomites,burnin
25,15,5,6,niche,dolomites,burnin
33,1,6,6,niche,dolomites,burnin
39,1,9,6,niche,dolomites,burnin
47,0,8,6,niche,dolomites,burnin
14,11,3,6,niche,dolomites,burnin
44,3,8,6,niche,dolomites,burnin
1,10,1,6,niche,dolomites,burnin
19,3,3,6,niche,dolomites,burnin
46,0,8,6,niche,dolomites,burnin
50,0,3,6,niche,dolomites,burnin
4,1,1,6,niche,dolomites,burnin
11,11,1,6,niche,dolomites,burnin
36,3,4,6,niche,dolomites,burnin
34,0,20,6,down_rand,dolomites,burnin
43,7,0,6,down_rand,dolomites,burnin
40,3,0,6,down_rand,dolomites,burnin
12,2,0,6,down_rand,dolomites,burnin
13,5,0,6,down_rand,dolomites,burnin
24,2,0,6,down_rand,dolomites,burnin
5,5,0,6,down_rand,dolomites,burnin
31,6,0,6,down_rand,dolomites,burnin
38,0,21,6,down_rand,dolomites,burnin
45,5,0,6,down_rand,dolomites,burnin
28,5,0,6,down_rand,dolomites,burnin
37,0,12,6,down_rand,dolomites,burnin
8,6,0,6,down_rand,dolomites,burnin
35,0,19,6,down_rand,dolomites,burnin
27,3,0,6,down_rand,dolomites,burnin
21,2,0,6,down_rand,dolomites,burnin
6,3,0,6,down_rand,dolomites,burnin
32,0,20,6,down_rand,dolomites,burnin
16,5,0,6,down_rand,dolomites,burnin
42,4,0,6,down_rand,dolomites,burnin
15,2,0,6,down_rand,dolomites,burnin
17,3,0,6,down_rand,dolomites,burnin
20,2,0,6,down_rand,dolomites,burnin
29,4,0,6,down_rand,dolomites,burnin
7,1,0,6,down_rand,dolomites,burnin
2,7,0,6,down_rand,dolomites,burnin
23,6,0,6,down_rand,dolomites,burnin
18,5,0,6,down_rand,dolomites,burnin
9,6,0,6,down_rand,dolomites,burnin
10,5,0,6,down_rand,dolomites,burnin
22,5,0,6,down_rand,dolomites,burnin
26,4,0,6,down_rand,dolomites,burnin
3,3,0,6,down_rand,dolomites,burnin
30,1,0,6,down_rand,dolomites,burnin
41,5,0,6,down_rand,dolomites,burnin
25,3,0,6,down_rand,dolomites,burnin
33,0,17,6,down_rand,dolomites,burnin
39,0,19,6,down_rand,dolomites,burnin
47,2,0,6,down_rand,dolomites,burnin
14,3,0,6,down_rand,dolomites,burnin
44,2,0,6,down_rand,dolomites,burnin
1,4,0,6,down_rand,dolomites,burnin
19,3,0,6,down_rand,dolomites,burnin
46,1,0,6,down_rand,dolomites,burnin
4,5,0,6,down_rand,dolomites,burnin
11,2,0,6,down_rand,dolomites,burnin
36,0,19,6,down_rand,dolomites,burnin
34,0,17,6,down_link,dolomites,burnin
43,4,0,6,down_link,dolomites,burnin
40,4,0,6,down_link,dolomites,burnin
12,3,0,6,down_link,dolomites,burnin
13,4,0,6,down_link,dolomites,burnin
24,4,0,6,down_link,dolomites,burnin
5,3,0,6,down_link,dolomites,burnin
31,1,0,6,down_link,dolomites,burnin
38,0,20,6,down_link,dolomites,burnin
45,2,0,6,down_link,dolomites,burnin
28,3,0,6,down_link,dolomites,burnin
37,0,18,6,down_link,dolomites,burnin
8,3,0,6,down_link,dolomites,burnin
35,0,20,6,down_link,dolomites,burnin
27,5,0,6,down_link,dolomites,burnin
21,4,0,6,down_link,dolomites,burnin
6,4,0,6,down_link,dolomites,burnin
32,0,17,6,down_link,dolomites,burnin
16,4,0,6,down_link,dolomites,burnin
42,6,0,6,down_link,dolomites,burnin
15,4,0,6,down_link,dolomites,burnin
17,3,0,6,down_link,dolomites,burnin
20,3,0,6,down_link,dolomites,burnin
29,5,0,6,down_link,dolomites,burnin
7,6,0,6,down_link,dolomites,burnin
2,4,0,6,down_link,dolomites,burnin
23,4,0,6,down_link,dolomites,burnin
18,2,0,6,down_link,dolomites,burnin
9,4,0,6,down_link,dolomites,burnin
10,3,0,6,down_link,dolomites,burnin
22,3,0,6,down_link,dolomites,burnin
26,4,0,6,down_link,dolomites,burnin
3,5,0,6,down_link,dolomites,burnin
30,3,0,6,down_link,dolomites,burnin
41,2,0,6,down_link,dolomites,burnin
25,5,0,6,down_link,dolomites,burnin
33,0,16,6,down_link,dolomites,burnin
39,0,20,6,down_link,dolomites,burnin
47,3,0,6,down_link,dolomites,burnin
14,3,0,6,down_link,dolomites,burnin
44,5,0,6,down_link,dolomites,burnin
1,5,0,6,down_link,dolomites,burnin
19,3,0,6,down_link,dolomites,burnin
46,3,0,6,down_link,dolomites,burnin
4,4,0,6,down_link,dolomites,burnin
11,2,0,6,down_link,dolomites,burnin
36,0,14,6,down_link,dolomites,burnin
34,3,1,6,down_niche,dolomites,burnin
43,0,30,6,down_niche,dolomites,burnin
40,0,26,6,down_niche,dolomites,burnin
12,5,0,6,down_niche,dolomites,burnin
13,4,2,6,down_niche,dolomites,burnin
24,6,3,6,down_niche,dolomites,burnin
49,6,0,6,down_niche,dolomites,burnin
5,6,1,6,down_niche,dolomites,burnin
31,3,1,6,down_niche,dolomites,burnin
38,0,32,6,down_niche,dolomites,burnin
45,4,0,6,down_niche,dolomites,burnin
28,5,0,6,down_niche,dolomites,burnin
37,0,30,6,down_niche,dolomites,burnin
8,5,0,6,down_niche,dolomites,burnin
35,12,0,6,down_niche,dolomites,burnin
27,5,0,6,down_niche,dolomites,burnin
21,6,3,6,down_niche,dolomites,burnin
6,4,4,6,down_niche,dolomites,burnin
32,6,1,6,down_niche,dolomites,burnin
16,6,2,6,down_niche,dolomites,burnin
42,0,1,6,down_niche,dolomites,burnin
15,5,2,6,down_niche,dolomites,burnin
17,4,2,6,down_niche,dolomites,burnin
20,2,1,6,down_niche,dolomites,burnin
29,5,4,6,down_niche,dolomites,burnin
7,2,1,6,down_niche,dolomites,burnin
2,10,0,6,down_niche,dolomites,burnin
23,4,2,6,down_niche,dolomites,burnin
18,6,1,6,down_niche,dolomites,burnin
9,3,0,6,down_niche,dolomites,burnin
10,3,1,6,down_niche,dolomites,burnin
22,4,4,6,down_niche,dolomites,burnin
26,4,1,6,down_niche,dolomites,burnin
3,4,0,6,down_niche,dolomites,burnin
30,4,2,6,down_niche,dolomites,burnin
52,5,0,6,down_niche,dolomites,burnin
48,4,0,6,down_niche,dolomites,burnin
51,5,0,6,down_niche,dolomites,burnin
41,0,7,6,down_niche,dolomites,burnin
25,5,1,6,down_niche,dolomites,burnin
33,6,2,6,down_niche,dolomites,burnin
39,0,32,6,down_niche,dolomites,burnin
47,5,0,6,down_niche,dolomites,burnin
14,4,4,6,down_niche,dolomites,burnin
44,0,23,6,down_niche,dolomites,burnin
1,14,0,6,down_niche,dolomites,burnin
19,4,1,6,down_niche,dolomites,burnin
46,6,0,6,down_niche,dolomites,burnin
50,4,0,6,down_niche,dolomites,burnin
4,5,0,6,down_niche,dolomites,burnin
11,4,1,6,down_niche,dolomites,burnin
36,12,0,6,down_niche,dolomites,burnin
34,3,1,6,down_niche_bodysize,dolomites,burnin
43,0,30,6,down_niche_bodysize,dolomites,burnin
40,0,26,6,down_niche_bodysize,dolomites,burnin
12,5,0,6,down_niche_bodysize,dolomites,burnin
13,4,2,6,down_niche_bodysize,dolomites,burnin
24,6,3,6,down_niche_bodysize,dolomites,burnin
49,6,0,6,down_niche_bodysize,dolomites,burnin
5,6,1,6,down_niche_bodysize,dolomites,burnin
31,3,1,6,down_niche_bodysize,dolomites,burnin
38,0,32,6,down_niche_bodysize,dolomites,burnin
45,4,0,6,down_niche_bodysize,dolomites,burnin
28,5,0,6,down_niche_bodysize,dolomites,burnin
37,0,30,6,down_niche_bodysize,dolomites,burnin
8,5,0,6,down_niche_bodysize,dolomites,burnin
35,12,0,6,down_niche_bodysize,dolomites,burnin
27,5,0,6,down_niche_bodysize,dolomites,burnin
21,6,3,6,down_niche_bodysize,dolomites,burnin
6,4,4,6,down_niche_bodysize,dolomites,burnin
32,6,1,6,down_niche_bodysize,dolomites,burnin
16,6,2,6,down_niche_bodysize,dolomites,burnin
42,0,1,6,down_niche_bodysize,dolomites,burnin
15,5,2,6,down_niche_bodysize,dolomites,burnin
17,4,2,6,down_niche_bodysize,dolomites,burnin
20,2,1,6,down_niche_bodysize,dolomites,burnin
29,5,4,6,down_niche_bodysize,dolomites,burnin
7,2,1,6,down_niche_bodysize,dolomites,burnin
2,10,0,6,down_niche_bodysize,dolomites,burnin
23,4,2,6,down_niche_bodysize,dolomites,burnin
18,6,1,6,down_niche_bodysize,dolomites,burnin
9,3,0,6,down_niche_bodysize,dolomites,burnin
10,3,1,6,down_niche_bodysize,dolomites,burnin
22,4,4,6,down_niche_bodysize,dolomites,burnin
26,4,1,6,down_niche_bodysize,dolomites,burnin
3,4,0,6,down_niche_bodysize,dolomites,burnin
30,4,2,6,down_niche_bodysize,dolomites,burnin
52,5,0,6,down_niche_bodysize,dolomites,burnin
48,4,0,6,down_niche_bodysize,dolomites,burnin
51,5,0,6,down_niche_bodysize,dolomites,burnin
41,0,7,6,down_niche_bodysize,dolomites,burnin
25,5,1,6,down_niche_bodysize,dolomites,burnin
33,6,2,6,down_niche_bodysize,dolomites,burnin
39,0,32,6,down_niche_bodysize,dolomites,burnin
47,5,0,6,down_niche_bodysize,dolomites,burnin
14,4,4,6,down_niche_bodysize,dolomites,burnin
44,0,23,6,down_niche_bodysize,dolomites,burnin
1,14,0,6,down_niche_bodysize,dolomites,burnin
19,4,1,6,down_niche_bodysize,dolomites,burnin
46,6,0,6,down_niche_bodysize,dolomites,burnin
50,4,0,6,down_niche_bodysize,dolomites,burnin
4,5,0,6,down_niche_bodysize,dolomites,burnin
11,4,1,6,down_niche_bodysize,dolomites,burnin
36,12,0,6,down_niche_bodysize,dolomites,burnin
34,0,4,6,atn,dolomites,burnin
43,0,14,6,atn,dolomites,burnin
40,0,4,6,atn,dolomites,burnin
12,8,0,6,atn,dolomites,burnin
13,9,0,6,atn,dolomites,burnin
24,6,0,6,atn,dolomites,burnin
5,9,0,6,atn,dolomites,burnin
31,8,0,6,atn,dolomites,burnin
38,0,31,6,atn,dolomites,burnin
45,4,31,6,atn,dolomites,burnin
28,6,0,6,atn,dolomites,burnin
37,0,22,6,atn,dolomites,burnin
8,6,0,6,atn,dolomites,burnin
35,0,6,6,atn,dolomites,burnin
27,7,0,6,atn,dolomites,burnin
21,6,0,6,atn,dolomites,burnin
6,8,0,6,atn,dolomites,burnin
32,8,0,6,atn,dolomites,burnin
16,6,0,6,atn,dolomites,burnin
42,0,6,6,atn,dolomites,burnin
15,7,0,6,atn,dolomites,burnin
17,4,28,6,atn,dolomites,burnin
20,7,0,6,atn,dolomites,burnin
29,8,0,6,atn,dolomites,burnin
7,6,0,6,atn,dolomites,burnin
2,9,0,6,atn,dolomites,burnin
23,8,0,6,atn,dolomites,burnin
18,6,0,6,atn,dolomites,burnin
9,8,0,6,atn,dolomites,burnin
10,7,0,6,atn,dolomites,burnin
22,6,4,6,atn,dolomites,burnin
26,7,0,6,atn,dolomites,burnin
3,9,0,6,atn,dolomites,burnin
30,7,0,6,atn,dolomites,burnin
48,7,0,6,atn,dolomites,burnin
41,0,4,6,atn,dolomites,burnin
25,8,0,6,atn,dolomites,burnin
33,6,0,6,atn,dolomites,burnin
39,0,21,6,atn,dolomites,burnin
47,6,4,6,atn,dolomites,burnin
14,7,0,6,atn,dolomites,burnin
44,2,22,6,atn,dolomites,burnin
1,6,0,6,atn,dolomites,burnin
19,8,0,6,atn,dolomites,burnin
46,6,21,6,atn,dolomites,burnin
4,6,0,6,atn,dolomites,burnin
11,4,20,6,atn,dolomites,burnin
36,0,14,6,atn,dolomites,burnin
56,3,0,7,down_power,dolomites,creation
34,5,5,7,down_power,dolomites,creation
43,17,5,7,down_power,dolomites,creation
40,4,1,7,down_power,dolomites,creation
12,1,3,7,down_power,dolomites,creation
13,3,2,7,down_power,dolomites,creation
24,4,2,7,down_power,dolomites,creation
49,0,18,7,down_power,dolomites,creation
5,13,1,7,down_power,dolomites,creation
31,1,5,7,down_power,dolomites,creation
38,4,4,7,down_power,dolomites,creation
45,0,15,7,down_power,dolomites,creation
28,2,6,7,down_power,dolomites,creation
37,4,4,7,down_power,dolomites,creation
8,1,0,7,down_power,dolomites,creation
35,1,4,7,down_power,dolomites,creation
27,5,5,7,down_power,dolomites,creation
21,3,6,7,down_power,dolomites,creation
6,12,6,7,down_power,dolomites,creation
32,1,0,7,down_power,dolomites,creation
16,3,5,7,down_power,dolomites,creation
57,4,1,7,down_power,dolomites,creation
42,35,5,7,down_power,dolomites,creation
15,0,3,7,down_power,dolomites,creation
17,3,4,7,down_power,dolomites,creation
20,1,2,7,down_power,dolomites,creation
29,5,5,7,down_power,dolomites,creation
7,6,6,7,down_power,dolomites,creation
2,10,1,7,down_power,dolomites,creation
23,3,0,7,down_power,dolomites,creation
18,5,3,7,down_power,dolomites,creation
9,2,0,7,down_power,dolomites,creation
55,3,1,7,down_power,dolomites,creation
53,4,1,7,down_power,dolomites,creation
10,3,5,7,down_power,dolomites,creation
22,6,1,7,down_power,dolomites,creation
26,3,5,7,down_power,dolomites,creation
3,6,0,7,down_power,dolomites,creation
30,1,0,7,down_power,dolomites,creation
52,3,0,7,down_power,dolomites,creation
48,0,20,7,down_power,dolomites,creation
54,2,1,7,down_power,dolomites,creation
51,0,11,7,down_power,dolomites,creation
41,35,4,7,down_power,dolomites,creation
25,1,5,7,down_power,dolomites,creation
33,5,3,7,down_power,dolomites,creation
58,6,0,7,down_power,dolomites,creation
39,4,4,7,down_power,dolomites,creation
47,0,23,7,down_power,dolomites,creation
14,1,0,7,down_power,dolomites,creation
44,0,21,7,down_power,dolomites,creation
1,4,2,7,down_power,dolomites,creation
19,4,4,7,down_power,dolomites,creation
46,0,17,7,down_power,dolomites,creation
50,0,18,7,down_power,dolomites,creation
59,1,0,7,down_power,dolomites,creation
4,17,3,7,down_power,dolomites,creation
11,6,5,7,down_power,dolomites,creation
36,5,0,7,down_power,dolomites,creation
56,8,1,7,metaweb,dolomites,creation
34,8,7,7,metaweb,dolomites,creation
43,28,7,7,metaweb,dolomites,creation
40,8,2,7,metaweb,dolomites,creation
12,8,8,7,metaweb,dolomites,creation
13,8,2,7,metaweb,dolomites,creation
24,8,2,7,metaweb,dolomites,creation
49,0,43,7,metaweb,dolomites,creation
5,31,4,7,metaweb,dolomites,creation
31,8,8,7,metaweb,dolomites,creation
38,8,7,7,metaweb,dolomites,creation
45,0,43,7,metaweb,dolomites,creation
28,8,7,7,metaweb,dolomites,creation
37,8,7,7,metaweb,dolomites,creation
8,8,1,7,metaweb,dolomites,creation
35,8,7,7,metaweb,dolomites,creation
27,8,8,7,metaweb,dolomites,creation
21,8,7,7,metaweb,dolomites,creation
6,27,7,7,metaweb,dolomites,creation
32,8,0,7,metaweb,dolomites,creation
16,8,7,7,metaweb,dolomites,creation
57,8,1,7,metaweb,dolomites,creation
42,35,7,7,metaweb,dolomites,creation
15,8,4,7,metaweb,dolomites,creation
17,8,7,7,metaweb,dolomites,creation
20,8,7,7,metaweb,dolomites,creation
29,8,7,7,metaweb,dolomites,creation
7,20,7,7,metaweb,dolomites,creation
2,18,2,7,metaweb,dolomites,creation
23,8,2,7,metaweb,dolomites,creation
18,8,7,7,metaweb,dolomites,creation
9,8,1,7,metaweb,dolomites,creation
55,8,1,7,metaweb,dolomites,creation
53,8,1,7,metaweb,dolomites,creation
10,8,8,7,metaweb,dolomites,creation
22,8,2,7,metaweb,dolomites,creation
26,8,8,7,metaweb,dolomites,creation
3,18,2,7,metaweb,dolomites,creation
30,8,2,7,metaweb,dolomites,creation
52,8,1,7,metaweb,dolomites,creation
48,0,43,7,metaweb,dolomites,creation
54,8,1,7,metaweb,dolomites,creation
51,0,43,7,metaweb,dolomites,creation
41,35,7,7,metaweb,dolomites,creation
25,8,8,7,metaweb,dolomites,creation
33,8,7,7,metaweb,dolomites,creation
58,8,1,7,metaweb,dolomites,creation
39,8,7,7,metaweb,dolomites,creation
47,0,43,7,metaweb,dolomites,creation
14,8,0,7,metaweb,dolomites,creation
44,0,43,7,metaweb,dolomites,creation
1,10,8,7,metaweb,dolomites,creation
19,8,7,7,metaweb,dolomites,creation
46,0,43,7,metaweb,dolomites,creation
50,0,43,7,metaweb,dolomites,creation
59,8,1,7,metaweb,dolomites,creation
4,31,4,7,metaweb,dolomites,creation
11,8,8,7,metaweb,dolomites,creation
36,8,2,7,metaweb,dolomites,creation
56,0,9,7,niche,dolomites,creation
34,1,7,7,niche,dolomites,creation
43,5,6,7,niche,dolomites,creation
40,2,5,7,niche,dolomites,creation
12,5,4,7,niche,dolomites,creation
13,10,4,7,niche,dolomites,creation
24,20,4,7,niche,dolomites,creation
49,0,6,7,niche,dolomites,creation
5,0,1,7,niche,dolomites,creation
31,3,5,7,niche,dolomites,creation
38,0,5,7,niche,dolomites,creation
45,3,7,7,niche,dolomites,creation
28,6,5,7,niche,dolomites,creation
37,4,5,7,niche,dolomites,creation
8,8,2,7,niche,dolomites,creation
35,1,4,7,niche,dolomites,creation
27,9,5,7,niche,dolomites,creation
21,0,4,7,niche,dolomites,creation
6,8,1,7,niche,dolomites,creation
32,4,3,7,niche,dolomites,creation
16,5,4,7,niche,dolomites,creation
57,0,9,7,niche,dolomites,creation
42,1,5,7,niche,dolomites,creation
15,7,5,7,niche,dolomites,creation
17,21,4,7,niche,dolomites,creation
20,9,4,7,niche,dolomites,creation
29,8,5,7,niche,dolomites,creation
7,11,1,7,niche,dolomites,creation
2,2,0,7,niche,dolomites,creation
23,7,4,7,niche,dolomites,creation
18,2,4,7,niche,dolomites,creation
9,1,2,7,niche,dolomites,creation
55,2,5,7,niche,dolomites,creation
53,3,9,7,niche,dolomites,creation
10,4,2,7,niche,dolomites,creation
22,1,3,7,niche,dolomites,creation
26,3,5,7,niche,dolomites,creation
3,8,0,7,niche,dolomites,creation
30,6,5,7,niche,dolomites,creation
52,0,9,7,niche,dolomites,creation
48,0,6,7,niche,dolomites,creation
54,1,8,7,niche,dolomites,creation
51,2,9,7,niche,dolomites,creation
41,1,5,7,niche,dolomites,creation
25,12,4,7,niche,dolomites,creation
33,5,3,7,niche,dolomites,creation
58,0,8,7,niche,dolomites,creation
39,4,5,7,niche,dolomites,creation
47,0,4,7,niche,dolomites,creation
14,3,4,7,niche,dolomites,creation
44,2,7,7,niche,dolomites,creation
1,18,0,7,niche,dolomites,creation
19,2,4,7,niche,dolomites,creation
46,3,5,7,niche,dolomites,creation
50,3,5,7,niche,dolomites,creation
59,0,3,7,niche,dolomites,creation
4,11,0,7,niche,dolomites,creation
11,7,4,7,niche,dolomites,creation
36,3,6,7,niche,dolomites,creation
56,3,0,7,down_rand,dolomites,creation
34,1,1,7,down_rand,dolomites,creation
43,14,4,7,down_rand,dolomites,creation
40,4,1,7,down_rand,dolomites,creation
12,4,3,7,down_rand,dolomites,creation
13,3,0,7,down_rand,dolomites,creation
24,3,0,7,down_rand,dolomites,creation
49,0,22,7,down_rand,dolomites,creation
5,12,2,7,down_rand,dolomites,creation
31,5,5,7,down_rand,dolomites,creation
38,4,2,7,down_rand,dolomites,creation
45,0,21,7,down_rand,dolomites,creation
28,5,4,7,down_rand,dolomites,creation
37,4,4,7,down_rand,dolomites,creation
8,4,0,7,down_rand,dolomites,creation
35,5,6,7,down_rand,dolomites,creation
27,5,3,7,down_rand,dolomites,creation
21,5,6,7,down_rand,dolomites,creation
6,15,2,7,down_rand,dolomites,creation
32,4,0,7,down_rand,dolomites,creation
16,4,6,7,down_rand,dolomites,creation
57,5,1,7,down_rand,dolomites,creation
42,23,4,7,down_rand,dolomites,creation
15,4,1,7,down_rand,dolomites,creation
17,5,3,7,down_rand,dolomites,creation
20,3,3,7,down_rand,dolomites,creation
29,4,3,7,down_rand,dolomites,creation
7,8,2,7,down_rand,dolomites,creation
2,10,2,7,down_rand,dolomites,creation
23,4,0,7,down_rand,dolomites,creation
18,3,2,7,down_rand,dolomites,creation
9,5,0,7,down_rand,dolomites,creation
55,4,1,7,down_rand,dolomites,creation
53,4,0,7,down_rand,dolomites,creation
10,2,3,7,down_rand,dolomites,creation
22,5,2,7,down_rand,dolomites,creation
26,2,4,7,down_rand,dolomites,creation
3,9,2,7,down_rand,dolomites,creation
30,1,1,7,down_rand,dolomites,creation
52,5,0,7,down_rand,dolomites,creation
48,0,21,7,down_rand,dolomites,creation
54,4,1,7,down_rand,dolomites,creation
51,0,21,7,down_rand,dolomites,creation
41,15,3,7,down_rand,dolomites,creation
25,5,5,7,down_rand,dolomites,creation
33,6,2,7,down_rand,dolomites,creation
58,3,0,7,down_rand,dolomites,creation
39,6,4,7,down_rand,dolomites,creation
47,0,18,7,down_rand,dolomites,creation
14,4,0,7,down_rand,dolomites,creation
44,0,19,7,down_rand,dolomites,creation
1,3,3,7,down_rand,dolomites,creation
19,3,4,7,down_rand,dolomites,creation
46,0,23,7,down_rand,dolomites,creation
50,0,22,7,down_rand,dolomites,creation
59,1,1,7,down_rand,dolomites,creation
4,12,2,7,down_rand,dolomites,creation
11,4,6,7,down_rand,dolomites,creation
36,5,0,7,down_rand,dolomites,creation
56,4,1,7,down_link,dolomites,creation
34,4,4,7,down_link,dolomites,creation
43,15,1,7,down_link,dolomites,creation
40,8,2,7,down_link,dolomites,creation
12,4,4,7,down_link,dolomites,creation
13,2,2,7,down_link,dolomites,creation
24,6,2,7,down_link,dolomites,creation
49,0,19,7,down_link,dolomites,creation
5,21,2,7,down_link,dolomites,creation
31,4,4,7,down_link,dolomites,creation
38,6,3,7,down_link,dolomites,creation
45,0,14,7,down_link,dolomites,creation
28,3,1,7,down_link,dolomites,creation
37,2,4,7,down_link,dolomites,creation
8,3,1,7,down_link,dolomites,creation
35,4,4,7,down_link,dolomites,creation
27,5,3,7,down_link,dolomites,creation
21,5,4,7,down_link,dolomites,creation
6,12,3,7,down_link,dolomites,creation
32,3,0,7,down_link,dolomites,creation
16,3,6,7,down_link,dolomites,creation
57,4,1,7,down_link,dolomites,creation
42,16,5,7,down_link,dolomites,creation
15,4,4,7,down_link,dolomites,creation
17,4,4,7,down_link,dolomites,creation
20,3,2,7,down_link,dolomites,creation
29,4,5,7,down_link,dolomites,creation
7,14,3,7,down_link,dolomites,creation
2,11,2,7,down_link,dolomites,creation
23,3,2,7,down_link,dolomites,creation
18,3,4,7,down_link,dolomites,creation
9,2,1,7,down_link,dolomites,creation
55,5,1,7,down_link,dolomites,creation
53,3,1,7,down_link,dolomites,creation
10,2,5,7,down_link,dolomites,creation
22,3,2,7,down_link,dolomites,creation
26,2,6,7,down_link,dolomites,creation
3,13,2,7,down_link,dolomites,creation
30,4,2,7,down_link,dolomites,creation
52,4,1,7,down_link,dolomites,creation
48,0,15,7,down_link,dolomites,creation
54,3,1,7,down_link,dolomites,creation
51,0,18,7,down_link,dolomites,creation
41,14,4,7,down_link,dolomites,creation
25,1,4,7,down_link,dolomites,creation
33,3,5,7,down_link,dolomites,creation
58,3,1,7,down_link,dolomites,creation
39,3,4,7,down_link,dolomites,creation
47,0,17,7,down_link,dolomites,creation
14,2,0,7,down_link,dolomites,creation
44,0,16,7,down_link,dolomites,creation
1,6,3,7,down_link,dolomites,creation
19,4,4,7,down_link,dolomites,creation
46,0,20,7,down_link,dolomites,creation
50,0,22,7,down_link,dolomites,creation
59,5,1,7,down_link,dolomites,creation
4,14,4,7,down_link,dolomites,creation
11,2,5,7,down_link,dolomites,creation
36,3,0,7,down_link,dolomites,creation
56,3,1,7,down_niche,dolomites,creation
34,5,6,7,down_niche,dolomites,creation
43,11,0,7,down_niche,dolomites,creation
40,6,0,7,down_niche,dolomites,creation
12,5,5,7,down_niche,dolomites,creation
13,5,2,7,down_niche,dolomites,creation
24,3,2,7,down_niche,dolomites,creation
49,0,4,7,down_niche,dolomites,creation
5,10,0,7,down_niche,dolomites,creation
31,5,5,7,down_niche,dolomites,creation
38,7,3,7,down_niche,dolomites,creation
45,0,31,7,down_niche,dolomites,creation
28,2,2,7,down_niche,dolomites,creation
37,4,1,7,down_niche,dolomites,creation
8,6,1,7,down_niche,dolomites,creation
35,1,2,7,down_niche,dolomites,creation
27,5,3,7,down_niche,dolomites,creation
21,4,6,7,down_niche,dolomites,creation
6,11,1,7,down_niche,dolomites,creation
32,6,0,7,down_niche,dolomites,creation
16,3,5,7,down_niche,dolomites,creation
57,4,0,7,down_niche,dolomites,creation
42,16,1,7,down_niche,dolomites,creation
15,5,0,7,down_niche,dolomites,creation
17,6,4,7,down_niche,dolomites,creation
20,5,3,7,down_niche,dolomites,creation
29,2,3,7,down_niche,dolomites,creation
7,13,0,7,down_niche,dolomites,creation
2,3,0,7,down_niche,dolomites,creation
23,6,2,7,down_niche,dolomites,creation
18,6,2,7,down_niche,dolomites,creation
9,6,1,7,down_niche,dolomites,creation
55,5,1,7,down_niche,dolomites,creation
53,4,1,7,down_niche,dolomites,creation
10,5,4,7,down_niche,dolomites,creation
22,4,1,7,down_niche,dolomites,creation
26,5,5,7,down_niche,dolomites,creation
3,5,0,7,down_niche,dolomites,creation
30,4,1,7,down_niche,dolomites,creation
52,3,1,7,down_niche,dolomites,creation
48,0,29,7,down_niche,dolomites,creation
54,3,1,7,down_niche,dolomites,creation
51,0,31,7,down_niche,dolomites,creation
41,11,1,7,down_niche,dolomites,creation
25,4,5,7,down_niche,dolomites,creation
33,4,3,7,down_niche,dolomites,creation
58,5,1,7,down_niche,dolomites,creation
39,4,4,7,down_niche,dolomites,creation
47,0,25,7,down_niche,dolomites,creation
14,5,0,7,down_niche,dolomites,creation
44,0,24,7,down_niche,dolomites,creation
1,6,0,7,down_niche,dolomites,creation
19,4,6,7,down_niche,dolomites,creation
46,0,6,7,down_niche,dolomites,creation
50,0,31,7,down_niche,dolomites,creation
59,6,0,7,down_niche,dolomites,creation
4,8,0,7,down_niche,dolomites,creation
11,6,2,7,down_niche,dolomites,creation
36,6,2,7,down_niche,dolomites,creation
56,3,1,7,down_niche_bodysize,dolomites,creation
34,5,6,7,down_niche_bodysize,dolomites,creation
43,11,0,7,down_niche_bodysize,dolomites,creation
40,6,0,7,down_niche_bodysize,dolomites,creation
12,5,5,7,down_niche_bodysize,dolomites,creation
13,5,2,7,down_niche_bodysize,dolomites,creation
24,3,2,7,down_niche_bodysize,dolomites,creation
49,0,4,7,down_niche_bodysize,dolomites,creation
5,10,0,7,down_niche_bodysize,dolomites,creation
31,5,5,7,down_niche_bodysize,dolomites,creation
38,7,3,7,down_niche_bodysize,dolomites,creation
45,0,31,7,down_niche_bodysize,dolomites,creation
28,2,2,7,down_niche_bodysize,dolomites,creation
37,4,1,7,down_niche_bodysize,dolomites,creation
8,6,1,7,down_niche_bodysize,dolomites,creation
35,1,2,7,down_niche_bodysize,dolomites,creation
27,5,3,7,down_niche_bodysize,dolomites,creation
21,4,6,7,down_niche_bodysize,dolomites,creation
6,11,1,7,down_niche_bodysize,dolomites,creation
32,6,0,7,down_niche_bodysize,dolomites,creation
16,3,5,7,down_niche_bodysize,dolomites,creation
57,4,0,7,down_niche_bodysize,dolomites,creation
42,16,1,7,down_niche_bodysize,dolomites,creation
15,5,0,7,down_niche_bodysize,dolomites,creation
17,6,4,7,down_niche_bodysize,dolomites,creation
20,5,3,7,down_niche_bodysize,dolomites,creation
29,2,3,7,down_niche_bodysize,dolomites,creation
7,13,0,7,down_niche_bodysize,dolomites,creation
2,3,0,7,down_niche_bodysize,dolomites,creation
23,6,2,7,down_niche_bodysize,dolomites,creation
18,6,2,7,down_niche_bodysize,dolomites,creation
9,6,1,7,down_niche_bodysize,dolomites,creation
55,5,1,7,down_niche_bodysize,dolomites,creation
53,4,1,7,down_niche_bodysize,dolomites,creation
10,5,4,7,down_niche_bodysize,dolomites,creation
22,4,1,7,down_niche_bodysize,dolomites,creation
26,5,5,7,down_niche_bodysize,dolomites,creation
3,5,0,7,down_niche_bodysize,dolomites,creation
30,4,1,7,down_niche_bodysize,dolomites,creation
52,3,1,7,down_niche_bodysize,dolomites,creation
48,0,29,7,down_niche_bodysize,dolomites,creation
54,3,1,7,down_niche_bodysize,dolomites,creation
51,0,31,7,down_niche_bodysize,dolomites,creation
41,11,1,7,down_niche_bodysize,dolomites,creation
25,4,5,7,down_niche_bodysize,dolomites,creation
33,4,3,7,down_niche_bodysize,dolomites,creation
58,5,1,7,down_niche_bodysize,dolomites,creation
39,4,4,7,down_niche_bodysize,dolomites,creation
47,0,25,7,down_niche_bodysize,dolomites,creation
14,5,0,7,down_niche_bodysize,dolomites,creation
44,0,24,7,down_niche_bodysize,dolomites,creation
1,6,0,7,down_niche_bodysize,dolomites,creation
19,4,6,7,down_niche_bodysize,dolomites,creation
46,0,6,7,down_niche_bodysize,dolomites,creation
50,0,31,7,down_niche_bodysize,dolomites,creation
59,6,0,7,down_niche_bodysize,dolomites,creation
4,8,0,7,down_niche_bodysize,dolomites,creation
11,6,2,7,down_niche_bodysize,dolomites,creation
36,6,2,7,down_niche_bodysize,dolomites,creation
56,4,37,7,atn,dolomites,creation
34,4,0,7,atn,dolomites,creation
43,6,0,7,atn,dolomites,creation
40,6,2,7,atn,dolomites,creation
12,8,0,7,atn,dolomites,creation
13,6,29,7,atn,dolomites,creation
24,4,2,7,atn,dolomites,creation
49,0,28,7,atn,dolomites,creation
5,9,0,7,atn,dolomites,creation
31,8,0,7,atn,dolomites,creation
38,8,0,7,atn,dolomites,creation
45,0,6,7,atn,dolomites,creation
28,9,0,7,atn,dolomites,creation
37,6,0,7,atn,dolomites,creation
8,8,0,7,atn,dolomites,creation
35,8,0,7,atn,dolomites,creation
27,6,0,7,atn,dolomites,creation
21,8,0,7,atn,dolomites,creation
6,6,0,7,atn,dolomites,creation
32,6,0,7,atn,dolomites,creation
16,6,0,7,atn,dolomites,creation
57,6,28,7,atn,dolomites,creation
42,6,0,7,atn,dolomites,creation
15,8,0,7,atn,dolomites,creation
17,6,0,7,atn,dolomites,creation
20,6,0,7,atn,dolomites,creation
29,6,2,7,atn,dolomites,creation
7,8,0,7,atn,dolomites,creation
2,14,0,7,atn,dolomites,creation
23,4,2,7,atn,dolomites,creation
18,6,0,7,atn,dolomites,creation
9,6,2,7,atn,dolomites,creation
55,2,27,7,atn,dolomites,creation
53,0,6,7,atn,dolomites,creation
10,7,0,7,atn,dolomites,creation
22,6,6,7,atn,dolomites,creation
26,8,0,7,atn,dolomites,creation
3,16,0,7,atn,dolomites,creation
30,4,2,7,atn,dolomites,creation
52,0,4,7,atn,dolomites,creation
48,0,37,7,atn,dolomites,creation
54,0,16,7,atn,dolomites,creation
51,0,0,7,atn,dolomites,creation
41,6,0,7,atn,dolomites,creation
25,8,0,7,atn,dolomites,creation
33,7,0,7,atn,dolomites,creation
58,6,4,7,atn,dolomites,creation
39,6,2,7,atn,dolomites,creation
47,0,27,7,atn,dolomites,creation
14,8,0,7,atn,dolomites,creation
44,0,4,7,atn,dolomites,creation
1,6,0,7,atn,dolomites,creation
19,8,0,7,atn,dolomites,creation
46,0,16,7,atn,dolomites,creation
50,0,4,7,atn,dolomites,creation
59,6,0,7,atn,dolomites,creation
4,6,0,7,atn,dolomites,creation
11,5,0,7,atn,dolomites,creation
36,4,28,7,atn,dolomites,creation
34,0,19,7,down_power,dolomites,burnin
43,4,0,7,down_power,dolomites,burnin
40,0,15,7,down_power,dolomites,burnin
12,5,0,7,down_power,dolomites,burnin
13,4,0,7,down_power,dolomites,burnin
24,1,0,7,down_power,dolomites,burnin
49,1,0,7,down_power,dolomites,burnin
5,6,0,7,down_power,dolomites,burnin
31,4,1,7,down_power,dolomites,burnin
38,0,17,7,down_power,dolomites,burnin
45,3,0,7,down_power,dolomites,burnin
28,5,0,7,down_power,dolomites,burnin
37,0,20,7,down_power,dolomites,burnin
8,1,0,7,down_power,dolomites,burnin
35,0,13,7,down_power,dolomites,burnin
27,5,1,7,down_power,dolomites,burnin
21,5,0,7,down_power,dolomites,burnin
6,1,0,7,down_power,dolomites,burnin
32,4,0,7,down_power,dolomites,burnin
16,6,0,7,down_power,dolomites,burnin
42,3,0,7,down_power,dolomites,burnin
15,3,0,7,down_power,dolomites,burnin
17,3,0,7,down_power,dolomites,burnin
20,3,0,7,down_power,dolomites,burnin
29,1,0,7,down_power,dolomites,burnin
7,3,0,7,down_power,dolomites,burnin
2,1,0,7,down_power,dolomites,burnin
23,5,0,7,down_power,dolomites,burnin
18,4,0,7,down_power,dolomites,burnin
9,0,1,7,down_power,dolomites,burnin
10,3,1,7,down_power,dolomites,burnin
22,2,1,7,down_power,dolomites,burnin
26,1,0,7,down_power,dolomites,burnin
3,2,0,7,down_power,dolomites,burnin
30,5,0,7,down_power,dolomites,burnin
48,6,0,7,down_power,dolomites,burnin
41,0,9,7,down_power,dolomites,burnin
25,1,1,7,down_power,dolomites,burnin
33,4,0,7,down_power,dolomites,burnin
39,0,15,7,down_power,dolomites,burnin
47,4,0,7,down_power,dolomites,burnin
14,1,0,7,down_power,dolomites,burnin
44,2,0,7,down_power,dolomites,burnin
1,8,1,7,down_power,dolomites,burnin
19,1,1,7,down_power,dolomites,burnin
46,3,0,7,down_power,dolomites,burnin
4,3,0,7,down_power,dolomites,burnin
11,3,0,7,down_power,dolomites,burnin
36,0,14,7,down_power,dolomites,burnin
34,0,40,7,metaweb,dolomites,burnin
43,8,0,7,metaweb,dolomites,burnin
40,0,40,7,metaweb,dolomites,burnin
12,8,0,7,metaweb,dolomites,burnin
13,8,0,7,metaweb,dolomites,burnin
24,8,0,7,metaweb,dolomites,burnin
5,8,0,7,metaweb,dolomites,burnin
31,8,0,7,metaweb,dolomites,burnin
38,0,40,7,metaweb,dolomites,burnin
45,8,0,7,metaweb,dolomites,burnin
28,8,0,7,metaweb,dolomites,burnin
37,0,40,7,metaweb,dolomites,burnin
8,8,0,7,metaweb,dolomites,burnin
35,0,40,7,metaweb,dolomites,burnin
27,8,0,7,metaweb,dolomites,burnin
21,8,0,7,metaweb,dolomites,burnin
6,8,0,7,metaweb,dolomites,burnin
32,8,0,7,metaweb,dolomites,burnin
16,8,0,7,metaweb,dolomites,burnin
42,8,0,7,metaweb,dolomites,burnin
15,8,0,7,metaweb,dolomites,burnin
17,8,0,7,metaweb,dolomites,burnin
20,8,0,7,metaweb,dolomites,burnin
29,8,0,7,metaweb,dolomites,burnin
7,8,0,7,metaweb,dolomites,burnin
2,8,0,7,metaweb,dolomites,burnin
23,8,0,7,metaweb,dolomites,burnin
18,8,0,7,metaweb,dolomites,burnin
9,8,0,7,metaweb,dolomites,burnin
10,8,0,7,metaweb,dolomites,burnin
22,8,0,7,metaweb,dolomites,burnin
26,8,0,7,metaweb,dolomites,burnin
3,8,0,7,metaweb,dolomites,burnin
30,8,0,7,metaweb,dolomites,burnin
48,8,0,7,metaweb,dolomites,burnin
41,8,0,7,metaweb,dolomites,burnin
25,8,0,7,metaweb,dolomites,burnin
33,0,40,7,metaweb,dolomites,burnin
39,0,40,7,metaweb,dolomites,burnin
47,8,0,7,metaweb,dolomites,burnin
14,8,0,7,metaweb,dolomites,burnin
44,8,0,7,metaweb,dolomites,burnin
1,8,0,7,metaweb,dolomites,burnin
19,8,0,7,metaweb,dolomites,burnin
46,8,0,7,metaweb,dolomites,burnin
4,8,0,7,metaweb,dolomites,burnin
11,8,0,7,metaweb,dolomites,burnin
36,0,40,7,metaweb,dolomites,burnin
34,0,5,7,niche,dolomites,burnin
43,0,8,7,niche,dolomites,burnin
40,2,4,7,niche,dolomites,burnin
12,14,3,7,niche,dolomites,burnin
13,2,3,7,niche,dolomites,burnin
24,4,3,7,niche,dolomites,burnin
5,7,1,7,niche,dolomites,burnin
31,3,3,7,niche,dolomites,burnin
38,3,8,7,niche,dolomites,burnin
28,1,4,7,niche,dolomites,burnin
37,0,8,7,niche,dolomites,burnin
8,4,2,7,niche,dolomites,burnin
35,3,4,7,niche,dolomites,burnin
27,2,3,7,niche,dolomites,burnin
21,6,5,7,niche,dolomites,burnin
6,7,1,7,niche,dolomites,burnin
32,0,4,7,niche,dolomites,burnin
16,13,4,7,niche,dolomites,burnin
42,0,9,7,niche,dolomites,burnin
15,0,3,7,niche,dolomites,burnin
17,12,4,7,niche,dolomites,burnin
20,8,5,7,niche,dolomites,burnin
29,5,3,7,niche,dolomites,burnin
7,4,2,7,niche,dolomites,burnin
2,1,0,7,niche,dolomites,burnin
23,4,3,7,niche,dolomites,burnin
18,7,5,7,niche,dolomites,burnin
9,5,3,7,niche,dolomites,burnin
10,10,3,7,niche,dolomites,burnin
22,3,5,7,niche,dolomites,burnin
26,0,3,7,niche,dolomites,burnin
3,9,0,7,niche,dolomites,burnin
30,3,4,7,niche,dolomites,burnin
41,0,9,7,niche,dolomites,burnin
25,4,3,7,niche,dolomites,burnin
33,0,5,7,niche,dolomites,burnin
39,1,5,7,niche,dolomites,burnin
14,1,3,7,niche,dolomites,burnin
44,0,3,7,niche,dolomites,burnin
1,12,0,7,niche,dolomites,burnin
19,4,5,7,niche,dolomites,burnin
4,0,1,7,niche,dolomites,burnin
11,4,3,7,niche,dolomites,burnin
36,2,8,7,niche,dolomites,burnin
34,0,21,7,down_rand,dolomites,burnin
43,4,0,7,down_rand,dolomites,burnin
40,0,21,7,down_rand,dolomites,burnin
12,3,0,7,down_rand,dolomites,burnin
13,3,0,7,down_rand,dolomites,burnin
24,5,0,7,down_rand,dolomites,burnin
5,4,0,7,down_rand,dolomites,burnin
31,4,0,7,down_rand,dolomites,burnin
38,0,21,7,down_rand,dolomites,burnin
45,3,0,7,down_rand,dolomites,burnin
28,5,0,7,down_rand,dolomites,burnin
37,0,19,7,down_rand,dolomites,burnin
8,4,0,7,down_rand,dolomites,burnin
35,0,21,7,down_rand,dolomites,burnin
27,1,0,7,down_rand,dolomites,burnin
21,5,0,7,down_rand,dolomites,burnin
6,3,0,7,down_rand,dolomites,burnin
32,6,0,7,down_rand,dolomites,burnin
16,4,0,7,down_rand,dolomites,burnin
42,4,0,7,down_rand,dolomites,burnin
15,5,0,7,down_rand,dolomites,burnin
17,3,0,7,down_rand,dolomites,burnin
20,5,0,7,down_rand,dolomites,burnin
29,5,0,7,down_rand,dolomites,burnin
7,4,0,7,down_rand,dolomites,burnin
2,5,0,7,down_rand,dolomites,burnin
23,1,0,7,down_rand,dolomites,burnin
18,5,0,7,down_rand,dolomites,burnin
9,4,0,7,down_rand,dolomites,burnin
10,5,0,7,down_rand,dolomites,burnin
22,4,0,7,down_rand,dolomites,burnin
26,6,0,7,down_rand,dolomites,burnin
3,2,0,7,down_rand,dolomites,burnin
30,4,0,7,down_rand,dolomites,burnin
48,1,0,7,down_rand,dolomites,burnin
41,5,0,7,down_rand,dolomites,burnin
25,4,0,7,down_rand,dolomites,burnin
33,0,16,7,down_rand,dolomites,burnin
39,0,20,7,down_rand,dolomites,burnin
47,3,0,7,down_rand,dolomites,burnin
14,5,0,7,down_rand,dolomites,burnin
44,4,0,7,down_rand,dolomites,burnin
1,4,0,7,down_rand,dolomites,burnin
19,2,0,7,down_rand,dolomites,burnin
46,5,0,7,down_rand,dolomites,burnin
4,4,0,7,down_rand,dolomites,burnin
11,3,0,7,down_rand,dolomites,burnin
36,0,17,7,down_rand,dolomites,burnin
34,0,14,7,down_link,dolomites,burnin
43,3,0,7,down_link,dolomites,burnin
40,0,18,7,down_link,dolomites,burnin
12,4,0,7,down_link,dolomites,burnin
13,3,0,7,down_link,dolomites,burnin
24,4,0,7,down_link,dolomites,burnin
5,4,0,7,down_link,dolomites,burnin
31,6,0,7,down_link,dolomites,burnin
38,0,19,7,down_link,dolomites,burnin
45,4,0,7,down_link,dolomites,burnin
28,4,0,7,down_link,dolomites,burnin
37,0,15,7,down_link,dolomites,burnin
8,4,0,7,down_link,dolomites,burnin
35,0,20,7,down_link,dolomites,burnin
27,4,0,7,down_link,dolomites,burnin
21,3,0,7,down_link,dolomites,burnin
6,2,0,7,down_link,dolomites,burnin
32,3,0,7,down_link,dolomites,burnin
16,3,0,7,down_link,dolomites,burnin
42,3,0,7,down_link,dolomites,burnin
15,3,0,7,down_link,dolomites,burnin
17,6,0,7,down_link,dolomites,burnin
20,5,0,7,down_link,dolomites,burnin
29,3,0,7,down_link,dolomites,burnin
7,2,0,7,down_link,dolomites,burnin
2,2,0,7,down_link,dolomites,burnin
23,4,0,7,down_link,dolomites,burnin
18,1,0,7,down_link,dolomites,burnin
9,3,0,7,down_link,dolomites,burnin
10,4,0,7,down_link,dolomites,burnin
22,4,0,7,down_link,dolomites,burnin
26,3,0,7,down_link,dolomites,burnin
3,2,0,7,down_link,dolomites,burnin
30,2,0,7,down_link,dolomites,burnin
48,5,0,7,down_link,dolomites,burnin
41,4,0,7,down_link,dolomites,burnin
25,3,0,7,down_link,dolomites,burnin
33,0,14,7,down_link,dolomites,burnin
39,0,21,7,down_link,dolomites,burnin
47,3,0,7,down_link,dolomites,burnin
14,5,0,7,down_link,dolomites,burnin
44,5,0,7,down_link,dolomites,burnin
1,3,0,7,down_link,dolomites,burnin
19,2,0,7,down_link,dolomites,burnin
46,4,0,7,down_link,dolomites,burnin
4,2,0,7,down_link,dolomites,burnin
11,3,0,7,down_link,dolomites,burnin
36,0,16,7,down_link,dolomites,burnin
34,16,1,7,down_niche,dolomites,burnin
43,3,1,7,down_niche,dolomites,burnin
40,0,4,7,down_niche,dolomites,burnin
12,4,0,7,down_niche,dolomites,burnin
13,5,1,7,down_niche,dolomites,burnin
24,5,1,7,down_niche,dolomites,burnin
49,5,1,7,down_niche,dolomites,burnin
5,5,1,7,down_niche,dolomites,burnin
31,7,1,7,down_niche,dolomites,burnin
38,0,25,7,down_niche,dolomites,burnin
45,3,1,7,down_niche,dolomites,burnin
28,1,1,7,down_niche,dolomites,burnin
37,0,6,7,down_niche,dolomites,burnin
8,5,0,7,down_niche,dolomites,burnin
35,0,24,7,down_niche,dolomites,burnin
27,5,1,7,down_niche,dolomites,burnin
21,2,0,7,down_niche,dolomites,burnin
6,5,0,7,down_niche,dolomites,burnin
32,4,1,7,down_niche,dolomites,burnin
16,6,0,7,down_niche,dolomites,burnin
42,0,31,7,down_niche,dolomites,burnin
15,4,0,7,down_niche,dolomites,burnin
17,3,0,7,down_niche,dolomites,burnin
20,5,1,7,down_niche,dolomites,burnin
29,6,0,7,down_niche,dolomites,burnin
7,5,0,7,down_niche,dolomites,burnin
2,6,0,7,down_niche,dolomites,burnin
23,4,0,7,down_niche,dolomites,burnin
18,4,1,7,down_niche,dolomites,burnin
9,3,1,7,down_niche,dolomites,burnin
10,6,1,7,down_niche,dolomites,burnin
22,2,0,7,down_niche,dolomites,burnin
26,4,1,7,down_niche,dolomites,burnin
3,5,1,7,down_niche,dolomites,burnin
30,4,1,7,down_niche,dolomites,burnin
48,4,0,7,down_niche,dolomites,burnin
41,0,31,7,down_niche,dolomites,burnin
25,6,0,7,down_niche,dolomites,burnin
33,6,0,7,down_niche,dolomites,burnin
39,0,29,7,down_niche,dolomites,burnin
47,3,1,7,down_niche,dolomites,burnin
14,4,1,7,down_niche,dolomites,burnin
44,4,1,7,down_niche,dolomites,burnin
1,6,0,7,down_niche,dolomites,burnin
19,5,0,7,down_niche,dolomites,burnin
46,5,1,7,down_niche,dolomites,burnin
50,6,0,7,down_niche,dolomites,burnin
4,6,0,7,down_niche,dolomites,burnin
11,6,0,7,down_niche,dolomites,burnin
36,0,31,7,down_niche,dolomites,burnin
34,16,1,7,down_niche_bodysize,dolomites,burnin
43,3,1,7,down_niche_bodysize,dolomites,burnin
40,0,4,7,down_niche_bodysize,dolomites,burnin
12,4,0,7,down_niche_bodysize,dolomites,burnin
13,5,1,7,down_niche_bodysize,dolomites,burnin
24,5,1,7,down_niche_bodysize,dolomites,burnin
49,5,1,7,down_niche_bodysize,dolomites,burnin
5,5,1,7,down_niche_bodysize,dolomites,burnin
31,7,1,7,down_niche_bodysize,dolomites,burnin
38,0,25,7,down_niche_bodysize,dolomites,burnin
45,3,1,7,down_niche_bodysize,dolomites,burnin
28,1,1,7,down_niche_bodysize,dolomites,burnin
37,0,6,7,down_niche_bodysize,dolomites,burnin
8,5,0,7,down_niche_bodysize,dolomites,burnin
35,0,24,7,down_niche_bodysize,dolomites,burnin
27,5,1,7,down_niche_bodysize,dolomites,burnin
21,2,0,7,down_niche_bodysize,dolomites,burnin
6,5,0,7,down_niche_bodysize,dolomites,burnin
32,4,1,7,down_niche_bodysize,dolomites,burnin
16,6,0,7,down_niche_bodysize,dolomites,burnin
42,0,31,7,down_niche_bodysize,dolomites,burnin
15,4,0,7,down_niche_bodysize,dolomites,burnin
17,3,0,7,down_niche_bodysize,dolomites,burnin
20,5,1,7,down_niche_bodysize,dolomites,burnin
29,6,0,7,down_niche_bodysize,dolomites,burnin
7,5,0,7,down_niche_bodysize,dolomites,burnin
2,6,0,7,down_niche_bodysize,dolomites,burnin
23,4,0,7,down_niche_bodysize,dolomites,burnin
18,4,1,7,down_niche_bodysize,dolomites,burnin
9,3,1,7,down_niche_bodysize,dolomites,burnin
10,6,1,7,down_niche_bodysize,dolomites,burnin
22,2,0,7,down_niche_bodysize,dolomites,burnin
26,4,1,7,down_niche_bodysize,dolomites,burnin
3,5,1,7,down_niche_bodysize,dolomites,burnin
30,4,1,7,down_niche_bodysize,dolomites,burnin
48,4,0,7,down_niche_bodysize,dolomites,burnin
41,0,31,7,down_niche_bodysize,dolomites,burnin
25,6,0,7,down_niche_bodysize,dolomites,burnin
33,6,0,7,down_niche_bodysize,dolomites,burnin
39,0,29,7,down_niche_bodysize,dolomites,burnin
47,3,1,7,down_niche_bodysize,dolomites,burnin
14,4,1,7,down_niche_bodysize,dolomites,burnin
44,4,1,7,down_niche_bodysize,dolomites,burnin
1,6,0,7,down_niche_bodysize,dolomites,burnin
19,5,0,7,down_niche_bodysize,dolomites,burnin
46,5,1,7,down_niche_bodysize,dolomites,burnin
50,6,0,7,down_niche_bodysize,dolomites,burnin
4,6,0,7,down_niche_bodysize,dolomites,burnin
11,6,0,7,down_niche_bodysize,dolomites,burnin
36,0,31,7,down_niche_bodysize,dolomites,burnin
34,8,0,7,atn,dolomites,burnin
43,0,25,7,atn,dolomites,burnin
40,0,4,7,atn,dolomites,burnin
12,8,0,7,atn,dolomites,burnin
13,8,0,7,atn,dolomites,burnin
24,8,0,7,atn,dolomites,burnin
49,0,16,7,atn,dolomites,burnin
5,9,0,7,atn,dolomites,burnin
31,8,0,7,atn,dolomites,burnin
38,6,0,7,atn,dolomites,burnin
45,0,26,7,atn,dolomites,burnin
28,4,2,7,atn,dolomites,burnin
37,6,0,7,atn,dolomites,burnin
8,8,0,7,atn,dolomites,burnin
35,6,2,7,atn,dolomites,burnin
27,6,2,7,atn,dolomites,burnin
21,4,2,7,atn,dolomites,burnin
6,6,0,7,atn,dolomites,burnin
32,4,26,7,atn,dolomites,burnin
16,6,0,7,atn,dolomites,burnin
42,0,16,7,atn,dolomites,burnin
15,6,0,7,atn,dolomites,burnin
17,8,0,7,atn,dolomites,burnin
20,6,4,7,atn,dolomites,burnin
29,8,0,7,atn,dolomites,burnin
7,8,0,7,atn,dolomites,burnin
2,14,0,7,atn,dolomites,burnin
23,8,0,7,atn,dolomites,burnin
18,6,0,7,atn,dolomites,burnin
9,6,2,7,atn,dolomites,burnin
53,6,4,7,atn,dolomites,burnin
10,8,0,7,atn,dolomites,burnin
22,4,2,7,atn,dolomites,burnin
26,9,0,7,atn,dolomites,burnin
3,16,0,7,atn,dolomites,burnin
30,6,0,7,atn,dolomites,burnin
52,6,26,7,atn,dolomites,burnin
48,0,6,7,atn,dolomites,burnin
54,6,0,7,atn,dolomites,burnin
51,4,33,7,atn,dolomites,burnin
41,0,6,7,atn,dolomites,burnin
25,6,0,7,atn,dolomites,burnin
33,6,0,7,atn,dolomites,burnin
39,6,0,7,atn,dolomites,burnin
47,0,4,7,atn,dolomites,burnin
14,6,0,7,atn,dolomites,burnin
44,0,33,7,atn,dolomites,burnin
1,6,0,7,atn,dolomites,burnin
19,8,0,7,atn,dolomites,burnin
46,0,4,7,atn,dolomites,burnin
50,2,25,7,atn,dolomites,burnin
4,6,0,7,atn,dolomites,burnin
11,6,26,7,atn,dolomites,burnin
36,6,2,7,atn,dolomites,burnin
56,3,0,8,down_power,dolomites,creation
34,2,7,8,down_power,dolomites,creation
43,18,6,8,down_power,dolomites,creation
40,3,1,8,down_power,dolomites,creation
12,6,3,8,down_power,dolomites,creation
13,5,0,8,down_power,dolomites,creation
24,2,2,8,down_power,dolomites,creation
49,0,27,8,down_power,dolomites,creation
5,25,2,8,down_power,dolomites,creation
31,1,6,8,down_power,dolomites,creation
38,3,6,8,down_power,dolomites,creation
45,0,20,8,down_power,dolomites,creation
28,8,5,8,down_power,dolomites,creation
37,6,5,8,down_power,dolomites,creation
8,2,1,8,down_power,dolomites,creation
35,2,5,8,down_power,dolomites,creation
27,4,7,8,down_power,dolomites,creation
21,2,6,8,down_power,dolomites,creation
6,19,3,8,down_power,dolomites,creation
32,3,0,8,down_power,dolomites,creation
16,5,7,8,down_power,dolomites,creation
57,6,0,8,down_power,dolomites,creation
42,35,5,8,down_power,dolomites,creation
15,4,2,8,down_power,dolomites,creation
17,5,7,8,down_power,dolomites,creation
20,4,7,8,down_power,dolomites,creation
29,3,6,8,down_power,dolomites,creation
7,10,7,8,down_power,dolomites,creation
2,11,1,8,down_power,dolomites,creation
23,4,1,8,down_power,dolomites,creation
18,4,5,8,down_power,dolomites,creation
9,2,0,8,down_power,dolomites,creation
55,6,0,8,down_power,dolomites,creation
53,3,1,8,down_power,dolomites,creation
10,4,7,8,down_power,dolomites,creation
22,5,1,8,down_power,dolomites,creation
26,5,5,8,down_power,dolomites,creation
3,8,0,8,down_power,dolomites,creation
30,5,2,8,down_power,dolomites,creation
52,7,0,8,down_power,dolomites,creation
48,0,26,8,down_power,dolomites,creation
54,2,0,8,down_power,dolomites,creation
51,0,24,8,down_power,dolomites,creation
41,35,6,8,down_power,dolomites,creation
25,5,7,8,down_power,dolomites,creation
33,5,3,8,down_power,dolomites,creation
58,2,1,8,down_power,dolomites,creation
39,4,4,8,down_power,dolomites,creation
47,0,13,8,down_power,dolomites,creation
14,4,0,8,down_power,dolomites,creation
44,0,20,8,down_power,dolomites,creation
1,4,4,8,down_power,dolomites,creation
19,2,6,8,down_power,dolomites,creation
46,0,20,8,down_power,dolomites,creation
50,0,26,8,down_power,dolomites,creation
59,4,1,8,down_power,dolomites,creation
4,21,4,8,down_power,dolomites,creation
11,6,4,8,down_power,dolomites,creation
36,2,1,8,down_power,dolomites,creation
56,8,1,8,metaweb,dolomites,creation
34,8,7,8,metaweb,dolomites,creation
43,28,7,8,metaweb,dolomites,creation
40,8,2,8,metaweb,dolomites,creation
12,8,8,8,metaweb,dolomites,creation
13,8,2,8,metaweb,dolomites,creation
24,8,2,8,metaweb,dolomites,creation
49,0,43,8,metaweb,dolomites,creation
5,31,4,8,metaweb,dolomites,creation
31,8,8,8,metaweb,dolomites,creation
38,8,7,8,metaweb,dolomites,creation
45,0,43,8,metaweb,dolomites,creation
28,8,7,8,metaweb,dolomites,creation
37,8,7,8,metaweb,dolomites,creation
8,8,1,8,metaweb,dolomites,creation
35,8,7,8,metaweb,dolomites,creation
27,8,8,8,metaweb,dolomites,creation
21,8,7,8,metaweb,dolomites,creation
6,27,7,8,metaweb,dolomites,creation
32,8,0,8,metaweb,dolomites,creation
16,8,7,8,metaweb,dolomites,creation
57,8,1,8,metaweb,dolomites,creation
42,35,7,8,metaweb,dolomites,creation
15,8,4,8,metaweb,dolomites,creation
17,8,7,8,metaweb,dolomites,creation
20,8,7,8,metaweb,dolomites,creation
29,8,7,8,metaweb,dolomites,creation
7,20,7,8,metaweb,dolomites,creation
2,18,2,8,metaweb,dolomites,creation
23,8,2,8,metaweb,dolomites,creation
18,8,7,8,metaweb,dolomites,creation
9,8,1,8,metaweb,dolomites,creation
55,8,1,8,metaweb,dolomites,creation
53,8,1,8,metaweb,dolomites,creation
10,8,8,8,metaweb,dolomites,creation
22,8,2,8,metaweb,dolomites,creation
26,8,8,8,metaweb,dolomites,creation
3,18,2,8,metaweb,dolomites,creation
30,8,2,8,metaweb,dolomites,creation
52,8,1,8,metaweb,dolomites,creation
48,0,43,8,metaweb,dolomites,creation
54,8,1,8,metaweb,dolomites,creation
51,0,43,8,metaweb,dolomites,creation
41,35,7,8,metaweb,dolomites,creation
25,8,8,8,metaweb,dolomites,creation
33,8,7,8,metaweb,dolomites,creation
58,8,1,8,metaweb,dolomites,creation
39,8,7,8,metaweb,dolomites,creation
47,0,43,8,metaweb,dolomites,creation
14,8,0,8,metaweb,dolomites,creation
44,0,43,8,metaweb,dolomites,creation
1,10,8,8,metaweb,dolomites,creation
19,8,7,8,metaweb,dolomites,creation
46,0,43,8,metaweb,dolomites,creation
50,0,43,8,metaweb,dolomites,creation
59,8,1,8,metaweb,dolomites,creation
4,31,4,8,metaweb,dolomites,creation
11,8,8,8,metaweb,dolomites,creation
36,8,2,8,metaweb,dolomites,creation
56,0,9,8,niche,dolomites,creation
34,1,6,8,niche,dolomites,creation
43,0,11,8,niche,dolomites,creation
40,5,13,8,niche,dolomites,creation
12,14,4,8,niche,dolomites,creation
13,1,4,8,niche,dolomites,creation
24,6,4,8,niche,dolomites,creation
49,7,7,8,niche,dolomites,creation
5,19,1,8,niche,dolomites,creation
31,1,5,8,niche,dolomites,creation
38,7,8,8,niche,dolomites,creation
45,3,11,8,niche,dolomites,creation
28,18,6,8,niche,dolomites,creation
37,13,8,8,niche,dolomites,creation
8,0,3,8,niche,dolomites,creation
35,3,6,8,niche,dolomites,creation
27,17,6,8,niche,dolomites,creation
21,0,4,8,niche,dolomites,creation
6,31,1,8,niche,dolomites,creation
32,4,4,8,niche,dolomites,creation
16,14,4,8,niche,dolomites,creation
57,0,7,8,niche,dolomites,creation
42,5,12,8,niche,dolomites,creation
15,3,4,8,niche,dolomites,creation
17,18,4,8,niche,dolomites,creation
20,22,4,8,niche,dolomites,creation
29,4,6,8,niche,dolomites,creation
7,5,3,8,niche,dolomites,creation
2,1,1,8,niche,dolomites,creation
23,1,4,8,niche,dolomites,creation
18,4,4,8,niche,dolomites,creation
9,1,4,8,niche,dolomites,creation
55,0,9,8,niche,dolomites,creation
53,6,9,8,niche,dolomites,creation
10,9,4,8,niche,dolomites,creation
22,1,4,8,niche,dolomites,creation
26,5,5,8,niche,dolomites,creation
3,23,1,8,niche,dolomites,creation
30,1,5,8,niche,dolomites,creation
52,3,9,8,niche,dolomites,creation
48,1,11,8,niche,dolomites,creation
54,0,10,8,niche,dolomites,creation
51,2,8,8,niche,dolomites,creation
41,6,11,8,niche,dolomites,creation
25,1,5,8,niche,dolomites,creation
33,0,5,8,niche,dolomites,creation
58,0,6,8,niche,dolomites,creation
39,4,9,8,niche,dolomites,creation
47,1,11,8,niche,dolomites,creation
14,9,4,8,niche,dolomites,creation
44,2,10,8,niche,dolomites,creation
1,2,1,8,niche,dolomites,creation
19,2,4,8,niche,dolomites,creation
46,5,10,8,niche,dolomites,creation
50,6,7,8,niche,dolomites,creation
59,0,2,8,niche,dolomites,creation
4,20,1,8,niche,dolomites,creation
11,12,4,8,niche,dolomites,creation
36,1,7,8,niche,dolomites,creation
56,5,0,8,down_rand,dolomites,creation
34,6,5,8,down_rand,dolomites,creation
43,15,2,8,down_rand,dolomites,creation
40,5,1,8,down_rand,dolomites,creation
12,6,4,8,down_rand,dolomites,creation
13,7,2,8,down_rand,dolomites,creation
24,3,1,8,down_rand,dolomites,creation
49,0,25,8,down_rand,dolomites,creation
5,18,2,8,down_rand,dolomites,creation
31,5,6,8,down_rand,dolomites,creation
38,4,4,8,down_rand,dolomites,creation
45,0,26,8,down_rand,dolomites,creation
28,5,5,8,down_rand,dolomites,creation
37,2,2,8,down_rand,dolomites,creation
8,4,1,8,down_rand,dolomites,creation
35,5,4,8,down_rand,dolomites,creation
27,5,4,8,down_rand,dolomites,creation
21,5,4,8,down_rand,dolomites,creation
6,14,4,8,down_rand,dolomites,creation
32,4,0,8,down_rand,dolomites,creation
16,4,6,8,down_rand,dolomites,creation
57,3,1,8,down_rand,dolomites,creation
42,23,4,8,down_rand,dolomites,creation
15,6,4,8,down_rand,dolomites,creation
17,5,6,8,down_rand,dolomites,creation
20,6,5,8,down_rand,dolomites,creation
29,5,3,8,down_rand,dolomites,creation
7,13,4,8,down_rand,dolomites,creation
2,10,2,8,down_rand,dolomites,creation
23,5,1,8,down_rand,dolomites,creation
18,5,6,8,down_rand,dolomites,creation
9,5,0,8,down_rand,dolomites,creation
55,4,1,8,down_rand,dolomites,creation
53,6,0,8,down_rand,dolomites,creation
10,7,4,8,down_rand,dolomites,creation
22,7,1,8,down_rand,dolomites,creation
26,3,6,8,down_rand,dolomites,creation
3,12,0,8,down_rand,dolomites,creation
30,5,1,8,down_rand,dolomites,creation
52,4,0,8,down_rand,dolomites,creation
48,0,20,8,down_rand,dolomites,creation
54,4,1,8,down_rand,dolomites,creation
51,0,27,8,down_rand,dolomites,creation
41,28,5,8,down_rand,dolomites,creation
25,3,4,8,down_rand,dolomites,creation
33,3,6,8,down_rand,dolomites,creation
58,4,1,8,down_rand,dolomites,creation
39,4,5,8,down_rand,dolomites,creation
47,0,29,8,down_rand,dolomites,creation
14,3,0,8,down_rand,dolomites,creation
44,0,26,8,down_rand,dolomites,creation
1,7,5,8,down_rand,dolomites,creation
19,3,4,8,down_rand,dolomites,creation
46,0,26,8,down_rand,dolomites,creation
50,0,22,8,down_rand,dolomites,creation
59,4,1,8,down_rand,dolomites,creation
4,17,3,8,down_rand,dolomites,creation
11,4,3,8,down_rand,dolomites,creation
36,6,1,8,down_rand,dolomites,creation
56,3,1,8,down_link,dolomites,creation
34,7,5,8,down_link,dolomites,creation
43,16,5,8,down_link,dolomites,creation
40,8,2,8,down_link,dolomites,creation
12,6,5,8,down_link,dolomites,creation
13,5,2,8,down_link,dolomites,creation
24,4,2,8,down_link,dolomites,creation
49,0,27,8,down_link,dolomites,creation
5,18,3,8,down_link,dolomites,creation
31,5,5,8,down_link,dolomites,creation
38,4,4,8,down_link,dolomites,creation
45,0,26,8,down_link,dolomites,creation
28,3,5,8,down_link,dolomites,creation
37,5,4,8,down_link,dolomites,creation
8,6,1,8,down_link,dolomites,creation
35,3,4,8,down_link,dolomites,creation
27,5,5,8,down_link,dolomites,creation
21,5,3,8,down_link,dolomites,creation
6,16,4,8,down_link,dolomites,creation
32,4,0,8,down_link,dolomites,creation
16,4,4,8,down_link,dolomites,creation
57,5,1,8,down_link,dolomites,creation
42,18,5,8,down_link,dolomites,creation
15,3,4,8,down_link,dolomites,creation
17,4,5,8,down_link,dolomites,creation
20,4,5,8,down_link,dolomites,creation
29,5,5,8,down_link,dolomites,creation
7,13,5,8,down_link,dolomites,creation
2,13,2,8,down_link,dolomites,creation
23,3,1,8,down_link,dolomites,creation
18,5,1,8,down_link,dolomites,creation
9,4,1,8,down_link,dolomites,creation
55,5,1,8,down_link,dolomites,creation
53,4,1,8,down_link,dolomites,creation
10,5,7,8,down_link,dolomites,creation
22,6,2,8,down_link,dolomites,creation
26,5,6,8,down_link,dolomites,creation
3,11,1,8,down_link,dolomites,creation
30,5,2,8,down_link,dolomites,creation
52,6,1,8,down_link,dolomites,creation
48,0,21,8,down_link,dolomites,creation
54,4,1,8,down_link,dolomites,creation
51,0,23,8,down_link,dolomites,creation
41,16,6,8,down_link,dolomites,creation
25,3,3,8,down_link,dolomites,creation
33,6,4,8,down_link,dolomites,creation
58,5,1,8,down_link,dolomites,creation
39,4,6,8,down_link,dolomites,creation
47,0,24,8,down_link,dolomites,creation
14,4,0,8,down_link,dolomites,creation
44,0,21,8,down_link,dolomites,creation
1,10,6,8,down_link,dolomites,creation
19,5,4,8,down_link,dolomites,creation
46,0,23,8,down_link,dolomites,creation
50,0,22,8,down_link,dolomites,creation
59,5,1,8,down_link,dolomites,creation
4,23,2,8,down_link,dolomites,creation
11,4,4,8,down_link,dolomites,creation
36,6,1,8,down_link,dolomites,creation
56,6,0,8,down_niche,dolomites,creation
34,6,5,8,down_niche,dolomites,creation
43,14,1,8,down_niche,dolomites,creation
40,7,0,8,down_niche,dolomites,creation
12,6,5,8,down_niche,dolomites,creation
13,6,1,8,down_niche,dolomites,creation
24,6,2,8,down_niche,dolomites,creation
49,0,34,8,down_niche,dolomites,creation
5,12,0,8,down_niche,dolomites,creation
31,4,4,8,down_niche,dolomites,creation
38,6,4,8,down_niche,dolomites,creation
45,0,35,8,down_niche,dolomites,creation
28,6,4,8,down_niche,dolomites,creation
37,6,4,8,down_niche,dolomites,creation
8,7,1,8,down_niche,dolomites,creation
35,3,7,8,down_niche,dolomites,creation
27,6,5,8,down_niche,dolomites,creation
21,6,7,8,down_niche,dolomites,creation
6,14,0,8,down_niche,dolomites,creation
32,6,0,8,down_niche,dolomites,creation
16,6,4,8,down_niche,dolomites,creation
57,3,1,8,down_niche,dolomites,creation
42,20,2,8,down_niche,dolomites,creation
15,7,3,8,down_niche,dolomites,creation
17,5,4,8,down_niche,dolomites,creation
20,7,4,8,down_niche,dolomites,creation
29,6,4,8,down_niche,dolomites,creation
7,10,1,8,down_niche,dolomites,creation
2,4,0,8,down_niche,dolomites,creation
23,5,1,8,down_niche,dolomites,creation
18,4,2,8,down_niche,dolomites,creation
9,7,1,8,down_niche,dolomites,creation
55,6,1,8,down_niche,dolomites,creation
53,6,1,8,down_niche,dolomites,creation
10,7,4,8,down_niche,dolomites,creation
22,3,1,8,down_niche,dolomites,creation
26,6,4,8,down_niche,dolomites,creation
3,5,0,8,down_niche,dolomites,creation
30,5,1,8,down_niche,dolomites,creation
52,4,1,8,down_niche,dolomites,creation
48,0,33,8,down_niche,dolomites,creation
54,5,1,8,down_niche,dolomites,creation
51,0,32,8,down_niche,dolomites,creation
41,16,3,8,down_niche,dolomites,creation
25,5,7,8,down_niche,dolomites,creation
33,5,3,8,down_niche,dolomites,creation
58,7,1,8,down_niche,dolomites,creation
39,5,7,8,down_niche,dolomites,creation
47,0,33,8,down_niche,dolomites,creation
14,6,0,8,down_niche,dolomites,creation
44,0,4,8,down_niche,dolomites,creation
1,7,0,8,down_niche,dolomites,creation
19,4,4,8,down_niche,dolomites,creation
46,0,35,8,down_niche,dolomites,creation
50,0,17,8,down_niche,dolomites,creation
59,6,1,8,down_niche,dolomites,creation
4,15,0,8,down_niche,dolomites,creation
11,6,5,8,down_niche,dolomites,creation
36,6,1,8,down_niche,dolomites,creation
56,6,0,8,down_niche_bodysize,dolomites,creation
34,6,5,8,down_niche_bodysize,dolomites,creation
43,14,1,8,down_niche_bodysize,dolomites,creation
40,7,0,8,down_niche_bodysize,dolomites,creation
12,6,5,8,down_niche_bodysize,dolomites,creation
13,6,1,8,down_niche_bodysize,dolomites,creation
24,6,2,8,down_niche_bodysize,dolomites,creation
49,0,34,8,down_niche_bodysize,dolomites,creation
5,12,0,8,down_niche_bodysize,dolomites,creation
31,4,4,8,down_niche_bodysize,dolomites,creation
38,6,4,8,down_niche_bodysize,dolomites,creation
45,0,35,8,down_niche_bodysize,dolomites,creation
28,6,4,8,down_niche_bodysize,dolomites,creation
37,6,4,8,down_niche_bodysize,dolomites,creation
8,7,1,8,down_niche_bodysize,dolomites,creation
35,3,7,8,down_niche_bodysize,dolomites,creation
27,6,5,8,down_niche_bodysize,dolomites,creation
21,6,7,8,down_niche_bodysize,dolomites,creation
6,14,0,8,down_niche_bodysize,dolomites,creation
32,6,0,8,down_niche_bodysize,dolomites,creation
16,6,4,8,down_niche_bodysize,dolomites,creation
57,3,1,8,down_niche_bodysize,dolomites,creation
42,20,2,8,down_niche_bodysize,dolomites,creation
15,7,3,8,down_niche_bodysize,dolomites,creation
17,5,4,8,down_niche_bodysize,dolomites,creation
20,7,4,8,down_niche_bodysize,dolomites,creation
29,6,4,8,down_niche_bodysize,dolomites,creation
7,10,1,8,down_niche_bodysize,dolomites,creation
2,4,0,8,down_niche_bodysize,dolomites,creation
23,5,1,8,down_niche_bodysize,dolomites,creation
18,4,2,8,down_niche_bodysize,dolomites,creation
9,7,1,8,down_niche_bodysize,dolomites,creation
55,6,1,8,down_niche_bodysize,dolomites,creation
53,6,1,8,down_niche_bodysize,dolomites,creation
10,7,4,8,down_niche_bodysize,dolomites,creation
22,3,1,8,down_niche_bodysize,dolomites,creation
26,6,4,8,down_niche_bodysize,dolomites,creation
3,5,0,8,down_niche_bodysize,dolomites,creation
30,5,1,8,down_niche_bodysize,dolomites,creation
52,4,1,8,down_niche_bodysize,dolomites,creation
48,0,33,8,down_niche_bodysize,dolomites,creation
54,5,1,8,down_niche_bodysize,dolomites,creation
51,0,32,8,down_niche_bodysize,dolomites,creation
41,16,3,8,down_niche_bodysize,dolomites,creation
25,5,7,8,down_niche_bodysize,dolomites,creation
33,5,3,8,down_niche_bodysize,dolomites,creation
58,7,1,8,down_niche_bodysize,dolomites,creation
39,5,7,8,down_niche_bodysize,dolomites,creation
47,0,33,8,down_niche_bodysize,dolomites,creation
14,6,0,8,down_niche_bodysize,dolomites,creation
44,0,4,8,down_niche_bodysize,dolomites,creation
1,7,0,8,down_niche_bodysize,dolomites,creation
19,4,4,8,down_niche_bodysize,dolomites,creation
46,0,35,8,down_niche_bodysize,dolomites,creation
50,0,17,8,down_niche_bodysize,dolomites,creation
59,6,1,8,down_niche_bodysize,dolomites,creation
4,15,0,8,down_niche_bodysize,dolomites,creation
11,6,5,8,down_niche_bodysize,dolomites,creation
36,6,1,8,down_niche_bodysize,dolomites,creation
56,4,38,8,atn,dolomites,creation
34,4,0,8,atn,dolomites,creation
43,8,0,8,atn,dolomites,creation
40,4,0,8,atn,dolomites,creation
12,4,0,8,atn,dolomites,creation
13,4,26,8,atn,dolomites,creation
24,6,26,8,atn,dolomites,creation
49,0,26,8,atn,dolomites,creation
5,10,0,8,atn,dolomites,creation
31,11,0,8,atn,dolomites,creation
38,6,1,8,atn,dolomites,creation
45,0,8,8,atn,dolomites,creation
28,10,0,8,atn,dolomites,creation
37,9,0,8,atn,dolomites,creation
8,8,0,8,atn,dolomites,creation
35,6,0,8,atn,dolomites,creation
27,6,1,8,atn,dolomites,creation
21,4,0,8,atn,dolomites,creation
6,8,0,8,atn,dolomites,creation
32,8,0,8,atn,dolomites,creation
16,8,0,8,atn,dolomites,creation
57,6,26,8,atn,dolomites,creation
42,11,0,8,atn,dolomites,creation
15,8,0,8,atn,dolomites,creation
17,11,0,8,atn,dolomites,creation
20,8,0,8,atn,dolomites,creation
29,6,0,8,atn,dolomites,creation
7,8,0,8,atn,dolomites,creation
2,11,0,8,atn,dolomites,creation
23,6,9,8,atn,dolomites,creation
18,10,0,8,atn,dolomites,creation
9,6,0,8,atn,dolomites,creation
55,2,25,8,atn,dolomites,creation
53,0,8,8,atn,dolomites,creation
10,8,0,8,atn,dolomites,creation
22,6,1,8,atn,dolomites,creation
26,6,1,8,atn,dolomites,creation
3,13,0,8,atn,dolomites,creation
30,4,21,8,atn,dolomites,creation
52,0,4,8,atn,dolomites,creation
48,0,38,8,atn,dolomites,creation
54,0,16,8,atn,dolomites,creation
51,0,0,8,atn,dolomites,creation
41,9,0,8,atn,dolomites,creation
25,8,0,8,atn,dolomites,creation
33,9,0,8,atn,dolomites,creation
58,6,6,8,atn,dolomites,creation
39,8,0,8,atn,dolomites,creation
47,0,25,8,atn,dolomites,creation
14,6,0,8,atn,dolomites,creation
44,0,4,8,atn,dolomites,creation
1,11,0,8,atn,dolomites,creation
19,8,0,8,atn,dolomites,creation
46,0,16,8,atn,dolomites,creation
50,0,6,8,atn,dolomites,creation
59,6,0,8,atn,dolomites,creation
4,8,0,8,atn,dolomites,creation
11,9,0,8,atn,dolomites,creation
36,6,20,8,atn,dolomites,creation
34,0,17,8,down_power,dolomites,burnin
43,2,0,8,down_power,dolomites,burnin
40,0,21,8,down_power,dolomites,burnin
12,2,0,8,down_power,dolomites,burnin
13,4,0,8,down_power,dolomites,burnin
24,1,0,8,down_power,dolomites,burnin
5,6,0,8,down_power,dolomites,burnin
31,3,0,8,down_power,dolomites,burnin
38,0,25,8,down_power,dolomites,burnin
45,3,0,8,down_power,dolomites,burnin
28,2,0,8,down_power,dolomites,burnin
37,0,23,8,down_power,dolomites,burnin
8,4,0,8,down_power,dolomites,burnin
35,0,18,8,down_power,dolomites,burnin
27,2,0,8,down_power,dolomites,burnin
21,8,0,8,down_power,dolomites,burnin
6,5,0,8,down_power,dolomites,burnin
32,4,0,8,down_power,dolomites,burnin
16,4,0,8,down_power,dolomites,burnin
42,3,0,8,down_power,dolomites,burnin
15,5,0,8,down_power,dolomites,burnin
17,2,0,8,down_power,dolomites,burnin
20,4,0,8,down_power,dolomites,burnin
29,2,0,8,down_power,dolomites,burnin
7,4,0,8,down_power,dolomites,burnin
2,2,0,8,down_power,dolomites,burnin
23,5,0,8,down_power,dolomites,burnin
18,5,0,8,down_power,dolomites,burnin
9,5,0,8,down_power,dolomites,burnin
10,5,0,8,down_power,dolomites,burnin
22,3,0,8,down_power,dolomites,burnin
26,5,0,8,down_power,dolomites,burnin
3,4,0,8,down_power,dolomites,burnin
30,6,0,8,down_power,dolomites,burnin
48,4,0,8,down_power,dolomites,burnin
41,7,0,8,down_power,dolomites,burnin
25,3,0,8,down_power,dolomites,burnin
33,0,18,8,down_power,dolomites,burnin
39,0,24,8,down_power,dolomites,burnin
47,2,0,8,down_power,dolomites,burnin
14,2,0,8,down_power,dolomites,burnin
44,6,0,8,down_power,dolomites,burnin
1,2,0,8,down_power,dolomites,burnin
19,5,0,8,down_power,dolomites,burnin
46,6,0,8,down_power,dolomites,burnin
4,6,0,8,down_power,dolomites,burnin
11,4,0,8,down_power,dolomites,burnin
36,0,11,8,down_power,dolomites,burnin
34,0,40,8,metaweb,dolomites,burnin
43,8,0,8,metaweb,dolomites,burnin
40,0,40,8,metaweb,dolomites,burnin
12,8,0,8,metaweb,dolomites,burnin
13,8,0,8,metaweb,dolomites,burnin
24,8,0,8,metaweb,dolomites,burnin
5,8,0,8,metaweb,dolomites,burnin
31,8,0,8,metaweb,dolomites,burnin
38,0,40,8,metaweb,dolomites,burnin
45,8,0,8,metaweb,dolomites,burnin
28,8,0,8,metaweb,dolomites,burnin
37,0,40,8,metaweb,dolomites,burnin
8,8,0,8,metaweb,dolomites,burnin
35,0,40,8,metaweb,dolomites,burnin
27,8,0,8,metaweb,dolomites,burnin
21,8,0,8,metaweb,dolomites,burnin
6,8,0,8,metaweb,dolomites,burnin
32,8,0,8,metaweb,dolomites,burnin
16,8,0,8,metaweb,dolomites,burnin
42,8,0,8,metaweb,dolomites,burnin
15,8,0,8,metaweb,dolomites,burnin
17,8,0,8,metaweb,dolomites,burnin
20,8,0,8,metaweb,dolomites,burnin
29,8,0,8,metaweb,dolomites,burnin
7,8,0,8,metaweb,dolomites,burnin
2,8,0,8,metaweb,dolomites,burnin
23,8,0,8,metaweb,dolomites,burnin
18,8,0,8,metaweb,dolomites,burnin
9,8,0,8,metaweb,dolomites,burnin
10,8,0,8,metaweb,dolomites,burnin
22,8,0,8,metaweb,dolomites,burnin
26,8,0,8,metaweb,dolomites,burnin
3,8,0,8,metaweb,dolomites,burnin
30,8,0,8,metaweb,dolomites,burnin
48,8,0,8,metaweb,dolomites,burnin
41,8,0,8,metaweb,dolomites,burnin
25,8,0,8,metaweb,dolomites,burnin
33,0,40,8,metaweb,dolomites,burnin
39,0,40,8,metaweb,dolomites,burnin
47,8,0,8,metaweb,dolomites,burnin
14,8,0,8,metaweb,dolomites,burnin
44,8,0,8,metaweb,dolomites,burnin
1,8,0,8,metaweb,dolomites,burnin
19,8,0,8,metaweb,dolomites,burnin
46,8,0,8,metaweb,dolomites,burnin
4,8,0,8,metaweb,dolomites,burnin
11,8,0,8,metaweb,dolomites,burnin
36,0,40,8,metaweb,dolomites,burnin
34,0,11,8,niche,dolomites,burnin
43,3,9,8,niche,dolomites,burnin
40,7,7,8,niche,dolomites,burnin
12,17,1,8,niche,dolomites,burnin
13,1,1,8,niche,dolomites,burnin
24,3,4,8,niche,dolomites,burnin
49,0,6,8,niche,dolomites,burnin
5,8,1,8,niche,dolomites,burnin
31,5,12,8,niche,dolomites,burnin
38,1,11,8,niche,dolomites,burnin
45,0,10,8,niche,dolomites,burnin
28,13,7,8,niche,dolomites,burnin
37,5,10,8,niche,dolomites,burnin
8,1,1,8,niche,dolomites,burnin
35,2,10,8,niche,dolomites,burnin
27,1,5,8,niche,dolomites,burnin
21,17,3,8,niche,dolomites,burnin
6,12,1,8,niche,dolomites,burnin
32,6,10,8,niche,dolomites,burnin
16,1,1,8,niche,dolomites,burnin
42,2,7,8,niche,dolomites,burnin
15,0,1,8,niche,dolomites,burnin
17,1,1,8,niche,dolomites,burnin
20,17,3,8,niche,dolomites,burnin
29,7,7,8,niche,dolomites,burnin
7,12,1,8,niche,dolomites,burnin
2,18,0,8,niche,dolomites,burnin
23,1,3,8,niche,dolomites,burnin
18,6,1,8,niche,dolomites,burnin
9,9,1,8,niche,dolomites,burnin
10,3,1,8,niche,dolomites,burnin
22,4,4,8,niche,dolomites,burnin
26,1,6,8,niche,dolomites,burnin
3,4,1,8,niche,dolomites,burnin
30,4,8,8,niche,dolomites,burnin
48,0,7,8,niche,dolomites,burnin
41,6,7,8,niche,dolomites,burnin
25,0,5,8,niche,dolomites,burnin
33,5,11,8,niche,dolomites,burnin
39,1,11,8,niche,dolomites,burnin
47,0,9,8,niche,dolomites,burnin
14,20,1,8,niche,dolomites,burnin
44,6,9,8,niche,dolomites,burnin
1,1,0,8,niche,dolomites,burnin
19,5,2,8,niche,dolomites,burnin
46,0,9,8,niche,dolomites,burnin
50,0,2,8,niche,dolomites,burnin
4,0,1,8,niche,dolomites,burnin
11,12,1,8,niche,dolomites,burnin
36,3,10,8,niche,dolomites,burnin
34,0,23,8,down_rand,dolomites,burnin
43,4,0,8,down_rand,dolomites,burnin
40,0,24,8,down_rand,dolomites,burnin
12,3,0,8,down_rand,dolomites,burnin
13,6,0,8,down_rand,dolomites,burnin
24,5,0,8,down_rand,dolomites,burnin
5,6,0,8,down_rand,dolomites,burnin
31,4,0,8,down_rand,dolomites,burnin
38,0,24,8,down_rand,dolomites,burnin
45,5,0,8,down_rand,dolomites,burnin
28,5,0,8,down_rand,dolomites,burnin
37,0,19,8,down_rand,dolomites,burnin
8,6,0,8,down_rand,dolomites,burnin
35,0,23,8,down_rand,dolomites,burnin
27,6,0,8,down_rand,dolomites,burnin
21,5,0,8,down_rand,dolomites,burnin
6,7,0,8,down_rand,dolomites,burnin
32,4,0,8,down_rand,dolomites,burnin
16,5,0,8,down_rand,dolomites,burnin
42,6,0,8,down_rand,dolomites,burnin
15,7,0,8,down_rand,dolomites,burnin
17,3,0,8,down_rand,dolomites,burnin
20,5,0,8,down_rand,dolomites,burnin
29,6,0,8,down_rand,dolomites,burnin
7,3,0,8,down_rand,dolomites,burnin
2,5,0,8,down_rand,dolomites,burnin
23,5,0,8,down_rand,dolomites,burnin
18,3,0,8,down_rand,dolomites,burnin
9,4,0,8,down_rand,dolomites,burnin
10,5,0,8,down_rand,dolomites,burnin
22,5,0,8,down_rand,dolomites,burnin
26,3,0,8,down_rand,dolomites,burnin
3,7,0,8,down_rand,dolomites,burnin
30,2,0,8,down_rand,dolomites,burnin
48,4,0,8,down_rand,dolomites,burnin
41,4,0,8,down_rand,dolomites,burnin
25,4,0,8,down_rand,dolomites,burnin
33,0,24,8,down_rand,dolomites,burnin
39,0,20,8,down_rand,dolomites,burnin
47,4,0,8,down_rand,dolomites,burnin
14,5,0,8,down_rand,dolomites,burnin
44,4,0,8,down_rand,dolomites,burnin
1,4,0,8,down_rand,dolomites,burnin
19,3,0,8,down_rand,dolomites,burnin
46,3,0,8,down_rand,dolomites,burnin
4,4,0,8,down_rand,dolomites,burnin
11,5,0,8,down_rand,dolomites,burnin
36,0,27,8,down_rand,dolomites,burnin
34,0,26,8,down_link,dolomites,burnin
43,4,0,8,down_link,dolomites,burnin
40,0,23,8,down_link,dolomites,burnin
12,5,0,8,down_link,dolomites,burnin
13,4,0,8,down_link,dolomites,burnin
24,5,0,8,down_link,dolomites,burnin
5,6,0,8,down_link,dolomites,burnin
31,4,0,8,down_link,dolomites,burnin
38,0,27,8,down_link,dolomites,burnin
45,3,0,8,down_link,dolomites,burnin
28,3,0,8,down_link,dolomites,burnin
37,0,20,8,down_link,dolomites,burnin
8,3,0,8,down_link,dolomites,burnin
35,0,23,8,down_link,dolomites,burnin
27,7,0,8,down_link,dolomites,burnin
21,3,0,8,down_link,dolomites,burnin
6,5,0,8,down_link,dolomites,burnin
32,4,0,8,down_link,dolomites,burnin
16,3,0,8,down_link,dolomites,burnin
42,4,0,8,down_link,dolomites,burnin
15,6,0,8,down_link,dolomites,burnin
17,4,0,8,down_link,dolomites,burnin
20,5,0,8,down_link,dolomites,burnin
29,6,0,8,down_link,dolomites,burnin
7,4,0,8,down_link,dolomites,burnin
2,4,0,8,down_link,dolomites,burnin
23,5,0,8,down_link,dolomites,burnin
18,3,0,8,down_link,dolomites,burnin
9,4,0,8,down_link,dolomites,burnin
10,4,0,8,down_link,dolomites,burnin
22,5,0,8,down_link,dolomites,burnin
26,6,0,8,down_link,dolomites,burnin
3,5,0,8,down_link,dolomites,burnin
30,5,0,8,down_link,dolomites,burnin
48,5,0,8,down_link,dolomites,burnin
41,6,0,8,down_link,dolomites,burnin
25,4,0,8,down_link,dolomites,burnin
33,0,21,8,down_link,dolomites,burnin
39,0,21,8,down_link,dolomites,burnin
47,5,0,8,down_link,dolomites,burnin
14,5,0,8,down_link,dolomites,burnin
44,5,0,8,down_link,dolomites,burnin
1,6,0,8,down_link,dolomites,burnin
19,5,0,8,down_link,dolomites,burnin
46,5,0,8,down_link,dolomites,burnin
4,4,0,8,down_link,dolomites,burnin
11,5,0,8,down_link,dolomites,burnin
36,0,23,8,down_link,dolomites,burnin
34,6,2,8,down_niche,dolomites,burnin
43,0,34,8,down_niche,dolomites,burnin
40,0,35,8,down_niche,dolomites,burnin
12,6,3,8,down_niche,dolomites,burnin
13,5,1,8,down_niche,dolomites,burnin
24,6,2,8,down_niche,dolomites,burnin
49,6,1,8,down_niche,dolomites,burnin
5,7,1,8,down_niche,dolomites,burnin
31,3,3,8,down_niche,dolomites,burnin
38,0,4,8,down_niche,dolomites,burnin
45,0,32,8,down_niche,dolomites,burnin
28,6,0,8,down_niche,dolomites,burnin
37,14,1,8,down_niche,dolomites,burnin
8,6,3,8,down_niche,dolomites,burnin
35,5,3,8,down_niche,dolomites,burnin
27,4,2,8,down_niche,dolomites,burnin
21,5,4,8,down_niche,dolomites,burnin
6,7,2,8,down_niche,dolomites,burnin
32,6,0,8,down_niche,dolomites,burnin
16,7,3,8,down_niche,dolomites,burnin
42,0,33,8,down_niche,dolomites,burnin
15,4,1,8,down_niche,dolomites,burnin
17,6,3,8,down_niche,dolomites,burnin
20,6,0,8,down_niche,dolomites,burnin
29,5,2,8,down_niche,dolomites,burnin
7,6,3,8,down_niche,dolomites,burnin
2,15,0,8,down_niche,dolomites,burnin
23,6,2,8,down_niche,dolomites,burnin
18,3,0,8,down_niche,dolomites,burnin
9,6,0,8,down_niche,dolomites,burnin
53,6,1,8,down_niche,dolomites,burnin
10,6,0,8,down_niche,dolomites,burnin
22,6,1,8,down_niche,dolomites,burnin
26,5,0,8,down_niche,dolomites,burnin
3,12,0,8,down_niche,dolomites,burnin
30,6,2,8,down_niche,dolomites,burnin
52,7,1,8,down_niche,dolomites,burnin
48,5,1,8,down_niche,dolomites,burnin
51,3,1,8,down_niche,dolomites,burnin
41,0,33,8,down_niche,dolomites,burnin
25,6,1,8,down_niche,dolomites,burnin
33,6,1,8,down_niche,dolomites,burnin
39,0,34,8,down_niche,dolomites,burnin
47,6,1,8,down_niche,dolomites,burnin
14,4,0,8,down_niche,dolomites,burnin
44,0,17,8,down_niche,dolomites,burnin
1,7,0,8,down_niche,dolomites,burnin
19,5,0,8,down_niche,dolomites,burnin
46,4,1,8,down_niche,dolomites,burnin
50,6,0,8,down_niche,dolomites,burnin
4,7,1,8,down_niche,dolomites,burnin
11,7,1,8,down_niche,dolomites,burnin
36,7,0,8,down_niche,dolomites,burnin
34,6,2,8,down_niche_bodysize,dolomites,burnin
43,0,34,8,down_niche_bodysize,dolomites,burnin
40,0,35,8,down_niche_bodysize,dolomites,burnin
12,6,3,8,down_niche_bodysize,dolomites,burnin
13,5,1,8,down_niche_bodysize,dolomites,burnin
24,6,2,8,down_niche_bodysize,dolomites,burnin
49,6,1,8,down_niche_bodysize,dolomites,burnin
5,7,1,8,down_niche_bodysize,dolomites,burnin
31,3,3,8,down_niche_bodysize,dolomites,burnin
38,0,4,8,down_niche_bodysize,dolomites,burnin
45,0,32,8,down_niche_bodysize,dolomites,burnin
28,6,0,8,down_niche_bodysize,dolomites,burnin
37,14,1,8,down_niche_bodysize,dolomites,burnin
8,6,3,8,down_niche_bodysize,dolomites,burnin
35,5,3,8,down_niche_bodysize,dolomites,burnin
27,4,2,8,down_niche_bodysize,dolomites,burnin
21,5,4,8,down_niche_bodysize,dolomites,burnin
6,7,2,8,down_niche_bodysize,dolomites,burnin
32,6,0,8,down_niche_bodysize,dolomites,burnin
16,7,3,8,down_niche_bodysize,dolomites,burnin
42,0,33,8,down_niche_bodysize,dolomites,burnin
15,4,1,8,down_niche_bodysize,dolomites,burnin
17,6,3,8,down_niche_bodysize,dolomites,burnin
20,6,0,8,down_niche_bodysize,dolomites,burnin
29,5,2,8,down_niche_bodysize,dolomites,burnin
7,6,3,8,down_niche_bodysize,dolomites,burnin
2,15,0,8,down_niche_bodysize,dolomites,burnin
23,6,2,8,down_niche_bodysize,dolomites,burnin
18,3,0,8,down_niche_bodysize,dolomites,burnin
9,6,0,8,down_niche_bodysize,dolomites,burnin
53,6,1,8,down_niche_bodysize,dolomites,burnin
10,6,0,8,down_niche_bodysize,dolomites,burnin
22,6,1,8,down_niche_bodysize,dolomites,burnin
26,5,0,8,down_niche_bodysize,dolomites,burnin
3,12,0,8,down_niche_bodysize,dolomites,burnin
30,6,2,8,down_niche_bodysize,dolomites,burnin
52,7,1,8,down_niche_bodysize,dolomites,burnin
48,5,1,8,down_niche_bodysize,dolomites,burnin
51,3,1,8,down_niche_bodysize,dolomites,burnin
41,0,33,8,down_niche_bodysize,dolomites,burnin
25,6,1,8,down_niche_bodysize,dolomites,burnin
33,6,1,8,down_niche_bodysize,dolomites,burnin
39,0,34,8,down_niche_bodysize,dolomites,burnin
47,6,1,8,down_niche_bodysize,dolomites,burnin
14,4,0,8,down_niche_bodysize,dolomites,burnin
44,0,17,8,down_niche_bodysize,dolomites,burnin
1,7,0,8,down_niche_bodysize,dolomites,burnin
19,5,0,8,down_niche_bodysize,dolomites,burnin
46,4,1,8,down_niche_bodysize,dolomites,burnin
50,6,0,8,down_niche_bodysize,dolomites,burnin
4,7,1,8,down_niche_bodysize,dolomites,burnin
11,7,1,8,down_niche_bodysize,dolomites,burnin
36,7,0,8,down_niche_bodysize,dolomites,burnin
34,9,0,8,atn,dolomites,burnin
43,0,21,8,atn,dolomites,burnin
40,0,4,8,atn,dolomites,burnin
12,4,26,8,atn,dolomites,burnin
13,6,0,8,atn,dolomites,burnin
24,6,1,8,atn,dolomites,burnin
49,0,16,8,atn,dolomites,burnin
5,10,0,8,atn,dolomites,burnin
31,9,0,8,atn,dolomites,burnin
38,11,0,8,atn,dolomites,burnin
45,0,26,8,atn,dolomites,burnin
28,4,21,8,atn,dolomites,burnin
37,9,0,8,atn,dolomites,burnin
8,8,0,8,atn,dolomites,burnin
35,6,1,8,atn,dolomites,burnin
27,6,0,8,atn,dolomites,burnin
21,6,9,8,atn,dolomites,burnin
6,8,0,8,atn,dolomites,burnin
32,6,0,8,atn,dolomites,burnin
16,11,0,8,atn,dolomites,burnin
42,0,16,8,atn,dolomites,burnin
15,8,0,8,atn,dolomites,burnin
17,10,0,8,atn,dolomites,burnin
20,6,1,8,atn,dolomites,burnin
29,11,0,8,atn,dolomites,burnin
7,8,0,8,atn,dolomites,burnin
2,11,0,8,atn,dolomites,burnin
23,8,0,8,atn,dolomites,burnin
18,8,0,8,atn,dolomites,burnin
9,6,0,8,atn,dolomites,burnin
53,6,6,8,atn,dolomites,burnin
10,8,0,8,atn,dolomites,burnin
22,6,26,8,atn,dolomites,burnin
26,10,0,8,atn,dolomites,burnin
3,13,0,8,atn,dolomites,burnin
30,8,0,8,atn,dolomites,burnin
52,6,26,8,atn,dolomites,burnin
48,0,8,8,atn,dolomites,burnin
54,6,0,8,atn,dolomites,burnin
51,4,34,8,atn,dolomites,burnin
41,0,8,8,atn,dolomites,burnin
25,6,1,8,atn,dolomites,burnin
33,6,20,8,atn,dolomites,burnin
39,8,0,8,atn,dolomites,burnin
47,0,4,8,atn,dolomites,burnin
14,8,0,8,atn,dolomites,burnin
44,0,34,8,atn,dolomites,burnin
1,11,0,8,atn,dolomites,burnin
19,8,0,8,atn,dolomites,burnin
46,0,6,8,atn,dolomites,burnin
50,2,21,8,atn,dolomites,burnin
4,8,0,8,atn,dolomites,burnin
11,9,0,8,atn,dolomites,burnin
36,8,0,8,atn,dolomites,burnin
56,5,1,9,down_power,dolomites,creation
34,5,5,9,down_power,dolomites,creation
43,18,7,9,down_power,dolomites,creation
40,7,2,9,down_power,dolomites,creation
12,4,6,9,down_power,dolomites,creation
13,6,2,9,down_power,dolomites,creation
24,7,2,9,down_power,dolomites,creation
49,0,31,9,down_power,dolomites,creation
5,27,4,9,down_power,dolomites,creation
31,6,7,9,down_power,dolomites,creation
38,2,6,9,down_power,dolomites,creation
45,0,22,9,down_power,dolomites,creation
28,4,7,9,down_power,dolomites,creation
37,7,6,9,down_power,dolomites,creation
8,7,1,9,down_power,dolomites,creation
35,6,7,9,down_power,dolomites,creation
27,6,8,9,down_power,dolomites,creation
21,7,7,9,down_power,dolomites,creation
6,24,6,9,down_power,dolomites,creation
32,6,0,9,down_power,dolomites,creation
16,7,7,9,down_power,dolomites,creation
57,7,1,9,down_power,dolomites,creation
42,35,5,9,down_power,dolomites,creation
15,3,4,9,down_power,dolomites,creation
17,4,6,9,down_power,dolomites,creation
20,2,6,9,down_power,dolomites,creation
29,3,6,9,down_power,dolomites,creation
7,17,6,9,down_power,dolomites,creation
2,16,2,9,down_power,dolomites,creation
23,5,1,9,down_power,dolomites,creation
18,5,6,9,down_power,dolomites,creation
9,4,1,9,down_power,dolomites,creation
55,4,1,9,down_power,dolomites,creation
53,2,1,9,down_power,dolomites,creation
10,4,5,9,down_power,dolomites,creation
22,7,2,9,down_power,dolomites,creation
26,5,6,9,down_power,dolomites,creation
3,13,2,9,down_power,dolomites,creation
30,3,1,9,down_power,dolomites,creation
52,6,1,9,down_power,dolomites,creation
48,0,25,9,down_power,dolomites,creation
54,4,1,9,down_power,dolomites,creation
51,0,27,9,down_power,dolomites,creation
41,35,6,9,down_power,dolomites,creation
25,5,6,9,down_power,dolomites,creation
33,6,7,9,down_power,dolomites,creation
58,3,1,9,down_power,dolomites,creation
39,8,6,9,down_power,dolomites,creation
47,0,31,9,down_power,dolomites,creation
14,3,0,9,down_power,dolomites,creation
44,0,31,9,down_power,dolomites,creation
1,6,5,9,down_power,dolomites,creation
19,7,7,9,down_power,dolomites,creation
46,0,30,9,down_power,dolomites,creation
50,0,23,9,down_power,dolomites,creation
59,6,0,9,down_power,dolomites,creation
4,27,4,9,down_power,dolomites,creation
11,6,7,9,down_power,dolomites,creation
36,3,1,9,down_power,dolomites,creation
56,8,1,9,metaweb,dolomites,creation
34,8,7,9,metaweb,dolomites,creation
43,28,7,9,metaweb,dolomites,creation
40,8,2,9,metaweb,dolomites,creation
12,8,8,9,metaweb,dolomites,creation
13,8,2,9,metaweb,dolomites,creation
24,8,2,9,metaweb,dolomites,creation
49,0,43,9,metaweb,dolomites,creation
5,31,4,9,metaweb,dolomites,creation
31,8,8,9,metaweb,dolomites,creation
38,8,7,9,metaweb,dolomites,creation
45,0,43,9,metaweb,dolomites,creation
28,8,7,9,metaweb,dolomites,creation
37,8,7,9,metaweb,dolomites,creation
8,8,1,9,metaweb,dolomites,creation
35,8,7,9,metaweb,dolomites,creation
27,8,8,9,metaweb,dolomites,creation
21,8,7,9,metaweb,dolomites,creation
6,27,7,9,metaweb,dolomites,creation
32,8,0,9,metaweb,dolomites,creation
16,8,7,9,metaweb,dolomites,creation
57,8,1,9,metaweb,dolomites,creation
42,35,7,9,metaweb,dolomites,creation
15,8,4,9,metaweb,dolomites,creation
17,8,7,9,metaweb,dolomites,creation
20,8,7,9,metaweb,dolomites,creation
29,8,7,9,metaweb,dolomites,creation
7,20,7,9,metaweb,dolomites,creation
2,18,2,9,metaweb,dolomites,creation
23,8,2,9,metaweb,dolomites,creation
18,8,7,9,metaweb,dolomites,creation
9,8,1,9,metaweb,dolomites,creation
55,8,1,9,metaweb,dolomites,creation
53,8,1,9,metaweb,dolomites,creation
10,8,8,9,metaweb,dolomites,creation
22,8,2,9,metaweb,dolomites,creation
26,8,8,9,metaweb,dolomites,creation
3,18,2,9,metaweb,dolomites,creation
30,8,2,9,metaweb,dolomites,creation
52,8,1,9,metaweb,dolomites,creation
48,0,43,9,metaweb,dolomites,creation
54,8,1,9,metaweb,dolomites,creation
51,0,43,9,metaweb,dolomites,creation
41,35,7,9,metaweb,dolomites,creation
25,8,8,9,metaweb,dolomites,creation
33,8,7,9,metaweb,dolomites,creation
58,8,1,9,metaweb,dolomites,creation
39,8,7,9,metaweb,dolomites,creation
47,0,43,9,metaweb,dolomites,creation
14,8,0,9,metaweb,dolomites,creation
44,0,43,9,metaweb,dolomites,creation
1,10,8,9,metaweb,dolomites,creation
19,8,7,9,metaweb,dolomites,creation
46,0,43,9,metaweb,dolomites,creation
50,0,43,9,metaweb,dolomites,creation
59,8,1,9,metaweb,dolomites,creation
4,31,4,9,metaweb,dolomites,creation
11,8,8,9,metaweb,dolomites,creation
36,8,2,9,metaweb,dolomites,creation
56,1,4,9,niche,dolomites,creation
34,5,16,9,niche,dolomites,creation
43,1,10,9,niche,dolomites,creation
40,5,18,9,niche,dolomites,creation
12,1,1,9,niche,dolomites,creation
13,22,2,9,niche,dolomites,creation
24,5,8,9,niche,dolomites,creation
49,2,9,9,niche,dolomites,creation
5,10,1,9,niche,dolomites,creation
31,6,14,9,niche,dolomites,creation
38,3,17,9,niche,dolomites,creation
45,2,11,9,niche,dolomites,creation
28,10,11,9,niche,dolomites,creation
37,14,17,9,niche,dolomites,creation
8,28,2,9,niche,dolomites,creation
35,13,16,9,niche,dolomites,creation
27,13,8,9,niche,dolomites,creation
21,14,6,9,niche,dolomites,creation
6,2,1,9,niche,dolomites,creation
32,1,15,9,niche,dolomites,creation
16,0,4,9,niche,dolomites,creation
57,0,4,9,niche,dolomites,creation
42,5,12,9,niche,dolomites,creation
15,22,4,9,niche,dolomites,creation
17,25,4,9,niche,dolomites,creation
20,0,6,9,niche,dolomites,creation
29,5,10,9,niche,dolomites,creation
7,7,1,9,niche,dolomites,creation
2,9,0,9,niche,dolomites,creation
23,2,7,9,niche,dolomites,creation
18,20,4,9,niche,dolomites,creation
9,22,1,9,niche,dolomites,creation
55,2,4,9,niche,dolomites,creation
53,2,7,9,niche,dolomites,creation
10,21,1,9,niche,dolomites,creation
22,10,6,9,niche,dolomites,creation
26,21,8,9,niche,dolomites,creation
3,16,0,9,niche,dolomites,creation
30,14,14,9,niche,dolomites,creation
52,1,7,9,niche,dolomites,creation
48,5,11,9,niche,dolomites,creation
54,1,4,9,niche,dolomites,creation
51,0,9,9,niche,dolomites,creation
41,6,15,9,niche,dolomites,creation
25,9,8,9,niche,dolomites,creation
33,9,15,9,niche,dolomites,creation
58,0,4,9,niche,dolomites,creation
39,5,19,9,niche,dolomites,creation
47,0,11,9,niche,dolomites,creation
14,15,6,9,niche,dolomites,creation
44,3,12,9,niche,dolomites,creation
1,5,0,9,niche,dolomites,creation
19,15,5,9,niche,dolomites,creation
46,0,12,9,niche,dolomites,creation
50,2,9,9,niche,dolomites,creation
59,0,1,9,niche,dolomites,creation
4,5,1,9,niche,dolomites,creation
11,3,1,9,niche,dolomites,creation
36,6,17,9,niche,dolomites,creation
56,5,1,9,down_rand,dolomites,creation
34,5,4,9,down_rand,dolomites,creation
43,18,6,9,down_rand,dolomites,creation
40,7,1,9,down_rand,dolomites,creation
12,7,6,9,down_rand,dolomites,creation
13,6,1,9,down_rand,dolomites,creation
24,4,2,9,down_rand,dolomites,creation
49,0,31,9,down_rand,dolomites,creation
5,25,2,9,down_rand,dolomites,creation
31,6,8,9,down_rand,dolomites,creation
38,7,7,9,down_rand,dolomites,creation
45,0,35,9,down_rand,dolomites,creation
28,4,4,9,down_rand,dolomites,creation
37,7,4,9,down_rand,dolomites,creation
8,5,1,9,down_rand,dolomites,creation
35,8,7,9,down_rand,dolomites,creation
27,5,6,9,down_rand,dolomites,creation
21,7,5,9,down_rand,dolomites,creation
6,25,5,9,down_rand,dolomites,creation
32,7,0,9,down_rand,dolomites,creation
16,6,5,9,down_rand,dolomites,creation
57,5,1,9,down_rand,dolomites,creation
42,22,5,9,down_rand,dolomites,creation
15,5,3,9,down_rand,dolomites,creation
17,8,5,9,down_rand,dolomites,creation
20,6,7,9,down_rand,dolomites,creation
29,6,2,9,down_rand,dolomites,creation
7,15,5,9,down_rand,dolomites,creation
2,13,2,9,down_rand,dolomites,creation
23,3,1,9,down_rand,dolomites,creation
18,7,4,9,down_rand,dolomites,creation
9,8,1,9,down_rand,dolomites,creation
55,7,1,9,down_rand,dolomites,creation
53,6,1,9,down_rand,dolomites,creation
10,7,6,9,down_rand,dolomites,creation
22,5,1,9,down_rand,dolomites,creation
26,4,7,9,down_rand,dolomites,creation
3,15,2,9,down_rand,dolomites,creation
30,4,1,9,down_rand,dolomites,creation
52,7,0,9,down_rand,dolomites,creation
48,0,32,9,down_rand,dolomites,creation
54,7,1,9,down_rand,dolomites,creation
51,0,32,9,down_rand,dolomites,creation
41,23,6,9,down_rand,dolomites,creation
25,5,7,9,down_rand,dolomites,creation
33,5,3,9,down_rand,dolomites,creation
58,6,1,9,down_rand,dolomites,creation
39,7,5,9,down_rand,dolomites,creation
47,0,26,9,down_rand,dolomites,creation
14,5,0,9,down_rand,dolomites,creation
44,0,32,9,down_rand,dolomites,creation
1,6,5,9,down_rand,dolomites,creation
19,5,5,9,down_rand,dolomites,creation
46,0,35,9,down_rand,dolomites,creation
50,0,28,9,down_rand,dolomites,creation
59,7,1,9,down_rand,dolomites,creation
4,20,4,9,down_rand,dolomites,creation
11,5,4,9,down_rand,dolomites,creation
36,7,2,9,down_rand,dolomites,creation
56,6,1,9,down_link,dolomites,creation
34,4,6,9,down_link,dolomites,creation
43,19,4,9,down_link,dolomites,creation
40,8,2,9,down_link,dolomites,creation
12,6,6,9,down_link,dolomites,creation
13,4,2,9,down_link,dolomites,creation
24,4,2,9,down_link,dolomites,creation
49,0,27,9,down_link,dolomites,creation
5,21,3,9,down_link,dolomites,creation
31,5,7,9,down_link,dolomites,creation
38,6,6,9,down_link,dolomites,creation
45,0,30,9,down_link,dolomites,creation
28,7,7,9,down_link,dolomites,creation
37,5,7,9,down_link,dolomites,creation
8,7,1,9,down_link,dolomites,creation
35,6,5,9,down_link,dolomites,creation
27,4,6,9,down_link,dolomites,creation
21,5,4,9,down_link,dolomites,creation
6,23,6,9,down_link,dolomites,creation
32,6,0,9,down_link,dolomites,creation
16,6,5,9,down_link,dolomites,creation
57,6,1,9,down_link,dolomites,creation
42,25,5,9,down_link,dolomites,creation
15,6,3,9,down_link,dolomites,creation
17,6,6,9,down_link,dolomites,creation
20,5,4,9,down_link,dolomites,creation
29,4,7,9,down_link,dolomites,creation
7,16,7,9,down_link,dolomites,creation
2,16,2,9,down_link,dolomites,creation
23,6,2,9,down_link,dolomites,creation
18,5,6,9,down_link,dolomites,creation
9,7,1,9,down_link,dolomites,creation
55,8,1,9,down_link,dolomites,creation
53,7,1,9,down_link,dolomites,creation
10,7,8,9,down_link,dolomites,creation
22,4,2,9,down_link,dolomites,creation
26,4,7,9,down_link,dolomites,creation
3,17,2,9,down_link,dolomites,creation
30,7,2,9,down_link,dolomites,creation
52,5,1,9,down_link,dolomites,creation
48,0,25,9,down_link,dolomites,creation
54,7,1,9,down_link,dolomites,creation
51,0,29,9,down_link,dolomites,creation
41,21,5,9,down_link,dolomites,creation
25,5,6,9,down_link,dolomites,creation
33,4,5,9,down_link,dolomites,creation
58,6,1,9,down_link,dolomites,creation
39,5,4,9,down_link,dolomites,creation
47,0,30,9,down_link,dolomites,creation
14,6,0,9,down_link,dolomites,creation
44,0,27,9,down_link,dolomites,creation
1,10,6,9,down_link,dolomites,creation
19,5,6,9,down_link,dolomites,creation
46,0,33,9,down_link,dolomites,creation
50,0,30,9,down_link,dolomites,creation
59,5,1,9,down_link,dolomites,creation
4,23,3,9,down_link,dolomites,creation
11,8,6,9,down_link,dolomites,creation
36,7,2,9,down_link,dolomites,creation
56,7,1,9,down_niche,dolomites,creation
34,7,5,9,down_niche,dolomites,creation
43,9,2,9,down_niche,dolomites,creation
40,8,1,9,down_niche,dolomites,creation
12,7,6,9,down_niche,dolomites,creation
13,7,1,9,down_niche,dolomites,creation
24,7,0,9,down_niche,dolomites,creation
49,0,38,9,down_niche,dolomites,creation
5,18,1,9,down_niche,dolomites,creation
31,6,8,9,down_niche,dolomites,creation
38,7,6,9,down_niche,dolomites,creation
45,0,38,9,down_niche,dolomites,creation
28,7,6,9,down_niche,dolomites,creation
37,6,4,9,down_niche,dolomites,creation
8,6,1,9,down_niche,dolomites,creation
35,7,5,9,down_niche,dolomites,creation
27,6,6,9,down_niche,dolomites,creation
21,6,6,9,down_niche,dolomites,creation
6,20,0,9,down_niche,dolomites,creation
32,6,0,9,down_niche,dolomites,creation
16,7,4,9,down_niche,dolomites,creation
57,7,1,9,down_niche,dolomites,creation
42,23,4,9,down_niche,dolomites,creation
15,7,4,9,down_niche,dolomites,creation
17,7,3,9,down_niche,dolomites,creation
20,7,6,9,down_niche,dolomites,creation
29,7,4,9,down_niche,dolomites,creation
7,13,2,9,down_niche,dolomites,creation
2,8,1,9,down_niche,dolomites,creation
23,7,1,9,down_niche,dolomites,creation
18,7,5,9,down_niche,dolomites,creation
9,7,1,9,down_niche,dolomites,creation
55,7,1,9,down_niche,dolomites,creation
53,7,1,9,down_niche,dolomites,creation
10,6,7,9,down_niche,dolomites,creation
22,7,1,9,down_niche,dolomites,creation
26,7,7,9,down_niche,dolomites,creation
3,9,1,9,down_niche,dolomites,creation
30,7,1,9,down_niche,dolomites,creation
52,8,1,9,down_niche,dolomites,creation
48,0,38,9,down_niche,dolomites,creation
54,8,1,9,down_niche,dolomites,creation
51,0,38,9,down_niche,dolomites,creation
41,24,3,9,down_niche,dolomites,creation
25,7,4,9,down_niche,dolomites,creation
33,6,5,9,down_niche,dolomites,creation
58,7,1,9,down_niche,dolomites,creation
39,7,6,9,down_niche,dolomites,creation
47,0,11,9,down_niche,dolomites,creation
14,7,0,9,down_niche,dolomites,creation
44,0,37,9,down_niche,dolomites,creation
1,7,4,9,down_niche,dolomites,creation
19,7,5,9,down_niche,dolomites,creation
46,0,38,9,down_niche,dolomites,creation
50,0,37,9,down_niche,dolomites,creation
59,5,1,9,down_niche,dolomites,creation
4,14,0,9,down_niche,dolomites,creation
11,7,4,9,down_niche,dolomites,creation
36,7,1,9,down_niche,dolomites,creation
56,7,1,9,down_niche_bodysize,dolomites,creation
34,7,5,9,down_niche_bodysize,dolomites,creation
43,9,2,9,down_niche_bodysize,dolomites,creation
40,8,1,9,down_niche_bodysize,dolomites,creation
12,7,6,9,down_niche_bodysize,dolomites,creation
13,7,1,9,down_niche_bodysize,dolomites,creation
24,7,0,9,down_niche_bodysize,dolomites,creation
49,0,38,9,down_niche_bodysize,dolomites,creation
5,18,1,9,down_niche_bodysize,dolomites,creation
31,6,8,9,down_niche_bodysize,dolomites,creation
38,7,6,9,down_niche_bodysize,dolomites,creation
45,0,38,9,down_niche_bodysize,dolomites,creation
28,7,6,9,down_niche_bodysize,dolomites,creation
37,6,4,9,down_niche_bodysize,dolomites,creation
8,6,1,9,down_niche_bodysize,dolomites,creation
35,7,5,9,down_niche_bodysize,dolomites,creation
27,6,6,9,down_niche_bodysize,dolomites,creation
21,6,6,9,down_niche_bodysize,dolomites,creation
6,20,0,9,down_niche_bodysize,dolomites,creation
32,6,0,9,down_niche_bodysize,dolomites,creation
16,7,4,9,down_niche_bodysize,dolomites,creation
57,7,1,9,down_niche_bodysize,dolomites,creation
42,23,4,9,down_niche_bodysize,dolomites,creation
15,7,4,9,down_niche_bodysize,dolomites,creation
17,7,3,9,down_niche_bodysize,dolomites,creation
20,7,6,9,down_niche_bodysize,dolomites,creation
29,7,4,9,down_niche_bodysize,dolomites,creation
7,13,2,9,down_niche_bodysize,dolomites,creation
2,8,1,9,down_niche_bodysize,dolomites,creation
23,7,1,9,down_niche_bodysize,dolomites,creation
18,7,5,9,down_niche_bodysize,dolomites,creation
9,7,1,9,down_niche_bodysize,dolomites,creation
55,7,1,9,down_niche_bodysize,dolomites,creation
53,7,1,9,down_niche_bodysize,dolomites,creation
10,6,7,9,down_niche_bodysize,dolomites,creation
22,7,1,9,down_niche_bodysize,dolomites,creation
26,7,7,9,down_niche_bodysize,dolomites,creation
3,9,1,9,down_niche_bodysize,dolomites,creation
30,7,1,9,down_niche_bodysize,dolomites,creation
52,8,1,9,down_niche_bodysize,dolomites,creation
48,0,38,9,down_niche_bodysize,dolomites,creation
54,8,1,9,down_niche_bodysize,dolomites,creation
51,0,38,9,down_niche_bodysize,dolomites,creation
41,24,3,9,down_niche_bodysize,dolomites,creation
25,7,4,9,down_niche_bodysize,dolomites,creation
33,6,5,9,down_niche_bodysize,dolomites,creation
58,7,1,9,down_niche_bodysize,dolomites,creation
39,7,6,9,down_niche_bodysize,dolomites,creation
47,0,11,9,down_niche_bodysize,dolomites,creation
14,7,0,9,down_niche_bodysize,dolomites,creation
44,0,37,9,down_niche_bodysize,dolomites,creation
1,7,4,9,down_niche_bodysize,dolomites,creation
19,7,5,9,down_niche_bodysize,dolomites,creation
46,0,38,9,down_niche_bodysize,dolomites,creation
50,0,37,9,down_niche_bodysize,dolomites,creation
59,5,1,9,down_niche_bodysize,dolomites,creation
4,14,0,9,down_niche_bodysize,dolomites,creation
11,7,4,9,down_niche_bodysize,dolomites,creation
36,7,1,9,down_niche_bodysize,dolomites,creation
56,4,40,9,atn,dolomites,creation
34,7,0,9,atn,dolomites,creation
43,8,0,9,atn,dolomites,creation
40,9,0,9,atn,dolomites,creation
12,7,0,9,atn,dolomites,creation
13,6,12,9,atn,dolomites,creation
24,6,20,9,atn,dolomites,creation
49,0,30,9,atn,dolomites,creation
5,12,0,9,atn,dolomites,creation
31,9,0,9,atn,dolomites,creation
38,7,0,9,atn,dolomites,creation
45,0,8,9,atn,dolomites,creation
28,12,0,9,atn,dolomites,creation
37,12,0,9,atn,dolomites,creation
8,9,0,9,atn,dolomites,creation
35,9,0,9,atn,dolomites,creation
27,7,0,9,atn,dolomites,creation
21,6,0,9,atn,dolomites,creation
6,12,0,9,atn,dolomites,creation
32,12,0,9,atn,dolomites,creation
16,12,0,9,atn,dolomites,creation
57,6,30,9,atn,dolomites,creation
42,12,0,9,atn,dolomites,creation
15,10,0,9,atn,dolomites,creation
17,11,0,9,atn,dolomites,creation
20,8,0,9,atn,dolomites,creation
29,7,0,9,atn,dolomites,creation
7,7,0,9,atn,dolomites,creation
2,14,0,9,atn,dolomites,creation
23,6,14,9,atn,dolomites,creation
18,11,0,9,atn,dolomites,creation
9,7,0,9,atn,dolomites,creation
55,2,30,9,atn,dolomites,creation
53,0,8,9,atn,dolomites,creation
10,9,0,9,atn,dolomites,creation
22,6,23,9,atn,dolomites,creation
26,8,0,9,atn,dolomites,creation
3,14,0,9,atn,dolomites,creation
30,8,13,9,atn,dolomites,creation
52,0,4,9,atn,dolomites,creation
48,0,40,9,atn,dolomites,creation
54,0,18,9,atn,dolomites,creation
51,0,0,9,atn,dolomites,creation
41,12,0,9,atn,dolomites,creation
25,9,0,9,atn,dolomites,creation
33,12,0,9,atn,dolomites,creation
58,6,15,9,atn,dolomites,creation
39,6,2,9,atn,dolomites,creation
47,0,30,9,atn,dolomites,creation
14,7,0,9,atn,dolomites,creation
44,0,4,9,atn,dolomites,creation
1,9,0,9,atn,dolomites,creation
19,7,0,9,atn,dolomites,creation
46,0,18,9,atn,dolomites,creation
50,0,15,9,atn,dolomites,creation
59,7,0,9,atn,dolomites,creation
4,12,0,9,atn,dolomites,creation
11,6,2,9,atn,dolomites,creation
36,6,35,9,atn,dolomites,creation
34,0,20,9,down_power,dolomites,burnin
43,4,0,9,down_power,dolomites,burnin
40,0,24,9,down_power,dolomites,burnin
12,7,0,9,down_power,dolomites,burnin
13,2,0,9,down_power,dolomites,burnin
24,6,0,9,down_power,dolomites,burnin
5,4,0,9,down_power,dolomites,burnin
31,2,0,9,down_power,dolomites,burnin
38,0,28,9,down_power,dolomites,burnin
45,5,0,9,down_power,dolomites,burnin
28,6,0,9,down_power,dolomites,burnin
37,0,22,9,down_power,dolomites,burnin
8,3,0,9,down_power,dolomites,burnin
35,0,27,9,down_power,dolomites,burnin
27,5,0,9,down_power,dolomites,burnin
21,4,0,9,down_power,dolomites,burnin
6,6,0,9,down_power,dolomites,burnin
32,8,0,9,down_power,dolomites,burnin
16,5,0,9,down_power,dolomites,burnin
42,2,0,9,down_power,dolomites,burnin
15,7,0,9,down_power,dolomites,burnin
17,7,0,9,down_power,dolomites,burnin
20,6,0,9,down_power,dolomites,burnin
29,3,0,9,down_power,dolomites,burnin
7,3,0,9,down_power,dolomites,burnin
2,4,0,9,down_power,dolomites,burnin
23,3,0,9,down_power,dolomites,burnin
18,5,0,9,down_power,dolomites,burnin
9,7,0,9,down_power,dolomites,burnin
10,4,0,9,down_power,dolomites,burnin
22,3,0,9,down_power,dolomites,burnin
26,6,0,9,down_power,dolomites,burnin
3,4,0,9,down_power,dolomites,burnin
30,7,0,9,down_power,dolomites,burnin
48,6,0,9,down_power,dolomites,burnin
41,6,0,9,down_power,dolomites,burnin
25,6,0,9,down_power,dolomites,burnin
33,0,29,9,down_power,dolomites,burnin
39,0,21,9,down_power,dolomites,burnin
47,3,0,9,down_power,dolomites,burnin
14,7,0,9,down_power,dolomites,burnin
44,4,0,9,down_power,dolomites,burnin
1,7,0,9,down_power,dolomites,burnin
19,5,0,9,down_power,dolomites,burnin
46,7,0,9,down_power,dolomites,burnin
4,6,0,9,down_power,dolomites,burnin
11,5,0,9,down_power,dolomites,burnin
36,0,29,9,down_power,dolomites,burnin
34,0,40,9,metaweb,dolomites,burnin
43,8,0,9,metaweb,dolomites,burnin
40,0,40,9,metaweb,dolomites,burnin
12,8,0,9,metaweb,dolomites,burnin
13,8,0,9,metaweb,dolomites,burnin
24,8,0,9,metaweb,dolomites,burnin
5,8,0,9,metaweb,dolomites,burnin
31,8,0,9,metaweb,dolomites,burnin
38,0,40,9,metaweb,dolomites,burnin
45,8,0,9,metaweb,dolomites,burnin
28,8,0,9,metaweb,dolomites,burnin
37,0,40,9,metaweb,dolomites,burnin
8,8,0,9,metaweb,dolomites,burnin
35,0,40,9,metaweb,dolomites,burnin
27,8,0,9,metaweb,dolomites,burnin
21,8,0,9,metaweb,dolomites,burnin
6,8,0,9,metaweb,dolomites,burnin
32,8,0,9,metaweb,dolomites,burnin
16,8,0,9,metaweb,dolomites,burnin
42,8,0,9,metaweb,dolomites,burnin
15,8,0,9,metaweb,dolomites,burnin
17,8,0,9,metaweb,dolomites,burnin
20,8,0,9,metaweb,dolomites,burnin
29,8,0,9,metaweb,dolomites,burnin
7,8,0,9,metaweb,dolomites,burnin
2,8,0,9,metaweb,dolomites,burnin
23,8,0,9,metaweb,dolomites,burnin
18,8,0,9,metaweb,dolomites,burnin
9,8,0,9,metaweb,dolomites,burnin
10,8,0,9,metaweb,dolomites,burnin
22,8,0,9,metaweb,dolomites,burnin
26,8,0,9,metaweb,dolomites,burnin
3,8,0,9,metaweb,dolomites,burnin
30,8,0,9,metaweb,dolomites,burnin
48,8,0,9,metaweb,dolomites,burnin
41,8,0,9,metaweb,dolomites,burnin
25,8,0,9,metaweb,dolomites,burnin
33,0,40,9,metaweb,dolomites,burnin
39,0,40,9,metaweb,dolomites,burnin
47,8,0,9,metaweb,dolomites,burnin
14,8,0,9,metaweb,dolomites,burnin
44,8,0,9,metaweb,dolomites,burnin
1,8,0,9,metaweb,dolomites,burnin
19,8,0,9,metaweb,dolomites,burnin
46,8,0,9,metaweb,dolomites,burnin
4,8,0,9,metaweb,dolomites,burnin
11,8,0,9,metaweb,dolomites,burnin
36,0,40,9,metaweb,dolomites,burnin
17,4,4,9,niche,dolomites,burnin
20,0,9,9,niche,dolomites,burnin
29,0,4,9,niche,dolomites,burnin
7,16,1,9,niche,dolomites,burnin
2,4,0,9,niche,dolomites,burnin
23,0,6,9,niche,dolomites,burnin
12,4,5,9,niche,dolomites,burnin
18,2,7,9,niche,dolomites,burnin
13,11,5,9,niche,dolomites,burnin
9,9,4,9,niche,dolomites,burnin
24,1,4,9,niche,dolomites,burnin
10,8,4,9,niche,dolomites,burnin
22,2,6,9,niche,dolomites,burnin
26,1,4,9,niche,dolomites,burnin
3,13,0,9,niche,dolomites,burnin
5,0,1,9,niche,dolomites,burnin
30,0,4,9,niche,dolomites,burnin
31,0,1,9,niche,dolomites,burnin
28,1,4,9,niche,dolomites,burnin
8,0,3,9,niche,dolomites,burnin
25,2,4,9,niche,dolomites,burnin
27,2,4,9,niche,dolomites,burnin
21,0,8,9,niche,dolomites,burnin
14,3,5,9,niche,dolomites,burnin
6,11,1,9,niche,dolomites,burnin
1,8,0,9,niche,dolomites,burnin
19,1,7,9,niche,dolomites,burnin
16,4,3,9,niche,dolomites,burnin
4,3,1,9,niche,dolomites,burnin
15,4,5,9,niche,dolomites,burnin
11,4,4,9,niche,dolomites,burnin
34,0,33,9,down_rand,dolomites,burnin
43,7,0,9,down_rand,dolomites,burnin
40,0,30,9,down_rand,dolomites,burnin
12,5,0,9,down_rand,dolomites,burnin
13,6,0,9,down_rand,dolomites,burnin
24,6,0,9,down_rand,dolomites,burnin
5,7,0,9,down_rand,dolomites,burnin
31,7,0,9,down_rand,dolomites,burnin
38,0,30,9,down_rand,dolomites,burnin
45,5,0,9,down_rand,dolomites,burnin
28,8,0,9,down_rand,dolomites,burnin
37,0,29,9,down_rand,dolomites,burnin
8,5,0,9,down_rand,dolomites,burnin
35,0,32,9,down_rand,dolomites,burnin
27,5,0,9,down_rand,dolomites,burnin
21,4,0,9,down_rand,dolomites,burnin
6,6,0,9,down_rand,dolomites,burnin
32,7,0,9,down_rand,dolomites,burnin
16,3,0,9,down_rand,dolomites,burnin
42,6,0,9,down_rand,dolomites,burnin
15,5,0,9,down_rand,dolomites,burnin
17,4,0,9,down_rand,dolomites,burnin
20,5,0,9,down_rand,dolomites,burnin
29,7,0,9,down_rand,dolomites,burnin
7,5,0,9,down_rand,dolomites,burnin
2,8,0,9,down_rand,dolomites,burnin
23,4,0,9,down_rand,dolomites,burnin
18,5,0,9,down_rand,dolomites,burnin
9,6,0,9,down_rand,dolomites,burnin
10,8,0,9,down_rand,dolomites,burnin
22,6,0,9,down_rand,dolomites,burnin
26,5,0,9,down_rand,dolomites,burnin
3,7,0,9,down_rand,dolomites,burnin
30,7,0,9,down_rand,dolomites,burnin
48,7,0,9,down_rand,dolomites,burnin
41,7,0,9,down_rand,dolomites,burnin
25,7,0,9,down_rand,dolomites,burnin
33,0,29,9,down_rand,dolomites,burnin
39,0,27,9,down_rand,dolomites,burnin
47,6,0,9,down_rand,dolomites,burnin
14,7,0,9,down_rand,dolomites,burnin
44,7,0,9,down_rand,dolomites,burnin
1,5,0,9,down_rand,dolomites,burnin
19,4,0,9,down_rand,dolomites,burnin
46,5,0,9,down_rand,dolomites,burnin
4,5,0,9,down_rand,dolomites,burnin
11,7,0,9,down_rand,dolomites,burnin
36,0,26,9,down_rand,dolomites,burnin
34,0,30,9,down_link,dolomites,burnin
43,7,0,9,down_link,dolomites,burnin
40,0,29,9,down_link,dolomites,burnin
12,5,0,9,down_link,dolomites,burnin
13,5,0,9,down_link,dolomites,burnin
24,5,0,9,down_link,dolomites,burnin
5,6,0,9,down_link,dolomites,burnin
31,6,0,9,down_link,dolomites,burnin
38,0,26,9,down_link,dolomites,burnin
45,6,0,9,down_link,dolomites,burnin
28,6,0,9,down_link,dolomites,burnin
37,0,25,9,down_link,dolomites,burnin
8,6,0,9,down_link,dolomites,burnin
35,0,31,9,down_link,dolomites,burnin
27,4,0,9,down_link,dolomites,burnin
21,7,0,9,down_link,dolomites,burnin
6,4,0,9,down_link,dolomites,burnin
32,5,0,9,down_link,dolomites,burnin
16,6,0,9,down_link,dolomites,burnin
42,7,0,9,down_link,dolomites,burnin
15,4,0,9,down_link,dolomites,burnin
17,4,0,9,down_link,dolomites,burnin
20,4,0,9,down_link,dolomites,burnin
29,7,0,9,down_link,dolomites,burnin
7,6,0,9,down_link,dolomites,burnin
2,7,0,9,down_link,dolomites,burnin
23,7,0,9,down_link,dolomites,burnin
18,5,0,9,down_link,dolomites,burnin
9,6,0,9,down_link,dolomites,burnin
10,6,0,9,down_link,dolomites,burnin
22,4,0,9,down_link,dolomites,burnin
26,4,0,9,down_link,dolomites,burnin
3,7,0,9,down_link,dolomites,burnin
30,5,0,9,down_link,dolomites,burnin
48,5,0,9,down_link,dolomites,burnin
41,5,0,9,down_link,dolomites,burnin
25,6,0,9,down_link,dolomites,burnin
33,0,27,9,down_link,dolomites,burnin
39,0,30,9,down_link,dolomites,burnin
47,6,0,9,down_link,dolomites,burnin
14,5,0,9,down_link,dolomites,burnin
44,8,0,9,down_link,dolomites,burnin
1,7,0,9,down_link,dolomites,burnin
19,4,0,9,down_link,dolomites,burnin
46,6,0,9,down_link,dolomites,burnin
4,8,0,9,down_link,dolomites,burnin
11,5,0,9,down_link,dolomites,burnin
36,0,28,9,down_link,dolomites,burnin
34,7,1,9,down_niche,dolomites,burnin
43,0,37,9,down_niche,dolomites,burnin
40,0,11,9,down_niche,dolomites,burnin
12,7,0,9,down_niche,dolomites,burnin
13,7,1,9,down_niche,dolomites,burnin
24,7,1,9,down_niche,dolomites,burnin
49,7,1,9,down_niche,dolomites,burnin
5,6,1,9,down_niche,dolomites,burnin
31,7,1,9,down_niche,dolomites,burnin
38,0,38,9,down_niche,dolomites,burnin
45,8,1,9,down_niche,dolomites,burnin
28,6,1,9,down_niche,dolomites,burnin
37,0,37,9,down_niche,dolomites,burnin
8,7,1,9,down_niche,dolomites,burnin
35,8,0,9,down_niche,dolomites,burnin
27,6,0,9,down_niche,dolomites,burnin
21,7,2,9,down_niche,dolomites,burnin
6,7,0,9,down_niche,dolomites,burnin
32,6,0,9,down_niche,dolomites,burnin
16,6,1,9,down_niche,dolomites,burnin
42,0,38,9,down_niche,dolomites,burnin
15,7,1,9,down_niche,dolomites,burnin
17,7,1,9,down_niche,dolomites,burnin
20,7,0,9,down_niche,dolomites,burnin
29,7,2,9,down_niche,dolomites,burnin
7,7,2,9,down_niche,dolomites,burnin
2,13,1,9,down_niche,dolomites,burnin
23,7,1,9,down_niche,dolomites,burnin
18,7,1,9,down_niche,dolomites,burnin
9,7,0,9,down_niche,dolomites,burnin
10,7,1,9,down_niche,dolomites,burnin
22,6,0,9,down_niche,dolomites,burnin
26,6,1,9,down_niche,dolomites,burnin
3,6,0,9,down_niche,dolomites,burnin
30,7,1,9,down_niche,dolomites,burnin
52,5,1,9,down_niche,dolomites,burnin
48,7,1,9,down_niche,dolomites,burnin
51,7,1,9,down_niche,dolomites,burnin
41,0,37,9,down_niche,dolomites,burnin
25,7,1,9,down_niche,dolomites,burnin
33,7,2,9,down_niche,dolomites,burnin
39,0,37,9,down_niche,dolomites,burnin
47,8,1,9,down_niche,dolomites,burnin
14,7,2,9,down_niche,dolomites,burnin
44,0,38,9,down_niche,dolomites,burnin
1,7,1,9,down_niche,dolomites,burnin
19,7,0,9,down_niche,dolomites,burnin
46,7,1,9,down_niche,dolomites,burnin
50,7,1,9,down_niche,dolomites,burnin
4,7,0,9,down_niche,dolomites,burnin
11,7,0,9,down_niche,dolomites,burnin
36,9,0,9,down_niche,dolomites,burnin
34,7,1,9,down_niche_bodysize,dolomites,burnin
43,0,37,9,down_niche_bodysize,dolomites,burnin
40,0,11,9,down_niche_bodysize,dolomites,burnin
12,7,0,9,down_niche_bodysize,dolomites,burnin
13,7,1,9,down_niche_bodysize,dolomites,burnin
24,7,1,9,down_niche_bodysize,dolomites,burnin
49,7,1,9,down_niche_bodysize,dolomites,burnin
5,6,1,9,down_niche_bodysize,dolomites,burnin
31,7,1,9,down_niche_bodysize,dolomites,burnin
38,0,38,9,down_niche_bodysize,dolomites,burnin
45,8,1,9,down_niche_bodysize,dolomites,burnin
28,6,1,9,down_niche_bodysize,dolomites,burnin
37,0,37,9,down_niche_bodysize,dolomites,burnin
8,7,1,9,down_niche_bodysize,dolomites,burnin
35,8,0,9,down_niche_bodysize,dolomites,burnin
27,6,0,9,down_niche_bodysize,dolomites,burnin
21,7,2,9,down_niche_bodysize,dolomites,burnin
6,7,0,9,down_niche_bodysize,dolomites,burnin
32,6,0,9,down_niche_bodysize,dolomites,burnin
16,6,1,9,down_niche_bodysize,dolomites,burnin
42,0,38,9,down_niche_bodysize,dolomites,burnin
15,7,1,9,down_niche_bodysize,dolomites,burnin
17,7,1,9,down_niche_bodysize,dolomites,burnin
20,7,0,9,down_niche_bodysize,dolomites,burnin
29,7,2,9,down_niche_bodysize,dolomites,burnin
7,7,2,9,down_niche_bodysize,dolomites,burnin
2,13,1,9,down_niche_bodysize,dolomites,burnin
23,7,1,9,down_niche_bodysize,dolomites,burnin
18,7,1,9,down_niche_bodysize,dolomites,burnin
9,7,0,9,down_niche_bodysize,dolomites,burnin
10,7,1,9,down_niche_bodysize,dolomites,burnin
22,6,0,9,down_niche_bodysize,dolomites,burnin
26,6,1,9,down_niche_bodysize,dolomites,burnin
3,6,0,9,down_niche_bodysize,dolomites,burnin
30,7,1,9,down_niche_bodysize,dolomites,burnin
52,5,1,9,down_niche_bodysize,dolomites,burnin
48,7,1,9,down_niche_bodysize,dolomites,burnin
51,7,1,9,down_niche_bodysize,dolomites,burnin
41,0,37,9,down_niche_bodysize,dolomites,burnin
25,7,1,9,down_niche_bodysize,dolomites,burnin
33,7,2,9,down_niche_bodysize,dolomites,burnin
39,0,37,9,down_niche_bodysize,dolomites,burnin
47,8,1,9,down_niche_bodysize,dolomites,burnin
14,7,2,9,down_niche_bodysize,dolomites,burnin
44,0,38,9,down_niche_bodysize,dolomites,burnin
1,7,1,9,down_niche_bodysize,dolomites,burnin
19,7,0,9,down_niche_bodysize,dolomites,burnin
46,7,1,9,down_niche_bodysize,dolomites,burnin
50,7,1,9,down_niche_bodysize,dolomites,burnin
4,7,0,9,down_niche_bodysize,dolomites,burnin
11,7,0,9,down_niche_bodysize,dolomites,burnin
36,9,0,9,down_niche_bodysize,dolomites,burnin
17,0,8,9,atn,dolomites,burnin
20,0,11,9,atn,dolomites,burnin
29,6,4,9,atn,dolomites,burnin
7,6,0,9,atn,dolomites,burnin
2,6,1,9,atn,dolomites,burnin
23,0,4,9,atn,dolomites,burnin
12,9,0,9,atn,dolomites,burnin
18,0,13,9,atn,dolomites,burnin
13,6,6,9,atn,dolomites,burnin
9,6,3,9,atn,dolomites,burnin
24,0,8,9,atn,dolomites,burnin
10,6,4,9,atn,dolomites,burnin
22,0,4,9,atn,dolomites,burnin
26,2,12,9,atn,dolomites,burnin
3,6,1,9,atn,dolomites,burnin
5,11,0,9,atn,dolomites,burnin
28,6,6,9,atn,dolomites,burnin
8,6,4,9,atn,dolomites,burnin
25,0,13,9,atn,dolomites,burnin
27,4,11,9,atn,dolomites,burnin
21,0,6,9,atn,dolomites,burnin
14,6,1,9,atn,dolomites,burnin
6,11,0,9,atn,dolomites,burnin
1,14,0,9,atn,dolomites,burnin
19,0,12,9,atn,dolomites,burnin
16,0,4,9,atn,dolomites,burnin
4,10,0,9,atn,dolomites,burnin
15,9,0,9,atn,dolomites,burnin
11,8,2,9,atn,dolomites,burnin
56,7,0,10,down_power,dolomites,creation
34,6,7,10,down_power,dolomites,creation
43,26,7,10,down_power,dolomites,creation
40,5,2,10,down_power,dolomites,creation
12,6,7,10,down_power,dolomites,creation
13,8,2,10,down_power,dolomites,creation
24,7,2,10,down_power,dolomites,creation
49,0,39,10,down_power,dolomites,creation
5,30,3,10,down_power,dolomites,creation
31,5,8,10,down_power,dolomites,creation
38,7,7,10,down_power,dolomites,creation
45,0,37,10,down_power,dolomites,creation
28,5,7,10,down_power,dolomites,creation
37,8,7,10,down_power,dolomites,creation
8,6,1,10,down_power,dolomites,creation
35,8,7,10,down_power,dolomites,creation
27,8,8,10,down_power,dolomites,creation
21,7,7,10,down_power,dolomites,creation
6,27,6,10,down_power,dolomites,creation
32,8,0,10,down_power,dolomites,creation
16,6,6,10,down_power,dolomites,creation
57,7,1,10,down_power,dolomites,creation
42,35,6,10,down_power,dolomites,creation
15,8,3,10,down_power,dolomites,creation
17,8,5,10,down_power,dolomites,creation
20,7,7,10,down_power,dolomites,creation
29,5,6,10,down_power,dolomites,creation
7,16,7,10,down_power,dolomites,creation
2,16,1,10,down_power,dolomites,creation
23,8,2,10,down_power,dolomites,creation
18,4,7,10,down_power,dolomites,creation
9,6,1,10,down_power,dolomites,creation
55,8,0,10,down_power,dolomites,creation
53,8,1,10,down_power,dolomites,creation
10,7,7,10,down_power,dolomites,creation
22,8,1,10,down_power,dolomites,creation
26,6,8,10,down_power,dolomites,creation
3,9,1,10,down_power,dolomites,creation
30,8,2,10,down_power,dolomites,creation
52,7,1,10,down_power,dolomites,creation
48,0,34,10,down_power,dolomites,creation
54,4,1,10,down_power,dolomites,creation
51,0,37,10,down_power,dolomites,creation
41,35,7,10,down_power,dolomites,creation
25,5,8,10,down_power,dolomites,creation
33,7,6,10,down_power,dolomites,creation
58,7,0,10,down_power,dolomites,creation
39,8,5,10,down_power,dolomites,creation
47,0,37,10,down_power,dolomites,creation
14,6,0,10,down_power,dolomites,creation
44,0,40,10,down_power,dolomites,creation
1,10,8,10,down_power,dolomites,creation
19,8,7,10,down_power,dolomites,creation
46,0,34,10,down_power,dolomites,creation
50,0,38,10,down_power,dolomites,creation
59,8,1,10,down_power,dolomites,creation
4,30,3,10,down_power,dolomites,creation
11,7,8,10,down_power,dolomites,creation
36,5,0,10,down_power,dolomites,creation
56,8,1,10,metaweb,dolomites,creation
34,8,7,10,metaweb,dolomites,creation
43,28,7,10,metaweb,dolomites,creation
40,8,2,10,metaweb,dolomites,creation
12,8,8,10,metaweb,dolomites,creation
13,8,2,10,metaweb,dolomites,creation
24,8,2,10,metaweb,dolomites,creation
49,0,43,10,metaweb,dolomites,creation
5,31,4,10,metaweb,dolomites,creation
31,8,8,10,metaweb,dolomites,creation
38,8,7,10,metaweb,dolomites,creation
45,0,43,10,metaweb,dolomites,creation
28,8,7,10,metaweb,dolomites,creation
37,8,7,10,metaweb,dolomites,creation
8,8,1,10,metaweb,dolomites,creation
35,8,7,10,metaweb,dolomites,creation
27,8,8,10,metaweb,dolomites,creation
21,8,7,10,metaweb,dolomites,creation
6,27,7,10,metaweb,dolomites,creation
32,8,0,10,metaweb,dolomites,creation
16,8,7,10,metaweb,dolomites,creation
57,8,1,10,metaweb,dolomites,creation
42,35,7,10,metaweb,dolomites,creation
15,8,4,10,metaweb,dolomites,creation
17,8,7,10,metaweb,dolomites,creation
20,8,7,10,metaweb,dolomites,creation
29,8,7,10,metaweb,dolomites,creation
7,20,7,10,metaweb,dolomites,creation
2,18,2,10,metaweb,dolomites,creation
23,8,2,10,metaweb,dolomites,creation
18,8,7,10,metaweb,dolomites,creation
9,8,1,10,metaweb,dolomites,creation
55,8,1,10,metaweb,dolomites,creation
53,8,1,10,metaweb,dolomites,creation
10,8,8,10,metaweb,dolomites,creation
22,8,2,10,metaweb,dolomites,creation
26,8,8,10,metaweb,dolomites,creation
3,18,2,10,metaweb,dolomites,creation
30,8,2,10,metaweb,dolomites,creation
52,8,1,10,metaweb,dolomites,creation
48,0,43,10,metaweb,dolomites,creation
54,8,1,10,metaweb,dolomites,creation
51,0,43,10,metaweb,dolomites,creation
41,35,7,10,metaweb,dolomites,creation
25,8,8,10,metaweb,dolomites,creation
33,8,7,10,metaweb,dolomites,creation
58,8,1,10,metaweb,dolomites,creation
39,8,7,10,metaweb,dolomites,creation
47,0,43,10,metaweb,dolomites,creation
14,8,0,10,metaweb,dolomites,creation
44,0,43,10,metaweb,dolomites,creation
1,10,8,10,metaweb,dolomites,creation
19,8,7,10,metaweb,dolomites,creation
46,0,43,10,metaweb,dolomites,creation
50,0,43,10,metaweb,dolomites,creation
59,8,1,10,metaweb,dolomites,creation
4,31,4,10,metaweb,dolomites,creation
11,8,8,10,metaweb,dolomites,creation
36,8,2,10,metaweb,dolomites,creation
56,0,5,10,niche,dolomites,creation
34,0,10,10,niche,dolomites,creation
43,8,16,10,niche,dolomites,creation
40,0,15,10,niche,dolomites,creation
12,1,8,10,niche,dolomites,creation
13,27,8,10,niche,dolomites,creation
24,7,10,10,niche,dolomites,creation
49,4,13,10,niche,dolomites,creation
5,28,5,10,niche,dolomites,creation
31,9,8,10,niche,dolomites,creation
38,7,14,10,niche,dolomites,creation
45,4,12,10,niche,dolomites,creation
28,13,8,10,niche,dolomites,creation
37,3,14,10,niche,dolomites,creation
8,5,7,10,niche,dolomites,creation
35,10,11,10,niche,dolomites,creation
27,4,9,10,niche,dolomites,creation
21,7,10,10,niche,dolomites,creation
6,11,5,10,niche,dolomites,creation
32,4,9,10,niche,dolomites,creation
16,8,7,10,niche,dolomites,creation
57,3,4,10,niche,dolomites,creation
42,12,17,10,niche,dolomites,creation
15,6,7,10,niche,dolomites,creation
17,15,7,10,niche,dolomites,creation
20,28,10,10,niche,dolomites,creation
29,10,8,10,niche,dolomites,creation
7,27,7,10,niche,dolomites,creation
2,13,2,10,niche,dolomites,creation
23,12,10,10,niche,dolomites,creation
18,14,8,10,niche,dolomites,creation
9,17,7,10,niche,dolomites,creation
55,0,4,10,niche,dolomites,creation
53,5,3,10,niche,dolomites,creation
10,12,7,10,niche,dolomites,creation
22,12,10,10,niche,dolomites,creation
26,9,11,10,niche,dolomites,creation
3,19,4,10,niche,dolomites,creation
30,11,8,10,niche,dolomites,creation
52,0,5,10,niche,dolomites,creation
48,1,11,10,niche,dolomites,creation
54,2,2,10,niche,dolomites,creation
51,4,15,10,niche,dolomites,creation
41,2,17,10,niche,dolomites,creation
25,33,10,10,niche,dolomites,creation
33,2,9,10,niche,dolomites,creation
58,0,4,10,niche,dolomites,creation
39,3,15,10,niche,dolomites,creation
47,0,11,10,niche,dolomites,creation
14,18,7,10,niche,dolomites,creation
44,2,12,10,niche,dolomites,creation
1,13,2,10,niche,dolomites,creation
19,8,9,10,niche,dolomites,creation
46,2,12,10,niche,dolomites,creation
50,2,14,10,niche,dolomites,creation
59,0,2,10,niche,dolomites,creation
4,24,5,10,niche,dolomites,creation
11,11,7,10,niche,dolomites,creation
36,8,13,10,niche,dolomites,creation
56,8,1,10,down_rand,dolomites,creation
34,6,7,10,down_rand,dolomites,creation
43,26,5,10,down_rand,dolomites,creation
40,8,2,10,down_rand,dolomites,creation
12,8,8,10,down_rand,dolomites,creation
13,7,2,10,down_rand,dolomites,creation
24,8,2,10,down_rand,dolomites,creation
49,0,38,10,down_rand,dolomites,creation
5,29,3,10,down_rand,dolomites,creation
31,6,6,10,down_rand,dolomites,creation
38,6,7,10,down_rand,dolomites,creation
45,0,40,10,down_rand,dolomites,creation
28,7,7,10,down_rand,dolomites,creation
37,7,7,10,down_rand,dolomites,creation
8,7,1,10,down_rand,dolomites,creation
35,7,5,10,down_rand,dolomites,creation
27,6,7,10,down_rand,dolomites,creation
21,7,6,10,down_rand,dolomites,creation
6,23,7,10,down_rand,dolomites,creation
32,5,0,10,down_rand,dolomites,creation
16,6,4,10,down_rand,dolomites,creation
57,7,1,10,down_rand,dolomites,creation
42,31,7,10,down_rand,dolomites,creation
15,5,4,10,down_rand,dolomites,creation
17,8,7,10,down_rand,dolomites,creation
20,7,6,10,down_rand,dolomites,creation
29,7,5,10,down_rand,dolomites,creation
7,20,7,10,down_rand,dolomites,creation
2,14,2,10,down_rand,dolomites,creation
23,7,2,10,down_rand,dolomites,creation
18,6,6,10,down_rand,dolomites,creation
9,7,1,10,down_rand,dolomites,creation
55,7,1,10,down_rand,dolomites,creation
53,8,1,10,down_rand,dolomites,creation
10,7,8,10,down_rand,dolomites,creation
22,8,2,10,down_rand,dolomites,creation
26,8,7,10,down_rand,dolomites,creation
3,16,2,10,down_rand,dolomites,creation
30,7,2,10,down_rand,dolomites,creation
52,8,1,10,down_rand,dolomites,creation
48,0,34,10,down_rand,dolomites,creation
54,5,1,10,down_rand,dolomites,creation
51,0,39,10,down_rand,dolomites,creation
41,31,5,10,down_rand,dolomites,creation
25,8,7,10,down_rand,dolomites,creation
33,7,6,10,down_rand,dolomites,creation
58,7,1,10,down_rand,dolomites,creation
39,6,6,10,down_rand,dolomites,creation
47,0,39,10,down_rand,dolomites,creation
14,7,0,10,down_rand,dolomites,creation
44,0,38,10,down_rand,dolomites,creation
1,9,8,10,down_rand,dolomites,creation
19,7,6,10,down_rand,dolomites,creation
46,0,34,10,down_rand,dolomites,creation
50,0,38,10,down_rand,dolomites,creation
59,7,1,10,down_rand,dolomites,creation
4,27,2,10,down_rand,dolomites,creation
11,7,7,10,down_rand,dolomites,creation
36,8,2,10,down_rand,dolomites,creation
56,7,1,10,down_link,dolomites,creation
34,6,7,10,down_link,dolomites,creation
43,25,6,10,down_link,dolomites,creation
40,8,2,10,down_link,dolomites,creation
12,8,8,10,down_link,dolomites,creation
13,6,2,10,down_link,dolomites,creation
24,6,2,10,down_link,dolomites,creation
49,0,35,10,down_link,dolomites,creation
5,29,4,10,down_link,dolomites,creation
31,8,8,10,down_link,dolomites,creation
38,8,6,10,down_link,dolomites,creation
45,0,35,10,down_link,dolomites,creation
28,8,7,10,down_link,dolomites,creation
37,8,7,10,down_link,dolomites,creation
8,6,1,10,down_link,dolomites,creation
35,7,6,10,down_link,dolomites,creation
27,7,8,10,down_link,dolomites,creation
21,6,6,10,down_link,dolomites,creation
6,25,6,10,down_link,dolomites,creation
32,6,0,10,down_link,dolomites,creation
16,6,7,10,down_link,dolomites,creation
57,6,1,10,down_link,dolomites,creation
42,26,5,10,down_link,dolomites,creation
15,7,4,10,down_link,dolomites,creation
17,7,7,10,down_link,dolomites,creation
20,7,6,10,down_link,dolomites,creation
29,7,6,10,down_link,dolomites,creation
7,19,7,10,down_link,dolomites,creation
2,17,2,10,down_link,dolomites,creation
23,8,2,10,down_link,dolomites,creation
18,7,6,10,down_link,dolomites,creation
9,8,1,10,down_link,dolomites,creation
55,6,1,10,down_link,dolomites,creation
53,7,1,10,down_link,dolomites,creation
10,6,8,10,down_link,dolomites,creation
22,7,2,10,down_link,dolomites,creation
26,7,7,10,down_link,dolomites,creation
3,18,2,10,down_link,dolomites,creation
30,6,2,10,down_link,dolomites,creation
52,8,1,10,down_link,dolomites,creation
48,0,37,10,down_link,dolomites,creation
54,7,1,10,down_link,dolomites,creation
51,0,39,10,down_link,dolomites,creation
41,29,7,10,down_link,dolomites,creation
25,7,8,10,down_link,dolomites,creation
33,6,6,10,down_link,dolomites,creation
58,6,1,10,down_link,dolomites,creation
39,7,6,10,down_link,dolomites,creation
47,0,37,10,down_link,dolomites,creation
14,7,0,10,down_link,dolomites,creation
44,0,36,10,down_link,dolomites,creation
1,9,6,10,down_link,dolomites,creation
19,6,6,10,down_link,dolomites,creation
46,0,33,10,down_link,dolomites,creation
50,0,39,10,down_link,dolomites,creation
59,8,1,10,down_link,dolomites,creation
4,30,4,10,down_link,dolomites,creation
11,8,7,10,down_link,dolomites,creation
36,7,2,10,down_link,dolomites,creation
56,7,1,10,down_niche,dolomites,creation
34,8,5,10,down_niche,dolomites,creation
43,19,6,10,down_niche,dolomites,creation
40,8,1,10,down_niche,dolomites,creation
12,8,8,10,down_niche,dolomites,creation
13,7,2,10,down_niche,dolomites,creation
24,8,2,10,down_niche,dolomites,creation
49,0,41,10,down_niche,dolomites,creation
5,23,2,10,down_niche,dolomites,creation
31,8,7,10,down_niche,dolomites,creation
38,8,6,10,down_niche,dolomites,creation
45,0,43,10,down_niche,dolomites,creation
28,8,6,10,down_niche,dolomites,creation
37,8,5,10,down_niche,dolomites,creation
8,7,1,10,down_niche,dolomites,creation
35,8,7,10,down_niche,dolomites,creation
27,8,8,10,down_niche,dolomites,creation
21,8,5,10,down_niche,dolomites,creation
6,23,4,10,down_niche,dolomites,creation
32,7,0,10,down_niche,dolomites,creation
16,7,6,10,down_niche,dolomites,creation
57,7,1,10,down_niche,dolomites,creation
42,29,5,10,down_niche,dolomites,creation
15,8,4,10,down_niche,dolomites,creation
17,8,6,10,down_niche,dolomites,creation
20,7,7,10,down_niche,dolomites,creation
29,7,7,10,down_niche,dolomites,creation
7,18,4,10,down_niche,dolomites,creation
2,9,0,10,down_niche,dolomites,creation
23,7,2,10,down_niche,dolomites,creation
18,8,7,10,down_niche,dolomites,creation
9,8,1,10,down_niche,dolomites,creation
55,8,1,10,down_niche,dolomites,creation
53,7,1,10,down_niche,dolomites,creation
10,8,7,10,down_niche,dolomites,creation
22,8,1,10,down_niche,dolomites,creation
26,8,6,10,down_niche,dolomites,creation
3,15,2,10,down_niche,dolomites,creation
30,7,2,10,down_niche,dolomites,creation
52,8,1,10,down_niche,dolomites,creation
48,0,42,10,down_niche,dolomites,creation
54,7,1,10,down_niche,dolomites,creation
51,0,28,10,down_niche,dolomites,creation
41,28,6,10,down_niche,dolomites,creation
25,8,6,10,down_niche,dolomites,creation
33,7,5,10,down_niche,dolomites,creation
58,8,1,10,down_niche,dolomites,creation
39,8,6,10,down_niche,dolomites,creation
47,0,40,10,down_niche,dolomites,creation
14,8,0,10,down_niche,dolomites,creation
44,0,41,10,down_niche,dolomites,creation
1,9,4,10,down_niche,dolomites,creation
19,8,6,10,down_niche,dolomites,creation
46,0,41,10,down_niche,dolomites,creation
50,0,41,10,down_niche,dolomites,creation
59,8,1,10,down_niche,dolomites,creation
4,24,3,10,down_niche,dolomites,creation
11,8,7,10,down_niche,dolomites,creation
36,7,1,10,down_niche,dolomites,creation
56,7,1,10,down_niche_bodysize,dolomites,creation
34,8,5,10,down_niche_bodysize,dolomites,creation
43,19,6,10,down_niche_bodysize,dolomites,creation
40,8,1,10,down_niche_bodysize,dolomites,creation
12,8,8,10,down_niche_bodysize,dolomites,creation
13,7,2,10,down_niche_bodysize,dolomites,creation
24,8,2,10,down_niche_bodysize,dolomites,creation
49,0,41,10,down_niche_bodysize,dolomites,creation
5,23,2,10,down_niche_bodysize,dolomites,creation
31,8,7,10,down_niche_bodysize,dolomites,creation
38,8,6,10,down_niche_bodysize,dolomites,creation
45,0,43,10,down_niche_bodysize,dolomites,creation
28,8,6,10,down_niche_bodysize,dolomites,creation
37,8,5,10,down_niche_bodysize,dolomites,creation
8,7,1,10,down_niche_bodysize,dolomites,creation
35,8,7,10,down_niche_bodysize,dolomites,creation
27,8,8,10,down_niche_bodysize,dolomites,creation
21,8,5,10,down_niche_bodysize,dolomites,creation
6,23,4,10,down_niche_bodysize,dolomites,creation
32,7,0,10,down_niche_bodysize,dolomites,creation
16,7,6,10,down_niche_bodysize,dolomites,creation
57,7,1,10,down_niche_bodysize,dolomites,creation
42,29,5,10,down_niche_bodysize,dolomites,creation
15,8,4,10,down_niche_bodysize,dolomites,creation
17,8,6,10,down_niche_bodysize,dolomites,creation
20,7,7,10,down_niche_bodysize,dolomites,creation
29,7,7,10,down_niche_bodysize,dolomites,creation
7,18,4,10,down_niche_bodysize,dolomites,creation
2,9,0,10,down_niche_bodysize,dolomites,creation
23,7,2,10,down_niche_bodysize,dolomites,creation
18,8,7,10,down_niche_bodysize,dolomites,creation
9,8,1,10,down_niche_bodysize,dolomites,creation
55,8,1,10,down_niche_bodysize,dolomites,creation
53,7,1,10,down_niche_bodysize,dolomites,creation
10,8,7,10,down_niche_bodysize,dolomites,creation
22,8,1,10,down_niche_bodysize,dolomites,creation
26,8,6,10,down_niche_bodysize,dolomites,creation
3,15,2,10,down_niche_bodysize,dolomites,creation
30,7,2,10,down_niche_bodysize,dolomites,creation
52,8,1,10,down_niche_bodysize,dolomites,creation
48,0,42,10,down_niche_bodysize,dolomites,creation
54,7,1,10,down_niche_bodysize,dolomites,creation
51,0,28,10,down_niche_bodysize,dolomites,creation
41,28,6,10,down_niche_bodysize,dolomites,creation
25,8,6,10,down_niche_bodysize,dolomites,creation
33,7,5,10,down_niche_bodysize,dolomites,creation
58,8,1,10,down_niche_bodysize,dolomites,creation
39,8,6,10,down_niche_bodysize,dolomites,creation
47,0,40,10,down_niche_bodysize,dolomites,creation
14,8,0,10,down_niche_bodysize,dolomites,creation
44,0,41,10,down_niche_bodysize,dolomites,creation
1,9,4,10,down_niche_bodysize,dolomites,creation
19,8,6,10,down_niche_bodysize,dolomites,creation
46,0,41,10,down_niche_bodysize,dolomites,creation
50,0,41,10,down_niche_bodysize,dolomites,creation
59,8,1,10,down_niche_bodysize,dolomites,creation
4,24,3,10,down_niche_bodysize,dolomites,creation
11,8,7,10,down_niche_bodysize,dolomites,creation
36,7,1,10,down_niche_bodysize,dolomites,creation
56,6,43,10,atn,dolomites,creation
34,9,1,10,atn,dolomites,creation
43,12,0,10,atn,dolomites,creation
40,8,0,10,atn,dolomites,creation
12,8,0,10,atn,dolomites,creation
13,6,28,10,atn,dolomites,creation
24,8,18,10,atn,dolomites,creation
49,0,35,10,atn,dolomites,creation
5,14,0,10,atn,dolomites,creation
31,14,0,10,atn,dolomites,creation
38,6,5,10,atn,dolomites,creation
45,0,10,10,atn,dolomites,creation
28,17,0,10,atn,dolomites,creation
37,15,0,10,atn,dolomites,creation
8,14,0,10,atn,dolomites,creation
35,8,1,10,atn,dolomites,creation
27,12,0,10,atn,dolomites,creation
21,8,1,10,atn,dolomites,creation
6,14,0,10,atn,dolomites,creation
32,17,0,10,atn,dolomites,creation
16,14,0,10,atn,dolomites,creation
57,8,35,10,atn,dolomites,creation
42,15,0,10,atn,dolomites,creation
15,14,0,10,atn,dolomites,creation
17,14,0,10,atn,dolomites,creation
20,8,0,10,atn,dolomites,creation
29,8,4,10,atn,dolomites,creation
7,6,11,10,atn,dolomites,creation
2,24,0,10,atn,dolomites,creation
23,8,20,10,atn,dolomites,creation
18,13,0,10,atn,dolomites,creation
9,8,1,10,atn,dolomites,creation
55,4,38,10,atn,dolomites,creation
53,0,10,10,atn,dolomites,creation
10,16,0,10,atn,dolomites,creation
22,8,22,10,atn,dolomites,creation
26,8,1,10,atn,dolomites,creation
3,17,0,10,atn,dolomites,creation
30,6,26,10,atn,dolomites,creation
52,0,4,10,atn,dolomites,creation
48,0,43,10,atn,dolomites,creation
54,2,20,10,atn,dolomites,creation
51,0,1,10,atn,dolomites,creation
41,14,0,10,atn,dolomites,creation
25,14,0,10,atn,dolomites,creation
33,15,0,10,atn,dolomites,creation
58,8,22,10,atn,dolomites,creation
39,7,0,10,atn,dolomites,creation
47,0,38,10,atn,dolomites,creation
14,8,0,10,atn,dolomites,creation
44,0,4,10,atn,dolomites,creation
1,13,0,10,atn,dolomites,creation
19,8,5,10,atn,dolomites,creation
46,0,20,10,atn,dolomites,creation
50,0,22,10,atn,dolomites,creation
59,8,1,10,atn,dolomites,creation
4,14,0,10,atn,dolomites,creation
11,6,8,10,atn,dolomites,creation
36,8,22,10,atn,dolomites,creation
34,0,34,10,down_power,dolomites,burnin
43,4,0,10,down_power,dolomites,burnin
40,0,34,10,down_power,dolomites,burnin
12,8,0,10,down_power,dolomites,burnin
13,7,0,10,down_power,dolomites,burnin
24,5,0,10,down_power,dolomites,burnin
5,6,0,10,down_power,dolomites,burnin
31,7,0,10,down_power,dolomites,burnin
38,0,36,10,down_power,dolomites,burnin
45,7,0,10,down_power,dolomites,burnin
28,8,0,10,down_power,dolomites,burnin
37,0,31,10,down_power,dolomites,burnin
8,8,0,10,down_power,dolomites,burnin
35,0,31,10,down_power,dolomites,burnin
27,6,0,10,down_power,dolomites,burnin
21,5,0,10,down_power,dolomites,burnin
6,8,0,10,down_power,dolomites,burnin
32,8,0,10,down_power,dolomites,burnin
16,8,0,10,down_power,dolomites,burnin
42,8,0,10,down_power,dolomites,burnin
15,8,0,10,down_power,dolomites,burnin
17,7,0,10,down_power,dolomites,burnin
20,8,0,10,down_power,dolomites,burnin
29,5,0,10,down_power,dolomites,burnin
7,6,0,10,down_power,dolomites,burnin
2,6,0,10,down_power,dolomites,burnin
23,8,0,10,down_power,dolomites,burnin
18,5,0,10,down_power,dolomites,burnin
9,6,0,10,down_power,dolomites,burnin
10,8,0,10,down_power,dolomites,burnin
22,5,0,10,down_power,dolomites,burnin
26,7,0,10,down_power,dolomites,burnin
3,7,0,10,down_power,dolomites,burnin
30,8,0,10,down_power,dolomites,burnin
48,8,0,10,down_power,dolomites,burnin
41,7,0,10,down_power,dolomites,burnin
25,8,0,10,down_power,dolomites,burnin
33,0,37,10,down_power,dolomites,burnin
39,0,35,10,down_power,dolomites,burnin
47,7,0,10,down_power,dolomites,burnin
14,7,0,10,down_power,dolomites,burnin
44,8,0,10,down_power,dolomites,burnin
1,6,0,10,down_power,dolomites,burnin
19,6,0,10,down_power,dolomites,burnin
46,7,0,10,down_power,dolomites,burnin
4,7,0,10,down_power,dolomites,burnin
11,4,0,10,down_power,dolomites,burnin
36,0,34,10,down_power,dolomites,burnin
34,0,40,10,metaweb,dolomites,burnin
43,8,0,10,metaweb,dolomites,burnin
40,0,40,10,metaweb,dolomites,burnin
12,8,0,10,metaweb,dolomites,burnin
13,8,0,10,metaweb,dolomites,burnin
24,8,0,10,metaweb,dolomites,burnin
5,8,0,10,metaweb,dolomites,burnin
31,8,0,10,metaweb,dolomites,burnin
38,0,40,10,metaweb,dolomites,burnin
45,8,0,10,metaweb,dolomites,burnin
28,8,0,10,metaweb,dolomites,burnin
37,0,40,10,metaweb,dolomites,burnin
8,8,0,10,metaweb,dolomites,burnin
35,0,40,10,metaweb,dolomites,burnin
27,8,0,10,metaweb,dolomites,burnin
21,8,0,10,metaweb,dolomites,burnin
6,8,0,10,metaweb,dolomites,burnin
32,8,0,10,metaweb,dolomites,burnin
16,8,0,10,metaweb,dolomites,burnin
42,8,0,10,metaweb,dolomites,burnin
15,8,0,10,metaweb,dolomites,burnin
17,8,0,10,metaweb,dolomites,burnin
20,8,0,10,metaweb,dolomites,burnin
29,8,0,10,metaweb,dolomites,burnin
7,8,0,10,metaweb,dolomites,burnin
2,8,0,10,metaweb,dolomites,burnin
23,8,0,10,metaweb,dolomites,burnin
18,8,0,10,metaweb,dolomites,burnin
9,8,0,10,metaweb,dolomites,burnin
10,8,0,10,metaweb,dolomites,burnin
22,8,0,10,metaweb,dolomites,burnin
26,8,0,10,metaweb,dolomites,burnin
3,8,0,10,metaweb,dolomites,burnin
30,8,0,10,metaweb,dolomites,burnin
48,8,0,10,metaweb,dolomites,burnin
41,8,0,10,metaweb,dolomites,burnin
25,8,0,10,metaweb,dolomites,burnin
33,0,40,10,metaweb,dolomites,burnin
39,0,40,10,metaweb,dolomites,burnin
47,8,0,10,metaweb,dolomites,burnin
14,8,0,10,metaweb,dolomites,burnin
44,8,0,10,metaweb,dolomites,burnin
1,8,0,10,metaweb,dolomites,burnin
19,8,0,10,metaweb,dolomites,burnin
46,8,0,10,metaweb,dolomites,burnin
4,8,0,10,metaweb,dolomites,burnin
11,8,0,10,metaweb,dolomites,burnin
36,0,40,10,metaweb,dolomites,burnin
17,3,9,10,niche,dolomites,burnin
20,10,11,10,niche,dolomites,burnin
29,4,13,10,niche,dolomites,burnin
34,0,5,10,niche,dolomites,burnin
7,13,1,10,niche,dolomites,burnin
2,18,2,10,niche,dolomites,burnin
23,4,10,10,niche,dolomites,burnin
12,7,0,10,niche,dolomites,burnin
18,5,9,10,niche,dolomites,burnin
13,4,1,10,niche,dolomites,burnin
9,6,1,10,niche,dolomites,burnin
24,2,10,10,niche,dolomites,burnin
10,7,1,10,niche,dolomites,burnin
22,2,10,10,niche,dolomites,burnin
26,1,10,10,niche,dolomites,burnin
3,10,2,10,niche,dolomites,burnin
5,10,2,10,niche,dolomites,burnin
30,0,5,10,niche,dolomites,burnin
31,5,3,10,niche,dolomites,burnin
28,2,12,10,niche,dolomites,burnin
37,0,2,10,niche,dolomites,burnin
8,6,1,10,niche,dolomites,burnin
35,3,4,10,niche,dolomites,burnin
25,0,9,10,niche,dolomites,burnin
33,0,4,10,niche,dolomites,burnin
27,4,12,10,niche,dolomites,burnin
21,8,10,10,niche,dolomites,burnin
14,0,3,10,niche,dolomites,burnin
6,16,1,10,niche,dolomites,burnin
1,5,2,10,niche,dolomites,burnin
19,0,9,10,niche,dolomites,burnin
32,2,2,10,niche,dolomites,burnin
16,8,6,10,niche,dolomites,burnin
4,10,2,10,niche,dolomites,burnin
15,9,4,10,niche,dolomites,burnin
11,8,0,10,niche,dolomites,burnin
36,0,4,10,niche,dolomites,burnin
34,0,35,10,down_rand,dolomites,burnin
43,8,1,10,down_rand,dolomites,burnin
40,0,35,10,down_rand,dolomites,burnin
12,7,0,10,down_rand,dolomites,burnin
13,7,0,10,down_rand,dolomites,burnin
24,6,0,10,down_rand,dolomites,burnin
49,7,1,10,down_rand,dolomites,burnin
5,8,0,10,down_rand,dolomites,burnin
31,6,0,10,down_rand,dolomites,burnin
38,0,31,10,down_rand,dolomites,burnin
45,7,1,10,down_rand,dolomites,burnin
28,7,0,10,down_rand,dolomites,burnin
37,0,36,10,down_rand,dolomites,burnin
8,5,0,10,down_rand,dolomites,burnin
35,0,38,10,down_rand,dolomites,burnin
27,6,0,10,down_rand,dolomites,burnin
21,7,0,10,down_rand,dolomites,burnin
6,7,0,10,down_rand,dolomites,burnin
32,6,0,10,down_rand,dolomites,burnin
16,7,0,10,down_rand,dolomites,burnin
42,8,1,10,down_rand,dolomites,burnin
15,8,0,10,down_rand,dolomites,burnin
17,8,0,10,down_rand,dolomites,burnin
20,6,0,10,down_rand,dolomites,burnin
29,8,0,10,down_rand,dolomites,burnin
7,7,0,10,down_rand,dolomites,burnin
2,7,0,10,down_rand,dolomites,burnin
23,7,0,10,down_rand,dolomites,burnin
18,8,0,10,down_rand,dolomites,burnin
9,6,0,10,down_rand,dolomites,burnin
10,8,0,10,down_rand,dolomites,burnin
22,7,0,10,down_rand,dolomites,burnin
26,7,0,10,down_rand,dolomites,burnin
3,7,0,10,down_rand,dolomites,burnin
30,7,0,10,down_rand,dolomites,burnin
48,7,1,10,down_rand,dolomites,burnin
41,0,36,10,down_rand,dolomites,burnin
25,5,0,10,down_rand,dolomites,burnin
33,8,0,10,down_rand,dolomites,burnin
39,0,35,10,down_rand,dolomites,burnin
47,7,1,10,down_rand,dolomites,burnin
14,7,0,10,down_rand,dolomites,burnin
44,5,1,10,down_rand,dolomites,burnin
1,7,0,10,down_rand,dolomites,burnin
19,8,0,10,down_rand,dolomites,burnin
46,8,1,10,down_rand,dolomites,burnin
4,7,0,10,down_rand,dolomites,burnin
11,6,0,10,down_rand,dolomites,burnin
36,0,31,10,down_rand,dolomites,burnin
34,0,33,10,down_link,dolomites,burnin
43,7,0,10,down_link,dolomites,burnin
40,0,36,10,down_link,dolomites,burnin
12,6,0,10,down_link,dolomites,burnin
13,7,0,10,down_link,dolomites,burnin
24,8,0,10,down_link,dolomites,burnin
5,8,0,10,down_link,dolomites,burnin
31,8,0,10,down_link,dolomites,burnin
38,0,34,10,down_link,dolomites,burnin
45,7,0,10,down_link,dolomites,burnin
28,7,0,10,down_link,dolomites,burnin
37,0,35,10,down_link,dolomites,burnin
8,7,0,10,down_link,dolomites,burnin
35,0,31,10,down_link,dolomites,burnin
27,6,0,10,down_link,dolomites,burnin
21,8,0,10,down_link,dolomites,burnin
6,6,0,10,down_link,dolomites,burnin
32,7,0,10,down_link,dolomites,burnin
16,8,0,10,down_link,dolomites,burnin
42,7,0,10,down_link,dolomites,burnin
15,7,0,10,down_link,dolomites,burnin
17,6,0,10,down_link,dolomites,burnin
20,7,0,10,down_link,dolomites,burnin
29,7,0,10,down_link,dolomites,burnin
7,7,0,10,down_link,dolomites,burnin
2,8,0,10,down_link,dolomites,burnin
23,6,0,10,down_link,dolomites,burnin
18,7,0,10,down_link,dolomites,burnin
9,6,0,10,down_link,dolomites,burnin
10,7,0,10,down_link,dolomites,burnin
22,7,0,10,down_link,dolomites,burnin
26,6,0,10,down_link,dolomites,burnin
3,6,0,10,down_link,dolomites,burnin
30,8,0,10,down_link,dolomites,burnin
48,8,0,10,down_link,dolomites,burnin
41,8,0,10,down_link,dolomites,burnin
25,6,0,10,down_link,dolomites,burnin
33,0,35,10,down_link,dolomites,burnin
39,0,37,10,down_link,dolomites,burnin
47,6,0,10,down_link,dolomites,burnin
14,6,0,10,down_link,dolomites,burnin
44,6,0,10,down_link,dolomites,burnin
1,6,0,10,down_link,dolomites,burnin
19,7,0,10,down_link,dolomites,burnin
46,6,0,10,down_link,dolomites,burnin
4,8,0,10,down_link,dolomites,burnin
11,7,0,10,down_link,dolomites,burnin
36,0,35,10,down_link,dolomites,burnin
34,8,2,10,down_niche,dolomites,burnin
43,0,28,10,down_niche,dolomites,burnin
40,0,40,10,down_niche,dolomites,burnin
12,8,0,10,down_niche,dolomites,burnin
13,8,0,10,down_niche,dolomites,burnin
24,7,2,10,down_niche,dolomites,burnin
49,7,0,10,down_niche,dolomites,burnin
5,8,1,10,down_niche,dolomites,burnin
31,7,1,10,down_niche,dolomites,burnin
38,0,40,10,down_niche,dolomites,burnin
45,7,0,10,down_niche,dolomites,burnin
28,7,0,10,down_niche,dolomites,burnin
37,0,41,10,down_niche,dolomites,burnin
8,7,2,10,down_niche,dolomites,burnin
35,19,2,10,down_niche,dolomites,burnin
27,7,0,10,down_niche,dolomites,burnin
21,8,3,10,down_niche,dolomites,burnin
6,8,3,10,down_niche,dolomites,burnin
32,8,0,10,down_niche,dolomites,burnin
16,8,0,10,down_niche,dolomites,burnin
42,0,40,10,down_niche,dolomites,burnin
15,7,2,10,down_niche,dolomites,burnin
17,8,1,10,down_niche,dolomites,burnin
20,8,1,10,down_niche,dolomites,burnin
29,8,1,10,down_niche,dolomites,burnin
7,8,3,10,down_niche,dolomites,burnin
2,18,2,10,down_niche,dolomites,burnin
23,8,0,10,down_niche,dolomites,burnin
18,7,2,10,down_niche,dolomites,burnin
9,8,0,10,down_niche,dolomites,burnin
10,8,0,10,down_niche,dolomites,burnin
22,8,3,10,down_niche,dolomites,burnin
26,8,1,10,down_niche,dolomites,burnin
3,7,1,10,down_niche,dolomites,burnin
30,8,2,10,down_niche,dolomites,burnin
48,7,0,10,down_niche,dolomites,burnin
51,8,0,10,down_niche,dolomites,burnin
41,0,40,10,down_niche,dolomites,burnin
25,7,2,10,down_niche,dolomites,burnin
33,8,2,10,down_niche,dolomites,burnin
39,0,40,10,down_niche,dolomites,burnin
47,8,0,10,down_niche,dolomites,burnin
14,8,1,10,down_niche,dolomites,burnin
44,8,0,10,down_niche,dolomites,burnin
1,9,0,10,down_niche,dolomites,burnin
19,8,2,10,down_niche,dolomites,burnin
46,7,0,10,down_niche,dolomites,burnin
50,8,0,10,down_niche,dolomites,burnin
4,8,1,10,down_niche,dolomites,burnin
11,7,0,10,down_niche,dolomites,burnin
36,0,40,10,down_niche,dolomites,burnin
34,8,2,10,down_niche_bodysize,dolomites,burnin
43,0,28,10,down_niche_bodysize,dolomites,burnin
40,0,40,10,down_niche_bodysize,dolomites,burnin
12,8,0,10,down_niche_bodysize,dolomites,burnin
13,8,0,10,down_niche_bodysize,dolomites,burnin
24,7,2,10,down_niche_bodysize,dolomites,burnin
49,7,0,10,down_niche_bodysize,dolomites,burnin
5,8,1,10,down_niche_bodysize,dolomites,burnin
31,7,1,10,down_niche_bodysize,dolomites,burnin
38,0,40,10,down_niche_bodysize,dolomites,burnin
45,7,0,10,down_niche_bodysize,dolomites,burnin
28,7,0,10,down_niche_bodysize,dolomites,burnin
37,0,41,10,down_niche_bodysize,dolomites,burnin
8,7,2,10,down_niche_bodysize,dolomites,burnin
35,19,2,10,down_niche_bodysize,dolomites,burnin
27,7,0,10,down_niche_bodysize,dolomites,burnin
21,8,3,10,down_niche_bodysize,dolomites,burnin
6,8,3,10,down_niche_bodysize,dolomites,burnin
32,8,0,10,down_niche_bodysize,dolomites,burnin
16,8,0,10,down_niche_bodysize,dolomites,burnin
42,0,40,10,down_niche_bodysize,dolomites,burnin
15,7,2,10,down_niche_bodysize,dolomites,burnin
17,8,1,10,down_niche_bodysize,dolomites,burnin
20,8,1,10,down_niche_bodysize,dolomites,burnin
29,8,1,10,down_niche_bodysize,dolomites,burnin
7,8,3,10,down_niche_bodysize,dolomites,burnin
2,18,2,10,down_niche_bodysize,dolomites,burnin
23,8,0,10,down_niche_bodysize,dolomites,burnin
18,7,2,10,down_niche_bodysize,dolomites,burnin
9,8,0,10,down_niche_bodysize,dolomites,burnin
10,8,0,10,down_niche_bodysize,dolomites,burnin
22,8,3,10,down_niche_bodysize,dolomites,burnin
26,8,1,10,down_niche_bodysize,dolomites,burnin
3,7,1,10,down_niche_bodysize,dolomites,burnin
30,8,2,10,down_niche_bodysize,dolomites,burnin
48,7,0,10,down_niche_bodysize,dolomites,burnin
51,8,0,10,down_niche_bodysize,dolomites,burnin
41,0,40,10,down_niche_bodysize,dolomites,burnin
25,7,2,10,down_niche_bodysize,dolomites,burnin
33,8,2,10,down_niche_bodysize,dolomites,burnin
39,0,40,10,down_niche_bodysize,dolomites,burnin
47,8,0,10,down_niche_bodysize,dolomites,burnin
14,8,1,10,down_niche_bodysize,dolomites,burnin
44,8,0,10,down_niche_bodysize,dolomites,burnin
1,9,0,10,down_niche_bodysize,dolomites,burnin
19,8,2,10,down_niche_bodysize,dolomites,burnin
46,7,0,10,down_niche_bodysize,dolomites,burnin
50,8,0,10,down_niche_bodysize,dolomites,burnin
4,8,1,10,down_niche_bodysize,dolomites,burnin
11,7,0,10,down_niche_bodysize,dolomites,burnin
36,0,40,10,down_niche_bodysize,dolomites,burnin
56,6,43,10,atn,dolomites,burnin
34,9,1,10,atn,dolomites,burnin
43,12,0,10,atn,dolomites,burnin
40,8,0,10,atn,dolomites,burnin
12,8,0,10,atn,dolomites,burnin
13,6,28,10,atn,dolomites,burnin
24,8,18,10,atn,dolomites,burnin
49,0,35,10,atn,dolomites,burnin
5,14,0,10,atn,dolomites,burnin
31,14,0,10,atn,dolomites,burnin
38,6,5,10,atn,dolomites,burnin
45,0,10,10,atn,dolomites,burnin
28,17,0,10,atn,dolomites,burnin
37,15,0,10,atn,dolomites,burnin
8,14,0,10,atn,dolomites,burnin
35,8,1,10,atn,dolomites,burnin
27,12,0,10,atn,dolomites,burnin
21,8,1,10,atn,dolomites,burnin
6,14,0,10,atn,dolomites,burnin
32,17,0,10,atn,dolomites,burnin
16,14,0,10,atn,dolomites,burnin
57,8,35,10,atn,dolomites,burnin
42,15,0,10,atn,dolomites,burnin
15,14,0,10,atn,dolomites,burnin
17,14,0,10,atn,dolomites,burnin
20,8,0,10,atn,dolomites,burnin
29,8,4,10,atn,dolomites,burnin
7,6,11,10,atn,dolomites,burnin
2,24,0,10,atn,dolomites,burnin
23,8,20,10,atn,dolomites,burnin
18,13,0,10,atn,dolomites,burnin
9,8,1,10,atn,dolomites,burnin
55,4,38,10,atn,dolomites,burnin
53,0,10,10,atn,dolomites,burnin
10,16,0,10,atn,dolomites,burnin
22,8,22,10,atn,dolomites,burnin
26,8,1,10,atn,dolomites,burnin
3,17,0,10,atn,dolomites,burnin
30,6,26,10,atn,dolomites,burnin
52,0,4,10,atn,dolomites,burnin
48,0,43,10,atn,dolomites,burnin
54,2,20,10,atn,dolomites,burnin
51,0,1,10,atn,dolomites,burnin
41,14,0,10,atn,dolomites,burnin
25,14,0,10,atn,dolomites,burnin
33,15,0,10,atn,dolomites,burnin
58,8,22,10,atn,dolomites,burnin
39,7,0,10,atn,dolomites,burnin
47,0,38,10,atn,dolomites,burnin
14,8,0,10,atn,dolomites,burnin
44,0,4,10,atn,dolomites,burnin
1,13,0,10,atn,dolomites,burnin
19,8,5,10,atn,dolomites,burnin
46,0,20,10,atn,dolomites,burnin
50,0,22,10,atn,dolomites,burnin
59,8,1,10,atn,dolomites,burnin
4,14,0,10,atn,dolomites,burnin
11,6,8,10,atn,dolomites,burnin
36,8,22,10,atn,dolomites,burnin
56,4,1,11,down_power,dolomites,creation
34,4,5,11,down_power,dolomites,creation
43,21,7,11,down_power,dolomites,creation
40,3,2,11,down_power,dolomites,creation
12,7,7,11,down_power,dolomites,creation
13,5,2,11,down_power,dolomites,creation
24,7,2,11,down_power,dolomites,creation
49,0,27,11,down_power,dolomites,creation
5,26,2,11,down_power,dolomites,creation
31,8,6,11,down_power,dolomites,creation
38,6,6,11,down_power,dolomites,creation
45,0,27,11,down_power,dolomites,creation
28,3,7,11,down_power,dolomites,creation
37,4,7,11,down_power,dolomites,creation
8,5,1,11,down_power,dolomites,creation
35,4,5,11,down_power,dolomites,creation
27,5,6,11,down_power,dolomites,creation
21,3,6,11,down_power,dolomites,creation
6,20,4,11,down_power,dolomites,creation
32,4,0,11,down_power,dolomites,creation
16,2,7,11,down_power,dolomites,creation
57,6,0,11,down_power,dolomites,creation
42,35,5,11,down_power,dolomites,creation
15,3,3,11,down_power,dolomites,creation
17,6,5,11,down_power,dolomites,creation
20,6,7,11,down_power,dolomites,creation
29,4,6,11,down_power,dolomites,creation
7,14,5,11,down_power,dolomites,creation
2,11,0,11,down_power,dolomites,creation
23,5,1,11,down_power,dolomites,creation
18,4,7,11,down_power,dolomites,creation
9,6,1,11,down_power,dolomites,creation
55,4,0,11,down_power,dolomites,creation
53,4,0,11,down_power,dolomites,creation
10,4,3,11,down_power,dolomites,creation
22,4,2,11,down_power,dolomites,creation
26,7,8,11,down_power,dolomites,creation
3,10,1,11,down_power,dolomites,creation
30,4,2,11,down_power,dolomites,creation
52,6,0,11,down_power,dolomites,creation
48,0,24,11,down_power,dolomites,creation
54,6,0,11,down_power,dolomites,creation
51,0,32,11,down_power,dolomites,creation
41,35,7,11,down_power,dolomites,creation
25,4,7,11,down_power,dolomites,creation
33,6,5,11,down_power,dolomites,creation
58,3,1,11,down_power,dolomites,creation
39,4,7,11,down_power,dolomites,creation
47,0,22,11,down_power,dolomites,creation
14,3,0,11,down_power,dolomites,creation
44,0,22,11,down_power,dolomites,creation
1,7,6,11,down_power,dolomites,creation
19,8,6,11,down_power,dolomites,creation
46,0,28,11,down_power,dolomites,creation
50,0,31,11,down_power,dolomites,creation
59,5,1,11,down_power,dolomites,creation
4,28,4,11,down_power,dolomites,creation
11,5,6,11,down_power,dolomites,creation
36,5,1,11,down_power,dolomites,creation
56,8,1,11,metaweb,dolomites,creation
34,8,7,11,metaweb,dolomites,creation
43,28,7,11,metaweb,dolomites,creation
40,8,2,11,metaweb,dolomites,creation
12,8,8,11,metaweb,dolomites,creation
13,8,2,11,metaweb,dolomites,creation
24,8,2,11,metaweb,dolomites,creation
49,0,43,11,metaweb,dolomites,creation
5,31,4,11,metaweb,dolomites,creation
31,8,8,11,metaweb,dolomites,creation
38,8,7,11,metaweb,dolomites,creation
45,0,43,11,metaweb,dolomites,creation
28,8,7,11,metaweb,dolomites,creation
37,8,7,11,metaweb,dolomites,creation
8,8,1,11,metaweb,dolomites,creation
35,8,7,11,metaweb,dolomites,creation
27,8,8,11,metaweb,dolomites,creation
21,8,7,11,metaweb,dolomites,creation
6,27,7,11,metaweb,dolomites,creation
32,8,0,11,metaweb,dolomites,creation
16,8,7,11,metaweb,dolomites,creation
57,8,1,11,metaweb,dolomites,creation
42,35,7,11,metaweb,dolomites,creation
15,8,4,11,metaweb,dolomites,creation
17,8,7,11,metaweb,dolomites,creation
20,8,7,11,metaweb,dolomites,creation
29,8,7,11,metaweb,dolomites,creation
7,20,7,11,metaweb,dolomites,creation
2,18,2,11,metaweb,dolomites,creation
23,8,2,11,metaweb,dolomites,creation
18,8,7,11,metaweb,dolomites,creation
9,8,1,11,metaweb,dolomites,creation
55,8,1,11,metaweb,dolomites,creation
53,8,1,11,metaweb,dolomites,creation
10,8,8,11,metaweb,dolomites,creation
22,8,2,11,metaweb,dolomites,creation
26,8,8,11,metaweb,dolomites,creation
3,18,2,11,metaweb,dolomites,creation
30,8,2,11,metaweb,dolomites,creation
52,8,1,11,metaweb,dolomites,creation
48,0,43,11,metaweb,dolomites,creation
54,8,1,11,metaweb,dolomites,creation
51,0,43,11,metaweb,dolomites,creation
41,35,7,11,metaweb,dolomites,creation
25,8,8,11,metaweb,dolomites,creation
33,8,7,11,metaweb,dolomites,creation
58,8,1,11,metaweb,dolomites,creation
39,8,7,11,metaweb,dolomites,creation
47,0,43,11,metaweb,dolomites,creation
14,8,0,11,metaweb,dolomites,creation
44,0,43,11,metaweb,dolomites,creation
1,10,8,11,metaweb,dolomites,creation
19,8,7,11,metaweb,dolomites,creation
46,0,43,11,metaweb,dolomites,creation
50,0,43,11,metaweb,dolomites,creation
59,8,1,11,metaweb,dolomites,creation
4,31,4,11,metaweb,dolomites,creation
11,8,8,11,metaweb,dolomites,creation
36,8,2,11,metaweb,dolomites,creation
56,0,10,11,niche,dolomites,creation
34,17,7,11,niche,dolomites,creation
43,1,9,11,niche,dolomites,creation
40,7,10,11,niche,dolomites,creation
12,2,3,11,niche,dolomites,creation
13,6,3,11,niche,dolomites,creation
24,0,5,11,niche,dolomites,creation
49,3,11,11,niche,dolomites,creation
5,9,3,11,niche,dolomites,creation
31,0,7,11,niche,dolomites,creation
38,3,6,11,niche,dolomites,creation
45,0,11,11,niche,dolomites,creation
28,4,8,11,niche,dolomites,creation
37,16,6,11,niche,dolomites,creation
8,0,3,11,niche,dolomites,creation
35,16,8,11,niche,dolomites,creation
27,8,7,11,niche,dolomites,creation
21,0,4,11,niche,dolomites,creation
6,3,3,11,niche,dolomites,creation
32,10,7,11,niche,dolomites,creation
16,6,4,11,niche,dolomites,creation
57,1,6,11,niche,dolomites,creation
42,6,10,11,niche,dolomites,creation
15,7,4,11,niche,dolomites,creation
17,20,4,11,niche,dolomites,creation
20,6,4,11,niche,dolomites,creation
29,2,8,11,niche,dolomites,creation
7,10,3,11,niche,dolomites,creation
2,28,1,11,niche,dolomites,creation
23,0,5,11,niche,dolomites,creation
18,4,4,11,niche,dolomites,creation
9,4,3,11,niche,dolomites,creation
55,3,11,11,niche,dolomites,creation
53,3,13,11,niche,dolomites,creation
10,7,3,11,niche,dolomites,creation
22,12,4,11,niche,dolomites,creation
26,2,6,11,niche,dolomites,creation
3,6,2,11,niche,dolomites,creation
30,16,8,11,niche,dolomites,creation
52,0,12,11,niche,dolomites,creation
48,1,11,11,niche,dolomites,creation
54,3,11,11,niche,dolomites,creation
51,0,12,11,niche,dolomites,creation
41,2,10,11,niche,dolomites,creation
25,3,4,11,niche,dolomites,creation
33,9,7,11,niche,dolomites,creation
58,0,2,11,niche,dolomites,creation
39,2,9,11,niche,dolomites,creation
47,3,12,11,niche,dolomites,creation
14,2,4,11,niche,dolomites,creation
44,4,11,11,niche,dolomites,creation
1,10,1,11,niche,dolomites,creation
19,19,4,11,niche,dolomites,creation
46,4,11,11,niche,dolomites,creation
50,2,11,11,niche,dolomites,creation
59,0,2,11,niche,dolomites,creation
4,36,3,11,niche,dolomites,creation
11,26,3,11,niche,dolomites,creation
36,6,6,11,niche,dolomites,creation
56,4,1,11,down_rand,dolomites,creation
34,5,4,11,down_rand,dolomites,creation
43,19,4,11,down_rand,dolomites,creation
40,6,2,11,down_rand,dolomites,creation
12,6,6,11,down_rand,dolomites,creation
13,8,0,11,down_rand,dolomites,creation
24,6,2,11,down_rand,dolomites,creation
49,0,27,11,down_rand,dolomites,creation
5,19,3,11,down_rand,dolomites,creation
31,5,5,11,down_rand,dolomites,creation
38,5,2,11,down_rand,dolomites,creation
45,0,32,11,down_rand,dolomites,creation
28,5,7,11,down_rand,dolomites,creation
37,7,5,11,down_rand,dolomites,creation
8,5,1,11,down_rand,dolomites,creation
35,7,3,11,down_rand,dolomites,creation
27,6,4,11,down_rand,dolomites,creation
21,6,6,11,down_rand,dolomites,creation
6,17,5,11,down_rand,dolomites,creation
32,6,0,11,down_rand,dolomites,creation
16,6,4,11,down_rand,dolomites,creation
57,7,1,11,down_rand,dolomites,creation
42,24,7,11,down_rand,dolomites,creation
15,6,4,11,down_rand,dolomites,creation
17,2,7,11,down_rand,dolomites,creation
20,6,4,11,down_rand,dolomites,creation
29,4,5,11,down_rand,dolomites,creation
7,14,5,11,down_rand,dolomites,creation
2,15,2,11,down_rand,dolomites,creation
23,4,2,11,down_rand,dolomites,creation
18,6,6,11,down_rand,dolomites,creation
9,6,1,11,down_rand,dolomites,creation
55,6,1,11,down_rand,dolomites,creation
53,3,1,11,down_rand,dolomites,creation
10,7,6,11,down_rand,dolomites,creation
22,5,2,11,down_rand,dolomites,creation
26,5,3,11,down_rand,dolomites,creation
3,13,0,11,down_rand,dolomites,creation
30,6,1,11,down_rand,dolomites,creation
52,8,0,11,down_rand,dolomites,creation
48,0,28,11,down_rand,dolomites,creation
54,7,0,11,down_rand,dolomites,creation
51,0,27,11,down_rand,dolomites,creation
41,24,5,11,down_rand,dolomites,creation
25,4,5,11,down_rand,dolomites,creation
33,7,4,11,down_rand,dolomites,creation
58,6,1,11,down_rand,dolomites,creation
39,5,3,11,down_rand,dolomites,creation
47,0,34,11,down_rand,dolomites,creation
14,6,0,11,down_rand,dolomites,creation
44,0,31,11,down_rand,dolomites,creation
1,5,5,11,down_rand,dolomites,creation
19,6,4,11,down_rand,dolomites,creation
46,0,32,11,down_rand,dolomites,creation
50,0,33,11,down_rand,dolomites,creation
59,6,1,11,down_rand,dolomites,creation
4,19,2,11,down_rand,dolomites,creation
11,7,5,11,down_rand,dolomites,creation
36,6,2,11,down_rand,dolomites,creation
56,4,1,11,down_link,dolomites,creation
34,4,6,11,down_link,dolomites,creation
43,16,5,11,down_link,dolomites,creation
40,8,2,11,down_link,dolomites,creation
12,5,6,11,down_link,dolomites,creation
13,6,0,11,down_link,dolomites,creation
24,6,2,11,down_link,dolomites,creation
49,0,29,11,down_link,dolomites,creation
5,23,4,11,down_link,dolomites,creation
31,5,7,11,down_link,dolomites,creation
38,7,5,11,down_link,dolomites,creation
45,0,28,11,down_link,dolomites,creation
28,6,5,11,down_link,dolomites,creation
37,6,6,11,down_link,dolomites,creation
8,7,1,11,down_link,dolomites,creation
35,5,6,11,down_link,dolomites,creation
27,6,5,11,down_link,dolomites,creation
21,6,6,11,down_link,dolomites,creation
6,22,5,11,down_link,dolomites,creation
32,3,0,11,down_link,dolomites,creation
16,6,7,11,down_link,dolomites,creation
57,3,1,11,down_link,dolomites,creation
42,20,7,11,down_link,dolomites,creation
15,7,4,11,down_link,dolomites,creation
17,4,7,11,down_link,dolomites,creation
20,5,6,11,down_link,dolomites,creation
29,6,4,11,down_link,dolomites,creation
7,16,5,11,down_link,dolomites,creation
2,15,2,11,down_link,dolomites,creation
23,5,2,11,down_link,dolomites,creation
18,4,5,11,down_link,dolomites,creation
9,5,1,11,down_link,dolomites,creation
55,6,1,11,down_link,dolomites,creation
53,7,1,11,down_link,dolomites,creation
10,5,4,11,down_link,dolomites,creation
22,8,2,11,down_link,dolomites,creation
26,5,3,11,down_link,dolomites,creation
3,14,1,11,down_link,dolomites,creation
30,4,2,11,down_link,dolomites,creation
52,5,1,11,down_link,dolomites,creation
48,0,25,11,down_link,dolomites,creation
54,7,1,11,down_link,dolomites,creation
51,0,28,11,down_link,dolomites,creation
41,21,6,11,down_link,dolomites,creation
25,4,7,11,down_link,dolomites,creation
33,6,5,11,down_link,dolomites,creation
58,4,1,11,down_link,dolomites,creation
39,6,6,11,down_link,dolomites,creation
47,0,26,11,down_link,dolomites,creation
14,5,0,11,down_link,dolomites,creation
44,0,28,11,down_link,dolomites,creation
1,9,4,11,down_link,dolomites,creation
19,5,3,11,down_link,dolomites,creation
46,0,29,11,down_link,dolomites,creation
50,0,26,11,down_link,dolomites,creation
59,7,1,11,down_link,dolomites,creation
4,25,3,11,down_link,dolomites,creation
11,4,7,11,down_link,dolomites,creation
36,5,2,11,down_link,dolomites,creation
56,7,1,11,down_niche,dolomites,creation
34,7,5,11,down_niche,dolomites,creation
43,14,3,11,down_niche,dolomites,creation
40,8,0,11,down_niche,dolomites,creation
12,6,7,11,down_niche,dolomites,creation
13,7,1,11,down_niche,dolomites,creation
24,7,2,11,down_niche,dolomites,creation
49,0,38,11,down_niche,dolomites,creation
5,19,0,11,down_niche,dolomites,creation
31,7,3,11,down_niche,dolomites,creation
38,5,4,11,down_niche,dolomites,creation
45,0,30,11,down_niche,dolomites,creation
28,6,6,11,down_niche,dolomites,creation
37,7,5,11,down_niche,dolomites,creation
8,6,1,11,down_niche,dolomites,creation
35,7,3,11,down_niche,dolomites,creation
27,7,5,11,down_niche,dolomites,creation
21,6,5,11,down_niche,dolomites,creation
6,14,1,11,down_niche,dolomites,creation
32,6,0,11,down_niche,dolomites,creation
16,6,5,11,down_niche,dolomites,creation
57,6,1,11,down_niche,dolomites,creation
42,19,2,11,down_niche,dolomites,creation
15,7,2,11,down_niche,dolomites,creation
17,7,5,11,down_niche,dolomites,creation
20,7,6,11,down_niche,dolomites,creation
29,6,6,11,down_niche,dolomites,creation
7,13,0,11,down_niche,dolomites,creation
2,7,0,11,down_niche,dolomites,creation
23,7,1,11,down_niche,dolomites,creation
18,6,4,11,down_niche,dolomites,creation
9,6,1,11,down_niche,dolomites,creation
55,5,1,11,down_niche,dolomites,creation
53,7,1,11,down_niche,dolomites,creation
10,7,6,11,down_niche,dolomites,creation
22,7,1,11,down_niche,dolomites,creation
26,7,6,11,down_niche,dolomites,creation
3,5,0,11,down_niche,dolomites,creation
30,6,1,11,down_niche,dolomites,creation
52,6,1,11,down_niche,dolomites,creation
48,0,38,11,down_niche,dolomites,creation
54,7,1,11,down_niche,dolomites,creation
51,0,39,11,down_niche,dolomites,creation
41,19,1,11,down_niche,dolomites,creation
25,5,6,11,down_niche,dolomites,creation
33,7,6,11,down_niche,dolomites,creation
58,7,1,11,down_niche,dolomites,creation
39,7,5,11,down_niche,dolomites,creation
47,0,37,11,down_niche,dolomites,creation
14,6,0,11,down_niche,dolomites,creation
44,0,38,11,down_niche,dolomites,creation
1,8,5,11,down_niche,dolomites,creation
19,6,7,11,down_niche,dolomites,creation
46,0,38,11,down_niche,dolomites,creation
50,0,4,11,down_niche,dolomites,creation
59,7,1,11,down_niche,dolomites,creation
4,17,0,11,down_niche,dolomites,creation
11,8,4,11,down_niche,dolomites,creation
36,6,2,11,down_niche,dolomites,creation
56,7,1,11,down_niche_bodysize,dolomites,creation
34,7,5,11,down_niche_bodysize,dolomites,creation
43,14,3,11,down_niche_bodysize,dolomites,creation
40,8,0,11,down_niche_bodysize,dolomites,creation
12,6,7,11,down_niche_bodysize,dolomites,creation
13,7,1,11,down_niche_bodysize,dolomites,creation
24,7,2,11,down_niche_bodysize,dolomites,creation
49,0,38,11,down_niche_bodysize,dolomites,creation
5,19,0,11,down_niche_bodysize,dolomites,creation
31,7,3,11,down_niche_bodysize,dolomites,creation
38,5,4,11,down_niche_bodysize,dolomites,creation
45,0,30,11,down_niche_bodysize,dolomites,creation
28,6,6,11,down_niche_bodysize,dolomites,creation
37,7,5,11,down_niche_bodysize,dolomites,creation
8,6,1,11,down_niche_bodysize,dolomites,creation
35,7,3,11,down_niche_bodysize,dolomites,creation
27,7,5,11,down_niche_bodysize,dolomites,creation
21,6,5,11,down_niche_bodysize,dolomites,creation
6,14,1,11,down_niche_bodysize,dolomites,creation
32,6,0,11,down_niche_bodysize,dolomites,creation
16,6,5,11,down_niche_bodysize,dolomites,creation
57,6,1,11,down_niche_bodysize,dolomites,creation
42,19,2,11,down_niche_bodysize,dolomites,creation
15,7,2,11,down_niche_bodysize,dolomites,creation
17,7,5,11,down_niche_bodysize,dolomites,creation
20,7,6,11,down_niche_bodysize,dolomites,creation
29,6,6,11,down_niche_bodysize,dolomites,creation
7,13,0,11,down_niche_bodysize,dolomites,creation
2,7,0,11,down_niche_bodysize,dolomites,creation
23,7,1,11,down_niche_bodysize,dolomites,creation
18,6,4,11,down_niche_bodysize,dolomites,creation
9,6,1,11,down_niche_bodysize,dolomites,creation
55,5,1,11,down_niche_bodysize,dolomites,creation
53,7,1,11,down_niche_bodysize,dolomites,creation
10,7,6,11,down_niche_bodysize,dolomites,creation
22,7,1,11,down_niche_bodysize,dolomites,creation
26,7,6,11,down_niche_bodysize,dolomites,creation
3,5,0,11,down_niche_bodysize,dolomites,creation
30,6,1,11,down_niche_bodysize,dolomites,creation
52,6,1,11,down_niche_bodysize,dolomites,creation
48,0,38,11,down_niche_bodysize,dolomites,creation
54,7,1,11,down_niche_bodysize,dolomites,creation
51,0,39,11,down_niche_bodysize,dolomites,creation
41,19,1,11,down_niche_bodysize,dolomites,creation
25,5,6,11,down_niche_bodysize,dolomites,creation
33,7,6,11,down_niche_bodysize,dolomites,creation
58,7,1,11,down_niche_bodysize,dolomites,creation
39,7,5,11,down_niche_bodysize,dolomites,creation
47,0,37,11,down_niche_bodysize,dolomites,creation
14,6,0,11,down_niche_bodysize,dolomites,creation
44,0,38,11,down_niche_bodysize,dolomites,creation
1,8,5,11,down_niche_bodysize,dolomites,creation
19,6,7,11,down_niche_bodysize,dolomites,creation
46,0,38,11,down_niche_bodysize,dolomites,creation
50,0,4,11,down_niche_bodysize,dolomites,creation
59,7,1,11,down_niche_bodysize,dolomites,creation
4,17,0,11,down_niche_bodysize,dolomites,creation
11,8,4,11,down_niche_bodysize,dolomites,creation
36,6,2,11,down_niche_bodysize,dolomites,creation
56,4,38,11,atn,dolomites,creation
34,6,0,11,atn,dolomites,creation
43,4,0,11,atn,dolomites,creation
40,6,1,11,atn,dolomites,creation
12,6,1,11,atn,dolomites,creation
13,6,24,11,atn,dolomites,creation
24,6,25,11,atn,dolomites,creation
49,0,30,11,atn,dolomites,creation
5,10,0,11,atn,dolomites,creation
31,12,0,11,atn,dolomites,creation
38,6,0,11,atn,dolomites,creation
45,0,9,11,atn,dolomites,creation
28,12,0,11,atn,dolomites,creation
37,11,0,11,atn,dolomites,creation
8,12,0,11,atn,dolomites,creation
35,6,0,11,atn,dolomites,creation
27,6,0,11,atn,dolomites,creation
21,6,0,11,atn,dolomites,creation
6,10,0,11,atn,dolomites,creation
32,10,0,11,atn,dolomites,creation
16,11,0,11,atn,dolomites,creation
57,6,30,11,atn,dolomites,creation
42,11,0,11,atn,dolomites,creation
15,11,0,11,atn,dolomites,creation
17,10,0,11,atn,dolomites,creation
20,6,0,11,atn,dolomites,creation
29,6,0,11,atn,dolomites,creation
7,9,0,11,atn,dolomites,creation
2,15,0,11,atn,dolomites,creation
23,6,20,11,atn,dolomites,creation
18,11,0,11,atn,dolomites,creation
9,9,0,11,atn,dolomites,creation
55,2,35,11,atn,dolomites,creation
53,0,9,11,atn,dolomites,creation
10,11,0,11,atn,dolomites,creation
22,6,8,11,atn,dolomites,creation
26,6,0,11,atn,dolomites,creation
3,12,0,11,atn,dolomites,creation
30,6,24,11,atn,dolomites,creation
52,0,3,11,atn,dolomites,creation
48,0,38,11,atn,dolomites,creation
54,0,15,11,atn,dolomites,creation
51,0,0,11,atn,dolomites,creation
41,12,0,11,atn,dolomites,creation
25,12,0,11,atn,dolomites,creation
33,12,0,11,atn,dolomites,creation
58,6,10,11,atn,dolomites,creation
39,9,0,11,atn,dolomites,creation
47,0,35,11,atn,dolomites,creation
14,6,1,11,atn,dolomites,creation
44,0,3,11,atn,dolomites,creation
1,10,0,11,atn,dolomites,creation
19,7,0,11,atn,dolomites,creation
46,0,15,11,atn,dolomites,creation
50,0,10,11,atn,dolomites,creation
59,6,0,11,atn,dolomites,creation
4,11,0,11,atn,dolomites,creation
11,9,0,11,atn,dolomites,creation
36,6,15,11,atn,dolomites,creation
34,0,24,11,down_power,dolomites,burnin
43,6,0,11,down_power,dolomites,burnin
40,0,29,11,down_power,dolomites,burnin
12,8,0,11,down_power,dolomites,burnin
13,6,0,11,down_power,dolomites,burnin
24,8,0,11,down_power,dolomites,burnin
5,7,0,11,down_power,dolomites,burnin
31,6,0,11,down_power,dolomites,burnin
38,0,24,11,down_power,dolomites,burnin
45,4,0,11,down_power,dolomites,burnin
28,4,0,11,down_power,dolomites,burnin
37,0,22,11,down_power,dolomites,burnin
8,3,0,11,down_power,dolomites,burnin
35,0,26,11,down_power,dolomites,burnin
27,4,0,11,down_power,dolomites,burnin
21,3,0,11,down_power,dolomites,burnin
6,5,0,11,down_power,dolomites,burnin
32,4,0,11,down_power,dolomites,burnin
16,5,0,11,down_power,dolomites,burnin
42,4,0,11,down_power,dolomites,burnin
15,4,0,11,down_power,dolomites,burnin
17,7,0,11,down_power,dolomites,burnin
20,5,0,11,down_power,dolomites,burnin
29,5,0,11,down_power,dolomites,burnin
7,3,0,11,down_power,dolomites,burnin
2,6,0,11,down_power,dolomites,burnin
23,4,0,11,down_power,dolomites,burnin
18,4,0,11,down_power,dolomites,burnin
9,2,0,11,down_power,dolomites,burnin
10,6,0,11,down_power,dolomites,burnin
22,4,0,11,down_power,dolomites,burnin
26,6,0,11,down_power,dolomites,burnin
3,4,0,11,down_power,dolomites,burnin
30,4,0,11,down_power,dolomites,burnin
48,5,0,11,down_power,dolomites,burnin
41,6,0,11,down_power,dolomites,burnin
25,4,0,11,down_power,dolomites,burnin
33,0,20,11,down_power,dolomites,burnin
39,0,28,11,down_power,dolomites,burnin
47,3,0,11,down_power,dolomites,burnin
14,3,0,11,down_power,dolomites,burnin
44,4,0,11,down_power,dolomites,burnin
1,5,0,11,down_power,dolomites,burnin
19,7,0,11,down_power,dolomites,burnin
46,6,0,11,down_power,dolomites,burnin
4,5,0,11,down_power,dolomites,burnin
11,4,0,11,down_power,dolomites,burnin
36,0,20,11,down_power,dolomites,burnin
34,0,40,11,metaweb,dolomites,burnin
43,8,0,11,metaweb,dolomites,burnin
40,0,40,11,metaweb,dolomites,burnin
12,8,0,11,metaweb,dolomites,burnin
13,8,0,11,metaweb,dolomites,burnin
24,8,0,11,metaweb,dolomites,burnin
5,8,0,11,metaweb,dolomites,burnin
31,8,0,11,metaweb,dolomites,burnin
38,0,40,11,metaweb,dolomites,burnin
45,8,0,11,metaweb,dolomites,burnin
28,8,0,11,metaweb,dolomites,burnin
37,0,40,11,metaweb,dolomites,burnin
8,8,0,11,metaweb,dolomites,burnin
35,0,40,11,metaweb,dolomites,burnin
27,8,0,11,metaweb,dolomites,burnin
21,8,0,11,metaweb,dolomites,burnin
6,8,0,11,metaweb,dolomites,burnin
32,8,0,11,metaweb,dolomites,burnin
16,8,0,11,metaweb,dolomites,burnin
42,8,0,11,metaweb,dolomites,burnin
15,8,0,11,metaweb,dolomites,burnin
17,8,0,11,metaweb,dolomites,burnin
20,8,0,11,metaweb,dolomites,burnin
29,8,0,11,metaweb,dolomites,burnin
7,8,0,11,metaweb,dolomites,burnin
2,8,0,11,metaweb,dolomites,burnin
23,8,0,11,metaweb,dolomites,burnin
18,8,0,11,metaweb,dolomites,burnin
9,8,0,11,metaweb,dolomites,burnin
10,8,0,11,metaweb,dolomites,burnin
22,8,0,11,metaweb,dolomites,burnin
26,8,0,11,metaweb,dolomites,burnin
3,8,0,11,metaweb,dolomites,burnin
30,8,0,11,metaweb,dolomites,burnin
48,8,0,11,metaweb,dolomites,burnin
41,8,0,11,metaweb,dolomites,burnin
25,8,0,11,metaweb,dolomites,burnin
33,0,40,11,metaweb,dolomites,burnin
39,0,40,11,metaweb,dolomites,burnin
47,8,0,11,metaweb,dolomites,burnin
14,8,0,11,metaweb,dolomites,burnin
44,8,0,11,metaweb,dolomites,burnin
1,8,0,11,metaweb,dolomites,burnin
19,8,0,11,metaweb,dolomites,burnin
46,8,0,11,metaweb,dolomites,burnin
4,8,0,11,metaweb,dolomites,burnin
11,8,0,11,metaweb,dolomites,burnin
36,0,40,11,metaweb,dolomites,burnin
17,2,1,11,niche,dolomites,burnin
20,3,4,11,niche,dolomites,burnin
29,1,6,11,niche,dolomites,burnin
7,4,2,11,niche,dolomites,burnin
2,15,1,11,niche,dolomites,burnin
23,2,5,11,niche,dolomites,burnin
12,0,3,11,niche,dolomites,burnin
18,1,1,11,niche,dolomites,burnin
13,0,3,11,niche,dolomites,burnin
9,2,2,11,niche,dolomites,burnin
24,0,5,11,niche,dolomites,burnin
10,13,2,11,niche,dolomites,burnin
22,3,5,11,niche,dolomites,burnin
26,3,2,11,niche,dolomites,burnin
3,2,1,11,niche,dolomites,burnin
5,10,2,11,niche,dolomites,burnin
30,0,2,11,niche,dolomites,burnin
31,0,2,11,niche,dolomites,burnin
28,0,5,11,niche,dolomites,burnin
8,2,2,11,niche,dolomites,burnin
25,0,5,11,niche,dolomites,burnin
27,3,5,11,niche,dolomites,burnin
21,1,5,11,niche,dolomites,burnin
14,0,2,11,niche,dolomites,burnin
6,2,2,11,niche,dolomites,burnin
1,8,1,11,niche,dolomites,burnin
19,0,3,11,niche,dolomites,burnin
16,3,2,11,niche,dolomites,burnin
4,0,1,11,niche,dolomites,burnin
15,6,2,11,niche,dolomites,burnin
11,0,2,11,niche,dolomites,burnin
34,0,30,11,down_rand,dolomites,burnin
43,7,0,11,down_rand,dolomites,burnin
40,0,25,11,down_rand,dolomites,burnin
12,6,0,11,down_rand,dolomites,burnin
13,6,0,11,down_rand,dolomites,burnin
24,5,0,11,down_rand,dolomites,burnin
5,6,0,11,down_rand,dolomites,burnin
31,5,0,11,down_rand,dolomites,burnin
38,0,25,11,down_rand,dolomites,burnin
45,4,0,11,down_rand,dolomites,burnin
28,7,0,11,down_rand,dolomites,burnin
37,0,26,11,down_rand,dolomites,burnin
8,6,0,11,down_rand,dolomites,burnin
35,0,30,11,down_rand,dolomites,burnin
27,5,0,11,down_rand,dolomites,burnin
21,5,0,11,down_rand,dolomites,burnin
6,8,0,11,down_rand,dolomites,burnin
32,5,0,11,down_rand,dolomites,burnin
16,4,0,11,down_rand,dolomites,burnin
42,3,0,11,down_rand,dolomites,burnin
15,5,0,11,down_rand,dolomites,burnin
17,6,0,11,down_rand,dolomites,burnin
20,6,0,11,down_rand,dolomites,burnin
29,6,0,11,down_rand,dolomites,burnin
7,6,0,11,down_rand,dolomites,burnin
2,6,0,11,down_rand,dolomites,burnin
23,6,0,11,down_rand,dolomites,burnin
18,4,0,11,down_rand,dolomites,burnin
9,6,0,11,down_rand,dolomites,burnin
10,2,0,11,down_rand,dolomites,burnin
22,4,0,11,down_rand,dolomites,burnin
26,7,0,11,down_rand,dolomites,burnin
3,7,0,11,down_rand,dolomites,burnin
30,7,0,11,down_rand,dolomites,burnin
48,6,0,11,down_rand,dolomites,burnin
41,8,0,11,down_rand,dolomites,burnin
25,6,0,11,down_rand,dolomites,burnin
33,0,29,11,down_rand,dolomites,burnin
39,0,31,11,down_rand,dolomites,burnin
47,6,0,11,down_rand,dolomites,burnin
14,6,0,11,down_rand,dolomites,burnin
44,6,0,11,down_rand,dolomites,burnin
1,5,0,11,down_rand,dolomites,burnin
19,5,0,11,down_rand,dolomites,burnin
46,7,0,11,down_rand,dolomites,burnin
4,7,0,11,down_rand,dolomites,burnin
11,6,0,11,down_rand,dolomites,burnin
36,0,32,11,down_rand,dolomites,burnin
34,0,27,11,down_link,dolomites,burnin
43,7,1,11,down_link,dolomites,burnin
40,0,25,11,down_link,dolomites,burnin
12,5,0,11,down_link,dolomites,burnin
13,5,0,11,down_link,dolomites,burnin
24,5,0,11,down_link,dolomites,burnin
49,7,1,11,down_link,dolomites,burnin
5,5,0,11,down_link,dolomites,burnin
31,7,0,11,down_link,dolomites,burnin
38,0,24,11,down_link,dolomites,burnin
45,6,1,11,down_link,dolomites,burnin
28,5,0,11,down_link,dolomites,burnin
37,0,26,11,down_link,dolomites,burnin
8,7,0,11,down_link,dolomites,burnin
35,0,28,11,down_link,dolomites,burnin
27,4,0,11,down_link,dolomites,burnin
21,6,0,11,down_link,dolomites,burnin
6,6,0,11,down_link,dolomites,burnin
32,6,0,11,down_link,dolomites,burnin
16,5,0,11,down_link,dolomites,burnin
42,5,1,11,down_link,dolomites,burnin
15,8,0,11,down_link,dolomites,burnin
17,6,0,11,down_link,dolomites,burnin
20,6,0,11,down_link,dolomites,burnin
29,5,0,11,down_link,dolomites,burnin
7,5,0,11,down_link,dolomites,burnin
2,5,0,11,down_link,dolomites,burnin
23,4,0,11,down_link,dolomites,burnin
18,4,0,11,down_link,dolomites,burnin
9,6,0,11,down_link,dolomites,burnin
10,4,0,11,down_link,dolomites,burnin
22,6,0,11,down_link,dolomites,burnin
26,6,0,11,down_link,dolomites,burnin
3,5,0,11,down_link,dolomites,burnin
30,6,0,11,down_link,dolomites,burnin
48,4,1,11,down_link,dolomites,burnin
41,0,28,11,down_link,dolomites,burnin
25,3,0,11,down_link,dolomites,burnin
33,8,0,11,down_link,dolomites,burnin
39,0,27,11,down_link,dolomites,burnin
47,3,1,11,down_link,dolomites,burnin
14,6,0,11,down_link,dolomites,burnin
44,7,1,11,down_link,dolomites,burnin
1,7,0,11,down_link,dolomites,burnin
19,5,0,11,down_link,dolomites,burnin
46,4,1,11,down_link,dolomites,burnin
4,4,0,11,down_link,dolomites,burnin
11,4,0,11,down_link,dolomites,burnin
36,0,29,11,down_link,dolomites,burnin
34,7,2,11,down_niche,dolomites,burnin
43,0,38,11,down_niche,dolomites,burnin
40,0,38,11,down_niche,dolomites,burnin
12,7,1,11,down_niche,dolomites,burnin
13,6,2,11,down_niche,dolomites,burnin
24,7,3,11,down_niche,dolomites,burnin
49,5,0,11,down_niche,dolomites,burnin
5,6,0,11,down_niche,dolomites,burnin
31,7,3,11,down_niche,dolomites,burnin
38,0,38,11,down_niche,dolomites,burnin
45,0,38,11,down_niche,dolomites,burnin
28,7,1,11,down_niche,dolomites,burnin
37,14,2,11,down_niche,dolomites,burnin
8,8,3,11,down_niche,dolomites,burnin
35,5,2,11,down_niche,dolomites,burnin
27,6,1,11,down_niche,dolomites,burnin
21,7,2,11,down_niche,dolomites,burnin
6,6,0,11,down_niche,dolomites,burnin
32,7,1,11,down_niche,dolomites,burnin
16,6,4,11,down_niche,dolomites,burnin
42,0,38,11,down_niche,dolomites,burnin
15,6,2,11,down_niche,dolomites,burnin
17,7,4,11,down_niche,dolomites,burnin
20,7,1,11,down_niche,dolomites,burnin
29,6,0,11,down_niche,dolomites,burnin
7,7,2,11,down_niche,dolomites,burnin
2,19,0,11,down_niche,dolomites,burnin
23,7,3,11,down_niche,dolomites,burnin
18,6,3,11,down_niche,dolomites,burnin
9,6,3,11,down_niche,dolomites,burnin
53,7,0,11,down_niche,dolomites,burnin
10,7,1,11,down_niche,dolomites,burnin
22,5,2,11,down_niche,dolomites,burnin
26,6,3,11,down_niche,dolomites,burnin
3,13,1,11,down_niche,dolomites,burnin
30,7,2,11,down_niche,dolomites,burnin
52,7,0,11,down_niche,dolomites,burnin
48,7,0,11,down_niche,dolomites,burnin
51,6,0,11,down_niche,dolomites,burnin
41,0,37,11,down_niche,dolomites,burnin
25,6,2,11,down_niche,dolomites,burnin
33,6,2,11,down_niche,dolomites,burnin
39,0,29,11,down_niche,dolomites,burnin
47,7,0,11,down_niche,dolomites,burnin
14,7,2,11,down_niche,dolomites,burnin
44,0,4,11,down_niche,dolomites,burnin
1,5,0,11,down_niche,dolomites,burnin
19,7,1,11,down_niche,dolomites,burnin
46,6,0,11,down_niche,dolomites,burnin
50,7,0,11,down_niche,dolomites,burnin
4,13,0,11,down_niche,dolomites,burnin
11,6,0,11,down_niche,dolomites,burnin
36,7,3,11,down_niche,dolomites,burnin
34,7,2,11,down_niche_bodysize,dolomites,burnin
43,0,38,11,down_niche_bodysize,dolomites,burnin
40,0,38,11,down_niche_bodysize,dolomites,burnin
12,7,1,11,down_niche_bodysize,dolomites,burnin
13,6,2,11,down_niche_bodysize,dolomites,burnin
24,7,3,11,down_niche_bodysize,dolomites,burnin
49,5,0,11,down_niche_bodysize,dolomites,burnin
5,6,0,11,down_niche_bodysize,dolomites,burnin
31,7,3,11,down_niche_bodysize,dolomites,burnin
38,0,38,11,down_niche_bodysize,dolomites,burnin
45,0,38,11,down_niche_bodysize,dolomites,burnin
28,7,1,11,down_niche_bodysize,dolomites,burnin
37,14,2,11,down_niche_bodysize,dolomites,burnin
8,8,3,11,down_niche_bodysize,dolomites,burnin
35,5,2,11,down_niche_bodysize,dolomites,burnin
27,6,1,11,down_niche_bodysize,dolomites,burnin
21,7,2,11,down_niche_bodysize,dolomites,burnin
6,6,0,11,down_niche_bodysize,dolomites,burnin
32,7,1,11,down_niche_bodysize,dolomites,burnin
16,6,4,11,down_niche_bodysize,dolomites,burnin
42,0,38,11,down_niche_bodysize,dolomites,burnin
15,6,2,11,down_niche_bodysize,dolomites,burnin
17,7,4,11,down_niche_bodysize,dolomites,burnin
20,7,1,11,down_niche_bodysize,dolomites,burnin
29,6,0,11,down_niche_bodysize,dolomites,burnin
7,7,2,11,down_niche_bodysize,dolomites,burnin
2,19,0,11,down_niche_bodysize,dolomites,burnin
23,7,3,11,down_niche_bodysize,dolomites,burnin
18,6,3,11,down_niche_bodysize,dolomites,burnin
9,6,3,11,down_niche_bodysize,dolomites,burnin
53,7,0,11,down_niche_bodysize,dolomites,burnin
10,7,1,11,down_niche_bodysize,dolomites,burnin
22,5,2,11,down_niche_bodysize,dolomites,burnin
26,6,3,11,down_niche_bodysize,dolomites,burnin
3,13,1,11,down_niche_bodysize,dolomites,burnin
30,7,2,11,down_niche_bodysize,dolomites,burnin
52,7,0,11,down_niche_bodysize,dolomites,burnin
48,7,0,11,down_niche_bodysize,dolomites,burnin
51,6,0,11,down_niche_bodysize,dolomites,burnin
41,0,37,11,down_niche_bodysize,dolomites,burnin
25,6,2,11,down_niche_bodysize,dolomites,burnin
33,6,2,11,down_niche_bodysize,dolomites,burnin
39,0,29,11,down_niche_bodysize,dolomites,burnin
47,7,0,11,down_niche_bodysize,dolomites,burnin
14,7,2,11,down_niche_bodysize,dolomites,burnin
44,0,4,11,down_niche_bodysize,dolomites,burnin
1,5,0,11,down_niche_bodysize,dolomites,burnin
19,7,1,11,down_niche_bodysize,dolomites,burnin
46,6,0,11,down_niche_bodysize,dolomites,burnin
50,7,0,11,down_niche_bodysize,dolomites,burnin
4,13,0,11,down_niche_bodysize,dolomites,burnin
11,6,0,11,down_niche_bodysize,dolomites,burnin
36,7,3,11,down_niche_bodysize,dolomites,burnin
17,6,0,11,atn,dolomites,burnin
20,12,0,11,atn,dolomites,burnin
29,0,15,11,atn,dolomites,burnin
34,0,3,11,atn,dolomites,burnin
7,11,0,11,atn,dolomites,burnin
2,12,0,11,atn,dolomites,burnin
23,6,9,11,atn,dolomites,burnin
40,6,9,11,atn,dolomites,burnin
12,6,9,11,atn,dolomites,burnin
18,6,9,11,atn,dolomites,burnin
13,12,0,11,atn,dolomites,burnin
9,6,0,11,atn,dolomites,burnin
24,6,0,11,atn,dolomites,burnin
10,6,7,11,atn,dolomites,burnin
22,6,0,11,atn,dolomites,burnin
26,12,0,11,atn,dolomites,burnin
3,11,0,11,atn,dolomites,burnin
5,6,9,11,atn,dolomites,burnin
30,0,19,11,atn,dolomites,burnin
31,0,21,11,atn,dolomites,burnin
28,0,9,11,atn,dolomites,burnin
38,4,21,11,atn,dolomites,burnin
37,2,19,11,atn,dolomites,burnin
8,6,0,11,atn,dolomites,burnin
35,0,9,11,atn,dolomites,burnin
25,6,0,11,atn,dolomites,burnin
33,0,9,11,atn,dolomites,burnin
41,6,0,11,atn,dolomites,burnin
27,0,3,11,atn,dolomites,burnin
21,6,0,11,atn,dolomites,burnin
39,6,14,11,atn,dolomites,burnin
14,6,0,11,atn,dolomites,burnin
6,6,0,11,atn,dolomites,burnin
1,12,0,11,atn,dolomites,burnin
19,12,0,11,atn,dolomites,burnin
32,0,14,11,atn,dolomites,burnin
16,12,0,11,atn,dolomites,burnin
4,6,0,11,atn,dolomites,burnin
15,6,0,11,atn,dolomites,burnin
11,6,9,11,atn,dolomites,burnin
36,0,15,11,atn,dolomites,burnin
56,4,1,12,down_power,dolomites,creation
34,2,4,12,down_power,dolomites,creation
43,11,6,12,down_power,dolomites,creation
40,4,1,12,down_power,dolomites,creation
12,1,7,12,down_power,dolomites,creation
13,5,2,12,down_power,dolomites,creation
24,1,1,12,down_power,dolomites,creation
49,0,19,12,down_power,dolomites,creation
5,16,3,12,down_power,dolomites,creation
31,3,3,12,down_power,dolomites,creation
38,4,4,12,down_power,dolomites,creation
45,0,18,12,down_power,dolomites,creation
28,2,5,12,down_power,dolomites,creation
37,4,3,12,down_power,dolomites,creation
8,4,0,12,down_power,dolomites,creation
35,5,4,12,down_power,dolomites,creation
27,5,5,12,down_power,dolomites,creation
21,5,4,12,down_power,dolomites,creation
6,11,4,12,down_power,dolomites,creation
32,2,0,12,down_power,dolomites,creation
16,4,2,12,down_power,dolomites,creation
57,4,1,12,down_power,dolomites,creation
42,35,4,12,down_power,dolomites,creation
15,3,4,12,down_power,dolomites,creation
17,2,5,12,down_power,dolomites,creation
20,4,5,12,down_power,dolomites,creation
29,5,3,12,down_power,dolomites,creation
7,12,4,12,down_power,dolomites,creation
2,8,2,12,down_power,dolomites,creation
23,5,0,12,down_power,dolomites,creation
18,6,5,12,down_power,dolomites,creation
9,5,1,12,down_power,dolomites,creation
55,5,0,12,down_power,dolomites,creation
53,4,0,12,down_power,dolomites,creation
10,5,5,12,down_power,dolomites,creation
22,4,0,12,down_power,dolomites,creation
26,0,7,12,down_power,dolomites,creation
3,9,1,12,down_power,dolomites,creation
30,3,1,12,down_power,dolomites,creation
52,3,0,12,down_power,dolomites,creation
48,0,18,12,down_power,dolomites,creation
54,3,1,12,down_power,dolomites,creation
51,0,11,12,down_power,dolomites,creation
41,35,3,12,down_power,dolomites,creation
25,4,5,12,down_power,dolomites,creation
33,2,5,12,down_power,dolomites,creation
58,4,1,12,down_power,dolomites,creation
39,5,6,12,down_power,dolomites,creation
47,0,22,12,down_power,dolomites,creation
14,4,0,12,down_power,dolomites,creation
44,0,22,12,down_power,dolomites,creation
1,5,3,12,down_power,dolomites,creation
19,2,6,12,down_power,dolomites,creation
46,0,27,12,down_power,dolomites,creation
50,0,22,12,down_power,dolomites,creation
59,3,0,12,down_power,dolomites,creation
4,21,3,12,down_power,dolomites,creation
11,2,7,12,down_power,dolomites,creation
36,3,2,12,down_power,dolomites,creation
56,8,1,12,metaweb,dolomites,creation
34,8,7,12,metaweb,dolomites,creation
43,28,7,12,metaweb,dolomites,creation
40,8,2,12,metaweb,dolomites,creation
12,8,8,12,metaweb,dolomites,creation
13,8,2,12,metaweb,dolomites,creation
24,8,2,12,metaweb,dolomites,creation
49,0,43,12,metaweb,dolomites,creation
5,31,4,12,metaweb,dolomites,creation
31,8,8,12,metaweb,dolomites,creation
38,8,7,12,metaweb,dolomites,creation
45,0,43,12,metaweb,dolomites,creation
28,8,7,12,metaweb,dolomites,creation
37,8,7,12,metaweb,dolomites,creation
8,8,1,12,metaweb,dolomites,creation
35,8,7,12,metaweb,dolomites,creation
27,8,8,12,metaweb,dolomites,creation
21,8,7,12,metaweb,dolomites,creation
6,27,7,12,metaweb,dolomites,creation
32,8,0,12,metaweb,dolomites,creation
16,8,7,12,metaweb,dolomites,creation
57,8,1,12,metaweb,dolomites,creation
42,35,7,12,metaweb,dolomites,creation
15,8,4,12,metaweb,dolomites,creation
17,8,7,12,metaweb,dolomites,creation
20,8,7,12,metaweb,dolomites,creation
29,8,7,12,metaweb,dolomites,creation
7,20,7,12,metaweb,dolomites,creation
2,18,2,12,metaweb,dolomites,creation
23,8,2,12,metaweb,dolomites,creation
18,8,7,12,metaweb,dolomites,creation
9,8,1,12,metaweb,dolomites,creation
55,8,1,12,metaweb,dolomites,creation
53,8,1,12,metaweb,dolomites,creation
10,8,8,12,metaweb,dolomites,creation
22,8,2,12,metaweb,dolomites,creation
26,8,8,12,metaweb,dolomites,creation
3,18,2,12,metaweb,dolomites,creation
30,8,2,12,metaweb,dolomites,creation
52,8,1,12,metaweb,dolomites,creation
48,0,43,12,metaweb,dolomites,creation
54,8,1,12,metaweb,dolomites,creation
51,0,43,12,metaweb,dolomites,creation
41,35,7,12,metaweb,dolomites,creation
25,8,8,12,metaweb,dolomites,creation
33,8,7,12,metaweb,dolomites,creation
58,8,1,12,metaweb,dolomites,creation
39,8,7,12,metaweb,dolomites,creation
47,0,43,12,metaweb,dolomites,creation
14,8,0,12,metaweb,dolomites,creation
44,0,43,12,metaweb,dolomites,creation
1,10,8,12,metaweb,dolomites,creation
19,8,7,12,metaweb,dolomites,creation
46,0,43,12,metaweb,dolomites,creation
50,0,43,12,metaweb,dolomites,creation
59,8,1,12,metaweb,dolomites,creation
4,31,4,12,metaweb,dolomites,creation
11,8,8,12,metaweb,dolomites,creation
36,8,2,12,metaweb,dolomites,creation
56,0,4,12,niche,dolomites,creation
34,3,10,12,niche,dolomites,creation
43,8,9,12,niche,dolomites,creation
40,4,7,12,niche,dolomites,creation
12,4,2,12,niche,dolomites,creation
13,1,2,12,niche,dolomites,creation
24,0,4,12,niche,dolomites,creation
49,1,10,12,niche,dolomites,creation
5,5,1,12,niche,dolomites,creation
31,13,10,12,niche,dolomites,creation
38,5,7,12,niche,dolomites,creation
45,3,7,12,niche,dolomites,creation
28,5,3,12,niche,dolomites,creation
37,4,8,12,niche,dolomites,creation
8,6,1,12,niche,dolomites,creation
35,4,10,12,niche,dolomites,creation
27,2,4,12,niche,dolomites,creation
21,5,3,12,niche,dolomites,creation
6,22,1,12,niche,dolomites,creation
32,0,8,12,niche,dolomites,creation
16,6,4,12,niche,dolomites,creation
57,3,8,12,niche,dolomites,creation
42,4,9,12,niche,dolomites,creation
15,15,4,12,niche,dolomites,creation
17,2,4,12,niche,dolomites,creation
20,16,2,12,niche,dolomites,creation
29,2,3,12,niche,dolomites,creation
7,10,1,12,niche,dolomites,creation
2,18,1,12,niche,dolomites,creation
23,5,4,12,niche,dolomites,creation
18,12,4,12,niche,dolomites,creation
9,5,1,12,niche,dolomites,creation
55,0,2,12,niche,dolomites,creation
53,0,2,12,niche,dolomites,creation
10,16,1,12,niche,dolomites,creation
22,4,4,12,niche,dolomites,creation
26,23,4,12,niche,dolomites,creation
3,14,1,12,niche,dolomites,creation
30,12,7,12,niche,dolomites,creation
52,3,10,12,niche,dolomites,creation
48,1,10,12,niche,dolomites,creation
54,3,2,12,niche,dolomites,creation
51,0,11,12,niche,dolomites,creation
41,0,7,12,niche,dolomites,creation
25,1,4,12,niche,dolomites,creation
33,1,9,12,niche,dolomites,creation
58,0,8,12,niche,dolomites,creation
39,1,6,12,niche,dolomites,creation
47,4,8,12,niche,dolomites,creation
14,2,4,12,niche,dolomites,creation
44,0,7,12,niche,dolomites,creation
1,3,1,12,niche,dolomites,creation
19,3,2,12,niche,dolomites,creation
46,3,8,12,niche,dolomites,creation
50,0,10,12,niche,dolomites,creation
59,0,7,12,niche,dolomites,creation
4,1,1,12,niche,dolomites,creation
11,9,2,12,niche,dolomites,creation
36,6,9,12,niche,dolomites,creation
56,5,1,12,down_rand,dolomites,creation
34,4,3,12,down_rand,dolomites,creation
43,14,5,12,down_rand,dolomites,creation
40,7,1,12,down_rand,dolomites,creation
12,3,3,12,down_rand,dolomites,creation
13,2,1,12,down_rand,dolomites,creation
24,3,2,12,down_rand,dolomites,creation
49,0,23,12,down_rand,dolomites,creation
5,19,3,12,down_rand,dolomites,creation
31,4,4,12,down_rand,dolomites,creation
38,4,2,12,down_rand,dolomites,creation
45,0,25,12,down_rand,dolomites,creation
28,4,5,12,down_rand,dolomites,creation
37,4,4,12,down_rand,dolomites,creation
8,6,0,12,down_rand,dolomites,creation
35,5,4,12,down_rand,dolomites,creation
27,3,6,12,down_rand,dolomites,creation
21,5,3,12,down_rand,dolomites,creation
6,13,5,12,down_rand,dolomites,creation
32,5,0,12,down_rand,dolomites,creation
16,4,3,12,down_rand,dolomites,creation
57,4,1,12,down_rand,dolomites,creation
42,21,5,12,down_rand,dolomites,creation
15,6,2,12,down_rand,dolomites,creation
17,3,4,12,down_rand,dolomites,creation
20,2,2,12,down_rand,dolomites,creation
29,5,4,12,down_rand,dolomites,creation
7,11,3,12,down_rand,dolomites,creation
2,9,2,12,down_rand,dolomites,creation
23,6,0,12,down_rand,dolomites,creation
18,5,5,12,down_rand,dolomites,creation
9,3,0,12,down_rand,dolomites,creation
55,4,0,12,down_rand,dolomites,creation
53,2,1,12,down_rand,dolomites,creation
10,5,3,12,down_rand,dolomites,creation
22,4,2,12,down_rand,dolomites,creation
26,6,1,12,down_rand,dolomites,creation
3,13,2,12,down_rand,dolomites,creation
30,3,2,12,down_rand,dolomites,creation
52,7,1,12,down_rand,dolomites,creation
48,0,18,12,down_rand,dolomites,creation
54,6,1,12,down_rand,dolomites,creation
51,0,24,12,down_rand,dolomites,creation
41,15,3,12,down_rand,dolomites,creation
25,4,6,12,down_rand,dolomites,creation
33,6,2,12,down_rand,dolomites,creation
58,5,1,12,down_rand,dolomites,creation
39,3,3,12,down_rand,dolomites,creation
47,0,19,12,down_rand,dolomites,creation
14,2,0,12,down_rand,dolomites,creation
44,0,24,12,down_rand,dolomites,creation
1,2,3,12,down_rand,dolomites,creation
19,4,3,12,down_rand,dolomites,creation
46,0,22,12,down_rand,dolomites,creation
50,0,26,12,down_rand,dolomites,creation
59,5,1,12,down_rand,dolomites,creation
4,17,3,12,down_rand,dolomites,creation
11,3,6,12,down_rand,dolomites,creation
36,3,0,12,down_rand,dolomites,creation
56,4,1,12,down_link,dolomites,creation
34,5,4,12,down_link,dolomites,creation
43,13,5,12,down_link,dolomites,creation
40,8,1,12,down_link,dolomites,creation
12,5,7,12,down_link,dolomites,creation
13,5,2,12,down_link,dolomites,creation
24,4,1,12,down_link,dolomites,creation
49,0,18,12,down_link,dolomites,creation
5,18,3,12,down_link,dolomites,creation
31,3,6,12,down_link,dolomites,creation
38,3,4,12,down_link,dolomites,creation
45,0,21,12,down_link,dolomites,creation
28,4,2,12,down_link,dolomites,creation
37,4,1,12,down_link,dolomites,creation
8,5,1,12,down_link,dolomites,creation
35,6,4,12,down_link,dolomites,creation
27,4,4,12,down_link,dolomites,creation
21,4,5,12,down_link,dolomites,creation
6,16,3,12,down_link,dolomites,creation
32,4,0,12,down_link,dolomites,creation
16,4,4,12,down_link,dolomites,creation
57,4,1,12,down_link,dolomites,creation
42,13,4,12,down_link,dolomites,creation
15,4,3,12,down_link,dolomites,creation
17,6,6,12,down_link,dolomites,creation
20,3,6,12,down_link,dolomites,creation
29,3,3,12,down_link,dolomites,creation
7,16,4,12,down_link,dolomites,creation
2,13,2,12,down_link,dolomites,creation
23,4,1,12,down_link,dolomites,creation
18,2,4,12,down_link,dolomites,creation
9,5,1,12,down_link,dolomites,creation
55,3,1,12,down_link,dolomites,creation
53,5,1,12,down_link,dolomites,creation
10,2,5,12,down_link,dolomites,creation
22,2,2,12,down_link,dolomites,creation
26,3,5,12,down_link,dolomites,creation
3,13,2,12,down_link,dolomites,creation
30,4,1,12,down_link,dolomites,creation
52,3,1,12,down_link,dolomites,creation
48,0,19,12,down_link,dolomites,creation
54,5,1,12,down_link,dolomites,creation
51,0,21,12,down_link,dolomites,creation
41,20,3,12,down_link,dolomites,creation
25,4,7,12,down_link,dolomites,creation
33,4,4,12,down_link,dolomites,creation
58,3,1,12,down_link,dolomites,creation
39,4,4,12,down_link,dolomites,creation
47,0,20,12,down_link,dolomites,creation
14,4,0,12,down_link,dolomites,creation
44,0,20,12,down_link,dolomites,creation
1,6,6,12,down_link,dolomites,creation
19,4,4,12,down_link,dolomites,creation
46,0,20,12,down_link,dolomites,creation
50,0,19,12,down_link,dolomites,creation
59,4,1,12,down_link,dolomites,creation
4,15,4,12,down_link,dolomites,creation
11,6,3,12,down_link,dolomites,creation
36,2,1,12,down_link,dolomites,creation
56,4,1,12,down_niche,dolomites,creation
34,5,5,12,down_niche,dolomites,creation
43,9,0,12,down_niche,dolomites,creation
40,7,0,12,down_niche,dolomites,creation
12,5,3,12,down_niche,dolomites,creation
13,5,1,12,down_niche,dolomites,creation
24,3,0,12,down_niche,dolomites,creation
49,0,31,12,down_niche,dolomites,creation
5,11,1,12,down_niche,dolomites,creation
31,4,3,12,down_niche,dolomites,creation
38,5,3,12,down_niche,dolomites,creation
45,0,31,12,down_niche,dolomites,creation
28,4,3,12,down_niche,dolomites,creation
37,6,4,12,down_niche,dolomites,creation
8,5,0,12,down_niche,dolomites,creation
35,6,4,12,down_niche,dolomites,creation
27,7,4,12,down_niche,dolomites,creation
21,6,5,12,down_niche,dolomites,creation
6,12,0,12,down_niche,dolomites,creation
32,6,0,12,down_niche,dolomites,creation
16,5,4,12,down_niche,dolomites,creation
57,4,1,12,down_niche,dolomites,creation
42,12,1,12,down_niche,dolomites,creation
15,6,2,12,down_niche,dolomites,creation
17,7,2,12,down_niche,dolomites,creation
20,5,6,12,down_niche,dolomites,creation
29,6,3,12,down_niche,dolomites,creation
7,9,0,12,down_niche,dolomites,creation
2,2,1,12,down_niche,dolomites,creation
23,6,0,12,down_niche,dolomites,creation
18,5,5,12,down_niche,dolomites,creation
9,3,0,12,down_niche,dolomites,creation
55,5,1,12,down_niche,dolomites,creation
53,4,1,12,down_niche,dolomites,creation
10,6,1,12,down_niche,dolomites,creation
22,7,2,12,down_niche,dolomites,creation
26,6,4,12,down_niche,dolomites,creation
3,6,0,12,down_niche,dolomites,creation
30,5,0,12,down_niche,dolomites,creation
52,4,1,12,down_niche,dolomites,creation
48,0,5,12,down_niche,dolomites,creation
54,5,1,12,down_niche,dolomites,creation
51,0,22,12,down_niche,dolomites,creation
41,11,0,12,down_niche,dolomites,creation
25,5,4,12,down_niche,dolomites,creation
33,6,4,12,down_niche,dolomites,creation
58,6,0,12,down_niche,dolomites,creation
39,5,5,12,down_niche,dolomites,creation
47,0,31,12,down_niche,dolomites,creation
14,4,0,12,down_niche,dolomites,creation
44,0,30,12,down_niche,dolomites,creation
1,5,0,12,down_niche,dolomites,creation
19,7,2,12,down_niche,dolomites,creation
46,0,31,12,down_niche,dolomites,creation
50,0,30,12,down_niche,dolomites,creation
59,5,1,12,down_niche,dolomites,creation
4,13,0,12,down_niche,dolomites,creation
11,7,7,12,down_niche,dolomites,creation
36,6,1,12,down_niche,dolomites,creation
56,4,1,12,down_niche_bodysize,dolomites,creation
34,5,5,12,down_niche_bodysize,dolomites,creation
43,9,0,12,down_niche_bodysize,dolomites,creation
40,7,0,12,down_niche_bodysize,dolomites,creation
12,5,3,12,down_niche_bodysize,dolomites,creation
13,5,1,12,down_niche_bodysize,dolomites,creation
24,3,0,12,down_niche_bodysize,dolomites,creation
49,0,31,12,down_niche_bodysize,dolomites,creation
5,11,1,12,down_niche_bodysize,dolomites,creation
31,4,3,12,down_niche_bodysize,dolomites,creation
38,5,3,12,down_niche_bodysize,dolomites,creation
45,0,31,12,down_niche_bodysize,dolomites,creation
28,4,3,12,down_niche_bodysize,dolomites,creation
37,6,4,12,down_niche_bodysize,dolomites,creation
8,5,0,12,down_niche_bodysize,dolomites,creation
35,6,4,12,down_niche_bodysize,dolomites,creation
27,7,4,12,down_niche_bodysize,dolomites,creation
21,6,5,12,down_niche_bodysize,dolomites,creation
6,12,0,12,down_niche_bodysize,dolomites,creation
32,6,0,12,down_niche_bodysize,dolomites,creation
16,5,4,12,down_niche_bodysize,dolomites,creation
57,4,1,12,down_niche_bodysize,dolomites,creation
42,12,1,12,down_niche_bodysize,dolomites,creation
15,6,2,12,down_niche_bodysize,dolomites,creation
17,7,2,12,down_niche_bodysize,dolomites,creation
20,5,6,12,down_niche_bodysize,dolomites,creation
29,6,3,12,down_niche_bodysize,dolomites,creation
7,9,0,12,down_niche_bodysize,dolomites,creation
2,2,1,12,down_niche_bodysize,dolomites,creation
23,6,0,12,down_niche_bodysize,dolomites,creation
18,5,5,12,down_niche_bodysize,dolomites,creation
9,3,0,12,down_niche_bodysize,dolomites,creation
55,5,1,12,down_niche_bodysize,dolomites,creation
53,4,1,12,down_niche_bodysize,dolomites,creation
10,6,1,12,down_niche_bodysize,dolomites,creation
22,7,2,12,down_niche_bodysize,dolomites,creation
26,6,4,12,down_niche_bodysize,dolomites,creation
3,6,0,12,down_niche_bodysize,dolomites,creation
30,5,0,12,down_niche_bodysize,dolomites,creation
52,4,1,12,down_niche_bodysize,dolomites,creation
48,0,5,12,down_niche_bodysize,dolomites,creation
54,5,1,12,down_niche_bodysize,dolomites,creation
51,0,22,12,down_niche_bodysize,dolomites,creation
41,11,0,12,down_niche_bodysize,dolomites,creation
25,5,4,12,down_niche_bodysize,dolomites,creation
33,6,4,12,down_niche_bodysize,dolomites,creation
58,6,0,12,down_niche_bodysize,dolomites,creation
39,5,5,12,down_niche_bodysize,dolomites,creation
47,0,31,12,down_niche_bodysize,dolomites,creation
14,4,0,12,down_niche_bodysize,dolomites,creation
44,0,30,12,down_niche_bodysize,dolomites,creation
1,5,0,12,down_niche_bodysize,dolomites,creation
19,7,2,12,down_niche_bodysize,dolomites,creation
46,0,31,12,down_niche_bodysize,dolomites,creation
50,0,30,12,down_niche_bodysize,dolomites,creation
59,5,1,12,down_niche_bodysize,dolomites,creation
4,13,0,12,down_niche_bodysize,dolomites,creation
11,7,7,12,down_niche_bodysize,dolomites,creation
36,6,1,12,down_niche_bodysize,dolomites,creation
56,4,40,12,atn,dolomites,creation
34,6,1,12,atn,dolomites,creation
43,6,0,12,atn,dolomites,creation
40,6,0,12,atn,dolomites,creation
12,7,0,12,atn,dolomites,creation
13,4,3,12,atn,dolomites,creation
24,6,1,12,atn,dolomites,creation
49,0,25,12,atn,dolomites,creation
5,7,0,12,atn,dolomites,creation
31,9,0,12,atn,dolomites,creation
38,6,1,12,atn,dolomites,creation
45,0,5,12,atn,dolomites,creation
28,7,0,12,atn,dolomites,creation
37,7,0,12,atn,dolomites,creation
8,5,0,12,atn,dolomites,creation
35,6,0,12,atn,dolomites,creation
27,6,0,12,atn,dolomites,creation
21,6,1,12,atn,dolomites,creation
6,5,0,12,atn,dolomites,creation
32,5,0,12,atn,dolomites,creation
16,5,0,12,atn,dolomites,creation
57,6,25,12,atn,dolomites,creation
42,7,0,12,atn,dolomites,creation
15,7,0,12,atn,dolomites,creation
17,7,0,12,atn,dolomites,creation
20,6,1,12,atn,dolomites,creation
29,4,0,12,atn,dolomites,creation
7,6,0,12,atn,dolomites,creation
2,10,0,12,atn,dolomites,creation
23,6,4,12,atn,dolomites,creation
18,7,0,12,atn,dolomites,creation
9,6,1,12,atn,dolomites,creation
55,2,35,12,atn,dolomites,creation
53,0,5,12,atn,dolomites,creation
10,7,0,12,atn,dolomites,creation
22,6,1,12,atn,dolomites,creation
26,4,0,12,atn,dolomites,creation
3,15,0,12,atn,dolomites,creation
30,6,21,12,atn,dolomites,creation
52,0,3,12,atn,dolomites,creation
48,0,40,12,atn,dolomites,creation
54,0,19,12,atn,dolomites,creation
51,0,0,12,atn,dolomites,creation
41,8,0,12,atn,dolomites,creation
25,7,0,12,atn,dolomites,creation
33,5,0,12,atn,dolomites,creation
58,6,4,12,atn,dolomites,creation
39,6,0,12,atn,dolomites,creation
47,0,35,12,atn,dolomites,creation
14,6,0,12,atn,dolomites,creation
44,0,3,12,atn,dolomites,creation
1,7,0,12,atn,dolomites,creation
19,6,0,12,atn,dolomites,creation
46,0,19,12,atn,dolomites,creation
50,0,4,12,atn,dolomites,creation
59,6,0,12,atn,dolomites,creation
4,5,0,12,atn,dolomites,creation
11,6,0,12,atn,dolomites,creation
36,6,2,12,atn,dolomites,creation
34,4,0,12,down_power,dolomites,burnin
43,0,17,12,down_power,dolomites,burnin
40,0,25,12,down_power,dolomites,burnin
12,3,2,12,down_power,dolomites,burnin
13,4,0,12,down_power,dolomites,burnin
24,5,3,12,down_power,dolomites,burnin
49,5,0,12,down_power,dolomites,burnin
5,4,0,12,down_power,dolomites,burnin
31,2,1,12,down_power,dolomites,burnin
38,0,20,12,down_power,dolomites,burnin
45,0,9,12,down_power,dolomites,burnin
28,3,1,12,down_power,dolomites,burnin
37,11,2,12,down_power,dolomites,burnin
8,2,3,12,down_power,dolomites,burnin
35,4,0,12,down_power,dolomites,burnin
27,3,0,12,down_power,dolomites,burnin
21,1,0,12,down_power,dolomites,burnin
6,5,1,12,down_power,dolomites,burnin
32,5,2,12,down_power,dolomites,burnin
16,2,2,12,down_power,dolomites,burnin
42,0,16,12,down_power,dolomites,burnin
15,6,1,12,down_power,dolomites,burnin
17,4,2,12,down_power,dolomites,burnin
20,5,0,12,down_power,dolomites,burnin
29,2,0,12,down_power,dolomites,burnin
7,5,2,12,down_power,dolomites,burnin
2,7,1,12,down_power,dolomites,burnin
23,0,4,12,down_power,dolomites,burnin
18,5,1,12,down_power,dolomites,burnin
9,1,3,12,down_power,dolomites,burnin
53,3,0,12,down_power,dolomites,burnin
10,5,1,12,down_power,dolomites,burnin
22,4,2,12,down_power,dolomites,burnin
26,5,0,12,down_power,dolomites,burnin
3,15,1,12,down_power,dolomites,burnin
30,2,1,12,down_power,dolomites,burnin
52,4,0,12,down_power,dolomites,burnin
48,3,0,12,down_power,dolomites,burnin
51,4,0,12,down_power,dolomites,burnin
41,0,20,12,down_power,dolomites,burnin
25,2,1,12,down_power,dolomites,burnin
33,3,1,12,down_power,dolomites,burnin
39,0,16,12,down_power,dolomites,burnin
47,4,0,12,down_power,dolomites,burnin
14,2,2,12,down_power,dolomites,burnin
44,0,20,12,down_power,dolomites,burnin
1,5,1,12,down_power,dolomites,burnin
19,4,0,12,down_power,dolomites,burnin
46,3,0,12,down_power,dolomites,burnin
50,4,0,12,down_power,dolomites,burnin
4,9,1,12,down_power,dolomites,burnin
11,4,0,12,down_power,dolomites,burnin
36,5,3,12,down_power,dolomites,burnin
34,0,40,12,metaweb,dolomites,burnin
43,8,0,12,metaweb,dolomites,burnin
40,0,40,12,metaweb,dolomites,burnin
12,8,0,12,metaweb,dolomites,burnin
13,8,0,12,metaweb,dolomites,burnin
24,8,0,12,metaweb,dolomites,burnin
5,8,0,12,metaweb,dolomites,burnin
31,8,0,12,metaweb,dolomites,burnin
38,0,40,12,metaweb,dolomites,burnin
45,8,0,12,metaweb,dolomites,burnin
28,8,0,12,metaweb,dolomites,burnin
37,0,40,12,metaweb,dolomites,burnin
8,8,0,12,metaweb,dolomites,burnin
35,0,40,12,metaweb,dolomites,burnin
27,8,0,12,metaweb,dolomites,burnin
21,8,0,12,metaweb,dolomites,burnin
6,8,0,12,metaweb,dolomites,burnin
32,8,0,12,metaweb,dolomites,burnin
16,8,0,12,metaweb,dolomites,burnin
42,8,0,12,metaweb,dolomites,burnin
15,8,0,12,metaweb,dolomites,burnin
17,8,0,12,metaweb,dolomites,burnin
20,8,0,12,metaweb,dolomites,burnin
29,8,0,12,metaweb,dolomites,burnin
7,8,0,12,metaweb,dolomites,burnin
2,8,0,12,metaweb,dolomites,burnin
23,8,0,12,metaweb,dolomites,burnin
18,8,0,12,metaweb,dolomites,burnin
9,8,0,12,metaweb,dolomites,burnin
10,8,0,12,metaweb,dolomites,burnin
22,8,0,12,metaweb,dolomites,burnin
26,8,0,12,metaweb,dolomites,burnin
3,8,0,12,metaweb,dolomites,burnin
30,8,0,12,metaweb,dolomites,burnin
48,8,0,12,metaweb,dolomites,burnin
41,8,0,12,metaweb,dolomites,burnin
25,8,0,12,metaweb,dolomites,burnin
33,0,40,12,metaweb,dolomites,burnin
39,0,40,12,metaweb,dolomites,burnin
47,8,0,12,metaweb,dolomites,burnin
14,8,0,12,metaweb,dolomites,burnin
44,8,0,12,metaweb,dolomites,burnin
1,8,0,12,metaweb,dolomites,burnin
19,8,0,12,metaweb,dolomites,burnin
46,8,0,12,metaweb,dolomites,burnin
4,8,0,12,metaweb,dolomites,burnin
11,8,0,12,metaweb,dolomites,burnin
36,0,40,12,metaweb,dolomites,burnin
34,8,8,12,niche,dolomites,burnin
43,3,10,12,niche,dolomites,burnin
40,1,10,12,niche,dolomites,burnin
12,3,2,12,niche,dolomites,burnin
13,12,2,12,niche,dolomites,burnin
24,0,5,12,niche,dolomites,burnin
49,0,8,12,niche,dolomites,burnin
5,6,1,12,niche,dolomites,burnin
31,4,6,12,niche,dolomites,burnin
38,4,7,12,niche,dolomites,burnin
45,3,2,12,niche,dolomites,burnin
28,4,5,12,niche,dolomites,burnin
37,3,7,12,niche,dolomites,burnin
8,9,1,12,niche,dolomites,burnin
35,0,7,12,niche,dolomites,burnin
27,6,6,12,niche,dolomites,burnin
21,2,2,12,niche,dolomites,burnin
6,2,1,12,niche,dolomites,burnin
32,0,6,12,niche,dolomites,burnin
16,4,3,12,niche,dolomites,burnin
42,0,11,12,niche,dolomites,burnin
15,4,3,12,niche,dolomites,burnin
17,0,3,12,niche,dolomites,burnin
20,4,2,12,niche,dolomites,burnin
29,5,4,12,niche,dolomites,burnin
7,15,1,12,niche,dolomites,burnin
2,1,1,12,niche,dolomites,burnin
23,13,5,12,niche,dolomites,burnin
18,1,3,12,niche,dolomites,burnin
9,3,1,12,niche,dolomites,burnin
10,5,4,12,niche,dolomites,burnin
22,11,2,12,niche,dolomites,burnin
26,4,7,12,niche,dolomites,burnin
3,5,1,12,niche,dolomites,burnin
30,1,3,12,niche,dolomites,burnin
48,3,8,12,niche,dolomites,burnin
41,0,10,12,niche,dolomites,burnin
25,1,6,12,niche,dolomites,burnin
33,4,8,12,niche,dolomites,burnin
39,1,10,12,niche,dolomites,burnin
47,0,4,12,niche,dolomites,burnin
14,5,2,12,niche,dolomites,burnin
44,0,2,12,niche,dolomites,burnin
1,11,1,12,niche,dolomites,burnin
19,18,3,12,niche,dolomites,burnin
46,0,2,12,niche,dolomites,burnin
50,0,7,12,niche,dolomites,burnin
4,21,1,12,niche,dolomites,burnin
11,12,4,12,niche,dolomites,burnin
36,3,7,12,niche,dolomites,burnin
34,0,23,12,down_rand,dolomites,burnin
43,6,0,12,down_rand,dolomites,burnin
40,0,22,12,down_rand,dolomites,burnin
12,4,0,12,down_rand,dolomites,burnin
13,2,0,12,down_rand,dolomites,burnin
24,4,0,12,down_rand,dolomites,burnin
5,3,0,12,down_rand,dolomites,burnin
31,4,0,12,down_rand,dolomites,burnin
38,0,21,12,down_rand,dolomites,burnin
45,5,0,12,down_rand,dolomites,burnin
28,5,0,12,down_rand,dolomites,burnin
37,0,17,12,down_rand,dolomites,burnin
8,6,0,12,down_rand,dolomites,burnin
35,0,21,12,down_rand,dolomites,burnin
27,4,0,12,down_rand,dolomites,burnin
21,4,0,12,down_rand,dolomites,burnin
6,2,0,12,down_rand,dolomites,burnin
32,3,0,12,down_rand,dolomites,burnin
16,6,0,12,down_rand,dolomites,burnin
42,2,0,12,down_rand,dolomites,burnin
15,4,0,12,down_rand,dolomites,burnin
17,3,0,12,down_rand,dolomites,burnin
20,3,0,12,down_rand,dolomites,burnin
29,3,0,12,down_rand,dolomites,burnin
7,2,0,12,down_rand,dolomites,burnin
2,3,0,12,down_rand,dolomites,burnin
23,3,0,12,down_rand,dolomites,burnin
18,4,0,12,down_rand,dolomites,burnin
9,4,0,12,down_rand,dolomites,burnin
10,3,0,12,down_rand,dolomites,burnin
22,5,0,12,down_rand,dolomites,burnin
26,6,0,12,down_rand,dolomites,burnin
3,5,0,12,down_rand,dolomites,burnin
30,4,0,12,down_rand,dolomites,burnin
48,5,0,12,down_rand,dolomites,burnin
41,7,0,12,down_rand,dolomites,burnin
25,5,0,12,down_rand,dolomites,burnin
33,0,22,12,down_rand,dolomites,burnin
39,0,24,12,down_rand,dolomites,burnin
47,5,0,12,down_rand,dolomites,burnin
14,5,0,12,down_rand,dolomites,burnin
44,4,0,12,down_rand,dolomites,burnin
1,6,0,12,down_rand,dolomites,burnin
19,6,0,12,down_rand,dolomites,burnin
46,4,0,12,down_rand,dolomites,burnin
4,3,0,12,down_rand,dolomites,burnin
11,5,0,12,down_rand,dolomites,burnin
36,0,17,12,down_rand,dolomites,burnin
34,0,21,12,down_link,dolomites,burnin
43,5,0,12,down_link,dolomites,burnin
40,0,21,12,down_link,dolomites,burnin
12,4,0,12,down_link,dolomites,burnin
13,3,0,12,down_link,dolomites,burnin
24,3,0,12,down_link,dolomites,burnin
5,5,0,12,down_link,dolomites,burnin
31,3,0,12,down_link,dolomites,burnin
38,0,18,12,down_link,dolomites,burnin
45,4,0,12,down_link,dolomites,burnin
28,6,0,12,down_link,dolomites,burnin
37,0,19,12,down_link,dolomites,burnin
8,4,0,12,down_link,dolomites,burnin
35,0,20,12,down_link,dolomites,burnin
27,5,0,12,down_link,dolomites,burnin
21,4,0,12,down_link,dolomites,burnin
6,5,0,12,down_link,dolomites,burnin
32,4,0,12,down_link,dolomites,burnin
16,4,0,12,down_link,dolomites,burnin
42,5,0,12,down_link,dolomites,burnin
15,2,0,12,down_link,dolomites,burnin
17,4,0,12,down_link,dolomites,burnin
20,4,0,12,down_link,dolomites,burnin
29,2,0,12,down_link,dolomites,burnin
7,4,0,12,down_link,dolomites,burnin
2,5,0,12,down_link,dolomites,burnin
23,4,0,12,down_link,dolomites,burnin
18,4,0,12,down_link,dolomites,burnin
9,4,0,12,down_link,dolomites,burnin
10,6,0,12,down_link,dolomites,burnin
22,3,0,12,down_link,dolomites,burnin
26,4,0,12,down_link,dolomites,burnin
3,2,0,12,down_link,dolomites,burnin
30,4,0,12,down_link,dolomites,burnin
48,4,0,12,down_link,dolomites,burnin
41,3,0,12,down_link,dolomites,burnin
25,4,0,12,down_link,dolomites,burnin
33,0,20,12,down_link,dolomites,burnin
39,0,19,12,down_link,dolomites,burnin
47,3,0,12,down_link,dolomites,burnin
14,4,0,12,down_link,dolomites,burnin
44,3,0,12,down_link,dolomites,burnin
1,5,0,12,down_link,dolomites,burnin
19,3,0,12,down_link,dolomites,burnin
46,4,0,12,down_link,dolomites,burnin
4,6,0,12,down_link,dolomites,burnin
11,2,0,12,down_link,dolomites,burnin
36,0,19,12,down_link,dolomites,burnin
34,5,2,12,down_niche,dolomites,burnin
43,0,31,12,down_niche,dolomites,burnin
40,0,31,12,down_niche,dolomites,burnin
12,5,1,12,down_niche,dolomites,burnin
13,7,0,12,down_niche,dolomites,burnin
24,4,0,12,down_niche,dolomites,burnin
49,5,1,12,down_niche,dolomites,burnin
5,3,0,12,down_niche,dolomites,burnin
31,6,1,12,down_niche,dolomites,burnin
38,0,30,12,down_niche,dolomites,burnin
45,0,22,12,down_niche,dolomites,burnin
28,6,0,12,down_niche,dolomites,burnin
37,12,0,12,down_niche,dolomites,burnin
8,5,3,12,down_niche,dolomites,burnin
35,5,3,12,down_niche,dolomites,burnin
27,4,2,12,down_niche,dolomites,burnin
21,5,2,12,down_niche,dolomites,burnin
6,6,0,12,down_niche,dolomites,burnin
32,6,1,12,down_niche,dolomites,burnin
16,5,3,12,down_niche,dolomites,burnin
42,0,5,12,down_niche,dolomites,burnin
15,7,1,12,down_niche,dolomites,burnin
17,6,2,12,down_niche,dolomites,burnin
20,3,0,12,down_niche,dolomites,burnin
29,6,2,12,down_niche,dolomites,burnin
7,7,4,12,down_niche,dolomites,burnin
2,12,0,12,down_niche,dolomites,burnin
23,7,3,12,down_niche,dolomites,burnin
18,7,1,12,down_niche,dolomites,burnin
9,5,0,12,down_niche,dolomites,burnin
53,5,1,12,down_niche,dolomites,burnin
10,4,0,12,down_niche,dolomites,burnin
22,6,2,12,down_niche,dolomites,burnin
26,5,0,12,down_niche,dolomites,burnin
3,9,0,12,down_niche,dolomites,burnin
30,5,1,12,down_niche,dolomites,burnin
52,6,0,12,down_niche,dolomites,burnin
48,5,1,12,down_niche,dolomites,burnin
51,4,1,12,down_niche,dolomites,burnin
41,0,31,12,down_niche,dolomites,burnin
25,6,1,12,down_niche,dolomites,burnin
33,6,1,12,down_niche,dolomites,burnin
39,0,31,12,down_niche,dolomites,burnin
47,4,1,12,down_niche,dolomites,burnin
14,5,2,12,down_niche,dolomites,burnin
44,0,30,12,down_niche,dolomites,burnin
1,5,0,12,down_niche,dolomites,burnin
19,6,0,12,down_niche,dolomites,burnin
46,4,1,12,down_niche,dolomites,burnin
50,4,1,12,down_niche,dolomites,burnin
4,5,0,12,down_niche,dolomites,burnin
11,6,0,12,down_niche,dolomites,burnin
36,7,0,12,down_niche,dolomites,burnin
34,5,2,12,down_niche_bodysize,dolomites,burnin
43,0,31,12,down_niche_bodysize,dolomites,burnin
40,0,31,12,down_niche_bodysize,dolomites,burnin
12,5,1,12,down_niche_bodysize,dolomites,burnin
13,7,0,12,down_niche_bodysize,dolomites,burnin
24,4,0,12,down_niche_bodysize,dolomites,burnin
49,5,1,12,down_niche_bodysize,dolomites,burnin
5,3,0,12,down_niche_bodysize,dolomites,burnin
31,6,1,12,down_niche_bodysize,dolomites,burnin
38,0,30,12,down_niche_bodysize,dolomites,burnin
45,0,22,12,down_niche_bodysize,dolomites,burnin
28,6,0,12,down_niche_bodysize,dolomites,burnin
37,12,0,12,down_niche_bodysize,dolomites,burnin
8,5,3,12,down_niche_bodysize,dolomites,burnin
35,5,3,12,down_niche_bodysize,dolomites,burnin
27,4,2,12,down_niche_bodysize,dolomites,burnin
21,5,2,12,down_niche_bodysize,dolomites,burnin
6,6,0,12,down_niche_bodysize,dolomites,burnin
32,6,1,12,down_niche_bodysize,dolomites,burnin
16,5,3,12,down_niche_bodysize,dolomites,burnin
42,0,5,12,down_niche_bodysize,dolomites,burnin
15,7,1,12,down_niche_bodysize,dolomites,burnin
17,6,2,12,down_niche_bodysize,dolomites,burnin
20,3,0,12,down_niche_bodysize,dolomites,burnin
29,6,2,12,down_niche_bodysize,dolomites,burnin
7,7,4,12,down_niche_bodysize,dolomites,burnin
2,12,0,12,down_niche_bodysize,dolomites,burnin
23,7,3,12,down_niche_bodysize,dolomites,burnin
18,7,1,12,down_niche_bodysize,dolomites,burnin
9,5,0,12,down_niche_bodysize,dolomites,burnin
53,5,1,12,down_niche_bodysize,dolomites,burnin
10,4,0,12,down_niche_bodysize,dolomites,burnin
22,6,2,12,down_niche_bodysize,dolomites,burnin
26,5,0,12,down_niche_bodysize,dolomites,burnin
3,9,0,12,down_niche_bodysize,dolomites,burnin
30,5,1,12,down_niche_bodysize,dolomites,burnin
52,6,0,12,down_niche_bodysize,dolomites,burnin
48,5,1,12,down_niche_bodysize,dolomites,burnin
51,4,1,12,down_niche_bodysize,dolomites,burnin
41,0,31,12,down_niche_bodysize,dolomites,burnin
25,6,1,12,down_niche_bodysize,dolomites,burnin
33,6,1,12,down_niche_bodysize,dolomites,burnin
39,0,31,12,down_niche_bodysize,dolomites,burnin
47,4,1,12,down_niche_bodysize,dolomites,burnin
14,5,2,12,down_niche_bodysize,dolomites,burnin
44,0,30,12,down_niche_bodysize,dolomites,burnin
1,5,0,12,down_niche_bodysize,dolomites,burnin
19,6,0,12,down_niche_bodysize,dolomites,burnin
46,4,1,12,down_niche_bodysize,dolomites,burnin
50,4,1,12,down_niche_bodysize,dolomites,burnin
4,5,0,12,down_niche_bodysize,dolomites,burnin
11,6,0,12,down_niche_bodysize,dolomites,burnin
36,7,0,12,down_niche_bodysize,dolomites,burnin
34,0,12,12,atn,dolomites,burnin
43,6,0,12,atn,dolomites,burnin
40,4,26,12,atn,dolomites,burnin
12,6,0,12,atn,dolomites,burnin
13,6,0,12,atn,dolomites,burnin
24,6,0,12,atn,dolomites,burnin
5,6,0,12,atn,dolomites,burnin
31,0,19,12,atn,dolomites,burnin
38,0,19,12,atn,dolomites,burnin
28,6,0,12,atn,dolomites,burnin
37,0,5,12,atn,dolomites,burnin
8,6,0,12,atn,dolomites,burnin
35,0,2,12,atn,dolomites,burnin
27,8,0,12,atn,dolomites,burnin
21,6,0,12,atn,dolomites,burnin
6,6,0,12,atn,dolomites,burnin
32,0,22,12,atn,dolomites,burnin
16,6,0,12,atn,dolomites,burnin
42,6,2,12,atn,dolomites,burnin
15,6,0,12,atn,dolomites,burnin
17,6,8,12,atn,dolomites,burnin
20,5,0,12,atn,dolomites,burnin
29,0,3,12,atn,dolomites,burnin
7,4,1,12,atn,dolomites,burnin
2,5,0,12,atn,dolomites,burnin
23,6,0,12,atn,dolomites,burnin
18,9,0,12,atn,dolomites,burnin
9,5,0,12,atn,dolomites,burnin
10,6,0,12,atn,dolomites,burnin
22,6,0,12,atn,dolomites,burnin
26,6,0,12,atn,dolomites,burnin
3,6,0,12,atn,dolomites,burnin
30,0,5,12,atn,dolomites,burnin
41,6,12,12,atn,dolomites,burnin
25,6,0,12,atn,dolomites,burnin
33,0,26,12,atn,dolomites,burnin
39,2,22,12,atn,dolomites,burnin
14,6,2,12,atn,dolomites,burnin
1,5,0,12,atn,dolomites,burnin
19,5,0,12,atn,dolomites,burnin
4,5,0,12,atn,dolomites,burnin
11,6,0,12,atn,dolomites,burnin
36,0,3,12,atn,dolomites,burnin
56,1,0,13,down_power,dolomites,creation
34,6,5,13,down_power,dolomites,creation
43,15,4,13,down_power,dolomites,creation
40,0,1,13,down_power,dolomites,creation
12,5,5,13,down_power,dolomites,creation
13,3,1,13,down_power,dolomites,creation
24,1,1,13,down_power,dolomites,creation
49,0,18,13,down_power,dolomites,creation
5,20,2,13,down_power,dolomites,creation
31,3,5,13,down_power,dolomites,creation
38,3,6,13,down_power,dolomites,creation
45,0,16,13,down_power,dolomites,creation
28,0,5,13,down_power,dolomites,creation
37,2,5,13,down_power,dolomites,creation
8,2,0,13,down_power,dolomites,creation
35,2,5,13,down_power,dolomites,creation
27,2,4,13,down_power,dolomites,creation
21,4,5,13,down_power,dolomites,creation
6,16,4,13,down_power,dolomites,creation
32,1,0,13,down_power,dolomites,creation
16,1,4,13,down_power,dolomites,creation
57,4,0,13,down_power,dolomites,creation
42,35,4,13,down_power,dolomites,creation
15,2,2,13,down_power,dolomites,creation
17,3,5,13,down_power,dolomites,creation
20,1,4,13,down_power,dolomites,creation
29,3,4,13,down_power,dolomites,creation
7,8,5,13,down_power,dolomites,creation
2,7,0,13,down_power,dolomites,creation
23,4,2,13,down_power,dolomites,creation
18,3,6,13,down_power,dolomites,creation
9,5,0,13,down_power,dolomites,creation
55,5,0,13,down_power,dolomites,creation
53,6,0,13,down_power,dolomites,creation
10,2,6,13,down_power,dolomites,creation
22,3,1,13,down_power,dolomites,creation
26,4,5,13,down_power,dolomites,creation
3,2,0,13,down_power,dolomites,creation
30,6,1,13,down_power,dolomites,creation
52,0,0,13,down_power,dolomites,creation
48,0,18,13,down_power,dolomites,creation
54,3,0,13,down_power,dolomites,creation
51,0,24,13,down_power,dolomites,creation
41,35,5,13,down_power,dolomites,creation
25,5,6,13,down_power,dolomites,creation
33,2,7,13,down_power,dolomites,creation
58,3,0,13,down_power,dolomites,creation
39,0,3,13,down_power,dolomites,creation
47,0,16,13,down_power,dolomites,creation
14,4,0,13,down_power,dolomites,creation
44,0,15,13,down_power,dolomites,creation
1,3,4,13,down_power,dolomites,creation
19,4,4,13,down_power,dolomites,creation
46,0,16,13,down_power,dolomites,creation
50,0,14,13,down_power,dolomites,creation
59,3,0,13,down_power,dolomites,creation
4,23,2,13,down_power,dolomites,creation
11,3,6,13,down_power,dolomites,creation
36,3,0,13,down_power,dolomites,creation
56,8,1,13,metaweb,dolomites,creation
34,8,7,13,metaweb,dolomites,creation
43,28,7,13,metaweb,dolomites,creation
40,8,2,13,metaweb,dolomites,creation
12,8,8,13,metaweb,dolomites,creation
13,8,2,13,metaweb,dolomites,creation
24,8,2,13,metaweb,dolomites,creation
49,0,43,13,metaweb,dolomites,creation
5,31,4,13,metaweb,dolomites,creation
31,8,8,13,metaweb,dolomites,creation
38,8,7,13,metaweb,dolomites,creation
45,0,43,13,metaweb,dolomites,creation
28,8,7,13,metaweb,dolomites,creation
37,8,7,13,metaweb,dolomites,creation
8,8,1,13,metaweb,dolomites,creation
35,8,7,13,metaweb,dolomites,creation
27,8,8,13,metaweb,dolomites,creation
21,8,7,13,metaweb,dolomites,creation
6,27,7,13,metaweb,dolomites,creation
32,8,0,13,metaweb,dolomites,creation
16,8,7,13,metaweb,dolomites,creation
57,8,1,13,metaweb,dolomites,creation
42,35,7,13,metaweb,dolomites,creation
15,8,4,13,metaweb,dolomites,creation
17,8,7,13,metaweb,dolomites,creation
20,8,7,13,metaweb,dolomites,creation
29,8,7,13,metaweb,dolomites,creation
7,20,7,13,metaweb,dolomites,creation
2,18,2,13,metaweb,dolomites,creation
23,8,2,13,metaweb,dolomites,creation
18,8,7,13,metaweb,dolomites,creation
9,8,1,13,metaweb,dolomites,creation
55,8,1,13,metaweb,dolomites,creation
53,8,1,13,metaweb,dolomites,creation
10,8,8,13,metaweb,dolomites,creation
22,8,2,13,metaweb,dolomites,creation
26,8,8,13,metaweb,dolomites,creation
3,18,2,13,metaweb,dolomites,creation
30,8,2,13,metaweb,dolomites,creation
52,8,1,13,metaweb,dolomites,creation
48,0,43,13,metaweb,dolomites,creation
54,8,1,13,metaweb,dolomites,creation
51,0,43,13,metaweb,dolomites,creation
41,35,7,13,metaweb,dolomites,creation
25,8,8,13,metaweb,dolomites,creation
33,8,7,13,metaweb,dolomites,creation
58,8,1,13,metaweb,dolomites,creation
39,8,7,13,metaweb,dolomites,creation
47,0,43,13,metaweb,dolomites,creation
14,8,0,13,metaweb,dolomites,creation
44,0,43,13,metaweb,dolomites,creation
1,10,8,13,metaweb,dolomites,creation
19,8,7,13,metaweb,dolomites,creation
46,0,43,13,metaweb,dolomites,creation
50,0,43,13,metaweb,dolomites,creation
59,8,1,13,metaweb,dolomites,creation
4,31,4,13,metaweb,dolomites,creation
11,8,8,13,metaweb,dolomites,creation
36,8,2,13,metaweb,dolomites,creation
56,0,3,13,niche,dolomites,creation
34,4,5,13,niche,dolomites,creation
43,6,7,13,niche,dolomites,creation
40,5,7,13,niche,dolomites,creation
12,9,3,13,niche,dolomites,creation
13,0,3,13,niche,dolomites,creation
24,8,6,13,niche,dolomites,creation
49,1,9,13,niche,dolomites,creation
5,20,2,13,niche,dolomites,creation
31,1,4,13,niche,dolomites,creation
38,2,5,13,niche,dolomites,creation
45,0,9,13,niche,dolomites,creation
28,11,7,13,niche,dolomites,creation
37,0,4,13,niche,dolomites,creation
8,9,2,13,niche,dolomites,creation
35,5,4,13,niche,dolomites,creation
27,2,7,13,niche,dolomites,creation
21,3,2,13,niche,dolomites,creation
6,13,2,13,niche,dolomites,creation
32,0,3,13,niche,dolomites,creation
16,0,2,13,niche,dolomites,creation
57,0,3,13,niche,dolomites,creation
42,3,7,13,niche,dolomites,creation
15,10,2,13,niche,dolomites,creation
17,10,3,13,niche,dolomites,creation
20,4,1,13,niche,dolomites,creation
29,10,7,13,niche,dolomites,creation
7,6,2,13,niche,dolomites,creation
2,8,1,13,niche,dolomites,creation
23,12,5,13,niche,dolomites,creation
18,3,1,13,niche,dolomites,creation
9,8,3,13,niche,dolomites,creation
55,0,7,13,niche,dolomites,creation
53,0,7,13,niche,dolomites,creation
10,1,3,13,niche,dolomites,creation
22,4,3,13,niche,dolomites,creation
26,11,6,13,niche,dolomites,creation
3,10,1,13,niche,dolomites,creation
30,13,7,13,niche,dolomites,creation
52,0,7,13,niche,dolomites,creation
48,0,10,13,niche,dolomites,creation
54,0,7,13,niche,dolomites,creation
51,0,9,13,niche,dolomites,creation
41,13,8,13,niche,dolomites,creation
25,4,6,13,niche,dolomites,creation
33,3,4,13,niche,dolomites,creation
58,1,3,13,niche,dolomites,creation
39,2,6,13,niche,dolomites,creation
47,5,9,13,niche,dolomites,creation
14,1,2,13,niche,dolomites,creation
44,0,7,13,niche,dolomites,creation
1,4,1,13,niche,dolomites,creation
19,8,1,13,niche,dolomites,creation
46,1,9,13,niche,dolomites,creation
50,0,9,13,niche,dolomites,creation
59,0,5,13,niche,dolomites,creation
4,13,1,13,niche,dolomites,creation
11,1,3,13,niche,dolomites,creation
36,8,4,13,niche,dolomites,creation
56,5,1,13,down_rand,dolomites,creation
34,2,2,13,down_rand,dolomites,creation
43,15,5,13,down_rand,dolomites,creation
40,6,1,13,down_rand,dolomites,creation
12,4,4,13,down_rand,dolomites,creation
13,5,1,13,down_rand,dolomites,creation
24,3,1,13,down_rand,dolomites,creation
49,0,20,13,down_rand,dolomites,creation
5,15,3,13,down_rand,dolomites,creation
31,3,3,13,down_rand,dolomites,creation
38,4,2,13,down_rand,dolomites,creation
45,0,24,13,down_rand,dolomites,creation
28,7,2,13,down_rand,dolomites,creation
37,5,4,13,down_rand,dolomites,creation
8,0,0,13,down_rand,dolomites,creation
35,3,4,13,down_rand,dolomites,creation
27,5,5,13,down_rand,dolomites,creation
21,3,3,13,down_rand,dolomites,creation
6,13,4,13,down_rand,dolomites,creation
32,2,0,13,down_rand,dolomites,creation
16,5,4,13,down_rand,dolomites,creation
57,2,1,13,down_rand,dolomites,creation
42,19,2,13,down_rand,dolomites,creation
15,1,3,13,down_rand,dolomites,creation
17,3,5,13,down_rand,dolomites,creation
20,4,2,13,down_rand,dolomites,creation
29,3,4,13,down_rand,dolomites,creation
7,14,3,13,down_rand,dolomites,creation
2,8,0,13,down_rand,dolomites,creation
23,3,1,13,down_rand,dolomites,creation
18,0,2,13,down_rand,dolomites,creation
9,6,0,13,down_rand,dolomites,creation
55,5,0,13,down_rand,dolomites,creation
53,4,0,13,down_rand,dolomites,creation
10,5,4,13,down_rand,dolomites,creation
22,5,1,13,down_rand,dolomites,creation
26,5,6,13,down_rand,dolomites,creation
3,8,0,13,down_rand,dolomites,creation
30,1,2,13,down_rand,dolomites,creation
52,6,1,13,down_rand,dolomites,creation
48,0,20,13,down_rand,dolomites,creation
54,4,1,13,down_rand,dolomites,creation
51,0,21,13,down_rand,dolomites,creation
41,18,2,13,down_rand,dolomites,creation
25,6,5,13,down_rand,dolomites,creation
33,2,3,13,down_rand,dolomites,creation
58,3,1,13,down_rand,dolomites,creation
39,4,4,13,down_rand,dolomites,creation
47,0,17,13,down_rand,dolomites,creation
14,2,0,13,down_rand,dolomites,creation
44,0,22,13,down_rand,dolomites,creation
1,3,4,13,down_rand,dolomites,creation
19,4,4,13,down_rand,dolomites,creation
46,0,19,13,down_rand,dolomites,creation
50,0,18,13,down_rand,dolomites,creation
59,4,1,13,down_rand,dolomites,creation
4,16,1,13,down_rand,dolomites,creation
11,5,6,13,down_rand,dolomites,creation
36,3,2,13,down_rand,dolomites,creation
56,5,0,13,down_link,dolomites,creation
34,2,3,13,down_link,dolomites,creation
43,13,5,13,down_link,dolomites,creation
40,7,2,13,down_link,dolomites,creation
12,4,4,13,down_link,dolomites,creation
13,3,2,13,down_link,dolomites,creation
24,4,1,13,down_link,dolomites,creation
49,0,18,13,down_link,dolomites,creation
5,15,3,13,down_link,dolomites,creation
31,4,2,13,down_link,dolomites,creation
38,4,5,13,down_link,dolomites,creation
45,0,24,13,down_link,dolomites,creation
28,3,3,13,down_link,dolomites,creation
37,4,3,13,down_link,dolomites,creation
8,2,1,13,down_link,dolomites,creation
35,3,2,13,down_link,dolomites,creation
27,3,5,13,down_link,dolomites,creation
21,5,4,13,down_link,dolomites,creation
6,16,4,13,down_link,dolomites,creation
32,4,0,13,down_link,dolomites,creation
16,3,4,13,down_link,dolomites,creation
57,2,1,13,down_link,dolomites,creation
42,11,4,13,down_link,dolomites,creation
15,2,3,13,down_link,dolomites,creation
17,4,5,13,down_link,dolomites,creation
20,4,4,13,down_link,dolomites,creation
29,3,3,13,down_link,dolomites,creation
7,11,1,13,down_link,dolomites,creation
2,14,1,13,down_link,dolomites,creation
23,3,2,13,down_link,dolomites,creation
18,2,3,13,down_link,dolomites,creation
9,3,1,13,down_link,dolomites,creation
55,3,1,13,down_link,dolomites,creation
53,4,1,13,down_link,dolomites,creation
10,4,5,13,down_link,dolomites,creation
22,5,2,13,down_link,dolomites,creation
26,4,6,13,down_link,dolomites,creation
3,15,2,13,down_link,dolomites,creation
30,6,2,13,down_link,dolomites,creation
52,3,1,13,down_link,dolomites,creation
48,0,18,13,down_link,dolomites,creation
54,4,1,13,down_link,dolomites,creation
51,0,13,13,down_link,dolomites,creation
41,11,4,13,down_link,dolomites,creation
25,4,6,13,down_link,dolomites,creation
33,3,4,13,down_link,dolomites,creation
58,3,1,13,down_link,dolomites,creation
39,2,4,13,down_link,dolomites,creation
47,0,15,13,down_link,dolomites,creation
14,4,0,13,down_link,dolomites,creation
44,0,19,13,down_link,dolomites,creation
1,8,3,13,down_link,dolomites,creation
19,4,3,13,down_link,dolomites,creation
46,0,18,13,down_link,dolomites,creation
50,0,20,13,down_link,dolomites,creation
59,5,1,13,down_link,dolomites,creation
4,17,2,13,down_link,dolomites,creation
11,5,4,13,down_link,dolomites,creation
36,4,2,13,down_link,dolomites,creation
56,4,0,13,down_niche,dolomites,creation
34,5,5,13,down_niche,dolomites,creation
43,11,0,13,down_niche,dolomites,creation
40,4,1,13,down_niche,dolomites,creation
12,4,4,13,down_niche,dolomites,creation
13,5,2,13,down_niche,dolomites,creation
24,5,1,13,down_niche,dolomites,creation
49,0,3,13,down_niche,dolomites,creation
5,13,0,13,down_niche,dolomites,creation
31,4,6,13,down_niche,dolomites,creation
38,5,4,13,down_niche,dolomites,creation
45,0,21,13,down_niche,dolomites,creation
28,5,2,13,down_niche,dolomites,creation
37,5,5,13,down_niche,dolomites,creation
8,3,0,13,down_niche,dolomites,creation
35,3,3,13,down_niche,dolomites,creation
27,5,4,13,down_niche,dolomites,creation
21,4,3,13,down_niche,dolomites,creation
6,10,0,13,down_niche,dolomites,creation
32,4,0,13,down_niche,dolomites,creation
16,6,2,13,down_niche,dolomites,creation
57,6,1,13,down_niche,dolomites,creation
42,13,0,13,down_niche,dolomites,creation
15,5,4,13,down_niche,dolomites,creation
17,7,4,13,down_niche,dolomites,creation
20,4,3,13,down_niche,dolomites,creation
29,4,3,13,down_niche,dolomites,creation
7,8,1,13,down_niche,dolomites,creation
2,7,0,13,down_niche,dolomites,creation
23,4,1,13,down_niche,dolomites,creation
18,1,0,13,down_niche,dolomites,creation
9,5,1,13,down_niche,dolomites,creation
55,6,0,13,down_niche,dolomites,creation
53,4,1,13,down_niche,dolomites,creation
10,6,4,13,down_niche,dolomites,creation
22,5,1,13,down_niche,dolomites,creation
26,5,5,13,down_niche,dolomites,creation
3,6,1,13,down_niche,dolomites,creation
30,6,2,13,down_niche,dolomites,creation
52,4,0,13,down_niche,dolomites,creation
48,0,29,13,down_niche,dolomites,creation
54,4,1,13,down_niche,dolomites,creation
51,0,28,13,down_niche,dolomites,creation
41,13,0,13,down_niche,dolomites,creation
25,6,4,13,down_niche,dolomites,creation
33,5,4,13,down_niche,dolomites,creation
58,4,1,13,down_niche,dolomites,creation
39,3,4,13,down_niche,dolomites,creation
47,0,29,13,down_niche,dolomites,creation
14,3,0,13,down_niche,dolomites,creation
44,0,13,13,down_niche,dolomites,creation
1,4,1,13,down_niche,dolomites,creation
19,4,4,13,down_niche,dolomites,creation
46,0,29,13,down_niche,dolomites,creation
50,0,29,13,down_niche,dolomites,creation
59,5,0,13,down_niche,dolomites,creation
4,12,0,13,down_niche,dolomites,creation
11,3,5,13,down_niche,dolomites,creation
36,4,2,13,down_niche,dolomites,creation
56,4,0,13,down_niche_bodysize,dolomites,creation
34,5,5,13,down_niche_bodysize,dolomites,creation
43,11,0,13,down_niche_bodysize,dolomites,creation
40,4,1,13,down_niche_bodysize,dolomites,creation
12,4,4,13,down_niche_bodysize,dolomites,creation
13,5,2,13,down_niche_bodysize,dolomites,creation
24,5,1,13,down_niche_bodysize,dolomites,creation
49,0,3,13,down_niche_bodysize,dolomites,creation
5,13,0,13,down_niche_bodysize,dolomites,creation
31,4,6,13,down_niche_bodysize,dolomites,creation
38,5,4,13,down_niche_bodysize,dolomites,creation
45,0,21,13,down_niche_bodysize,dolomites,creation
28,5,2,13,down_niche_bodysize,dolomites,creation
37,5,5,13,down_niche_bodysize,dolomites,creation
8,3,0,13,down_niche_bodysize,dolomites,creation
35,3,3,13,down_niche_bodysize,dolomites,creation
27,5,4,13,down_niche_bodysize,dolomites,creation
21,4,3,13,down_niche_bodysize,dolomites,creation
6,10,0,13,down_niche_bodysize,dolomites,creation
32,4,0,13,down_niche_bodysize,dolomites,creation
16,6,2,13,down_niche_bodysize,dolomites,creation
57,6,1,13,down_niche_bodysize,dolomites,creation
42,13,0,13,down_niche_bodysize,dolomites,creation
15,5,4,13,down_niche_bodysize,dolomites,creation
17,7,4,13,down_niche_bodysize,dolomites,creation
20,4,3,13,down_niche_bodysize,dolomites,creation
29,4,3,13,down_niche_bodysize,dolomites,creation
7,8,1,13,down_niche_bodysize,dolomites,creation
2,7,0,13,down_niche_bodysize,dolomites,creation
23,4,1,13,down_niche_bodysize,dolomites,creation
18,1,0,13,down_niche_bodysize,dolomites,creation
9,5,1,13,down_niche_bodysize,dolomites,creation
55,6,0,13,down_niche_bodysize,dolomites,creation
53,4,1,13,down_niche_bodysize,dolomites,creation
10,6,4,13,down_niche_bodysize,dolomites,creation
22,5,1,13,down_niche_bodysize,dolomites,creation
26,5,5,13,down_niche_bodysize,dolomites,creation
3,6,1,13,down_niche_bodysize,dolomites,creation
30,6,2,13,down_niche_bodysize,dolomites,creation
52,4,0,13,down_niche_bodysize,dolomites,creation
48,0,29,13,down_niche_bodysize,dolomites,creation
54,4,1,13,down_niche_bodysize,dolomites,creation
51,0,28,13,down_niche_bodysize,dolomites,creation
41,13,0,13,down_niche_bodysize,dolomites,creation
25,6,4,13,down_niche_bodysize,dolomites,creation
33,5,4,13,down_niche_bodysize,dolomites,creation
58,4,1,13,down_niche_bodysize,dolomites,creation
39,3,4,13,down_niche_bodysize,dolomites,creation
47,0,29,13,down_niche_bodysize,dolomites,creation
14,3,0,13,down_niche_bodysize,dolomites,creation
44,0,13,13,down_niche_bodysize,dolomites,creation
1,4,1,13,down_niche_bodysize,dolomites,creation
19,4,4,13,down_niche_bodysize,dolomites,creation
46,0,29,13,down_niche_bodysize,dolomites,creation
50,0,29,13,down_niche_bodysize,dolomites,creation
59,5,0,13,down_niche_bodysize,dolomites,creation
4,12,0,13,down_niche_bodysize,dolomites,creation
11,3,5,13,down_niche_bodysize,dolomites,creation
36,4,2,13,down_niche_bodysize,dolomites,creation
56,4,37,13,atn,dolomites,creation
34,6,0,13,atn,dolomites,creation
43,7,0,13,atn,dolomites,creation
40,4,0,13,atn,dolomites,creation
12,6,2,13,atn,dolomites,creation
13,6,2,13,atn,dolomites,creation
24,4,24,13,atn,dolomites,creation
49,0,24,13,atn,dolomites,creation
5,6,0,13,atn,dolomites,creation
31,6,0,13,atn,dolomites,creation
38,4,0,13,atn,dolomites,creation
45,0,6,13,atn,dolomites,creation
28,5,0,13,atn,dolomites,creation
37,10,0,13,atn,dolomites,creation
8,10,0,13,atn,dolomites,creation
35,4,0,13,atn,dolomites,creation
27,7,0,13,atn,dolomites,creation
21,4,0,13,atn,dolomites,creation
6,5,0,13,atn,dolomites,creation
32,5,0,13,atn,dolomites,creation
16,10,0,13,atn,dolomites,creation
57,6,24,13,atn,dolomites,creation
42,6,0,13,atn,dolomites,creation
15,5,0,13,atn,dolomites,creation
17,7,0,13,atn,dolomites,creation
20,7,0,13,atn,dolomites,creation
29,4,0,13,atn,dolomites,creation
7,6,2,13,atn,dolomites,creation
2,14,0,13,atn,dolomites,creation
23,6,5,13,atn,dolomites,creation
18,5,0,13,atn,dolomites,creation
9,4,0,13,atn,dolomites,creation
55,2,27,13,atn,dolomites,creation
53,0,6,13,atn,dolomites,creation
10,6,0,13,atn,dolomites,creation
22,4,5,13,atn,dolomites,creation
26,6,2,13,atn,dolomites,creation
3,14,0,13,atn,dolomites,creation
30,6,9,13,atn,dolomites,creation
52,0,3,13,atn,dolomites,creation
48,0,37,13,atn,dolomites,creation
54,0,14,13,atn,dolomites,creation
51,0,0,13,atn,dolomites,creation
41,5,0,13,atn,dolomites,creation
25,7,0,13,atn,dolomites,creation
33,5,0,13,atn,dolomites,creation
58,6,5,13,atn,dolomites,creation
39,4,0,13,atn,dolomites,creation
47,0,27,13,atn,dolomites,creation
14,4,0,13,atn,dolomites,creation
44,0,3,13,atn,dolomites,creation
1,5,0,13,atn,dolomites,creation
19,7,0,13,atn,dolomites,creation
46,0,14,13,atn,dolomites,creation
50,0,5,13,atn,dolomites,creation
59,6,0,13,atn,dolomites,creation
4,7,0,13,atn,dolomites,creation
11,6,2,13,atn,dolomites,creation
36,4,2,13,atn,dolomites,creation
34,0,1,13,down_power,dolomites,burnin
43,6,0,13,down_power,dolomites,burnin
40,0,15,13,down_power,dolomites,burnin
12,3,1,13,down_power,dolomites,burnin
13,4,0,13,down_power,dolomites,burnin
24,6,0,13,down_power,dolomites,burnin
49,3,0,13,down_power,dolomites,burnin
5,3,1,13,down_power,dolomites,burnin
31,2,0,13,down_power,dolomites,burnin
38,0,13,13,down_power,dolomites,burnin
45,5,0,13,down_power,dolomites,burnin
28,6,1,13,down_power,dolomites,burnin
37,0,14,13,down_power,dolomites,burnin
8,4,0,13,down_power,dolomites,burnin
35,0,13,13,down_power,dolomites,burnin
27,2,1,13,down_power,dolomites,burnin
21,2,1,13,down_power,dolomites,burnin
6,5,1,13,down_power,dolomites,burnin
32,3,1,13,down_power,dolomites,burnin
16,3,0,13,down_power,dolomites,burnin
42,0,21,13,down_power,dolomites,burnin
15,4,1,13,down_power,dolomites,burnin
17,4,0,13,down_power,dolomites,burnin
20,4,1,13,down_power,dolomites,burnin
29,2,1,13,down_power,dolomites,burnin
7,3,0,13,down_power,dolomites,burnin
2,2,0,13,down_power,dolomites,burnin
23,3,1,13,down_power,dolomites,burnin
18,1,0,13,down_power,dolomites,burnin
9,2,1,13,down_power,dolomites,burnin
10,1,1,13,down_power,dolomites,burnin
22,0,1,13,down_power,dolomites,burnin
26,1,0,13,down_power,dolomites,burnin
3,5,0,13,down_power,dolomites,burnin
30,3,0,13,down_power,dolomites,burnin
48,3,0,13,down_power,dolomites,burnin
41,0,11,13,down_power,dolomites,burnin
25,3,0,13,down_power,dolomites,burnin
33,0,1,13,down_power,dolomites,burnin
39,0,16,13,down_power,dolomites,burnin
47,4,0,13,down_power,dolomites,burnin
14,1,0,13,down_power,dolomites,burnin
44,3,0,13,down_power,dolomites,burnin
1,20,1,13,down_power,dolomites,burnin
19,5,1,13,down_power,dolomites,burnin
46,1,0,13,down_power,dolomites,burnin
4,2,1,13,down_power,dolomites,burnin
11,3,1,13,down_power,dolomites,burnin
36,0,14,13,down_power,dolomites,burnin
34,0,40,13,metaweb,dolomites,burnin
43,8,0,13,metaweb,dolomites,burnin
40,0,40,13,metaweb,dolomites,burnin
12,8,0,13,metaweb,dolomites,burnin
13,8,0,13,metaweb,dolomites,burnin
24,8,0,13,metaweb,dolomites,burnin
5,8,0,13,metaweb,dolomites,burnin
31,8,0,13,metaweb,dolomites,burnin
38,0,40,13,metaweb,dolomites,burnin
45,8,0,13,metaweb,dolomites,burnin
28,8,0,13,metaweb,dolomites,burnin
37,0,40,13,metaweb,dolomites,burnin
8,8,0,13,metaweb,dolomites,burnin
35,0,40,13,metaweb,dolomites,burnin
27,8,0,13,metaweb,dolomites,burnin
21,8,0,13,metaweb,dolomites,burnin
6,8,0,13,metaweb,dolomites,burnin
32,8,0,13,metaweb,dolomites,burnin
16,8,0,13,metaweb,dolomites,burnin
42,8,0,13,metaweb,dolomites,burnin
15,8,0,13,metaweb,dolomites,burnin
17,8,0,13,metaweb,dolomites,burnin
20,8,0,13,metaweb,dolomites,burnin
29,8,0,13,metaweb,dolomites,burnin
7,8,0,13,metaweb,dolomites,burnin
2,8,0,13,metaweb,dolomites,burnin
23,8,0,13,metaweb,dolomites,burnin
18,8,0,13,metaweb,dolomites,burnin
9,8,0,13,metaweb,dolomites,burnin
10,8,0,13,metaweb,dolomites,burnin
22,8,0,13,metaweb,dolomites,burnin
26,8,0,13,metaweb,dolomites,burnin
3,8,0,13,metaweb,dolomites,burnin
30,8,0,13,metaweb,dolomites,burnin
48,8,0,13,metaweb,dolomites,burnin
41,8,0,13,metaweb,dolomites,burnin
25,8,0,13,metaweb,dolomites,burnin
33,0,40,13,metaweb,dolomites,burnin
39,0,40,13,metaweb,dolomites,burnin
47,8,0,13,metaweb,dolomites,burnin
14,8,0,13,metaweb,dolomites,burnin
44,8,0,13,metaweb,dolomites,burnin
1,8,0,13,metaweb,dolomites,burnin
19,8,0,13,metaweb,dolomites,burnin
46,8,0,13,metaweb,dolomites,burnin
4,8,0,13,metaweb,dolomites,burnin
11,8,0,13,metaweb,dolomites,burnin
36,0,40,13,metaweb,dolomites,burnin
34,5,3,13,niche,dolomites,burnin
43,1,9,13,niche,dolomites,burnin
40,1,9,13,niche,dolomites,burnin
12,0,3,13,niche,dolomites,burnin
13,1,2,13,niche,dolomites,burnin
24,10,6,13,niche,dolomites,burnin
49,0,7,13,niche,dolomites,burnin
5,12,2,13,niche,dolomites,burnin
31,8,4,13,niche,dolomites,burnin
38,0,6,13,niche,dolomites,burnin
45,0,9,13,niche,dolomites,burnin
28,3,4,13,niche,dolomites,burnin
37,6,6,13,niche,dolomites,burnin
8,6,3,13,niche,dolomites,burnin
35,13,4,13,niche,dolomites,burnin
27,0,3,13,niche,dolomites,burnin
21,4,6,13,niche,dolomites,burnin
6,6,2,13,niche,dolomites,burnin
32,0,4,13,niche,dolomites,burnin
16,7,3,13,niche,dolomites,burnin
42,0,10,13,niche,dolomites,burnin
15,0,2,13,niche,dolomites,burnin
17,8,1,13,niche,dolomites,burnin
20,10,5,13,niche,dolomites,burnin
29,4,5,13,niche,dolomites,burnin
7,9,2,13,niche,dolomites,burnin
2,10,1,13,niche,dolomites,burnin
23,11,6,13,niche,dolomites,burnin
18,4,1,13,niche,dolomites,burnin
9,1,3,13,niche,dolomites,burnin
53,0,5,13,niche,dolomites,burnin
10,1,3,13,niche,dolomites,burnin
22,11,6,13,niche,dolomites,burnin
26,1,4,13,niche,dolomites,burnin
3,12,1,13,niche,dolomites,burnin
30,5,4,13,niche,dolomites,burnin
52,1,3,13,niche,dolomites,burnin
48,0,7,13,niche,dolomites,burnin
51,0,3,13,niche,dolomites,burnin
41,5,9,13,niche,dolomites,burnin
25,12,6,13,niche,dolomites,burnin
33,2,2,13,niche,dolomites,burnin
39,0,8,13,niche,dolomites,burnin
47,0,7,13,niche,dolomites,burnin
14,7,2,13,niche,dolomites,burnin
44,0,9,13,niche,dolomites,burnin
1,6,1,13,niche,dolomites,burnin
19,3,2,13,niche,dolomites,burnin
46,0,7,13,niche,dolomites,burnin
50,0,3,13,niche,dolomites,burnin
4,16,2,13,niche,dolomites,burnin
11,9,3,13,niche,dolomites,burnin
36,3,6,13,niche,dolomites,burnin
34,0,20,13,down_rand,dolomites,burnin
43,4,0,13,down_rand,dolomites,burnin
40,0,17,13,down_rand,dolomites,burnin
12,0,2,13,down_rand,dolomites,burnin
13,4,1,13,down_rand,dolomites,burnin
24,1,0,13,down_rand,dolomites,burnin
49,4,0,13,down_rand,dolomites,burnin
5,5,1,13,down_rand,dolomites,burnin
31,5,0,13,down_rand,dolomites,burnin
38,0,18,13,down_rand,dolomites,burnin
45,5,0,13,down_rand,dolomites,burnin
28,2,0,13,down_rand,dolomites,burnin
37,0,16,13,down_rand,dolomites,burnin
8,2,0,13,down_rand,dolomites,burnin
35,0,21,13,down_rand,dolomites,burnin
27,2,0,13,down_rand,dolomites,burnin
21,5,1,13,down_rand,dolomites,burnin
6,4,1,13,down_rand,dolomites,burnin
32,4,0,13,down_rand,dolomites,burnin
16,5,0,13,down_rand,dolomites,burnin
42,6,0,13,down_rand,dolomites,burnin
15,3,0,13,down_rand,dolomites,burnin
17,3,0,13,down_rand,dolomites,burnin
20,5,0,13,down_rand,dolomites,burnin
29,3,0,13,down_rand,dolomites,burnin
7,5,0,13,down_rand,dolomites,burnin
2,10,1,13,down_rand,dolomites,burnin
23,3,1,13,down_rand,dolomites,burnin
18,3,0,13,down_rand,dolomites,burnin
9,1,1,13,down_rand,dolomites,burnin
10,5,1,13,down_rand,dolomites,burnin
22,7,1,13,down_rand,dolomites,burnin
26,2,0,13,down_rand,dolomites,burnin
3,6,0,13,down_rand,dolomites,burnin
30,3,0,13,down_rand,dolomites,burnin
48,3,0,13,down_rand,dolomites,burnin
41,0,19,13,down_rand,dolomites,burnin
25,3,1,13,down_rand,dolomites,burnin
33,4,0,13,down_rand,dolomites,burnin
39,0,18,13,down_rand,dolomites,burnin
47,2,0,13,down_rand,dolomites,burnin
14,4,0,13,down_rand,dolomites,burnin
44,4,0,13,down_rand,dolomites,burnin
1,6,0,13,down_rand,dolomites,burnin
19,6,2,13,down_rand,dolomites,burnin
46,5,0,13,down_rand,dolomites,burnin
4,5,1,13,down_rand,dolomites,burnin
11,3,1,13,down_rand,dolomites,burnin
36,0,17,13,down_rand,dolomites,burnin
34,0,24,13,down_link,dolomites,burnin
43,4,0,13,down_link,dolomites,burnin
40,0,13,13,down_link,dolomites,burnin
12,4,0,13,down_link,dolomites,burnin
13,4,0,13,down_link,dolomites,burnin
24,4,0,13,down_link,dolomites,burnin
5,4,0,13,down_link,dolomites,burnin
31,4,0,13,down_link,dolomites,burnin
38,0,18,13,down_link,dolomites,burnin
45,5,0,13,down_link,dolomites,burnin
28,3,0,13,down_link,dolomites,burnin
37,0,18,13,down_link,dolomites,burnin
8,2,0,13,down_link,dolomites,burnin
35,0,17,13,down_link,dolomites,burnin
27,2,0,13,down_link,dolomites,burnin
21,3,0,13,down_link,dolomites,burnin
6,3,0,13,down_link,dolomites,burnin
32,2,0,13,down_link,dolomites,burnin
16,3,0,13,down_link,dolomites,burnin
42,4,0,13,down_link,dolomites,burnin
15,5,0,13,down_link,dolomites,burnin
17,4,0,13,down_link,dolomites,burnin
20,3,0,13,down_link,dolomites,burnin
29,4,0,13,down_link,dolomites,burnin
7,4,0,13,down_link,dolomites,burnin
2,3,0,13,down_link,dolomites,burnin
23,6,0,13,down_link,dolomites,burnin
18,4,0,13,down_link,dolomites,burnin
9,3,0,13,down_link,dolomites,burnin
10,4,0,13,down_link,dolomites,burnin
22,3,0,13,down_link,dolomites,burnin
26,3,0,13,down_link,dolomites,burnin
3,4,0,13,down_link,dolomites,burnin
30,4,0,13,down_link,dolomites,burnin
48,5,0,13,down_link,dolomites,burnin
41,3,0,13,down_link,dolomites,burnin
25,4,0,13,down_link,dolomites,burnin
33,0,18,13,down_link,dolomites,burnin
39,0,20,13,down_link,dolomites,burnin
47,3,0,13,down_link,dolomites,burnin
14,5,0,13,down_link,dolomites,burnin
44,3,0,13,down_link,dolomites,burnin
1,2,0,13,down_link,dolomites,burnin
19,4,0,13,down_link,dolomites,burnin
46,2,0,13,down_link,dolomites,burnin
4,5,0,13,down_link,dolomites,burnin
11,2,0,13,down_link,dolomites,burnin
36,0,15,13,down_link,dolomites,burnin
34,0,21,13,down_niche,dolomites,burnin
43,4,0,13,down_niche,dolomites,burnin
40,0,28,13,down_niche,dolomites,burnin
12,4,0,13,down_niche,dolomites,burnin
13,4,0,13,down_niche,dolomites,burnin
24,4,0,13,down_niche,dolomites,burnin
5,4,0,13,down_niche,dolomites,burnin
31,5,0,13,down_niche,dolomites,burnin
38,0,2,13,down_niche,dolomites,burnin
45,4,0,13,down_niche,dolomites,burnin
28,3,0,13,down_niche,dolomites,burnin
37,0,29,13,down_niche,dolomites,burnin
8,5,0,13,down_niche,dolomites,burnin
35,0,29,13,down_niche,dolomites,burnin
27,5,0,13,down_niche,dolomites,burnin
21,5,0,13,down_niche,dolomites,burnin
6,5,0,13,down_niche,dolomites,burnin
32,3,0,13,down_niche,dolomites,burnin
16,4,0,13,down_niche,dolomites,burnin
42,4,0,13,down_niche,dolomites,burnin
15,5,0,13,down_niche,dolomites,burnin
17,5,0,13,down_niche,dolomites,burnin
20,5,0,13,down_niche,dolomites,burnin
29,4,0,13,down_niche,dolomites,burnin
7,3,0,13,down_niche,dolomites,burnin
2,5,0,13,down_niche,dolomites,burnin
23,6,0,13,down_niche,dolomites,burnin
18,6,0,13,down_niche,dolomites,burnin
9,6,0,13,down_niche,dolomites,burnin
10,7,0,13,down_niche,dolomites,burnin
22,4,0,13,down_niche,dolomites,burnin
26,5,0,13,down_niche,dolomites,burnin
3,6,0,13,down_niche,dolomites,burnin
30,5,0,13,down_niche,dolomites,burnin
48,5,0,13,down_niche,dolomites,burnin
41,4,0,13,down_niche,dolomites,burnin
25,4,0,13,down_niche,dolomites,burnin
33,0,13,13,down_niche,dolomites,burnin
39,0,29,13,down_niche,dolomites,burnin
47,4,0,13,down_niche,dolomites,burnin
14,4,0,13,down_niche,dolomites,burnin
44,6,0,13,down_niche,dolomites,burnin
1,3,0,13,down_niche,dolomites,burnin
19,5,0,13,down_niche,dolomites,burnin
46,6,0,13,down_niche,dolomites,burnin
4,3,0,13,down_niche,dolomites,burnin
11,1,0,13,down_niche,dolomites,burnin
36,0,29,13,down_niche,dolomites,burnin
34,0,21,13,down_niche_bodysize,dolomites,burnin
43,4,0,13,down_niche_bodysize,dolomites,burnin
40,0,28,13,down_niche_bodysize,dolomites,burnin
12,4,0,13,down_niche_bodysize,dolomites,burnin
13,4,0,13,down_niche_bodysize,dolomites,burnin
24,4,0,13,down_niche_bodysize,dolomites,burnin
5,4,0,13,down_niche_bodysize,dolomites,burnin
31,5,0,13,down_niche_bodysize,dolomites,burnin
38,0,2,13,down_niche_bodysize,dolomites,burnin
45,4,0,13,down_niche_bodysize,dolomites,burnin
28,3,0,13,down_niche_bodysize,dolomites,burnin
37,0,29,13,down_niche_bodysize,dolomites,burnin
8,5,0,13,down_niche_bodysize,dolomites,burnin
35,0,29,13,down_niche_bodysize,dolomites,burnin
27,5,0,13,down_niche_bodysize,dolomites,burnin
21,5,0,13,down_niche_bodysize,dolomites,burnin
6,5,0,13,down_niche_bodysize,dolomites,burnin
32,3,0,13,down_niche_bodysize,dolomites,burnin
16,4,0,13,down_niche_bodysize,dolomites,burnin
42,4,0,13,down_niche_bodysize,dolomites,burnin
15,5,0,13,down_niche_bodysize,dolomites,burnin
17,5,0,13,down_niche_bodysize,dolomites,burnin
20,5,0,13,down_niche_bodysize,dolomites,burnin
29,4,0,13,down_niche_bodysize,dolomites,burnin
7,3,0,13,down_niche_bodysize,dolomites,burnin
2,5,0,13,down_niche_bodysize,dolomites,burnin
23,6,0,13,down_niche_bodysize,dolomites,burnin
18,6,0,13,down_niche_bodysize,dolomites,burnin
9,6,0,13,down_niche_bodysize,dolomites,burnin
10,7,0,13,down_niche_bodysize,dolomites,burnin
22,4,0,13,down_niche_bodysize,dolomites,burnin
26,5,0,13,down_niche_bodysize,dolomites,burnin
3,6,0,13,down_niche_bodysize,dolomites,burnin
30,5,0,13,down_niche_bodysize,dolomites,burnin
48,5,0,13,down_niche_bodysize,dolomites,burnin
41,4,0,13,down_niche_bodysize,dolomites,burnin
25,4,0,13,down_niche_bodysize,dolomites,burnin
33,0,13,13,down_niche_bodysize,dolomites,burnin
39,0,29,13,down_niche_bodysize,dolomites,burnin
47,4,0,13,down_niche_bodysize,dolomites,burnin
14,4,0,13,down_niche_bodysize,dolomites,burnin
44,6,0,13,down_niche_bodysize,dolomites,burnin
1,3,0,13,down_niche_bodysize,dolomites,burnin
19,5,0,13,down_niche_bodysize,dolomites,burnin
46,6,0,13,down_niche_bodysize,dolomites,burnin
4,3,0,13,down_niche_bodysize,dolomites,burnin
11,1,0,13,down_niche_bodysize,dolomites,burnin
36,0,29,13,down_niche_bodysize,dolomites,burnin
34,7,0,13,atn,dolomites,burnin
43,0,6,13,atn,dolomites,burnin
40,0,23,13,atn,dolomites,burnin
12,5,0,13,atn,dolomites,burnin
13,10,0,13,atn,dolomites,burnin
24,5,0,13,atn,dolomites,burnin
49,6,0,13,atn,dolomites,burnin
5,6,0,13,atn,dolomites,burnin
31,10,0,13,atn,dolomites,burnin
38,0,19,13,atn,dolomites,burnin
45,2,19,13,atn,dolomites,burnin
28,5,0,13,atn,dolomites,burnin
37,0,14,13,atn,dolomites,burnin
8,10,0,13,atn,dolomites,burnin
35,0,3,13,atn,dolomites,burnin
27,5,0,13,atn,dolomites,burnin
21,7,0,13,atn,dolomites,burnin
6,5,0,13,atn,dolomites,burnin
32,5,0,13,atn,dolomites,burnin
16,7,0,13,atn,dolomites,burnin
42,0,3,13,atn,dolomites,burnin
15,5,0,13,atn,dolomites,burnin
17,7,0,13,atn,dolomites,burnin
20,4,23,13,atn,dolomites,burnin
29,6,0,13,atn,dolomites,burnin
7,6,2,13,atn,dolomites,burnin
2,14,0,13,atn,dolomites,burnin
23,7,0,13,atn,dolomites,burnin
18,4,5,13,atn,dolomites,burnin
9,6,2,13,atn,dolomites,burnin
10,6,2,13,atn,dolomites,burnin
22,6,2,13,atn,dolomites,burnin
26,6,0,13,atn,dolomites,burnin
3,14,0,13,atn,dolomites,burnin
30,4,2,13,atn,dolomites,burnin
48,6,5,13,atn,dolomites,burnin
41,0,5,13,atn,dolomites,burnin
25,6,8,13,atn,dolomites,burnin
33,6,0,13,atn,dolomites,burnin
39,0,28,13,atn,dolomites,burnin
47,6,23,13,atn,dolomites,burnin
14,7,0,13,atn,dolomites,burnin
44,0,14,13,atn,dolomites,burnin
1,5,0,13,atn,dolomites,burnin
19,6,5,13,atn,dolomites,burnin
46,4,28,13,atn,dolomites,burnin
4,7,0,13,atn,dolomites,burnin
11,6,2,13,atn,dolomites,burnin
36,0,6,13,atn,dolomites,burnin
56,3,0,14,down_power,dolomites,creation
34,3,5,14,down_power,dolomites,creation
43,22,7,14,down_power,dolomites,creation
40,6,2,14,down_power,dolomites,creation
12,7,6,14,down_power,dolomites,creation
13,7,2,14,down_power,dolomites,creation
24,5,2,14,down_power,dolomites,creation
49,0,28,14,down_power,dolomites,creation
5,23,2,14,down_power,dolomites,creation
31,6,5,14,down_power,dolomites,creation
38,6,5,14,down_power,dolomites,creation
45,0,33,14,down_power,dolomites,creation
28,6,6,14,down_power,dolomites,creation
37,4,7,14,down_power,dolomites,creation
8,5,0,14,down_power,dolomites,creation
35,4,7,14,down_power,dolomites,creation
27,5,6,14,down_power,dolomites,creation
21,7,5,14,down_power,dolomites,creation
6,24,7,14,down_power,dolomites,creation
32,6,0,14,down_power,dolomites,creation
16,3,6,14,down_power,dolomites,creation
57,5,1,14,down_power,dolomites,creation
42,35,5,14,down_power,dolomites,creation
15,5,4,14,down_power,dolomites,creation
17,5,5,14,down_power,dolomites,creation
20,4,5,14,down_power,dolomites,creation
29,7,3,14,down_power,dolomites,creation
7,15,6,14,down_power,dolomites,creation
2,13,1,14,down_power,dolomites,creation
23,4,0,14,down_power,dolomites,creation
18,5,7,14,down_power,dolomites,creation
9,6,1,14,down_power,dolomites,creation
55,5,1,14,down_power,dolomites,creation
53,7,1,14,down_power,dolomites,creation
10,4,8,14,down_power,dolomites,creation
22,8,2,14,down_power,dolomites,creation
26,6,7,14,down_power,dolomites,creation
3,12,2,14,down_power,dolomites,creation
30,4,1,14,down_power,dolomites,creation
52,6,1,14,down_power,dolomites,creation
48,0,26,14,down_power,dolomites,creation
54,4,0,14,down_power,dolomites,creation
51,0,27,14,down_power,dolomites,creation
41,35,6,14,down_power,dolomites,creation
25,7,7,14,down_power,dolomites,creation
33,5,6,14,down_power,dolomites,creation
58,5,1,14,down_power,dolomites,creation
39,8,5,14,down_power,dolomites,creation
47,0,30,14,down_power,dolomites,creation
14,6,0,14,down_power,dolomites,creation
44,0,35,14,down_power,dolomites,creation
1,6,7,14,down_power,dolomites,creation
19,5,7,14,down_power,dolomites,creation
46,0,26,14,down_power,dolomites,creation
50,0,31,14,down_power,dolomites,creation
59,5,1,14,down_power,dolomites,creation
4,25,2,14,down_power,dolomites,creation
11,4,8,14,down_power,dolomites,creation
36,6,2,14,down_power,dolomites,creation
56,8,1,14,metaweb,dolomites,creation
34,8,7,14,metaweb,dolomites,creation
43,28,7,14,metaweb,dolomites,creation
40,8,2,14,metaweb,dolomites,creation
12,8,8,14,metaweb,dolomites,creation
13,8,2,14,metaweb,dolomites,creation
24,8,2,14,metaweb,dolomites,creation
49,0,43,14,metaweb,dolomites,creation
5,31,4,14,metaweb,dolomites,creation
31,8,8,14,metaweb,dolomites,creation
38,8,7,14,metaweb,dolomites,creation
45,0,43,14,metaweb,dolomites,creation
28,8,7,14,metaweb,dolomites,creation
37,8,7,14,metaweb,dolomites,creation
8,8,1,14,metaweb,dolomites,creation
35,8,7,14,metaweb,dolomites,creation
27,8,8,14,metaweb,dolomites,creation
21,8,7,14,metaweb,dolomites,creation
6,27,7,14,metaweb,dolomites,creation
32,8,0,14,metaweb,dolomites,creation
16,8,7,14,metaweb,dolomites,creation
57,8,1,14,metaweb,dolomites,creation
42,35,7,14,metaweb,dolomites,creation
15,8,4,14,metaweb,dolomites,creation
17,8,7,14,metaweb,dolomites,creation
20,8,7,14,metaweb,dolomites,creation
29,8,7,14,metaweb,dolomites,creation
7,20,7,14,metaweb,dolomites,creation
2,18,2,14,metaweb,dolomites,creation
23,8,2,14,metaweb,dolomites,creation
18,8,7,14,metaweb,dolomites,creation
9,8,1,14,metaweb,dolomites,creation
55,8,1,14,metaweb,dolomites,creation
53,8,1,14,metaweb,dolomites,creation
10,8,8,14,metaweb,dolomites,creation
22,8,2,14,metaweb,dolomites,creation
26,8,8,14,metaweb,dolomites,creation
3,18,2,14,metaweb,dolomites,creation
30,8,2,14,metaweb,dolomites,creation
52,8,1,14,metaweb,dolomites,creation
48,0,43,14,metaweb,dolomites,creation
54,8,1,14,metaweb,dolomites,creation
51,0,43,14,metaweb,dolomites,creation
41,35,7,14,metaweb,dolomites,creation
25,8,8,14,metaweb,dolomites,creation
33,8,7,14,metaweb,dolomites,creation
58,8,1,14,metaweb,dolomites,creation
39,8,7,14,metaweb,dolomites,creation
47,0,43,14,metaweb,dolomites,creation
14,8,0,14,metaweb,dolomites,creation
44,0,43,14,metaweb,dolomites,creation
1,10,8,14,metaweb,dolomites,creation
19,8,7,14,metaweb,dolomites,creation
46,0,43,14,metaweb,dolomites,creation
50,0,43,14,metaweb,dolomites,creation
59,8,1,14,metaweb,dolomites,creation
4,31,4,14,metaweb,dolomites,creation
11,8,8,14,metaweb,dolomites,creation
36,8,2,14,metaweb,dolomites,creation
56,2,7,14,niche,dolomites,creation
34,0,15,14,niche,dolomites,creation
43,1,10,14,niche,dolomites,creation
40,13,12,14,niche,dolomites,creation
12,17,1,14,niche,dolomites,creation
13,32,1,14,niche,dolomites,creation
24,14,9,14,niche,dolomites,creation
49,3,13,14,niche,dolomites,creation
5,14,0,14,niche,dolomites,creation
31,1,13,14,niche,dolomites,creation
38,6,11,14,niche,dolomites,creation
45,12,12,14,niche,dolomites,creation
28,4,13,14,niche,dolomites,creation
37,1,11,14,niche,dolomites,creation
8,22,0,14,niche,dolomites,creation
35,3,13,14,niche,dolomites,creation
27,12,12,14,niche,dolomites,creation
21,9,8,14,niche,dolomites,creation
6,34,0,14,niche,dolomites,creation
32,22,13,14,niche,dolomites,creation
16,1,1,14,niche,dolomites,creation
57,0,2,14,niche,dolomites,creation
42,3,11,14,niche,dolomites,creation
15,21,1,14,niche,dolomites,creation
17,26,1,14,niche,dolomites,creation
20,0,5,14,niche,dolomites,creation
29,1,13,14,niche,dolomites,creation
7,29,0,14,niche,dolomites,creation
2,10,0,14,niche,dolomites,creation
23,12,7,14,niche,dolomites,creation
18,1,2,14,niche,dolomites,creation
9,1,0,14,niche,dolomites,creation
55,1,18,14,niche,dolomites,creation
53,0,14,14,niche,dolomites,creation
10,11,1,14,niche,dolomites,creation
22,2,7,14,niche,dolomites,creation
26,1,10,14,niche,dolomites,creation
3,16,0,14,niche,dolomites,creation
30,0,13,14,niche,dolomites,creation
52,1,13,14,niche,dolomites,creation
48,2,13,14,niche,dolomites,creation
54,0,15,14,niche,dolomites,creation
51,0,13,14,niche,dolomites,creation
41,0,11,14,niche,dolomites,creation
25,6,9,14,niche,dolomites,creation
33,3,13,14,niche,dolomites,creation
58,0,1,14,niche,dolomites,creation
39,14,11,14,niche,dolomites,creation
47,3,15,14,niche,dolomites,creation
14,3,1,14,niche,dolomites,creation
44,1,13,14,niche,dolomites,creation
1,6,0,14,niche,dolomites,creation
19,36,2,14,niche,dolomites,creation
46,1,12,14,niche,dolomites,creation
50,0,13,14,niche,dolomites,creation
59,0,1,14,niche,dolomites,creation
4,10,0,14,niche,dolomites,creation
11,3,1,14,niche,dolomites,creation
36,4,14,14,niche,dolomites,creation
56,7,1,14,down_rand,dolomites,creation
34,5,5,14,down_rand,dolomites,creation
43,20,7,14,down_rand,dolomites,creation
40,6,2,14,down_rand,dolomites,creation
12,7,6,14,down_rand,dolomites,creation
13,4,2,14,down_rand,dolomites,creation
24,5,2,14,down_rand,dolomites,creation
49,0,28,14,down_rand,dolomites,creation
5,21,3,14,down_rand,dolomites,creation
31,7,3,14,down_rand,dolomites,creation
38,6,3,14,down_rand,dolomites,creation
45,0,34,14,down_rand,dolomites,creation
28,7,6,14,down_rand,dolomites,creation
37,5,6,14,down_rand,dolomites,creation
8,5,1,14,down_rand,dolomites,creation
35,6,5,14,down_rand,dolomites,creation
27,8,6,14,down_rand,dolomites,creation
21,5,6,14,down_rand,dolomites,creation
6,20,5,14,down_rand,dolomites,creation
32,7,0,14,down_rand,dolomites,creation
16,6,4,14,down_rand,dolomites,creation
57,7,1,14,down_rand,dolomites,creation
42,28,4,14,down_rand,dolomites,creation
15,6,4,14,down_rand,dolomites,creation
17,5,6,14,down_rand,dolomites,creation
20,5,7,14,down_rand,dolomites,creation
29,7,4,14,down_rand,dolomites,creation
7,18,6,14,down_rand,dolomites,creation
2,14,1,14,down_rand,dolomites,creation
23,7,1,14,down_rand,dolomites,creation
18,6,4,14,down_rand,dolomites,creation
9,6,1,14,down_rand,dolomites,creation
55,5,1,14,down_rand,dolomites,creation
53,6,0,14,down_rand,dolomites,creation
10,7,5,14,down_rand,dolomites,creation
22,4,1,14,down_rand,dolomites,creation
26,6,7,14,down_rand,dolomites,creation
3,10,1,14,down_rand,dolomites,creation
30,6,1,14,down_rand,dolomites,creation
52,6,1,14,down_rand,dolomites,creation
48,0,35,14,down_rand,dolomites,creation
54,6,1,14,down_rand,dolomites,creation
51,0,29,14,down_rand,dolomites,creation
41,23,7,14,down_rand,dolomites,creation
25,6,6,14,down_rand,dolomites,creation
33,5,5,14,down_rand,dolomites,creation
58,5,0,14,down_rand,dolomites,creation
39,5,7,14,down_rand,dolomites,creation
47,0,34,14,down_rand,dolomites,creation
14,6,0,14,down_rand,dolomites,creation
44,0,30,14,down_rand,dolomites,creation
1,8,6,14,down_rand,dolomites,creation
19,6,4,14,down_rand,dolomites,creation
46,0,30,14,down_rand,dolomites,creation
50,0,34,14,down_rand,dolomites,creation
59,6,1,14,down_rand,dolomites,creation
4,24,1,14,down_rand,dolomites,creation
11,6,6,14,down_rand,dolomites,creation
36,7,2,14,down_rand,dolomites,creation
56,6,1,14,down_link,dolomites,creation
34,3,5,14,down_link,dolomites,creation
43,21,7,14,down_link,dolomites,creation
40,8,2,14,down_link,dolomites,creation
12,8,6,14,down_link,dolomites,creation
13,6,2,14,down_link,dolomites,creation
24,6,2,14,down_link,dolomites,creation
49,0,30,14,down_link,dolomites,creation
5,23,4,14,down_link,dolomites,creation
31,7,7,14,down_link,dolomites,creation
38,6,6,14,down_link,dolomites,creation
45,0,28,14,down_link,dolomites,creation
28,5,5,14,down_link,dolomites,creation
37,7,6,14,down_link,dolomites,creation
8,4,1,14,down_link,dolomites,creation
35,8,6,14,down_link,dolomites,creation
27,5,7,14,down_link,dolomites,creation
21,6,6,14,down_link,dolomites,creation
6,22,6,14,down_link,dolomites,creation
32,8,0,14,down_link,dolomites,creation
16,5,6,14,down_link,dolomites,creation
57,7,1,14,down_link,dolomites,creation
42,22,7,14,down_link,dolomites,creation
15,6,3,14,down_link,dolomites,creation
17,7,5,14,down_link,dolomites,creation
20,6,6,14,down_link,dolomites,creation
29,5,6,14,down_link,dolomites,creation
7,19,6,14,down_link,dolomites,creation
2,13,2,14,down_link,dolomites,creation
23,6,1,14,down_link,dolomites,creation
18,8,5,14,down_link,dolomites,creation
9,5,1,14,down_link,dolomites,creation
55,6,1,14,down_link,dolomites,creation
53,5,1,14,down_link,dolomites,creation
10,6,5,14,down_link,dolomites,creation
22,4,2,14,down_link,dolomites,creation
26,5,6,14,down_link,dolomites,creation
3,16,2,14,down_link,dolomites,creation
30,4,2,14,down_link,dolomites,creation
52,4,1,14,down_link,dolomites,creation
48,0,33,14,down_link,dolomites,creation
54,3,1,14,down_link,dolomites,creation
51,0,30,14,down_link,dolomites,creation
41,26,5,14,down_link,dolomites,creation
25,6,6,14,down_link,dolomites,creation
33,7,5,14,down_link,dolomites,creation
58,4,1,14,down_link,dolomites,creation
39,5,5,14,down_link,dolomites,creation
47,0,23,14,down_link,dolomites,creation
14,5,0,14,down_link,dolomites,creation
44,0,27,14,down_link,dolomites,creation
1,9,8,14,down_link,dolomites,creation
19,6,6,14,down_link,dolomites,creation
46,0,28,14,down_link,dolomites,creation
50,0,33,14,down_link,dolomites,creation
59,5,1,14,down_link,dolomites,creation
4,23,4,14,down_link,dolomites,creation
11,5,5,14,down_link,dolomites,creation
36,7,2,14,down_link,dolomites,creation
56,7,1,14,down_niche,dolomites,creation
34,8,3,14,down_niche,dolomites,creation
43,17,4,14,down_niche,dolomites,creation
40,7,0,14,down_niche,dolomites,creation
12,7,5,14,down_niche,dolomites,creation
13,7,1,14,down_niche,dolomites,creation
24,7,2,14,down_niche,dolomites,creation
49,0,38,14,down_niche,dolomites,creation
5,19,1,14,down_niche,dolomites,creation
31,5,8,14,down_niche,dolomites,creation
38,6,7,14,down_niche,dolomites,creation
45,0,37,14,down_niche,dolomites,creation
28,6,6,14,down_niche,dolomites,creation
37,6,5,14,down_niche,dolomites,creation
8,7,0,14,down_niche,dolomites,creation
35,6,6,14,down_niche,dolomites,creation
27,7,7,14,down_niche,dolomites,creation
21,4,6,14,down_niche,dolomites,creation
6,12,0,14,down_niche,dolomites,creation
32,7,0,14,down_niche,dolomites,creation
16,7,5,14,down_niche,dolomites,creation
57,6,0,14,down_niche,dolomites,creation
42,24,5,14,down_niche,dolomites,creation
15,7,2,14,down_niche,dolomites,creation
17,7,5,14,down_niche,dolomites,creation
20,6,4,14,down_niche,dolomites,creation
29,6,6,14,down_niche,dolomites,creation
7,14,1,14,down_niche,dolomites,creation
2,10,0,14,down_niche,dolomites,creation
23,8,2,14,down_niche,dolomites,creation
18,8,4,14,down_niche,dolomites,creation
9,7,1,14,down_niche,dolomites,creation
55,6,1,14,down_niche,dolomites,creation
53,7,1,14,down_niche,dolomites,creation
10,7,6,14,down_niche,dolomites,creation
22,7,2,14,down_niche,dolomites,creation
26,7,6,14,down_niche,dolomites,creation
3,8,0,14,down_niche,dolomites,creation
30,8,2,14,down_niche,dolomites,creation
52,5,1,14,down_niche,dolomites,creation
48,0,37,14,down_niche,dolomites,creation
54,7,1,14,down_niche,dolomites,creation
51,0,38,14,down_niche,dolomites,creation
41,23,5,14,down_niche,dolomites,creation
25,7,4,14,down_niche,dolomites,creation
33,8,5,14,down_niche,dolomites,creation
58,7,1,14,down_niche,dolomites,creation
39,7,6,14,down_niche,dolomites,creation
47,0,35,14,down_niche,dolomites,creation
14,8,0,14,down_niche,dolomites,creation
44,0,36,14,down_niche,dolomites,creation
1,8,2,14,down_niche,dolomites,creation
19,7,6,14,down_niche,dolomites,creation
46,0,37,14,down_niche,dolomites,creation
50,0,16,14,down_niche,dolomites,creation
59,7,1,14,down_niche,dolomites,creation
4,18,0,14,down_niche,dolomites,creation
11,5,6,14,down_niche,dolomites,creation
36,7,2,14,down_niche,dolomites,creation
56,7,1,14,down_niche_bodysize,dolomites,creation
34,8,3,14,down_niche_bodysize,dolomites,creation
43,17,4,14,down_niche_bodysize,dolomites,creation
40,7,0,14,down_niche_bodysize,dolomites,creation
12,7,5,14,down_niche_bodysize,dolomites,creation
13,7,1,14,down_niche_bodysize,dolomites,creation
24,7,2,14,down_niche_bodysize,dolomites,creation
49,0,38,14,down_niche_bodysize,dolomites,creation
5,19,1,14,down_niche_bodysize,dolomites,creation
31,5,8,14,down_niche_bodysize,dolomites,creation
38,6,7,14,down_niche_bodysize,dolomites,creation
45,0,37,14,down_niche_bodysize,dolomites,creation
28,6,6,14,down_niche_bodysize,dolomites,creation
37,6,5,14,down_niche_bodysize,dolomites,creation
8,7,0,14,down_niche_bodysize,dolomites,creation
35,6,6,14,down_niche_bodysize,dolomites,creation
27,7,7,14,down_niche_bodysize,dolomites,creation
21,4,6,14,down_niche_bodysize,dolomites,creation
6,12,0,14,down_niche_bodysize,dolomites,creation
32,7,0,14,down_niche_bodysize,dolomites,creation
16,7,5,14,down_niche_bodysize,dolomites,creation
57,6,0,14,down_niche_bodysize,dolomites,creation
42,24,5,14,down_niche_bodysize,dolomites,creation
15,7,2,14,down_niche_bodysize,dolomites,creation
17,7,5,14,down_niche_bodysize,dolomites,creation
20,6,4,14,down_niche_bodysize,dolomites,creation
29,6,6,14,down_niche_bodysize,dolomites,creation
7,14,1,14,down_niche_bodysize,dolomites,creation
2,10,0,14,down_niche_bodysize,dolomites,creation
23,8,2,14,down_niche_bodysize,dolomites,creation
18,8,4,14,down_niche_bodysize,dolomites,creation
9,7,1,14,down_niche_bodysize,dolomites,creation
55,6,1,14,down_niche_bodysize,dolomites,creation
53,7,1,14,down_niche_bodysize,dolomites,creation
10,7,6,14,down_niche_bodysize,dolomites,creation
22,7,2,14,down_niche_bodysize,dolomites,creation
26,7,6,14,down_niche_bodysize,dolomites,creation
3,8,0,14,down_niche_bodysize,dolomites,creation
30,8,2,14,down_niche_bodysize,dolomites,creation
52,5,1,14,down_niche_bodysize,dolomites,creation
48,0,37,14,down_niche_bodysize,dolomites,creation
54,7,1,14,down_niche_bodysize,dolomites,creation
51,0,38,14,down_niche_bodysize,dolomites,creation
41,23,5,14,down_niche_bodysize,dolomites,creation
25,7,4,14,down_niche_bodysize,dolomites,creation
33,8,5,14,down_niche_bodysize,dolomites,creation
58,7,1,14,down_niche_bodysize,dolomites,creation
39,7,6,14,down_niche_bodysize,dolomites,creation
47,0,35,14,down_niche_bodysize,dolomites,creation
14,8,0,14,down_niche_bodysize,dolomites,creation
44,0,36,14,down_niche_bodysize,dolomites,creation
1,8,2,14,down_niche_bodysize,dolomites,creation
19,7,6,14,down_niche_bodysize,dolomites,creation
46,0,37,14,down_niche_bodysize,dolomites,creation
50,0,16,14,down_niche_bodysize,dolomites,creation
59,7,1,14,down_niche_bodysize,dolomites,creation
4,18,0,14,down_niche_bodysize,dolomites,creation
11,5,6,14,down_niche_bodysize,dolomites,creation
36,7,2,14,down_niche_bodysize,dolomites,creation
56,6,40,14,atn,dolomites,creation
34,8,0,14,atn,dolomites,creation
43,8,0,14,atn,dolomites,creation
40,8,0,14,atn,dolomites,creation
12,6,0,14,atn,dolomites,creation
13,6,21,14,atn,dolomites,creation
24,6,17,14,atn,dolomites,creation
49,0,33,14,atn,dolomites,creation
5,11,0,14,atn,dolomites,creation
31,12,0,14,atn,dolomites,creation
38,8,0,14,atn,dolomites,creation
45,0,9,14,atn,dolomites,creation
28,12,0,14,atn,dolomites,creation
37,13,0,14,atn,dolomites,creation
8,11,0,14,atn,dolomites,creation
35,10,0,14,atn,dolomites,creation
27,6,1,14,atn,dolomites,creation
21,9,0,14,atn,dolomites,creation
6,13,0,14,atn,dolomites,creation
32,11,0,14,atn,dolomites,creation
16,13,0,14,atn,dolomites,creation
57,8,33,14,atn,dolomites,creation
42,13,0,14,atn,dolomites,creation
15,11,0,14,atn,dolomites,creation
17,13,0,14,atn,dolomites,creation
20,9,0,14,atn,dolomites,creation
29,9,0,14,atn,dolomites,creation
7,6,0,14,atn,dolomites,creation
2,14,0,14,atn,dolomites,creation
23,6,30,14,atn,dolomites,creation
18,10,0,14,atn,dolomites,creation
9,8,0,14,atn,dolomites,creation
55,4,38,14,atn,dolomites,creation
53,0,9,14,atn,dolomites,creation
10,13,0,14,atn,dolomites,creation
22,6,34,14,atn,dolomites,creation
26,7,0,14,atn,dolomites,creation
3,12,0,14,atn,dolomites,creation
30,6,24,14,atn,dolomites,creation
52,0,5,14,atn,dolomites,creation
48,0,40,14,atn,dolomites,creation
54,2,17,14,atn,dolomites,creation
51,0,0,14,atn,dolomites,creation
41,12,0,14,atn,dolomites,creation
25,10,0,14,atn,dolomites,creation
33,13,0,14,atn,dolomites,creation
58,8,14,14,atn,dolomites,creation
39,9,0,14,atn,dolomites,creation
47,0,38,14,atn,dolomites,creation
14,9,0,14,atn,dolomites,creation
44,0,5,14,atn,dolomites,creation
1,10,0,14,atn,dolomites,creation
19,8,0,14,atn,dolomites,creation
46,0,17,14,atn,dolomites,creation
50,0,14,14,atn,dolomites,creation
59,9,0,14,atn,dolomites,creation
4,12,0,14,atn,dolomites,creation
11,6,1,14,atn,dolomites,creation
36,6,6,14,atn,dolomites,creation
34,0,30,14,down_power,dolomites,burnin
43,4,0,14,down_power,dolomites,burnin
40,0,24,14,down_power,dolomites,burnin
12,5,0,14,down_power,dolomites,burnin
13,4,0,14,down_power,dolomites,burnin
24,6,0,14,down_power,dolomites,burnin
5,7,0,14,down_power,dolomites,burnin
31,6,0,14,down_power,dolomites,burnin
38,0,25,14,down_power,dolomites,burnin
45,3,0,14,down_power,dolomites,burnin
28,4,0,14,down_power,dolomites,burnin
37,0,23,14,down_power,dolomites,burnin
8,5,0,14,down_power,dolomites,burnin
35,0,23,14,down_power,dolomites,burnin
27,3,0,14,down_power,dolomites,burnin
21,6,0,14,down_power,dolomites,burnin
6,7,0,14,down_power,dolomites,burnin
32,8,0,14,down_power,dolomites,burnin
16,4,0,14,down_power,dolomites,burnin
42,7,0,14,down_power,dolomites,burnin
15,8,0,14,down_power,dolomites,burnin
17,5,0,14,down_power,dolomites,burnin
20,5,0,14,down_power,dolomites,burnin
29,6,0,14,down_power,dolomites,burnin
7,6,0,14,down_power,dolomites,burnin
2,6,0,14,down_power,dolomites,burnin
23,4,0,14,down_power,dolomites,burnin
18,7,0,14,down_power,dolomites,burnin
9,3,0,14,down_power,dolomites,burnin
10,5,0,14,down_power,dolomites,burnin
22,7,0,14,down_power,dolomites,burnin
26,5,0,14,down_power,dolomites,burnin
3,4,0,14,down_power,dolomites,burnin
30,4,0,14,down_power,dolomites,burnin
48,5,0,14,down_power,dolomites,burnin
41,6,0,14,down_power,dolomites,burnin
25,6,0,14,down_power,dolomites,burnin
33,0,33,14,down_power,dolomites,burnin
39,0,28,14,down_power,dolomites,burnin
47,5,0,14,down_power,dolomites,burnin
14,7,0,14,down_power,dolomites,burnin
44,5,0,14,down_power,dolomites,burnin
1,5,0,14,down_power,dolomites,burnin
19,6,0,14,down_power,dolomites,burnin
46,5,0,14,down_power,dolomites,burnin
4,4,0,14,down_power,dolomites,burnin
11,5,0,14,down_power,dolomites,burnin
36,0,27,14,down_power,dolomites,burnin
34,0,40,14,metaweb,dolomites,burnin
43,8,0,14,metaweb,dolomites,burnin
40,0,40,14,metaweb,dolomites,burnin
12,8,0,14,metaweb,dolomites,burnin
13,8,0,14,metaweb,dolomites,burnin
24,8,0,14,metaweb,dolomites,burnin
5,8,0,14,metaweb,dolomites,burnin
31,8,0,14,metaweb,dolomites,burnin
38,0,40,14,metaweb,dolomites,burnin
45,8,0,14,metaweb,dolomites,burnin
28,8,0,14,metaweb,dolomites,burnin
37,0,40,14,metaweb,dolomites,burnin
8,8,0,14,metaweb,dolomites,burnin
35,0,40,14,metaweb,dolomites,burnin
27,8,0,14,metaweb,dolomites,burnin
21,8,0,14,metaweb,dolomites,burnin
6,8,0,14,metaweb,dolomites,burnin
32,8,0,14,metaweb,dolomites,burnin
16,8,0,14,metaweb,dolomites,burnin
42,8,0,14,metaweb,dolomites,burnin
15,8,0,14,metaweb,dolomites,burnin
17,8,0,14,metaweb,dolomites,burnin
20,8,0,14,metaweb,dolomites,burnin
29,8,0,14,metaweb,dolomites,burnin
7,8,0,14,metaweb,dolomites,burnin
2,8,0,14,metaweb,dolomites,burnin
23,8,0,14,metaweb,dolomites,burnin
18,8,0,14,metaweb,dolomites,burnin
9,8,0,14,metaweb,dolomites,burnin
10,8,0,14,metaweb,dolomites,burnin
22,8,0,14,metaweb,dolomites,burnin
26,8,0,14,metaweb,dolomites,burnin
3,8,0,14,metaweb,dolomites,burnin
30,8,0,14,metaweb,dolomites,burnin
48,8,0,14,metaweb,dolomites,burnin
41,8,0,14,metaweb,dolomites,burnin
25,8,0,14,metaweb,dolomites,burnin
33,0,40,14,metaweb,dolomites,burnin
39,0,40,14,metaweb,dolomites,burnin
47,8,0,14,metaweb,dolomites,burnin
14,8,0,14,metaweb,dolomites,burnin
44,8,0,14,metaweb,dolomites,burnin
1,8,0,14,metaweb,dolomites,burnin
19,8,0,14,metaweb,dolomites,burnin
46,8,0,14,metaweb,dolomites,burnin
4,8,0,14,metaweb,dolomites,burnin
11,8,0,14,metaweb,dolomites,burnin
36,0,40,14,metaweb,dolomites,burnin
17,0,2,14,niche,dolomites,burnin
20,3,5,14,niche,dolomites,burnin
29,2,7,14,niche,dolomites,burnin
7,1,1,14,niche,dolomites,burnin
2,10,0,14,niche,dolomites,burnin
23,0,5,14,niche,dolomites,burnin
12,3,3,14,niche,dolomites,burnin
18,3,2,14,niche,dolomites,burnin
13,4,3,14,niche,dolomites,burnin
9,1,2,14,niche,dolomites,burnin
24,0,5,14,niche,dolomites,burnin
10,3,2,14,niche,dolomites,burnin
22,3,5,14,niche,dolomites,burnin
26,0,8,14,niche,dolomites,burnin
3,8,0,14,niche,dolomites,burnin
5,9,0,14,niche,dolomites,burnin
30,0,2,14,niche,dolomites,burnin
31,0,1,14,niche,dolomites,burnin
28,1,9,14,niche,dolomites,burnin
8,0,2,14,niche,dolomites,burnin
25,1,6,14,niche,dolomites,burnin
27,0,9,14,niche,dolomites,burnin
21,2,5,14,niche,dolomites,burnin
14,6,2,14,niche,dolomites,burnin
6,4,1,14,niche,dolomites,burnin
1,5,0,14,niche,dolomites,burnin
19,10,3,14,niche,dolomites,burnin
32,0,1,14,niche,dolomites,burnin
16,10,3,14,niche,dolomites,burnin
4,1,0,14,niche,dolomites,burnin
15,10,2,14,niche,dolomites,burnin
11,0,4,14,niche,dolomites,burnin
34,0,32,14,down_rand,dolomites,burnin
43,6,0,14,down_rand,dolomites,burnin
40,0,27,14,down_rand,dolomites,burnin
12,6,0,14,down_rand,dolomites,burnin
13,5,0,14,down_rand,dolomites,burnin
24,7,0,14,down_rand,dolomites,burnin
5,7,0,14,down_rand,dolomites,burnin
31,6,0,14,down_rand,dolomites,burnin
38,0,26,14,down_rand,dolomites,burnin
45,7,0,14,down_rand,dolomites,burnin
28,6,0,14,down_rand,dolomites,burnin
37,0,32,14,down_rand,dolomites,burnin
8,6,0,14,down_rand,dolomites,burnin
35,0,27,14,down_rand,dolomites,burnin
27,5,0,14,down_rand,dolomites,burnin
21,7,0,14,down_rand,dolomites,burnin
6,4,0,14,down_rand,dolomites,burnin
32,5,0,14,down_rand,dolomites,burnin
16,7,0,14,down_rand,dolomites,burnin
42,6,0,14,down_rand,dolomites,burnin
15,4,0,14,down_rand,dolomites,burnin
17,5,0,14,down_rand,dolomites,burnin
20,8,0,14,down_rand,dolomites,burnin
29,7,0,14,down_rand,dolomites,burnin
7,6,0,14,down_rand,dolomites,burnin
2,6,0,14,down_rand,dolomites,burnin
23,6,0,14,down_rand,dolomites,burnin
18,6,0,14,down_rand,dolomites,burnin
9,6,0,14,down_rand,dolomites,burnin
10,5,0,14,down_rand,dolomites,burnin
22,7,0,14,down_rand,dolomites,burnin
26,5,0,14,down_rand,dolomites,burnin
3,7,0,14,down_rand,dolomites,burnin
30,5,0,14,down_rand,dolomites,burnin
48,6,0,14,down_rand,dolomites,burnin
41,6,0,14,down_rand,dolomites,burnin
25,7,0,14,down_rand,dolomites,burnin
33,0,30,14,down_rand,dolomites,burnin
39,0,31,14,down_rand,dolomites,burnin
47,5,0,14,down_rand,dolomites,burnin
14,5,0,14,down_rand,dolomites,burnin
44,5,0,14,down_rand,dolomites,burnin
1,5,0,14,down_rand,dolomites,burnin
19,6,0,14,down_rand,dolomites,burnin
46,7,0,14,down_rand,dolomites,burnin
4,6,0,14,down_rand,dolomites,burnin
11,6,0,14,down_rand,dolomites,burnin
36,0,32,14,down_rand,dolomites,burnin
34,0,28,14,down_link,dolomites,burnin
43,3,0,14,down_link,dolomites,burnin
40,0,30,14,down_link,dolomites,burnin
12,6,0,14,down_link,dolomites,burnin
13,6,0,14,down_link,dolomites,burnin
24,7,0,14,down_link,dolomites,burnin
5,8,0,14,down_link,dolomites,burnin
31,6,0,14,down_link,dolomites,burnin
38,0,29,14,down_link,dolomites,burnin
45,6,0,14,down_link,dolomites,burnin
28,8,0,14,down_link,dolomites,burnin
37,0,32,14,down_link,dolomites,burnin
8,6,0,14,down_link,dolomites,burnin
35,0,28,14,down_link,dolomites,burnin
27,3,0,14,down_link,dolomites,burnin
21,5,0,14,down_link,dolomites,burnin
6,6,0,14,down_link,dolomites,burnin
32,5,0,14,down_link,dolomites,burnin
16,6,0,14,down_link,dolomites,burnin
42,5,0,14,down_link,dolomites,burnin
15,4,0,14,down_link,dolomites,burnin
17,6,0,14,down_link,dolomites,burnin
20,5,0,14,down_link,dolomites,burnin
29,7,0,14,down_link,dolomites,burnin
7,5,0,14,down_link,dolomites,burnin
2,5,0,14,down_link,dolomites,burnin
23,4,0,14,down_link,dolomites,burnin
18,6,0,14,down_link,dolomites,burnin
9,5,0,14,down_link,dolomites,burnin
10,7,0,14,down_link,dolomites,burnin
22,5,0,14,down_link,dolomites,burnin
26,7,0,14,down_link,dolomites,burnin
3,6,0,14,down_link,dolomites,burnin
30,7,0,14,down_link,dolomites,burnin
48,5,0,14,down_link,dolomites,burnin
41,4,0,14,down_link,dolomites,burnin
25,8,0,14,down_link,dolomites,burnin
33,0,26,14,down_link,dolomites,burnin
39,0,31,14,down_link,dolomites,burnin
47,4,0,14,down_link,dolomites,burnin
14,6,0,14,down_link,dolomites,burnin
44,6,0,14,down_link,dolomites,burnin
1,4,0,14,down_link,dolomites,burnin
19,5,0,14,down_link,dolomites,burnin
46,7,0,14,down_link,dolomites,burnin
4,5,0,14,down_link,dolomites,burnin
11,8,0,14,down_link,dolomites,burnin
36,0,23,14,down_link,dolomites,burnin
34,0,36,14,down_niche,dolomites,burnin
43,7,0,14,down_niche,dolomites,burnin
40,0,36,14,down_niche,dolomites,burnin
12,7,0,14,down_niche,dolomites,burnin
13,6,0,14,down_niche,dolomites,burnin
24,5,0,14,down_niche,dolomites,burnin
5,7,0,14,down_niche,dolomites,burnin
31,6,0,14,down_niche,dolomites,burnin
38,0,37,14,down_niche,dolomites,burnin
45,7,0,14,down_niche,dolomites,burnin
28,6,0,14,down_niche,dolomites,burnin
37,0,37,14,down_niche,dolomites,burnin
8,7,0,14,down_niche,dolomites,burnin
35,0,36,14,down_niche,dolomites,burnin
27,8,0,14,down_niche,dolomites,burnin
21,6,0,14,down_niche,dolomites,burnin
6,7,0,14,down_niche,dolomites,burnin
32,7,0,14,down_niche,dolomites,burnin
16,8,0,14,down_niche,dolomites,burnin
42,7,0,14,down_niche,dolomites,burnin
15,7,0,14,down_niche,dolomites,burnin
17,7,0,14,down_niche,dolomites,burnin
20,7,0,14,down_niche,dolomites,burnin
29,7,0,14,down_niche,dolomites,burnin
7,8,0,14,down_niche,dolomites,burnin
2,7,0,14,down_niche,dolomites,burnin
23,8,0,14,down_niche,dolomites,burnin
18,7,0,14,down_niche,dolomites,burnin
9,7,0,14,down_niche,dolomites,burnin
10,7,0,14,down_niche,dolomites,burnin
22,6,0,14,down_niche,dolomites,burnin
26,8,0,14,down_niche,dolomites,burnin
3,7,0,14,down_niche,dolomites,burnin
30,6,0,14,down_niche,dolomites,burnin
48,7,0,14,down_niche,dolomites,burnin
41,5,0,14,down_niche,dolomites,burnin
25,7,0,14,down_niche,dolomites,burnin
33,0,36,14,down_niche,dolomites,burnin
39,0,16,14,down_niche,dolomites,burnin
47,7,0,14,down_niche,dolomites,burnin
14,4,0,14,down_niche,dolomites,burnin
44,6,0,14,down_niche,dolomites,burnin
1,7,0,14,down_niche,dolomites,burnin
19,7,0,14,down_niche,dolomites,burnin
46,6,0,14,down_niche,dolomites,burnin
4,5,0,14,down_niche,dolomites,burnin
11,8,0,14,down_niche,dolomites,burnin
36,0,35,14,down_niche,dolomites,burnin
34,0,36,14,down_niche_bodysize,dolomites,burnin
43,7,0,14,down_niche_bodysize,dolomites,burnin
40,0,36,14,down_niche_bodysize,dolomites,burnin
12,7,0,14,down_niche_bodysize,dolomites,burnin
13,6,0,14,down_niche_bodysize,dolomites,burnin
24,5,0,14,down_niche_bodysize,dolomites,burnin
5,7,0,14,down_niche_bodysize,dolomites,burnin
31,6,0,14,down_niche_bodysize,dolomites,burnin
38,0,37,14,down_niche_bodysize,dolomites,burnin
45,7,0,14,down_niche_bodysize,dolomites,burnin
28,6,0,14,down_niche_bodysize,dolomites,burnin
37,0,37,14,down_niche_bodysize,dolomites,burnin
8,7,0,14,down_niche_bodysize,dolomites,burnin
35,0,36,14,down_niche_bodysize,dolomites,burnin
27,8,0,14,down_niche_bodysize,dolomites,burnin
21,6,0,14,down_niche_bodysize,dolomites,burnin
6,7,0,14,down_niche_bodysize,dolomites,burnin
32,7,0,14,down_niche_bodysize,dolomites,burnin
16,8,0,14,down_niche_bodysize,dolomites,burnin
42,7,0,14,down_niche_bodysize,dolomites,burnin
15,7,0,14,down_niche_bodysize,dolomites,burnin
17,7,0,14,down_niche_bodysize,dolomites,burnin
20,7,0,14,down_niche_bodysize,dolomites,burnin
29,7,0,14,down_niche_bodysize,dolomites,burnin
7,8,0,14,down_niche_bodysize,dolomites,burnin
2,7,0,14,down_niche_bodysize,dolomites,burnin
23,8,0,14,down_niche_bodysize,dolomites,burnin
18,7,0,14,down_niche_bodysize,dolomites,burnin
9,7,0,14,down_niche_bodysize,dolomites,burnin
10,7,0,14,down_niche_bodysize,dolomites,burnin
22,6,0,14,down_niche_bodysize,dolomites,burnin
26,8,0,14,down_niche_bodysize,dolomites,burnin
3,7,0,14,down_niche_bodysize,dolomites,burnin
30,6,0,14,down_niche_bodysize,dolomites,burnin
48,7,0,14,down_niche_bodysize,dolomites,burnin
41,5,0,14,down_niche_bodysize,dolomites,burnin
25,7,0,14,down_niche_bodysize,dolomites,burnin
33,0,36,14,down_niche_bodysize,dolomites,burnin
39,0,16,14,down_niche_bodysize,dolomites,burnin
47,7,0,14,down_niche_bodysize,dolomites,burnin
14,4,0,14,down_niche_bodysize,dolomites,burnin
44,6,0,14,down_niche_bodysize,dolomites,burnin
1,7,0,14,down_niche_bodysize,dolomites,burnin
19,7,0,14,down_niche_bodysize,dolomites,burnin
46,6,0,14,down_niche_bodysize,dolomites,burnin
4,5,0,14,down_niche_bodysize,dolomites,burnin
11,8,0,14,down_niche_bodysize,dolomites,burnin
36,0,35,14,down_niche_bodysize,dolomites,burnin
56,8,33,14,atn,dolomites,burnin
34,8,0,14,atn,dolomites,burnin
43,8,0,14,atn,dolomites,burnin
40,8,0,14,atn,dolomites,burnin
12,6,0,14,atn,dolomites,burnin
13,6,21,14,atn,dolomites,burnin
24,6,17,14,atn,dolomites,burnin
49,0,33,14,atn,dolomites,burnin
5,11,0,14,atn,dolomites,burnin
31,12,0,14,atn,dolomites,burnin
38,8,0,14,atn,dolomites,burnin
45,0,9,14,atn,dolomites,burnin
28,12,0,14,atn,dolomites,burnin
37,13,0,14,atn,dolomites,burnin
8,11,0,14,atn,dolomites,burnin
35,10,0,14,atn,dolomites,burnin
27,6,1,14,atn,dolomites,burnin
21,9,0,14,atn,dolomites,burnin
6,13,0,14,atn,dolomites,burnin
32,11,0,14,atn,dolomites,burnin
16,13,0,14,atn,dolomites,burnin
57,8,14,14,atn,dolomites,burnin
42,13,0,14,atn,dolomites,burnin
15,11,0,14,atn,dolomites,burnin
17,13,0,14,atn,dolomites,burnin
20,9,0,14,atn,dolomites,burnin
29,9,0,14,atn,dolomites,burnin
7,6,0,14,atn,dolomites,burnin
2,14,0,14,atn,dolomites,burnin
23,6,30,14,atn,dolomites,burnin
18,10,0,14,atn,dolomites,burnin
9,8,0,14,atn,dolomites,burnin
55,6,40,14,atn,dolomites,burnin
53,2,17,14,atn,dolomites,burnin
10,13,0,14,atn,dolomites,burnin
22,6,34,14,atn,dolomites,burnin
26,7,0,14,atn,dolomites,burnin
3,12,0,14,atn,dolomites,burnin
30,6,24,14,atn,dolomites,burnin
52,0,9,14,atn,dolomites,burnin
48,0,40,14,atn,dolomites,burnin
54,4,38,14,atn,dolomites,burnin
51,0,5,14,atn,dolomites,burnin
41,12,0,14,atn,dolomites,burnin
25,10,0,14,atn,dolomites,burnin
33,13,0,14,atn,dolomites,burnin
58,9,0,14,atn,dolomites,burnin
39,9,0,14,atn,dolomites,burnin
47,0,38,14,atn,dolomites,burnin
14,9,0,14,atn,dolomites,burnin
44,0,5,14,atn,dolomites,burnin
1,10,0,14,atn,dolomites,burnin
19,8,0,14,atn,dolomites,burnin
46,0,17,14,atn,dolomites,burnin
50,0,14,14,atn,dolomites,burnin
4,12,0,14,atn,dolomites,burnin
11,6,1,14,atn,dolomites,burnin
36,6,6,14,atn,dolomites,burnin
56,8,1,15,down_power,dolomites,creation
34,7,7,15,down_power,dolomites,creation
43,22,5,15,down_power,dolomites,creation
40,7,2,15,down_power,dolomites,creation
12,5,7,15,down_power,dolomites,creation
13,6,2,15,down_power,dolomites,creation
24,6,1,15,down_power,dolomites,creation
49,0,30,15,down_power,dolomites,creation
5,28,4,15,down_power,dolomites,creation
31,6,7,15,down_power,dolomites,creation
38,5,7,15,down_power,dolomites,creation
45,0,33,15,down_power,dolomites,creation
28,8,5,15,down_power,dolomites,creation
37,6,7,15,down_power,dolomites,creation
8,6,0,15,down_power,dolomites,creation
35,7,7,15,down_power,dolomites,creation
27,5,6,15,down_power,dolomites,creation
21,7,5,15,down_power,dolomites,creation
6,21,6,15,down_power,dolomites,creation
32,5,0,15,down_power,dolomites,creation
16,6,5,15,down_power,dolomites,creation
57,5,1,15,down_power,dolomites,creation
42,35,5,15,down_power,dolomites,creation
15,7,3,15,down_power,dolomites,creation
17,7,5,15,down_power,dolomites,creation
20,5,7,15,down_power,dolomites,creation
29,6,6,15,down_power,dolomites,creation
7,17,6,15,down_power,dolomites,creation
2,13,2,15,down_power,dolomites,creation
23,5,2,15,down_power,dolomites,creation
18,6,6,15,down_power,dolomites,creation
9,4,0,15,down_power,dolomites,creation
55,6,1,15,down_power,dolomites,creation
53,6,1,15,down_power,dolomites,creation
10,5,8,15,down_power,dolomites,creation
22,4,2,15,down_power,dolomites,creation
26,6,7,15,down_power,dolomites,creation
3,12,1,15,down_power,dolomites,creation
30,7,2,15,down_power,dolomites,creation
52,4,1,15,down_power,dolomites,creation
48,0,37,15,down_power,dolomites,creation
54,7,0,15,down_power,dolomites,creation
51,0,35,15,down_power,dolomites,creation
41,35,6,15,down_power,dolomites,creation
25,7,6,15,down_power,dolomites,creation
33,6,6,15,down_power,dolomites,creation
58,5,1,15,down_power,dolomites,creation
39,8,5,15,down_power,dolomites,creation
47,0,33,15,down_power,dolomites,creation
14,8,0,15,down_power,dolomites,creation
44,0,34,15,down_power,dolomites,creation
1,5,7,15,down_power,dolomites,creation
19,6,5,15,down_power,dolomites,creation
46,0,27,15,down_power,dolomites,creation
50,0,34,15,down_power,dolomites,creation
59,6,1,15,down_power,dolomites,creation
4,26,3,15,down_power,dolomites,creation
11,7,7,15,down_power,dolomites,creation
36,5,2,15,down_power,dolomites,creation
56,8,1,15,metaweb,dolomites,creation
34,8,7,15,metaweb,dolomites,creation
43,28,7,15,metaweb,dolomites,creation
40,8,2,15,metaweb,dolomites,creation
12,8,8,15,metaweb,dolomites,creation
13,8,2,15,metaweb,dolomites,creation
24,8,2,15,metaweb,dolomites,creation
49,0,43,15,metaweb,dolomites,creation
5,31,4,15,metaweb,dolomites,creation
31,8,8,15,metaweb,dolomites,creation
38,8,7,15,metaweb,dolomites,creation
45,0,43,15,metaweb,dolomites,creation
28,8,7,15,metaweb,dolomites,creation
37,8,7,15,metaweb,dolomites,creation
8,8,1,15,metaweb,dolomites,creation
35,8,7,15,metaweb,dolomites,creation
27,8,8,15,metaweb,dolomites,creation
21,8,7,15,metaweb,dolomites,creation
6,27,7,15,metaweb,dolomites,creation
32,8,0,15,metaweb,dolomites,creation
16,8,7,15,metaweb,dolomites,creation
57,8,1,15,metaweb,dolomites,creation
42,35,7,15,metaweb,dolomites,creation
15,8,4,15,metaweb,dolomites,creation
17,8,7,15,metaweb,dolomites,creation
20,8,7,15,metaweb,dolomites,creation
29,8,7,15,metaweb,dolomites,creation
7,20,7,15,metaweb,dolomites,creation
2,18,2,15,metaweb,dolomites,creation
23,8,2,15,metaweb,dolomites,creation
18,8,7,15,metaweb,dolomites,creation
9,8,1,15,metaweb,dolomites,creation
55,8,1,15,metaweb,dolomites,creation
53,8,1,15,metaweb,dolomites,creation
10,8,8,15,metaweb,dolomites,creation
22,8,2,15,metaweb,dolomites,creation
26,8,8,15,metaweb,dolomites,creation
3,18,2,15,metaweb,dolomites,creation
30,8,2,15,metaweb,dolomites,creation
52,8,1,15,metaweb,dolomites,creation
48,0,43,15,metaweb,dolomites,creation
54,8,1,15,metaweb,dolomites,creation
51,0,43,15,metaweb,dolomites,creation
41,35,7,15,metaweb,dolomites,creation
25,8,8,15,metaweb,dolomites,creation
33,8,7,15,metaweb,dolomites,creation
58,8,1,15,metaweb,dolomites,creation
39,8,7,15,metaweb,dolomites,creation
47,0,43,15,metaweb,dolomites,creation
14,8,0,15,metaweb,dolomites,creation
44,0,43,15,metaweb,dolomites,creation
1,10,8,15,metaweb,dolomites,creation
19,8,7,15,metaweb,dolomites,creation
46,0,43,15,metaweb,dolomites,creation
50,0,43,15,metaweb,dolomites,creation
59,8,1,15,metaweb,dolomites,creation
4,31,4,15,metaweb,dolomites,creation
11,8,8,15,metaweb,dolomites,creation
36,8,2,15,metaweb,dolomites,creation
56,0,8,15,niche,dolomites,creation
34,8,8,15,niche,dolomites,creation
43,3,10,15,niche,dolomites,creation
40,10,12,15,niche,dolomites,creation
12,3,3,15,niche,dolomites,creation
13,7,4,15,niche,dolomites,creation
24,2,9,15,niche,dolomites,creation
49,4,11,15,niche,dolomites,creation
5,0,1,15,niche,dolomites,creation
31,15,9,15,niche,dolomites,creation
38,15,11,15,niche,dolomites,creation
45,6,10,15,niche,dolomites,creation
28,2,9,15,niche,dolomites,creation
37,10,11,15,niche,dolomites,creation
8,44,4,15,niche,dolomites,creation
35,1,9,15,niche,dolomites,creation
27,1,10,15,niche,dolomites,creation
21,4,6,15,niche,dolomites,creation
6,10,2,15,niche,dolomites,creation
32,3,8,15,niche,dolomites,creation
16,1,3,15,niche,dolomites,creation
57,1,7,15,niche,dolomites,creation
42,4,11,15,niche,dolomites,creation
15,15,3,15,niche,dolomites,creation
17,2,3,15,niche,dolomites,creation
20,14,6,15,niche,dolomites,creation
29,10,9,15,niche,dolomites,creation
7,1,2,15,niche,dolomites,creation
2,2,1,15,niche,dolomites,creation
23,18,9,15,niche,dolomites,creation
18,10,4,15,niche,dolomites,creation
9,6,3,15,niche,dolomites,creation
55,1,8,15,niche,dolomites,creation
53,1,9,15,niche,dolomites,creation
10,35,3,15,niche,dolomites,creation
22,0,7,15,niche,dolomites,creation
26,4,12,15,niche,dolomites,creation
3,23,1,15,niche,dolomites,creation
30,4,9,15,niche,dolomites,creation
52,3,8,15,niche,dolomites,creation
48,6,10,15,niche,dolomites,creation
54,1,8,15,niche,dolomites,creation
51,4,11,15,niche,dolomites,creation
41,1,11,15,niche,dolomites,creation
25,1,9,15,niche,dolomites,creation
33,5,8,15,niche,dolomites,creation
58,2,7,15,niche,dolomites,creation
39,4,12,15,niche,dolomites,creation
47,4,10,15,niche,dolomites,creation
14,27,4,15,niche,dolomites,creation
44,1,11,15,niche,dolomites,creation
1,42,1,15,niche,dolomites,creation
19,9,6,15,niche,dolomites,creation
46,0,9,15,niche,dolomites,creation
50,4,12,15,niche,dolomites,creation
59,0,7,15,niche,dolomites,creation
4,7,1,15,niche,dolomites,creation
11,2,3,15,niche,dolomites,creation
36,0,10,15,niche,dolomites,creation
56,7,1,15,down_rand,dolomites,creation
34,7,7,15,down_rand,dolomites,creation
43,22,6,15,down_rand,dolomites,creation
40,6,2,15,down_rand,dolomites,creation
12,4,8,15,down_rand,dolomites,creation
13,7,2,15,down_rand,dolomites,creation
24,6,2,15,down_rand,dolomites,creation
49,0,32,15,down_rand,dolomites,creation
5,28,4,15,down_rand,dolomites,creation
31,3,7,15,down_rand,dolomites,creation
38,7,6,15,down_rand,dolomites,creation
45,0,34,15,down_rand,dolomites,creation
28,7,6,15,down_rand,dolomites,creation
37,6,6,15,down_rand,dolomites,creation
8,8,1,15,down_rand,dolomites,creation
35,4,5,15,down_rand,dolomites,creation
27,5,6,15,down_rand,dolomites,creation
21,5,6,15,down_rand,dolomites,creation
6,25,6,15,down_rand,dolomites,creation
32,6,0,15,down_rand,dolomites,creation
16,6,6,15,down_rand,dolomites,creation
57,6,1,15,down_rand,dolomites,creation
42,25,5,15,down_rand,dolomites,creation
15,6,2,15,down_rand,dolomites,creation
17,6,6,15,down_rand,dolomites,creation
20,7,6,15,down_rand,dolomites,creation
29,5,5,15,down_rand,dolomites,creation
7,16,5,15,down_rand,dolomites,creation
2,14,1,15,down_rand,dolomites,creation
23,8,1,15,down_rand,dolomites,creation
18,7,6,15,down_rand,dolomites,creation
9,8,1,15,down_rand,dolomites,creation
55,5,1,15,down_rand,dolomites,creation
53,8,1,15,down_rand,dolomites,creation
10,6,7,15,down_rand,dolomites,creation
22,6,2,15,down_rand,dolomites,creation
26,4,8,15,down_rand,dolomites,creation
3,12,1,15,down_rand,dolomites,creation
30,7,1,15,down_rand,dolomites,creation
52,5,1,15,down_rand,dolomites,creation
48,0,34,15,down_rand,dolomites,creation
54,8,1,15,down_rand,dolomites,creation
51,0,34,15,down_rand,dolomites,creation
41,31,7,15,down_rand,dolomites,creation
25,8,5,15,down_rand,dolomites,creation
33,6,5,15,down_rand,dolomites,creation
58,5,0,15,down_rand,dolomites,creation
39,5,5,15,down_rand,dolomites,creation
47,0,36,15,down_rand,dolomites,creation
14,7,0,15,down_rand,dolomites,creation
44,0,34,15,down_rand,dolomites,creation
1,8,6,15,down_rand,dolomites,creation
19,6,5,15,down_rand,dolomites,creation
46,0,31,15,down_rand,dolomites,creation
50,0,33,15,down_rand,dolomites,creation
59,7,0,15,down_rand,dolomites,creation
4,28,4,15,down_rand,dolomites,creation
11,6,6,15,down_rand,dolomites,creation
36,7,2,15,down_rand,dolomites,creation
56,6,1,15,down_link,dolomites,creation
34,4,6,15,down_link,dolomites,creation
43,21,5,15,down_link,dolomites,creation
40,8,2,15,down_link,dolomites,creation
12,7,7,15,down_link,dolomites,creation
13,4,2,15,down_link,dolomites,creation
24,6,2,15,down_link,dolomites,creation
49,0,35,15,down_link,dolomites,creation
5,25,4,15,down_link,dolomites,creation
31,8,8,15,down_link,dolomites,creation
38,7,5,15,down_link,dolomites,creation
45,0,28,15,down_link,dolomites,creation
28,5,7,15,down_link,dolomites,creation
37,6,6,15,down_link,dolomites,creation
8,7,1,15,down_link,dolomites,creation
35,6,6,15,down_link,dolomites,creation
27,8,7,15,down_link,dolomites,creation
21,6,4,15,down_link,dolomites,creation
6,24,6,15,down_link,dolomites,creation
32,7,0,15,down_link,dolomites,creation
16,4,7,15,down_link,dolomites,creation
57,5,1,15,down_link,dolomites,creation
42,27,6,15,down_link,dolomites,creation
15,8,4,15,down_link,dolomites,creation
17,5,6,15,down_link,dolomites,creation
20,6,6,15,down_link,dolomites,creation
29,5,6,15,down_link,dolomites,creation
7,19,7,15,down_link,dolomites,creation
2,18,2,15,down_link,dolomites,creation
23,8,2,15,down_link,dolomites,creation
18,6,6,15,down_link,dolomites,creation
9,4,1,15,down_link,dolomites,creation
55,5,1,15,down_link,dolomites,creation
53,7,1,15,down_link,dolomites,creation
10,6,6,15,down_link,dolomites,creation
22,5,2,15,down_link,dolomites,creation
26,7,6,15,down_link,dolomites,creation
3,17,2,15,down_link,dolomites,creation
30,7,2,15,down_link,dolomites,creation
52,6,1,15,down_link,dolomites,creation
48,0,38,15,down_link,dolomites,creation
54,7,1,15,down_link,dolomites,creation
51,0,30,15,down_link,dolomites,creation
41,24,5,15,down_link,dolomites,creation
25,7,7,15,down_link,dolomites,creation
33,7,7,15,down_link,dolomites,creation
58,7,1,15,down_link,dolomites,creation
39,7,7,15,down_link,dolomites,creation
47,0,31,15,down_link,dolomites,creation
14,6,0,15,down_link,dolomites,creation
44,0,31,15,down_link,dolomites,creation
1,10,8,15,down_link,dolomites,creation
19,6,6,15,down_link,dolomites,creation
46,0,29,15,down_link,dolomites,creation
50,0,31,15,down_link,dolomites,creation
59,5,1,15,down_link,dolomites,creation
4,26,4,15,down_link,dolomites,creation
11,5,6,15,down_link,dolomites,creation
36,5,2,15,down_link,dolomites,creation
56,7,1,15,down_niche,dolomites,creation
34,7,5,15,down_niche,dolomites,creation
43,15,5,15,down_niche,dolomites,creation
40,8,0,15,down_niche,dolomites,creation
12,7,7,15,down_niche,dolomites,creation
13,6,0,15,down_niche,dolomites,creation
24,7,1,15,down_niche,dolomites,creation
49,0,39,15,down_niche,dolomites,creation
5,20,0,15,down_niche,dolomites,creation
31,6,8,15,down_niche,dolomites,creation
38,7,6,15,down_niche,dolomites,creation
45,0,40,15,down_niche,dolomites,creation
28,8,5,15,down_niche,dolomites,creation
37,7,6,15,down_niche,dolomites,creation
8,7,1,15,down_niche,dolomites,creation
35,7,5,15,down_niche,dolomites,creation
27,7,6,15,down_niche,dolomites,creation
21,6,6,15,down_niche,dolomites,creation
6,24,2,15,down_niche,dolomites,creation
32,6,0,15,down_niche,dolomites,creation
16,7,6,15,down_niche,dolomites,creation
57,8,1,15,down_niche,dolomites,creation
42,24,6,15,down_niche,dolomites,creation
15,6,3,15,down_niche,dolomites,creation
17,8,6,15,down_niche,dolomites,creation
20,7,7,15,down_niche,dolomites,creation
29,6,7,15,down_niche,dolomites,creation
7,17,0,15,down_niche,dolomites,creation
2,11,1,15,down_niche,dolomites,creation
23,7,2,15,down_niche,dolomites,creation
18,8,5,15,down_niche,dolomites,creation
9,8,1,15,down_niche,dolomites,creation
55,7,1,15,down_niche,dolomites,creation
53,7,1,15,down_niche,dolomites,creation
10,6,8,15,down_niche,dolomites,creation
22,7,2,15,down_niche,dolomites,creation
26,8,7,15,down_niche,dolomites,creation
3,8,0,15,down_niche,dolomites,creation
30,7,0,15,down_niche,dolomites,creation
52,7,1,15,down_niche,dolomites,creation
48,0,39,15,down_niche,dolomites,creation
54,8,1,15,down_niche,dolomites,creation
51,0,39,15,down_niche,dolomites,creation
41,26,7,15,down_niche,dolomites,creation
25,6,7,15,down_niche,dolomites,creation
33,6,6,15,down_niche,dolomites,creation
58,6,1,15,down_niche,dolomites,creation
39,7,6,15,down_niche,dolomites,creation
47,0,14,15,down_niche,dolomites,creation
14,7,0,15,down_niche,dolomites,creation
44,0,40,15,down_niche,dolomites,creation
1,8,2,15,down_niche,dolomites,creation
19,7,5,15,down_niche,dolomites,creation
46,0,39,15,down_niche,dolomites,creation
50,0,40,15,down_niche,dolomites,creation
59,7,1,15,down_niche,dolomites,creation
4,24,1,15,down_niche,dolomites,creation
11,7,4,15,down_niche,dolomites,creation
36,7,2,15,down_niche,dolomites,creation
56,7,1,15,down_niche_bodysize,dolomites,creation
34,7,5,15,down_niche_bodysize,dolomites,creation
43,15,5,15,down_niche_bodysize,dolomites,creation
40,8,0,15,down_niche_bodysize,dolomites,creation
12,7,7,15,down_niche_bodysize,dolomites,creation
13,6,0,15,down_niche_bodysize,dolomites,creation
24,7,1,15,down_niche_bodysize,dolomites,creation
49,0,39,15,down_niche_bodysize,dolomites,creation
5,20,0,15,down_niche_bodysize,dolomites,creation
31,6,8,15,down_niche_bodysize,dolomites,creation
38,7,6,15,down_niche_bodysize,dolomites,creation
45,0,40,15,down_niche_bodysize,dolomites,creation
28,8,5,15,down_niche_bodysize,dolomites,creation
37,7,6,15,down_niche_bodysize,dolomites,creation
8,7,1,15,down_niche_bodysize,dolomites,creation
35,7,5,15,down_niche_bodysize,dolomites,creation
27,7,6,15,down_niche_bodysize,dolomites,creation
21,6,6,15,down_niche_bodysize,dolomites,creation
6,24,2,15,down_niche_bodysize,dolomites,creation
32,6,0,15,down_niche_bodysize,dolomites,creation
16,7,6,15,down_niche_bodysize,dolomites,creation
57,8,1,15,down_niche_bodysize,dolomites,creation
42,24,6,15,down_niche_bodysize,dolomites,creation
15,6,3,15,down_niche_bodysize,dolomites,creation
17,8,6,15,down_niche_bodysize,dolomites,creation
20,7,7,15,down_niche_bodysize,dolomites,creation
29,6,7,15,down_niche_bodysize,dolomites,creation
7,17,0,15,down_niche_bodysize,dolomites,creation
2,11,1,15,down_niche_bodysize,dolomites,creation
23,7,2,15,down_niche_bodysize,dolomites,creation
18,8,5,15,down_niche_bodysize,dolomites,creation
9,8,1,15,down_niche_bodysize,dolomites,creation
55,7,1,15,down_niche_bodysize,dolomites,creation
53,7,1,15,down_niche_bodysize,dolomites,creation
10,6,8,15,down_niche_bodysize,dolomites,creation
22,7,2,15,down_niche_bodysize,dolomites,creation
26,8,7,15,down_niche_bodysize,dolomites,creation
3,8,0,15,down_niche_bodysize,dolomites,creation
30,7,0,15,down_niche_bodysize,dolomites,creation
52,7,1,15,down_niche_bodysize,dolomites,creation
48,0,39,15,down_niche_bodysize,dolomites,creation
54,8,1,15,down_niche_bodysize,dolomites,creation
51,0,39,15,down_niche_bodysize,dolomites,creation
41,26,7,15,down_niche_bodysize,dolomites,creation
25,6,7,15,down_niche_bodysize,dolomites,creation
33,6,6,15,down_niche_bodysize,dolomites,creation
58,6,1,15,down_niche_bodysize,dolomites,creation
39,7,6,15,down_niche_bodysize,dolomites,creation
47,0,14,15,down_niche_bodysize,dolomites,creation
14,7,0,15,down_niche_bodysize,dolomites,creation
44,0,40,15,down_niche_bodysize,dolomites,creation
1,8,2,15,down_niche_bodysize,dolomites,creation
19,7,5,15,down_niche_bodysize,dolomites,creation
46,0,39,15,down_niche_bodysize,dolomites,creation
50,0,40,15,down_niche_bodysize,dolomites,creation
59,7,1,15,down_niche_bodysize,dolomites,creation
4,24,1,15,down_niche_bodysize,dolomites,creation
11,7,4,15,down_niche_bodysize,dolomites,creation
36,7,2,15,down_niche_bodysize,dolomites,creation
56,6,44,15,atn,dolomites,creation
34,6,6,15,atn,dolomites,creation
43,6,1,15,atn,dolomites,creation
40,6,2,15,atn,dolomites,creation
12,6,1,15,atn,dolomites,creation
13,6,12,15,atn,dolomites,creation
24,8,21,15,atn,dolomites,creation
49,0,32,15,atn,dolomites,creation
5,16,0,15,atn,dolomites,creation
31,11,0,15,atn,dolomites,creation
38,6,1,15,atn,dolomites,creation
45,0,8,15,atn,dolomites,creation
28,12,0,15,atn,dolomites,creation
37,16,0,15,atn,dolomites,creation
8,12,0,15,atn,dolomites,creation
35,6,1,15,atn,dolomites,creation
27,8,2,15,atn,dolomites,creation
21,7,0,15,atn,dolomites,creation
6,12,0,15,atn,dolomites,creation
32,13,0,15,atn,dolomites,creation
16,14,0,15,atn,dolomites,creation
57,8,32,15,atn,dolomites,creation
42,13,0,15,atn,dolomites,creation
15,12,0,15,atn,dolomites,creation
17,14,0,15,atn,dolomites,creation
20,8,1,15,atn,dolomites,creation
29,6,4,15,atn,dolomites,creation
7,8,2,15,atn,dolomites,creation
2,24,0,15,atn,dolomites,creation
23,8,20,15,atn,dolomites,creation
18,11,0,15,atn,dolomites,creation
9,6,2,15,atn,dolomites,creation
55,4,33,15,atn,dolomites,creation
53,0,8,15,atn,dolomites,creation
10,13,0,15,atn,dolomites,creation
22,6,14,15,atn,dolomites,creation
26,6,4,15,atn,dolomites,creation
3,28,0,15,atn,dolomites,creation
30,8,17,15,atn,dolomites,creation
52,0,4,15,atn,dolomites,creation
48,0,44,15,atn,dolomites,creation
54,2,21,15,atn,dolomites,creation
51,0,2,15,atn,dolomites,creation
41,11,0,15,atn,dolomites,creation
25,12,0,15,atn,dolomites,creation
33,12,0,15,atn,dolomites,creation
58,8,20,15,atn,dolomites,creation
39,8,2,15,atn,dolomites,creation
47,0,33,15,atn,dolomites,creation
14,6,8,15,atn,dolomites,creation
44,0,4,15,atn,dolomites,creation
1,12,0,15,atn,dolomites,creation
19,6,1,15,atn,dolomites,creation
46,0,21,15,atn,dolomites,creation
50,0,20,15,atn,dolomites,creation
59,8,2,15,atn,dolomites,creation
4,11,0,15,atn,dolomites,creation
11,8,2,15,atn,dolomites,creation
36,8,20,15,atn,dolomites,creation
34,0,30,15,down_power,dolomites,burnin
43,7,0,15,down_power,dolomites,burnin
40,0,32,15,down_power,dolomites,burnin
12,6,0,15,down_power,dolomites,burnin
13,5,0,15,down_power,dolomites,burnin
24,6,0,15,down_power,dolomites,burnin
5,5,0,15,down_power,dolomites,burnin
31,5,0,15,down_power,dolomites,burnin
38,0,27,15,down_power,dolomites,burnin
45,8,0,15,down_power,dolomites,burnin
28,7,0,15,down_power,dolomites,burnin
37,0,34,15,down_power,dolomites,burnin
8,7,0,15,down_power,dolomites,burnin
35,0,25,15,down_power,dolomites,burnin
27,7,0,15,down_power,dolomites,burnin
21,8,0,15,down_power,dolomites,burnin
6,6,0,15,down_power,dolomites,burnin
32,8,0,15,down_power,dolomites,burnin
16,5,0,15,down_power,dolomites,burnin
42,6,0,15,down_power,dolomites,burnin
15,4,0,15,down_power,dolomites,burnin
17,6,0,15,down_power,dolomites,burnin
20,5,0,15,down_power,dolomites,burnin
29,5,0,15,down_power,dolomites,burnin
7,8,0,15,down_power,dolomites,burnin
2,4,0,15,down_power,dolomites,burnin
23,7,0,15,down_power,dolomites,burnin
18,7,0,15,down_power,dolomites,burnin
9,6,0,15,down_power,dolomites,burnin
10,7,0,15,down_power,dolomites,burnin
22,6,0,15,down_power,dolomites,burnin
26,6,0,15,down_power,dolomites,burnin
3,5,0,15,down_power,dolomites,burnin
30,6,0,15,down_power,dolomites,burnin
48,6,0,15,down_power,dolomites,burnin
41,4,0,15,down_power,dolomites,burnin
25,5,0,15,down_power,dolomites,burnin
33,0,31,15,down_power,dolomites,burnin
39,0,32,15,down_power,dolomites,burnin
47,5,0,15,down_power,dolomites,burnin
14,7,0,15,down_power,dolomites,burnin
44,6,0,15,down_power,dolomites,burnin
1,6,0,15,down_power,dolomites,burnin
19,6,0,15,down_power,dolomites,burnin
46,5,0,15,down_power,dolomites,burnin
4,7,0,15,down_power,dolomites,burnin
11,6,0,15,down_power,dolomites,burnin
36,0,30,15,down_power,dolomites,burnin
34,0,40,15,metaweb,dolomites,burnin
43,8,0,15,metaweb,dolomites,burnin
40,0,40,15,metaweb,dolomites,burnin
12,8,0,15,metaweb,dolomites,burnin
13,8,0,15,metaweb,dolomites,burnin
24,8,0,15,metaweb,dolomites,burnin
5,8,0,15,metaweb,dolomites,burnin
31,8,0,15,metaweb,dolomites,burnin
38,0,40,15,metaweb,dolomites,burnin
45,8,0,15,metaweb,dolomites,burnin
28,8,0,15,metaweb,dolomites,burnin
37,0,40,15,metaweb,dolomites,burnin
8,8,0,15,metaweb,dolomites,burnin
35,0,40,15,metaweb,dolomites,burnin
27,8,0,15,metaweb,dolomites,burnin
21,8,0,15,metaweb,dolomites,burnin
6,8,0,15,metaweb,dolomites,burnin
32,8,0,15,metaweb,dolomites,burnin
16,8,0,15,metaweb,dolomites,burnin
42,8,0,15,metaweb,dolomites,burnin
15,8,0,15,metaweb,dolomites,burnin
17,8,0,15,metaweb,dolomites,burnin
20,8,0,15,metaweb,dolomites,burnin
29,8,0,15,metaweb,dolomites,burnin
7,8,0,15,metaweb,dolomites,burnin
2,8,0,15,metaweb,dolomites,burnin
23,8,0,15,metaweb,dolomites,burnin
18,8,0,15,metaweb,dolomites,burnin
9,8,0,15,metaweb,dolomites,burnin
10,8,0,15,metaweb,dolomites,burnin
22,8,0,15,metaweb,dolomites,burnin
26,8,0,15,metaweb,dolomites,burnin
3,8,0,15,metaweb,dolomites,burnin
30,8,0,15,metaweb,dolomites,burnin
48,8,0,15,metaweb,dolomites,burnin
41,8,0,15,metaweb,dolomites,burnin
25,8,0,15,metaweb,dolomites,burnin
33,0,40,15,metaweb,dolomites,burnin
39,0,40,15,metaweb,dolomites,burnin
47,8,0,15,metaweb,dolomites,burnin
14,8,0,15,metaweb,dolomites,burnin
44,8,0,15,metaweb,dolomites,burnin
1,8,0,15,metaweb,dolomites,burnin
19,8,0,15,metaweb,dolomites,burnin
46,8,0,15,metaweb,dolomites,burnin
4,8,0,15,metaweb,dolomites,burnin
11,8,0,15,metaweb,dolomites,burnin
36,0,40,15,metaweb,dolomites,burnin
17,1,1,15,niche,dolomites,burnin
20,0,6,15,niche,dolomites,burnin
8,1,2,15,niche,dolomites,burnin
7,10,2,15,niche,dolomites,burnin
2,1,0,15,niche,dolomites,burnin
12,0,3,15,niche,dolomites,burnin
18,0,5,15,niche,dolomites,burnin
13,3,3,15,niche,dolomites,burnin
9,3,2,15,niche,dolomites,burnin
6,7,2,15,niche,dolomites,burnin
1,2,0,15,niche,dolomites,burnin
14,3,4,15,niche,dolomites,burnin
19,1,4,15,niche,dolomites,burnin
16,1,1,15,niche,dolomites,burnin
10,1,2,15,niche,dolomites,burnin
4,2,0,15,niche,dolomites,burnin
3,1,0,15,niche,dolomites,burnin
5,0,1,15,niche,dolomites,burnin
15,3,4,15,niche,dolomites,burnin
11,4,2,15,niche,dolomites,burnin
34,0,31,15,down_rand,dolomites,burnin
43,8,0,15,down_rand,dolomites,burnin
40,0,32,15,down_rand,dolomites,burnin
12,6,0,15,down_rand,dolomites,burnin
13,7,0,15,down_rand,dolomites,burnin
24,3,0,15,down_rand,dolomites,burnin
5,4,0,15,down_rand,dolomites,burnin
31,7,0,15,down_rand,dolomites,burnin
38,0,30,15,down_rand,dolomites,burnin
45,7,0,15,down_rand,dolomites,burnin
28,4,0,15,down_rand,dolomites,burnin
37,0,31,15,down_rand,dolomites,burnin
8,6,0,15,down_rand,dolomites,burnin
35,0,28,15,down_rand,dolomites,burnin
27,7,0,15,down_rand,dolomites,burnin
21,7,0,15,down_rand,dolomites,burnin
6,7,0,15,down_rand,dolomites,burnin
32,5,0,15,down_rand,dolomites,burnin
16,8,0,15,down_rand,dolomites,burnin
42,8,0,15,down_rand,dolomites,burnin
15,6,0,15,down_rand,dolomites,burnin
17,6,0,15,down_rand,dolomites,burnin
20,5,0,15,down_rand,dolomites,burnin
29,7,0,15,down_rand,dolomites,burnin
7,7,0,15,down_rand,dolomites,burnin
2,8,0,15,down_rand,dolomites,burnin
23,7,0,15,down_rand,dolomites,burnin
18,8,0,15,down_rand,dolomites,burnin
9,6,0,15,down_rand,dolomites,burnin
10,6,0,15,down_rand,dolomites,burnin
22,5,0,15,down_rand,dolomites,burnin
26,6,0,15,down_rand,dolomites,burnin
3,6,0,15,down_rand,dolomites,burnin
30,6,0,15,down_rand,dolomites,burnin
48,7,0,15,down_rand,dolomites,burnin
41,5,0,15,down_rand,dolomites,burnin
25,6,0,15,down_rand,dolomites,burnin
33,0,32,15,down_rand,dolomites,burnin
39,0,30,15,down_rand,dolomites,burnin
47,5,0,15,down_rand,dolomites,burnin
14,5,0,15,down_rand,dolomites,burnin
44,5,0,15,down_rand,dolomites,burnin
1,8,0,15,down_rand,dolomites,burnin
19,4,0,15,down_rand,dolomites,burnin
46,6,0,15,down_rand,dolomites,burnin
4,6,0,15,down_rand,dolomites,burnin
11,7,0,15,down_rand,dolomites,burnin
36,0,33,15,down_rand,dolomites,burnin
34,0,27,15,down_link,dolomites,burnin
43,7,0,15,down_link,dolomites,burnin
40,0,28,15,down_link,dolomites,burnin
12,6,0,15,down_link,dolomites,burnin
13,6,0,15,down_link,dolomites,burnin
24,8,0,15,down_link,dolomites,burnin
5,7,0,15,down_link,dolomites,burnin
31,7,0,15,down_link,dolomites,burnin
38,0,35,15,down_link,dolomites,burnin
45,6,0,15,down_link,dolomites,burnin
28,6,0,15,down_link,dolomites,burnin
37,0,35,15,down_link,dolomites,burnin
8,8,0,15,down_link,dolomites,burnin
35,0,28,15,down_link,dolomites,burnin
27,4,0,15,down_link,dolomites,burnin
21,5,0,15,down_link,dolomites,burnin
6,4,0,15,down_link,dolomites,burnin
32,7,0,15,down_link,dolomites,burnin
16,8,0,15,down_link,dolomites,burnin
42,7,0,15,down_link,dolomites,burnin
15,5,0,15,down_link,dolomites,burnin
17,6,0,15,down_link,dolomites,burnin
20,8,0,15,down_link,dolomites,burnin
29,5,0,15,down_link,dolomites,burnin
7,6,0,15,down_link,dolomites,burnin
2,4,0,15,down_link,dolomites,burnin
23,7,0,15,down_link,dolomites,burnin
18,7,0,15,down_link,dolomites,burnin
9,4,0,15,down_link,dolomites,burnin
10,5,0,15,down_link,dolomites,burnin
22,5,0,15,down_link,dolomites,burnin
26,7,0,15,down_link,dolomites,burnin
3,6,0,15,down_link,dolomites,burnin
30,6,0,15,down_link,dolomites,burnin
48,5,0,15,down_link,dolomites,burnin
41,6,0,15,down_link,dolomites,burnin
25,7,0,15,down_link,dolomites,burnin
33,0,30,15,down_link,dolomites,burnin
39,0,30,15,down_link,dolomites,burnin
47,7,0,15,down_link,dolomites,burnin
14,6,0,15,down_link,dolomites,burnin
44,5,0,15,down_link,dolomites,burnin
1,7,0,15,down_link,dolomites,burnin
19,7,0,15,down_link,dolomites,burnin
46,5,0,15,down_link,dolomites,burnin
4,5,0,15,down_link,dolomites,burnin
11,6,0,15,down_link,dolomites,burnin
36,0,30,15,down_link,dolomites,burnin
34,8,0,15,down_niche,dolomites,burnin
43,0,39,15,down_niche,dolomites,burnin
40,0,39,15,down_niche,dolomites,burnin
12,8,1,15,down_niche,dolomites,burnin
13,7,1,15,down_niche,dolomites,burnin
24,7,0,15,down_niche,dolomites,burnin
49,8,1,15,down_niche,dolomites,burnin
5,7,2,15,down_niche,dolomites,burnin
31,7,0,15,down_niche,dolomites,burnin
38,0,37,15,down_niche,dolomites,burnin
45,7,1,15,down_niche,dolomites,burnin
28,7,1,15,down_niche,dolomites,burnin
37,0,39,15,down_niche,dolomites,burnin
8,7,0,15,down_niche,dolomites,burnin
35,22,1,15,down_niche,dolomites,burnin
27,6,1,15,down_niche,dolomites,burnin
21,7,1,15,down_niche,dolomites,burnin
6,7,1,15,down_niche,dolomites,burnin
32,7,0,15,down_niche,dolomites,burnin
16,7,0,15,down_niche,dolomites,burnin
42,0,39,15,down_niche,dolomites,burnin
15,6,0,15,down_niche,dolomites,burnin
17,7,0,15,down_niche,dolomites,burnin
20,8,2,15,down_niche,dolomites,burnin
29,7,1,15,down_niche,dolomites,burnin
7,6,0,15,down_niche,dolomites,burnin
2,7,1,15,down_niche,dolomites,burnin
23,6,1,15,down_niche,dolomites,burnin
18,7,0,15,down_niche,dolomites,burnin
9,6,0,15,down_niche,dolomites,burnin
10,7,1,15,down_niche,dolomites,burnin
22,8,1,15,down_niche,dolomites,burnin
26,6,0,15,down_niche,dolomites,burnin
3,8,1,15,down_niche,dolomites,burnin
30,7,0,15,down_niche,dolomites,burnin
48,7,1,15,down_niche,dolomites,burnin
51,7,1,15,down_niche,dolomites,burnin
41,0,38,15,down_niche,dolomites,burnin
25,6,2,15,down_niche,dolomites,burnin
33,7,1,15,down_niche,dolomites,burnin
39,0,12,15,down_niche,dolomites,burnin
47,7,1,15,down_niche,dolomites,burnin
14,7,1,15,down_niche,dolomites,burnin
44,7,1,15,down_niche,dolomites,burnin
1,8,0,15,down_niche,dolomites,burnin
19,6,2,15,down_niche,dolomites,burnin
46,8,1,15,down_niche,dolomites,burnin
50,6,1,15,down_niche,dolomites,burnin
4,6,2,15,down_niche,dolomites,burnin
11,8,1,15,down_niche,dolomites,burnin
36,0,38,15,down_niche,dolomites,burnin
34,8,0,15,down_niche_bodysize,dolomites,burnin
43,0,39,15,down_niche_bodysize,dolomites,burnin
40,0,39,15,down_niche_bodysize,dolomites,burnin
12,8,1,15,down_niche_bodysize,dolomites,burnin
13,7,1,15,down_niche_bodysize,dolomites,burnin
24,7,0,15,down_niche_bodysize,dolomites,burnin
49,8,1,15,down_niche_bodysize,dolomites,burnin
5,7,2,15,down_niche_bodysize,dolomites,burnin
31,7,0,15,down_niche_bodysize,dolomites,burnin
38,0,37,15,down_niche_bodysize,dolomites,burnin
45,7,1,15,down_niche_bodysize,dolomites,burnin
28,7,1,15,down_niche_bodysize,dolomites,burnin
37,0,39,15,down_niche_bodysize,dolomites,burnin
8,7,0,15,down_niche_bodysize,dolomites,burnin
35,22,1,15,down_niche_bodysize,dolomites,burnin
27,6,1,15,down_niche_bodysize,dolomites,burnin
21,7,1,15,down_niche_bodysize,dolomites,burnin
6,7,1,15,down_niche_bodysize,dolomites,burnin
32,7,0,15,down_niche_bodysize,dolomites,burnin
16,7,0,15,down_niche_bodysize,dolomites,burnin
42,0,39,15,down_niche_bodysize,dolomites,burnin
15,6,0,15,down_niche_bodysize,dolomites,burnin
17,7,0,15,down_niche_bodysize,dolomites,burnin
20,8,2,15,down_niche_bodysize,dolomites,burnin
29,7,1,15,down_niche_bodysize,dolomites,burnin
7,6,0,15,down_niche_bodysize,dolomites,burnin
2,7,1,15,down_niche_bodysize,dolomites,burnin
23,6,1,15,down_niche_bodysize,dolomites,burnin
18,7,0,15,down_niche_bodysize,dolomites,burnin
9,6,0,15,down_niche_bodysize,dolomites,burnin
10,7,1,15,down_niche_bodysize,dolomites,burnin
22,8,1,15,down_niche_bodysize,dolomites,burnin
26,6,0,15,down_niche_bodysize,dolomites,burnin
3,8,1,15,down_niche_bodysize,dolomites,burnin
30,7,0,15,down_niche_bodysize,dolomites,burnin
48,7,1,15,down_niche_bodysize,dolomites,burnin
51,7,1,15,down_niche_bodysize,dolomites,burnin
41,0,38,15,down_niche_bodysize,dolomites,burnin
25,6,2,15,down_niche_bodysize,dolomites,burnin
33,7,1,15,down_niche_bodysize,dolomites,burnin
39,0,12,15,down_niche_bodysize,dolomites,burnin
47,7,1,15,down_niche_bodysize,dolomites,burnin
14,7,1,15,down_niche_bodysize,dolomites,burnin
44,7,1,15,down_niche_bodysize,dolomites,burnin
1,8,0,15,down_niche_bodysize,dolomites,burnin
19,6,2,15,down_niche_bodysize,dolomites,burnin
46,8,1,15,down_niche_bodysize,dolomites,burnin
50,6,1,15,down_niche_bodysize,dolomites,burnin
4,6,2,15,down_niche_bodysize,dolomites,burnin
11,8,1,15,down_niche_bodysize,dolomites,burnin
36,0,38,15,down_niche_bodysize,dolomites,burnin
56,8,18,15,atn,dolomites,burnin
34,6,1,15,atn,dolomites,burnin
43,0,8,15,atn,dolomites,burnin
40,13,0,15,atn,dolomites,burnin
12,6,10,15,atn,dolomites,burnin
13,6,6,15,atn,dolomites,burnin
24,12,0,15,atn,dolomites,burnin
49,0,2,15,atn,dolomites,burnin
5,12,0,15,atn,dolomites,burnin
31,13,0,15,atn,dolomites,burnin
38,6,2,15,atn,dolomites,burnin
45,0,33,15,atn,dolomites,burnin
28,6,2,15,atn,dolomites,burnin
37,8,2,15,atn,dolomites,burnin
8,6,2,15,atn,dolomites,burnin
35,8,18,15,atn,dolomites,burnin
27,12,0,15,atn,dolomites,burnin
21,6,12,15,atn,dolomites,burnin
6,8,2,15,atn,dolomites,burnin
32,12,0,15,atn,dolomites,burnin
16,14,0,15,atn,dolomites,burnin
57,8,2,15,atn,dolomites,burnin
42,0,4,15,atn,dolomites,burnin
15,14,0,15,atn,dolomites,burnin
17,11,0,15,atn,dolomites,burnin
20,7,0,15,atn,dolomites,burnin
29,8,15,15,atn,dolomites,burnin
7,12,0,15,atn,dolomites,burnin
2,24,0,15,atn,dolomites,burnin
23,8,19,15,atn,dolomites,burnin
18,6,1,15,atn,dolomites,burnin
9,13,0,15,atn,dolomites,burnin
55,8,30,15,atn,dolomites,burnin
53,4,33,15,atn,dolomites,burnin
10,8,2,15,atn,dolomites,burnin
22,8,18,15,atn,dolomites,burnin
26,8,2,15,atn,dolomites,burnin
3,28,0,15,atn,dolomites,burnin
30,11,0,15,atn,dolomites,burnin
52,2,21,15,atn,dolomites,burnin
48,0,18,15,atn,dolomites,burnin
54,6,42,15,atn,dolomites,burnin
51,0,8,15,atn,dolomites,burnin
41,6,1,15,atn,dolomites,burnin
25,6,2,15,atn,dolomites,burnin
33,6,4,15,atn,dolomites,burnin
39,11,0,15,atn,dolomites,burnin
47,0,30,15,atn,dolomites,burnin
14,12,0,15,atn,dolomites,burnin
44,0,21,15,atn,dolomites,burnin
1,12,0,15,atn,dolomites,burnin
19,8,1,15,atn,dolomites,burnin
46,0,42,15,atn,dolomites,burnin
50,0,4,15,atn,dolomites,burnin
4,11,0,15,atn,dolomites,burnin
11,6,1,15,atn,dolomites,burnin
36,6,1,15,atn,dolomites,burnin
56,7,0,16,down_power,dolomites,creation
34,5,7,16,down_power,dolomites,creation
43,23,6,16,down_power,dolomites,creation
40,7,2,16,down_power,dolomites,creation
12,6,6,16,down_power,dolomites,creation
13,4,1,16,down_power,dolomites,creation
24,4,0,16,down_power,dolomites,creation
49,0,35,16,down_power,dolomites,creation
5,27,3,16,down_power,dolomites,creation
31,4,6,16,down_power,dolomites,creation
38,5,6,16,down_power,dolomites,creation
45,0,27,16,down_power,dolomites,creation
28,6,7,16,down_power,dolomites,creation
37,4,6,16,down_power,dolomites,creation
8,4,1,16,down_power,dolomites,creation
35,6,5,16,down_power,dolomites,creation
27,5,8,16,down_power,dolomites,creation
21,5,6,16,down_power,dolomites,creation
6,22,6,16,down_power,dolomites,creation
32,7,0,16,down_power,dolomites,creation
16,5,4,16,down_power,dolomites,creation
57,7,1,16,down_power,dolomites,creation
42,35,5,16,down_power,dolomites,creation
15,5,4,16,down_power,dolomites,creation
17,4,6,16,down_power,dolomites,creation
20,7,6,16,down_power,dolomites,creation
29,6,6,16,down_power,dolomites,creation
7,13,6,16,down_power,dolomites,creation
2,14,2,16,down_power,dolomites,creation
23,6,1,16,down_power,dolomites,creation
18,5,6,16,down_power,dolomites,creation
9,5,0,16,down_power,dolomites,creation
55,6,1,16,down_power,dolomites,creation
53,5,1,16,down_power,dolomites,creation
10,6,6,16,down_power,dolomites,creation
22,5,2,16,down_power,dolomites,creation
26,5,5,16,down_power,dolomites,creation
3,10,2,16,down_power,dolomites,creation
30,4,2,16,down_power,dolomites,creation
52,4,1,16,down_power,dolomites,creation
48,0,24,16,down_power,dolomites,creation
54,6,1,16,down_power,dolomites,creation
51,0,28,16,down_power,dolomites,creation
41,35,5,16,down_power,dolomites,creation
25,4,7,16,down_power,dolomites,creation
33,5,6,16,down_power,dolomites,creation
58,7,1,16,down_power,dolomites,creation
39,4,7,16,down_power,dolomites,creation
47,0,31,16,down_power,dolomites,creation
14,7,0,16,down_power,dolomites,creation
44,0,30,16,down_power,dolomites,creation
1,6,6,16,down_power,dolomites,creation
19,5,5,16,down_power,dolomites,creation
46,0,30,16,down_power,dolomites,creation
50,0,32,16,down_power,dolomites,creation
59,7,1,16,down_power,dolomites,creation
4,23,3,16,down_power,dolomites,creation
11,5,5,16,down_power,dolomites,creation
36,7,2,16,down_power,dolomites,creation
56,8,1,16,metaweb,dolomites,creation
34,8,7,16,metaweb,dolomites,creation
43,28,7,16,metaweb,dolomites,creation
40,8,2,16,metaweb,dolomites,creation
12,8,8,16,metaweb,dolomites,creation
13,8,2,16,metaweb,dolomites,creation
24,8,2,16,metaweb,dolomites,creation
49,0,43,16,metaweb,dolomites,creation
5,31,4,16,metaweb,dolomites,creation
31,8,8,16,metaweb,dolomites,creation
38,8,7,16,metaweb,dolomites,creation
45,0,43,16,metaweb,dolomites,creation
28,8,7,16,metaweb,dolomites,creation
37,8,7,16,metaweb,dolomites,creation
8,8,1,16,metaweb,dolomites,creation
35,8,7,16,metaweb,dolomites,creation
27,8,8,16,metaweb,dolomites,creation
21,8,7,16,metaweb,dolomites,creation
6,27,7,16,metaweb,dolomites,creation
32,8,0,16,metaweb,dolomites,creation
16,8,7,16,metaweb,dolomites,creation
57,8,1,16,metaweb,dolomites,creation
42,35,7,16,metaweb,dolomites,creation
15,8,4,16,metaweb,dolomites,creation
17,8,7,16,metaweb,dolomites,creation
20,8,7,16,metaweb,dolomites,creation
29,8,7,16,metaweb,dolomites,creation
7,20,7,16,metaweb,dolomites,creation
2,18,2,16,metaweb,dolomites,creation
23,8,2,16,metaweb,dolomites,creation
18,8,7,16,metaweb,dolomites,creation
9,8,1,16,metaweb,dolomites,creation
55,8,1,16,metaweb,dolomites,creation
53,8,1,16,metaweb,dolomites,creation
10,8,8,16,metaweb,dolomites,creation
22,8,2,16,metaweb,dolomites,creation
26,8,8,16,metaweb,dolomites,creation
3,18,2,16,metaweb,dolomites,creation
30,8,2,16,metaweb,dolomites,creation
52,8,1,16,metaweb,dolomites,creation
48,0,43,16,metaweb,dolomites,creation
54,8,1,16,metaweb,dolomites,creation
51,0,43,16,metaweb,dolomites,creation
41,35,7,16,metaweb,dolomites,creation
25,8,8,16,metaweb,dolomites,creation
33,8,7,16,metaweb,dolomites,creation
58,8,1,16,metaweb,dolomites,creation
39,8,7,16,metaweb,dolomites,creation
47,0,43,16,metaweb,dolomites,creation
14,8,0,16,metaweb,dolomites,creation
44,0,43,16,metaweb,dolomites,creation
1,10,8,16,metaweb,dolomites,creation
19,8,7,16,metaweb,dolomites,creation
46,0,43,16,metaweb,dolomites,creation
50,0,43,16,metaweb,dolomites,creation
59,8,1,16,metaweb,dolomites,creation
4,31,4,16,metaweb,dolomites,creation
11,8,8,16,metaweb,dolomites,creation
36,8,2,16,metaweb,dolomites,creation
56,1,5,16,niche,dolomites,creation
34,1,9,16,niche,dolomites,creation
43,14,11,16,niche,dolomites,creation
40,1,11,16,niche,dolomites,creation
12,24,2,16,niche,dolomites,creation
13,3,2,16,niche,dolomites,creation
24,3,4,16,niche,dolomites,creation
49,2,17,16,niche,dolomites,creation
5,7,1,16,niche,dolomites,creation
31,4,11,16,niche,dolomites,creation
38,0,9,16,niche,dolomites,creation
45,5,13,16,niche,dolomites,creation
28,0,6,16,niche,dolomites,creation
37,4,9,16,niche,dolomites,creation
8,23,2,16,niche,dolomites,creation
35,9,9,16,niche,dolomites,creation
27,5,6,16,niche,dolomites,creation
21,1,4,16,niche,dolomites,creation
6,28,2,16,niche,dolomites,creation
32,11,8,16,niche,dolomites,creation
16,0,4,16,niche,dolomites,creation
57,0,5,16,niche,dolomites,creation
42,23,11,16,niche,dolomites,creation
15,8,4,16,niche,dolomites,creation
17,12,4,16,niche,dolomites,creation
20,1,4,16,niche,dolomites,creation
29,1,6,16,niche,dolomites,creation
7,29,2,16,niche,dolomites,creation
2,31,1,16,niche,dolomites,creation
23,5,4,16,niche,dolomites,creation
18,22,4,16,niche,dolomites,creation
9,25,2,16,niche,dolomites,creation
55,1,5,16,niche,dolomites,creation
53,1,14,16,niche,dolomites,creation
10,23,2,16,niche,dolomites,creation
22,2,4,16,niche,dolomites,creation
26,0,6,16,niche,dolomites,creation
3,1,1,16,niche,dolomites,creation
30,3,7,16,niche,dolomites,creation
52,1,20,16,niche,dolomites,creation
48,4,15,16,niche,dolomites,creation
54,0,8,16,niche,dolomites,creation
51,0,17,16,niche,dolomites,creation
41,0,11,16,niche,dolomites,creation
25,1,6,16,niche,dolomites,creation
33,2,9,16,niche,dolomites,creation
58,0,4,16,niche,dolomites,creation
39,2,10,16,niche,dolomites,creation
47,3,15,16,niche,dolomites,creation
14,8,2,16,niche,dolomites,creation
44,9,11,16,niche,dolomites,creation
1,4,1,16,niche,dolomites,creation
19,5,4,16,niche,dolomites,creation
46,2,15,16,niche,dolomites,creation
50,0,17,16,niche,dolomites,creation
59,0,5,16,niche,dolomites,creation
4,22,1,16,niche,dolomites,creation
11,15,2,16,niche,dolomites,creation
36,1,9,16,niche,dolomites,creation
56,6,0,16,down_rand,dolomites,creation
34,7,4,16,down_rand,dolomites,creation
43,17,5,16,down_rand,dolomites,creation
40,7,2,16,down_rand,dolomites,creation
12,3,6,16,down_rand,dolomites,creation
13,8,2,16,down_rand,dolomites,creation
24,5,2,16,down_rand,dolomites,creation
49,0,35,16,down_rand,dolomites,creation
5,18,4,16,down_rand,dolomites,creation
31,7,5,16,down_rand,dolomites,creation
38,3,5,16,down_rand,dolomites,creation
45,0,33,16,down_rand,dolomites,creation
28,6,6,16,down_rand,dolomites,creation
37,6,4,16,down_rand,dolomites,creation
8,6,1,16,down_rand,dolomites,creation
35,7,4,16,down_rand,dolomites,creation
27,5,6,16,down_rand,dolomites,creation
21,7,3,16,down_rand,dolomites,creation
6,23,6,16,down_rand,dolomites,creation
32,5,0,16,down_rand,dolomites,creation
16,6,5,16,down_rand,dolomites,creation
57,7,1,16,down_rand,dolomites,creation
42,24,7,16,down_rand,dolomites,creation
15,5,2,16,down_rand,dolomites,creation
17,8,5,16,down_rand,dolomites,creation
20,5,4,16,down_rand,dolomites,creation
29,5,4,16,down_rand,dolomites,creation
7,12,6,16,down_rand,dolomites,creation
2,13,0,16,down_rand,dolomites,creation
23,5,2,16,down_rand,dolomites,creation
18,8,3,16,down_rand,dolomites,creation
9,7,1,16,down_rand,dolomites,creation
55,6,1,16,down_rand,dolomites,creation
53,7,1,16,down_rand,dolomites,creation
10,7,6,16,down_rand,dolomites,creation
22,5,0,16,down_rand,dolomites,creation
26,6,5,16,down_rand,dolomites,creation
3,15,2,16,down_rand,dolomites,creation
30,7,1,16,down_rand,dolomites,creation
52,6,1,16,down_rand,dolomites,creation
48,0,33,16,down_rand,dolomites,creation
54,8,1,16,down_rand,dolomites,creation
51,0,31,16,down_rand,dolomites,creation
41,25,5,16,down_rand,dolomites,creation
25,7,5,16,down_rand,dolomites,creation
33,6,5,16,down_rand,dolomites,creation
58,5,1,16,down_rand,dolomites,creation
39,7,6,16,down_rand,dolomites,creation
47,0,35,16,down_rand,dolomites,creation
14,6,0,16,down_rand,dolomites,creation
44,0,33,16,down_rand,dolomites,creation
1,5,8,16,down_rand,dolomites,creation
19,4,5,16,down_rand,dolomites,creation
46,0,30,16,down_rand,dolomites,creation
50,0,31,16,down_rand,dolomites,creation
59,8,1,16,down_rand,dolomites,creation
4,27,4,16,down_rand,dolomites,creation
11,7,3,16,down_rand,dolomites,creation
36,4,2,16,down_rand,dolomites,creation
56,4,1,16,down_link,dolomites,creation
34,7,6,16,down_link,dolomites,creation
43,20,7,16,down_link,dolomites,creation
40,7,2,16,down_link,dolomites,creation
12,6,7,16,down_link,dolomites,creation
13,6,2,16,down_link,dolomites,creation
24,7,2,16,down_link,dolomites,creation
49,0,32,16,down_link,dolomites,creation
5,26,3,16,down_link,dolomites,creation
31,6,6,16,down_link,dolomites,creation
38,6,7,16,down_link,dolomites,creation
45,0,31,16,down_link,dolomites,creation
28,6,5,16,down_link,dolomites,creation
37,6,6,16,down_link,dolomites,creation
8,6,1,16,down_link,dolomites,creation
35,6,6,16,down_link,dolomites,creation
27,4,6,16,down_link,dolomites,creation
21,6,5,16,down_link,dolomites,creation
6,25,6,16,down_link,dolomites,creation
32,6,0,16,down_link,dolomites,creation
16,6,6,16,down_link,dolomites,creation
57,7,1,16,down_link,dolomites,creation
42,21,5,16,down_link,dolomites,creation
15,7,4,16,down_link,dolomites,creation
17,8,6,16,down_link,dolomites,creation
20,6,5,16,down_link,dolomites,creation
29,6,5,16,down_link,dolomites,creation
7,17,4,16,down_link,dolomites,creation
2,14,1,16,down_link,dolomites,creation
23,5,2,16,down_link,dolomites,creation
18,4,6,16,down_link,dolomites,creation
9,5,1,16,down_link,dolomites,creation
55,4,1,16,down_link,dolomites,creation
53,2,1,16,down_link,dolomites,creation
10,6,6,16,down_link,dolomites,creation
22,7,2,16,down_link,dolomites,creation
26,7,7,16,down_link,dolomites,creation
3,14,2,16,down_link,dolomites,creation
30,6,2,16,down_link,dolomites,creation
52,5,1,16,down_link,dolomites,creation
48,0,28,16,down_link,dolomites,creation
54,4,1,16,down_link,dolomites,creation
51,0,30,16,down_link,dolomites,creation
41,22,5,16,down_link,dolomites,creation
25,5,6,16,down_link,dolomites,creation
33,7,6,16,down_link,dolomites,creation
58,3,0,16,down_link,dolomites,creation
39,6,4,16,down_link,dolomites,creation
47,0,30,16,down_link,dolomites,creation
14,5,0,16,down_link,dolomites,creation
44,0,29,16,down_link,dolomites,creation
1,10,6,16,down_link,dolomites,creation
19,7,5,16,down_link,dolomites,creation
46,0,27,16,down_link,dolomites,creation
50,0,29,16,down_link,dolomites,creation
59,7,1,16,down_link,dolomites,creation
4,24,4,16,down_link,dolomites,creation
11,6,7,16,down_link,dolomites,creation
36,6,2,16,down_link,dolomites,creation
56,7,1,16,down_niche,dolomites,creation
34,7,6,16,down_niche,dolomites,creation
43,15,2,16,down_niche,dolomites,creation
40,8,0,16,down_niche,dolomites,creation
12,6,6,16,down_niche,dolomites,creation
13,6,2,16,down_niche,dolomites,creation
24,7,1,16,down_niche,dolomites,creation
49,0,37,16,down_niche,dolomites,creation
5,20,1,16,down_niche,dolomites,creation
31,7,6,16,down_niche,dolomites,creation
38,6,6,16,down_niche,dolomites,creation
45,0,38,16,down_niche,dolomites,creation
28,8,4,16,down_niche,dolomites,creation
37,7,5,16,down_niche,dolomites,creation
8,7,1,16,down_niche,dolomites,creation
35,7,5,16,down_niche,dolomites,creation
27,7,6,16,down_niche,dolomites,creation
21,8,5,16,down_niche,dolomites,creation
6,16,2,16,down_niche,dolomites,creation
32,7,0,16,down_niche,dolomites,creation
16,7,4,16,down_niche,dolomites,creation
57,7,1,16,down_niche,dolomites,creation
42,23,6,16,down_niche,dolomites,creation
15,6,3,16,down_niche,dolomites,creation
17,7,6,16,down_niche,dolomites,creation
20,7,6,16,down_niche,dolomites,creation
29,5,5,16,down_niche,dolomites,creation
7,15,0,16,down_niche,dolomites,creation
2,10,0,16,down_niche,dolomites,creation
23,6,0,16,down_niche,dolomites,creation
18,7,7,16,down_niche,dolomites,creation
9,7,1,16,down_niche,dolomites,creation
55,6,1,16,down_niche,dolomites,creation
53,6,1,16,down_niche,dolomites,creation
10,6,7,16,down_niche,dolomites,creation
22,7,2,16,down_niche,dolomites,creation
26,7,6,16,down_niche,dolomites,creation
3,4,0,16,down_niche,dolomites,creation
30,7,2,16,down_niche,dolomites,creation
52,6,1,16,down_niche,dolomites,creation
48,0,38,16,down_niche,dolomites,creation
54,7,1,16,down_niche,dolomites,creation
51,0,38,16,down_niche,dolomites,creation
41,26,3,16,down_niche,dolomites,creation
25,6,6,16,down_niche,dolomites,creation
33,7,4,16,down_niche,dolomites,creation
58,7,1,16,down_niche,dolomites,creation
39,7,6,16,down_niche,dolomites,creation
47,0,38,16,down_niche,dolomites,creation
14,7,0,16,down_niche,dolomites,creation
44,0,12,16,down_niche,dolomites,creation
1,6,1,16,down_niche,dolomites,creation
19,7,7,16,down_niche,dolomites,creation
46,0,37,16,down_niche,dolomites,creation
50,0,37,16,down_niche,dolomites,creation
59,5,1,16,down_niche,dolomites,creation
4,17,0,16,down_niche,dolomites,creation
11,8,5,16,down_niche,dolomites,creation
36,7,1,16,down_niche,dolomites,creation
56,7,1,16,down_niche_bodysize,dolomites,creation
34,7,6,16,down_niche_bodysize,dolomites,creation
43,15,2,16,down_niche_bodysize,dolomites,creation
40,8,0,16,down_niche_bodysize,dolomites,creation
12,6,6,16,down_niche_bodysize,dolomites,creation
13,6,2,16,down_niche_bodysize,dolomites,creation
24,7,1,16,down_niche_bodysize,dolomites,creation
49,0,37,16,down_niche_bodysize,dolomites,creation
5,20,1,16,down_niche_bodysize,dolomites,creation
31,7,6,16,down_niche_bodysize,dolomites,creation
38,6,6,16,down_niche_bodysize,dolomites,creation
45,0,38,16,down_niche_bodysize,dolomites,creation
28,8,4,16,down_niche_bodysize,dolomites,creation
37,7,5,16,down_niche_bodysize,dolomites,creation
8,7,1,16,down_niche_bodysize,dolomites,creation
35,7,5,16,down_niche_bodysize,dolomites,creation
27,7,6,16,down_niche_bodysize,dolomites,creation
21,8,5,16,down_niche_bodysize,dolomites,creation
6,16,2,16,down_niche_bodysize,dolomites,creation
32,7,0,16,down_niche_bodysize,dolomites,creation
16,7,4,16,down_niche_bodysize,dolomites,creation
57,7,1,16,down_niche_bodysize,dolomites,creation
42,23,6,16,down_niche_bodysize,dolomites,creation
15,6,3,16,down_niche_bodysize,dolomites,creation
17,7,6,16,down_niche_bodysize,dolomites,creation
20,7,6,16,down_niche_bodysize,dolomites,creation
29,5,5,16,down_niche_bodysize,dolomites,creation
7,15,0,16,down_niche_bodysize,dolomites,creation
2,10,0,16,down_niche_bodysize,dolomites,creation
23,6,0,16,down_niche_bodysize,dolomites,creation
18,7,7,16,down_niche_bodysize,dolomites,creation
9,7,1,16,down_niche_bodysize,dolomites,creation
55,6,1,16,down_niche_bodysize,dolomites,creation
53,6,1,16,down_niche_bodysize,dolomites,creation
10,6,7,16,down_niche_bodysize,dolomites,creation
22,7,2,16,down_niche_bodysize,dolomites,creation
26,7,6,16,down_niche_bodysize,dolomites,creation
3,4,0,16,down_niche_bodysize,dolomites,creation
30,7,2,16,down_niche_bodysize,dolomites,creation
52,6,1,16,down_niche_bodysize,dolomites,creation
48,0,38,16,down_niche_bodysize,dolomites,creation
54,7,1,16,down_niche_bodysize,dolomites,creation
51,0,38,16,down_niche_bodysize,dolomites,creation
41,26,3,16,down_niche_bodysize,dolomites,creation
25,6,6,16,down_niche_bodysize,dolomites,creation
33,7,4,16,down_niche_bodysize,dolomites,creation
58,7,1,16,down_niche_bodysize,dolomites,creation
39,7,6,16,down_niche_bodysize,dolomites,creation
47,0,38,16,down_niche_bodysize,dolomites,creation
14,7,0,16,down_niche_bodysize,dolomites,creation
44,0,12,16,down_niche_bodysize,dolomites,creation
1,6,1,16,down_niche_bodysize,dolomites,creation
19,7,7,16,down_niche_bodysize,dolomites,creation
46,0,37,16,down_niche_bodysize,dolomites,creation
50,0,37,16,down_niche_bodysize,dolomites,creation
59,5,1,16,down_niche_bodysize,dolomites,creation
4,17,0,16,down_niche_bodysize,dolomites,creation
11,8,5,16,down_niche_bodysize,dolomites,creation
36,7,1,16,down_niche_bodysize,dolomites,creation
56,4,38,16,atn,dolomites,creation
34,8,0,16,atn,dolomites,creation
43,7,1,16,atn,dolomites,creation
40,9,0,16,atn,dolomites,creation
12,8,0,16,atn,dolomites,creation
13,6,32,16,atn,dolomites,creation
24,6,15,16,atn,dolomites,creation
49,0,32,16,atn,dolomites,creation
5,11,0,16,atn,dolomites,creation
31,10,0,16,atn,dolomites,creation
38,8,0,16,atn,dolomites,creation
45,0,8,16,atn,dolomites,creation
28,11,0,16,atn,dolomites,creation
37,11,0,16,atn,dolomites,creation
8,10,0,16,atn,dolomites,creation
35,7,2,16,atn,dolomites,creation
27,8,0,16,atn,dolomites,creation
21,8,1,16,atn,dolomites,creation
6,13,0,16,atn,dolomites,creation
32,11,0,16,atn,dolomites,creation
16,11,0,16,atn,dolomites,creation
57,6,32,16,atn,dolomites,creation
42,11,0,16,atn,dolomites,creation
15,12,0,16,atn,dolomites,creation
17,11,0,16,atn,dolomites,creation
20,8,0,16,atn,dolomites,creation
29,8,0,16,atn,dolomites,creation
7,7,2,16,atn,dolomites,creation
2,19,0,16,atn,dolomites,creation
23,6,38,16,atn,dolomites,creation
18,11,0,16,atn,dolomites,creation
9,8,0,16,atn,dolomites,creation
55,2,32,16,atn,dolomites,creation
53,0,8,16,atn,dolomites,creation
10,11,0,16,atn,dolomites,creation
22,6,20,16,atn,dolomites,creation
26,8,0,16,atn,dolomites,creation
3,15,0,16,atn,dolomites,creation
30,6,3,16,atn,dolomites,creation
52,0,5,16,atn,dolomites,creation
48,0,38,16,atn,dolomites,creation
54,0,14,16,atn,dolomites,creation
51,0,1,16,atn,dolomites,creation
41,10,0,16,atn,dolomites,creation
25,13,0,16,atn,dolomites,creation
33,11,0,16,atn,dolomites,creation
58,6,13,16,atn,dolomites,creation
39,8,0,16,atn,dolomites,creation
47,0,32,16,atn,dolomites,creation
14,8,1,16,atn,dolomites,creation
44,0,5,16,atn,dolomites,creation
1,10,0,16,atn,dolomites,creation
19,7,1,16,atn,dolomites,creation
46,0,14,16,atn,dolomites,creation
50,0,13,16,atn,dolomites,creation
59,7,1,16,atn,dolomites,creation
4,10,0,16,atn,dolomites,creation
11,7,2,16,atn,dolomites,creation
36,6,21,16,atn,dolomites,creation
34,0,27,16,down_power,dolomites,burnin
43,5,1,16,down_power,dolomites,burnin
40,0,29,16,down_power,dolomites,burnin
12,5,0,16,down_power,dolomites,burnin
13,7,0,16,down_power,dolomites,burnin
24,4,0,16,down_power,dolomites,burnin
49,7,1,16,down_power,dolomites,burnin
5,6,0,16,down_power,dolomites,burnin
31,5,0,16,down_power,dolomites,burnin
38,0,21,16,down_power,dolomites,burnin
45,6,1,16,down_power,dolomites,burnin
28,6,0,16,down_power,dolomites,burnin
37,0,28,16,down_power,dolomites,burnin
8,5,0,16,down_power,dolomites,burnin
35,0,24,16,down_power,dolomites,burnin
27,5,0,16,down_power,dolomites,burnin
21,6,0,16,down_power,dolomites,burnin
6,4,0,16,down_power,dolomites,burnin
32,4,0,16,down_power,dolomites,burnin
16,6,0,16,down_power,dolomites,burnin
42,4,1,16,down_power,dolomites,burnin
15,5,0,16,down_power,dolomites,burnin
17,4,0,16,down_power,dolomites,burnin
20,5,0,16,down_power,dolomites,burnin
29,7,0,16,down_power,dolomites,burnin
7,7,0,16,down_power,dolomites,burnin
2,5,0,16,down_power,dolomites,burnin
23,4,0,16,down_power,dolomites,burnin
18,4,0,16,down_power,dolomites,burnin
9,5,0,16,down_power,dolomites,burnin
10,4,0,16,down_power,dolomites,burnin
22,6,0,16,down_power,dolomites,burnin
26,5,0,16,down_power,dolomites,burnin
3,6,0,16,down_power,dolomites,burnin
30,4,0,16,down_power,dolomites,burnin
48,7,1,16,down_power,dolomites,burnin
41,0,25,16,down_power,dolomites,burnin
25,7,0,16,down_power,dolomites,burnin
33,7,0,16,down_power,dolomites,burnin
39,0,33,16,down_power,dolomites,burnin
47,7,1,16,down_power,dolomites,burnin
14,5,0,16,down_power,dolomites,burnin
44,6,1,16,down_power,dolomites,burnin
1,4,0,16,down_power,dolomites,burnin
19,5,0,16,down_power,dolomites,burnin
46,7,0,16,down_power,dolomites,burnin
4,5,0,16,down_power,dolomites,burnin
11,5,0,16,down_power,dolomites,burnin
36,0,27,16,down_power,dolomites,burnin
34,0,40,16,metaweb,dolomites,burnin
43,8,0,16,metaweb,dolomites,burnin
40,0,40,16,metaweb,dolomites,burnin
12,8,0,16,metaweb,dolomites,burnin
13,8,0,16,metaweb,dolomites,burnin
24,8,0,16,metaweb,dolomites,burnin
5,8,0,16,metaweb,dolomites,burnin
31,8,0,16,metaweb,dolomites,burnin
38,0,40,16,metaweb,dolomites,burnin
45,8,0,16,metaweb,dolomites,burnin
28,8,0,16,metaweb,dolomites,burnin
37,0,40,16,metaweb,dolomites,burnin
8,8,0,16,metaweb,dolomites,burnin
35,0,40,16,metaweb,dolomites,burnin
27,8,0,16,metaweb,dolomites,burnin
21,8,0,16,metaweb,dolomites,burnin
6,8,0,16,metaweb,dolomites,burnin
32,8,0,16,metaweb,dolomites,burnin
16,8,0,16,metaweb,dolomites,burnin
42,8,0,16,metaweb,dolomites,burnin
15,8,0,16,metaweb,dolomites,burnin
17,8,0,16,metaweb,dolomites,burnin
20,8,0,16,metaweb,dolomites,burnin
29,8,0,16,metaweb,dolomites,burnin
7,8,0,16,metaweb,dolomites,burnin
2,8,0,16,metaweb,dolomites,burnin
23,8,0,16,metaweb,dolomites,burnin
18,8,0,16,metaweb,dolomites,burnin
9,8,0,16,metaweb,dolomites,burnin
10,8,0,16,metaweb,dolomites,burnin
22,8,0,16,metaweb,dolomites,burnin
26,8,0,16,metaweb,dolomites,burnin
3,8,0,16,metaweb,dolomites,burnin
30,8,0,16,metaweb,dolomites,burnin
48,8,0,16,metaweb,dolomites,burnin
41,8,0,16,metaweb,dolomites,burnin
25,8,0,16,metaweb,dolomites,burnin
33,0,40,16,metaweb,dolomites,burnin
39,0,40,16,metaweb,dolomites,burnin
47,8,0,16,metaweb,dolomites,burnin
14,8,0,16,metaweb,dolomites,burnin
44,8,0,16,metaweb,dolomites,burnin
1,8,0,16,metaweb,dolomites,burnin
19,8,0,16,metaweb,dolomites,burnin
46,8,0,16,metaweb,dolomites,burnin
4,8,0,16,metaweb,dolomites,burnin
11,8,0,16,metaweb,dolomites,burnin
36,0,40,16,metaweb,dolomites,burnin
34,5,10,16,niche,dolomites,burnin
43,0,5,16,niche,dolomites,burnin
40,0,7,16,niche,dolomites,burnin
12,1,2,16,niche,dolomites,burnin
13,0,4,16,niche,dolomites,burnin
24,2,9,16,niche,dolomites,burnin
5,21,2,16,niche,dolomites,burnin
31,17,10,16,niche,dolomites,burnin
38,0,13,16,niche,dolomites,burnin
45,0,5,16,niche,dolomites,burnin
28,0,9,16,niche,dolomites,burnin
37,0,12,16,niche,dolomites,burnin
8,19,2,16,niche,dolomites,burnin
35,2,11,16,niche,dolomites,burnin
27,1,9,16,niche,dolomites,burnin
21,1,6,16,niche,dolomites,burnin
6,23,2,16,niche,dolomites,burnin
32,11,10,16,niche,dolomites,burnin
16,4,4,16,niche,dolomites,burnin
42,1,4,16,niche,dolomites,burnin
15,17,4,16,niche,dolomites,burnin
17,1,4,16,niche,dolomites,burnin
20,0,6,16,niche,dolomites,burnin
29,1,11,16,niche,dolomites,burnin
7,17,2,16,niche,dolomites,burnin
2,23,1,16,niche,dolomites,burnin
23,4,10,16,niche,dolomites,burnin
18,5,4,16,niche,dolomites,burnin
9,17,2,16,niche,dolomites,burnin
10,9,2,16,niche,dolomites,burnin
22,2,6,16,niche,dolomites,burnin
26,7,9,16,niche,dolomites,burnin
3,17,1,16,niche,dolomites,burnin
30,0,11,16,niche,dolomites,burnin
41,1,4,16,niche,dolomites,burnin
25,1,9,16,niche,dolomites,burnin
33,7,10,16,niche,dolomites,burnin
39,1,13,16,niche,dolomites,burnin
14,7,4,16,niche,dolomites,burnin
44,0,4,16,niche,dolomites,burnin
1,4,1,16,niche,dolomites,burnin
19,0,6,16,niche,dolomites,burnin
4,5,1,16,niche,dolomites,burnin
11,17,2,16,niche,dolomites,burnin
36,3,11,16,niche,dolomites,burnin
34,0,30,16,down_rand,dolomites,burnin
43,8,0,16,down_rand,dolomites,burnin
40,0,29,16,down_rand,dolomites,burnin
12,4,0,16,down_rand,dolomites,burnin
13,5,0,16,down_rand,dolomites,burnin
24,7,0,16,down_rand,dolomites,burnin
5,3,0,16,down_rand,dolomites,burnin
31,3,0,16,down_rand,dolomites,burnin
38,0,32,16,down_rand,dolomites,burnin
45,6,0,16,down_rand,dolomites,burnin
28,7,0,16,down_rand,dolomites,burnin
37,0,30,16,down_rand,dolomites,burnin
8,5,0,16,down_rand,dolomites,burnin
35,0,29,16,down_rand,dolomites,burnin
27,7,0,16,down_rand,dolomites,burnin
21,6,0,16,down_rand,dolomites,burnin
6,8,0,16,down_rand,dolomites,burnin
32,7,0,16,down_rand,dolomites,burnin
16,5,0,16,down_rand,dolomites,burnin
42,7,0,16,down_rand,dolomites,burnin
15,5,0,16,down_rand,dolomites,burnin
17,5,0,16,down_rand,dolomites,burnin
20,5,0,16,down_rand,dolomites,burnin
29,4,0,16,down_rand,dolomites,burnin
7,6,0,16,down_rand,dolomites,burnin
2,7,0,16,down_rand,dolomites,burnin
23,7,0,16,down_rand,dolomites,burnin
18,7,0,16,down_rand,dolomites,burnin
9,6,0,16,down_rand,dolomites,burnin
10,8,0,16,down_rand,dolomites,burnin
22,5,0,16,down_rand,dolomites,burnin
26,6,0,16,down_rand,dolomites,burnin
3,7,0,16,down_rand,dolomites,burnin
30,6,0,16,down_rand,dolomites,burnin
48,8,0,16,down_rand,dolomites,burnin
41,6,0,16,down_rand,dolomites,burnin
25,5,0,16,down_rand,dolomites,burnin
33,0,31,16,down_rand,dolomites,burnin
39,0,29,16,down_rand,dolomites,burnin
47,5,0,16,down_rand,dolomites,burnin
14,7,0,16,down_rand,dolomites,burnin
44,6,0,16,down_rand,dolomites,burnin
1,6,0,16,down_rand,dolomites,burnin
19,6,0,16,down_rand,dolomites,burnin
46,7,0,16,down_rand,dolomites,burnin
4,7,0,16,down_rand,dolomites,burnin
11,8,0,16,down_rand,dolomites,burnin
36,0,33,16,down_rand,dolomites,burnin
34,0,28,16,down_link,dolomites,burnin
43,2,0,16,down_link,dolomites,burnin
40,0,28,16,down_link,dolomites,burnin
12,4,0,16,down_link,dolomites,burnin
13,7,0,16,down_link,dolomites,burnin
24,6,0,16,down_link,dolomites,burnin
49,7,0,16,down_link,dolomites,burnin
5,6,1,16,down_link,dolomites,burnin
31,6,0,16,down_link,dolomites,burnin
38,0,28,16,down_link,dolomites,burnin
45,4,0,16,down_link,dolomites,burnin
28,7,0,16,down_link,dolomites,burnin
37,0,29,16,down_link,dolomites,burnin
8,5,0,16,down_link,dolomites,burnin
35,0,31,16,down_link,dolomites,burnin
27,7,0,16,down_link,dolomites,burnin
21,4,1,16,down_link,dolomites,burnin
6,6,1,16,down_link,dolomites,burnin
32,6,0,16,down_link,dolomites,burnin
16,7,0,16,down_link,dolomites,burnin
42,5,0,16,down_link,dolomites,burnin
15,6,0,16,down_link,dolomites,burnin
17,5,0,16,down_link,dolomites,burnin
20,7,1,16,down_link,dolomites,burnin
29,6,0,16,down_link,dolomites,burnin
7,6,0,16,down_link,dolomites,burnin
2,6,1,16,down_link,dolomites,burnin
23,6,0,16,down_link,dolomites,burnin
18,7,0,16,down_link,dolomites,burnin
9,7,0,16,down_link,dolomites,burnin
10,6,0,16,down_link,dolomites,burnin
22,6,0,16,down_link,dolomites,burnin
26,6,0,16,down_link,dolomites,burnin
3,5,1,16,down_link,dolomites,burnin
30,6,0,16,down_link,dolomites,burnin
48,3,0,16,down_link,dolomites,burnin
41,0,27,16,down_link,dolomites,burnin
25,6,1,16,down_link,dolomites,burnin
33,6,0,16,down_link,dolomites,burnin
39,0,31,16,down_link,dolomites,burnin
47,7,0,16,down_link,dolomites,burnin
14,6,0,16,down_link,dolomites,burnin
44,4,0,16,down_link,dolomites,burnin
1,10,1,16,down_link,dolomites,burnin
19,5,1,16,down_link,dolomites,burnin
46,4,0,16,down_link,dolomites,burnin
4,6,1,16,down_link,dolomites,burnin
11,8,0,16,down_link,dolomites,burnin
36,0,27,16,down_link,dolomites,burnin
34,0,12,16,down_niche,dolomites,burnin
43,6,0,16,down_niche,dolomites,burnin
40,0,37,16,down_niche,dolomites,burnin
12,7,0,16,down_niche,dolomites,burnin
13,7,0,16,down_niche,dolomites,burnin
24,7,0,16,down_niche,dolomites,burnin
49,5,0,16,down_niche,dolomites,burnin
5,8,0,16,down_niche,dolomites,burnin
31,7,0,16,down_niche,dolomites,burnin
38,0,38,16,down_niche,dolomites,burnin
45,6,0,16,down_niche,dolomites,burnin
28,7,0,16,down_niche,dolomites,burnin
37,0,36,16,down_niche,dolomites,burnin
8,7,0,16,down_niche,dolomites,burnin
35,0,37,16,down_niche,dolomites,burnin
27,7,0,16,down_niche,dolomites,burnin
21,7,1,16,down_niche,dolomites,burnin
6,6,1,16,down_niche,dolomites,burnin
32,6,0,16,down_niche,dolomites,burnin
16,7,0,16,down_niche,dolomites,burnin
42,6,0,16,down_niche,dolomites,burnin
15,8,0,16,down_niche,dolomites,burnin
17,6,0,16,down_niche,dolomites,burnin
20,7,1,16,down_niche,dolomites,burnin
29,7,0,16,down_niche,dolomites,burnin
7,6,0,16,down_niche,dolomites,burnin
2,7,1,16,down_niche,dolomites,burnin
23,5,0,16,down_niche,dolomites,burnin
18,7,0,16,down_niche,dolomites,burnin
9,6,0,16,down_niche,dolomites,burnin
10,7,0,16,down_niche,dolomites,burnin
22,8,0,16,down_niche,dolomites,burnin
26,7,0,16,down_niche,dolomites,burnin
3,7,1,16,down_niche,dolomites,burnin
30,7,0,16,down_niche,dolomites,burnin
48,7,0,16,down_niche,dolomites,burnin
41,0,37,16,down_niche,dolomites,burnin
25,7,1,16,down_niche,dolomites,burnin
33,7,0,16,down_niche,dolomites,burnin
39,0,36,16,down_niche,dolomites,burnin
47,7,0,16,down_niche,dolomites,burnin
14,7,0,16,down_niche,dolomites,burnin
44,7,0,16,down_niche,dolomites,burnin
1,6,0,16,down_niche,dolomites,burnin
19,6,0,16,down_niche,dolomites,burnin
46,7,0,16,down_niche,dolomites,burnin
4,6,0,16,down_niche,dolomites,burnin
11,7,0,16,down_niche,dolomites,burnin
36,0,36,16,down_niche,dolomites,burnin
34,0,12,16,down_niche_bodysize,dolomites,burnin
43,6,0,16,down_niche_bodysize,dolomites,burnin
40,0,37,16,down_niche_bodysize,dolomites,burnin
12,7,0,16,down_niche_bodysize,dolomites,burnin
13,7,0,16,down_niche_bodysize,dolomites,burnin
24,7,0,16,down_niche_bodysize,dolomites,burnin
49,5,0,16,down_niche_bodysize,dolomites,burnin
5,8,0,16,down_niche_bodysize,dolomites,burnin
31,7,0,16,down_niche_bodysize,dolomites,burnin
38,0,38,16,down_niche_bodysize,dolomites,burnin
45,6,0,16,down_niche_bodysize,dolomites,burnin
28,7,0,16,down_niche_bodysize,dolomites,burnin
37,0,36,16,down_niche_bodysize,dolomites,burnin
8,7,0,16,down_niche_bodysize,dolomites,burnin
35,0,37,16,down_niche_bodysize,dolomites,burnin
27,7,0,16,down_niche_bodysize,dolomites,burnin
21,7,1,16,down_niche_bodysize,dolomites,burnin
6,6,1,16,down_niche_bodysize,dolomites,burnin
32,6,0,16,down_niche_bodysize,dolomites,burnin
16,7,0,16,down_niche_bodysize,dolomites,burnin
42,6,0,16,down_niche_bodysize,dolomites,burnin
15,8,0,16,down_niche_bodysize,dolomites,burnin
17,6,0,16,down_niche_bodysize,dolomites,burnin
20,7,1,16,down_niche_bodysize,dolomites,burnin
29,7,0,16,down_niche_bodysize,dolomites,burnin
7,6,0,16,down_niche_bodysize,dolomites,burnin
2,7,1,16,down_niche_bodysize,dolomites,burnin
23,5,0,16,down_niche_bodysize,dolomites,burnin
18,7,0,16,down_niche_bodysize,dolomites,burnin
9,6,0,16,down_niche_bodysize,dolomites,burnin
10,7,0,16,down_niche_bodysize,dolomites,burnin
22,8,0,16,down_niche_bodysize,dolomites,burnin
26,7,0,16,down_niche_bodysize,dolomites,burnin
3,7,1,16,down_niche_bodysize,dolomites,burnin
30,7,0,16,down_niche_bodysize,dolomites,burnin
48,7,0,16,down_niche_bodysize,dolomites,burnin
41,0,37,16,down_niche_bodysize,dolomites,burnin
25,7,1,16,down_niche_bodysize,dolomites,burnin
33,7,0,16,down_niche_bodysize,dolomites,burnin
39,0,36,16,down_niche_bodysize,dolomites,burnin
47,7,0,16,down_niche_bodysize,dolomites,burnin
14,7,0,16,down_niche_bodysize,dolomites,burnin
44,7,0,16,down_niche_bodysize,dolomites,burnin
1,6,0,16,down_niche_bodysize,dolomites,burnin
19,6,0,16,down_niche_bodysize,dolomites,burnin
46,7,0,16,down_niche_bodysize,dolomites,burnin
4,6,0,16,down_niche_bodysize,dolomites,burnin
11,7,0,16,down_niche_bodysize,dolomites,burnin
36,0,36,16,down_niche_bodysize,dolomites,burnin
56,6,13,16,atn,dolomites,burnin
34,6,19,16,atn,dolomites,burnin
43,0,8,16,atn,dolomites,burnin
40,11,0,16,atn,dolomites,burnin
12,6,30,16,atn,dolomites,burnin
13,8,1,16,atn,dolomites,burnin
24,13,0,16,atn,dolomites,burnin
49,0,1,16,atn,dolomites,burnin
5,11,0,16,atn,dolomites,burnin
31,11,0,16,atn,dolomites,burnin
38,9,0,16,atn,dolomites,burnin
45,0,30,16,atn,dolomites,burnin
28,8,0,16,atn,dolomites,burnin
37,8,0,16,atn,dolomites,burnin
8,10,0,16,atn,dolomites,burnin
35,11,0,16,atn,dolomites,burnin
27,11,0,16,atn,dolomites,burnin
21,6,18,16,atn,dolomites,burnin
6,13,0,16,atn,dolomites,burnin
32,8,0,16,atn,dolomites,burnin
16,11,0,16,atn,dolomites,burnin
57,7,1,16,atn,dolomites,burnin
42,0,5,16,atn,dolomites,burnin
15,11,0,16,atn,dolomites,burnin
17,11,0,16,atn,dolomites,burnin
20,8,1,16,atn,dolomites,burnin
29,6,3,16,atn,dolomites,burnin
7,7,2,16,atn,dolomites,burnin
2,19,0,16,atn,dolomites,burnin
23,6,13,16,atn,dolomites,burnin
18,7,1,16,atn,dolomites,burnin
9,8,0,16,atn,dolomites,burnin
55,6,30,16,atn,dolomites,burnin
53,2,30,16,atn,dolomites,burnin
10,7,2,16,atn,dolomites,burnin
22,6,36,16,atn,dolomites,burnin
26,8,0,16,atn,dolomites,burnin
3,15,0,16,atn,dolomites,burnin
30,10,0,16,atn,dolomites,burnin
52,0,14,16,atn,dolomites,burnin
48,0,13,16,atn,dolomites,burnin
54,4,36,16,atn,dolomites,burnin
51,0,8,16,atn,dolomites,burnin
41,7,1,16,atn,dolomites,burnin
25,8,0,16,atn,dolomites,burnin
33,7,2,16,atn,dolomites,burnin
39,10,0,16,atn,dolomites,burnin
47,0,30,16,atn,dolomites,burnin
14,12,0,16,atn,dolomites,burnin
44,0,14,16,atn,dolomites,burnin
1,10,0,16,atn,dolomites,burnin
19,8,0,16,atn,dolomites,burnin
46,0,36,16,atn,dolomites,burnin
50,0,5,16,atn,dolomites,burnin
4,10,0,16,atn,dolomites,burnin
11,8,0,16,atn,dolomites,burnin
36,8,0,16,atn,dolomites,burnin
56,5,1,17,down_power,dolomites,creation
34,7,6,17,down_power,dolomites,creation
43,19,5,17,down_power,dolomites,creation
40,7,1,17,down_power,dolomites,creation
12,4,4,17,down_power,dolomites,creation
13,7,0,17,down_power,dolomites,creation
24,6,1,17,down_power,dolomites,creation
49,0,28,17,down_power,dolomites,creation
5,24,2,17,down_power,dolomites,creation
31,6,7,17,down_power,dolomites,creation
38,8,6,17,down_power,dolomites,creation
45,0,31,17,down_power,dolomites,creation
28,7,5,17,down_power,dolomites,creation
37,5,4,17,down_power,dolomites,creation
8,6,1,17,down_power,dolomites,creation
35,6,6,17,down_power,dolomites,creation
27,5,6,17,down_power,dolomites,creation
21,5,6,17,down_power,dolomites,creation
6,17,6,17,down_power,dolomites,creation
32,5,0,17,down_power,dolomites,creation
16,6,6,17,down_power,dolomites,creation
57,7,1,17,down_power,dolomites,creation
42,35,4,17,down_power,dolomites,creation
15,3,3,17,down_power,dolomites,creation
17,5,6,17,down_power,dolomites,creation
20,4,5,17,down_power,dolomites,creation
29,4,6,17,down_power,dolomites,creation
7,12,4,17,down_power,dolomites,creation
2,10,1,17,down_power,dolomites,creation
23,3,2,17,down_power,dolomites,creation
18,4,5,17,down_power,dolomites,creation
9,4,1,17,down_power,dolomites,creation
55,4,1,17,down_power,dolomites,creation
53,6,1,17,down_power,dolomites,creation
10,6,5,17,down_power,dolomites,creation
22,5,2,17,down_power,dolomites,creation
26,5,6,17,down_power,dolomites,creation
3,9,1,17,down_power,dolomites,creation
30,6,2,17,down_power,dolomites,creation
52,3,1,17,down_power,dolomites,creation
48,0,33,17,down_power,dolomites,creation
54,4,1,17,down_power,dolomites,creation
51,0,26,17,down_power,dolomites,creation
41,35,4,17,down_power,dolomites,creation
25,2,5,17,down_power,dolomites,creation
33,4,7,17,down_power,dolomites,creation
58,6,0,17,down_power,dolomites,creation
39,7,4,17,down_power,dolomites,creation
47,0,26,17,down_power,dolomites,creation
14,3,0,17,down_power,dolomites,creation
44,0,25,17,down_power,dolomites,creation
1,5,7,17,down_power,dolomites,creation
19,4,5,17,down_power,dolomites,creation
46,0,24,17,down_power,dolomites,creation
50,0,32,17,down_power,dolomites,creation
59,4,1,17,down_power,dolomites,creation
4,24,4,17,down_power,dolomites,creation
11,6,5,17,down_power,dolomites,creation
36,5,1,17,down_power,dolomites,creation
56,8,1,17,metaweb,dolomites,creation
34,8,7,17,metaweb,dolomites,creation
43,28,7,17,metaweb,dolomites,creation
40,8,2,17,metaweb,dolomites,creation
12,8,8,17,metaweb,dolomites,creation
13,8,2,17,metaweb,dolomites,creation
24,8,2,17,metaweb,dolomites,creation
49,0,43,17,metaweb,dolomites,creation
5,31,4,17,metaweb,dolomites,creation
31,8,8,17,metaweb,dolomites,creation
38,8,7,17,metaweb,dolomites,creation
45,0,43,17,metaweb,dolomites,creation
28,8,7,17,metaweb,dolomites,creation
37,8,7,17,metaweb,dolomites,creation
8,8,1,17,metaweb,dolomites,creation
35,8,7,17,metaweb,dolomites,creation
27,8,8,17,metaweb,dolomites,creation
21,8,7,17,metaweb,dolomites,creation
6,27,7,17,metaweb,dolomites,creation
32,8,0,17,metaweb,dolomites,creation
16,8,7,17,metaweb,dolomites,creation
57,8,1,17,metaweb,dolomites,creation
42,35,7,17,metaweb,dolomites,creation
15,8,4,17,metaweb,dolomites,creation
17,8,7,17,metaweb,dolomites,creation
20,8,7,17,metaweb,dolomites,creation
29,8,7,17,metaweb,dolomites,creation
7,20,7,17,metaweb,dolomites,creation
2,18,2,17,metaweb,dolomites,creation
23,8,2,17,metaweb,dolomites,creation
18,8,7,17,metaweb,dolomites,creation
9,8,1,17,metaweb,dolomites,creation
55,8,1,17,metaweb,dolomites,creation
53,8,1,17,metaweb,dolomites,creation
10,8,8,17,metaweb,dolomites,creation
22,8,2,17,metaweb,dolomites,creation
26,8,8,17,metaweb,dolomites,creation
3,18,2,17,metaweb,dolomites,creation
30,8,2,17,metaweb,dolomites,creation
52,8,1,17,metaweb,dolomites,creation
48,0,43,17,metaweb,dolomites,creation
54,8,1,17,metaweb,dolomites,creation
51,0,43,17,metaweb,dolomites,creation
41,35,7,17,metaweb,dolomites,creation
25,8,8,17,metaweb,dolomites,creation
33,8,7,17,metaweb,dolomites,creation
58,8,1,17,metaweb,dolomites,creation
39,8,7,17,metaweb,dolomites,creation
47,0,43,17,metaweb,dolomites,creation
14,8,0,17,metaweb,dolomites,creation
44,0,43,17,metaweb,dolomites,creation
1,10,8,17,metaweb,dolomites,creation
19,8,7,17,metaweb,dolomites,creation
46,0,43,17,metaweb,dolomites,creation
50,0,43,17,metaweb,dolomites,creation
59,8,1,17,metaweb,dolomites,creation
4,31,4,17,metaweb,dolomites,creation
11,8,8,17,metaweb,dolomites,creation
36,8,2,17,metaweb,dolomites,creation
56,0,11,17,niche,dolomites,creation
34,4,7,17,niche,dolomites,creation
43,4,13,17,niche,dolomites,creation
40,7,12,17,niche,dolomites,creation
12,4,4,17,niche,dolomites,creation
13,1,4,17,niche,dolomites,creation
24,16,7,17,niche,dolomites,creation
49,2,12,17,niche,dolomites,creation
5,18,0,17,niche,dolomites,creation
31,14,7,17,niche,dolomites,creation
38,5,11,17,niche,dolomites,creation
45,0,11,17,niche,dolomites,creation
28,12,6,17,niche,dolomites,creation
37,15,11,17,niche,dolomites,creation
8,19,0,17,niche,dolomites,creation
35,7,7,17,niche,dolomites,creation
27,16,6,17,niche,dolomites,creation
21,5,5,17,niche,dolomites,creation
6,4,0,17,niche,dolomites,creation
32,2,6,17,niche,dolomites,creation
16,14,5,17,niche,dolomites,creation
57,0,11,17,niche,dolomites,creation
42,5,12,17,niche,dolomites,creation
15,16,6,17,niche,dolomites,creation
17,26,5,17,niche,dolomites,creation
20,23,5,17,niche,dolomites,creation
29,5,7,17,niche,dolomites,creation
7,4,0,17,niche,dolomites,creation
2,17,0,17,niche,dolomites,creation
23,0,6,17,niche,dolomites,creation
18,1,5,17,niche,dolomites,creation
9,9,0,17,niche,dolomites,creation
55,3,10,17,niche,dolomites,creation
53,1,7,17,niche,dolomites,creation
10,6,0,17,niche,dolomites,creation
22,8,5,17,niche,dolomites,creation
26,0,6,17,niche,dolomites,creation
3,15,0,17,niche,dolomites,creation
30,3,6,17,niche,dolomites,creation
52,1,7,17,niche,dolomites,creation
48,0,11,17,niche,dolomites,creation
54,0,13,17,niche,dolomites,creation
51,0,11,17,niche,dolomites,creation
41,0,11,17,niche,dolomites,creation
25,2,6,17,niche,dolomites,creation
33,2,5,17,niche,dolomites,creation
58,0,5,17,niche,dolomites,creation
39,12,11,17,niche,dolomites,creation
47,4,11,17,niche,dolomites,creation
14,2,4,17,niche,dolomites,creation
44,11,13,17,niche,dolomites,creation
1,14,0,17,niche,dolomites,creation
19,10,5,17,niche,dolomites,creation
46,2,11,17,niche,dolomites,creation
50,2,13,17,niche,dolomites,creation
59,0,4,17,niche,dolomites,creation
4,14,0,17,niche,dolomites,creation
11,0,4,17,niche,dolomites,creation
36,1,7,17,niche,dolomites,creation
56,7,1,17,down_rand,dolomites,creation
34,5,5,17,down_rand,dolomites,creation
43,14,6,17,down_rand,dolomites,creation
40,7,1,17,down_rand,dolomites,creation
12,7,5,17,down_rand,dolomites,creation
13,7,2,17,down_rand,dolomites,creation
24,3,1,17,down_rand,dolomites,creation
49,0,27,17,down_rand,dolomites,creation
5,21,3,17,down_rand,dolomites,creation
31,4,5,17,down_rand,dolomites,creation
38,5,6,17,down_rand,dolomites,creation
45,0,27,17,down_rand,dolomites,creation
28,6,6,17,down_rand,dolomites,creation
37,4,2,17,down_rand,dolomites,creation
8,5,1,17,down_rand,dolomites,creation
35,4,6,17,down_rand,dolomites,creation
27,5,7,17,down_rand,dolomites,creation
21,5,4,17,down_rand,dolomites,creation
6,20,2,17,down_rand,dolomites,creation
32,7,0,17,down_rand,dolomites,creation
16,3,3,17,down_rand,dolomites,creation
57,6,1,17,down_rand,dolomites,creation
42,23,5,17,down_rand,dolomites,creation
15,6,3,17,down_rand,dolomites,creation
17,5,4,17,down_rand,dolomites,creation
20,5,5,17,down_rand,dolomites,creation
29,6,6,17,down_rand,dolomites,creation
7,16,5,17,down_rand,dolomites,creation
2,11,1,17,down_rand,dolomites,creation
23,7,1,17,down_rand,dolomites,creation
18,8,6,17,down_rand,dolomites,creation
9,6,1,17,down_rand,dolomites,creation
55,5,1,17,down_rand,dolomites,creation
53,6,1,17,down_rand,dolomites,creation
10,7,5,17,down_rand,dolomites,creation
22,4,1,17,down_rand,dolomites,creation
26,6,4,17,down_rand,dolomites,creation
3,16,2,17,down_rand,dolomites,creation
30,5,1,17,down_rand,dolomites,creation
52,6,1,17,down_rand,dolomites,creation
48,0,33,17,down_rand,dolomites,creation
54,7,0,17,down_rand,dolomites,creation
51,0,34,17,down_rand,dolomites,creation
41,23,3,17,down_rand,dolomites,creation
25,5,4,17,down_rand,dolomites,creation
33,6,6,17,down_rand,dolomites,creation
58,5,1,17,down_rand,dolomites,creation
39,7,5,17,down_rand,dolomites,creation
47,0,33,17,down_rand,dolomites,creation
14,5,0,17,down_rand,dolomites,creation
44,0,25,17,down_rand,dolomites,creation
1,6,7,17,down_rand,dolomites,creation
19,5,5,17,down_rand,dolomites,creation
46,0,29,17,down_rand,dolomites,creation
50,0,30,17,down_rand,dolomites,creation
59,7,1,17,down_rand,dolomites,creation
4,20,4,17,down_rand,dolomites,creation
11,4,4,17,down_rand,dolomites,creation
36,6,1,17,down_rand,dolomites,creation
56,5,1,17,down_link,dolomites,creation
34,6,7,17,down_link,dolomites,creation
43,19,4,17,down_link,dolomites,creation
40,8,2,17,down_link,dolomites,creation
12,6,7,17,down_link,dolomites,creation
13,3,2,17,down_link,dolomites,creation
24,7,2,17,down_link,dolomites,creation
49,0,27,17,down_link,dolomites,creation
5,21,4,17,down_link,dolomites,creation
31,4,6,17,down_link,dolomites,creation
38,5,4,17,down_link,dolomites,creation
45,0,24,17,down_link,dolomites,creation
28,6,6,17,down_link,dolomites,creation
37,3,7,17,down_link,dolomites,creation
8,6,1,17,down_link,dolomites,creation
35,4,4,17,down_link,dolomites,creation
27,5,8,17,down_link,dolomites,creation
21,8,7,17,down_link,dolomites,creation
6,25,5,17,down_link,dolomites,creation
32,5,0,17,down_link,dolomites,creation
16,6,6,17,down_link,dolomites,creation
57,7,1,17,down_link,dolomites,creation
42,21,5,17,down_link,dolomites,creation
15,6,3,17,down_link,dolomites,creation
17,3,5,17,down_link,dolomites,creation
20,5,7,17,down_link,dolomites,creation
29,7,6,17,down_link,dolomites,creation
7,17,6,17,down_link,dolomites,creation
2,16,2,17,down_link,dolomites,creation
23,4,2,17,down_link,dolomites,creation
18,4,5,17,down_link,dolomites,creation
9,5,1,17,down_link,dolomites,creation
55,5,1,17,down_link,dolomites,creation
53,4,1,17,down_link,dolomites,creation
10,4,6,17,down_link,dolomites,creation
22,5,2,17,down_link,dolomites,creation
26,3,7,17,down_link,dolomites,creation
3,16,2,17,down_link,dolomites,creation
30,6,2,17,down_link,dolomites,creation
52,5,1,17,down_link,dolomites,creation
48,0,27,17,down_link,dolomites,creation
54,5,1,17,down_link,dolomites,creation
51,0,23,17,down_link,dolomites,creation
41,23,6,17,down_link,dolomites,creation
25,7,5,17,down_link,dolomites,creation
33,7,5,17,down_link,dolomites,creation
58,3,1,17,down_link,dolomites,creation
39,7,3,17,down_link,dolomites,creation
47,0,28,17,down_link,dolomites,creation
14,4,0,17,down_link,dolomites,creation
44,0,24,17,down_link,dolomites,creation
1,8,6,17,down_link,dolomites,creation
19,4,6,17,down_link,dolomites,creation
46,0,27,17,down_link,dolomites,creation
50,0,26,17,down_link,dolomites,creation
59,3,1,17,down_link,dolomites,creation
4,22,4,17,down_link,dolomites,creation
11,5,6,17,down_link,dolomites,creation
36,6,1,17,down_link,dolomites,creation
56,6,1,17,down_niche,dolomites,creation
34,6,7,17,down_niche,dolomites,creation
43,17,1,17,down_niche,dolomites,creation
40,7,0,17,down_niche,dolomites,creation
12,7,5,17,down_niche,dolomites,creation
13,6,2,17,down_niche,dolomites,creation
24,5,2,17,down_niche,dolomites,creation
49,0,34,17,down_niche,dolomites,creation
5,17,0,17,down_niche,dolomites,creation
31,6,6,17,down_niche,dolomites,creation
38,7,7,17,down_niche,dolomites,creation
45,0,37,17,down_niche,dolomites,creation
28,7,4,17,down_niche,dolomites,creation
37,6,4,17,down_niche,dolomites,creation
8,5,1,17,down_niche,dolomites,creation
35,7,7,17,down_niche,dolomites,creation
27,8,6,17,down_niche,dolomites,creation
21,8,6,17,down_niche,dolomites,creation
6,17,2,17,down_niche,dolomites,creation
32,7,0,17,down_niche,dolomites,creation
16,4,4,17,down_niche,dolomites,creation
57,6,1,17,down_niche,dolomites,creation
42,22,2,17,down_niche,dolomites,creation
15,5,4,17,down_niche,dolomites,creation
17,6,3,17,down_niche,dolomites,creation
20,6,5,17,down_niche,dolomites,creation
29,7,6,17,down_niche,dolomites,creation
7,11,1,17,down_niche,dolomites,creation
2,4,0,17,down_niche,dolomites,creation
23,6,2,17,down_niche,dolomites,creation
18,6,5,17,down_niche,dolomites,creation
9,6,1,17,down_niche,dolomites,creation
55,7,1,17,down_niche,dolomites,creation
53,7,1,17,down_niche,dolomites,creation
10,8,7,17,down_niche,dolomites,creation
22,7,0,17,down_niche,dolomites,creation
26,6,6,17,down_niche,dolomites,creation
3,7,0,17,down_niche,dolomites,creation
30,6,1,17,down_niche,dolomites,creation
52,7,1,17,down_niche,dolomites,creation
48,0,35,17,down_niche,dolomites,creation
54,4,1,17,down_niche,dolomites,creation
51,0,36,17,down_niche,dolomites,creation
41,21,0,17,down_niche,dolomites,creation
25,6,7,17,down_niche,dolomites,creation
33,5,5,17,down_niche,dolomites,creation
58,7,0,17,down_niche,dolomites,creation
39,7,4,17,down_niche,dolomites,creation
47,0,36,17,down_niche,dolomites,creation
14,8,0,17,down_niche,dolomites,creation
44,0,28,17,down_niche,dolomites,creation
1,8,2,17,down_niche,dolomites,creation
19,6,3,17,down_niche,dolomites,creation
46,0,36,17,down_niche,dolomites,creation
50,0,12,17,down_niche,dolomites,creation
59,7,1,17,down_niche,dolomites,creation
4,16,1,17,down_niche,dolomites,creation
11,6,7,17,down_niche,dolomites,creation
36,5,2,17,down_niche,dolomites,creation
56,6,1,17,down_niche_bodysize,dolomites,creation
34,6,7,17,down_niche_bodysize,dolomites,creation
43,17,1,17,down_niche_bodysize,dolomites,creation
40,7,0,17,down_niche_bodysize,dolomites,creation
12,7,5,17,down_niche_bodysize,dolomites,creation
13,6,2,17,down_niche_bodysize,dolomites,creation
24,5,2,17,down_niche_bodysize,dolomites,creation
49,0,34,17,down_niche_bodysize,dolomites,creation
5,17,0,17,down_niche_bodysize,dolomites,creation
31,6,6,17,down_niche_bodysize,dolomites,creation
38,7,7,17,down_niche_bodysize,dolomites,creation
45,0,37,17,down_niche_bodysize,dolomites,creation
28,7,4,17,down_niche_bodysize,dolomites,creation
37,6,4,17,down_niche_bodysize,dolomites,creation
8,5,1,17,down_niche_bodysize,dolomites,creation
35,7,7,17,down_niche_bodysize,dolomites,creation
27,8,6,17,down_niche_bodysize,dolomites,creation
21,8,6,17,down_niche_bodysize,dolomites,creation
6,17,2,17,down_niche_bodysize,dolomites,creation
32,7,0,17,down_niche_bodysize,dolomites,creation
16,4,4,17,down_niche_bodysize,dolomites,creation
57,6,1,17,down_niche_bodysize,dolomites,creation
42,22,2,17,down_niche_bodysize,dolomites,creation
15,5,4,17,down_niche_bodysize,dolomites,creation
17,6,3,17,down_niche_bodysize,dolomites,creation
20,6,5,17,down_niche_bodysize,dolomites,creation
29,7,6,17,down_niche_bodysize,dolomites,creation
7,11,1,17,down_niche_bodysize,dolomites,creation
2,4,0,17,down_niche_bodysize,dolomites,creation
23,6,2,17,down_niche_bodysize,dolomites,creation
18,6,5,17,down_niche_bodysize,dolomites,creation
9,6,1,17,down_niche_bodysize,dolomites,creation
55,7,1,17,down_niche_bodysize,dolomites,creation
53,7,1,17,down_niche_bodysize,dolomites,creation
10,8,7,17,down_niche_bodysize,dolomites,creation
22,7,0,17,down_niche_bodysize,dolomites,creation
26,6,6,17,down_niche_bodysize,dolomites,creation
3,7,0,17,down_niche_bodysize,dolomites,creation
30,6,1,17,down_niche_bodysize,dolomites,creation
52,7,1,17,down_niche_bodysize,dolomites,creation
48,0,35,17,down_niche_bodysize,dolomites,creation
54,4,1,17,down_niche_bodysize,dolomites,creation
51,0,36,17,down_niche_bodysize,dolomites,creation
41,21,0,17,down_niche_bodysize,dolomites,creation
25,6,7,17,down_niche_bodysize,dolomites,creation
33,5,5,17,down_niche_bodysize,dolomites,creation
58,7,0,17,down_niche_bodysize,dolomites,creation
39,7,4,17,down_niche_bodysize,dolomites,creation
47,0,36,17,down_niche_bodysize,dolomites,creation
14,8,0,17,down_niche_bodysize,dolomites,creation
44,0,28,17,down_niche_bodysize,dolomites,creation
1,8,2,17,down_niche_bodysize,dolomites,creation
19,6,3,17,down_niche_bodysize,dolomites,creation
46,0,36,17,down_niche_bodysize,dolomites,creation
50,0,12,17,down_niche_bodysize,dolomites,creation
59,7,1,17,down_niche_bodysize,dolomites,creation
4,16,1,17,down_niche_bodysize,dolomites,creation
11,6,7,17,down_niche_bodysize,dolomites,creation
36,5,2,17,down_niche_bodysize,dolomites,creation
56,4,38,17,atn,dolomites,creation
34,7,0,17,atn,dolomites,creation
43,6,0,17,atn,dolomites,creation
40,6,0,17,atn,dolomites,creation
12,6,0,17,atn,dolomites,creation
13,6,29,17,atn,dolomites,creation
24,6,18,17,atn,dolomites,creation
49,0,30,17,atn,dolomites,creation
5,12,0,17,atn,dolomites,creation
31,11,0,17,atn,dolomites,creation
38,6,0,17,atn,dolomites,creation
45,0,9,17,atn,dolomites,creation
28,10,0,17,atn,dolomites,creation
37,11,0,17,atn,dolomites,creation
8,12,0,17,atn,dolomites,creation
35,9,0,17,atn,dolomites,creation
27,4,0,17,atn,dolomites,creation
21,10,0,17,atn,dolomites,creation
6,10,0,17,atn,dolomites,creation
32,12,0,17,atn,dolomites,creation
16,12,0,17,atn,dolomites,creation
57,6,30,17,atn,dolomites,creation
42,12,0,17,atn,dolomites,creation
15,12,0,17,atn,dolomites,creation
17,12,0,17,atn,dolomites,creation
20,4,0,17,atn,dolomites,creation
29,7,0,17,atn,dolomites,creation
7,7,0,17,atn,dolomites,creation
2,12,0,17,atn,dolomites,creation
23,6,16,17,atn,dolomites,creation
18,12,0,17,atn,dolomites,creation
9,7,0,17,atn,dolomites,creation
55,2,33,17,atn,dolomites,creation
53,0,9,17,atn,dolomites,creation
10,10,0,17,atn,dolomites,creation
22,6,22,17,atn,dolomites,creation
26,7,0,17,atn,dolomites,creation
3,12,0,17,atn,dolomites,creation
30,6,23,17,atn,dolomites,creation
52,0,4,17,atn,dolomites,creation
48,0,38,17,atn,dolomites,creation
54,0,14,17,atn,dolomites,creation
51,0,0,17,atn,dolomites,creation
41,10,0,17,atn,dolomites,creation
25,12,0,17,atn,dolomites,creation
33,10,0,17,atn,dolomites,creation
58,6,8,17,atn,dolomites,creation
39,6,0,17,atn,dolomites,creation
47,0,33,17,atn,dolomites,creation
14,7,0,17,atn,dolomites,creation
44,0,4,17,atn,dolomites,creation
1,12,0,17,atn,dolomites,creation
19,10,0,17,atn,dolomites,creation
46,0,14,17,atn,dolomites,creation
50,0,8,17,atn,dolomites,creation
59,6,0,17,atn,dolomites,creation
4,12,0,17,atn,dolomites,creation
11,6,0,17,atn,dolomites,creation
36,6,23,17,atn,dolomites,creation
34,0,28,17,down_power,dolomites,burnin
43,4,0,17,down_power,dolomites,burnin
40,0,23,17,down_power,dolomites,burnin
12,4,0,17,down_power,dolomites,burnin
13,4,0,17,down_power,dolomites,burnin
24,6,0,17,down_power,dolomites,burnin
5,4,0,17,down_power,dolomites,burnin
31,8,0,17,down_power,dolomites,burnin
38,0,25,17,down_power,dolomites,burnin
45,5,0,17,down_power,dolomites,burnin
28,6,0,17,down_power,dolomites,burnin
37,0,31,17,down_power,dolomites,burnin
8,3,0,17,down_power,dolomites,burnin
35,0,21,17,down_power,dolomites,burnin
27,7,0,17,down_power,dolomites,burnin
21,7,0,17,down_power,dolomites,burnin
6,7,0,17,down_power,dolomites,burnin
32,7,0,17,down_power,dolomites,burnin
16,3,0,17,down_power,dolomites,burnin
42,6,0,17,down_power,dolomites,burnin
15,5,0,17,down_power,dolomites,burnin
17,6,0,17,down_power,dolomites,burnin
20,5,0,17,down_power,dolomites,burnin
29,5,0,17,down_power,dolomites,burnin
7,3,0,17,down_power,dolomites,burnin
2,4,0,17,down_power,dolomites,burnin
23,6,0,17,down_power,dolomites,burnin
18,2,0,17,down_power,dolomites,burnin
9,6,0,17,down_power,dolomites,burnin
10,5,0,17,down_power,dolomites,burnin
22,4,0,17,down_power,dolomites,burnin
26,4,0,17,down_power,dolomites,burnin
3,6,0,17,down_power,dolomites,burnin
30,5,0,17,down_power,dolomites,burnin
48,4,0,17,down_power,dolomites,burnin
41,3,0,17,down_power,dolomites,burnin
25,5,0,17,down_power,dolomites,burnin
33,0,22,17,down_power,dolomites,burnin
39,0,29,17,down_power,dolomites,burnin
47,6,0,17,down_power,dolomites,burnin
14,5,0,17,down_power,dolomites,burnin
44,4,0,17,down_power,dolomites,burnin
1,6,0,17,down_power,dolomites,burnin
19,5,0,17,down_power,dolomites,burnin
46,7,0,17,down_power,dolomites,burnin
4,6,0,17,down_power,dolomites,burnin
11,4,0,17,down_power,dolomites,burnin
36,0,23,17,down_power,dolomites,burnin
34,0,40,17,metaweb,dolomites,burnin
43,8,0,17,metaweb,dolomites,burnin
40,0,40,17,metaweb,dolomites,burnin
12,8,0,17,metaweb,dolomites,burnin
13,8,0,17,metaweb,dolomites,burnin
24,8,0,17,metaweb,dolomites,burnin
5,8,0,17,metaweb,dolomites,burnin
31,8,0,17,metaweb,dolomites,burnin
38,0,40,17,metaweb,dolomites,burnin
45,8,0,17,metaweb,dolomites,burnin
28,8,0,17,metaweb,dolomites,burnin
37,0,40,17,metaweb,dolomites,burnin
8,8,0,17,metaweb,dolomites,burnin
35,0,40,17,metaweb,dolomites,burnin
27,8,0,17,metaweb,dolomites,burnin
21,8,0,17,metaweb,dolomites,burnin
6,8,0,17,metaweb,dolomites,burnin
32,8,0,17,metaweb,dolomites,burnin
16,8,0,17,metaweb,dolomites,burnin
42,8,0,17,metaweb,dolomites,burnin
15,8,0,17,metaweb,dolomites,burnin
17,8,0,17,metaweb,dolomites,burnin
20,8,0,17,metaweb,dolomites,burnin
29,8,0,17,metaweb,dolomites,burnin
7,8,0,17,metaweb,dolomites,burnin
2,8,0,17,metaweb,dolomites,burnin
23,8,0,17,metaweb,dolomites,burnin
18,8,0,17,metaweb,dolomites,burnin
9,8,0,17,metaweb,dolomites,burnin
10,8,0,17,metaweb,dolomites,burnin
22,8,0,17,metaweb,dolomites,burnin
26,8,0,17,metaweb,dolomites,burnin
3,8,0,17,metaweb,dolomites,burnin
30,8,0,17,metaweb,dolomites,burnin
48,8,0,17,metaweb,dolomites,burnin
41,8,0,17,metaweb,dolomites,burnin
25,8,0,17,metaweb,dolomites,burnin
33,0,40,17,metaweb,dolomites,burnin
39,0,40,17,metaweb,dolomites,burnin
47,8,0,17,metaweb,dolomites,burnin
14,8,0,17,metaweb,dolomites,burnin
44,8,0,17,metaweb,dolomites,burnin
1,8,0,17,metaweb,dolomites,burnin
19,8,0,17,metaweb,dolomites,burnin
46,8,0,17,metaweb,dolomites,burnin
4,8,0,17,metaweb,dolomites,burnin
11,8,0,17,metaweb,dolomites,burnin
36,0,40,17,metaweb,dolomites,burnin
34,0,9,17,niche,dolomites,burnin
43,0,4,17,niche,dolomites,burnin
40,0,9,17,niche,dolomites,burnin
12,15,4,17,niche,dolomites,burnin
13,5,4,17,niche,dolomites,burnin
24,13,7,17,niche,dolomites,burnin
5,6,0,17,niche,dolomites,burnin
31,9,10,17,niche,dolomites,burnin
38,0,10,17,niche,dolomites,burnin
28,0,7,17,niche,dolomites,burnin
37,1,7,17,niche,dolomites,burnin
8,2,2,17,niche,dolomites,burnin
35,2,9,17,niche,dolomites,burnin
27,5,8,17,niche,dolomites,burnin
21,2,3,17,niche,dolomites,burnin
6,6,0,17,niche,dolomites,burnin
32,0,9,17,niche,dolomites,burnin
16,11,5,17,niche,dolomites,burnin
42,0,5,17,niche,dolomites,burnin
15,0,4,17,niche,dolomites,burnin
17,0,5,17,niche,dolomites,burnin
20,5,5,17,niche,dolomites,burnin
29,5,8,17,niche,dolomites,burnin
7,0,2,17,niche,dolomites,burnin
2,13,0,17,niche,dolomites,burnin
23,1,4,17,niche,dolomites,burnin
18,13,5,17,niche,dolomites,burnin
9,19,4,17,niche,dolomites,burnin
10,1,4,17,niche,dolomites,burnin
22,3,4,17,niche,dolomites,burnin
26,11,6,17,niche,dolomites,burnin
3,15,0,17,niche,dolomites,burnin
30,3,9,17,niche,dolomites,burnin
41,0,9,17,niche,dolomites,burnin
25,5,6,17,niche,dolomites,burnin
33,3,9,17,niche,dolomites,burnin
39,3,6,17,niche,dolomites,burnin
14,6,4,17,niche,dolomites,burnin
1,12,0,17,niche,dolomites,burnin
19,9,5,17,niche,dolomites,burnin
4,14,0,17,niche,dolomites,burnin
11,8,4,17,niche,dolomites,burnin
36,0,11,17,niche,dolomites,burnin
34,0,25,17,down_rand,dolomites,burnin
43,7,0,17,down_rand,dolomites,burnin
40,0,31,17,down_rand,dolomites,burnin
12,5,0,17,down_rand,dolomites,burnin
13,5,0,17,down_rand,dolomites,burnin
24,4,0,17,down_rand,dolomites,burnin
5,7,0,17,down_rand,dolomites,burnin
31,5,0,17,down_rand,dolomites,burnin
38,0,26,17,down_rand,dolomites,burnin
45,7,0,17,down_rand,dolomites,burnin
28,4,0,17,down_rand,dolomites,burnin
37,0,31,17,down_rand,dolomites,burnin
8,6,0,17,down_rand,dolomites,burnin
35,0,27,17,down_rand,dolomites,burnin
27,5,0,17,down_rand,dolomites,burnin
21,6,0,17,down_rand,dolomites,burnin
6,7,0,17,down_rand,dolomites,burnin
32,7,0,17,down_rand,dolomites,burnin
16,7,0,17,down_rand,dolomites,burnin
42,6,0,17,down_rand,dolomites,burnin
15,4,0,17,down_rand,dolomites,burnin
17,3,0,17,down_rand,dolomites,burnin
20,5,0,17,down_rand,dolomites,burnin
29,6,0,17,down_rand,dolomites,burnin
7,5,0,17,down_rand,dolomites,burnin
2,6,0,17,down_rand,dolomites,burnin
23,5,0,17,down_rand,dolomites,burnin
18,5,0,17,down_rand,dolomites,burnin
9,3,0,17,down_rand,dolomites,burnin
10,5,0,17,down_rand,dolomites,burnin
22,6,0,17,down_rand,dolomites,burnin
26,6,0,17,down_rand,dolomites,burnin
3,7,0,17,down_rand,dolomites,burnin
30,4,0,17,down_rand,dolomites,burnin
48,7,0,17,down_rand,dolomites,burnin
41,6,0,17,down_rand,dolomites,burnin
25,7,0,17,down_rand,dolomites,burnin
33,0,23,17,down_rand,dolomites,burnin
39,0,28,17,down_rand,dolomites,burnin
47,5,0,17,down_rand,dolomites,burnin
14,5,0,17,down_rand,dolomites,burnin
44,5,0,17,down_rand,dolomites,burnin
1,5,0,17,down_rand,dolomites,burnin
19,6,0,17,down_rand,dolomites,burnin
46,6,0,17,down_rand,dolomites,burnin
4,4,0,17,down_rand,dolomites,burnin
11,8,0,17,down_rand,dolomites,burnin
36,0,31,17,down_rand,dolomites,burnin
34,0,24,17,down_link,dolomites,burnin
43,5,0,17,down_link,dolomites,burnin
40,0,22,17,down_link,dolomites,burnin
12,4,0,17,down_link,dolomites,burnin
13,5,0,17,down_link,dolomites,burnin
24,4,0,17,down_link,dolomites,burnin
5,6,0,17,down_link,dolomites,burnin
31,5,0,17,down_link,dolomites,burnin
38,0,26,17,down_link,dolomites,burnin
45,5,0,17,down_link,dolomites,burnin
28,4,0,17,down_link,dolomites,burnin
37,0,26,17,down_link,dolomites,burnin
8,6,0,17,down_link,dolomites,burnin
35,0,27,17,down_link,dolomites,burnin
27,6,0,17,down_link,dolomites,burnin
21,6,0,17,down_link,dolomites,burnin
6,3,0,17,down_link,dolomites,burnin
32,7,0,17,down_link,dolomites,burnin
16,4,0,17,down_link,dolomites,burnin
42,4,0,17,down_link,dolomites,burnin
15,5,0,17,down_link,dolomites,burnin
17,7,0,17,down_link,dolomites,burnin
20,5,0,17,down_link,dolomites,burnin
29,6,0,17,down_link,dolomites,burnin
7,4,0,17,down_link,dolomites,burnin
2,5,0,17,down_link,dolomites,burnin
23,6,0,17,down_link,dolomites,burnin
18,7,0,17,down_link,dolomites,burnin
9,6,0,17,down_link,dolomites,burnin
10,3,0,17,down_link,dolomites,burnin
22,7,0,17,down_link,dolomites,burnin
26,7,0,17,down_link,dolomites,burnin
3,4,0,17,down_link,dolomites,burnin
30,3,0,17,down_link,dolomites,burnin
48,3,0,17,down_link,dolomites,burnin
41,5,0,17,down_link,dolomites,burnin
25,5,0,17,down_link,dolomites,burnin
33,0,24,17,down_link,dolomites,burnin
39,0,26,17,down_link,dolomites,burnin
47,3,0,17,down_link,dolomites,burnin
14,8,0,17,down_link,dolomites,burnin
44,5,0,17,down_link,dolomites,burnin
1,6,0,17,down_link,dolomites,burnin
19,3,0,17,down_link,dolomites,burnin
46,7,0,17,down_link,dolomites,burnin
4,5,0,17,down_link,dolomites,burnin
11,4,0,17,down_link,dolomites,burnin
36,0,28,17,down_link,dolomites,burnin
34,0,28,17,down_niche,dolomites,burnin
43,7,0,17,down_niche,dolomites,burnin
40,0,12,17,down_niche,dolomites,burnin
12,6,1,17,down_niche,dolomites,burnin
13,6,0,17,down_niche,dolomites,burnin
24,6,0,17,down_niche,dolomites,burnin
49,7,0,17,down_niche,dolomites,burnin
5,6,0,17,down_niche,dolomites,burnin
31,6,0,17,down_niche,dolomites,burnin
38,0,35,17,down_niche,dolomites,burnin
45,7,0,17,down_niche,dolomites,burnin
28,6,0,17,down_niche,dolomites,burnin
37,0,36,17,down_niche,dolomites,burnin
8,8,0,17,down_niche,dolomites,burnin
35,0,36,17,down_niche,dolomites,burnin
27,5,1,17,down_niche,dolomites,burnin
21,8,0,17,down_niche,dolomites,burnin
6,7,0,17,down_niche,dolomites,burnin
32,7,0,17,down_niche,dolomites,burnin
16,7,0,17,down_niche,dolomites,burnin
42,7,0,17,down_niche,dolomites,burnin
15,8,0,17,down_niche,dolomites,burnin
17,6,0,17,down_niche,dolomites,burnin
20,6,0,17,down_niche,dolomites,burnin
29,7,0,17,down_niche,dolomites,burnin
7,6,0,17,down_niche,dolomites,burnin
2,5,0,17,down_niche,dolomites,burnin
23,7,0,17,down_niche,dolomites,burnin
18,5,0,17,down_niche,dolomites,burnin
9,5,1,17,down_niche,dolomites,burnin
10,4,0,17,down_niche,dolomites,burnin
22,7,0,17,down_niche,dolomites,burnin
26,7,0,17,down_niche,dolomites,burnin
3,6,0,17,down_niche,dolomites,burnin
30,5,0,17,down_niche,dolomites,burnin
48,7,0,17,down_niche,dolomites,burnin
41,0,36,17,down_niche,dolomites,burnin
25,6,0,17,down_niche,dolomites,burnin
33,7,0,17,down_niche,dolomites,burnin
39,0,34,17,down_niche,dolomites,burnin
47,6,0,17,down_niche,dolomites,burnin
14,6,0,17,down_niche,dolomites,burnin
44,4,0,17,down_niche,dolomites,burnin
1,4,0,17,down_niche,dolomites,burnin
19,6,0,17,down_niche,dolomites,burnin
46,6,0,17,down_niche,dolomites,burnin
4,8,1,17,down_niche,dolomites,burnin
11,6,0,17,down_niche,dolomites,burnin
36,0,35,17,down_niche,dolomites,burnin
34,0,28,17,down_niche_bodysize,dolomites,burnin
43,7,0,17,down_niche_bodysize,dolomites,burnin
40,0,12,17,down_niche_bodysize,dolomites,burnin
12,6,1,17,down_niche_bodysize,dolomites,burnin
13,6,0,17,down_niche_bodysize,dolomites,burnin
24,6,0,17,down_niche_bodysize,dolomites,burnin
49,7,0,17,down_niche_bodysize,dolomites,burnin
5,6,0,17,down_niche_bodysize,dolomites,burnin
31,6,0,17,down_niche_bodysize,dolomites,burnin
38,0,35,17,down_niche_bodysize,dolomites,burnin
45,7,0,17,down_niche_bodysize,dolomites,burnin
28,6,0,17,down_niche_bodysize,dolomites,burnin
37,0,36,17,down_niche_bodysize,dolomites,burnin
8,8,0,17,down_niche_bodysize,dolomites,burnin
35,0,36,17,down_niche_bodysize,dolomites,burnin
27,5,1,17,down_niche_bodysize,dolomites,burnin
21,8,0,17,down_niche_bodysize,dolomites,burnin
6,7,0,17,down_niche_bodysize,dolomites,burnin
32,7,0,17,down_niche_bodysize,dolomites,burnin
16,7,0,17,down_niche_bodysize,dolomites,burnin
42,7,0,17,down_niche_bodysize,dolomites,burnin
15,8,0,17,down_niche_bodysize,dolomites,burnin
17,6,0,17,down_niche_bodysize,dolomites,burnin
20,6,0,17,down_niche_bodysize,dolomites,burnin
29,7,0,17,down_niche_bodysize,dolomites,burnin
7,6,0,17,down_niche_bodysize,dolomites,burnin
2,5,0,17,down_niche_bodysize,dolomites,burnin
23,7,0,17,down_niche_bodysize,dolomites,burnin
18,5,0,17,down_niche_bodysize,dolomites,burnin
9,5,1,17,down_niche_bodysize,dolomites,burnin
10,4,0,17,down_niche_bodysize,dolomites,burnin
22,7,0,17,down_niche_bodysize,dolomites,burnin
26,7,0,17,down_niche_bodysize,dolomites,burnin
3,6,0,17,down_niche_bodysize,dolomites,burnin
30,5,0,17,down_niche_bodysize,dolomites,burnin
48,7,0,17,down_niche_bodysize,dolomites,burnin
41,0,36,17,down_niche_bodysize,dolomites,burnin
25,6,0,17,down_niche_bodysize,dolomites,burnin
33,7,0,17,down_niche_bodysize,dolomites,burnin
39,0,34,17,down_niche_bodysize,dolomites,burnin
47,6,0,17,down_niche_bodysize,dolomites,burnin
14,6,0,17,down_niche_bodysize,dolomites,burnin
44,4,0,17,down_niche_bodysize,dolomites,burnin
1,4,0,17,down_niche_bodysize,dolomites,burnin
19,6,0,17,down_niche_bodysize,dolomites,burnin
46,6,0,17,down_niche_bodysize,dolomites,burnin
4,8,1,17,down_niche_bodysize,dolomites,burnin
11,6,0,17,down_niche_bodysize,dolomites,burnin
36,0,35,17,down_niche_bodysize,dolomites,burnin
34,0,14,17,atn,dolomites,burnin
43,4,26,17,atn,dolomites,burnin
40,0,9,17,atn,dolomites,burnin
12,7,0,17,atn,dolomites,burnin
13,12,0,17,atn,dolomites,burnin
24,9,0,17,atn,dolomites,burnin
5,7,0,17,atn,dolomites,burnin
31,6,0,17,atn,dolomites,burnin
38,0,8,17,atn,dolomites,burnin
45,6,8,17,atn,dolomites,burnin
28,6,0,17,atn,dolomites,burnin
37,0,20,17,atn,dolomites,burnin
8,10,0,17,atn,dolomites,burnin
35,0,24,17,atn,dolomites,burnin
27,6,0,17,atn,dolomites,burnin
21,7,0,17,atn,dolomites,burnin
6,12,0,17,atn,dolomites,burnin
32,0,4,17,atn,dolomites,burnin
16,6,12,17,atn,dolomites,burnin
42,2,24,17,atn,dolomites,burnin
15,10,0,17,atn,dolomites,burnin
17,6,8,17,atn,dolomites,burnin
20,7,0,17,atn,dolomites,burnin
29,6,0,17,atn,dolomites,burnin
7,7,0,17,atn,dolomites,burnin
2,12,0,17,atn,dolomites,burnin
23,7,0,17,atn,dolomites,burnin
18,6,9,17,atn,dolomites,burnin
9,6,0,17,atn,dolomites,burnin
10,6,0,17,atn,dolomites,burnin
22,6,13,17,atn,dolomites,burnin
26,11,0,17,atn,dolomites,burnin
3,12,0,17,atn,dolomites,burnin
30,12,0,17,atn,dolomites,burnin
41,0,14,17,atn,dolomites,burnin
25,6,13,17,atn,dolomites,burnin
33,0,9,17,atn,dolomites,burnin
39,0,4,17,atn,dolomites,burnin
14,10,0,17,atn,dolomites,burnin
44,6,20,17,atn,dolomites,burnin
1,12,0,17,atn,dolomites,burnin
19,12,0,17,atn,dolomites,burnin
46,6,0,17,atn,dolomites,burnin
4,12,0,17,atn,dolomites,burnin
11,6,19,17,atn,dolomites,burnin
36,0,26,17,atn,dolomites,burnin
56,5,1,18,down_power,dolomites,creation
34,5,6,18,down_power,dolomites,creation
43,17,5,18,down_power,dolomites,creation
40,5,1,18,down_power,dolomites,creation
12,4,8,18,down_power,dolomites,creation
13,0,1,18,down_power,dolomites,creation
24,5,1,18,down_power,dolomites,creation
49,0,26,18,down_power,dolomites,creation
5,19,4,18,down_power,dolomites,creation
31,2,5,18,down_power,dolomites,creation
38,4,5,18,down_power,dolomites,creation
45,0,27,18,down_power,dolomites,creation
28,7,6,18,down_power,dolomites,creation
37,4,5,18,down_power,dolomites,creation
8,6,1,18,down_power,dolomites,creation
35,5,6,18,down_power,dolomites,creation
27,4,8,18,down_power,dolomites,creation
21,6,6,18,down_power,dolomites,creation
6,18,5,18,down_power,dolomites,creation
32,6,0,18,down_power,dolomites,creation
16,7,4,18,down_power,dolomites,creation
57,4,1,18,down_power,dolomites,creation
42,35,4,18,down_power,dolomites,creation
15,4,3,18,down_power,dolomites,creation
17,4,4,18,down_power,dolomites,creation
20,6,5,18,down_power,dolomites,creation
29,6,2,18,down_power,dolomites,creation
7,17,5,18,down_power,dolomites,creation
2,16,1,18,down_power,dolomites,creation
23,4,2,18,down_power,dolomites,creation
18,3,6,18,down_power,dolomites,creation
9,6,0,18,down_power,dolomites,creation
55,6,0,18,down_power,dolomites,creation
53,6,0,18,down_power,dolomites,creation
10,8,5,18,down_power,dolomites,creation
22,6,2,18,down_power,dolomites,creation
26,3,6,18,down_power,dolomites,creation
3,10,1,18,down_power,dolomites,creation
30,6,2,18,down_power,dolomites,creation
52,6,1,18,down_power,dolomites,creation
48,0,22,18,down_power,dolomites,creation
54,4,1,18,down_power,dolomites,creation
51,0,30,18,down_power,dolomites,creation
41,35,7,18,down_power,dolomites,creation
25,5,6,18,down_power,dolomites,creation
33,6,7,18,down_power,dolomites,creation
58,2,0,18,down_power,dolomites,creation
39,4,7,18,down_power,dolomites,creation
47,0,27,18,down_power,dolomites,creation
14,3,0,18,down_power,dolomites,creation
44,0,24,18,down_power,dolomites,creation
1,5,6,18,down_power,dolomites,creation
19,5,5,18,down_power,dolomites,creation
46,0,29,18,down_power,dolomites,creation
50,0,26,18,down_power,dolomites,creation
59,3,1,18,down_power,dolomites,creation
4,20,2,18,down_power,dolomites,creation
11,5,5,18,down_power,dolomites,creation
36,5,1,18,down_power,dolomites,creation
56,8,1,18,metaweb,dolomites,creation
34,8,7,18,metaweb,dolomites,creation
43,28,7,18,metaweb,dolomites,creation
40,8,2,18,metaweb,dolomites,creation
12,8,8,18,metaweb,dolomites,creation
13,8,2,18,metaweb,dolomites,creation
24,8,2,18,metaweb,dolomites,creation
49,0,43,18,metaweb,dolomites,creation
5,31,4,18,metaweb,dolomites,creation
31,8,8,18,metaweb,dolomites,creation
38,8,7,18,metaweb,dolomites,creation
45,0,43,18,metaweb,dolomites,creation
28,8,7,18,metaweb,dolomites,creation
37,8,7,18,metaweb,dolomites,creation
8,8,1,18,metaweb,dolomites,creation
35,8,7,18,metaweb,dolomites,creation
27,8,8,18,metaweb,dolomites,creation
21,8,7,18,metaweb,dolomites,creation
6,27,7,18,metaweb,dolomites,creation
32,8,0,18,metaweb,dolomites,creation
16,8,7,18,metaweb,dolomites,creation
57,8,1,18,metaweb,dolomites,creation
42,35,7,18,metaweb,dolomites,creation
15,8,4,18,metaweb,dolomites,creation
17,8,7,18,metaweb,dolomites,creation
20,8,7,18,metaweb,dolomites,creation
29,8,7,18,metaweb,dolomites,creation
7,20,7,18,metaweb,dolomites,creation
2,18,2,18,metaweb,dolomites,creation
23,8,2,18,metaweb,dolomites,creation
18,8,7,18,metaweb,dolomites,creation
9,8,1,18,metaweb,dolomites,creation
55,8,1,18,metaweb,dolomites,creation
53,8,1,18,metaweb,dolomites,creation
10,8,8,18,metaweb,dolomites,creation
22,8,2,18,metaweb,dolomites,creation
26,8,8,18,metaweb,dolomites,creation
3,18,2,18,metaweb,dolomites,creation
30,8,2,18,metaweb,dolomites,creation
52,8,1,18,metaweb,dolomites,creation
48,0,43,18,metaweb,dolomites,creation
54,8,1,18,metaweb,dolomites,creation
51,0,43,18,metaweb,dolomites,creation
41,35,7,18,metaweb,dolomites,creation
25,8,8,18,metaweb,dolomites,creation
33,8,7,18,metaweb,dolomites,creation
58,8,1,18,metaweb,dolomites,creation
39,8,7,18,metaweb,dolomites,creation
47,0,43,18,metaweb,dolomites,creation
14,8,0,18,metaweb,dolomites,creation
44,0,43,18,metaweb,dolomites,creation
1,10,8,18,metaweb,dolomites,creation
19,8,7,18,metaweb,dolomites,creation
46,0,43,18,metaweb,dolomites,creation
50,0,43,18,metaweb,dolomites,creation
59,8,1,18,metaweb,dolomites,creation
4,31,4,18,metaweb,dolomites,creation
11,8,8,18,metaweb,dolomites,creation
36,8,2,18,metaweb,dolomites,creation
56,0,4,18,niche,dolomites,creation
34,1,11,18,niche,dolomites,creation
43,3,17,18,niche,dolomites,creation
40,6,12,18,niche,dolomites,creation
12,2,2,18,niche,dolomites,creation
13,7,3,18,niche,dolomites,creation
24,7,6,18,niche,dolomites,creation
49,1,5,18,niche,dolomites,creation
5,10,1,18,niche,dolomites,creation
31,0,8,18,niche,dolomites,creation
38,6,12,18,niche,dolomites,creation
45,0,16,18,niche,dolomites,creation
28,7,8,18,niche,dolomites,creation
37,1,12,18,niche,dolomites,creation
8,9,2,18,niche,dolomites,creation
35,1,12,18,niche,dolomites,creation
27,5,10,18,niche,dolomites,creation
21,21,4,18,niche,dolomites,creation
6,2,1,18,niche,dolomites,creation
32,0,10,18,niche,dolomites,creation
16,17,4,18,niche,dolomites,creation
57,0,4,18,niche,dolomites,creation
42,0,15,18,niche,dolomites,creation
15,3,4,18,niche,dolomites,creation
17,8,4,18,niche,dolomites,creation
20,2,5,18,niche,dolomites,creation
29,1,9,18,niche,dolomites,creation
7,3,1,18,niche,dolomites,creation
2,5,1,18,niche,dolomites,creation
23,23,6,18,niche,dolomites,creation
18,14,4,18,niche,dolomites,creation
9,25,2,18,niche,dolomites,creation
55,0,6,18,niche,dolomites,creation
53,4,5,18,niche,dolomites,creation
10,19,1,18,niche,dolomites,creation
22,23,4,18,niche,dolomites,creation
26,20,10,18,niche,dolomites,creation
3,0,1,18,niche,dolomites,creation
30,4,8,18,niche,dolomites,creation
52,5,5,18,niche,dolomites,creation
48,3,8,18,niche,dolomites,creation
54,1,5,18,niche,dolomites,creation
51,0,5,18,niche,dolomites,creation
41,1,13,18,niche,dolomites,creation
25,9,7,18,niche,dolomites,creation
33,9,11,18,niche,dolomites,creation
58,0,4,18,niche,dolomites,creation
39,3,12,18,niche,dolomites,creation
47,1,6,18,niche,dolomites,creation
14,2,3,18,niche,dolomites,creation
44,0,16,18,niche,dolomites,creation
1,9,1,18,niche,dolomites,creation
19,18,4,18,niche,dolomites,creation
46,0,8,18,niche,dolomites,creation
50,2,6,18,niche,dolomites,creation
59,0,1,18,niche,dolomites,creation
4,31,1,18,niche,dolomites,creation
11,25,1,18,niche,dolomites,creation
36,0,12,18,niche,dolomites,creation
56,6,0,18,down_rand,dolomites,creation
34,5,5,18,down_rand,dolomites,creation
43,17,6,18,down_rand,dolomites,creation
40,6,2,18,down_rand,dolomites,creation
12,5,6,18,down_rand,dolomites,creation
13,4,0,18,down_rand,dolomites,creation
24,4,2,18,down_rand,dolomites,creation
49,0,30,18,down_rand,dolomites,creation
5,19,3,18,down_rand,dolomites,creation
31,3,8,18,down_rand,dolomites,creation
38,6,6,18,down_rand,dolomites,creation
45,0,27,18,down_rand,dolomites,creation
28,6,3,18,down_rand,dolomites,creation
37,5,3,18,down_rand,dolomites,creation
8,5,1,18,down_rand,dolomites,creation
35,8,2,18,down_rand,dolomites,creation
27,3,6,18,down_rand,dolomites,creation
21,7,4,18,down_rand,dolomites,creation
6,19,1,18,down_rand,dolomites,creation
32,7,0,18,down_rand,dolomites,creation
16,5,4,18,down_rand,dolomites,creation
57,7,1,18,down_rand,dolomites,creation
42,23,6,18,down_rand,dolomites,creation
15,5,2,18,down_rand,dolomites,creation
17,6,3,18,down_rand,dolomites,creation
20,5,7,18,down_rand,dolomites,creation
29,4,3,18,down_rand,dolomites,creation
7,15,4,18,down_rand,dolomites,creation
2,11,1,18,down_rand,dolomites,creation
23,6,1,18,down_rand,dolomites,creation
18,6,5,18,down_rand,dolomites,creation
9,5,0,18,down_rand,dolomites,creation
55,5,1,18,down_rand,dolomites,creation
53,5,1,18,down_rand,dolomites,creation
10,5,7,18,down_rand,dolomites,creation
22,6,2,18,down_rand,dolomites,creation
26,6,2,18,down_rand,dolomites,creation
3,6,1,18,down_rand,dolomites,creation
30,5,2,18,down_rand,dolomites,creation
52,8,0,18,down_rand,dolomites,creation
48,0,29,18,down_rand,dolomites,creation
54,6,1,18,down_rand,dolomites,creation
51,0,24,18,down_rand,dolomites,creation
41,27,6,18,down_rand,dolomites,creation
25,6,4,18,down_rand,dolomites,creation
33,5,6,18,down_rand,dolomites,creation
58,7,1,18,down_rand,dolomites,creation
39,5,5,18,down_rand,dolomites,creation
47,0,34,18,down_rand,dolomites,creation
14,7,0,18,down_rand,dolomites,creation
44,0,29,18,down_rand,dolomites,creation
1,5,5,18,down_rand,dolomites,creation
19,5,6,18,down_rand,dolomites,creation
46,0,29,18,down_rand,dolomites,creation
50,0,31,18,down_rand,dolomites,creation
59,7,1,18,down_rand,dolomites,creation
4,19,2,18,down_rand,dolomites,creation
11,4,4,18,down_rand,dolomites,creation
36,5,2,18,down_rand,dolomites,creation
56,4,1,18,down_link,dolomites,creation
34,5,3,18,down_link,dolomites,creation
43,18,5,18,down_link,dolomites,creation
40,8,2,18,down_link,dolomites,creation
12,6,5,18,down_link,dolomites,creation
13,6,2,18,down_link,dolomites,creation
24,6,2,18,down_link,dolomites,creation
49,0,26,18,down_link,dolomites,creation
5,24,4,18,down_link,dolomites,creation
31,5,6,18,down_link,dolomites,creation
38,4,7,18,down_link,dolomites,creation
45,0,24,18,down_link,dolomites,creation
28,5,6,18,down_link,dolomites,creation
37,6,7,18,down_link,dolomites,creation
8,5,1,18,down_link,dolomites,creation
35,3,6,18,down_link,dolomites,creation
27,5,5,18,down_link,dolomites,creation
21,4,6,18,down_link,dolomites,creation
6,24,4,18,down_link,dolomites,creation
32,6,0,18,down_link,dolomites,creation
16,4,5,18,down_link,dolomites,creation
57,5,1,18,down_link,dolomites,creation
42,18,5,18,down_link,dolomites,creation
15,4,3,18,down_link,dolomites,creation
17,7,5,18,down_link,dolomites,creation
20,3,4,18,down_link,dolomites,creation
29,6,5,18,down_link,dolomites,creation
7,15,5,18,down_link,dolomites,creation
2,15,2,18,down_link,dolomites,creation
23,6,1,18,down_link,dolomites,creation
18,4,4,18,down_link,dolomites,creation
9,7,1,18,down_link,dolomites,creation
55,6,1,18,down_link,dolomites,creation
53,2,1,18,down_link,dolomites,creation
10,5,6,18,down_link,dolomites,creation
22,4,2,18,down_link,dolomites,creation
26,5,6,18,down_link,dolomites,creation
3,18,2,18,down_link,dolomites,creation
30,5,2,18,down_link,dolomites,creation
52,6,1,18,down_link,dolomites,creation
48,0,29,18,down_link,dolomites,creation
54,5,1,18,down_link,dolomites,creation
51,0,29,18,down_link,dolomites,creation
41,16,5,18,down_link,dolomites,creation
25,5,7,18,down_link,dolomites,creation
33,5,6,18,down_link,dolomites,creation
58,5,1,18,down_link,dolomites,creation
39,4,5,18,down_link,dolomites,creation
47,0,25,18,down_link,dolomites,creation
14,4,0,18,down_link,dolomites,creation
44,0,21,18,down_link,dolomites,creation
1,8,7,18,down_link,dolomites,creation
19,6,4,18,down_link,dolomites,creation
46,0,25,18,down_link,dolomites,creation
50,0,25,18,down_link,dolomites,creation
59,5,1,18,down_link,dolomites,creation
4,23,3,18,down_link,dolomites,creation
11,6,7,18,down_link,dolomites,creation
36,6,2,18,down_link,dolomites,creation
56,5,1,18,down_niche,dolomites,creation
34,6,6,18,down_niche,dolomites,creation
43,16,0,18,down_niche,dolomites,creation
40,7,0,18,down_niche,dolomites,creation
12,7,4,18,down_niche,dolomites,creation
13,7,2,18,down_niche,dolomites,creation
24,8,2,18,down_niche,dolomites,creation
49,0,36,18,down_niche,dolomites,creation
5,16,1,18,down_niche,dolomites,creation
31,7,4,18,down_niche,dolomites,creation
38,4,5,18,down_niche,dolomites,creation
45,0,35,18,down_niche,dolomites,creation
28,4,4,18,down_niche,dolomites,creation
37,6,5,18,down_niche,dolomites,creation
8,6,1,18,down_niche,dolomites,creation
35,6,4,18,down_niche,dolomites,creation
27,4,5,18,down_niche,dolomites,creation
21,6,7,18,down_niche,dolomites,creation
6,18,2,18,down_niche,dolomites,creation
32,6,0,18,down_niche,dolomites,creation
16,4,5,18,down_niche,dolomites,creation
57,6,1,18,down_niche,dolomites,creation
42,20,2,18,down_niche,dolomites,creation
15,5,4,18,down_niche,dolomites,creation
17,6,6,18,down_niche,dolomites,creation
20,6,5,18,down_niche,dolomites,creation
29,6,5,18,down_niche,dolomites,creation
7,13,1,18,down_niche,dolomites,creation
2,7,0,18,down_niche,dolomites,creation
23,5,1,18,down_niche,dolomites,creation
18,5,5,18,down_niche,dolomites,creation
9,6,1,18,down_niche,dolomites,creation
55,6,1,18,down_niche,dolomites,creation
53,8,1,18,down_niche,dolomites,creation
10,7,6,18,down_niche,dolomites,creation
22,7,2,18,down_niche,dolomites,creation
26,7,6,18,down_niche,dolomites,creation
3,4,0,18,down_niche,dolomites,creation
30,6,2,18,down_niche,dolomites,creation
52,6,1,18,down_niche,dolomites,creation
48,0,9,18,down_niche,dolomites,creation
54,7,1,18,down_niche,dolomites,creation
51,0,20,18,down_niche,dolomites,creation
41,25,5,18,down_niche,dolomites,creation
25,6,6,18,down_niche,dolomites,creation
33,4,5,18,down_niche,dolomites,creation
58,7,1,18,down_niche,dolomites,creation
39,5,7,18,down_niche,dolomites,creation
47,0,35,18,down_niche,dolomites,creation
14,8,0,18,down_niche,dolomites,creation
44,0,35,18,down_niche,dolomites,creation
1,7,0,18,down_niche,dolomites,creation
19,4,6,18,down_niche,dolomites,creation
46,0,35,18,down_niche,dolomites,creation
50,0,37,18,down_niche,dolomites,creation
59,6,0,18,down_niche,dolomites,creation
4,17,0,18,down_niche,dolomites,creation
11,7,4,18,down_niche,dolomites,creation
36,5,2,18,down_niche,dolomites,creation
56,5,1,18,down_niche_bodysize,dolomites,creation
34,6,6,18,down_niche_bodysize,dolomites,creation
43,16,0,18,down_niche_bodysize,dolomites,creation
40,7,0,18,down_niche_bodysize,dolomites,creation
12,7,4,18,down_niche_bodysize,dolomites,creation
13,7,2,18,down_niche_bodysize,dolomites,creation
24,8,2,18,down_niche_bodysize,dolomites,creation
49,0,36,18,down_niche_bodysize,dolomites,creation
5,16,1,18,down_niche_bodysize,dolomites,creation
31,7,4,18,down_niche_bodysize,dolomites,creation
38,4,5,18,down_niche_bodysize,dolomites,creation
45,0,35,18,down_niche_bodysize,dolomites,creation
28,4,4,18,down_niche_bodysize,dolomites,creation
37,6,5,18,down_niche_bodysize,dolomites,creation
8,6,1,18,down_niche_bodysize,dolomites,creation
35,6,4,18,down_niche_bodysize,dolomites,creation
27,4,5,18,down_niche_bodysize,dolomites,creation
21,6,7,18,down_niche_bodysize,dolomites,creation
6,18,2,18,down_niche_bodysize,dolomites,creation
32,6,0,18,down_niche_bodysize,dolomites,creation
16,4,5,18,down_niche_bodysize,dolomites,creation
57,6,1,18,down_niche_bodysize,dolomites,creation
42,20,2,18,down_niche_bodysize,dolomites,creation
15,5,4,18,down_niche_bodysize,dolomites,creation
17,6,6,18,down_niche_bodysize,dolomites,creation
20,6,5,18,down_niche_bodysize,dolomites,creation
29,6,5,18,down_niche_bodysize,dolomites,creation
7,13,1,18,down_niche_bodysize,dolomites,creation
2,7,0,18,down_niche_bodysize,dolomites,creation
23,5,1,18,down_niche_bodysize,dolomites,creation
18,5,5,18,down_niche_bodysize,dolomites,creation
9,6,1,18,down_niche_bodysize,dolomites,creation
55,6,1,18,down_niche_bodysize,dolomites,creation
53,8,1,18,down_niche_bodysize,dolomites,creation
10,7,6,18,down_niche_bodysize,dolomites,creation
22,7,2,18,down_niche_bodysize,dolomites,creation
26,7,6,18,down_niche_bodysize,dolomites,creation
3,4,0,18,down_niche_bodysize,dolomites,creation
30,6,2,18,down_niche_bodysize,dolomites,creation
52,6,1,18,down_niche_bodysize,dolomites,creation
48,0,9,18,down_niche_bodysize,dolomites,creation
54,7,1,18,down_niche_bodysize,dolomites,creation
51,0,20,18,down_niche_bodysize,dolomites,creation
41,25,5,18,down_niche_bodysize,dolomites,creation
25,6,6,18,down_niche_bodysize,dolomites,creation
33,4,5,18,down_niche_bodysize,dolomites,creation
58,7,1,18,down_niche_bodysize,dolomites,creation
39,5,7,18,down_niche_bodysize,dolomites,creation
47,0,35,18,down_niche_bodysize,dolomites,creation
14,8,0,18,down_niche_bodysize,dolomites,creation
44,0,35,18,down_niche_bodysize,dolomites,creation
1,7,0,18,down_niche_bodysize,dolomites,creation
19,4,6,18,down_niche_bodysize,dolomites,creation
46,0,35,18,down_niche_bodysize,dolomites,creation
50,0,37,18,down_niche_bodysize,dolomites,creation
59,6,0,18,down_niche_bodysize,dolomites,creation
4,17,0,18,down_niche_bodysize,dolomites,creation
11,7,4,18,down_niche_bodysize,dolomites,creation
36,5,2,18,down_niche_bodysize,dolomites,creation
56,4,39,18,atn,dolomites,creation
34,7,0,18,atn,dolomites,creation
43,7,0,18,atn,dolomites,creation
40,6,2,18,atn,dolomites,creation
12,7,0,18,atn,dolomites,creation
13,6,13,18,atn,dolomites,creation
24,8,12,18,atn,dolomites,creation
49,0,32,18,atn,dolomites,creation
5,11,0,18,atn,dolomites,creation
31,11,0,18,atn,dolomites,creation
38,7,0,18,atn,dolomites,creation
45,0,7,18,atn,dolomites,creation
28,10,0,18,atn,dolomites,creation
37,10,0,18,atn,dolomites,creation
8,7,0,18,atn,dolomites,creation
35,6,2,18,atn,dolomites,creation
27,7,0,18,atn,dolomites,creation
21,6,2,18,atn,dolomites,creation
6,7,0,18,atn,dolomites,creation
32,10,0,18,atn,dolomites,creation
16,7,0,18,atn,dolomites,creation
57,6,32,18,atn,dolomites,creation
42,11,0,18,atn,dolomites,creation
15,10,0,18,atn,dolomites,creation
17,10,0,18,atn,dolomites,creation
20,7,0,18,atn,dolomites,creation
29,7,0,18,atn,dolomites,creation
7,6,2,18,atn,dolomites,creation
2,17,0,18,atn,dolomites,creation
23,6,2,18,atn,dolomites,creation
18,7,0,18,atn,dolomites,creation
9,7,0,18,atn,dolomites,creation
55,2,31,18,atn,dolomites,creation
53,0,7,18,atn,dolomites,creation
10,11,0,18,atn,dolomites,creation
22,6,14,18,atn,dolomites,creation
26,7,0,18,atn,dolomites,creation
3,17,0,18,atn,dolomites,creation
30,6,32,18,atn,dolomites,creation
52,0,4,18,atn,dolomites,creation
48,0,39,18,atn,dolomites,creation
54,0,14,18,atn,dolomites,creation
51,0,2,18,atn,dolomites,creation
41,7,0,18,atn,dolomites,creation
25,7,0,18,atn,dolomites,creation
33,9,0,18,atn,dolomites,creation
58,6,14,18,atn,dolomites,creation
39,7,0,18,atn,dolomites,creation
47,0,31,18,atn,dolomites,creation
14,7,0,18,atn,dolomites,creation
44,0,4,18,atn,dolomites,creation
1,10,0,18,atn,dolomites,creation
19,7,0,18,atn,dolomites,creation
46,0,14,18,atn,dolomites,creation
50,0,14,18,atn,dolomites,creation
59,6,2,18,atn,dolomites,creation
4,11,0,18,atn,dolomites,creation
11,6,2,18,atn,dolomites,creation
36,6,7,18,atn,dolomites,creation
34,0,22,18,down_power,dolomites,burnin
43,6,0,18,down_power,dolomites,burnin
40,0,23,18,down_power,dolomites,burnin
12,3,0,18,down_power,dolomites,burnin
13,5,0,18,down_power,dolomites,burnin
24,6,1,18,down_power,dolomites,burnin
49,3,0,18,down_power,dolomites,burnin
5,5,1,18,down_power,dolomites,burnin
31,4,0,18,down_power,dolomites,burnin
38,0,20,18,down_power,dolomites,burnin
45,6,0,18,down_power,dolomites,burnin
28,5,1,18,down_power,dolomites,burnin
37,0,24,18,down_power,dolomites,burnin
8,3,0,18,down_power,dolomites,burnin
35,0,24,18,down_power,dolomites,burnin
27,6,0,18,down_power,dolomites,burnin
21,4,1,18,down_power,dolomites,burnin
6,4,1,18,down_power,dolomites,burnin
32,4,1,18,down_power,dolomites,burnin
16,6,1,18,down_power,dolomites,burnin
42,6,0,18,down_power,dolomites,burnin
15,6,1,18,down_power,dolomites,burnin
17,4,1,18,down_power,dolomites,burnin
20,3,1,18,down_power,dolomites,burnin
29,5,1,18,down_power,dolomites,burnin
7,0,1,18,down_power,dolomites,burnin
2,6,0,18,down_power,dolomites,burnin
23,6,0,18,down_power,dolomites,burnin
18,5,1,18,down_power,dolomites,burnin
9,4,0,18,down_power,dolomites,burnin
10,7,0,18,down_power,dolomites,burnin
22,7,0,18,down_power,dolomites,burnin
26,6,0,18,down_power,dolomites,burnin
3,6,0,18,down_power,dolomites,burnin
30,5,1,18,down_power,dolomites,burnin
48,2,0,18,down_power,dolomites,burnin
41,0,27,18,down_power,dolomites,burnin
25,2,0,18,down_power,dolomites,burnin
33,4,1,18,down_power,dolomites,burnin
39,0,24,18,down_power,dolomites,burnin
47,4,0,18,down_power,dolomites,burnin
14,6,1,18,down_power,dolomites,burnin
44,4,0,18,down_power,dolomites,burnin
1,16,0,18,down_power,dolomites,burnin
19,5,0,18,down_power,dolomites,burnin
46,5,0,18,down_power,dolomites,burnin
4,8,0,18,down_power,dolomites,burnin
11,4,0,18,down_power,dolomites,burnin
36,0,26,18,down_power,dolomites,burnin
34,0,40,18,metaweb,dolomites,burnin
43,8,0,18,metaweb,dolomites,burnin
40,0,40,18,metaweb,dolomites,burnin
12,8,0,18,metaweb,dolomites,burnin
13,8,0,18,metaweb,dolomites,burnin
24,8,0,18,metaweb,dolomites,burnin
5,8,0,18,metaweb,dolomites,burnin
31,8,0,18,metaweb,dolomites,burnin
38,0,40,18,metaweb,dolomites,burnin
45,8,0,18,metaweb,dolomites,burnin
28,8,0,18,metaweb,dolomites,burnin
37,0,40,18,metaweb,dolomites,burnin
8,8,0,18,metaweb,dolomites,burnin
35,0,40,18,metaweb,dolomites,burnin
27,8,0,18,metaweb,dolomites,burnin
21,8,0,18,metaweb,dolomites,burnin
6,8,0,18,metaweb,dolomites,burnin
32,8,0,18,metaweb,dolomites,burnin
16,8,0,18,metaweb,dolomites,burnin
42,8,0,18,metaweb,dolomites,burnin
15,8,0,18,metaweb,dolomites,burnin
17,8,0,18,metaweb,dolomites,burnin
20,8,0,18,metaweb,dolomites,burnin
29,8,0,18,metaweb,dolomites,burnin
7,8,0,18,metaweb,dolomites,burnin
2,8,0,18,metaweb,dolomites,burnin
23,8,0,18,metaweb,dolomites,burnin
18,8,0,18,metaweb,dolomites,burnin
9,8,0,18,metaweb,dolomites,burnin
10,8,0,18,metaweb,dolomites,burnin
22,8,0,18,metaweb,dolomites,burnin
26,8,0,18,metaweb,dolomites,burnin
3,8,0,18,metaweb,dolomites,burnin
30,8,0,18,metaweb,dolomites,burnin
48,8,0,18,metaweb,dolomites,burnin
41,8,0,18,metaweb,dolomites,burnin
25,8,0,18,metaweb,dolomites,burnin
33,0,40,18,metaweb,dolomites,burnin
39,0,40,18,metaweb,dolomites,burnin
47,8,0,18,metaweb,dolomites,burnin
14,8,0,18,metaweb,dolomites,burnin
44,8,0,18,metaweb,dolomites,burnin
1,8,0,18,metaweb,dolomites,burnin
19,8,0,18,metaweb,dolomites,burnin
46,8,0,18,metaweb,dolomites,burnin
4,8,0,18,metaweb,dolomites,burnin
11,8,0,18,metaweb,dolomites,burnin
36,0,40,18,metaweb,dolomites,burnin
56,0,4,18,niche,dolomites,burnin
34,1,11,18,niche,dolomites,burnin
43,0,16,18,niche,dolomites,burnin
40,1,13,18,niche,dolomites,burnin
12,2,2,18,niche,dolomites,burnin
13,7,3,18,niche,dolomites,burnin
24,7,6,18,niche,dolomites,burnin
49,2,6,18,niche,dolomites,burnin
5,9,1,18,niche,dolomites,burnin
31,0,8,18,niche,dolomites,burnin
38,3,12,18,niche,dolomites,burnin
45,0,8,18,niche,dolomites,burnin
28,6,8,18,niche,dolomites,burnin
37,6,12,18,niche,dolomites,burnin
8,9,2,18,niche,dolomites,burnin
35,1,12,18,niche,dolomites,burnin
27,5,10,18,niche,dolomites,burnin
21,21,4,18,niche,dolomites,burnin
6,2,1,18,niche,dolomites,burnin
32,0,10,18,niche,dolomites,burnin
16,16,4,18,niche,dolomites,burnin
57,0,4,18,niche,dolomites,burnin
42,3,16,18,niche,dolomites,burnin
15,3,4,18,niche,dolomites,burnin
17,8,4,18,niche,dolomites,burnin
20,2,5,18,niche,dolomites,burnin
29,1,9,18,niche,dolomites,burnin
7,3,1,18,niche,dolomites,burnin
2,5,1,18,niche,dolomites,burnin
23,22,6,18,niche,dolomites,burnin
18,13,4,18,niche,dolomites,burnin
9,24,2,18,niche,dolomites,burnin
55,0,4,18,niche,dolomites,burnin
53,1,5,18,niche,dolomites,burnin
10,18,1,18,niche,dolomites,burnin
22,22,4,18,niche,dolomites,burnin
26,20,10,18,niche,dolomites,burnin
3,0,1,18,niche,dolomites,burnin
30,4,8,18,niche,dolomites,burnin
52,4,5,18,niche,dolomites,burnin
48,1,5,18,niche,dolomites,burnin
54,0,6,18,niche,dolomites,burnin
51,5,5,18,niche,dolomites,burnin
41,0,15,18,niche,dolomites,burnin
25,8,7,18,niche,dolomites,burnin
33,8,11,18,niche,dolomites,burnin
58,0,1,18,niche,dolomites,burnin
39,6,12,18,niche,dolomites,burnin
47,3,8,18,niche,dolomites,burnin
14,2,3,18,niche,dolomites,burnin
44,0,16,18,niche,dolomites,burnin
1,9,1,18,niche,dolomites,burnin
19,17,4,18,niche,dolomites,burnin
46,1,6,18,niche,dolomites,burnin
50,0,5,18,niche,dolomites,burnin
4,31,1,18,niche,dolomites,burnin
11,24,1,18,niche,dolomites,burnin
36,0,12,18,niche,dolomites,burnin
34,0,24,18,down_rand,dolomites,burnin
43,6,0,18,down_rand,dolomites,burnin
40,0,23,18,down_rand,dolomites,burnin
12,5,0,18,down_rand,dolomites,burnin
13,5,0,18,down_rand,dolomites,burnin
24,3,0,18,down_rand,dolomites,burnin
5,5,0,18,down_rand,dolomites,burnin
31,6,0,18,down_rand,dolomites,burnin
38,0,29,18,down_rand,dolomites,burnin
45,6,0,18,down_rand,dolomites,burnin
28,8,0,18,down_rand,dolomites,burnin
37,0,26,18,down_rand,dolomites,burnin
8,5,0,18,down_rand,dolomites,burnin
35,0,28,18,down_rand,dolomites,burnin
27,5,0,18,down_rand,dolomites,burnin
21,6,0,18,down_rand,dolomites,burnin
6,4,0,18,down_rand,dolomites,burnin
32,5,0,18,down_rand,dolomites,burnin
16,6,0,18,down_rand,dolomites,burnin
42,5,0,18,down_rand,dolomites,burnin
15,6,0,18,down_rand,dolomites,burnin
17,4,0,18,down_rand,dolomites,burnin
20,3,0,18,down_rand,dolomites,burnin
29,5,0,18,down_rand,dolomites,burnin
7,7,0,18,down_rand,dolomites,burnin
2,5,0,18,down_rand,dolomites,burnin
23,5,0,18,down_rand,dolomites,burnin
18,6,0,18,down_rand,dolomites,burnin
9,5,0,18,down_rand,dolomites,burnin
10,6,0,18,down_rand,dolomites,burnin
22,4,0,18,down_rand,dolomites,burnin
26,5,0,18,down_rand,dolomites,burnin
3,5,0,18,down_rand,dolomites,burnin
30,5,0,18,down_rand,dolomites,burnin
48,7,0,18,down_rand,dolomites,burnin
41,8,0,18,down_rand,dolomites,burnin
25,7,0,18,down_rand,dolomites,burnin
33,0,28,18,down_rand,dolomites,burnin
39,0,30,18,down_rand,dolomites,burnin
47,7,0,18,down_rand,dolomites,burnin
14,7,0,18,down_rand,dolomites,burnin
44,5,0,18,down_rand,dolomites,burnin
1,5,0,18,down_rand,dolomites,burnin
19,6,0,18,down_rand,dolomites,burnin
46,7,0,18,down_rand,dolomites,burnin
4,4,0,18,down_rand,dolomites,burnin
11,6,0,18,down_rand,dolomites,burnin
36,0,32,18,down_rand,dolomites,burnin
34,0,24,18,down_link,dolomites,burnin
43,5,0,18,down_link,dolomites,burnin
40,0,28,18,down_link,dolomites,burnin
12,6,0,18,down_link,dolomites,burnin
13,3,0,18,down_link,dolomites,burnin
24,5,0,18,down_link,dolomites,burnin
5,6,0,18,down_link,dolomites,burnin
31,4,0,18,down_link,dolomites,burnin
38,0,25,18,down_link,dolomites,burnin
45,4,0,18,down_link,dolomites,burnin
28,3,0,18,down_link,dolomites,burnin
37,0,28,18,down_link,dolomites,burnin
8,4,0,18,down_link,dolomites,burnin
35,0,25,18,down_link,dolomites,burnin
27,5,0,18,down_link,dolomites,burnin
21,5,0,18,down_link,dolomites,burnin
6,6,0,18,down_link,dolomites,burnin
32,4,0,18,down_link,dolomites,burnin
16,6,0,18,down_link,dolomites,burnin
42,2,0,18,down_link,dolomites,burnin
15,4,0,18,down_link,dolomites,burnin
17,6,0,18,down_link,dolomites,burnin
20,5,0,18,down_link,dolomites,burnin
29,6,0,18,down_link,dolomites,burnin
7,4,0,18,down_link,dolomites,burnin
2,7,0,18,down_link,dolomites,burnin
23,5,0,18,down_link,dolomites,burnin
18,5,0,18,down_link,dolomites,burnin
9,4,0,18,down_link,dolomites,burnin
10,7,0,18,down_link,dolomites,burnin
22,6,0,18,down_link,dolomites,burnin
26,5,0,18,down_link,dolomites,burnin
3,5,0,18,down_link,dolomites,burnin
30,6,0,18,down_link,dolomites,burnin
48,5,0,18,down_link,dolomites,burnin
41,6,0,18,down_link,dolomites,burnin
25,6,0,18,down_link,dolomites,burnin
33,0,21,18,down_link,dolomites,burnin
39,0,25,18,down_link,dolomites,burnin
47,5,0,18,down_link,dolomites,burnin
14,4,0,18,down_link,dolomites,burnin
44,6,0,18,down_link,dolomites,burnin
1,5,0,18,down_link,dolomites,burnin
19,5,0,18,down_link,dolomites,burnin
46,5,0,18,down_link,dolomites,burnin
4,6,0,18,down_link,dolomites,burnin
11,4,0,18,down_link,dolomites,burnin
36,0,24,18,down_link,dolomites,burnin
34,0,35,18,down_niche,dolomites,burnin
43,7,0,18,down_niche,dolomites,burnin
40,0,19,18,down_niche,dolomites,burnin
12,4,0,18,down_niche,dolomites,burnin
13,6,0,18,down_niche,dolomites,burnin
24,7,0,18,down_niche,dolomites,burnin
5,7,0,18,down_niche,dolomites,burnin
31,4,0,18,down_niche,dolomites,burnin
38,0,36,18,down_niche,dolomites,burnin
45,5,0,18,down_niche,dolomites,burnin
28,6,0,18,down_niche,dolomites,burnin
37,0,9,18,down_niche,dolomites,burnin
8,5,0,18,down_niche,dolomites,burnin
35,0,34,18,down_niche,dolomites,burnin
27,6,0,18,down_niche,dolomites,burnin
21,4,0,18,down_niche,dolomites,burnin
6,7,0,18,down_niche,dolomites,burnin
32,5,0,18,down_niche,dolomites,burnin
16,5,0,18,down_niche,dolomites,burnin
42,8,0,18,down_niche,dolomites,burnin
15,7,0,18,down_niche,dolomites,burnin
17,8,0,18,down_niche,dolomites,burnin
20,4,0,18,down_niche,dolomites,burnin
29,5,0,18,down_niche,dolomites,burnin
7,8,0,18,down_niche,dolomites,burnin
2,6,0,18,down_niche,dolomites,burnin
23,6,0,18,down_niche,dolomites,burnin
18,6,0,18,down_niche,dolomites,burnin
9,4,0,18,down_niche,dolomites,burnin
10,6,0,18,down_niche,dolomites,burnin
22,6,0,18,down_niche,dolomites,burnin
26,4,0,18,down_niche,dolomites,burnin
3,7,0,18,down_niche,dolomites,burnin
30,6,0,18,down_niche,dolomites,burnin
48,6,0,18,down_niche,dolomites,burnin
41,6,0,18,down_niche,dolomites,burnin
25,6,0,18,down_niche,dolomites,burnin
33,0,35,18,down_niche,dolomites,burnin
39,0,35,18,down_niche,dolomites,burnin
47,7,0,18,down_niche,dolomites,burnin
14,6,0,18,down_niche,dolomites,burnin
44,6,0,18,down_niche,dolomites,burnin
1,6,0,18,down_niche,dolomites,burnin
19,7,0,18,down_niche,dolomites,burnin
46,6,0,18,down_niche,dolomites,burnin
4,7,0,18,down_niche,dolomites,burnin
11,5,0,18,down_niche,dolomites,burnin
36,0,34,18,down_niche,dolomites,burnin
34,0,35,18,down_niche_bodysize,dolomites,burnin
43,7,0,18,down_niche_bodysize,dolomites,burnin
40,0,19,18,down_niche_bodysize,dolomites,burnin
12,4,0,18,down_niche_bodysize,dolomites,burnin
13,6,0,18,down_niche_bodysize,dolomites,burnin
24,7,0,18,down_niche_bodysize,dolomites,burnin
5,7,0,18,down_niche_bodysize,dolomites,burnin
31,4,0,18,down_niche_bodysize,dolomites,burnin
38,0,36,18,down_niche_bodysize,dolomites,burnin
45,5,0,18,down_niche_bodysize,dolomites,burnin
28,6,0,18,down_niche_bodysize,dolomites,burnin
37,0,9,18,down_niche_bodysize,dolomites,burnin
8,5,0,18,down_niche_bodysize,dolomites,burnin
35,0,34,18,down_niche_bodysize,dolomites,burnin
27,6,0,18,down_niche_bodysize,dolomites,burnin
21,4,0,18,down_niche_bodysize,dolomites,burnin
6,7,0,18,down_niche_bodysize,dolomites,burnin
32,5,0,18,down_niche_bodysize,dolomites,burnin
16,5,0,18,down_niche_bodysize,dolomites,burnin
42,8,0,18,down_niche_bodysize,dolomites,burnin
15,7,0,18,down_niche_bodysize,dolomites,burnin
17,8,0,18,down_niche_bodysize,dolomites,burnin
20,4,0,18,down_niche_bodysize,dolomites,burnin
29,5,0,18,down_niche_bodysize,dolomites,burnin
7,8,0,18,down_niche_bodysize,dolomites,burnin
2,6,0,18,down_niche_bodysize,dolomites,burnin
23,6,0,18,down_niche_bodysize,dolomites,burnin
18,6,0,18,down_niche_bodysize,dolomites,burnin
9,4,0,18,down_niche_bodysize,dolomites,burnin
10,6,0,18,down_niche_bodysize,dolomites,burnin
22,6,0,18,down_niche_bodysize,dolomites,burnin
26,4,0,18,down_niche_bodysize,dolomites,burnin
3,7,0,18,down_niche_bodysize,dolomites,burnin
30,6,0,18,down_niche_bodysize,dolomites,burnin
48,6,0,18,down_niche_bodysize,dolomites,burnin
41,6,0,18,down_niche_bodysize,dolomites,burnin
25,6,0,18,down_niche_bodysize,dolomites,burnin
33,0,35,18,down_niche_bodysize,dolomites,burnin
39,0,35,18,down_niche_bodysize,dolomites,burnin
47,7,0,18,down_niche_bodysize,dolomites,burnin
14,6,0,18,down_niche_bodysize,dolomites,burnin
44,6,0,18,down_niche_bodysize,dolomites,burnin
1,6,0,18,down_niche_bodysize,dolomites,burnin
19,7,0,18,down_niche_bodysize,dolomites,burnin
46,6,0,18,down_niche_bodysize,dolomites,burnin
4,7,0,18,down_niche_bodysize,dolomites,burnin
11,5,0,18,down_niche_bodysize,dolomites,burnin
36,0,34,18,down_niche_bodysize,dolomites,burnin
56,4,39,18,atn,dolomites,burnin
34,7,0,18,atn,dolomites,burnin
43,7,0,18,atn,dolomites,burnin
40,6,2,18,atn,dolomites,burnin
12,7,0,18,atn,dolomites,burnin
13,6,13,18,atn,dolomites,burnin
24,8,12,18,atn,dolomites,burnin
49,0,32,18,atn,dolomites,burnin
5,11,0,18,atn,dolomites,burnin
31,11,0,18,atn,dolomites,burnin
38,7,0,18,atn,dolomites,burnin
45,0,7,18,atn,dolomites,burnin
28,10,0,18,atn,dolomites,burnin
37,10,0,18,atn,dolomites,burnin
8,7,0,18,atn,dolomites,burnin
35,6,2,18,atn,dolomites,burnin
27,7,0,18,atn,dolomites,burnin
21,6,2,18,atn,dolomites,burnin
6,7,0,18,atn,dolomites,burnin
32,10,0,18,atn,dolomites,burnin
16,7,0,18,atn,dolomites,burnin
57,6,32,18,atn,dolomites,burnin
42,11,0,18,atn,dolomites,burnin
15,10,0,18,atn,dolomites,burnin
17,10,0,18,atn,dolomites,burnin
20,7,0,18,atn,dolomites,burnin
29,7,0,18,atn,dolomites,burnin
7,6,2,18,atn,dolomites,burnin
2,17,0,18,atn,dolomites,burnin
23,6,2,18,atn,dolomites,burnin
18,7,0,18,atn,dolomites,burnin
9,7,0,18,atn,dolomites,burnin
55,2,31,18,atn,dolomites,burnin
53,0,7,18,atn,dolomites,burnin
10,11,0,18,atn,dolomites,burnin
22,6,14,18,atn,dolomites,burnin
26,7,0,18,atn,dolomites,burnin
3,17,0,18,atn,dolomites,burnin
30,6,32,18,atn,dolomites,burnin
52,0,4,18,atn,dolomites,burnin
48,0,39,18,atn,dolomites,burnin
54,0,14,18,atn,dolomites,burnin
51,0,2,18,atn,dolomites,burnin
41,7,0,18,atn,dolomites,burnin
25,7,0,18,atn,dolomites,burnin
33,9,0,18,atn,dolomites,burnin
58,6,14,18,atn,dolomites,burnin
39,7,0,18,atn,dolomites,burnin
47,0,31,18,atn,dolomites,burnin
14,7,0,18,atn,dolomites,burnin
44,0,4,18,atn,dolomites,burnin
1,10,0,18,atn,dolomites,burnin
19,7,0,18,atn,dolomites,burnin
46,0,14,18,atn,dolomites,burnin
50,0,14,18,atn,dolomites,burnin
59,6,2,18,atn,dolomites,burnin
4,11,0,18,atn,dolomites,burnin
11,6,2,18,atn,dolomites,burnin
36,6,7,18,atn,dolomites,burnin
56,2,1,19,down_power,dolomites,creation
34,5,5,19,down_power,dolomites,creation
43,10,4,19,down_power,dolomites,creation
40,5,2,19,down_power,dolomites,creation
12,2,4,19,down_power,dolomites,creation
13,2,0,19,down_power,dolomites,creation
24,6,1,19,down_power,dolomites,creation
49,0,16,19,down_power,dolomites,creation
5,19,2,19,down_power,dolomites,creation
31,1,5,19,down_power,dolomites,creation
38,3,5,19,down_power,dolomites,creation
45,0,18,19,down_power,dolomites,creation
28,5,5,19,down_power,dolomites,creation
37,3,3,19,down_power,dolomites,creation
8,2,1,19,down_power,dolomites,creation
35,1,4,19,down_power,dolomites,creation
27,3,5,19,down_power,dolomites,creation
21,5,4,19,down_power,dolomites,creation
6,11,4,19,down_power,dolomites,creation
32,3,0,19,down_power,dolomites,creation
16,3,4,19,down_power,dolomites,creation
57,3,1,19,down_power,dolomites,creation
42,35,6,19,down_power,dolomites,creation
15,3,2,19,down_power,dolomites,creation
17,3,5,19,down_power,dolomites,creation
20,5,6,19,down_power,dolomites,creation
29,4,4,19,down_power,dolomites,creation
7,7,4,19,down_power,dolomites,creation
2,11,1,19,down_power,dolomites,creation
23,5,1,19,down_power,dolomites,creation
18,2,4,19,down_power,dolomites,creation
9,2,0,19,down_power,dolomites,creation
55,2,1,19,down_power,dolomites,creation
53,5,0,19,down_power,dolomites,creation
10,5,3,19,down_power,dolomites,creation
22,2,0,19,down_power,dolomites,creation
26,4,5,19,down_power,dolomites,creation
3,6,0,19,down_power,dolomites,creation
30,3,1,19,down_power,dolomites,creation
52,3,0,19,down_power,dolomites,creation
48,0,21,19,down_power,dolomites,creation
54,4,1,19,down_power,dolomites,creation
51,0,14,19,down_power,dolomites,creation
41,35,3,19,down_power,dolomites,creation
25,3,6,19,down_power,dolomites,creation
33,2,5,19,down_power,dolomites,creation
58,3,0,19,down_power,dolomites,creation
39,3,5,19,down_power,dolomites,creation
47,0,16,19,down_power,dolomites,creation
14,3,0,19,down_power,dolomites,creation
44,0,15,19,down_power,dolomites,creation
1,4,4,19,down_power,dolomites,creation
19,4,6,19,down_power,dolomites,creation
46,0,24,19,down_power,dolomites,creation
50,0,18,19,down_power,dolomites,creation
59,2,1,19,down_power,dolomites,creation
4,14,0,19,down_power,dolomites,creation
11,1,4,19,down_power,dolomites,creation
36,2,1,19,down_power,dolomites,creation
56,8,1,19,metaweb,dolomites,creation
34,8,7,19,metaweb,dolomites,creation
43,28,7,19,metaweb,dolomites,creation
40,8,2,19,metaweb,dolomites,creation
12,8,8,19,metaweb,dolomites,creation
13,8,2,19,metaweb,dolomites,creation
24,8,2,19,metaweb,dolomites,creation
49,0,43,19,metaweb,dolomites,creation
5,31,4,19,metaweb,dolomites,creation
31,8,8,19,metaweb,dolomites,creation
38,8,7,19,metaweb,dolomites,creation
45,0,43,19,metaweb,dolomites,creation
28,8,7,19,metaweb,dolomites,creation
37,8,7,19,metaweb,dolomites,creation
8,8,1,19,metaweb,dolomites,creation
35,8,7,19,metaweb,dolomites,creation
27,8,8,19,metaweb,dolomites,creation
21,8,7,19,metaweb,dolomites,creation
6,27,7,19,metaweb,dolomites,creation
32,8,0,19,metaweb,dolomites,creation
16,8,7,19,metaweb,dolomites,creation
57,8,1,19,metaweb,dolomites,creation
42,35,7,19,metaweb,dolomites,creation
15,8,4,19,metaweb,dolomites,creation
17,8,7,19,metaweb,dolomites,creation
20,8,7,19,metaweb,dolomites,creation
29,8,7,19,metaweb,dolomites,creation
7,20,7,19,metaweb,dolomites,creation
2,18,2,19,metaweb,dolomites,creation
23,8,2,19,metaweb,dolomites,creation
18,8,7,19,metaweb,dolomites,creation
9,8,1,19,metaweb,dolomites,creation
55,8,1,19,metaweb,dolomites,creation
53,8,1,19,metaweb,dolomites,creation
10,8,8,19,metaweb,dolomites,creation
22,8,2,19,metaweb,dolomites,creation
26,8,8,19,metaweb,dolomites,creation
3,18,2,19,metaweb,dolomites,creation
30,8,2,19,metaweb,dolomites,creation
52,8,1,19,metaweb,dolomites,creation
48,0,43,19,metaweb,dolomites,creation
54,8,1,19,metaweb,dolomites,creation
51,0,43,19,metaweb,dolomites,creation
41,35,7,19,metaweb,dolomites,creation
25,8,8,19,metaweb,dolomites,creation
33,8,7,19,metaweb,dolomites,creation
58,8,1,19,metaweb,dolomites,creation
39,8,7,19,metaweb,dolomites,creation
47,0,43,19,metaweb,dolomites,creation
14,8,0,19,metaweb,dolomites,creation
44,0,43,19,metaweb,dolomites,creation
1,10,8,19,metaweb,dolomites,creation
19,8,7,19,metaweb,dolomites,creation
46,0,43,19,metaweb,dolomites,creation
50,0,43,19,metaweb,dolomites,creation
59,8,1,19,metaweb,dolomites,creation
4,31,4,19,metaweb,dolomites,creation
11,8,8,19,metaweb,dolomites,creation
36,8,2,19,metaweb,dolomites,creation
56,0,5,19,niche,dolomites,creation
34,0,6,19,niche,dolomites,creation
43,5,5,19,niche,dolomites,creation
40,0,4,19,niche,dolomites,creation
12,3,4,19,niche,dolomites,creation
13,19,5,19,niche,dolomites,creation
24,1,2,19,niche,dolomites,creation
49,0,6,19,niche,dolomites,creation
5,4,2,19,niche,dolomites,creation
31,16,7,19,niche,dolomites,creation
38,5,6,19,niche,dolomites,creation
45,2,6,19,niche,dolomites,creation
28,5,2,19,niche,dolomites,creation
37,2,5,19,niche,dolomites,creation
8,13,2,19,niche,dolomites,creation
35,1,4,19,niche,dolomites,creation
27,5,2,19,niche,dolomites,creation
21,1,3,19,niche,dolomites,creation
6,15,2,19,niche,dolomites,creation
32,2,7,19,niche,dolomites,creation
16,8,5,19,niche,dolomites,creation
57,0,8,19,niche,dolomites,creation
42,4,4,19,niche,dolomites,creation
15,1,6,19,niche,dolomites,creation
17,5,4,19,niche,dolomites,creation
20,1,3,19,niche,dolomites,creation
29,7,2,19,niche,dolomites,creation
7,5,2,19,niche,dolomites,creation
2,18,1,19,niche,dolomites,creation
23,4,2,19,niche,dolomites,creation
18,0,4,19,niche,dolomites,creation
9,1,2,19,niche,dolomites,creation
55,1,7,19,niche,dolomites,creation
53,2,3,19,niche,dolomites,creation
10,4,3,19,niche,dolomites,creation
22,4,3,19,niche,dolomites,creation
26,4,1,19,niche,dolomites,creation
3,1,2,19,niche,dolomites,creation
30,2,3,19,niche,dolomites,creation
52,1,5,19,niche,dolomites,creation
48,0,6,19,niche,dolomites,creation
54,0,7,19,niche,dolomites,creation
51,0,4,19,niche,dolomites,creation
41,0,4,19,niche,dolomites,creation
25,2,2,19,niche,dolomites,creation
33,16,7,19,niche,dolomites,creation
58,0,2,19,niche,dolomites,creation
39,6,5,19,niche,dolomites,creation
47,0,6,19,niche,dolomites,creation
14,0,6,19,niche,dolomites,creation
44,1,4,19,niche,dolomites,creation
1,7,1,19,niche,dolomites,creation
19,7,3,19,niche,dolomites,creation
46,0,9,19,niche,dolomites,creation
50,0,7,19,niche,dolomites,creation
59,0,1,19,niche,dolomites,creation
4,7,2,19,niche,dolomites,creation
11,20,3,19,niche,dolomites,creation
36,0,4,19,niche,dolomites,creation
56,5,1,19,down_rand,dolomites,creation
34,4,6,19,down_rand,dolomites,creation
43,17,4,19,down_rand,dolomites,creation
40,5,1,19,down_rand,dolomites,creation
12,3,4,19,down_rand,dolomites,creation
13,5,1,19,down_rand,dolomites,creation
24,3,1,19,down_rand,dolomites,creation
49,0,17,19,down_rand,dolomites,creation
5,16,2,19,down_rand,dolomites,creation
31,5,4,19,down_rand,dolomites,creation
38,4,1,19,down_rand,dolomites,creation
45,0,26,19,down_rand,dolomites,creation
28,5,5,19,down_rand,dolomites,creation
37,5,3,19,down_rand,dolomites,creation
8,3,1,19,down_rand,dolomites,creation
35,4,3,19,down_rand,dolomites,creation
27,4,3,19,down_rand,dolomites,creation
21,6,4,19,down_rand,dolomites,creation
6,10,2,19,down_rand,dolomites,creation
32,2,0,19,down_rand,dolomites,creation
16,3,2,19,down_rand,dolomites,creation
57,2,1,19,down_rand,dolomites,creation
42,16,3,19,down_rand,dolomites,creation
15,5,2,19,down_rand,dolomites,creation
17,5,2,19,down_rand,dolomites,creation
20,5,4,19,down_rand,dolomites,creation
29,4,3,19,down_rand,dolomites,creation
7,7,3,19,down_rand,dolomites,creation
2,6,0,19,down_rand,dolomites,creation
23,4,1,19,down_rand,dolomites,creation
18,5,3,19,down_rand,dolomites,creation
9,5,1,19,down_rand,dolomites,creation
55,3,0,19,down_rand,dolomites,creation
53,5,1,19,down_rand,dolomites,creation
10,5,3,19,down_rand,dolomites,creation
22,2,2,19,down_rand,dolomites,creation
26,5,5,19,down_rand,dolomites,creation
3,8,0,19,down_rand,dolomites,creation
30,6,0,19,down_rand,dolomites,creation
52,4,0,19,down_rand,dolomites,creation
48,0,21,19,down_rand,dolomites,creation
54,4,1,19,down_rand,dolomites,creation
51,0,24,19,down_rand,dolomites,creation
41,16,5,19,down_rand,dolomites,creation
25,2,5,19,down_rand,dolomites,creation
33,3,4,19,down_rand,dolomites,creation
58,3,1,19,down_rand,dolomites,creation
39,4,0,19,down_rand,dolomites,creation
47,0,23,19,down_rand,dolomites,creation
14,2,0,19,down_rand,dolomites,creation
44,0,20,19,down_rand,dolomites,creation
1,6,2,19,down_rand,dolomites,creation
19,4,2,19,down_rand,dolomites,creation
46,0,18,19,down_rand,dolomites,creation
50,0,20,19,down_rand,dolomites,creation
59,4,0,19,down_rand,dolomites,creation
4,17,2,19,down_rand,dolomites,creation
11,2,7,19,down_rand,dolomites,creation
36,3,1,19,down_rand,dolomites,creation
56,2,1,19,down_link,dolomites,creation
34,5,1,19,down_link,dolomites,creation
43,12,3,19,down_link,dolomites,creation
40,8,1,19,down_link,dolomites,creation
12,2,4,19,down_link,dolomites,creation
13,3,1,19,down_link,dolomites,creation
24,4,2,19,down_link,dolomites,creation
49,0,15,19,down_link,dolomites,creation
5,16,3,19,down_link,dolomites,creation
31,4,5,19,down_link,dolomites,creation
38,3,3,19,down_link,dolomites,creation
45,0,16,19,down_link,dolomites,creation
28,4,3,19,down_link,dolomites,creation
37,4,4,19,down_link,dolomites,creation
8,4,1,19,down_link,dolomites,creation
35,5,3,19,down_link,dolomites,creation
27,2,5,19,down_link,dolomites,creation
21,5,3,19,down_link,dolomites,creation
6,13,4,19,down_link,dolomites,creation
32,5,0,19,down_link,dolomites,creation
16,4,6,19,down_link,dolomites,creation
57,4,1,19,down_link,dolomites,creation
42,15,2,19,down_link,dolomites,creation
15,4,2,19,down_link,dolomites,creation
17,1,3,19,down_link,dolomites,creation
20,3,3,19,down_link,dolomites,creation
29,5,3,19,down_link,dolomites,creation
7,15,6,19,down_link,dolomites,creation
2,13,2,19,down_link,dolomites,creation
23,2,2,19,down_link,dolomites,creation
18,3,3,19,down_link,dolomites,creation
9,3,1,19,down_link,dolomites,creation
55,2,1,19,down_link,dolomites,creation
53,2,1,19,down_link,dolomites,creation
10,5,6,19,down_link,dolomites,creation
22,3,1,19,down_link,dolomites,creation
26,1,5,19,down_link,dolomites,creation
3,12,2,19,down_link,dolomites,creation
30,4,2,19,down_link,dolomites,creation
52,3,1,19,down_link,dolomites,creation
48,0,19,19,down_link,dolomites,creation
54,4,1,19,down_link,dolomites,creation
51,0,17,19,down_link,dolomites,creation
41,12,2,19,down_link,dolomites,creation
25,4,5,19,down_link,dolomites,creation
33,3,5,19,down_link,dolomites,creation
58,4,1,19,down_link,dolomites,creation
39,5,5,19,down_link,dolomites,creation
47,0,18,19,down_link,dolomites,creation
14,3,0,19,down_link,dolomites,creation
44,0,20,19,down_link,dolomites,creation
1,8,6,19,down_link,dolomites,creation
19,6,5,19,down_link,dolomites,creation
46,0,18,19,down_link,dolomites,creation
50,0,20,19,down_link,dolomites,creation
59,3,1,19,down_link,dolomites,creation
4,17,3,19,down_link,dolomites,creation
11,4,3,19,down_link,dolomites,creation
36,3,1,19,down_link,dolomites,creation
56,6,1,19,down_niche,dolomites,creation
34,2,2,19,down_niche,dolomites,creation
43,9,0,19,down_niche,dolomites,creation
40,4,0,19,down_niche,dolomites,creation
12,4,4,19,down_niche,dolomites,creation
13,3,0,19,down_niche,dolomites,creation
24,5,1,19,down_niche,dolomites,creation
49,0,11,19,down_niche,dolomites,creation
5,13,1,19,down_niche,dolomites,creation
31,5,6,19,down_niche,dolomites,creation
38,4,2,19,down_niche,dolomites,creation
45,0,32,19,down_niche,dolomites,creation
28,6,4,19,down_niche,dolomites,creation
37,4,2,19,down_niche,dolomites,creation
8,3,1,19,down_niche,dolomites,creation
35,6,5,19,down_niche,dolomites,creation
27,6,2,19,down_niche,dolomites,creation
21,4,3,19,down_niche,dolomites,creation
6,12,1,19,down_niche,dolomites,creation
32,5,0,19,down_niche,dolomites,creation
16,6,2,19,down_niche,dolomites,creation
57,4,0,19,down_niche,dolomites,creation
42,11,0,19,down_niche,dolomites,creation
15,4,1,19,down_niche,dolomites,creation
17,5,3,19,down_niche,dolomites,creation
20,5,5,19,down_niche,dolomites,creation
29,3,3,19,down_niche,dolomites,creation
7,7,0,19,down_niche,dolomites,creation
2,5,1,19,down_niche,dolomites,creation
23,6,1,19,down_niche,dolomites,creation
18,5,3,19,down_niche,dolomites,creation
9,5,1,19,down_niche,dolomites,creation
55,3,1,19,down_niche,dolomites,creation
53,6,1,19,down_niche,dolomites,creation
10,6,1,19,down_niche,dolomites,creation
22,5,0,19,down_niche,dolomites,creation
26,4,5,19,down_niche,dolomites,creation
3,5,0,19,down_niche,dolomites,creation
30,6,1,19,down_niche,dolomites,creation
52,4,0,19,down_niche,dolomites,creation
48,0,31,19,down_niche,dolomites,creation
54,5,1,19,down_niche,dolomites,creation
51,0,25,19,down_niche,dolomites,creation
41,10,1,19,down_niche,dolomites,creation
25,4,4,19,down_niche,dolomites,creation
33,4,3,19,down_niche,dolomites,creation
58,5,0,19,down_niche,dolomites,creation
39,6,4,19,down_niche,dolomites,creation
47,0,31,19,down_niche,dolomites,creation
14,6,0,19,down_niche,dolomites,creation
44,0,30,19,down_niche,dolomites,creation
1,5,0,19,down_niche,dolomites,creation
19,4,4,19,down_niche,dolomites,creation
46,0,30,19,down_niche,dolomites,creation
50,0,3,19,down_niche,dolomites,creation
59,6,0,19,down_niche,dolomites,creation
4,9,2,19,down_niche,dolomites,creation
11,5,4,19,down_niche,dolomites,creation
36,6,1,19,down_niche,dolomites,creation
56,6,1,19,down_niche_bodysize,dolomites,creation
34,2,2,19,down_niche_bodysize,dolomites,creation
43,9,0,19,down_niche_bodysize,dolomites,creation
40,4,0,19,down_niche_bodysize,dolomites,creation
12,4,4,19,down_niche_bodysize,dolomites,creation
13,3,0,19,down_niche_bodysize,dolomites,creation
24,5,1,19,down_niche_bodysize,dolomites,creation
49,0,11,19,down_niche_bodysize,dolomites,creation
5,13,1,19,down_niche_bodysize,dolomites,creation
31,5,6,19,down_niche_bodysize,dolomites,creation
38,4,2,19,down_niche_bodysize,dolomites,creation
45,0,32,19,down_niche_bodysize,dolomites,creation
28,6,4,19,down_niche_bodysize,dolomites,creation
37,4,2,19,down_niche_bodysize,dolomites,creation
8,3,1,19,down_niche_bodysize,dolomites,creation
35,6,5,19,down_niche_bodysize,dolomites,creation
27,6,2,19,down_niche_bodysize,dolomites,creation
21,4,3,19,down_niche_bodysize,dolomites,creation
6,12,1,19,down_niche_bodysize,dolomites,creation
32,5,0,19,down_niche_bodysize,dolomites,creation
16,6,2,19,down_niche_bodysize,dolomites,creation
57,4,0,19,down_niche_bodysize,dolomites,creation
42,11,0,19,down_niche_bodysize,dolomites,creation
15,4,1,19,down_niche_bodysize,dolomites,creation
17,5,3,19,down_niche_bodysize,dolomites,creation
20,5,5,19,down_niche_bodysize,dolomites,creation
29,3,3,19,down_niche_bodysize,dolomites,creation
7,7,0,19,down_niche_bodysize,dolomites,creation
2,5,1,19,down_niche_bodysize,dolomites,creation
23,6,1,19,down_niche_bodysize,dolomites,creation
18,5,3,19,down_niche_bodysize,dolomites,creation
9,5,1,19,down_niche_bodysize,dolomites,creation
55,3,1,19,down_niche_bodysize,dolomites,creation
53,6,1,19,down_niche_bodysize,dolomites,creation
10,6,1,19,down_niche_bodysize,dolomites,creation
22,5,0,19,down_niche_bodysize,dolomites,creation
26,4,5,19,down_niche_bodysize,dolomites,creation
3,5,0,19,down_niche_bodysize,dolomites,creation
30,6,1,19,down_niche_bodysize,dolomites,creation
52,4,0,19,down_niche_bodysize,dolomites,creation
48,0,31,19,down_niche_bodysize,dolomites,creation
54,5,1,19,down_niche_bodysize,dolomites,creation
51,0,25,19,down_niche_bodysize,dolomites,creation
41,10,1,19,down_niche_bodysize,dolomites,creation
25,4,4,19,down_niche_bodysize,dolomites,creation
33,4,3,19,down_niche_bodysize,dolomites,creation
58,5,0,19,down_niche_bodysize,dolomites,creation
39,6,4,19,down_niche_bodysize,dolomites,creation
47,0,31,19,down_niche_bodysize,dolomites,creation
14,6,0,19,down_niche_bodysize,dolomites,creation
44,0,30,19,down_niche_bodysize,dolomites,creation
1,5,0,19,down_niche_bodysize,dolomites,creation
19,4,4,19,down_niche_bodysize,dolomites,creation
46,0,30,19,down_niche_bodysize,dolomites,creation
50,0,3,19,down_niche_bodysize,dolomites,creation
59,6,0,19,down_niche_bodysize,dolomites,creation
4,9,2,19,down_niche_bodysize,dolomites,creation
11,5,4,19,down_niche_bodysize,dolomites,creation
36,6,1,19,down_niche_bodysize,dolomites,creation
56,4,40,19,atn,dolomites,creation
34,6,1,19,atn,dolomites,creation
43,6,1,19,atn,dolomites,creation
40,6,0,19,atn,dolomites,creation
12,6,0,19,atn,dolomites,creation
13,6,2,19,atn,dolomites,creation
24,6,20,19,atn,dolomites,creation
49,0,28,19,atn,dolomites,creation
5,8,0,19,atn,dolomites,creation
31,6,0,19,atn,dolomites,creation
38,6,0,19,atn,dolomites,creation
45,0,5,19,atn,dolomites,creation
28,8,0,19,atn,dolomites,creation
37,6,0,19,atn,dolomites,creation
8,6,0,19,atn,dolomites,creation
35,6,0,19,atn,dolomites,creation
27,6,2,19,atn,dolomites,creation
21,6,2,19,atn,dolomites,creation
6,8,0,19,atn,dolomites,creation
32,7,0,19,atn,dolomites,creation
16,6,0,19,atn,dolomites,creation
57,6,28,19,atn,dolomites,creation
42,8,0,19,atn,dolomites,creation
15,7,0,19,atn,dolomites,creation
17,8,0,19,atn,dolomites,creation
20,6,0,19,atn,dolomites,creation
29,6,0,19,atn,dolomites,creation
7,6,0,19,atn,dolomites,creation
2,14,0,19,atn,dolomites,creation
23,4,2,19,atn,dolomites,creation
18,8,0,19,atn,dolomites,creation
9,6,1,19,atn,dolomites,creation
55,2,31,19,atn,dolomites,creation
53,0,5,19,atn,dolomites,creation
10,8,0,19,atn,dolomites,creation
22,6,2,19,atn,dolomites,creation
26,6,0,19,atn,dolomites,creation
3,16,0,19,atn,dolomites,creation
30,6,17,19,atn,dolomites,creation
52,0,3,19,atn,dolomites,creation
48,0,40,19,atn,dolomites,creation
54,0,17,19,atn,dolomites,creation
51,0,0,19,atn,dolomites,creation
41,8,0,19,atn,dolomites,creation
25,6,0,19,atn,dolomites,creation
33,6,0,19,atn,dolomites,creation
58,6,7,19,atn,dolomites,creation
39,4,0,19,atn,dolomites,creation
47,0,31,19,atn,dolomites,creation
14,6,0,19,atn,dolomites,creation
44,0,3,19,atn,dolomites,creation
1,6,0,19,atn,dolomites,creation
19,6,1,19,atn,dolomites,creation
46,0,17,19,atn,dolomites,creation
50,0,7,19,atn,dolomites,creation
59,6,0,19,atn,dolomites,creation
4,7,0,19,atn,dolomites,creation
11,6,0,19,atn,dolomites,creation
36,6,2,19,atn,dolomites,creation
34,0,16,19,down_power,dolomites,burnin
43,4,0,19,down_power,dolomites,burnin
40,0,12,19,down_power,dolomites,burnin
12,4,0,19,down_power,dolomites,burnin
13,5,0,19,down_power,dolomites,burnin
24,1,0,19,down_power,dolomites,burnin
5,2,0,19,down_power,dolomites,burnin
31,3,0,19,down_power,dolomites,burnin
38,0,14,19,down_power,dolomites,burnin
45,2,0,19,down_power,dolomites,burnin
28,1,0,19,down_power,dolomites,burnin
37,0,19,19,down_power,dolomites,burnin
8,3,0,19,down_power,dolomites,burnin
35,0,21,19,down_power,dolomites,burnin
27,5,0,19,down_power,dolomites,burnin
21,5,0,19,down_power,dolomites,burnin
6,2,0,19,down_power,dolomites,burnin
32,3,0,19,down_power,dolomites,burnin
16,5,0,19,down_power,dolomites,burnin
42,5,0,19,down_power,dolomites,burnin
15,2,0,19,down_power,dolomites,burnin
17,6,0,19,down_power,dolomites,burnin
20,3,0,19,down_power,dolomites,burnin
29,2,0,19,down_power,dolomites,burnin
7,3,0,19,down_power,dolomites,burnin
2,2,0,19,down_power,dolomites,burnin
23,3,0,19,down_power,dolomites,burnin
18,3,0,19,down_power,dolomites,burnin
9,3,0,19,down_power,dolomites,burnin
10,3,0,19,down_power,dolomites,burnin
22,4,0,19,down_power,dolomites,burnin
26,2,0,19,down_power,dolomites,burnin
3,5,0,19,down_power,dolomites,burnin
30,3,0,19,down_power,dolomites,burnin
48,2,0,19,down_power,dolomites,burnin
41,3,0,19,down_power,dolomites,burnin
25,3,0,19,down_power,dolomites,burnin
33,0,12,19,down_power,dolomites,burnin
39,0,16,19,down_power,dolomites,burnin
47,3,0,19,down_power,dolomites,burnin
14,5,0,19,down_power,dolomites,burnin
44,2,0,19,down_power,dolomites,burnin
1,2,0,19,down_power,dolomites,burnin
19,4,0,19,down_power,dolomites,burnin
46,3,0,19,down_power,dolomites,burnin
4,1,0,19,down_power,dolomites,burnin
11,2,0,19,down_power,dolomites,burnin
36,0,14,19,down_power,dolomites,burnin
34,0,40,19,metaweb,dolomites,burnin
43,8,0,19,metaweb,dolomites,burnin
40,0,40,19,metaweb,dolomites,burnin
12,8,0,19,metaweb,dolomites,burnin
13,8,0,19,metaweb,dolomites,burnin
24,8,0,19,metaweb,dolomites,burnin
5,8,0,19,metaweb,dolomites,burnin
31,8,0,19,metaweb,dolomites,burnin
38,0,40,19,metaweb,dolomites,burnin
45,8,0,19,metaweb,dolomites,burnin
28,8,0,19,metaweb,dolomites,burnin
37,0,40,19,metaweb,dolomites,burnin
8,8,0,19,metaweb,dolomites,burnin
35,0,40,19,metaweb,dolomites,burnin
27,8,0,19,metaweb,dolomites,burnin
21,8,0,19,metaweb,dolomites,burnin
6,8,0,19,metaweb,dolomites,burnin
32,8,0,19,metaweb,dolomites,burnin
16,8,0,19,metaweb,dolomites,burnin
42,8,0,19,metaweb,dolomites,burnin
15,8,0,19,metaweb,dolomites,burnin
17,8,0,19,metaweb,dolomites,burnin
20,8,0,19,metaweb,dolomites,burnin
29,8,0,19,metaweb,dolomites,burnin
7,8,0,19,metaweb,dolomites,burnin
2,8,0,19,metaweb,dolomites,burnin
23,8,0,19,metaweb,dolomites,burnin
18,8,0,19,metaweb,dolomites,burnin
9,8,0,19,metaweb,dolomites,burnin
10,8,0,19,metaweb,dolomites,burnin
22,8,0,19,metaweb,dolomites,burnin
26,8,0,19,metaweb,dolomites,burnin
3,8,0,19,metaweb,dolomites,burnin
30,8,0,19,metaweb,dolomites,burnin
48,8,0,19,metaweb,dolomites,burnin
41,8,0,19,metaweb,dolomites,burnin
25,8,0,19,metaweb,dolomites,burnin
33,0,40,19,metaweb,dolomites,burnin
39,0,40,19,metaweb,dolomites,burnin
47,8,0,19,metaweb,dolomites,burnin
14,8,0,19,metaweb,dolomites,burnin
44,8,0,19,metaweb,dolomites,burnin
1,8,0,19,metaweb,dolomites,burnin
19,8,0,19,metaweb,dolomites,burnin
46,8,0,19,metaweb,dolomites,burnin
4,8,0,19,metaweb,dolomites,burnin
11,8,0,19,metaweb,dolomites,burnin
36,0,40,19,metaweb,dolomites,burnin
56,0,8,19,niche,dolomites,burnin
34,1,4,19,niche,dolomites,burnin
43,1,4,19,niche,dolomites,burnin
40,0,4,19,niche,dolomites,burnin
12,3,4,19,niche,dolomites,burnin
13,18,5,19,niche,dolomites,burnin
24,2,2,19,niche,dolomites,burnin
49,0,7,19,niche,dolomites,burnin
5,4,2,19,niche,dolomites,burnin
31,2,7,19,niche,dolomites,burnin
38,6,5,19,niche,dolomites,burnin
45,0,9,19,niche,dolomites,burnin
28,7,2,19,niche,dolomites,burnin
37,5,6,19,niche,dolomites,burnin
8,12,2,19,niche,dolomites,burnin
35,0,4,19,niche,dolomites,burnin
27,5,2,19,niche,dolomites,burnin
21,4,3,19,niche,dolomites,burnin
6,15,2,19,niche,dolomites,burnin
32,16,7,19,niche,dolomites,burnin
16,8,5,19,niche,dolomites,burnin
57,0,2,19,niche,dolomites,burnin
42,5,5,19,niche,dolomites,burnin
15,1,6,19,niche,dolomites,burnin
17,5,4,19,niche,dolomites,burnin
20,1,3,19,niche,dolomites,burnin
29,2,3,19,niche,dolomites,burnin
7,5,2,19,niche,dolomites,burnin
2,18,1,19,niche,dolomites,burnin
23,1,2,19,niche,dolomites,burnin
18,0,4,19,niche,dolomites,burnin
9,1,2,19,niche,dolomites,burnin
55,0,5,19,niche,dolomites,burnin
53,0,7,19,niche,dolomites,burnin
10,4,3,19,niche,dolomites,burnin
22,4,2,19,niche,dolomites,burnin
26,5,2,19,niche,dolomites,burnin
3,1,2,19,niche,dolomites,burnin
30,16,7,19,niche,dolomites,burnin
52,2,3,19,niche,dolomites,burnin
48,0,6,19,niche,dolomites,burnin
54,1,7,19,niche,dolomites,burnin
51,1,4,19,niche,dolomites,burnin
41,4,4,19,niche,dolomites,burnin
25,4,1,19,niche,dolomites,burnin
33,0,6,19,niche,dolomites,burnin
58,0,1,19,niche,dolomites,burnin
39,0,4,19,niche,dolomites,burnin
47,0,6,19,niche,dolomites,burnin
14,0,6,19,niche,dolomites,burnin
44,2,6,19,niche,dolomites,burnin
1,7,1,19,niche,dolomites,burnin
19,7,3,19,niche,dolomites,burnin
46,0,6,19,niche,dolomites,burnin
50,0,4,19,niche,dolomites,burnin
4,7,2,19,niche,dolomites,burnin
11,19,3,19,niche,dolomites,burnin
36,2,5,19,niche,dolomites,burnin
34,0,18,19,down_rand,dolomites,burnin
43,5,1,19,down_rand,dolomites,burnin
40,0,18,19,down_rand,dolomites,burnin
12,4,0,19,down_rand,dolomites,burnin
13,5,0,19,down_rand,dolomites,burnin
24,5,0,19,down_rand,dolomites,burnin
49,4,0,19,down_rand,dolomites,burnin
5,3,0,19,down_rand,dolomites,burnin
31,4,0,19,down_rand,dolomites,burnin
38,0,19,19,down_rand,dolomites,burnin
45,3,0,19,down_rand,dolomites,burnin
28,4,0,19,down_rand,dolomites,burnin
37,0,22,19,down_rand,dolomites,burnin
8,5,0,19,down_rand,dolomites,burnin
35,0,25,19,down_rand,dolomites,burnin
27,4,0,19,down_rand,dolomites,burnin
21,5,0,19,down_rand,dolomites,burnin
6,5,0,19,down_rand,dolomites,burnin
32,4,0,19,down_rand,dolomites,burnin
16,4,0,19,down_rand,dolomites,burnin
42,4,0,19,down_rand,dolomites,burnin
15,2,0,19,down_rand,dolomites,burnin
17,3,0,19,down_rand,dolomites,burnin
20,4,0,19,down_rand,dolomites,burnin
29,3,0,19,down_rand,dolomites,burnin
7,2,0,19,down_rand,dolomites,burnin
2,5,0,19,down_rand,dolomites,burnin
23,6,0,19,down_rand,dolomites,burnin
18,2,0,19,down_rand,dolomites,burnin
9,3,0,19,down_rand,dolomites,burnin
10,5,0,19,down_rand,dolomites,burnin
22,4,0,19,down_rand,dolomites,burnin
26,3,0,19,down_rand,dolomites,burnin
3,5,0,19,down_rand,dolomites,burnin
30,5,0,19,down_rand,dolomites,burnin
48,3,1,19,down_rand,dolomites,burnin
41,0,23,19,down_rand,dolomites,burnin
25,2,0,19,down_rand,dolomites,burnin
33,5,0,19,down_rand,dolomites,burnin
39,0,15,19,down_rand,dolomites,burnin
47,2,1,19,down_rand,dolomites,burnin
14,6,0,19,down_rand,dolomites,burnin
44,4,1,19,down_rand,dolomites,burnin
1,3,0,19,down_rand,dolomites,burnin
19,5,0,19,down_rand,dolomites,burnin
46,5,1,19,down_rand,dolomites,burnin
4,2,0,19,down_rand,dolomites,burnin
11,5,0,19,down_rand,dolomites,burnin
36,0,17,19,down_rand,dolomites,burnin
34,0,15,19,down_link,dolomites,burnin
43,4,0,19,down_link,dolomites,burnin
40,0,17,19,down_link,dolomites,burnin
12,6,0,19,down_link,dolomites,burnin
13,3,0,19,down_link,dolomites,burnin
24,4,0,19,down_link,dolomites,burnin
5,2,0,19,down_link,dolomites,burnin
31,3,0,19,down_link,dolomites,burnin
38,0,14,19,down_link,dolomites,burnin
45,2,0,19,down_link,dolomites,burnin
28,5,0,19,down_link,dolomites,burnin
37,0,19,19,down_link,dolomites,burnin
8,4,0,19,down_link,dolomites,burnin
35,0,18,19,down_link,dolomites,burnin
27,5,0,19,down_link,dolomites,burnin
21,4,0,19,down_link,dolomites,burnin
6,3,0,19,down_link,dolomites,burnin
32,5,0,19,down_link,dolomites,burnin
16,2,0,19,down_link,dolomites,burnin
42,2,0,19,down_link,dolomites,burnin
15,3,0,19,down_link,dolomites,burnin
17,4,0,19,down_link,dolomites,burnin
20,2,0,19,down_link,dolomites,burnin
29,3,0,19,down_link,dolomites,burnin
7,3,0,19,down_link,dolomites,burnin
2,3,0,19,down_link,dolomites,burnin
23,4,0,19,down_link,dolomites,burnin
18,4,0,19,down_link,dolomites,burnin
9,4,0,19,down_link,dolomites,burnin
10,1,0,19,down_link,dolomites,burnin
22,5,0,19,down_link,dolomites,burnin
26,3,0,19,down_link,dolomites,burnin
3,5,0,19,down_link,dolomites,burnin
30,4,0,19,down_link,dolomites,burnin
48,3,0,19,down_link,dolomites,burnin
41,3,0,19,down_link,dolomites,burnin
25,5,0,19,down_link,dolomites,burnin
33,0,20,19,down_link,dolomites,burnin
39,0,20,19,down_link,dolomites,burnin
47,4,0,19,down_link,dolomites,burnin
14,5,0,19,down_link,dolomites,burnin
44,2,0,19,down_link,dolomites,burnin
1,4,0,19,down_link,dolomites,burnin
19,1,0,19,down_link,dolomites,burnin
46,4,0,19,down_link,dolomites,burnin
4,4,0,19,down_link,dolomites,burnin
11,3,0,19,down_link,dolomites,burnin
36,0,17,19,down_link,dolomites,burnin
34,9,0,19,down_niche,dolomites,burnin
43,4,0,19,down_niche,dolomites,burnin
40,0,10,19,down_niche,dolomites,burnin
12,5,0,19,down_niche,dolomites,burnin
13,4,1,19,down_niche,dolomites,burnin
24,6,1,19,down_niche,dolomites,burnin
49,5,0,19,down_niche,dolomites,burnin
5,5,2,19,down_niche,dolomites,burnin
31,4,0,19,down_niche,dolomites,burnin
38,0,31,19,down_niche,dolomites,burnin
45,5,0,19,down_niche,dolomites,burnin
28,2,1,19,down_niche,dolomites,burnin
37,0,30,19,down_niche,dolomites,burnin
8,6,0,19,down_niche,dolomites,burnin
35,0,30,19,down_niche,dolomites,burnin
27,4,0,19,down_niche,dolomites,burnin
21,6,0,19,down_niche,dolomites,burnin
6,4,0,19,down_niche,dolomites,burnin
32,4,1,19,down_niche,dolomites,burnin
16,5,0,19,down_niche,dolomites,burnin
42,0,25,19,down_niche,dolomites,burnin
15,4,1,19,down_niche,dolomites,burnin
17,6,1,19,down_niche,dolomites,burnin
20,4,1,19,down_niche,dolomites,burnin
29,6,2,19,down_niche,dolomites,burnin
7,3,0,19,down_niche,dolomites,burnin
2,3,0,19,down_niche,dolomites,burnin
23,3,1,19,down_niche,dolomites,burnin
18,5,1,19,down_niche,dolomites,burnin
9,4,0,19,down_niche,dolomites,burnin
10,6,0,19,down_niche,dolomites,burnin
22,6,0,19,down_niche,dolomites,burnin
26,5,0,19,down_niche,dolomites,burnin
3,5,0,19,down_niche,dolomites,burnin
30,6,1,19,down_niche,dolomites,burnin
48,4,0,19,down_niche,dolomites,burnin
41,0,3,19,down_niche,dolomites,burnin
25,5,0,19,down_niche,dolomites,burnin
33,6,1,19,down_niche,dolomites,burnin
39,0,31,19,down_niche,dolomites,burnin
47,6,0,19,down_niche,dolomites,burnin
14,5,1,19,down_niche,dolomites,burnin
44,6,0,19,down_niche,dolomites,burnin
1,7,0,19,down_niche,dolomites,burnin
19,4,0,19,down_niche,dolomites,burnin
46,3,0,19,down_niche,dolomites,burnin
50,6,0,19,down_niche,dolomites,burnin
4,6,0,19,down_niche,dolomites,burnin
11,5,0,19,down_niche,dolomites,burnin
36,0,31,19,down_niche,dolomites,burnin
34,9,0,19,down_niche_bodysize,dolomites,burnin
43,4,0,19,down_niche_bodysize,dolomites,burnin
40,0,10,19,down_niche_bodysize,dolomites,burnin
12,5,0,19,down_niche_bodysize,dolomites,burnin
13,4,1,19,down_niche_bodysize,dolomites,burnin
24,6,1,19,down_niche_bodysize,dolomites,burnin
49,5,0,19,down_niche_bodysize,dolomites,burnin
5,5,2,19,down_niche_bodysize,dolomites,burnin
31,4,0,19,down_niche_bodysize,dolomites,burnin
38,0,31,19,down_niche_bodysize,dolomites,burnin
45,5,0,19,down_niche_bodysize,dolomites,burnin
28,2,1,19,down_niche_bodysize,dolomites,burnin
37,0,30,19,down_niche_bodysize,dolomites,burnin
8,6,0,19,down_niche_bodysize,dolomites,burnin
35,0,30,19,down_niche_bodysize,dolomites,burnin
27,4,0,19,down_niche_bodysize,dolomites,burnin
21,6,0,19,down_niche_bodysize,dolomites,burnin
6,4,0,19,down_niche_bodysize,dolomites,burnin
32,4,1,19,down_niche_bodysize,dolomites,burnin
16,5,0,19,down_niche_bodysize,dolomites,burnin
42,0,25,19,down_niche_bodysize,dolomites,burnin
15,4,1,19,down_niche_bodysize,dolomites,burnin
17,6,1,19,down_niche_bodysize,dolomites,burnin
20,4,1,19,down_niche_bodysize,dolomites,burnin
29,6,2,19,down_niche_bodysize,dolomites,burnin
7,3,0,19,down_niche_bodysize,dolomites,burnin
2,3,0,19,down_niche_bodysize,dolomites,burnin
23,3,1,19,down_niche_bodysize,dolomites,burnin
18,5,1,19,down_niche_bodysize,dolomites,burnin
9,4,0,19,down_niche_bodysize,dolomites,burnin
10,6,0,19,down_niche_bodysize,dolomites,burnin
22,6,0,19,down_niche_bodysize,dolomites,burnin
26,5,0,19,down_niche_bodysize,dolomites,burnin
3,5,0,19,down_niche_bodysize,dolomites,burnin
30,6,1,19,down_niche_bodysize,dolomites,burnin
48,4,0,19,down_niche_bodysize,dolomites,burnin
41,0,3,19,down_niche_bodysize,dolomites,burnin
25,5,0,19,down_niche_bodysize,dolomites,burnin
33,6,1,19,down_niche_bodysize,dolomites,burnin
39,0,31,19,down_niche_bodysize,dolomites,burnin
47,6,0,19,down_niche_bodysize,dolomites,burnin
14,5,1,19,down_niche_bodysize,dolomites,burnin
44,6,0,19,down_niche_bodysize,dolomites,burnin
1,7,0,19,down_niche_bodysize,dolomites,burnin
19,4,0,19,down_niche_bodysize,dolomites,burnin
46,3,0,19,down_niche_bodysize,dolomites,burnin
50,6,0,19,down_niche_bodysize,dolomites,burnin
4,6,0,19,down_niche_bodysize,dolomites,burnin
11,5,0,19,down_niche_bodysize,dolomites,burnin
36,0,31,19,down_niche_bodysize,dolomites,burnin
34,0,26,19,atn,dolomites,burnin
43,6,7,19,atn,dolomites,burnin
40,2,24,19,atn,dolomites,burnin
12,6,1,19,atn,dolomites,burnin
13,6,0,19,atn,dolomites,burnin
24,6,0,19,atn,dolomites,burnin
5,6,0,19,atn,dolomites,burnin
31,0,5,19,atn,dolomites,burnin
38,0,5,19,atn,dolomites,burnin
28,8,0,19,atn,dolomites,burnin
37,0,3,19,atn,dolomites,burnin
8,6,0,19,atn,dolomites,burnin
35,0,15,19,atn,dolomites,burnin
27,6,0,19,atn,dolomites,burnin
21,6,0,19,atn,dolomites,burnin
6,6,1,19,atn,dolomites,burnin
32,0,17,19,atn,dolomites,burnin
16,4,2,19,atn,dolomites,burnin
42,6,15,19,atn,dolomites,burnin
15,6,2,19,atn,dolomites,burnin
17,6,7,19,atn,dolomites,burnin
20,8,0,19,atn,dolomites,burnin
29,6,1,19,atn,dolomites,burnin
7,6,0,19,atn,dolomites,burnin
2,16,0,19,atn,dolomites,burnin
23,6,1,19,atn,dolomites,burnin
18,6,0,19,atn,dolomites,burnin
9,6,2,19,atn,dolomites,burnin
10,6,0,19,atn,dolomites,burnin
22,6,7,19,atn,dolomites,burnin
26,6,0,19,atn,dolomites,burnin
3,8,0,19,atn,dolomites,burnin
30,0,3,19,atn,dolomites,burnin
41,4,26,19,atn,dolomites,burnin
25,6,2,19,atn,dolomites,burnin
33,0,24,19,atn,dolomites,burnin
39,0,17,19,atn,dolomites,burnin
14,6,2,19,atn,dolomites,burnin
44,6,0,19,atn,dolomites,burnin
1,14,0,19,atn,dolomites,burnin
19,6,2,19,atn,dolomites,burnin
4,8,0,19,atn,dolomites,burnin
11,8,0,19,atn,dolomites,burnin
36,0,7,19,atn,dolomites,burnin
56,6,1,20,down_power,dolomites,creation
34,7,7,20,down_power,dolomites,creation
43,26,4,20,down_power,dolomites,creation
40,8,2,20,down_power,dolomites,creation
12,7,8,20,down_power,dolomites,creation
13,7,2,20,down_power,dolomites,creation
24,7,2,20,down_power,dolomites,creation
49,0,31,20,down_power,dolomites,creation
5,28,4,20,down_power,dolomites,creation
31,6,8,20,down_power,dolomites,creation
38,6,7,20,down_power,dolomites,creation
45,0,34,20,down_power,dolomites,creation
28,6,7,20,down_power,dolomites,creation
37,6,7,20,down_power,dolomites,creation
8,6,1,20,down_power,dolomites,creation
35,6,7,20,down_power,dolomites,creation
27,8,6,20,down_power,dolomites,creation
21,7,7,20,down_power,dolomites,creation
6,25,5,20,down_power,dolomites,creation
32,8,0,20,down_power,dolomites,creation
16,7,6,20,down_power,dolomites,creation
57,8,1,20,down_power,dolomites,creation
42,35,6,20,down_power,dolomites,creation
15,5,3,20,down_power,dolomites,creation
17,5,6,20,down_power,dolomites,creation
20,6,7,20,down_power,dolomites,creation
29,7,7,20,down_power,dolomites,creation
7,18,7,20,down_power,dolomites,creation
2,17,2,20,down_power,dolomites,creation
23,4,1,20,down_power,dolomites,creation
18,8,6,20,down_power,dolomites,creation
9,8,1,20,down_power,dolomites,creation
55,7,1,20,down_power,dolomites,creation
53,5,1,20,down_power,dolomites,creation
10,6,7,20,down_power,dolomites,creation
22,6,2,20,down_power,dolomites,creation
26,8,8,20,down_power,dolomites,creation
3,14,2,20,down_power,dolomites,creation
30,7,2,20,down_power,dolomites,creation
52,7,1,20,down_power,dolomites,creation
48,0,35,20,down_power,dolomites,creation
54,5,1,20,down_power,dolomites,creation
51,0,37,20,down_power,dolomites,creation
41,35,7,20,down_power,dolomites,creation
25,6,7,20,down_power,dolomites,creation
33,7,6,20,down_power,dolomites,creation
58,6,1,20,down_power,dolomites,creation
39,6,7,20,down_power,dolomites,creation
47,0,34,20,down_power,dolomites,creation
14,7,0,20,down_power,dolomites,creation
44,0,35,20,down_power,dolomites,creation
1,8,8,20,down_power,dolomites,creation
19,7,6,20,down_power,dolomites,creation
46,0,38,20,down_power,dolomites,creation
50,0,39,20,down_power,dolomites,creation
59,6,1,20,down_power,dolomites,creation
4,29,4,20,down_power,dolomites,creation
11,7,7,20,down_power,dolomites,creation
36,5,2,20,down_power,dolomites,creation
56,8,1,20,metaweb,dolomites,creation
34,8,7,20,metaweb,dolomites,creation
43,28,7,20,metaweb,dolomites,creation
40,8,2,20,metaweb,dolomites,creation
12,8,8,20,metaweb,dolomites,creation
13,8,2,20,metaweb,dolomites,creation
24,8,2,20,metaweb,dolomites,creation
49,0,43,20,metaweb,dolomites,creation
5,31,4,20,metaweb,dolomites,creation
31,8,8,20,metaweb,dolomites,creation
38,8,7,20,metaweb,dolomites,creation
45,0,43,20,metaweb,dolomites,creation
28,8,7,20,metaweb,dolomites,creation
37,8,7,20,metaweb,dolomites,creation
8,8,1,20,metaweb,dolomites,creation
35,8,7,20,metaweb,dolomites,creation
27,8,8,20,metaweb,dolomites,creation
21,8,7,20,metaweb,dolomites,creation
6,27,7,20,metaweb,dolomites,creation
32,8,0,20,metaweb,dolomites,creation
16,8,7,20,metaweb,dolomites,creation
57,8,1,20,metaweb,dolomites,creation
42,35,7,20,metaweb,dolomites,creation
15,8,4,20,metaweb,dolomites,creation
17,8,7,20,metaweb,dolomites,creation
20,8,7,20,metaweb,dolomites,creation
29,8,7,20,metaweb,dolomites,creation
7,20,7,20,metaweb,dolomites,creation
2,18,2,20,metaweb,dolomites,creation
23,8,2,20,metaweb,dolomites,creation
18,8,7,20,metaweb,dolomites,creation
9,8,1,20,metaweb,dolomites,creation
55,8,1,20,metaweb,dolomites,creation
53,8,1,20,metaweb,dolomites,creation
10,8,8,20,metaweb,dolomites,creation
22,8,2,20,metaweb,dolomites,creation
26,8,8,20,metaweb,dolomites,creation
3,18,2,20,metaweb,dolomites,creation
30,8,2,20,metaweb,dolomites,creation
52,8,1,20,metaweb,dolomites,creation
48,0,43,20,metaweb,dolomites,creation
54,8,1,20,metaweb,dolomites,creation
51,0,43,20,metaweb,dolomites,creation
41,35,7,20,metaweb,dolomites,creation
25,8,8,20,metaweb,dolomites,creation
33,8,7,20,metaweb,dolomites,creation
58,8,1,20,metaweb,dolomites,creation
39,8,7,20,metaweb,dolomites,creation
47,0,43,20,metaweb,dolomites,creation
14,8,0,20,metaweb,dolomites,creation
44,0,43,20,metaweb,dolomites,creation
1,10,8,20,metaweb,dolomites,creation
19,8,7,20,metaweb,dolomites,creation
46,0,43,20,metaweb,dolomites,creation
50,0,43,20,metaweb,dolomites,creation
59,8,1,20,metaweb,dolomites,creation
4,31,4,20,metaweb,dolomites,creation
11,8,8,20,metaweb,dolomites,creation
36,8,2,20,metaweb,dolomites,creation
56,0,11,20,niche,dolomites,creation
34,10,10,20,niche,dolomites,creation
43,6,9,20,niche,dolomites,creation
40,19,7,20,niche,dolomites,creation
12,8,7,20,niche,dolomites,creation
13,32,7,20,niche,dolomites,creation
24,1,8,20,niche,dolomites,creation
49,0,14,20,niche,dolomites,creation
5,15,6,20,niche,dolomites,creation
31,8,10,20,niche,dolomites,creation
38,7,7,20,niche,dolomites,creation
45,6,9,20,niche,dolomites,creation
28,24,8,20,niche,dolomites,creation
37,18,6,20,niche,dolomites,creation
8,2,7,20,niche,dolomites,creation
35,13,8,20,niche,dolomites,creation
27,3,9,20,niche,dolomites,creation
21,16,7,20,niche,dolomites,creation
6,29,6,20,niche,dolomites,creation
32,10,11,20,niche,dolomites,creation
16,2,7,20,niche,dolomites,creation
57,1,10,20,niche,dolomites,creation
42,4,9,20,niche,dolomites,creation
15,1,9,20,niche,dolomites,creation
17,14,8,20,niche,dolomites,creation
20,8,7,20,niche,dolomites,creation
29,3,9,20,niche,dolomites,creation
7,7,7,20,niche,dolomites,creation
2,11,4,20,niche,dolomites,creation
23,0,8,20,niche,dolomites,creation
18,11,7,20,niche,dolomites,creation
9,21,7,20,niche,dolomites,creation
55,0,11,20,niche,dolomites,creation
53,0,11,20,niche,dolomites,creation
10,14,7,20,niche,dolomites,creation
22,18,8,20,niche,dolomites,creation
26,8,9,20,niche,dolomites,creation
3,11,4,20,niche,dolomites,creation
30,4,9,20,niche,dolomites,creation
52,3,11,20,niche,dolomites,creation
48,0,12,20,niche,dolomites,creation
54,4,11,20,niche,dolomites,creation
51,0,13,20,niche,dolomites,creation
41,0,7,20,niche,dolomites,creation
25,1,8,20,niche,dolomites,creation
33,26,9,20,niche,dolomites,creation
58,0,7,20,niche,dolomites,creation
39,1,7,20,niche,dolomites,creation
47,0,10,20,niche,dolomites,creation
14,1,8,20,niche,dolomites,creation
44,5,9,20,niche,dolomites,creation
1,5,4,20,niche,dolomites,creation
19,30,7,20,niche,dolomites,creation
46,1,12,20,niche,dolomites,creation
50,3,13,20,niche,dolomites,creation
59,0,7,20,niche,dolomites,creation
4,29,5,20,niche,dolomites,creation
11,8,7,20,niche,dolomites,creation
36,9,6,20,niche,dolomites,creation
56,7,1,20,down_rand,dolomites,creation
34,7,5,20,down_rand,dolomites,creation
43,25,7,20,down_rand,dolomites,creation
40,8,2,20,down_rand,dolomites,creation
12,6,6,20,down_rand,dolomites,creation
13,5,2,20,down_rand,dolomites,creation
24,8,1,20,down_rand,dolomites,creation
49,0,40,20,down_rand,dolomites,creation
5,30,3,20,down_rand,dolomites,creation
31,6,8,20,down_rand,dolomites,creation
38,7,6,20,down_rand,dolomites,creation
45,0,39,20,down_rand,dolomites,creation
28,6,5,20,down_rand,dolomites,creation
37,8,5,20,down_rand,dolomites,creation
8,7,1,20,down_rand,dolomites,creation
35,7,5,20,down_rand,dolomites,creation
27,7,7,20,down_rand,dolomites,creation
21,8,6,20,down_rand,dolomites,creation
6,22,5,20,down_rand,dolomites,creation
32,8,0,20,down_rand,dolomites,creation
16,7,6,20,down_rand,dolomites,creation
57,6,1,20,down_rand,dolomites,creation
42,31,7,20,down_rand,dolomites,creation
15,8,4,20,down_rand,dolomites,creation
17,8,5,20,down_rand,dolomites,creation
20,7,7,20,down_rand,dolomites,creation
29,6,4,20,down_rand,dolomites,creation
7,19,7,20,down_rand,dolomites,creation
2,14,2,20,down_rand,dolomites,creation
23,5,2,20,down_rand,dolomites,creation
18,8,5,20,down_rand,dolomites,creation
9,7,1,20,down_rand,dolomites,creation
55,7,1,20,down_rand,dolomites,creation
53,7,1,20,down_rand,dolomites,creation
10,7,7,20,down_rand,dolomites,creation
22,6,2,20,down_rand,dolomites,creation
26,7,8,20,down_rand,dolomites,creation
3,16,2,20,down_rand,dolomites,creation
30,8,2,20,down_rand,dolomites,creation
52,5,1,20,down_rand,dolomites,creation
48,0,36,20,down_rand,dolomites,creation
54,8,1,20,down_rand,dolomites,creation
51,0,41,20,down_rand,dolomites,creation
41,26,5,20,down_rand,dolomites,creation
25,8,8,20,down_rand,dolomites,creation
33,8,7,20,down_rand,dolomites,creation
58,7,1,20,down_rand,dolomites,creation
39,6,6,20,down_rand,dolomites,creation
47,0,38,20,down_rand,dolomites,creation
14,7,0,20,down_rand,dolomites,creation
44,0,33,20,down_rand,dolomites,creation
1,8,7,20,down_rand,dolomites,creation
19,6,7,20,down_rand,dolomites,creation
46,0,31,20,down_rand,dolomites,creation
50,0,39,20,down_rand,dolomites,creation
59,8,1,20,down_rand,dolomites,creation
4,26,2,20,down_rand,dolomites,creation
11,5,8,20,down_rand,dolomites,creation
36,8,2,20,down_rand,dolomites,creation
56,8,1,20,down_link,dolomites,creation
34,5,7,20,down_link,dolomites,creation
43,25,5,20,down_link,dolomites,creation
40,8,2,20,down_link,dolomites,creation
12,4,7,20,down_link,dolomites,creation
13,7,2,20,down_link,dolomites,creation
24,4,2,20,down_link,dolomites,creation
49,0,36,20,down_link,dolomites,creation
5,27,4,20,down_link,dolomites,creation
31,7,8,20,down_link,dolomites,creation
38,7,6,20,down_link,dolomites,creation
45,0,33,20,down_link,dolomites,creation
28,8,6,20,down_link,dolomites,creation
37,7,6,20,down_link,dolomites,creation
8,7,1,20,down_link,dolomites,creation
35,6,6,20,down_link,dolomites,creation
27,8,8,20,down_link,dolomites,creation
21,6,6,20,down_link,dolomites,creation
6,23,6,20,down_link,dolomites,creation
32,6,0,20,down_link,dolomites,creation
16,8,7,20,down_link,dolomites,creation
57,8,1,20,down_link,dolomites,creation
42,30,6,20,down_link,dolomites,creation
15,6,4,20,down_link,dolomites,creation
17,7,7,20,down_link,dolomites,creation
20,7,6,20,down_link,dolomites,creation
29,8,7,20,down_link,dolomites,creation
7,18,7,20,down_link,dolomites,creation
2,17,2,20,down_link,dolomites,creation
23,7,2,20,down_link,dolomites,creation
18,8,6,20,down_link,dolomites,creation
9,6,1,20,down_link,dolomites,creation
55,8,1,20,down_link,dolomites,creation
53,8,1,20,down_link,dolomites,creation
10,8,7,20,down_link,dolomites,creation
22,8,2,20,down_link,dolomites,creation
26,7,6,20,down_link,dolomites,creation
3,17,2,20,down_link,dolomites,creation
30,6,2,20,down_link,dolomites,creation
52,4,1,20,down_link,dolomites,creation
48,0,36,20,down_link,dolomites,creation
54,7,1,20,down_link,dolomites,creation
51,0,37,20,down_link,dolomites,creation
41,26,6,20,down_link,dolomites,creation
25,7,8,20,down_link,dolomites,creation
33,7,5,20,down_link,dolomites,creation
58,7,1,20,down_link,dolomites,creation
39,8,7,20,down_link,dolomites,creation
47,0,34,20,down_link,dolomites,creation
14,8,0,20,down_link,dolomites,creation
44,0,37,20,down_link,dolomites,creation
1,9,7,20,down_link,dolomites,creation
19,3,6,20,down_link,dolomites,creation
46,0,36,20,down_link,dolomites,creation
50,0,36,20,down_link,dolomites,creation
59,5,1,20,down_link,dolomites,creation
4,30,4,20,down_link,dolomites,creation
11,8,8,20,down_link,dolomites,creation
36,8,2,20,down_link,dolomites,creation
56,8,1,20,down_niche,dolomites,creation
34,8,5,20,down_niche,dolomites,creation
43,23,7,20,down_niche,dolomites,creation
40,8,0,20,down_niche,dolomites,creation
12,7,7,20,down_niche,dolomites,creation
13,8,1,20,down_niche,dolomites,creation
24,7,2,20,down_niche,dolomites,creation
49,0,40,20,down_niche,dolomites,creation
5,23,2,20,down_niche,dolomites,creation
31,7,6,20,down_niche,dolomites,creation
38,8,5,20,down_niche,dolomites,creation
45,0,41,20,down_niche,dolomites,creation
28,8,6,20,down_niche,dolomites,creation
37,8,6,20,down_niche,dolomites,creation
8,7,1,20,down_niche,dolomites,creation
35,7,6,20,down_niche,dolomites,creation
27,8,8,20,down_niche,dolomites,creation
21,5,6,20,down_niche,dolomites,creation
6,25,2,20,down_niche,dolomites,creation
32,7,0,20,down_niche,dolomites,creation
16,7,5,20,down_niche,dolomites,creation
57,7,1,20,down_niche,dolomites,creation
42,28,7,20,down_niche,dolomites,creation
15,7,4,20,down_niche,dolomites,creation
17,7,6,20,down_niche,dolomites,creation
20,8,7,20,down_niche,dolomites,creation
29,7,7,20,down_niche,dolomites,creation
7,18,3,20,down_niche,dolomites,creation
2,10,1,20,down_niche,dolomites,creation
23,8,2,20,down_niche,dolomites,creation
18,8,6,20,down_niche,dolomites,creation
9,7,1,20,down_niche,dolomites,creation
55,7,1,20,down_niche,dolomites,creation
53,7,1,20,down_niche,dolomites,creation
10,8,7,20,down_niche,dolomites,creation
22,7,2,20,down_niche,dolomites,creation
26,8,8,20,down_niche,dolomites,creation
3,13,1,20,down_niche,dolomites,creation
30,7,2,20,down_niche,dolomites,creation
52,7,1,20,down_niche,dolomites,creation
48,0,26,20,down_niche,dolomites,creation
54,7,1,20,down_niche,dolomites,creation
51,0,40,20,down_niche,dolomites,creation
41,31,5,20,down_niche,dolomites,creation
25,7,8,20,down_niche,dolomites,creation
33,8,6,20,down_niche,dolomites,creation
58,7,1,20,down_niche,dolomites,creation
39,8,6,20,down_niche,dolomites,creation
47,0,41,20,down_niche,dolomites,creation
14,7,0,20,down_niche,dolomites,creation
44,0,41,20,down_niche,dolomites,creation
1,8,4,20,down_niche,dolomites,creation
19,7,6,20,down_niche,dolomites,creation
46,0,40,20,down_niche,dolomites,creation
50,0,40,20,down_niche,dolomites,creation
59,8,1,20,down_niche,dolomites,creation
4,21,2,20,down_niche,dolomites,creation
11,7,7,20,down_niche,dolomites,creation
36,8,2,20,down_niche,dolomites,creation
56,8,1,20,down_niche_bodysize,dolomites,creation
34,8,5,20,down_niche_bodysize,dolomites,creation
43,23,7,20,down_niche_bodysize,dolomites,creation
40,8,0,20,down_niche_bodysize,dolomites,creation
12,7,7,20,down_niche_bodysize,dolomites,creation
13,8,1,20,down_niche_bodysize,dolomites,creation
24,7,2,20,down_niche_bodysize,dolomites,creation
49,0,40,20,down_niche_bodysize,dolomites,creation
5,23,2,20,down_niche_bodysize,dolomites,creation
31,7,6,20,down_niche_bodysize,dolomites,creation
38,8,5,20,down_niche_bodysize,dolomites,creation
45,0,41,20,down_niche_bodysize,dolomites,creation
28,8,6,20,down_niche_bodysize,dolomites,creation
37,8,6,20,down_niche_bodysize,dolomites,creation
8,7,1,20,down_niche_bodysize,dolomites,creation
35,7,6,20,down_niche_bodysize,dolomites,creation
27,8,8,20,down_niche_bodysize,dolomites,creation
21,5,6,20,down_niche_bodysize,dolomites,creation
6,25,2,20,down_niche_bodysize,dolomites,creation
32,7,0,20,down_niche_bodysize,dolomites,creation
16,7,5,20,down_niche_bodysize,dolomites,creation
57,7,1,20,down_niche_bodysize,dolomites,creation
42,28,7,20,down_niche_bodysize,dolomites,creation
15,7,4,20,down_niche_bodysize,dolomites,creation
17,7,6,20,down_niche_bodysize,dolomites,creation
20,8,7,20,down_niche_bodysize,dolomites,creation
29,7,7,20,down_niche_bodysize,dolomites,creation
7,18,3,20,down_niche_bodysize,dolomites,creation
2,10,1,20,down_niche_bodysize,dolomites,creation
23,8,2,20,down_niche_bodysize,dolomites,creation
18,8,6,20,down_niche_bodysize,dolomites,creation
9,7,1,20,down_niche_bodysize,dolomites,creation
55,7,1,20,down_niche_bodysize,dolomites,creation
53,7,1,20,down_niche_bodysize,dolomites,creation
10,8,7,20,down_niche_bodysize,dolomites,creation
22,7,2,20,down_niche_bodysize,dolomites,creation
26,8,8,20,down_niche_bodysize,dolomites,creation
3,13,1,20,down_niche_bodysize,dolomites,creation
30,7,2,20,down_niche_bodysize,dolomites,creation
52,7,1,20,down_niche_bodysize,dolomites,creation
48,0,26,20,down_niche_bodysize,dolomites,creation
54,7,1,20,down_niche_bodysize,dolomites,creation
51,0,40,20,down_niche_bodysize,dolomites,creation
41,31,5,20,down_niche_bodysize,dolomites,creation
25,7,8,20,down_niche_bodysize,dolomites,creation
33,8,6,20,down_niche_bodysize,dolomites,creation
58,7,1,20,down_niche_bodysize,dolomites,creation
39,8,6,20,down_niche_bodysize,dolomites,creation
47,0,41,20,down_niche_bodysize,dolomites,creation
14,7,0,20,down_niche_bodysize,dolomites,creation
44,0,41,20,down_niche_bodysize,dolomites,creation
1,8,4,20,down_niche_bodysize,dolomites,creation
19,7,6,20,down_niche_bodysize,dolomites,creation
46,0,40,20,down_niche_bodysize,dolomites,creation
50,0,40,20,down_niche_bodysize,dolomites,creation
59,8,1,20,down_niche_bodysize,dolomites,creation
4,21,2,20,down_niche_bodysize,dolomites,creation
11,7,7,20,down_niche_bodysize,dolomites,creation
36,8,2,20,down_niche_bodysize,dolomites,creation
56,6,43,20,atn,dolomites,creation
34,8,2,20,atn,dolomites,creation
43,6,8,20,atn,dolomites,creation
40,10,0,20,atn,dolomites,creation
12,8,1,20,atn,dolomites,creation
13,8,20,20,atn,dolomites,creation
24,6,31,20,atn,dolomites,creation
49,0,37,20,atn,dolomites,creation
5,14,0,20,atn,dolomites,creation
31,11,0,20,atn,dolomites,creation
38,8,0,20,atn,dolomites,creation
45,0,9,20,atn,dolomites,creation
28,14,0,20,atn,dolomites,creation
37,13,0,20,atn,dolomites,creation
8,13,0,20,atn,dolomites,creation
35,8,0,20,atn,dolomites,creation
27,10,1,20,atn,dolomites,creation
21,10,1,20,atn,dolomites,creation
6,14,0,20,atn,dolomites,creation
32,14,0,20,atn,dolomites,creation
16,13,0,20,atn,dolomites,creation
57,8,37,20,atn,dolomites,creation
42,14,0,20,atn,dolomites,creation
15,14,0,20,atn,dolomites,creation
17,14,0,20,atn,dolomites,creation
20,8,2,20,atn,dolomites,creation
29,10,1,20,atn,dolomites,creation
7,8,2,20,atn,dolomites,creation
2,20,0,20,atn,dolomites,creation
23,6,31,20,atn,dolomites,creation
18,12,0,20,atn,dolomites,creation
9,10,0,20,atn,dolomites,creation
55,4,38,20,atn,dolomites,creation
53,0,9,20,atn,dolomites,creation
10,12,0,20,atn,dolomites,creation
22,6,16,20,atn,dolomites,creation
26,10,1,20,atn,dolomites,creation
3,26,0,20,atn,dolomites,creation
30,8,16,20,atn,dolomites,creation
52,0,4,20,atn,dolomites,creation
48,0,43,20,atn,dolomites,creation
54,2,20,20,atn,dolomites,creation
51,0,2,20,atn,dolomites,creation
41,11,0,20,atn,dolomites,creation
25,14,0,20,atn,dolomites,creation
33,13,0,20,atn,dolomites,creation
58,8,22,20,atn,dolomites,creation
39,8,1,20,atn,dolomites,creation
47,0,38,20,atn,dolomites,creation
14,8,2,20,atn,dolomites,creation
44,0,4,20,atn,dolomites,creation
1,13,0,20,atn,dolomites,creation
19,8,0,20,atn,dolomites,creation
46,0,20,20,atn,dolomites,creation
50,0,22,20,atn,dolomites,creation
59,8,2,20,atn,dolomites,creation
4,13,0,20,atn,dolomites,creation
11,8,2,20,atn,dolomites,creation
36,8,18,20,atn,dolomites,creation
34,0,32,20,down_power,dolomites,burnin
43,5,0,20,down_power,dolomites,burnin
40,0,36,20,down_power,dolomites,burnin
12,8,0,20,down_power,dolomites,burnin
13,7,1,20,down_power,dolomites,burnin
24,7,1,20,down_power,dolomites,burnin
49,6,0,20,down_power,dolomites,burnin
5,7,1,20,down_power,dolomites,burnin
31,6,0,20,down_power,dolomites,burnin
38,0,32,20,down_power,dolomites,burnin
45,7,0,20,down_power,dolomites,burnin
28,7,1,20,down_power,dolomites,burnin
37,0,31,20,down_power,dolomites,burnin
8,7,0,20,down_power,dolomites,burnin
35,0,31,20,down_power,dolomites,burnin
27,7,0,20,down_power,dolomites,burnin
21,8,0,20,down_power,dolomites,burnin
6,7,1,20,down_power,dolomites,burnin
32,6,1,20,down_power,dolomites,burnin
16,6,1,20,down_power,dolomites,burnin
42,7,0,20,down_power,dolomites,burnin
15,7,1,20,down_power,dolomites,burnin
17,4,1,20,down_power,dolomites,burnin
20,8,1,20,down_power,dolomites,burnin
29,6,1,20,down_power,dolomites,burnin
7,7,1,20,down_power,dolomites,burnin
2,6,0,20,down_power,dolomites,burnin
23,7,1,20,down_power,dolomites,burnin
18,7,1,20,down_power,dolomites,burnin
9,5,0,20,down_power,dolomites,burnin
10,7,0,20,down_power,dolomites,burnin
22,6,0,20,down_power,dolomites,burnin
26,8,0,20,down_power,dolomites,burnin
3,8,0,20,down_power,dolomites,burnin
30,5,1,20,down_power,dolomites,burnin
48,6,0,20,down_power,dolomites,burnin
41,0,34,20,down_power,dolomites,burnin
25,6,0,20,down_power,dolomites,burnin
33,6,1,20,down_power,dolomites,burnin
39,0,28,20,down_power,dolomites,burnin
47,8,0,20,down_power,dolomites,burnin
14,6,1,20,down_power,dolomites,burnin
44,5,0,20,down_power,dolomites,burnin
1,18,1,20,down_power,dolomites,burnin
19,6,0,20,down_power,dolomites,burnin
46,6,0,20,down_power,dolomites,burnin
4,6,0,20,down_power,dolomites,burnin
11,5,0,20,down_power,dolomites,burnin
36,0,35,20,down_power,dolomites,burnin
34,0,41,20,metaweb,dolomites,burnin
43,8,0,20,metaweb,dolomites,burnin
40,0,41,20,metaweb,dolomites,burnin
12,8,1,20,metaweb,dolomites,burnin
13,8,1,20,metaweb,dolomites,burnin
24,8,0,20,metaweb,dolomites,burnin
49,8,0,20,metaweb,dolomites,burnin
5,8,1,20,metaweb,dolomites,burnin
31,8,1,20,metaweb,dolomites,burnin
38,0,41,20,metaweb,dolomites,burnin
45,8,0,20,metaweb,dolomites,burnin
28,8,1,20,metaweb,dolomites,burnin
37,0,41,20,metaweb,dolomites,burnin
8,8,0,20,metaweb,dolomites,burnin
35,0,41,20,metaweb,dolomites,burnin
27,8,1,20,metaweb,dolomites,burnin
21,8,0,20,metaweb,dolomites,burnin
6,8,1,20,metaweb,dolomites,burnin
32,8,1,20,metaweb,dolomites,burnin
16,8,1,20,metaweb,dolomites,burnin
42,8,0,20,metaweb,dolomites,burnin
15,8,1,20,metaweb,dolomites,burnin
17,8,1,20,metaweb,dolomites,burnin
20,8,1,20,metaweb,dolomites,burnin
29,8,1,20,metaweb,dolomites,burnin
7,8,0,20,metaweb,dolomites,burnin
2,8,0,20,metaweb,dolomites,burnin
23,8,1,20,metaweb,dolomites,burnin
18,8,0,20,metaweb,dolomites,burnin
9,8,0,20,metaweb,dolomites,burnin
10,8,0,20,metaweb,dolomites,burnin
22,8,1,20,metaweb,dolomites,burnin
26,8,0,20,metaweb,dolomites,burnin
3,8,0,20,metaweb,dolomites,burnin
30,8,0,20,metaweb,dolomites,burnin
48,8,0,20,metaweb,dolomites,burnin
41,0,41,20,metaweb,dolomites,burnin
25,8,0,20,metaweb,dolomites,burnin
33,27,1,20,metaweb,dolomites,burnin
39,0,41,20,metaweb,dolomites,burnin
47,8,0,20,metaweb,dolomites,burnin
14,8,1,20,metaweb,dolomites,burnin
44,8,0,20,metaweb,dolomites,burnin
1,8,0,20,metaweb,dolomites,burnin
19,8,1,20,metaweb,dolomites,burnin
46,8,0,20,metaweb,dolomites,burnin
4,8,1,20,metaweb,dolomites,burnin
11,8,0,20,metaweb,dolomites,burnin
36,0,41,20,metaweb,dolomites,burnin
34,16,6,20,niche,dolomites,burnin
43,0,9,20,niche,dolomites,burnin
40,5,9,20,niche,dolomites,burnin
12,29,7,20,niche,dolomites,burnin
13,2,6,20,niche,dolomites,burnin
24,3,8,20,niche,dolomites,burnin
49,0,11,20,niche,dolomites,burnin
5,12,6,20,niche,dolomites,burnin
31,10,10,20,niche,dolomites,burnin
38,0,7,20,niche,dolomites,burnin
45,0,13,20,niche,dolomites,burnin
28,8,10,20,niche,dolomites,burnin
37,17,7,20,niche,dolomites,burnin
8,2,7,20,niche,dolomites,burnin
35,6,7,20,niche,dolomites,burnin
27,4,9,20,niche,dolomites,burnin
21,1,7,20,niche,dolomites,burnin
6,26,6,20,niche,dolomites,burnin
32,12,8,20,niche,dolomites,burnin
16,27,6,20,niche,dolomites,burnin
42,1,11,20,niche,dolomites,burnin
15,11,6,20,niche,dolomites,burnin
17,7,6,20,niche,dolomites,burnin
20,0,7,20,niche,dolomites,burnin
29,9,10,20,niche,dolomites,burnin
7,7,7,20,niche,dolomites,burnin
2,8,4,20,niche,dolomites,burnin
23,7,8,20,niche,dolomites,burnin
18,16,6,20,niche,dolomites,burnin
9,18,7,20,niche,dolomites,burnin
53,0,7,20,niche,dolomites,burnin
10,8,7,20,niche,dolomites,burnin
22,1,7,20,niche,dolomites,burnin
26,3,9,20,niche,dolomites,burnin
3,11,4,20,niche,dolomites,burnin
30,24,9,20,niche,dolomites,burnin
52,0,11,20,niche,dolomites,burnin
48,2,11,20,niche,dolomites,burnin
54,0,7,20,niche,dolomites,burnin
51,0,11,20,niche,dolomites,burnin
41,6,9,20,niche,dolomites,burnin
25,23,8,20,niche,dolomites,burnin
33,8,6,20,niche,dolomites,burnin
39,6,9,20,niche,dolomites,burnin
47,0,13,20,niche,dolomites,burnin
14,13,7,20,niche,dolomites,burnin
44,0,11,20,niche,dolomites,burnin
1,5,4,20,niche,dolomites,burnin
19,16,7,20,niche,dolomites,burnin
46,3,13,20,niche,dolomites,burnin
50,3,11,20,niche,dolomites,burnin
4,26,5,20,niche,dolomites,burnin
11,8,7,20,niche,dolomites,burnin
36,1,7,20,niche,dolomites,burnin
34,0,31,20,down_rand,dolomites,burnin
43,7,0,20,down_rand,dolomites,burnin
40,0,38,20,down_rand,dolomites,burnin
12,8,0,20,down_rand,dolomites,burnin
13,6,1,20,down_rand,dolomites,burnin
24,8,1,20,down_rand,dolomites,burnin
49,8,0,20,down_rand,dolomites,burnin
5,5,1,20,down_rand,dolomites,burnin
31,8,0,20,down_rand,dolomites,burnin
38,0,33,20,down_rand,dolomites,burnin
45,7,0,20,down_rand,dolomites,burnin
28,7,0,20,down_rand,dolomites,burnin
37,0,35,20,down_rand,dolomites,burnin
8,7,0,20,down_rand,dolomites,burnin
35,0,36,20,down_rand,dolomites,burnin
27,8,0,20,down_rand,dolomites,burnin
21,7,1,20,down_rand,dolomites,burnin
6,6,1,20,down_rand,dolomites,burnin
32,7,1,20,down_rand,dolomites,burnin
16,6,1,20,down_rand,dolomites,burnin
42,5,0,20,down_rand,dolomites,burnin
15,8,1,20,down_rand,dolomites,burnin
17,5,1,20,down_rand,dolomites,burnin
20,7,1,20,down_rand,dolomites,burnin
29,7,1,20,down_rand,dolomites,burnin
7,5,1,20,down_rand,dolomites,burnin
2,7,0,20,down_rand,dolomites,burnin
23,6,1,20,down_rand,dolomites,burnin
18,8,1,20,down_rand,dolomites,burnin
9,8,0,20,down_rand,dolomites,burnin
10,7,0,20,down_rand,dolomites,burnin
22,6,0,20,down_rand,dolomites,burnin
26,8,0,20,down_rand,dolomites,burnin
3,7,0,20,down_rand,dolomites,burnin
30,8,1,20,down_rand,dolomites,burnin
48,7,0,20,down_rand,dolomites,burnin
41,0,39,20,down_rand,dolomites,burnin
25,6,0,20,down_rand,dolomites,burnin
33,6,1,20,down_rand,dolomites,burnin
39,0,37,20,down_rand,dolomites,burnin
47,6,0,20,down_rand,dolomites,burnin
14,7,1,20,down_rand,dolomites,burnin
44,8,0,20,down_rand,dolomites,burnin
1,18,1,20,down_rand,dolomites,burnin
19,8,0,20,down_rand,dolomites,burnin
46,7,0,20,down_rand,dolomites,burnin
4,7,0,20,down_rand,dolomites,burnin
11,8,0,20,down_rand,dolomites,burnin
36,0,28,20,down_rand,dolomites,burnin
34,0,32,20,down_link,dolomites,burnin
43,7,0,20,down_link,dolomites,burnin
40,0,35,20,down_link,dolomites,burnin
12,3,0,20,down_link,dolomites,burnin
13,7,0,20,down_link,dolomites,burnin
24,7,0,20,down_link,dolomites,burnin
5,4,0,20,down_link,dolomites,burnin
31,7,0,20,down_link,dolomites,burnin
38,0,34,20,down_link,dolomites,burnin
45,8,0,20,down_link,dolomites,burnin
28,6,0,20,down_link,dolomites,burnin
37,0,34,20,down_link,dolomites,burnin
8,6,0,20,down_link,dolomites,burnin
35,0,35,20,down_link,dolomites,burnin
27,5,0,20,down_link,dolomites,burnin
21,8,0,20,down_link,dolomites,burnin
6,7,0,20,down_link,dolomites,burnin
32,8,0,20,down_link,dolomites,burnin
16,7,0,20,down_link,dolomites,burnin
42,8,0,20,down_link,dolomites,burnin
15,8,0,20,down_link,dolomites,burnin
17,4,0,20,down_link,dolomites,burnin
20,8,0,20,down_link,dolomites,burnin
29,8,0,20,down_link,dolomites,burnin
7,8,0,20,down_link,dolomites,burnin
2,6,0,20,down_link,dolomites,burnin
23,6,0,20,down_link,dolomites,burnin
18,7,0,20,down_link,dolomites,burnin
9,8,0,20,down_link,dolomites,burnin
10,7,0,20,down_link,dolomites,burnin
22,8,0,20,down_link,dolomites,burnin
26,7,0,20,down_link,dolomites,burnin
3,8,0,20,down_link,dolomites,burnin
30,7,0,20,down_link,dolomites,burnin
48,5,0,20,down_link,dolomites,burnin
41,4,0,20,down_link,dolomites,burnin
25,6,0,20,down_link,dolomites,burnin
33,0,36,20,down_link,dolomites,burnin
39,0,34,20,down_link,dolomites,burnin
47,7,0,20,down_link,dolomites,burnin
14,6,0,20,down_link,dolomites,burnin
44,8,0,20,down_link,dolomites,burnin
1,7,0,20,down_link,dolomites,burnin
19,7,0,20,down_link,dolomites,burnin
46,8,0,20,down_link,dolomites,burnin
4,8,0,20,down_link,dolomites,burnin
11,8,0,20,down_link,dolomites,burnin
36,0,32,20,down_link,dolomites,burnin
34,23,2,20,down_niche,dolomites,burnin
43,7,0,20,down_niche,dolomites,burnin
40,0,39,20,down_niche,dolomites,burnin
12,8,0,20,down_niche,dolomites,burnin
13,7,2,20,down_niche,dolomites,burnin
24,7,2,20,down_niche,dolomites,burnin
49,7,0,20,down_niche,dolomites,burnin
5,7,2,20,down_niche,dolomites,burnin
31,8,0,20,down_niche,dolomites,burnin
38,0,39,20,down_niche,dolomites,burnin
45,7,0,20,down_niche,dolomites,burnin
28,8,1,20,down_niche,dolomites,burnin
37,0,39,20,down_niche,dolomites,burnin
8,7,0,20,down_niche,dolomites,burnin
35,0,40,20,down_niche,dolomites,burnin
27,8,0,20,down_niche,dolomites,burnin
21,8,2,20,down_niche,dolomites,burnin
6,7,2,20,down_niche,dolomites,burnin
32,8,2,20,down_niche,dolomites,burnin
16,7,2,20,down_niche,dolomites,burnin
42,0,40,20,down_niche,dolomites,burnin
15,5,1,20,down_niche,dolomites,burnin
17,8,2,20,down_niche,dolomites,burnin
20,8,2,20,down_niche,dolomites,burnin
29,7,1,20,down_niche,dolomites,burnin
7,8,1,20,down_niche,dolomites,burnin
2,7,0,20,down_niche,dolomites,burnin
23,7,2,20,down_niche,dolomites,burnin
18,7,2,20,down_niche,dolomites,burnin
9,7,0,20,down_niche,dolomites,burnin
10,7,0,20,down_niche,dolomites,burnin
22,8,0,20,down_niche,dolomites,burnin
26,7,0,20,down_niche,dolomites,burnin
3,7,0,20,down_niche,dolomites,burnin
30,8,2,20,down_niche,dolomites,burnin
48,7,0,20,down_niche,dolomites,burnin
41,0,38,20,down_niche,dolomites,burnin
25,7,0,20,down_niche,dolomites,burnin
33,8,2,20,down_niche,dolomites,burnin
39,0,26,20,down_niche,dolomites,burnin
47,8,0,20,down_niche,dolomites,burnin
14,8,2,20,down_niche,dolomites,burnin
44,7,0,20,down_niche,dolomites,burnin
1,18,1,20,down_niche,dolomites,burnin
19,7,0,20,down_niche,dolomites,burnin
46,7,0,20,down_niche,dolomites,burnin
50,8,0,20,down_niche,dolomites,burnin
4,8,0,20,down_niche,dolomites,burnin
11,7,0,20,down_niche,dolomites,burnin
36,0,39,20,down_niche,dolomites,burnin
34,23,2,20,down_niche_bodysize,dolomites,burnin
43,7,0,20,down_niche_bodysize,dolomites,burnin
40,0,39,20,down_niche_bodysize,dolomites,burnin
12,8,0,20,down_niche_bodysize,dolomites,burnin
13,7,2,20,down_niche_bodysize,dolomites,burnin
24,7,2,20,down_niche_bodysize,dolomites,burnin
49,7,0,20,down_niche_bodysize,dolomites,burnin
5,7,2,20,down_niche_bodysize,dolomites,burnin
31,8,0,20,down_niche_bodysize,dolomites,burnin
38,0,39,20,down_niche_bodysize,dolomites,burnin
45,7,0,20,down_niche_bodysize,dolomites,burnin
28,8,1,20,down_niche_bodysize,dolomites,burnin
37,0,39,20,down_niche_bodysize,dolomites,burnin
8,7,0,20,down_niche_bodysize,dolomites,burnin
35,0,40,20,down_niche_bodysize,dolomites,burnin
27,8,0,20,down_niche_bodysize,dolomites,burnin
21,8,2,20,down_niche_bodysize,dolomites,burnin
6,7,2,20,down_niche_bodysize,dolomites,burnin
32,8,2,20,down_niche_bodysize,dolomites,burnin
16,7,2,20,down_niche_bodysize,dolomites,burnin
42,0,40,20,down_niche_bodysize,dolomites,burnin
15,5,1,20,down_niche_bodysize,dolomites,burnin
17,8,2,20,down_niche_bodysize,dolomites,burnin
20,8,2,20,down_niche_bodysize,dolomites,burnin
29,7,1,20,down_niche_bodysize,dolomites,burnin
7,8,1,20,down_niche_bodysize,dolomites,burnin
2,7,0,20,down_niche_bodysize,dolomites,burnin
23,7,2,20,down_niche_bodysize,dolomites,burnin
18,7,2,20,down_niche_bodysize,dolomites,burnin
9,7,0,20,down_niche_bodysize,dolomites,burnin
10,7,0,20,down_niche_bodysize,dolomites,burnin
22,8,0,20,down_niche_bodysize,dolomites,burnin
26,7,0,20,down_niche_bodysize,dolomites,burnin
3,7,0,20,down_niche_bodysize,dolomites,burnin
30,8,2,20,down_niche_bodysize,dolomites,burnin
48,7,0,20,down_niche_bodysize,dolomites,burnin
41,0,38,20,down_niche_bodysize,dolomites,burnin
25,7,0,20,down_niche_bodysize,dolomites,burnin
33,8,2,20,down_niche_bodysize,dolomites,burnin
39,0,26,20,down_niche_bodysize,dolomites,burnin
47,8,0,20,down_niche_bodysize,dolomites,burnin
14,8,2,20,down_niche_bodysize,dolomites,burnin
44,7,0,20,down_niche_bodysize,dolomites,burnin
1,18,1,20,down_niche_bodysize,dolomites,burnin
19,7,0,20,down_niche_bodysize,dolomites,burnin
46,7,0,20,down_niche_bodysize,dolomites,burnin
50,8,0,20,down_niche_bodysize,dolomites,burnin
4,8,0,20,down_niche_bodysize,dolomites,burnin
11,7,0,20,down_niche_bodysize,dolomites,burnin
36,0,39,20,down_niche_bodysize,dolomites,burnin
34,13,0,20,atn,dolomites,burnin
43,0,38,20,atn,dolomites,burnin
40,0,9,20,atn,dolomites,burnin
12,8,20,20,atn,dolomites,burnin
13,8,2,20,atn,dolomites,burnin
24,10,1,20,atn,dolomites,burnin
49,2,20,20,atn,dolomites,burnin
5,14,0,20,atn,dolomites,burnin
31,13,0,20,atn,dolomites,burnin
38,6,8,20,atn,dolomites,burnin
45,0,22,20,atn,dolomites,burnin
28,8,16,20,atn,dolomites,burnin
37,14,0,20,atn,dolomites,burnin
8,13,0,20,atn,dolomites,burnin
35,10,0,20,atn,dolomites,burnin
27,10,1,20,atn,dolomites,burnin
21,6,26,20,atn,dolomites,burnin
6,14,0,20,atn,dolomites,burnin
32,8,2,20,atn,dolomites,burnin
16,14,0,20,atn,dolomites,burnin
42,0,33,20,atn,dolomites,burnin
15,13,0,20,atn,dolomites,burnin
17,12,0,20,atn,dolomites,burnin
20,6,16,20,atn,dolomites,burnin
29,11,0,20,atn,dolomites,burnin
7,8,2,20,atn,dolomites,burnin
2,20,0,20,atn,dolomites,burnin
23,14,0,20,atn,dolomites,burnin
18,8,2,20,atn,dolomites,burnin
9,10,0,20,atn,dolomites,burnin
53,8,22,20,atn,dolomites,burnin
10,12,0,20,atn,dolomites,burnin
22,6,26,20,atn,dolomites,burnin
26,14,0,20,atn,dolomites,burnin
3,24,0,20,atn,dolomites,burnin
30,14,0,20,atn,dolomites,burnin
52,8,32,20,atn,dolomites,burnin
48,0,9,20,atn,dolomites,burnin
54,8,2,20,atn,dolomites,burnin
51,6,38,20,atn,dolomites,burnin
41,0,20,20,atn,dolomites,burnin
25,10,1,20,atn,dolomites,burnin
33,8,18,20,atn,dolomites,burnin
39,0,4,20,atn,dolomites,burnin
47,0,4,20,atn,dolomites,burnin
14,14,0,20,atn,dolomites,burnin
44,0,32,20,atn,dolomites,burnin
1,13,0,20,atn,dolomites,burnin
19,10,1,20,atn,dolomites,burnin
46,0,2,20,atn,dolomites,burnin
50,4,33,20,atn,dolomites,burnin
4,13,0,20,atn,dolomites,burnin
11,8,2,20,atn,dolomites,burnin
36,11,0,20,atn,dolomites,burnin
56,3,0,21,down_power,dolomites,creation
34,5,5,21,down_power,dolomites,creation
43,17,6,21,down_power,dolomites,creation
40,2,2,21,down_power,dolomites,creation
12,5,4,21,down_power,dolomites,creation
13,3,2,21,down_power,dolomites,creation
24,4,2,21,down_power,dolomites,creation
49,0,18,21,down_power,dolomites,creation
5,23,3,21,down_power,dolomites,creation
31,2,6,21,down_power,dolomites,creation
38,6,6,21,down_power,dolomites,creation
45,0,25,21,down_power,dolomites,creation
28,3,5,21,down_power,dolomites,creation
37,4,5,21,down_power,dolomites,creation
8,5,1,21,down_power,dolomites,creation
35,5,5,21,down_power,dolomites,creation
27,4,5,21,down_power,dolomites,creation
21,6,5,21,down_power,dolomites,creation
6,15,5,21,down_power,dolomites,creation
32,5,0,21,down_power,dolomites,creation
16,5,4,21,down_power,dolomites,creation
57,6,0,21,down_power,dolomites,creation
42,35,6,21,down_power,dolomites,creation
15,4,2,21,down_power,dolomites,creation
17,4,5,21,down_power,dolomites,creation
20,2,4,21,down_power,dolomites,creation
29,5,5,21,down_power,dolomites,creation
7,13,5,21,down_power,dolomites,creation
2,12,0,21,down_power,dolomites,creation
23,6,1,21,down_power,dolomites,creation
18,4,7,21,down_power,dolomites,creation
9,5,0,21,down_power,dolomites,creation
55,4,1,21,down_power,dolomites,creation
53,4,0,21,down_power,dolomites,creation
10,4,5,21,down_power,dolomites,creation
22,6,2,21,down_power,dolomites,creation
26,3,5,21,down_power,dolomites,creation
3,11,2,21,down_power,dolomites,creation
30,4,1,21,down_power,dolomites,creation
52,4,0,21,down_power,dolomites,creation
48,0,24,21,down_power,dolomites,creation
54,4,0,21,down_power,dolomites,creation
51,0,26,21,down_power,dolomites,creation
41,35,5,21,down_power,dolomites,creation
25,6,7,21,down_power,dolomites,creation
33,3,5,21,down_power,dolomites,creation
58,2,0,21,down_power,dolomites,creation
39,4,7,21,down_power,dolomites,creation
47,0,26,21,down_power,dolomites,creation
14,8,0,21,down_power,dolomites,creation
44,0,24,21,down_power,dolomites,creation
1,6,5,21,down_power,dolomites,creation
19,1,5,21,down_power,dolomites,creation
46,0,26,21,down_power,dolomites,creation
50,0,20,21,down_power,dolomites,creation
59,2,1,21,down_power,dolomites,creation
4,18,4,21,down_power,dolomites,creation
11,5,5,21,down_power,dolomites,creation
36,4,1,21,down_power,dolomites,creation
56,8,1,21,metaweb,dolomites,creation
34,8,7,21,metaweb,dolomites,creation
43,28,7,21,metaweb,dolomites,creation
40,8,2,21,metaweb,dolomites,creation
12,8,8,21,metaweb,dolomites,creation
13,8,2,21,metaweb,dolomites,creation
24,8,2,21,metaweb,dolomites,creation
49,0,43,21,metaweb,dolomites,creation
5,31,4,21,metaweb,dolomites,creation
31,8,8,21,metaweb,dolomites,creation
38,8,7,21,metaweb,dolomites,creation
45,0,43,21,metaweb,dolomites,creation
28,8,7,21,metaweb,dolomites,creation
37,8,7,21,metaweb,dolomites,creation
8,8,1,21,metaweb,dolomites,creation
35,8,7,21,metaweb,dolomites,creation
27,8,8,21,metaweb,dolomites,creation
21,8,7,21,metaweb,dolomites,creation
6,27,7,21,metaweb,dolomites,creation
32,8,0,21,metaweb,dolomites,creation
16,8,7,21,metaweb,dolomites,creation
57,8,1,21,metaweb,dolomites,creation
42,35,7,21,metaweb,dolomites,creation
15,8,4,21,metaweb,dolomites,creation
17,8,7,21,metaweb,dolomites,creation
20,8,7,21,metaweb,dolomites,creation
29,8,7,21,metaweb,dolomites,creation
7,20,7,21,metaweb,dolomites,creation
2,18,2,21,metaweb,dolomites,creation
23,8,2,21,metaweb,dolomites,creation
18,8,7,21,metaweb,dolomites,creation
9,8,1,21,metaweb,dolomites,creation
55,8,1,21,metaweb,dolomites,creation
53,8,1,21,metaweb,dolomites,creation
10,8,8,21,metaweb,dolomites,creation
22,8,2,21,metaweb,dolomites,creation
26,8,8,21,metaweb,dolomites,creation
3,18,2,21,metaweb,dolomites,creation
30,8,2,21,metaweb,dolomites,creation
52,8,1,21,metaweb,dolomites,creation
48,0,43,21,metaweb,dolomites,creation
54,8,1,21,metaweb,dolomites,creation
51,0,43,21,metaweb,dolomites,creation
41,35,7,21,metaweb,dolomites,creation
25,8,8,21,metaweb,dolomites,creation
33,8,7,21,metaweb,dolomites,creation
58,8,1,21,metaweb,dolomites,creation
39,8,7,21,metaweb,dolomites,creation
47,0,43,21,metaweb,dolomites,creation
14,8,0,21,metaweb,dolomites,creation
44,0,43,21,metaweb,dolomites,creation
1,10,8,21,metaweb,dolomites,creation
19,8,7,21,metaweb,dolomites,creation
46,0,43,21,metaweb,dolomites,creation
50,0,43,21,metaweb,dolomites,creation
59,8,1,21,metaweb,dolomites,creation
4,31,4,21,metaweb,dolomites,creation
11,8,8,21,metaweb,dolomites,creation
36,8,2,21,metaweb,dolomites,creation
56,0,6,21,niche,dolomites,creation
34,6,8,21,niche,dolomites,creation
43,7,14,21,niche,dolomites,creation
40,3,12,21,niche,dolomites,creation
12,5,3,21,niche,dolomites,creation
13,2,4,21,niche,dolomites,creation
24,7,7,21,niche,dolomites,creation
49,5,9,21,niche,dolomites,creation
5,6,0,21,niche,dolomites,creation
31,8,10,21,niche,dolomites,creation
38,1,11,21,niche,dolomites,creation
45,0,9,21,niche,dolomites,creation
28,16,6,21,niche,dolomites,creation
37,4,11,21,niche,dolomites,creation
8,6,2,21,niche,dolomites,creation
35,2,8,21,niche,dolomites,creation
27,16,6,21,niche,dolomites,creation
21,3,5,21,niche,dolomites,creation
6,8,0,21,niche,dolomites,creation
32,2,8,21,niche,dolomites,creation
16,10,6,21,niche,dolomites,creation
57,0,7,21,niche,dolomites,creation
42,8,14,21,niche,dolomites,creation
15,2,6,21,niche,dolomites,creation
17,0,6,21,niche,dolomites,creation
20,5,6,21,niche,dolomites,creation
29,12,9,21,niche,dolomites,creation
7,36,0,21,niche,dolomites,creation
2,3,0,21,niche,dolomites,creation
23,5,6,21,niche,dolomites,creation
18,5,5,21,niche,dolomites,creation
9,19,2,21,niche,dolomites,creation
55,2,8,21,niche,dolomites,creation
53,1,8,21,niche,dolomites,creation
10,19,2,21,niche,dolomites,creation
22,16,6,21,niche,dolomites,creation
26,9,7,21,niche,dolomites,creation
3,21,0,21,niche,dolomites,creation
30,4,10,21,niche,dolomites,creation
52,2,6,21,niche,dolomites,creation
48,1,10,21,niche,dolomites,creation
54,1,8,21,niche,dolomites,creation
51,1,6,21,niche,dolomites,creation
41,1,13,21,niche,dolomites,creation
25,29,7,21,niche,dolomites,creation
33,0,8,21,niche,dolomites,creation
58,0,5,21,niche,dolomites,creation
39,4,11,21,niche,dolomites,creation
47,3,10,21,niche,dolomites,creation
14,11,4,21,niche,dolomites,creation
44,5,15,21,niche,dolomites,creation
1,13,0,21,niche,dolomites,creation
19,4,5,21,niche,dolomites,creation
46,1,9,21,niche,dolomites,creation
50,0,9,21,niche,dolomites,creation
59,0,3,21,niche,dolomites,creation
4,12,0,21,niche,dolomites,creation
11,11,2,21,niche,dolomites,creation
36,3,8,21,niche,dolomites,creation
56,3,1,21,down_rand,dolomites,creation
34,3,3,21,down_rand,dolomites,creation
43,22,5,21,down_rand,dolomites,creation
40,4,1,21,down_rand,dolomites,creation
12,3,7,21,down_rand,dolomites,creation
13,4,2,21,down_rand,dolomites,creation
24,5,1,21,down_rand,dolomites,creation
49,0,25,21,down_rand,dolomites,creation
5,20,2,21,down_rand,dolomites,creation
31,5,6,21,down_rand,dolomites,creation
38,6,4,21,down_rand,dolomites,creation
45,0,24,21,down_rand,dolomites,creation
28,4,5,21,down_rand,dolomites,creation
37,4,3,21,down_rand,dolomites,creation
8,3,0,21,down_rand,dolomites,creation
35,4,5,21,down_rand,dolomites,creation
27,7,3,21,down_rand,dolomites,creation
21,4,4,21,down_rand,dolomites,creation
6,14,6,21,down_rand,dolomites,creation
32,4,0,21,down_rand,dolomites,creation
16,7,5,21,down_rand,dolomites,creation
57,7,0,21,down_rand,dolomites,creation
42,23,1,21,down_rand,dolomites,creation
15,4,4,21,down_rand,dolomites,creation
17,3,5,21,down_rand,dolomites,creation
20,6,7,21,down_rand,dolomites,creation
29,5,2,21,down_rand,dolomites,creation
7,14,5,21,down_rand,dolomites,creation
2,10,1,21,down_rand,dolomites,creation
23,5,2,21,down_rand,dolomites,creation
18,7,5,21,down_rand,dolomites,creation
9,6,1,21,down_rand,dolomites,creation
55,8,1,21,down_rand,dolomites,creation
53,7,1,21,down_rand,dolomites,creation
10,2,7,21,down_rand,dolomites,creation
22,6,1,21,down_rand,dolomites,creation
26,3,3,21,down_rand,dolomites,creation
3,14,0,21,down_rand,dolomites,creation
30,6,2,21,down_rand,dolomites,creation
52,6,0,21,down_rand,dolomites,creation
48,0,29,21,down_rand,dolomites,creation
54,6,0,21,down_rand,dolomites,creation
51,0,24,21,down_rand,dolomites,creation
41,19,4,21,down_rand,dolomites,creation
25,6,5,21,down_rand,dolomites,creation
33,4,4,21,down_rand,dolomites,creation
58,4,0,21,down_rand,dolomites,creation
39,4,5,21,down_rand,dolomites,creation
47,0,27,21,down_rand,dolomites,creation
14,3,0,21,down_rand,dolomites,creation
44,0,22,21,down_rand,dolomites,creation
1,5,4,21,down_rand,dolomites,creation
19,2,4,21,down_rand,dolomites,creation
46,0,29,21,down_rand,dolomites,creation
50,0,30,21,down_rand,dolomites,creation
59,5,1,21,down_rand,dolomites,creation
4,19,4,21,down_rand,dolomites,creation
11,6,4,21,down_rand,dolomites,creation
36,5,0,21,down_rand,dolomites,creation
56,4,1,21,down_link,dolomites,creation
34,5,4,21,down_link,dolomites,creation
43,17,4,21,down_link,dolomites,creation
40,8,1,21,down_link,dolomites,creation
12,3,4,21,down_link,dolomites,creation
13,5,2,21,down_link,dolomites,creation
24,3,2,21,down_link,dolomites,creation
49,0,26,21,down_link,dolomites,creation
5,16,3,21,down_link,dolomites,creation
31,4,4,21,down_link,dolomites,creation
38,5,4,21,down_link,dolomites,creation
45,0,28,21,down_link,dolomites,creation
28,6,6,21,down_link,dolomites,creation
37,3,4,21,down_link,dolomites,creation
8,3,1,21,down_link,dolomites,creation
35,3,4,21,down_link,dolomites,creation
27,5,6,21,down_link,dolomites,creation
21,6,4,21,down_link,dolomites,creation
6,17,4,21,down_link,dolomites,creation
32,4,0,21,down_link,dolomites,creation
16,5,6,21,down_link,dolomites,creation
57,3,1,21,down_link,dolomites,creation
42,17,3,21,down_link,dolomites,creation
15,5,3,21,down_link,dolomites,creation
17,5,6,21,down_link,dolomites,creation
20,5,5,21,down_link,dolomites,creation
29,3,4,21,down_link,dolomites,creation
7,15,6,21,down_link,dolomites,creation
2,14,2,21,down_link,dolomites,creation
23,3,2,21,down_link,dolomites,creation
18,4,5,21,down_link,dolomites,creation
9,4,1,21,down_link,dolomites,creation
55,5,1,21,down_link,dolomites,creation
53,3,1,21,down_link,dolomites,creation
10,4,5,21,down_link,dolomites,creation
22,7,2,21,down_link,dolomites,creation
26,4,6,21,down_link,dolomites,creation
3,17,2,21,down_link,dolomites,creation
30,5,2,21,down_link,dolomites,creation
52,5,1,21,down_link,dolomites,creation
48,0,22,21,down_link,dolomites,creation
54,6,1,21,down_link,dolomites,creation
51,0,18,21,down_link,dolomites,creation
41,18,5,21,down_link,dolomites,creation
25,7,7,21,down_link,dolomites,creation
33,4,5,21,down_link,dolomites,creation
58,5,1,21,down_link,dolomites,creation
39,5,5,21,down_link,dolomites,creation
47,0,22,21,down_link,dolomites,creation
14,5,0,21,down_link,dolomites,creation
44,0,27,21,down_link,dolomites,creation
1,8,5,21,down_link,dolomites,creation
19,6,5,21,down_link,dolomites,creation
46,0,25,21,down_link,dolomites,creation
50,0,21,21,down_link,dolomites,creation
59,6,1,21,down_link,dolomites,creation
4,24,4,21,down_link,dolomites,creation
11,5,5,21,down_link,dolomites,creation
36,7,1,21,down_link,dolomites,creation
56,5,1,21,down_niche,dolomites,creation
34,7,3,21,down_niche,dolomites,creation
43,9,0,21,down_niche,dolomites,creation
40,8,0,21,down_niche,dolomites,creation
12,6,3,21,down_niche,dolomites,creation
13,7,0,21,down_niche,dolomites,creation
24,7,2,21,down_niche,dolomites,creation
49,0,36,21,down_niche,dolomites,creation
5,15,0,21,down_niche,dolomites,creation
31,7,5,21,down_niche,dolomites,creation
38,6,6,21,down_niche,dolomites,creation
45,0,36,21,down_niche,dolomites,creation
28,7,6,21,down_niche,dolomites,creation
37,7,4,21,down_niche,dolomites,creation
8,6,1,21,down_niche,dolomites,creation
35,7,4,21,down_niche,dolomites,creation
27,6,4,21,down_niche,dolomites,creation
21,7,5,21,down_niche,dolomites,creation
6,13,0,21,down_niche,dolomites,creation
32,4,0,21,down_niche,dolomites,creation
16,7,3,21,down_niche,dolomites,creation
57,6,1,21,down_niche,dolomites,creation
42,17,0,21,down_niche,dolomites,creation
15,6,2,21,down_niche,dolomites,creation
17,7,5,21,down_niche,dolomites,creation
20,6,4,21,down_niche,dolomites,creation
29,6,7,21,down_niche,dolomites,creation
7,8,0,21,down_niche,dolomites,creation
2,5,0,21,down_niche,dolomites,creation
23,5,0,21,down_niche,dolomites,creation
18,7,1,21,down_niche,dolomites,creation
9,7,1,21,down_niche,dolomites,creation
55,8,1,21,down_niche,dolomites,creation
53,6,1,21,down_niche,dolomites,creation
10,6,2,21,down_niche,dolomites,creation
22,5,1,21,down_niche,dolomites,creation
26,7,4,21,down_niche,dolomites,creation
3,1,0,21,down_niche,dolomites,creation
30,5,0,21,down_niche,dolomites,creation
52,7,1,21,down_niche,dolomites,creation
48,0,36,21,down_niche,dolomites,creation
54,4,1,21,down_niche,dolomites,creation
51,0,36,21,down_niche,dolomites,creation
41,15,0,21,down_niche,dolomites,creation
25,7,4,21,down_niche,dolomites,creation
33,6,5,21,down_niche,dolomites,creation
58,6,1,21,down_niche,dolomites,creation
39,6,3,21,down_niche,dolomites,creation
47,0,37,21,down_niche,dolomites,creation
14,8,0,21,down_niche,dolomites,creation
44,0,37,21,down_niche,dolomites,creation
1,7,1,21,down_niche,dolomites,creation
19,7,4,21,down_niche,dolomites,creation
46,0,25,21,down_niche,dolomites,creation
50,0,9,21,down_niche,dolomites,creation
59,7,1,21,down_niche,dolomites,creation
4,6,0,21,down_niche,dolomites,creation
11,6,4,21,down_niche,dolomites,creation
36,5,2,21,down_niche,dolomites,creation
56,5,1,21,down_niche_bodysize,dolomites,creation
34,7,3,21,down_niche_bodysize,dolomites,creation
43,9,0,21,down_niche_bodysize,dolomites,creation
40,8,0,21,down_niche_bodysize,dolomites,creation
12,6,3,21,down_niche_bodysize,dolomites,creation
13,7,0,21,down_niche_bodysize,dolomites,creation
24,7,2,21,down_niche_bodysize,dolomites,creation
49,0,36,21,down_niche_bodysize,dolomites,creation
5,15,0,21,down_niche_bodysize,dolomites,creation
31,7,5,21,down_niche_bodysize,dolomites,creation
38,6,6,21,down_niche_bodysize,dolomites,creation
45,0,36,21,down_niche_bodysize,dolomites,creation
28,7,6,21,down_niche_bodysize,dolomites,creation
37,7,4,21,down_niche_bodysize,dolomites,creation
8,6,1,21,down_niche_bodysize,dolomites,creation
35,7,4,21,down_niche_bodysize,dolomites,creation
27,6,4,21,down_niche_bodysize,dolomites,creation
21,7,5,21,down_niche_bodysize,dolomites,creation
6,13,0,21,down_niche_bodysize,dolomites,creation
32,4,0,21,down_niche_bodysize,dolomites,creation
16,7,3,21,down_niche_bodysize,dolomites,creation
57,6,1,21,down_niche_bodysize,dolomites,creation
42,17,0,21,down_niche_bodysize,dolomites,creation
15,6,2,21,down_niche_bodysize,dolomites,creation
17,7,5,21,down_niche_bodysize,dolomites,creation
20,6,4,21,down_niche_bodysize,dolomites,creation
29,6,7,21,down_niche_bodysize,dolomites,creation
7,8,0,21,down_niche_bodysize,dolomites,creation
2,5,0,21,down_niche_bodysize,dolomites,creation
23,5,0,21,down_niche_bodysize,dolomites,creation
18,7,1,21,down_niche_bodysize,dolomites,creation
9,7,1,21,down_niche_bodysize,dolomites,creation
55,8,1,21,down_niche_bodysize,dolomites,creation
53,6,1,21,down_niche_bodysize,dolomites,creation
10,6,2,21,down_niche_bodysize,dolomites,creation
22,5,1,21,down_niche_bodysize,dolomites,creation
26,7,4,21,down_niche_bodysize,dolomites,creation
3,1,0,21,down_niche_bodysize,dolomites,creation
30,5,0,21,down_niche_bodysize,dolomites,creation
52,7,1,21,down_niche_bodysize,dolomites,creation
48,0,36,21,down_niche_bodysize,dolomites,creation
54,4,1,21,down_niche_bodysize,dolomites,creation
51,0,36,21,down_niche_bodysize,dolomites,creation
41,15,0,21,down_niche_bodysize,dolomites,creation
25,7,4,21,down_niche_bodysize,dolomites,creation
33,6,5,21,down_niche_bodysize,dolomites,creation
58,6,1,21,down_niche_bodysize,dolomites,creation
39,6,3,21,down_niche_bodysize,dolomites,creation
47,0,37,21,down_niche_bodysize,dolomites,creation
14,8,0,21,down_niche_bodysize,dolomites,creation
44,0,37,21,down_niche_bodysize,dolomites,creation
1,7,1,21,down_niche_bodysize,dolomites,creation
19,7,4,21,down_niche_bodysize,dolomites,creation
46,0,25,21,down_niche_bodysize,dolomites,creation
50,0,9,21,down_niche_bodysize,dolomites,creation
59,7,1,21,down_niche_bodysize,dolomites,creation
4,6,0,21,down_niche_bodysize,dolomites,creation
11,6,4,21,down_niche_bodysize,dolomites,creation
36,5,2,21,down_niche_bodysize,dolomites,creation
56,4,37,21,atn,dolomites,creation
34,6,0,21,atn,dolomites,creation
43,8,0,21,atn,dolomites,creation
40,9,0,21,atn,dolomites,creation
12,8,0,21,atn,dolomites,creation
13,6,31,21,atn,dolomites,creation
24,6,10,21,atn,dolomites,creation
49,0,26,21,atn,dolomites,creation
5,9,0,21,atn,dolomites,creation
31,8,0,21,atn,dolomites,creation
38,8,0,21,atn,dolomites,creation
45,0,7,21,atn,dolomites,creation
28,9,0,21,atn,dolomites,creation
37,9,0,21,atn,dolomites,creation
8,9,0,21,atn,dolomites,creation
35,6,1,21,atn,dolomites,creation
27,6,0,21,atn,dolomites,creation
21,6,1,21,atn,dolomites,creation
6,9,0,21,atn,dolomites,creation
32,8,0,21,atn,dolomites,creation
16,9,0,21,atn,dolomites,creation
57,6,26,21,atn,dolomites,creation
42,8,0,21,atn,dolomites,creation
15,9,0,21,atn,dolomites,creation
17,9,0,21,atn,dolomites,creation
20,7,0,21,atn,dolomites,creation
29,6,0,21,atn,dolomites,creation
7,6,0,21,atn,dolomites,creation
2,13,0,21,atn,dolomites,creation
23,4,3,21,atn,dolomites,creation
18,11,0,21,atn,dolomites,creation
9,8,0,21,atn,dolomites,creation
55,2,33,21,atn,dolomites,creation
53,0,7,21,atn,dolomites,creation
10,8,0,21,atn,dolomites,creation
22,4,2,21,atn,dolomites,creation
26,6,0,21,atn,dolomites,creation
3,12,0,21,atn,dolomites,creation
30,6,33,21,atn,dolomites,creation
52,0,5,21,atn,dolomites,creation
48,0,37,21,atn,dolomites,creation
54,0,15,21,atn,dolomites,creation
51,0,0,21,atn,dolomites,creation
41,10,0,21,atn,dolomites,creation
25,8,0,21,atn,dolomites,creation
33,9,0,21,atn,dolomites,creation
58,6,4,21,atn,dolomites,creation
39,6,1,21,atn,dolomites,creation
47,0,33,21,atn,dolomites,creation
14,9,0,21,atn,dolomites,creation
44,0,5,21,atn,dolomites,creation
1,8,0,21,atn,dolomites,creation
19,6,0,21,atn,dolomites,creation
46,0,15,21,atn,dolomites,creation
50,0,4,21,atn,dolomites,creation
59,7,0,21,atn,dolomites,creation
4,9,0,21,atn,dolomites,creation
11,6,0,21,atn,dolomites,creation
36,6,22,21,atn,dolomites,creation
34,0,22,21,down_power,dolomites,burnin
43,4,0,21,down_power,dolomites,burnin
40,0,23,21,down_power,dolomites,burnin
12,1,0,21,down_power,dolomites,burnin
13,2,0,21,down_power,dolomites,burnin
24,2,0,21,down_power,dolomites,burnin
5,5,0,21,down_power,dolomites,burnin
31,6,0,21,down_power,dolomites,burnin
38,0,16,21,down_power,dolomites,burnin
45,3,0,21,down_power,dolomites,burnin
28,5,0,21,down_power,dolomites,burnin
37,0,21,21,down_power,dolomites,burnin
8,4,0,21,down_power,dolomites,burnin
35,0,23,21,down_power,dolomites,burnin
27,5,0,21,down_power,dolomites,burnin
21,3,0,21,down_power,dolomites,burnin
6,3,0,21,down_power,dolomites,burnin
32,4,0,21,down_power,dolomites,burnin
16,6,0,21,down_power,dolomites,burnin
42,4,0,21,down_power,dolomites,burnin
15,6,0,21,down_power,dolomites,burnin
17,4,0,21,down_power,dolomites,burnin
20,4,0,21,down_power,dolomites,burnin
29,4,0,21,down_power,dolomites,burnin
7,8,0,21,down_power,dolomites,burnin
2,5,0,21,down_power,dolomites,burnin
23,4,0,21,down_power,dolomites,burnin
18,6,0,21,down_power,dolomites,burnin
9,5,0,21,down_power,dolomites,burnin
10,4,0,21,down_power,dolomites,burnin
22,5,0,21,down_power,dolomites,burnin
26,3,0,21,down_power,dolomites,burnin
3,4,0,21,down_power,dolomites,burnin
30,4,0,21,down_power,dolomites,burnin
48,2,0,21,down_power,dolomites,burnin
41,4,0,21,down_power,dolomites,burnin
25,5,0,21,down_power,dolomites,burnin
33,0,22,21,down_power,dolomites,burnin
39,0,18,21,down_power,dolomites,burnin
47,2,0,21,down_power,dolomites,burnin
14,6,0,21,down_power,dolomites,burnin
44,4,0,21,down_power,dolomites,burnin
1,5,0,21,down_power,dolomites,burnin
19,3,0,21,down_power,dolomites,burnin
46,6,0,21,down_power,dolomites,burnin
4,5,0,21,down_power,dolomites,burnin
11,4,0,21,down_power,dolomites,burnin
36,0,24,21,down_power,dolomites,burnin
34,0,40,21,metaweb,dolomites,burnin
43,8,1,21,metaweb,dolomites,burnin
40,0,40,21,metaweb,dolomites,burnin
12,8,0,21,metaweb,dolomites,burnin
13,8,0,21,metaweb,dolomites,burnin
24,8,0,21,metaweb,dolomites,burnin
49,8,1,21,metaweb,dolomites,burnin
5,8,0,21,metaweb,dolomites,burnin
31,8,0,21,metaweb,dolomites,burnin
38,0,40,21,metaweb,dolomites,burnin
45,8,1,21,metaweb,dolomites,burnin
28,8,0,21,metaweb,dolomites,burnin
37,0,40,21,metaweb,dolomites,burnin
8,8,0,21,metaweb,dolomites,burnin
35,0,40,21,metaweb,dolomites,burnin
27,8,0,21,metaweb,dolomites,burnin
21,8,0,21,metaweb,dolomites,burnin
6,8,0,21,metaweb,dolomites,burnin
32,8,0,21,metaweb,dolomites,burnin
16,8,0,21,metaweb,dolomites,burnin
42,8,1,21,metaweb,dolomites,burnin
15,8,0,21,metaweb,dolomites,burnin
17,8,0,21,metaweb,dolomites,burnin
20,8,0,21,metaweb,dolomites,burnin
29,8,0,21,metaweb,dolomites,burnin
7,8,0,21,metaweb,dolomites,burnin
2,8,0,21,metaweb,dolomites,burnin
23,8,0,21,metaweb,dolomites,burnin
18,8,0,21,metaweb,dolomites,burnin
9,8,0,21,metaweb,dolomites,burnin
10,8,0,21,metaweb,dolomites,burnin
22,8,0,21,metaweb,dolomites,burnin
26,8,0,21,metaweb,dolomites,burnin
3,8,0,21,metaweb,dolomites,burnin
30,8,0,21,metaweb,dolomites,burnin
48,8,1,21,metaweb,dolomites,burnin
41,0,40,21,metaweb,dolomites,burnin
25,8,0,21,metaweb,dolomites,burnin
33,8,0,21,metaweb,dolomites,burnin
39,0,40,21,metaweb,dolomites,burnin
47,8,1,21,metaweb,dolomites,burnin
14,8,0,21,metaweb,dolomites,burnin
44,8,1,21,metaweb,dolomites,burnin
1,8,0,21,metaweb,dolomites,burnin
19,8,0,21,metaweb,dolomites,burnin
46,8,1,21,metaweb,dolomites,burnin
4,8,0,21,metaweb,dolomites,burnin
11,8,0,21,metaweb,dolomites,burnin
36,0,40,21,metaweb,dolomites,burnin
17,10,0,21,niche,dolomites,burnin
20,5,6,21,niche,dolomites,burnin
29,0,7,21,niche,dolomites,burnin
34,2,5,21,niche,dolomites,burnin
7,2,2,21,niche,dolomites,burnin
2,2,0,21,niche,dolomites,burnin
23,2,5,21,niche,dolomites,burnin
40,0,3,21,niche,dolomites,burnin
12,4,1,21,niche,dolomites,burnin
18,10,0,21,niche,dolomites,burnin
13,2,0,21,niche,dolomites,burnin
9,7,2,21,niche,dolomites,burnin
24,4,8,21,niche,dolomites,burnin
10,0,2,21,niche,dolomites,burnin
22,4,5,21,niche,dolomites,burnin
26,5,9,21,niche,dolomites,burnin
3,5,0,21,niche,dolomites,burnin
5,12,1,21,niche,dolomites,burnin
30,3,7,21,niche,dolomites,burnin
31,4,7,21,niche,dolomites,burnin
28,5,10,21,niche,dolomites,burnin
38,0,7,21,niche,dolomites,burnin
37,0,6,21,niche,dolomites,burnin
8,10,2,21,niche,dolomites,burnin
35,1,6,21,niche,dolomites,burnin
25,2,8,21,niche,dolomites,burnin
33,1,5,21,niche,dolomites,burnin
27,6,9,21,niche,dolomites,burnin
21,0,5,21,niche,dolomites,burnin
39,0,5,21,niche,dolomites,burnin
14,10,0,21,niche,dolomites,burnin
6,3,2,21,niche,dolomites,burnin
1,8,0,21,niche,dolomites,burnin
19,7,6,21,niche,dolomites,burnin
32,0,7,21,niche,dolomites,burnin
16,7,0,21,niche,dolomites,burnin
4,5,0,21,niche,dolomites,burnin
15,2,0,21,niche,dolomites,burnin
11,4,1,21,niche,dolomites,burnin
36,2,7,21,niche,dolomites,burnin
34,0,22,21,down_rand,dolomites,burnin
43,6,0,21,down_rand,dolomites,burnin
40,0,21,21,down_rand,dolomites,burnin
12,2,0,21,down_rand,dolomites,burnin
13,6,0,21,down_rand,dolomites,burnin
24,5,0,21,down_rand,dolomites,burnin
5,3,0,21,down_rand,dolomites,burnin
31,6,0,21,down_rand,dolomites,burnin
38,0,22,21,down_rand,dolomites,burnin
45,3,0,21,down_rand,dolomites,burnin
28,4,0,21,down_rand,dolomites,burnin
37,0,27,21,down_rand,dolomites,burnin
8,4,0,21,down_rand,dolomites,burnin
35,0,28,21,down_rand,dolomites,burnin
27,3,0,21,down_rand,dolomites,burnin
21,4,0,21,down_rand,dolomites,burnin
6,4,0,21,down_rand,dolomites,burnin
32,4,0,21,down_rand,dolomites,burnin
16,5,0,21,down_rand,dolomites,burnin
42,7,0,21,down_rand,dolomites,burnin
15,6,0,21,down_rand,dolomites,burnin
17,5,0,21,down_rand,dolomites,burnin
20,7,0,21,down_rand,dolomites,burnin
29,5,0,21,down_rand,dolomites,burnin
7,3,0,21,down_rand,dolomites,burnin
2,6,0,21,down_rand,dolomites,burnin
23,6,0,21,down_rand,dolomites,burnin
18,6,0,21,down_rand,dolomites,burnin
9,7,0,21,down_rand,dolomites,burnin
10,3,0,21,down_rand,dolomites,burnin
22,5,0,21,down_rand,dolomites,burnin
26,4,0,21,down_rand,dolomites,burnin
3,2,0,21,down_rand,dolomites,burnin
30,4,0,21,down_rand,dolomites,burnin
48,5,0,21,down_rand,dolomites,burnin
41,6,0,21,down_rand,dolomites,burnin
25,4,0,21,down_rand,dolomites,burnin
33,0,20,21,down_rand,dolomites,burnin
39,0,27,21,down_rand,dolomites,burnin
47,4,0,21,down_rand,dolomites,burnin
14,4,0,21,down_rand,dolomites,burnin
44,8,0,21,down_rand,dolomites,burnin
1,3,0,21,down_rand,dolomites,burnin
19,3,0,21,down_rand,dolomites,burnin
46,7,0,21,down_rand,dolomites,burnin
4,6,0,21,down_rand,dolomites,burnin
11,7,0,21,down_rand,dolomites,burnin
36,0,25,21,down_rand,dolomites,burnin
34,0,28,21,down_link,dolomites,burnin
43,6,0,21,down_link,dolomites,burnin
40,0,18,21,down_link,dolomites,burnin
12,6,0,21,down_link,dolomites,burnin
13,5,0,21,down_link,dolomites,burnin
24,4,0,21,down_link,dolomites,burnin
5,3,0,21,down_link,dolomites,burnin
31,5,0,21,down_link,dolomites,burnin
38,0,25,21,down_link,dolomites,burnin
45,4,0,21,down_link,dolomites,burnin
28,3,0,21,down_link,dolomites,burnin
37,0,22,21,down_link,dolomites,burnin
8,5,0,21,down_link,dolomites,burnin
35,0,25,21,down_link,dolomites,burnin
27,5,0,21,down_link,dolomites,burnin
21,6,0,21,down_link,dolomites,burnin
6,5,0,21,down_link,dolomites,burnin
32,5,0,21,down_link,dolomites,burnin
16,3,0,21,down_link,dolomites,burnin
42,3,0,21,down_link,dolomites,burnin
15,7,0,21,down_link,dolomites,burnin
17,3,0,21,down_link,dolomites,burnin
20,5,0,21,down_link,dolomites,burnin
29,7,0,21,down_link,dolomites,burnin
7,5,0,21,down_link,dolomites,burnin
2,4,0,21,down_link,dolomites,burnin
23,5,0,21,down_link,dolomites,burnin
18,7,0,21,down_link,dolomites,burnin
9,5,0,21,down_link,dolomites,burnin
10,5,0,21,down_link,dolomites,burnin
22,3,0,21,down_link,dolomites,burnin
26,4,0,21,down_link,dolomites,burnin
3,4,0,21,down_link,dolomites,burnin
30,3,0,21,down_link,dolomites,burnin
48,6,0,21,down_link,dolomites,burnin
41,5,0,21,down_link,dolomites,burnin
25,4,0,21,down_link,dolomites,burnin
33,0,27,21,down_link,dolomites,burnin
39,0,20,21,down_link,dolomites,burnin
47,5,0,21,down_link,dolomites,burnin
14,6,0,21,down_link,dolomites,burnin
44,5,0,21,down_link,dolomites,burnin
1,3,0,21,down_link,dolomites,burnin
19,4,0,21,down_link,dolomites,burnin
46,3,0,21,down_link,dolomites,burnin
4,5,0,21,down_link,dolomites,burnin
11,4,0,21,down_link,dolomites,burnin
36,0,20,21,down_link,dolomites,burnin
34,0,37,21,down_niche,dolomites,burnin
43,6,0,21,down_niche,dolomites,burnin
40,0,9,21,down_niche,dolomites,burnin
12,7,0,21,down_niche,dolomites,burnin
13,7,1,21,down_niche,dolomites,burnin
24,5,0,21,down_niche,dolomites,burnin
49,7,0,21,down_niche,dolomites,burnin
5,6,1,21,down_niche,dolomites,burnin
31,7,1,21,down_niche,dolomites,burnin
38,0,36,21,down_niche,dolomites,burnin
45,8,0,21,down_niche,dolomites,burnin
28,7,0,21,down_niche,dolomites,burnin
37,0,37,21,down_niche,dolomites,burnin
8,8,0,21,down_niche,dolomites,burnin
35,0,36,21,down_niche,dolomites,burnin
27,6,1,21,down_niche,dolomites,burnin
21,6,0,21,down_niche,dolomites,burnin
6,6,1,21,down_niche,dolomites,burnin
32,6,1,21,down_niche,dolomites,burnin
16,5,0,21,down_niche,dolomites,burnin
42,7,0,21,down_niche,dolomites,burnin
15,7,0,21,down_niche,dolomites,burnin
17,5,0,21,down_niche,dolomites,burnin
20,7,0,21,down_niche,dolomites,burnin
29,7,0,21,down_niche,dolomites,burnin
7,7,0,21,down_niche,dolomites,burnin
2,6,0,21,down_niche,dolomites,burnin
23,6,1,21,down_niche,dolomites,burnin
18,7,0,21,down_niche,dolomites,burnin
9,6,0,21,down_niche,dolomites,burnin
10,7,1,21,down_niche,dolomites,burnin
22,7,1,21,down_niche,dolomites,burnin
26,4,0,21,down_niche,dolomites,burnin
3,7,0,21,down_niche,dolomites,burnin
30,5,0,21,down_niche,dolomites,burnin
48,6,0,21,down_niche,dolomites,burnin
41,0,36,21,down_niche,dolomites,burnin
25,7,1,21,down_niche,dolomites,burnin
33,6,0,21,down_niche,dolomites,burnin
39,0,36,21,down_niche,dolomites,burnin
47,6,0,21,down_niche,dolomites,burnin
14,6,1,21,down_niche,dolomites,burnin
44,4,0,21,down_niche,dolomites,burnin
1,13,0,21,down_niche,dolomites,burnin
19,7,1,21,down_niche,dolomites,burnin
46,5,0,21,down_niche,dolomites,burnin
4,6,0,21,down_niche,dolomites,burnin
11,7,1,21,down_niche,dolomites,burnin
36,0,25,21,down_niche,dolomites,burnin
34,0,37,21,down_niche_bodysize,dolomites,burnin
43,6,0,21,down_niche_bodysize,dolomites,burnin
40,0,9,21,down_niche_bodysize,dolomites,burnin
12,7,0,21,down_niche_bodysize,dolomites,burnin
13,7,1,21,down_niche_bodysize,dolomites,burnin
24,5,0,21,down_niche_bodysize,dolomites,burnin
49,7,0,21,down_niche_bodysize,dolomites,burnin
5,6,1,21,down_niche_bodysize,dolomites,burnin
31,7,1,21,down_niche_bodysize,dolomites,burnin
38,0,36,21,down_niche_bodysize,dolomites,burnin
45,8,0,21,down_niche_bodysize,dolomites,burnin
28,7,0,21,down_niche_bodysize,dolomites,burnin
37,0,37,21,down_niche_bodysize,dolomites,burnin
8,8,0,21,down_niche_bodysize,dolomites,burnin
35,0,36,21,down_niche_bodysize,dolomites,burnin
27,6,1,21,down_niche_bodysize,dolomites,burnin
21,6,0,21,down_niche_bodysize,dolomites,burnin
6,6,1,21,down_niche_bodysize,dolomites,burnin
32,6,1,21,down_niche_bodysize,dolomites,burnin
16,5,0,21,down_niche_bodysize,dolomites,burnin
42,7,0,21,down_niche_bodysize,dolomites,burnin
15,7,0,21,down_niche_bodysize,dolomites,burnin
17,5,0,21,down_niche_bodysize,dolomites,burnin
20,7,0,21,down_niche_bodysize,dolomites,burnin
29,7,0,21,down_niche_bodysize,dolomites,burnin
7,7,0,21,down_niche_bodysize,dolomites,burnin
2,6,0,21,down_niche_bodysize,dolomites,burnin
23,6,1,21,down_niche_bodysize,dolomites,burnin
18,7,0,21,down_niche_bodysize,dolomites,burnin
9,6,0,21,down_niche_bodysize,dolomites,burnin
10,7,1,21,down_niche_bodysize,dolomites,burnin
22,7,1,21,down_niche_bodysize,dolomites,burnin
26,4,0,21,down_niche_bodysize,dolomites,burnin
3,7,0,21,down_niche_bodysize,dolomites,burnin
30,5,0,21,down_niche_bodysize,dolomites,burnin
48,6,0,21,down_niche_bodysize,dolomites,burnin
41,0,36,21,down_niche_bodysize,dolomites,burnin
25,7,1,21,down_niche_bodysize,dolomites,burnin
33,6,0,21,down_niche_bodysize,dolomites,burnin
39,0,36,21,down_niche_bodysize,dolomites,burnin
47,6,0,21,down_niche_bodysize,dolomites,burnin
14,6,1,21,down_niche_bodysize,dolomites,burnin
44,4,0,21,down_niche_bodysize,dolomites,burnin
1,13,0,21,down_niche_bodysize,dolomites,burnin
19,7,1,21,down_niche_bodysize,dolomites,burnin
46,5,0,21,down_niche_bodysize,dolomites,burnin
4,6,0,21,down_niche_bodysize,dolomites,burnin
11,7,1,21,down_niche_bodysize,dolomites,burnin
36,0,25,21,down_niche_bodysize,dolomites,burnin
34,0,24,21,atn,dolomites,burnin
43,6,3,21,atn,dolomites,burnin
40,2,26,21,atn,dolomites,burnin
12,9,0,21,atn,dolomites,burnin
13,11,0,21,atn,dolomites,burnin
24,6,13,21,atn,dolomites,burnin
5,9,0,21,atn,dolomites,burnin
31,0,7,21,atn,dolomites,burnin
38,0,7,21,atn,dolomites,burnin
28,10,0,21,atn,dolomites,burnin
37,0,5,21,atn,dolomites,burnin
8,6,17,21,atn,dolomites,burnin
35,0,17,21,atn,dolomites,burnin
27,6,0,21,atn,dolomites,burnin
21,6,19,21,atn,dolomites,burnin
6,8,0,21,atn,dolomites,burnin
32,0,15,21,atn,dolomites,burnin
16,4,1,21,atn,dolomites,burnin
42,6,17,21,atn,dolomites,burnin
15,6,0,21,atn,dolomites,burnin
17,4,2,21,atn,dolomites,burnin
20,9,0,21,atn,dolomites,burnin
29,8,0,21,atn,dolomites,burnin
7,8,0,21,atn,dolomites,burnin
2,9,0,21,atn,dolomites,burnin
23,6,0,21,atn,dolomites,burnin
18,6,3,21,atn,dolomites,burnin
9,9,0,21,atn,dolomites,burnin
10,9,0,21,atn,dolomites,burnin
22,9,0,21,atn,dolomites,burnin
26,8,0,21,atn,dolomites,burnin
3,9,0,21,atn,dolomites,burnin
30,0,5,21,atn,dolomites,burnin
41,4,24,21,atn,dolomites,burnin
25,9,0,21,atn,dolomites,burnin
33,0,26,21,atn,dolomites,burnin
39,0,15,21,atn,dolomites,burnin
14,7,0,21,atn,dolomites,burnin
44,7,0,21,atn,dolomites,burnin
1,12,0,21,atn,dolomites,burnin
19,6,0,21,atn,dolomites,burnin
4,6,0,21,atn,dolomites,burnin
11,9,0,21,atn,dolomites,burnin
36,0,3,21,atn,dolomites,burnin
56,1,0,22,down_power,dolomites,creation
34,7,4,22,down_power,dolomites,creation
43,16,4,22,down_power,dolomites,creation
40,2,1,22,down_power,dolomites,creation
12,1,5,22,down_power,dolomites,creation
13,5,1,22,down_power,dolomites,creation
24,5,0,22,down_power,dolomites,creation
49,0,16,22,down_power,dolomites,creation
5,19,1,22,down_power,dolomites,creation
31,0,4,22,down_power,dolomites,creation
38,2,5,22,down_power,dolomites,creation
45,0,13,22,down_power,dolomites,creation
28,4,5,22,down_power,dolomites,creation
37,4,4,22,down_power,dolomites,creation
8,3,0,22,down_power,dolomites,creation
35,2,7,22,down_power,dolomites,creation
27,5,7,22,down_power,dolomites,creation
21,3,4,22,down_power,dolomites,creation
6,15,3,22,down_power,dolomites,creation
32,4,0,22,down_power,dolomites,creation
16,3,3,22,down_power,dolomites,creation
57,3,0,22,down_power,dolomites,creation
42,35,5,22,down_power,dolomites,creation
15,2,3,22,down_power,dolomites,creation
17,3,5,22,down_power,dolomites,creation
20,3,5,22,down_power,dolomites,creation
29,3,4,22,down_power,dolomites,creation
7,10,5,22,down_power,dolomites,creation
2,5,0,22,down_power,dolomites,creation
23,3,1,22,down_power,dolomites,creation
18,3,6,22,down_power,dolomites,creation
9,2,1,22,down_power,dolomites,creation
55,3,0,22,down_power,dolomites,creation
53,4,0,22,down_power,dolomites,creation
10,1,4,22,down_power,dolomites,creation
22,3,2,22,down_power,dolomites,creation
26,2,6,22,down_power,dolomites,creation
3,7,1,22,down_power,dolomites,creation
30,2,2,22,down_power,dolomites,creation
52,2,1,22,down_power,dolomites,creation
48,0,12,22,down_power,dolomites,creation
54,1,0,22,down_power,dolomites,creation
51,0,21,22,down_power,dolomites,creation
41,35,5,22,down_power,dolomites,creation
25,2,7,22,down_power,dolomites,creation
33,3,4,22,down_power,dolomites,creation
58,4,1,22,down_power,dolomites,creation
39,2,5,22,down_power,dolomites,creation
47,0,19,22,down_power,dolomites,creation
14,5,0,22,down_power,dolomites,creation
44,0,17,22,down_power,dolomites,creation
1,5,5,22,down_power,dolomites,creation
19,2,6,22,down_power,dolomites,creation
46,0,20,22,down_power,dolomites,creation
50,0,17,22,down_power,dolomites,creation
59,2,0,22,down_power,dolomites,creation
4,20,0,22,down_power,dolomites,creation
11,3,6,22,down_power,dolomites,creation
36,3,1,22,down_power,dolomites,creation
56,8,1,22,metaweb,dolomites,creation
34,8,7,22,metaweb,dolomites,creation
43,28,7,22,metaweb,dolomites,creation
40,8,2,22,metaweb,dolomites,creation
12,8,8,22,metaweb,dolomites,creation
13,8,2,22,metaweb,dolomites,creation
24,8,2,22,metaweb,dolomites,creation
49,0,43,22,metaweb,dolomites,creation
5,31,4,22,metaweb,dolomites,creation
31,8,8,22,metaweb,dolomites,creation
38,8,7,22,metaweb,dolomites,creation
45,0,43,22,metaweb,dolomites,creation
28,8,7,22,metaweb,dolomites,creation
37,8,7,22,metaweb,dolomites,creation
8,8,1,22,metaweb,dolomites,creation
35,8,7,22,metaweb,dolomites,creation
27,8,8,22,metaweb,dolomites,creation
21,8,7,22,metaweb,dolomites,creation
6,27,7,22,metaweb,dolomites,creation
32,8,0,22,metaweb,dolomites,creation
16,8,7,22,metaweb,dolomites,creation
57,8,1,22,metaweb,dolomites,creation
42,35,7,22,metaweb,dolomites,creation
15,8,4,22,metaweb,dolomites,creation
17,8,7,22,metaweb,dolomites,creation
20,8,7,22,metaweb,dolomites,creation
29,8,7,22,metaweb,dolomites,creation
7,20,7,22,metaweb,dolomites,creation
2,18,2,22,metaweb,dolomites,creation
23,8,2,22,metaweb,dolomites,creation
18,8,7,22,metaweb,dolomites,creation
9,8,1,22,metaweb,dolomites,creation
55,8,1,22,metaweb,dolomites,creation
53,8,1,22,metaweb,dolomites,creation
10,8,8,22,metaweb,dolomites,creation
22,8,2,22,metaweb,dolomites,creation
26,8,8,22,metaweb,dolomites,creation
3,18,2,22,metaweb,dolomites,creation
30,8,2,22,metaweb,dolomites,creation
52,8,1,22,metaweb,dolomites,creation
48,0,43,22,metaweb,dolomites,creation
54,8,1,22,metaweb,dolomites,creation
51,0,43,22,metaweb,dolomites,creation
41,35,7,22,metaweb,dolomites,creation
25,8,8,22,metaweb,dolomites,creation
33,8,7,22,metaweb,dolomites,creation
58,8,1,22,metaweb,dolomites,creation
39,8,7,22,metaweb,dolomites,creation
47,0,43,22,metaweb,dolomites,creation
14,8,0,22,metaweb,dolomites,creation
44,0,43,22,metaweb,dolomites,creation
1,10,8,22,metaweb,dolomites,creation
19,8,7,22,metaweb,dolomites,creation
46,0,43,22,metaweb,dolomites,creation
50,0,43,22,metaweb,dolomites,creation
59,8,1,22,metaweb,dolomites,creation
4,31,4,22,metaweb,dolomites,creation
11,8,8,22,metaweb,dolomites,creation
36,8,2,22,metaweb,dolomites,creation
56,0,11,22,niche,dolomites,creation
34,6,6,22,niche,dolomites,creation
43,2,12,22,niche,dolomites,creation
40,1,12,22,niche,dolomites,creation
12,6,0,22,niche,dolomites,creation
13,2,1,22,niche,dolomites,creation
24,5,3,22,niche,dolomites,creation
49,2,10,22,niche,dolomites,creation
5,1,0,22,niche,dolomites,creation
31,2,6,22,niche,dolomites,creation
38,0,7,22,niche,dolomites,creation
45,2,9,22,niche,dolomites,creation
28,15,4,22,niche,dolomites,creation
37,3,7,22,niche,dolomites,creation
8,7,0,22,niche,dolomites,creation
35,0,6,22,niche,dolomites,creation
27,12,5,22,niche,dolomites,creation
21,9,2,22,niche,dolomites,creation
6,21,0,22,niche,dolomites,creation
32,2,6,22,niche,dolomites,creation
16,12,3,22,niche,dolomites,creation
57,0,13,22,niche,dolomites,creation
42,3,12,22,niche,dolomites,creation
15,14,1,22,niche,dolomites,creation
17,3,3,22,niche,dolomites,creation
20,9,3,22,niche,dolomites,creation
29,12,4,22,niche,dolomites,creation
7,6,0,22,niche,dolomites,creation
2,5,0,22,niche,dolomites,creation
23,15,1,22,niche,dolomites,creation
18,0,3,22,niche,dolomites,creation
9,12,0,22,niche,dolomites,creation
55,2,9,22,niche,dolomites,creation
53,4,9,22,niche,dolomites,creation
10,3,0,22,niche,dolomites,creation
22,0,1,22,niche,dolomites,creation
26,0,3,22,niche,dolomites,creation
3,7,0,22,niche,dolomites,creation
30,1,4,22,niche,dolomites,creation
52,1,9,22,niche,dolomites,creation
48,2,10,22,niche,dolomites,creation
54,0,9,22,niche,dolomites,creation
51,1,9,22,niche,dolomites,creation
41,2,11,22,niche,dolomites,creation
25,2,3,22,niche,dolomites,creation
33,1,6,22,niche,dolomites,creation
58,0,9,22,niche,dolomites,creation
39,4,9,22,niche,dolomites,creation
47,3,10,22,niche,dolomites,creation
14,18,1,22,niche,dolomites,creation
44,3,12,22,niche,dolomites,creation
1,24,0,22,niche,dolomites,creation
19,5,3,22,niche,dolomites,creation
46,5,7,22,niche,dolomites,creation
50,2,10,22,niche,dolomites,creation
59,0,7,22,niche,dolomites,creation
4,21,0,22,niche,dolomites,creation
11,8,0,22,niche,dolomites,creation
36,0,7,22,niche,dolomites,creation
56,2,0,22,down_rand,dolomites,creation
34,6,2,22,down_rand,dolomites,creation
43,11,3,22,down_rand,dolomites,creation
40,5,1,22,down_rand,dolomites,creation
12,6,6,22,down_rand,dolomites,creation
13,5,1,22,down_rand,dolomites,creation
24,0,0,22,down_rand,dolomites,creation
49,0,22,22,down_rand,dolomites,creation
5,13,1,22,down_rand,dolomites,creation
31,6,4,22,down_rand,dolomites,creation
38,3,4,22,down_rand,dolomites,creation
45,0,14,22,down_rand,dolomites,creation
28,5,5,22,down_rand,dolomites,creation
37,5,2,22,down_rand,dolomites,creation
8,3,1,22,down_rand,dolomites,creation
35,3,3,22,down_rand,dolomites,creation
27,6,3,22,down_rand,dolomites,creation
21,4,4,22,down_rand,dolomites,creation
6,13,3,22,down_rand,dolomites,creation
32,5,0,22,down_rand,dolomites,creation
16,5,1,22,down_rand,dolomites,creation
57,4,1,22,down_rand,dolomites,creation
42,18,4,22,down_rand,dolomites,creation
15,4,1,22,down_rand,dolomites,creation
17,5,2,22,down_rand,dolomites,creation
20,5,2,22,down_rand,dolomites,creation
29,2,4,22,down_rand,dolomites,creation
7,10,5,22,down_rand,dolomites,creation
2,8,1,22,down_rand,dolomites,creation
23,4,1,22,down_rand,dolomites,creation
18,4,3,22,down_rand,dolomites,creation
9,2,0,22,down_rand,dolomites,creation
55,5,0,22,down_rand,dolomites,creation
53,4,1,22,down_rand,dolomites,creation
10,3,5,22,down_rand,dolomites,creation
22,2,2,22,down_rand,dolomites,creation
26,5,3,22,down_rand,dolomites,creation
3,7,0,22,down_rand,dolomites,creation
30,2,0,22,down_rand,dolomites,creation
52,5,0,22,down_rand,dolomites,creation
48,0,28,22,down_rand,dolomites,creation
54,6,1,22,down_rand,dolomites,creation
51,0,15,22,down_rand,dolomites,creation
41,18,3,22,down_rand,dolomites,creation
25,3,4,22,down_rand,dolomites,creation
33,6,6,22,down_rand,dolomites,creation
58,5,1,22,down_rand,dolomites,creation
39,3,5,22,down_rand,dolomites,creation
47,0,26,22,down_rand,dolomites,creation
14,5,0,22,down_rand,dolomites,creation
44,0,25,22,down_rand,dolomites,creation
1,5,2,22,down_rand,dolomites,creation
19,4,2,22,down_rand,dolomites,creation
46,0,21,22,down_rand,dolomites,creation
50,0,22,22,down_rand,dolomites,creation
59,1,1,22,down_rand,dolomites,creation
4,14,1,22,down_rand,dolomites,creation
11,4,4,22,down_rand,dolomites,creation
36,5,2,22,down_rand,dolomites,creation
56,5,1,22,down_link,dolomites,creation
34,4,2,22,down_link,dolomites,creation
43,12,3,22,down_link,dolomites,creation
40,8,2,22,down_link,dolomites,creation
12,2,4,22,down_link,dolomites,creation
13,2,2,22,down_link,dolomites,creation
24,5,1,22,down_link,dolomites,creation
49,0,18,22,down_link,dolomites,creation
5,19,2,22,down_link,dolomites,creation
31,4,4,22,down_link,dolomites,creation
38,5,4,22,down_link,dolomites,creation
45,0,19,22,down_link,dolomites,creation
28,3,4,22,down_link,dolomites,creation
37,4,3,22,down_link,dolomites,creation
8,4,1,22,down_link,dolomites,creation
35,5,4,22,down_link,dolomites,creation
27,4,7,22,down_link,dolomites,creation
21,6,5,22,down_link,dolomites,creation
6,13,4,22,down_link,dolomites,creation
32,2,0,22,down_link,dolomites,creation
16,4,5,22,down_link,dolomites,creation
57,5,1,22,down_link,dolomites,creation
42,15,4,22,down_link,dolomites,creation
15,3,4,22,down_link,dolomites,creation
17,5,3,22,down_link,dolomites,creation
20,3,5,22,down_link,dolomites,creation
29,4,3,22,down_link,dolomites,creation
7,13,4,22,down_link,dolomites,creation
2,12,2,22,down_link,dolomites,creation
23,4,2,22,down_link,dolomites,creation
18,4,3,22,down_link,dolomites,creation
9,1,1,22,down_link,dolomites,creation
55,3,1,22,down_link,dolomites,creation
53,4,1,22,down_link,dolomites,creation
10,3,3,22,down_link,dolomites,creation
22,3,2,22,down_link,dolomites,creation
26,2,3,22,down_link,dolomites,creation
3,10,2,22,down_link,dolomites,creation
30,6,2,22,down_link,dolomites,creation
52,3,1,22,down_link,dolomites,creation
48,0,20,22,down_link,dolomites,creation
54,2,1,22,down_link,dolomites,creation
51,0,19,22,down_link,dolomites,creation
41,16,4,22,down_link,dolomites,creation
25,3,6,22,down_link,dolomites,creation
33,3,4,22,down_link,dolomites,creation
58,2,1,22,down_link,dolomites,creation
39,4,2,22,down_link,dolomites,creation
47,0,16,22,down_link,dolomites,creation
14,4,0,22,down_link,dolomites,creation
44,0,15,22,down_link,dolomites,creation
1,6,5,22,down_link,dolomites,creation
19,2,3,22,down_link,dolomites,creation
46,0,15,22,down_link,dolomites,creation
50,0,21,22,down_link,dolomites,creation
59,4,1,22,down_link,dolomites,creation
4,18,4,22,down_link,dolomites,creation
11,3,3,22,down_link,dolomites,creation
36,3,2,22,down_link,dolomites,creation
56,5,1,22,down_niche,dolomites,creation
34,5,1,22,down_niche,dolomites,creation
43,13,0,22,down_niche,dolomites,creation
40,6,0,22,down_niche,dolomites,creation
12,5,6,22,down_niche,dolomites,creation
13,3,2,22,down_niche,dolomites,creation
24,5,2,22,down_niche,dolomites,creation
49,0,22,22,down_niche,dolomites,creation
5,8,0,22,down_niche,dolomites,creation
31,4,3,22,down_niche,dolomites,creation
38,5,5,22,down_niche,dolomites,creation
45,0,31,22,down_niche,dolomites,creation
28,7,2,22,down_niche,dolomites,creation
37,4,2,22,down_niche,dolomites,creation
8,5,0,22,down_niche,dolomites,creation
35,3,0,22,down_niche,dolomites,creation
27,7,2,22,down_niche,dolomites,creation
21,6,5,22,down_niche,dolomites,creation
6,11,2,22,down_niche,dolomites,creation
32,5,0,22,down_niche,dolomites,creation
16,4,5,22,down_niche,dolomites,creation
57,5,1,22,down_niche,dolomites,creation
42,10,0,22,down_niche,dolomites,creation
15,6,1,22,down_niche,dolomites,creation
17,3,1,22,down_niche,dolomites,creation
20,4,5,22,down_niche,dolomites,creation
29,4,3,22,down_niche,dolomites,creation
7,10,0,22,down_niche,dolomites,creation
2,2,0,22,down_niche,dolomites,creation
23,6,0,22,down_niche,dolomites,creation
18,6,2,22,down_niche,dolomites,creation
9,5,1,22,down_niche,dolomites,creation
55,3,0,22,down_niche,dolomites,creation
53,6,1,22,down_niche,dolomites,creation
10,6,3,22,down_niche,dolomites,creation
22,2,1,22,down_niche,dolomites,creation
26,5,5,22,down_niche,dolomites,creation
3,5,0,22,down_niche,dolomites,creation
30,5,2,22,down_niche,dolomites,creation
52,6,1,22,down_niche,dolomites,creation
48,0,32,22,down_niche,dolomites,creation
54,5,1,22,down_niche,dolomites,creation
51,0,34,22,down_niche,dolomites,creation
41,12,0,22,down_niche,dolomites,creation
25,5,6,22,down_niche,dolomites,creation
33,5,4,22,down_niche,dolomites,creation
58,6,1,22,down_niche,dolomites,creation
39,5,6,22,down_niche,dolomites,creation
47,0,11,22,down_niche,dolomites,creation
14,5,0,22,down_niche,dolomites,creation
44,0,32,22,down_niche,dolomites,creation
1,4,0,22,down_niche,dolomites,creation
19,5,2,22,down_niche,dolomites,creation
46,0,31,22,down_niche,dolomites,creation
50,0,2,22,down_niche,dolomites,creation
59,4,0,22,down_niche,dolomites,creation
4,9,0,22,down_niche,dolomites,creation
11,3,3,22,down_niche,dolomites,creation
36,6,1,22,down_niche,dolomites,creation
56,5,1,22,down_niche_bodysize,dolomites,creation
34,5,1,22,down_niche_bodysize,dolomites,creation
43,13,0,22,down_niche_bodysize,dolomites,creation
40,6,0,22,down_niche_bodysize,dolomites,creation
12,5,6,22,down_niche_bodysize,dolomites,creation
13,3,2,22,down_niche_bodysize,dolomites,creation
24,5,2,22,down_niche_bodysize,dolomites,creation
49,0,22,22,down_niche_bodysize,dolomites,creation
5,8,0,22,down_niche_bodysize,dolomites,creation
31,4,3,22,down_niche_bodysize,dolomites,creation
38,5,5,22,down_niche_bodysize,dolomites,creation
45,0,31,22,down_niche_bodysize,dolomites,creation
28,7,2,22,down_niche_bodysize,dolomites,creation
37,4,2,22,down_niche_bodysize,dolomites,creation
8,5,0,22,down_niche_bodysize,dolomites,creation
35,3,0,22,down_niche_bodysize,dolomites,creation
27,7,2,22,down_niche_bodysize,dolomites,creation
21,6,5,22,down_niche_bodysize,dolomites,creation
6,11,2,22,down_niche_bodysize,dolomites,creation
32,5,0,22,down_niche_bodysize,dolomites,creation
16,4,5,22,down_niche_bodysize,dolomites,creation
57,5,1,22,down_niche_bodysize,dolomites,creation
42,10,0,22,down_niche_bodysize,dolomites,creation
15,6,1,22,down_niche_bodysize,dolomites,creation
17,3,1,22,down_niche_bodysize,dolomites,creation
20,4,5,22,down_niche_bodysize,dolomites,creation
29,4,3,22,down_niche_bodysize,dolomites,creation
7,10,0,22,down_niche_bodysize,dolomites,creation
2,2,0,22,down_niche_bodysize,dolomites,creation
23,6,0,22,down_niche_bodysize,dolomites,creation
18,6,2,22,down_niche_bodysize,dolomites,creation
9,5,1,22,down_niche_bodysize,dolomites,creation
55,3,0,22,down_niche_bodysize,dolomites,creation
53,6,1,22,down_niche_bodysize,dolomites,creation
10,6,3,22,down_niche_bodysize,dolomites,creation
22,2,1,22,down_niche_bodysize,dolomites,creation
26,5,5,22,down_niche_bodysize,dolomites,creation
3,5,0,22,down_niche_bodysize,dolomites,creation
30,5,2,22,down_niche_bodysize,dolomites,creation
52,6,1,22,down_niche_bodysize,dolomites,creation
48,0,32,22,down_niche_bodysize,dolomites,creation
54,5,1,22,down_niche_bodysize,dolomites,creation
51,0,34,22,down_niche_bodysize,dolomites,creation
41,12,0,22,down_niche_bodysize,dolomites,creation
25,5,6,22,down_niche_bodysize,dolomites,creation
33,5,4,22,down_niche_bodysize,dolomites,creation
58,6,1,22,down_niche_bodysize,dolomites,creation
39,5,6,22,down_niche_bodysize,dolomites,creation
47,0,11,22,down_niche_bodysize,dolomites,creation
14,5,0,22,down_niche_bodysize,dolomites,creation
44,0,32,22,down_niche_bodysize,dolomites,creation
1,4,0,22,down_niche_bodysize,dolomites,creation
19,5,2,22,down_niche_bodysize,dolomites,creation
46,0,31,22,down_niche_bodysize,dolomites,creation
50,0,2,22,down_niche_bodysize,dolomites,creation
59,4,0,22,down_niche_bodysize,dolomites,creation
4,9,0,22,down_niche_bodysize,dolomites,creation
11,3,3,22,down_niche_bodysize,dolomites,creation
36,6,1,22,down_niche_bodysize,dolomites,creation
56,4,40,22,atn,dolomites,creation
34,6,0,22,atn,dolomites,creation
43,4,0,22,atn,dolomites,creation
40,6,0,22,atn,dolomites,creation
12,6,0,22,atn,dolomites,creation
13,4,3,22,atn,dolomites,creation
24,6,1,22,atn,dolomites,creation
49,0,27,22,atn,dolomites,creation
5,6,0,22,atn,dolomites,creation
31,6,0,22,atn,dolomites,creation
38,4,0,22,atn,dolomites,creation
45,0,5,22,atn,dolomites,creation
28,8,0,22,atn,dolomites,creation
37,7,0,22,atn,dolomites,creation
8,6,0,22,atn,dolomites,creation
35,4,0,22,atn,dolomites,creation
27,6,0,22,atn,dolomites,creation
21,6,0,22,atn,dolomites,creation
6,6,0,22,atn,dolomites,creation
32,6,0,22,atn,dolomites,creation
16,6,0,22,atn,dolomites,creation
57,6,27,22,atn,dolomites,creation
42,6,0,22,atn,dolomites,creation
15,6,0,22,atn,dolomites,creation
17,9,0,22,atn,dolomites,creation
20,6,0,22,atn,dolomites,creation
29,6,0,22,atn,dolomites,creation
7,6,1,22,atn,dolomites,creation
2,10,0,22,atn,dolomites,creation
23,6,13,22,atn,dolomites,creation
18,6,0,22,atn,dolomites,creation
9,4,0,22,atn,dolomites,creation
55,2,33,22,atn,dolomites,creation
53,0,5,22,atn,dolomites,creation
10,6,0,22,atn,dolomites,creation
22,6,1,22,atn,dolomites,creation
26,6,0,22,atn,dolomites,creation
3,14,0,22,atn,dolomites,creation
30,6,12,22,atn,dolomites,creation
52,0,3,22,atn,dolomites,creation
48,0,40,22,atn,dolomites,creation
54,0,15,22,atn,dolomites,creation
51,0,0,22,atn,dolomites,creation
41,6,0,22,atn,dolomites,creation
25,6,0,22,atn,dolomites,creation
33,6,0,22,atn,dolomites,creation
58,6,4,22,atn,dolomites,creation
39,6,1,22,atn,dolomites,creation
47,0,33,22,atn,dolomites,creation
14,6,0,22,atn,dolomites,creation
44,0,3,22,atn,dolomites,creation
1,6,0,22,atn,dolomites,creation
19,6,0,22,atn,dolomites,creation
46,0,15,22,atn,dolomites,creation
50,0,4,22,atn,dolomites,creation
59,6,0,22,atn,dolomites,creation
4,6,0,22,atn,dolomites,creation
11,6,0,22,atn,dolomites,creation
36,4,2,22,atn,dolomites,creation
34,0,18,22,down_power,dolomites,burnin
43,3,0,22,down_power,dolomites,burnin
40,2,0,22,down_power,dolomites,burnin
12,2,0,22,down_power,dolomites,burnin
13,3,0,22,down_power,dolomites,burnin
24,4,0,22,down_power,dolomites,burnin
5,1,0,22,down_power,dolomites,burnin
31,2,0,22,down_power,dolomites,burnin
38,0,15,22,down_power,dolomites,burnin
45,3,0,22,down_power,dolomites,burnin
28,3,0,22,down_power,dolomites,burnin
37,0,13,22,down_power,dolomites,burnin
8,2,0,22,down_power,dolomites,burnin
35,0,16,22,down_power,dolomites,burnin
27,2,0,22,down_power,dolomites,burnin
21,4,0,22,down_power,dolomites,burnin
6,5,0,22,down_power,dolomites,burnin
32,0,15,22,down_power,dolomites,burnin
16,3,0,22,down_power,dolomites,burnin
42,1,0,22,down_power,dolomites,burnin
15,3,0,22,down_power,dolomites,burnin
17,5,0,22,down_power,dolomites,burnin
20,5,0,22,down_power,dolomites,burnin
29,4,0,22,down_power,dolomites,burnin
7,5,0,22,down_power,dolomites,burnin
2,2,0,22,down_power,dolomites,burnin
23,2,0,22,down_power,dolomites,burnin
18,2,0,22,down_power,dolomites,burnin
9,3,0,22,down_power,dolomites,burnin
10,3,0,22,down_power,dolomites,burnin
22,3,0,22,down_power,dolomites,burnin
26,7,0,22,down_power,dolomites,burnin
3,1,0,22,down_power,dolomites,burnin
30,2,0,22,down_power,dolomites,burnin
41,4,0,22,down_power,dolomites,burnin
25,3,0,22,down_power,dolomites,burnin
33,0,11,22,down_power,dolomites,burnin
39,0,18,22,down_power,dolomites,burnin
47,2,0,22,down_power,dolomites,burnin
14,3,0,22,down_power,dolomites,burnin
44,1,0,22,down_power,dolomites,burnin
1,3,0,22,down_power,dolomites,burnin
19,2,0,22,down_power,dolomites,burnin
46,4,0,22,down_power,dolomites,burnin
4,3,0,22,down_power,dolomites,burnin
11,3,0,22,down_power,dolomites,burnin
36,0,9,22,down_power,dolomites,burnin
34,28,2,22,metaweb,dolomites,burnin
43,8,0,22,metaweb,dolomites,burnin
40,0,41,22,metaweb,dolomites,burnin
12,8,0,22,metaweb,dolomites,burnin
13,8,2,22,metaweb,dolomites,burnin
24,8,2,22,metaweb,dolomites,burnin
49,8,0,22,metaweb,dolomites,burnin
5,8,2,22,metaweb,dolomites,burnin
31,8,0,22,metaweb,dolomites,burnin
38,0,41,22,metaweb,dolomites,burnin
45,8,0,22,metaweb,dolomites,burnin
28,8,2,22,metaweb,dolomites,burnin
37,0,41,22,metaweb,dolomites,burnin
8,8,0,22,metaweb,dolomites,burnin
35,0,41,22,metaweb,dolomites,burnin
27,8,0,22,metaweb,dolomites,burnin
21,8,2,22,metaweb,dolomites,burnin
6,8,2,22,metaweb,dolomites,burnin
32,8,2,22,metaweb,dolomites,burnin
16,8,2,22,metaweb,dolomites,burnin
42,0,41,22,metaweb,dolomites,burnin
15,8,2,22,metaweb,dolomites,burnin
17,8,2,22,metaweb,dolomites,burnin
20,8,2,22,metaweb,dolomites,burnin
29,8,2,22,metaweb,dolomites,burnin
7,8,2,22,metaweb,dolomites,burnin
2,8,0,22,metaweb,dolomites,burnin
23,8,2,22,metaweb,dolomites,burnin
18,8,2,22,metaweb,dolomites,burnin
9,8,0,22,metaweb,dolomites,burnin
10,8,0,22,metaweb,dolomites,burnin
22,8,0,22,metaweb,dolomites,burnin
26,8,0,22,metaweb,dolomites,burnin
3,8,0,22,metaweb,dolomites,burnin
30,8,2,22,metaweb,dolomites,burnin
48,8,0,22,metaweb,dolomites,burnin
41,0,41,22,metaweb,dolomites,burnin
25,8,0,22,metaweb,dolomites,burnin
33,8,2,22,metaweb,dolomites,burnin
39,0,41,22,metaweb,dolomites,burnin
47,8,0,22,metaweb,dolomites,burnin
14,8,2,22,metaweb,dolomites,burnin
44,8,0,22,metaweb,dolomites,burnin
1,20,2,22,metaweb,dolomites,burnin
19,8,0,22,metaweb,dolomites,burnin
46,8,0,22,metaweb,dolomites,burnin
50,8,0,22,metaweb,dolomites,burnin
4,8,0,22,metaweb,dolomites,burnin
11,8,0,22,metaweb,dolomites,burnin
36,0,41,22,metaweb,dolomites,burnin
17,0,4,22,niche,dolomites,burnin
20,2,5,22,niche,dolomites,burnin
29,0,7,22,niche,dolomites,burnin
34,0,7,22,niche,dolomites,burnin
7,2,1,22,niche,dolomites,burnin
2,3,0,22,niche,dolomites,burnin
23,5,3,22,niche,dolomites,burnin
12,6,0,22,niche,dolomites,burnin
18,0,5,22,niche,dolomites,burnin
13,11,0,22,niche,dolomites,burnin
9,0,2,22,niche,dolomites,burnin
24,2,4,22,niche,dolomites,burnin
10,5,2,22,niche,dolomites,burnin
22,2,5,22,niche,dolomites,burnin
26,2,4,22,niche,dolomites,burnin
3,3,0,22,niche,dolomites,burnin
5,1,0,22,niche,dolomites,burnin
30,2,7,22,niche,dolomites,burnin
31,0,9,22,niche,dolomites,burnin
28,4,7,22,niche,dolomites,burnin
8,6,2,22,niche,dolomites,burnin
25,2,4,22,niche,dolomites,burnin
33,0,9,22,niche,dolomites,burnin
27,1,4,22,niche,dolomites,burnin
21,3,5,22,niche,dolomites,burnin
14,13,0,22,niche,dolomites,burnin
6,4,0,22,niche,dolomites,burnin
1,14,0,22,niche,dolomites,burnin
19,0,5,22,niche,dolomites,burnin
32,0,11,22,niche,dolomites,burnin
16,2,3,22,niche,dolomites,burnin
4,6,0,22,niche,dolomites,burnin
15,11,0,22,niche,dolomites,burnin
11,4,1,22,niche,dolomites,burnin
34,0,23,22,down_rand,dolomites,burnin
43,4,1,22,down_rand,dolomites,burnin
40,0,22,22,down_rand,dolomites,burnin
12,4,0,22,down_rand,dolomites,burnin
13,5,0,22,down_rand,dolomites,burnin
24,5,0,22,down_rand,dolomites,burnin
49,1,1,22,down_rand,dolomites,burnin
5,6,1,22,down_rand,dolomites,burnin
31,3,0,22,down_rand,dolomites,burnin
38,0,27,22,down_rand,dolomites,burnin
45,5,0,22,down_rand,dolomites,burnin
28,5,1,22,down_rand,dolomites,burnin
37,0,24,22,down_rand,dolomites,burnin
8,4,0,22,down_rand,dolomites,burnin
35,0,14,22,down_rand,dolomites,burnin
27,3,0,22,down_rand,dolomites,burnin
21,2,1,22,down_rand,dolomites,burnin
6,5,0,22,down_rand,dolomites,burnin
32,5,0,22,down_rand,dolomites,burnin
16,4,1,22,down_rand,dolomites,burnin
42,5,0,22,down_rand,dolomites,burnin
15,2,1,22,down_rand,dolomites,burnin
17,3,0,22,down_rand,dolomites,burnin
20,5,0,22,down_rand,dolomites,burnin
29,5,0,22,down_rand,dolomites,burnin
7,5,0,22,down_rand,dolomites,burnin
2,2,0,22,down_rand,dolomites,burnin
23,6,0,22,down_rand,dolomites,burnin
18,5,0,22,down_rand,dolomites,burnin
9,5,0,22,down_rand,dolomites,burnin
10,5,0,22,down_rand,dolomites,burnin
22,2,0,22,down_rand,dolomites,burnin
26,6,0,22,down_rand,dolomites,burnin
3,3,0,22,down_rand,dolomites,burnin
30,3,0,22,down_rand,dolomites,burnin
48,5,1,22,down_rand,dolomites,burnin
41,0,15,22,down_rand,dolomites,burnin
25,6,0,22,down_rand,dolomites,burnin
33,10,1,22,down_rand,dolomites,burnin
39,0,20,22,down_rand,dolomites,burnin
47,4,1,22,down_rand,dolomites,burnin
14,4,1,22,down_rand,dolomites,burnin
44,6,1,22,down_rand,dolomites,burnin
1,3,0,22,down_rand,dolomites,burnin
19,6,0,22,down_rand,dolomites,burnin
46,2,0,22,down_rand,dolomites,burnin
4,4,0,22,down_rand,dolomites,burnin
11,4,0,22,down_rand,dolomites,burnin
36,0,20,22,down_rand,dolomites,burnin
34,0,19,22,down_link,dolomites,burnin
43,2,0,22,down_link,dolomites,burnin
40,0,18,22,down_link,dolomites,burnin
12,2,0,22,down_link,dolomites,burnin
13,3,0,22,down_link,dolomites,burnin
24,4,0,22,down_link,dolomites,burnin
5,2,0,22,down_link,dolomites,burnin
31,5,0,22,down_link,dolomites,burnin
38,0,18,22,down_link,dolomites,burnin
45,5,0,22,down_link,dolomites,burnin
28,5,0,22,down_link,dolomites,burnin
37,0,20,22,down_link,dolomites,burnin
8,3,0,22,down_link,dolomites,burnin
35,0,15,22,down_link,dolomites,burnin
27,4,0,22,down_link,dolomites,burnin
21,3,0,22,down_link,dolomites,burnin
6,2,0,22,down_link,dolomites,burnin
32,4,0,22,down_link,dolomites,burnin
16,4,0,22,down_link,dolomites,burnin
42,4,0,22,down_link,dolomites,burnin
15,3,0,22,down_link,dolomites,burnin
17,5,0,22,down_link,dolomites,burnin
20,4,0,22,down_link,dolomites,burnin
29,3,0,22,down_link,dolomites,burnin
7,4,0,22,down_link,dolomites,burnin
2,1,0,22,down_link,dolomites,burnin
23,6,0,22,down_link,dolomites,burnin
18,3,0,22,down_link,dolomites,burnin
9,4,0,22,down_link,dolomites,burnin
10,5,0,22,down_link,dolomites,burnin
22,4,0,22,down_link,dolomites,burnin
26,3,0,22,down_link,dolomites,burnin
3,3,0,22,down_link,dolomites,burnin
30,4,0,22,down_link,dolomites,burnin
48,4,0,22,down_link,dolomites,burnin
41,3,0,22,down_link,dolomites,burnin
25,2,0,22,down_link,dolomites,burnin
33,0,15,22,down_link,dolomites,burnin
39,0,21,22,down_link,dolomites,burnin
47,2,0,22,down_link,dolomites,burnin
14,6,0,22,down_link,dolomites,burnin
44,3,0,22,down_link,dolomites,burnin
1,4,0,22,down_link,dolomites,burnin
19,2,0,22,down_link,dolomites,burnin
46,5,0,22,down_link,dolomites,burnin
4,3,0,22,down_link,dolomites,burnin
11,4,0,22,down_link,dolomites,burnin
36,0,16,22,down_link,dolomites,burnin
17,0,9,22,down_niche,dolomites,burnin
20,0,2,22,down_niche,dolomites,burnin
7,4,0,22,down_niche,dolomites,burnin
2,3,0,22,down_niche,dolomites,burnin
23,3,0,22,down_niche,dolomites,burnin
12,5,0,22,down_niche,dolomites,burnin
18,0,14,22,down_niche,dolomites,burnin
13,3,0,22,down_niche,dolomites,burnin
9,5,0,22,down_niche,dolomites,burnin
24,5,1,22,down_niche,dolomites,burnin
10,3,0,22,down_niche,dolomites,burnin
22,6,1,22,down_niche,dolomites,burnin
26,4,0,22,down_niche,dolomites,burnin
3,6,0,22,down_niche,dolomites,burnin
5,7,0,22,down_niche,dolomites,burnin
8,5,0,22,down_niche,dolomites,burnin
25,5,1,22,down_niche,dolomites,burnin
21,0,10,22,down_niche,dolomites,burnin
14,0,13,22,down_niche,dolomites,burnin
6,7,0,22,down_niche,dolomites,burnin
1,6,0,22,down_niche,dolomites,burnin
19,0,12,22,down_niche,dolomites,burnin
16,0,9,22,down_niche,dolomites,burnin
4,5,0,22,down_niche,dolomites,burnin
15,0,14,22,down_niche,dolomites,burnin
11,4,0,22,down_niche,dolomites,burnin
17,0,9,22,down_niche_bodysize,dolomites,burnin
20,0,2,22,down_niche_bodysize,dolomites,burnin
7,4,0,22,down_niche_bodysize,dolomites,burnin
2,3,0,22,down_niche_bodysize,dolomites,burnin
23,3,0,22,down_niche_bodysize,dolomites,burnin
12,5,0,22,down_niche_bodysize,dolomites,burnin
18,0,14,22,down_niche_bodysize,dolomites,burnin
13,3,0,22,down_niche_bodysize,dolomites,burnin
9,5,0,22,down_niche_bodysize,dolomites,burnin
24,5,1,22,down_niche_bodysize,dolomites,burnin
10,3,0,22,down_niche_bodysize,dolomites,burnin
22,6,1,22,down_niche_bodysize,dolomites,burnin
26,4,0,22,down_niche_bodysize,dolomites,burnin
3,6,0,22,down_niche_bodysize,dolomites,burnin
5,7,0,22,down_niche_bodysize,dolomites,burnin
8,5,0,22,down_niche_bodysize,dolomites,burnin
25,5,1,22,down_niche_bodysize,dolomites,burnin
21,0,10,22,down_niche_bodysize,dolomites,burnin
14,0,13,22,down_niche_bodysize,dolomites,burnin
6,7,0,22,down_niche_bodysize,dolomites,burnin
1,6,0,22,down_niche_bodysize,dolomites,burnin
19,0,12,22,down_niche_bodysize,dolomites,burnin
16,0,9,22,down_niche_bodysize,dolomites,burnin
4,5,0,22,down_niche_bodysize,dolomites,burnin
15,0,14,22,down_niche_bodysize,dolomites,burnin
11,4,0,22,down_niche_bodysize,dolomites,burnin
34,0,26,22,atn,dolomites,burnin
43,6,3,22,atn,dolomites,burnin
40,2,28,22,atn,dolomites,burnin
12,6,0,22,atn,dolomites,burnin
13,9,0,22,atn,dolomites,burnin
24,6,0,22,atn,dolomites,burnin
5,6,0,22,atn,dolomites,burnin
31,0,5,22,atn,dolomites,burnin
38,0,5,22,atn,dolomites,burnin
28,6,0,22,atn,dolomites,burnin
37,0,3,22,atn,dolomites,burnin
8,6,0,22,atn,dolomites,burnin
35,0,17,22,atn,dolomites,burnin
27,4,1,22,atn,dolomites,burnin
21,6,0,22,atn,dolomites,burnin
6,6,0,22,atn,dolomites,burnin
32,0,15,22,atn,dolomites,burnin
16,6,0,22,atn,dolomites,burnin
42,6,17,22,atn,dolomites,burnin
15,6,0,22,atn,dolomites,burnin
17,6,0,22,atn,dolomites,burnin
20,6,0,22,atn,dolomites,burnin
29,6,0,22,atn,dolomites,burnin
7,6,0,22,atn,dolomites,burnin
2,10,0,22,atn,dolomites,burnin
23,8,0,22,atn,dolomites,burnin
18,6,0,22,atn,dolomites,burnin
9,4,2,22,atn,dolomites,burnin
10,6,0,22,atn,dolomites,burnin
22,6,0,22,atn,dolomites,burnin
26,6,0,22,atn,dolomites,burnin
3,6,0,22,atn,dolomites,burnin
30,0,3,22,atn,dolomites,burnin
41,4,26,22,atn,dolomites,burnin
25,6,3,22,atn,dolomites,burnin
33,0,28,22,atn,dolomites,burnin
39,0,15,22,atn,dolomites,burnin
14,6,0,22,atn,dolomites,burnin
44,6,0,22,atn,dolomites,burnin
1,6,0,22,atn,dolomites,burnin
19,6,3,22,atn,dolomites,burnin
4,6,0,22,atn,dolomites,burnin
11,6,0,22,atn,dolomites,burnin
36,0,3,22,atn,dolomites,burnin
56,8,1,23,down_power,dolomites,creation
34,5,6,23,down_power,dolomites,creation
43,23,7,23,down_power,dolomites,creation
40,8,2,23,down_power,dolomites,creation
12,6,8,23,down_power,dolomites,creation
13,7,1,23,down_power,dolomites,creation
24,8,2,23,down_power,dolomites,creation
49,0,36,23,down_power,dolomites,creation
5,29,4,23,down_power,dolomites,creation
31,6,8,23,down_power,dolomites,creation
38,7,5,23,down_power,dolomites,creation
45,0,37,23,down_power,dolomites,creation
28,5,7,23,down_power,dolomites,creation
37,7,7,23,down_power,dolomites,creation
8,8,1,23,down_power,dolomites,creation
35,7,7,23,down_power,dolomites,creation
27,7,7,23,down_power,dolomites,creation
21,7,7,23,down_power,dolomites,creation
6,26,7,23,down_power,dolomites,creation
32,4,0,23,down_power,dolomites,creation
16,7,7,23,down_power,dolomites,creation
57,8,1,23,down_power,dolomites,creation
42,35,6,23,down_power,dolomites,creation
15,7,4,23,down_power,dolomites,creation
17,8,7,23,down_power,dolomites,creation
20,7,7,23,down_power,dolomites,creation
29,7,6,23,down_power,dolomites,creation
7,19,7,23,down_power,dolomites,creation
2,18,2,23,down_power,dolomites,creation
23,6,2,23,down_power,dolomites,creation
18,5,7,23,down_power,dolomites,creation
9,7,0,23,down_power,dolomites,creation
55,8,1,23,down_power,dolomites,creation
53,8,1,23,down_power,dolomites,creation
10,7,8,23,down_power,dolomites,creation
22,7,1,23,down_power,dolomites,creation
26,7,7,23,down_power,dolomites,creation
3,18,2,23,down_power,dolomites,creation
30,7,2,23,down_power,dolomites,creation
52,8,1,23,down_power,dolomites,creation
48,0,37,23,down_power,dolomites,creation
54,6,1,23,down_power,dolomites,creation
51,0,41,23,down_power,dolomites,creation
41,35,7,23,down_power,dolomites,creation
25,6,8,23,down_power,dolomites,creation
33,5,7,23,down_power,dolomites,creation
58,7,1,23,down_power,dolomites,creation
39,8,7,23,down_power,dolomites,creation
47,0,35,23,down_power,dolomites,creation
14,8,0,23,down_power,dolomites,creation
44,0,34,23,down_power,dolomites,creation
1,9,8,23,down_power,dolomites,creation
19,7,7,23,down_power,dolomites,creation
46,0,36,23,down_power,dolomites,creation
50,0,38,23,down_power,dolomites,creation
59,7,1,23,down_power,dolomites,creation
4,30,4,23,down_power,dolomites,creation
11,5,8,23,down_power,dolomites,creation
36,6,2,23,down_power,dolomites,creation
56,8,1,23,metaweb,dolomites,creation
34,8,7,23,metaweb,dolomites,creation
43,28,7,23,metaweb,dolomites,creation
40,8,2,23,metaweb,dolomites,creation
12,8,8,23,metaweb,dolomites,creation
13,8,2,23,metaweb,dolomites,creation
24,8,2,23,metaweb,dolomites,creation
49,0,43,23,metaweb,dolomites,creation
5,31,4,23,metaweb,dolomites,creation
31,8,8,23,metaweb,dolomites,creation
38,8,7,23,metaweb,dolomites,creation
45,0,43,23,metaweb,dolomites,creation
28,8,7,23,metaweb,dolomites,creation
37,8,7,23,metaweb,dolomites,creation
8,8,1,23,metaweb,dolomites,creation
35,8,7,23,metaweb,dolomites,creation
27,8,8,23,metaweb,dolomites,creation
21,8,7,23,metaweb,dolomites,creation
6,27,7,23,metaweb,dolomites,creation
32,8,0,23,metaweb,dolomites,creation
16,8,7,23,metaweb,dolomites,creation
57,8,1,23,metaweb,dolomites,creation
42,35,7,23,metaweb,dolomites,creation
15,8,4,23,metaweb,dolomites,creation
17,8,7,23,metaweb,dolomites,creation
20,8,7,23,metaweb,dolomites,creation
29,8,7,23,metaweb,dolomites,creation
7,20,7,23,metaweb,dolomites,creation
2,18,2,23,metaweb,dolomites,creation
23,8,2,23,metaweb,dolomites,creation
18,8,7,23,metaweb,dolomites,creation
9,8,1,23,metaweb,dolomites,creation
55,8,1,23,metaweb,dolomites,creation
53,8,1,23,metaweb,dolomites,creation
10,8,8,23,metaweb,dolomites,creation
22,8,2,23,metaweb,dolomites,creation
26,8,8,23,metaweb,dolomites,creation
3,18,2,23,metaweb,dolomites,creation
30,8,2,23,metaweb,dolomites,creation
52,8,1,23,metaweb,dolomites,creation
48,0,43,23,metaweb,dolomites,creation
54,8,1,23,metaweb,dolomites,creation
51,0,43,23,metaweb,dolomites,creation
41,35,7,23,metaweb,dolomites,creation
25,8,8,23,metaweb,dolomites,creation
33,8,7,23,metaweb,dolomites,creation
58,8,1,23,metaweb,dolomites,creation
39,8,7,23,metaweb,dolomites,creation
47,0,43,23,metaweb,dolomites,creation
14,8,0,23,metaweb,dolomites,creation
44,0,43,23,metaweb,dolomites,creation
1,10,8,23,metaweb,dolomites,creation
19,8,7,23,metaweb,dolomites,creation
46,0,43,23,metaweb,dolomites,creation
50,0,43,23,metaweb,dolomites,creation
59,8,1,23,metaweb,dolomites,creation
4,31,4,23,metaweb,dolomites,creation
11,8,8,23,metaweb,dolomites,creation
36,8,2,23,metaweb,dolomites,creation
56,1,5,23,niche,dolomites,creation
34,6,10,23,niche,dolomites,creation
43,3,17,23,niche,dolomites,creation
40,5,17,23,niche,dolomites,creation
12,25,5,23,niche,dolomites,creation
13,15,5,23,niche,dolomites,creation
24,9,7,23,niche,dolomites,creation
49,0,15,23,niche,dolomites,creation
5,0,2,23,niche,dolomites,creation
31,4,10,23,niche,dolomites,creation
38,6,16,23,niche,dolomites,creation
45,0,15,23,niche,dolomites,creation
28,6,10,23,niche,dolomites,creation
37,11,15,23,niche,dolomites,creation
8,15,3,23,niche,dolomites,creation
35,8,10,23,niche,dolomites,creation
27,1,8,23,niche,dolomites,creation
21,3,6,23,niche,dolomites,creation
6,0,3,23,niche,dolomites,creation
32,11,10,23,niche,dolomites,creation
16,7,5,23,niche,dolomites,creation
57,0,5,23,niche,dolomites,creation
42,8,16,23,niche,dolomites,creation
15,46,5,23,niche,dolomites,creation
17,8,5,23,niche,dolomites,creation
20,17,6,23,niche,dolomites,creation
29,3,11,23,niche,dolomites,creation
7,34,3,23,niche,dolomites,creation
2,35,1,23,niche,dolomites,creation
23,2,7,23,niche,dolomites,creation
18,1,5,23,niche,dolomites,creation
9,33,3,23,niche,dolomites,creation
55,0,6,23,niche,dolomites,creation
53,0,8,23,niche,dolomites,creation
10,23,3,23,niche,dolomites,creation
22,15,7,23,niche,dolomites,creation
26,4,8,23,niche,dolomites,creation
3,5,1,23,niche,dolomites,creation
30,4,11,23,niche,dolomites,creation
52,0,8,23,niche,dolomites,creation
48,5,14,23,niche,dolomites,creation
54,1,6,23,niche,dolomites,creation
51,3,11,23,niche,dolomites,creation
41,0,16,23,niche,dolomites,creation
25,0,7,23,niche,dolomites,creation
33,3,10,23,niche,dolomites,creation
58,0,5,23,niche,dolomites,creation
39,0,17,23,niche,dolomites,creation
47,7,14,23,niche,dolomites,creation
14,44,5,23,niche,dolomites,creation
44,5,14,23,niche,dolomites,creation
1,6,1,23,niche,dolomites,creation
19,12,6,23,niche,dolomites,creation
46,7,15,23,niche,dolomites,creation
50,3,13,23,niche,dolomites,creation
59,0,4,23,niche,dolomites,creation
4,10,1,23,niche,dolomites,creation
11,1,5,23,niche,dolomites,creation
36,11,15,23,niche,dolomites,creation
56,8,1,23,down_rand,dolomites,creation
34,7,7,23,down_rand,dolomites,creation
43,25,7,23,down_rand,dolomites,creation
40,7,1,23,down_rand,dolomites,creation
12,7,6,23,down_rand,dolomites,creation
13,7,2,23,down_rand,dolomites,creation
24,7,2,23,down_rand,dolomites,creation
49,0,39,23,down_rand,dolomites,creation
5,28,4,23,down_rand,dolomites,creation
31,7,6,23,down_rand,dolomites,creation
38,8,5,23,down_rand,dolomites,creation
45,0,34,23,down_rand,dolomites,creation
28,6,7,23,down_rand,dolomites,creation
37,8,6,23,down_rand,dolomites,creation
8,8,1,23,down_rand,dolomites,creation
35,6,7,23,down_rand,dolomites,creation
27,6,7,23,down_rand,dolomites,creation
21,8,7,23,down_rand,dolomites,creation
6,23,7,23,down_rand,dolomites,creation
32,7,0,23,down_rand,dolomites,creation
16,8,7,23,down_rand,dolomites,creation
57,6,1,23,down_rand,dolomites,creation
42,31,6,23,down_rand,dolomites,creation
15,8,4,23,down_rand,dolomites,creation
17,7,6,23,down_rand,dolomites,creation
20,7,7,23,down_rand,dolomites,creation
29,7,5,23,down_rand,dolomites,creation
7,18,7,23,down_rand,dolomites,creation
2,17,2,23,down_rand,dolomites,creation
23,8,2,23,down_rand,dolomites,creation
18,7,6,23,down_rand,dolomites,creation
9,6,1,23,down_rand,dolomites,creation
55,7,1,23,down_rand,dolomites,creation
53,8,0,23,down_rand,dolomites,creation
10,8,6,23,down_rand,dolomites,creation
22,6,2,23,down_rand,dolomites,creation
26,8,8,23,down_rand,dolomites,creation
3,17,2,23,down_rand,dolomites,creation
30,7,1,23,down_rand,dolomites,creation
52,8,1,23,down_rand,dolomites,creation
48,0,39,23,down_rand,dolomites,creation
54,7,1,23,down_rand,dolomites,creation
51,0,40,23,down_rand,dolomites,creation
41,32,7,23,down_rand,dolomites,creation
25,7,6,23,down_rand,dolomites,creation
33,7,7,23,down_rand,dolomites,creation
58,6,1,23,down_rand,dolomites,creation
39,7,7,23,down_rand,dolomites,creation
47,0,37,23,down_rand,dolomites,creation
14,8,0,23,down_rand,dolomites,creation
44,0,41,23,down_rand,dolomites,creation
1,8,8,23,down_rand,dolomites,creation
19,6,5,23,down_rand,dolomites,creation
46,0,37,23,down_rand,dolomites,creation
50,0,42,23,down_rand,dolomites,creation
59,8,1,23,down_rand,dolomites,creation
4,28,4,23,down_rand,dolomites,creation
11,8,6,23,down_rand,dolomites,creation
36,7,1,23,down_rand,dolomites,creation
56,8,1,23,down_link,dolomites,creation
34,8,7,23,down_link,dolomites,creation
43,25,7,23,down_link,dolomites,creation
40,8,2,23,down_link,dolomites,creation
12,6,8,23,down_link,dolomites,creation
13,8,2,23,down_link,dolomites,creation
24,7,2,23,down_link,dolomites,creation
49,0,34,23,down_link,dolomites,creation
5,29,4,23,down_link,dolomites,creation
31,8,7,23,down_link,dolomites,creation
38,7,7,23,down_link,dolomites,creation
45,0,40,23,down_link,dolomites,creation
28,8,7,23,down_link,dolomites,creation
37,7,6,23,down_link,dolomites,creation
8,6,1,23,down_link,dolomites,creation
35,8,7,23,down_link,dolomites,creation
27,7,8,23,down_link,dolomites,creation
21,7,7,23,down_link,dolomites,creation
6,26,7,23,down_link,dolomites,creation
32,7,0,23,down_link,dolomites,creation
16,7,7,23,down_link,dolomites,creation
57,5,1,23,down_link,dolomites,creation
42,28,6,23,down_link,dolomites,creation
15,8,4,23,down_link,dolomites,creation
17,8,6,23,down_link,dolomites,creation
20,8,7,23,down_link,dolomites,creation
29,7,6,23,down_link,dolomites,creation
7,20,5,23,down_link,dolomites,creation
2,16,2,23,down_link,dolomites,creation
23,7,2,23,down_link,dolomites,creation
18,6,7,23,down_link,dolomites,creation
9,7,1,23,down_link,dolomites,creation
55,7,1,23,down_link,dolomites,creation
53,8,1,23,down_link,dolomites,creation
10,4,8,23,down_link,dolomites,creation
22,8,2,23,down_link,dolomites,creation
26,7,7,23,down_link,dolomites,creation
3,17,2,23,down_link,dolomites,creation
30,6,2,23,down_link,dolomites,creation
52,8,1,23,down_link,dolomites,creation
48,0,38,23,down_link,dolomites,creation
54,6,1,23,down_link,dolomites,creation
51,0,39,23,down_link,dolomites,creation
41,29,5,23,down_link,dolomites,creation
25,7,8,23,down_link,dolomites,creation
33,8,6,23,down_link,dolomites,creation
58,7,1,23,down_link,dolomites,creation
39,8,7,23,down_link,dolomites,creation
47,0,34,23,down_link,dolomites,creation
14,8,0,23,down_link,dolomites,creation
44,0,38,23,down_link,dolomites,creation
1,10,7,23,down_link,dolomites,creation
19,8,7,23,down_link,dolomites,creation
46,0,37,23,down_link,dolomites,creation
50,0,36,23,down_link,dolomites,creation
59,6,1,23,down_link,dolomites,creation
4,29,4,23,down_link,dolomites,creation
11,5,8,23,down_link,dolomites,creation
36,8,2,23,down_link,dolomites,creation
56,7,1,23,down_niche,dolomites,creation
34,8,7,23,down_niche,dolomites,creation
43,22,7,23,down_niche,dolomites,creation
40,8,1,23,down_niche,dolomites,creation
12,8,6,23,down_niche,dolomites,creation
13,8,2,23,down_niche,dolomites,creation
24,8,1,23,down_niche,dolomites,creation
49,0,40,23,down_niche,dolomites,creation
5,25,2,23,down_niche,dolomites,creation
31,8,6,23,down_niche,dolomites,creation
38,8,6,23,down_niche,dolomites,creation
45,0,40,23,down_niche,dolomites,creation
28,8,6,23,down_niche,dolomites,creation
37,8,6,23,down_niche,dolomites,creation
8,8,1,23,down_niche,dolomites,creation
35,8,6,23,down_niche,dolomites,creation
27,8,7,23,down_niche,dolomites,creation
21,8,7,23,down_niche,dolomites,creation
6,23,2,23,down_niche,dolomites,creation
32,8,0,23,down_niche,dolomites,creation
16,8,6,23,down_niche,dolomites,creation
57,8,1,23,down_niche,dolomites,creation
42,25,5,23,down_niche,dolomites,creation
15,8,4,23,down_niche,dolomites,creation
17,8,7,23,down_niche,dolomites,creation
20,8,7,23,down_niche,dolomites,creation
29,8,7,23,down_niche,dolomites,creation
7,17,4,23,down_niche,dolomites,creation
2,13,1,23,down_niche,dolomites,creation
23,8,2,23,down_niche,dolomites,creation
18,8,6,23,down_niche,dolomites,creation
9,8,1,23,down_niche,dolomites,creation
55,8,1,23,down_niche,dolomites,creation
53,8,1,23,down_niche,dolomites,creation
10,8,7,23,down_niche,dolomites,creation
22,8,2,23,down_niche,dolomites,creation
26,7,8,23,down_niche,dolomites,creation
3,11,2,23,down_niche,dolomites,creation
30,8,2,23,down_niche,dolomites,creation
52,8,1,23,down_niche,dolomites,creation
48,0,41,23,down_niche,dolomites,creation
54,8,1,23,down_niche,dolomites,creation
51,0,41,23,down_niche,dolomites,creation
41,26,5,23,down_niche,dolomites,creation
25,8,7,23,down_niche,dolomites,creation
33,8,6,23,down_niche,dolomites,creation
58,8,1,23,down_niche,dolomites,creation
39,8,5,23,down_niche,dolomites,creation
47,0,41,23,down_niche,dolomites,creation
14,8,0,23,down_niche,dolomites,creation
44,0,40,23,down_niche,dolomites,creation
1,7,3,23,down_niche,dolomites,creation
19,8,7,23,down_niche,dolomites,creation
46,0,40,23,down_niche,dolomites,creation
50,0,41,23,down_niche,dolomites,creation
59,8,1,23,down_niche,dolomites,creation
4,26,3,23,down_niche,dolomites,creation
11,8,7,23,down_niche,dolomites,creation
36,8,2,23,down_niche,dolomites,creation
56,7,1,23,down_niche_bodysize,dolomites,creation
34,8,7,23,down_niche_bodysize,dolomites,creation
43,22,7,23,down_niche_bodysize,dolomites,creation
40,8,1,23,down_niche_bodysize,dolomites,creation
12,8,6,23,down_niche_bodysize,dolomites,creation
13,8,2,23,down_niche_bodysize,dolomites,creation
24,8,1,23,down_niche_bodysize,dolomites,creation
49,0,40,23,down_niche_bodysize,dolomites,creation
5,25,2,23,down_niche_bodysize,dolomites,creation
31,8,6,23,down_niche_bodysize,dolomites,creation
38,8,6,23,down_niche_bodysize,dolomites,creation
45,0,40,23,down_niche_bodysize,dolomites,creation
28,8,6,23,down_niche_bodysize,dolomites,creation
37,8,6,23,down_niche_bodysize,dolomites,creation
8,8,1,23,down_niche_bodysize,dolomites,creation
35,8,6,23,down_niche_bodysize,dolomites,creation
27,8,7,23,down_niche_bodysize,dolomites,creation
21,8,7,23,down_niche_bodysize,dolomites,creation
6,23,2,23,down_niche_bodysize,dolomites,creation
32,8,0,23,down_niche_bodysize,dolomites,creation
16,8,6,23,down_niche_bodysize,dolomites,creation
57,8,1,23,down_niche_bodysize,dolomites,creation
42,25,5,23,down_niche_bodysize,dolomites,creation
15,8,4,23,down_niche_bodysize,dolomites,creation
17,8,7,23,down_niche_bodysize,dolomites,creation
20,8,7,23,down_niche_bodysize,dolomites,creation
29,8,7,23,down_niche_bodysize,dolomites,creation
7,17,4,23,down_niche_bodysize,dolomites,creation
2,13,1,23,down_niche_bodysize,dolomites,creation
23,8,2,23,down_niche_bodysize,dolomites,creation
18,8,6,23,down_niche_bodysize,dolomites,creation
9,8,1,23,down_niche_bodysize,dolomites,creation
55,8,1,23,down_niche_bodysize,dolomites,creation
53,8,1,23,down_niche_bodysize,dolomites,creation
10,8,7,23,down_niche_bodysize,dolomites,creation
22,8,2,23,down_niche_bodysize,dolomites,creation
26,7,8,23,down_niche_bodysize,dolomites,creation
3,11,2,23,down_niche_bodysize,dolomites,creation
30,8,2,23,down_niche_bodysize,dolomites,creation
52,8,1,23,down_niche_bodysize,dolomites,creation
48,0,41,23,down_niche_bodysize,dolomites,creation
54,8,1,23,down_niche_bodysize,dolomites,creation
51,0,41,23,down_niche_bodysize,dolomites,creation
41,26,5,23,down_niche_bodysize,dolomites,creation
25,8,7,23,down_niche_bodysize,dolomites,creation
33,8,6,23,down_niche_bodysize,dolomites,creation
58,8,1,23,down_niche_bodysize,dolomites,creation
39,8,5,23,down_niche_bodysize,dolomites,creation
47,0,41,23,down_niche_bodysize,dolomites,creation
14,8,0,23,down_niche_bodysize,dolomites,creation
44,0,40,23,down_niche_bodysize,dolomites,creation
1,7,3,23,down_niche_bodysize,dolomites,creation
19,8,7,23,down_niche_bodysize,dolomites,creation
46,0,40,23,down_niche_bodysize,dolomites,creation
50,0,41,23,down_niche_bodysize,dolomites,creation
59,8,1,23,down_niche_bodysize,dolomites,creation
4,26,3,23,down_niche_bodysize,dolomites,creation
11,8,7,23,down_niche_bodysize,dolomites,creation
36,8,2,23,down_niche_bodysize,dolomites,creation
56,6,44,23,atn,dolomites,creation
34,9,1,23,atn,dolomites,creation
43,6,7,23,atn,dolomites,creation
40,8,4,23,atn,dolomites,creation
12,7,0,23,atn,dolomites,creation
13,6,18,23,atn,dolomites,creation
24,6,13,23,atn,dolomites,creation
49,0,36,23,atn,dolomites,creation
5,13,0,23,atn,dolomites,creation
31,15,0,23,atn,dolomites,creation
38,9,3,23,atn,dolomites,creation
45,0,6,23,atn,dolomites,creation
28,13,0,23,atn,dolomites,creation
37,15,0,23,atn,dolomites,creation
8,14,0,23,atn,dolomites,creation
35,8,0,23,atn,dolomites,creation
27,6,13,23,atn,dolomites,creation
21,8,0,23,atn,dolomites,creation
6,15,0,23,atn,dolomites,creation
32,15,0,23,atn,dolomites,creation
16,14,0,23,atn,dolomites,creation
57,8,36,23,atn,dolomites,creation
42,10,0,23,atn,dolomites,creation
15,13,0,23,atn,dolomites,creation
17,13,0,23,atn,dolomites,creation
20,9,2,23,atn,dolomites,creation
29,9,2,23,atn,dolomites,creation
7,9,1,23,atn,dolomites,creation
2,20,0,23,atn,dolomites,creation
23,6,18,23,atn,dolomites,creation
18,15,0,23,atn,dolomites,creation
9,9,2,23,atn,dolomites,creation
55,4,38,23,atn,dolomites,creation
53,0,6,23,atn,dolomites,creation
10,12,0,23,atn,dolomites,creation
22,8,23,23,atn,dolomites,creation
26,9,2,23,atn,dolomites,creation
3,25,0,23,atn,dolomites,creation
30,8,35,23,atn,dolomites,creation
52,0,5,23,atn,dolomites,creation
48,0,44,23,atn,dolomites,creation
54,2,23,23,atn,dolomites,creation
51,0,1,23,atn,dolomites,creation
41,14,0,23,atn,dolomites,creation
25,10,0,23,atn,dolomites,creation
33,16,0,23,atn,dolomites,creation
58,8,20,23,atn,dolomites,creation
39,9,1,23,atn,dolomites,creation
47,0,38,23,atn,dolomites,creation
14,9,0,23,atn,dolomites,creation
44,0,5,23,atn,dolomites,creation
1,15,0,23,atn,dolomites,creation
19,9,0,23,atn,dolomites,creation
46,0,23,23,atn,dolomites,creation
50,0,20,23,atn,dolomites,creation
59,9,1,23,atn,dolomites,creation
4,13,0,23,atn,dolomites,creation
11,8,0,23,atn,dolomites,creation
36,6,17,23,atn,dolomites,creation
34,0,34,23,down_power,dolomites,burnin
43,6,0,23,down_power,dolomites,burnin
40,0,39,23,down_power,dolomites,burnin
12,7,0,23,down_power,dolomites,burnin
13,7,0,23,down_power,dolomites,burnin
24,6,0,23,down_power,dolomites,burnin
5,6,0,23,down_power,dolomites,burnin
31,7,0,23,down_power,dolomites,burnin
38,0,33,23,down_power,dolomites,burnin
45,8,0,23,down_power,dolomites,burnin
28,7,0,23,down_power,dolomites,burnin
37,0,34,23,down_power,dolomites,burnin
8,7,0,23,down_power,dolomites,burnin
35,0,33,23,down_power,dolomites,burnin
27,5,0,23,down_power,dolomites,burnin
21,5,0,23,down_power,dolomites,burnin
6,7,0,23,down_power,dolomites,burnin
32,8,0,23,down_power,dolomites,burnin
16,6,0,23,down_power,dolomites,burnin
42,8,0,23,down_power,dolomites,burnin
15,7,0,23,down_power,dolomites,burnin
17,8,0,23,down_power,dolomites,burnin
20,7,0,23,down_power,dolomites,burnin
29,6,0,23,down_power,dolomites,burnin
7,8,0,23,down_power,dolomites,burnin
2,7,0,23,down_power,dolomites,burnin
23,7,0,23,down_power,dolomites,burnin
18,6,0,23,down_power,dolomites,burnin
9,7,0,23,down_power,dolomites,burnin
10,8,0,23,down_power,dolomites,burnin
22,7,0,23,down_power,dolomites,burnin
26,5,0,23,down_power,dolomites,burnin
3,7,0,23,down_power,dolomites,burnin
30,7,0,23,down_power,dolomites,burnin
48,7,0,23,down_power,dolomites,burnin
41,8,0,23,down_power,dolomites,burnin
25,4,0,23,down_power,dolomites,burnin
33,0,31,23,down_power,dolomites,burnin
39,0,35,23,down_power,dolomites,burnin
47,7,0,23,down_power,dolomites,burnin
14,7,0,23,down_power,dolomites,burnin
44,8,0,23,down_power,dolomites,burnin
1,8,0,23,down_power,dolomites,burnin
19,7,0,23,down_power,dolomites,burnin
46,8,0,23,down_power,dolomites,burnin
4,5,0,23,down_power,dolomites,burnin
11,5,0,23,down_power,dolomites,burnin
36,0,32,23,down_power,dolomites,burnin
34,0,40,23,metaweb,dolomites,burnin
43,8,0,23,metaweb,dolomites,burnin
40,0,40,23,metaweb,dolomites,burnin
12,8,0,23,metaweb,dolomites,burnin
13,8,0,23,metaweb,dolomites,burnin
24,8,0,23,metaweb,dolomites,burnin
5,8,0,23,metaweb,dolomites,burnin
31,8,0,23,metaweb,dolomites,burnin
38,0,40,23,metaweb,dolomites,burnin
45,8,0,23,metaweb,dolomites,burnin
28,8,0,23,metaweb,dolomites,burnin
37,0,40,23,metaweb,dolomites,burnin
8,8,0,23,metaweb,dolomites,burnin
35,0,40,23,metaweb,dolomites,burnin
27,8,0,23,metaweb,dolomites,burnin
21,8,0,23,metaweb,dolomites,burnin
6,8,0,23,metaweb,dolomites,burnin
32,8,0,23,metaweb,dolomites,burnin
16,8,0,23,metaweb,dolomites,burnin
42,8,0,23,metaweb,dolomites,burnin
15,8,0,23,metaweb,dolomites,burnin
17,8,0,23,metaweb,dolomites,burnin
20,8,0,23,metaweb,dolomites,burnin
29,8,0,23,metaweb,dolomites,burnin
7,8,0,23,metaweb,dolomites,burnin
2,8,0,23,metaweb,dolomites,burnin
23,8,0,23,metaweb,dolomites,burnin
18,8,0,23,metaweb,dolomites,burnin
9,8,0,23,metaweb,dolomites,burnin
10,8,0,23,metaweb,dolomites,burnin
22,8,0,23,metaweb,dolomites,burnin
26,8,0,23,metaweb,dolomites,burnin
3,8,0,23,metaweb,dolomites,burnin
30,8,0,23,metaweb,dolomites,burnin
48,8,0,23,metaweb,dolomites,burnin
41,8,0,23,metaweb,dolomites,burnin
25,8,0,23,metaweb,dolomites,burnin
33,0,40,23,metaweb,dolomites,burnin
39,0,40,23,metaweb,dolomites,burnin
47,8,0,23,metaweb,dolomites,burnin
14,8,0,23,metaweb,dolomites,burnin
44,8,0,23,metaweb,dolomites,burnin
1,8,0,23,metaweb,dolomites,burnin
19,8,0,23,metaweb,dolomites,burnin
46,8,0,23,metaweb,dolomites,burnin
4,8,0,23,metaweb,dolomites,burnin
11,8,0,23,metaweb,dolomites,burnin
36,0,40,23,metaweb,dolomites,burnin
56,0,5,23,niche,dolomites,burnin
34,11,15,23,niche,dolomites,burnin
43,0,15,23,niche,dolomites,burnin
40,8,16,23,niche,dolomites,burnin
12,24,5,23,niche,dolomites,burnin
13,14,5,23,niche,dolomites,burnin
24,0,7,23,niche,dolomites,burnin
49,3,11,23,niche,dolomites,burnin
5,0,2,23,niche,dolomites,burnin
31,3,10,23,niche,dolomites,burnin
38,5,17,23,niche,dolomites,burnin
45,7,14,23,niche,dolomites,burnin
28,4,10,23,niche,dolomites,burnin
37,0,17,23,niche,dolomites,burnin
8,15,3,23,niche,dolomites,burnin
35,11,15,23,niche,dolomites,burnin
27,3,10,23,niche,dolomites,burnin
21,15,7,23,niche,dolomites,burnin
6,0,3,23,niche,dolomites,burnin
32,6,10,23,niche,dolomites,burnin
16,7,5,23,niche,dolomites,burnin
57,0,4,23,niche,dolomites,burnin
42,5,14,23,niche,dolomites,burnin
15,44,5,23,niche,dolomites,burnin
17,8,5,23,niche,dolomites,burnin
20,3,6,23,niche,dolomites,burnin
29,4,10,23,niche,dolomites,burnin
7,33,3,23,niche,dolomites,burnin
2,33,1,23,niche,dolomites,burnin
23,9,7,23,niche,dolomites,burnin
18,11,6,23,niche,dolomites,burnin
9,31,3,23,niche,dolomites,burnin
55,0,5,23,niche,dolomites,burnin
53,0,6,23,niche,dolomites,burnin
10,23,3,23,niche,dolomites,burnin
22,2,7,23,niche,dolomites,burnin
26,6,10,23,niche,dolomites,burnin
3,5,1,23,niche,dolomites,burnin
30,11,10,23,niche,dolomites,burnin
52,1,6,23,niche,dolomites,burnin
48,3,13,23,niche,dolomites,burnin
54,1,5,23,niche,dolomites,burnin
51,0,8,23,niche,dolomites,burnin
41,3,17,23,niche,dolomites,burnin
25,4,8,23,niche,dolomites,burnin
33,8,10,23,niche,dolomites,burnin
39,0,16,23,niche,dolomites,burnin
47,0,15,23,niche,dolomites,burnin
14,42,5,23,niche,dolomites,burnin
44,7,15,23,niche,dolomites,burnin
1,6,1,23,niche,dolomites,burnin
19,16,6,23,niche,dolomites,burnin
46,5,14,23,niche,dolomites,burnin
50,0,8,23,niche,dolomites,burnin
4,10,1,23,niche,dolomites,burnin
11,1,5,23,niche,dolomites,burnin
36,6,16,23,niche,dolomites,burnin
34,0,31,23,down_rand,dolomites,burnin
43,7,0,23,down_rand,dolomites,burnin
40,0,37,23,down_rand,dolomites,burnin
12,6,0,23,down_rand,dolomites,burnin
13,7,0,23,down_rand,dolomites,burnin
24,7,0,23,down_rand,dolomites,burnin
5,7,0,23,down_rand,dolomites,burnin
31,8,0,23,down_rand,dolomites,burnin
38,0,37,23,down_rand,dolomites,burnin
45,8,0,23,down_rand,dolomites,burnin
28,6,0,23,down_rand,dolomites,burnin
37,0,36,23,down_rand,dolomites,burnin
8,8,0,23,down_rand,dolomites,burnin
35,0,34,23,down_rand,dolomites,burnin
27,7,0,23,down_rand,dolomites,burnin
21,6,0,23,down_rand,dolomites,burnin
6,7,0,23,down_rand,dolomites,burnin
32,7,0,23,down_rand,dolomites,burnin
16,8,0,23,down_rand,dolomites,burnin
42,8,0,23,down_rand,dolomites,burnin
15,6,0,23,down_rand,dolomites,burnin
17,7,0,23,down_rand,dolomites,burnin
20,6,0,23,down_rand,dolomites,burnin
29,7,0,23,down_rand,dolomites,burnin
7,8,0,23,down_rand,dolomites,burnin
2,6,0,23,down_rand,dolomites,burnin
23,7,0,23,down_rand,dolomites,burnin
18,7,0,23,down_rand,dolomites,burnin
9,8,0,23,down_rand,dolomites,burnin
10,7,0,23,down_rand,dolomites,burnin
22,7,0,23,down_rand,dolomites,burnin
26,7,0,23,down_rand,dolomites,burnin
3,8,0,23,down_rand,dolomites,burnin
30,8,0,23,down_rand,dolomites,burnin
48,8,0,23,down_rand,dolomites,burnin
41,8,0,23,down_rand,dolomites,burnin
25,7,0,23,down_rand,dolomites,burnin
33,0,38,23,down_rand,dolomites,burnin
39,0,40,23,down_rand,dolomites,burnin
47,6,0,23,down_rand,dolomites,burnin
14,8,0,23,down_rand,dolomites,burnin
44,7,0,23,down_rand,dolomites,burnin
1,8,0,23,down_rand,dolomites,burnin
19,8,0,23,down_rand,dolomites,burnin
46,6,0,23,down_rand,dolomites,burnin
4,8,0,23,down_rand,dolomites,burnin
11,7,0,23,down_rand,dolomites,burnin
36,0,34,23,down_rand,dolomites,burnin
34,0,39,23,down_link,dolomites,burnin
43,6,0,23,down_link,dolomites,burnin
40,0,37,23,down_link,dolomites,burnin
12,8,0,23,down_link,dolomites,burnin
13,8,0,23,down_link,dolomites,burnin
24,8,0,23,down_link,dolomites,burnin
5,6,0,23,down_link,dolomites,burnin
31,7,0,23,down_link,dolomites,burnin
38,0,33,23,down_link,dolomites,burnin
45,8,0,23,down_link,dolomites,burnin
28,8,0,23,down_link,dolomites,burnin
37,0,36,23,down_link,dolomites,burnin
8,8,0,23,down_link,dolomites,burnin
35,0,36,23,down_link,dolomites,burnin
27,8,0,23,down_link,dolomites,burnin
21,8,0,23,down_link,dolomites,burnin
6,8,0,23,down_link,dolomites,burnin
32,8,0,23,down_link,dolomites,burnin
16,7,0,23,down_link,dolomites,burnin
42,8,0,23,down_link,dolomites,burnin
15,8,0,23,down_link,dolomites,burnin
17,7,0,23,down_link,dolomites,burnin
20,7,0,23,down_link,dolomites,burnin
29,8,0,23,down_link,dolomites,burnin
7,8,0,23,down_link,dolomites,burnin
2,7,0,23,down_link,dolomites,burnin
23,6,0,23,down_link,dolomites,burnin
18,7,0,23,down_link,dolomites,burnin
9,7,0,23,down_link,dolomites,burnin
10,8,0,23,down_link,dolomites,burnin
22,7,0,23,down_link,dolomites,burnin
26,8,0,23,down_link,dolomites,burnin
3,4,0,23,down_link,dolomites,burnin
30,7,0,23,down_link,dolomites,burnin
48,6,0,23,down_link,dolomites,burnin
41,8,0,23,down_link,dolomites,burnin
25,7,0,23,down_link,dolomites,burnin
33,0,36,23,down_link,dolomites,burnin
39,0,34,23,down_link,dolomites,burnin
47,7,0,23,down_link,dolomites,burnin
14,7,0,23,down_link,dolomites,burnin
44,7,0,23,down_link,dolomites,burnin
1,6,0,23,down_link,dolomites,burnin
19,7,0,23,down_link,dolomites,burnin
46,5,0,23,down_link,dolomites,burnin
4,5,0,23,down_link,dolomites,burnin
11,6,0,23,down_link,dolomites,burnin
36,0,33,23,down_link,dolomites,burnin
34,0,38,23,down_niche,dolomites,burnin
43,8,0,23,down_niche,dolomites,burnin
40,0,40,23,down_niche,dolomites,burnin
12,8,0,23,down_niche,dolomites,burnin
13,8,0,23,down_niche,dolomites,burnin
24,8,0,23,down_niche,dolomites,burnin
5,8,0,23,down_niche,dolomites,burnin
31,8,0,23,down_niche,dolomites,burnin
38,0,40,23,down_niche,dolomites,burnin
45,7,0,23,down_niche,dolomites,burnin
28,8,0,23,down_niche,dolomites,burnin
37,0,40,23,down_niche,dolomites,burnin
8,8,0,23,down_niche,dolomites,burnin
35,0,40,23,down_niche,dolomites,burnin
27,8,0,23,down_niche,dolomites,burnin
21,8,0,23,down_niche,dolomites,burnin
6,8,0,23,down_niche,dolomites,burnin
32,8,0,23,down_niche,dolomites,burnin
16,8,0,23,down_niche,dolomites,burnin
42,8,0,23,down_niche,dolomites,burnin
15,8,0,23,down_niche,dolomites,burnin
17,8,0,23,down_niche,dolomites,burnin
20,8,0,23,down_niche,dolomites,burnin
29,8,0,23,down_niche,dolomites,burnin
7,8,0,23,down_niche,dolomites,burnin
2,8,0,23,down_niche,dolomites,burnin
23,8,0,23,down_niche,dolomites,burnin
18,8,0,23,down_niche,dolomites,burnin
9,8,0,23,down_niche,dolomites,burnin
10,8,0,23,down_niche,dolomites,burnin
22,8,0,23,down_niche,dolomites,burnin
26,8,0,23,down_niche,dolomites,burnin
3,8,0,23,down_niche,dolomites,burnin
30,8,0,23,down_niche,dolomites,burnin
48,8,0,23,down_niche,dolomites,burnin
41,8,0,23,down_niche,dolomites,burnin
25,8,0,23,down_niche,dolomites,burnin
33,0,40,23,down_niche,dolomites,burnin
39,0,40,23,down_niche,dolomites,burnin
47,8,0,23,down_niche,dolomites,burnin
14,8,0,23,down_niche,dolomites,burnin
44,8,0,23,down_niche,dolomites,burnin
1,8,0,23,down_niche,dolomites,burnin
19,7,0,23,down_niche,dolomites,burnin
46,8,0,23,down_niche,dolomites,burnin
4,8,0,23,down_niche,dolomites,burnin
11,8,0,23,down_niche,dolomites,burnin
36,0,40,23,down_niche,dolomites,burnin
34,0,38,23,down_niche_bodysize,dolomites,burnin
43,8,0,23,down_niche_bodysize,dolomites,burnin
40,0,40,23,down_niche_bodysize,dolomites,burnin
12,8,0,23,down_niche_bodysize,dolomites,burnin
13,8,0,23,down_niche_bodysize,dolomites,burnin
24,8,0,23,down_niche_bodysize,dolomites,burnin
5,8,0,23,down_niche_bodysize,dolomites,burnin
31,8,0,23,down_niche_bodysize,dolomites,burnin
38,0,40,23,down_niche_bodysize,dolomites,burnin
45,7,0,23,down_niche_bodysize,dolomites,burnin
28,8,0,23,down_niche_bodysize,dolomites,burnin
37,0,40,23,down_niche_bodysize,dolomites,burnin
8,8,0,23,down_niche_bodysize,dolomites,burnin
35,0,40,23,down_niche_bodysize,dolomites,burnin
27,8,0,23,down_niche_bodysize,dolomites,burnin
21,8,0,23,down_niche_bodysize,dolomites,burnin
6,8,0,23,down_niche_bodysize,dolomites,burnin
32,8,0,23,down_niche_bodysize,dolomites,burnin
16,8,0,23,down_niche_bodysize,dolomites,burnin
42,8,0,23,down_niche_bodysize,dolomites,burnin
15,8,0,23,down_niche_bodysize,dolomites,burnin
17,8,0,23,down_niche_bodysize,dolomites,burnin
20,8,0,23,down_niche_bodysize,dolomites,burnin
29,8,0,23,down_niche_bodysize,dolomites,burnin
7,8,0,23,down_niche_bodysize,dolomites,burnin
2,8,0,23,down_niche_bodysize,dolomites,burnin
23,8,0,23,down_niche_bodysize,dolomites,burnin
18,8,0,23,down_niche_bodysize,dolomites,burnin
9,8,0,23,down_niche_bodysize,dolomites,burnin
10,8,0,23,down_niche_bodysize,dolomites,burnin
22,8,0,23,down_niche_bodysize,dolomites,burnin
26,8,0,23,down_niche_bodysize,dolomites,burnin
3,8,0,23,down_niche_bodysize,dolomites,burnin
30,8,0,23,down_niche_bodysize,dolomites,burnin
48,8,0,23,down_niche_bodysize,dolomites,burnin
41,8,0,23,down_niche_bodysize,dolomites,burnin
25,8,0,23,down_niche_bodysize,dolomites,burnin
33,0,40,23,down_niche_bodysize,dolomites,burnin
39,0,40,23,down_niche_bodysize,dolomites,burnin
47,8,0,23,down_niche_bodysize,dolomites,burnin
14,8,0,23,down_niche_bodysize,dolomites,burnin
44,8,0,23,down_niche_bodysize,dolomites,burnin
1,8,0,23,down_niche_bodysize,dolomites,burnin
19,7,0,23,down_niche_bodysize,dolomites,burnin
46,8,0,23,down_niche_bodysize,dolomites,burnin
4,8,0,23,down_niche_bodysize,dolomites,burnin
11,8,0,23,down_niche_bodysize,dolomites,burnin
36,0,40,23,down_niche_bodysize,dolomites,burnin
34,9,3,23,atn,dolomites,burnin
43,0,34,23,atn,dolomites,burnin
40,0,5,23,atn,dolomites,burnin
12,9,0,23,atn,dolomites,burnin
13,13,0,23,atn,dolomites,burnin
24,6,13,23,atn,dolomites,burnin
49,0,6,23,atn,dolomites,burnin
5,13,0,23,atn,dolomites,burnin
31,9,1,23,atn,dolomites,burnin
38,10,0,23,atn,dolomites,burnin
45,0,32,23,atn,dolomites,burnin
28,15,0,23,atn,dolomites,burnin
37,14,0,23,atn,dolomites,burnin
8,14,0,23,atn,dolomites,burnin
35,9,1,23,atn,dolomites,burnin
27,8,31,23,atn,dolomites,burnin
21,6,13,23,atn,dolomites,burnin
6,15,0,23,atn,dolomites,burnin
32,6,17,23,atn,dolomites,burnin
16,15,0,23,atn,dolomites,burnin
42,0,23,23,atn,dolomites,burnin
15,13,0,23,atn,dolomites,burnin
17,9,0,23,atn,dolomites,burnin
20,6,18,23,atn,dolomites,burnin
29,15,0,23,atn,dolomites,burnin
7,9,1,23,atn,dolomites,burnin
2,20,0,23,atn,dolomites,burnin
23,9,2,23,atn,dolomites,burnin
18,9,2,23,atn,dolomites,burnin
9,9,2,23,atn,dolomites,burnin
55,9,1,23,atn,dolomites,burnin
53,8,32,23,atn,dolomites,burnin
10,12,0,23,atn,dolomites,burnin
22,10,0,23,atn,dolomites,burnin
26,9,2,23,atn,dolomites,burnin
3,25,0,23,atn,dolomites,burnin
30,16,0,23,atn,dolomites,burnin
52,6,40,23,atn,dolomites,burnin
48,0,5,23,atn,dolomites,burnin
54,8,20,23,atn,dolomites,burnin
51,4,34,23,atn,dolomites,burnin
41,0,6,23,atn,dolomites,burnin
25,13,0,23,atn,dolomites,burnin
33,15,0,23,atn,dolomites,burnin
39,6,7,23,atn,dolomites,burnin
47,0,1,23,atn,dolomites,burnin
14,14,0,23,atn,dolomites,burnin
44,0,40,23,atn,dolomites,burnin
1,15,0,23,atn,dolomites,burnin
19,8,20,23,atn,dolomites,burnin
46,0,20,23,atn,dolomites,burnin
50,2,23,23,atn,dolomites,burnin
4,13,0,23,atn,dolomites,burnin
11,6,18,23,atn,dolomites,burnin
36,8,4,23,atn,dolomites,burnin
56,4,1,24,down_power,dolomites,creation
34,3,5,24,down_power,dolomites,creation
43,19,6,24,down_power,dolomites,creation
40,7,2,24,down_power,dolomites,creation
12,5,7,24,down_power,dolomites,creation
13,7,1,24,down_power,dolomites,creation
24,3,1,24,down_power,dolomites,creation
49,0,30,24,down_power,dolomites,creation
5,24,4,24,down_power,dolomites,creation
31,6,4,24,down_power,dolomites,creation
38,5,6,24,down_power,dolomites,creation
45,0,27,24,down_power,dolomites,creation
28,5,5,24,down_power,dolomites,creation
37,5,4,24,down_power,dolomites,creation
8,4,0,24,down_power,dolomites,creation
35,5,6,24,down_power,dolomites,creation
27,6,6,24,down_power,dolomites,creation
21,4,5,24,down_power,dolomites,creation
6,22,7,24,down_power,dolomites,creation
32,4,0,24,down_power,dolomites,creation
16,7,4,24,down_power,dolomites,creation
57,6,1,24,down_power,dolomites,creation
42,35,4,24,down_power,dolomites,creation
15,4,3,24,down_power,dolomites,creation
17,3,5,24,down_power,dolomites,creation
20,2,6,24,down_power,dolomites,creation
29,5,7,24,down_power,dolomites,creation
7,13,5,24,down_power,dolomites,creation
2,12,2,24,down_power,dolomites,creation
23,7,1,24,down_power,dolomites,creation
18,7,5,24,down_power,dolomites,creation
9,7,0,24,down_power,dolomites,creation
55,6,1,24,down_power,dolomites,creation
53,5,1,24,down_power,dolomites,creation
10,5,6,24,down_power,dolomites,creation
22,4,2,24,down_power,dolomites,creation
26,4,7,24,down_power,dolomites,creation
3,12,2,24,down_power,dolomites,creation
30,3,1,24,down_power,dolomites,creation
52,8,1,24,down_power,dolomites,creation
48,0,32,24,down_power,dolomites,creation
54,6,0,24,down_power,dolomites,creation
51,0,24,24,down_power,dolomites,creation
41,35,5,24,down_power,dolomites,creation
25,3,7,24,down_power,dolomites,creation
33,5,7,24,down_power,dolomites,creation
58,6,1,24,down_power,dolomites,creation
39,5,5,24,down_power,dolomites,creation
47,0,29,24,down_power,dolomites,creation
14,5,0,24,down_power,dolomites,creation
44,0,23,24,down_power,dolomites,creation
1,3,8,24,down_power,dolomites,creation
19,3,4,24,down_power,dolomites,creation
46,0,30,24,down_power,dolomites,creation
50,0,26,24,down_power,dolomites,creation
59,6,1,24,down_power,dolomites,creation
4,18,1,24,down_power,dolomites,creation
11,7,5,24,down_power,dolomites,creation
36,4,0,24,down_power,dolomites,creation
56,8,1,24,metaweb,dolomites,creation
34,8,7,24,metaweb,dolomites,creation
43,28,7,24,metaweb,dolomites,creation
40,8,2,24,metaweb,dolomites,creation
12,8,8,24,metaweb,dolomites,creation
13,8,2,24,metaweb,dolomites,creation
24,8,2,24,metaweb,dolomites,creation
49,0,43,24,metaweb,dolomites,creation
5,31,4,24,metaweb,dolomites,creation
31,8,8,24,metaweb,dolomites,creation
38,8,7,24,metaweb,dolomites,creation
45,0,43,24,metaweb,dolomites,creation
28,8,7,24,metaweb,dolomites,creation
37,8,7,24,metaweb,dolomites,creation
8,8,1,24,metaweb,dolomites,creation
35,8,7,24,metaweb,dolomites,creation
27,8,8,24,metaweb,dolomites,creation
21,8,7,24,metaweb,dolomites,creation
6,27,7,24,metaweb,dolomites,creation
32,8,0,24,metaweb,dolomites,creation
16,8,7,24,metaweb,dolomites,creation
57,8,1,24,metaweb,dolomites,creation
42,35,7,24,metaweb,dolomites,creation
15,8,4,24,metaweb,dolomites,creation
17,8,7,24,metaweb,dolomites,creation
20,8,7,24,metaweb,dolomites,creation
29,8,7,24,metaweb,dolomites,creation
7,20,7,24,metaweb,dolomites,creation
2,18,2,24,metaweb,dolomites,creation
23,8,2,24,metaweb,dolomites,creation
18,8,7,24,metaweb,dolomites,creation
9,8,1,24,metaweb,dolomites,creation
55,8,1,24,metaweb,dolomites,creation
53,8,1,24,metaweb,dolomites,creation
10,8,8,24,metaweb,dolomites,creation
22,8,2,24,metaweb,dolomites,creation
26,8,8,24,metaweb,dolomites,creation
3,18,2,24,metaweb,dolomites,creation
30,8,2,24,metaweb,dolomites,creation
52,8,1,24,metaweb,dolomites,creation
48,0,43,24,metaweb,dolomites,creation
54,8,1,24,metaweb,dolomites,creation
51,0,43,24,metaweb,dolomites,creation
41,35,7,24,metaweb,dolomites,creation
25,8,8,24,metaweb,dolomites,creation
33,8,7,24,metaweb,dolomites,creation
58,8,1,24,metaweb,dolomites,creation
39,8,7,24,metaweb,dolomites,creation
47,0,43,24,metaweb,dolomites,creation
14,8,0,24,metaweb,dolomites,creation
44,0,43,24,metaweb,dolomites,creation
1,10,8,24,metaweb,dolomites,creation
19,8,7,24,metaweb,dolomites,creation
46,0,43,24,metaweb,dolomites,creation
50,0,43,24,metaweb,dolomites,creation
59,8,1,24,metaweb,dolomites,creation
4,31,4,24,metaweb,dolomites,creation
11,8,8,24,metaweb,dolomites,creation
36,8,2,24,metaweb,dolomites,creation
56,1,4,24,niche,dolomites,creation
34,3,10,24,niche,dolomites,creation
43,2,14,24,niche,dolomites,creation
40,0,14,24,niche,dolomites,creation
12,24,5,24,niche,dolomites,creation
13,8,5,24,niche,dolomites,creation
24,5,6,24,niche,dolomites,creation
49,6,10,24,niche,dolomites,creation
5,21,2,24,niche,dolomites,creation
31,8,6,24,niche,dolomites,creation
38,6,12,24,niche,dolomites,creation
45,6,12,24,niche,dolomites,creation
28,8,7,24,niche,dolomites,creation
37,3,12,24,niche,dolomites,creation
8,6,3,24,niche,dolomites,creation
35,11,13,24,niche,dolomites,creation
27,1,6,24,niche,dolomites,creation
21,26,5,24,niche,dolomites,creation
6,1,3,24,niche,dolomites,creation
32,8,7,24,niche,dolomites,creation
16,4,5,24,niche,dolomites,creation
57,0,6,24,niche,dolomites,creation
42,5,15,24,niche,dolomites,creation
15,4,5,24,niche,dolomites,creation
17,5,5,24,niche,dolomites,creation
20,0,5,24,niche,dolomites,creation
29,3,7,24,niche,dolomites,creation
7,32,3,24,niche,dolomites,creation
2,15,2,24,niche,dolomites,creation
23,1,6,24,niche,dolomites,creation
18,12,5,24,niche,dolomites,creation
9,15,3,24,niche,dolomites,creation
55,1,6,24,niche,dolomites,creation
53,1,8,24,niche,dolomites,creation
10,35,4,24,niche,dolomites,creation
22,7,5,24,niche,dolomites,creation
26,12,6,24,niche,dolomites,creation
3,15,2,24,niche,dolomites,creation
30,3,7,24,niche,dolomites,creation
52,0,7,24,niche,dolomites,creation
48,1,11,24,niche,dolomites,creation
54,4,7,24,niche,dolomites,creation
51,2,7,24,niche,dolomites,creation
41,5,15,24,niche,dolomites,creation
25,7,6,24,niche,dolomites,creation
33,1,10,24,niche,dolomites,creation
58,0,3,24,niche,dolomites,creation
39,1,13,24,niche,dolomites,creation
47,1,10,24,niche,dolomites,creation
14,13,5,24,niche,dolomites,creation
44,6,15,24,niche,dolomites,creation
1,11,1,24,niche,dolomites,creation
19,0,5,24,niche,dolomites,creation
46,0,14,24,niche,dolomites,creation
50,2,11,24,niche,dolomites,creation
59,0,3,24,niche,dolomites,creation
4,23,2,24,niche,dolomites,creation
11,13,4,24,niche,dolomites,creation
36,9,13,24,niche,dolomites,creation
56,6,1,24,down_rand,dolomites,creation
34,7,6,24,down_rand,dolomites,creation
43,22,6,24,down_rand,dolomites,creation
40,8,1,24,down_rand,dolomites,creation
12,7,5,24,down_rand,dolomites,creation
13,6,2,24,down_rand,dolomites,creation
24,5,1,24,down_rand,dolomites,creation
49,0,30,24,down_rand,dolomites,creation
5,21,4,24,down_rand,dolomites,creation
31,5,6,24,down_rand,dolomites,creation
38,4,6,24,down_rand,dolomites,creation
45,0,21,24,down_rand,dolomites,creation
28,4,4,24,down_rand,dolomites,creation
37,3,5,24,down_rand,dolomites,creation
8,5,1,24,down_rand,dolomites,creation
35,5,5,24,down_rand,dolomites,creation
27,5,5,24,down_rand,dolomites,creation
21,7,5,24,down_rand,dolomites,creation
6,18,5,24,down_rand,dolomites,creation
32,6,0,24,down_rand,dolomites,creation
16,2,7,24,down_rand,dolomites,creation
57,4,1,24,down_rand,dolomites,creation
42,26,5,24,down_rand,dolomites,creation
15,6,3,24,down_rand,dolomites,creation
17,6,3,24,down_rand,dolomites,creation
20,6,4,24,down_rand,dolomites,creation
29,5,4,24,down_rand,dolomites,creation
7,15,5,24,down_rand,dolomites,creation
2,13,2,24,down_rand,dolomites,creation
23,7,2,24,down_rand,dolomites,creation
18,3,5,24,down_rand,dolomites,creation
9,6,1,24,down_rand,dolomites,creation
55,6,1,24,down_rand,dolomites,creation
53,8,1,24,down_rand,dolomites,creation
10,5,6,24,down_rand,dolomites,creation
22,4,2,24,down_rand,dolomites,creation
26,3,5,24,down_rand,dolomites,creation
3,14,1,24,down_rand,dolomites,creation
30,7,1,24,down_rand,dolomites,creation
52,5,1,24,down_rand,dolomites,creation
48,0,31,24,down_rand,dolomites,creation
54,6,1,24,down_rand,dolomites,creation
51,0,34,24,down_rand,dolomites,creation
41,21,3,24,down_rand,dolomites,creation
25,6,4,24,down_rand,dolomites,creation
33,6,6,24,down_rand,dolomites,creation
58,6,1,24,down_rand,dolomites,creation
39,3,6,24,down_rand,dolomites,creation
47,0,30,24,down_rand,dolomites,creation
14,6,0,24,down_rand,dolomites,creation
44,0,25,24,down_rand,dolomites,creation
1,7,5,24,down_rand,dolomites,creation
19,5,4,24,down_rand,dolomites,creation
46,0,29,24,down_rand,dolomites,creation
50,0,30,24,down_rand,dolomites,creation
59,5,1,24,down_rand,dolomites,creation
4,20,2,24,down_rand,dolomites,creation
11,6,6,24,down_rand,dolomites,creation
36,7,2,24,down_rand,dolomites,creation
56,4,1,24,down_link,dolomites,creation
34,5,4,24,down_link,dolomites,creation
43,21,4,24,down_link,dolomites,creation
40,8,2,24,down_link,dolomites,creation
12,6,3,24,down_link,dolomites,creation
13,5,2,24,down_link,dolomites,creation
24,6,2,24,down_link,dolomites,creation
49,0,29,24,down_link,dolomites,creation
5,24,4,24,down_link,dolomites,creation
31,5,6,24,down_link,dolomites,creation
38,5,7,24,down_link,dolomites,creation
45,0,29,24,down_link,dolomites,creation
28,2,5,24,down_link,dolomites,creation
37,6,6,24,down_link,dolomites,creation
8,4,1,24,down_link,dolomites,creation
35,5,6,24,down_link,dolomites,creation
27,5,5,24,down_link,dolomites,creation
21,7,5,24,down_link,dolomites,creation
6,20,4,24,down_link,dolomites,creation
32,5,0,24,down_link,dolomites,creation
16,4,5,24,down_link,dolomites,creation
57,6,1,24,down_link,dolomites,creation
42,23,5,24,down_link,dolomites,creation
15,6,4,24,down_link,dolomites,creation
17,7,5,24,down_link,dolomites,creation
20,5,6,24,down_link,dolomites,creation
29,7,5,24,down_link,dolomites,creation
7,15,6,24,down_link,dolomites,creation
2,14,2,24,down_link,dolomites,creation
23,6,2,24,down_link,dolomites,creation
18,7,5,24,down_link,dolomites,creation
9,6,1,24,down_link,dolomites,creation
55,6,1,24,down_link,dolomites,creation
53,6,1,24,down_link,dolomites,creation
10,6,5,24,down_link,dolomites,creation
22,4,2,24,down_link,dolomites,creation
26,5,6,24,down_link,dolomites,creation
3,11,2,24,down_link,dolomites,creation
30,6,2,24,down_link,dolomites,creation
52,6,1,24,down_link,dolomites,creation
48,0,32,24,down_link,dolomites,creation
54,6,1,24,down_link,dolomites,creation
51,0,24,24,down_link,dolomites,creation
41,22,6,24,down_link,dolomites,creation
25,4,7,24,down_link,dolomites,creation
33,4,5,24,down_link,dolomites,creation
58,5,1,24,down_link,dolomites,creation
39,4,6,24,down_link,dolomites,creation
47,0,26,24,down_link,dolomites,creation
14,6,0,24,down_link,dolomites,creation
44,0,22,24,down_link,dolomites,creation
1,9,4,24,down_link,dolomites,creation
19,6,5,24,down_link,dolomites,creation
46,0,27,24,down_link,dolomites,creation
50,0,27,24,down_link,dolomites,creation
59,4,1,24,down_link,dolomites,creation
4,22,4,24,down_link,dolomites,creation
11,4,7,24,down_link,dolomites,creation
36,4,2,24,down_link,dolomites,creation
56,7,1,24,down_niche,dolomites,creation
34,7,4,24,down_niche,dolomites,creation
43,17,3,24,down_niche,dolomites,creation
40,7,0,24,down_niche,dolomites,creation
12,5,7,24,down_niche,dolomites,creation
13,5,2,24,down_niche,dolomites,creation
24,6,2,24,down_niche,dolomites,creation
49,0,37,24,down_niche,dolomites,creation
5,16,2,24,down_niche,dolomites,creation
31,8,3,24,down_niche,dolomites,creation
38,7,4,24,down_niche,dolomites,creation
45,0,6,24,down_niche,dolomites,creation
28,5,5,24,down_niche,dolomites,creation
37,5,4,24,down_niche,dolomites,creation
8,6,1,24,down_niche,dolomites,creation
35,5,7,24,down_niche,dolomites,creation
27,6,5,24,down_niche,dolomites,creation
21,6,6,24,down_niche,dolomites,creation
6,14,1,24,down_niche,dolomites,creation
32,7,0,24,down_niche,dolomites,creation
16,7,4,24,down_niche,dolomites,creation
57,5,0,24,down_niche,dolomites,creation
42,20,1,24,down_niche,dolomites,creation
15,7,2,24,down_niche,dolomites,creation
17,6,5,24,down_niche,dolomites,creation
20,7,6,24,down_niche,dolomites,creation
29,7,4,24,down_niche,dolomites,creation
7,17,1,24,down_niche,dolomites,creation
2,7,0,24,down_niche,dolomites,creation
23,7,2,24,down_niche,dolomites,creation
18,6,5,24,down_niche,dolomites,creation
9,6,1,24,down_niche,dolomites,creation
55,7,1,24,down_niche,dolomites,creation
53,7,1,24,down_niche,dolomites,creation
10,7,4,24,down_niche,dolomites,creation
22,8,2,24,down_niche,dolomites,creation
26,7,5,24,down_niche,dolomites,creation
3,5,1,24,down_niche,dolomites,creation
30,7,2,24,down_niche,dolomites,creation
52,7,1,24,down_niche,dolomites,creation
48,0,38,24,down_niche,dolomites,creation
54,8,1,24,down_niche,dolomites,creation
51,0,30,24,down_niche,dolomites,creation
41,15,1,24,down_niche,dolomites,creation
25,6,4,24,down_niche,dolomites,creation
33,6,6,24,down_niche,dolomites,creation
58,8,1,24,down_niche,dolomites,creation
39,6,5,24,down_niche,dolomites,creation
47,0,38,24,down_niche,dolomites,creation
14,6,0,24,down_niche,dolomites,creation
44,0,38,24,down_niche,dolomites,creation
1,7,1,24,down_niche,dolomites,creation
19,7,4,24,down_niche,dolomites,creation
46,0,36,24,down_niche,dolomites,creation
50,0,38,24,down_niche,dolomites,creation
59,6,1,24,down_niche,dolomites,creation
4,14,0,24,down_niche,dolomites,creation
11,7,7,24,down_niche,dolomites,creation
36,7,2,24,down_niche,dolomites,creation
56,7,1,24,down_niche_bodysize,dolomites,creation
34,7,4,24,down_niche_bodysize,dolomites,creation
43,17,3,24,down_niche_bodysize,dolomites,creation
40,7,0,24,down_niche_bodysize,dolomites,creation
12,5,7,24,down_niche_bodysize,dolomites,creation
13,5,2,24,down_niche_bodysize,dolomites,creation
24,6,2,24,down_niche_bodysize,dolomites,creation
49,0,37,24,down_niche_bodysize,dolomites,creation
5,16,2,24,down_niche_bodysize,dolomites,creation
31,8,3,24,down_niche_bodysize,dolomites,creation
38,7,4,24,down_niche_bodysize,dolomites,creation
45,0,6,24,down_niche_bodysize,dolomites,creation
28,5,5,24,down_niche_bodysize,dolomites,creation
37,5,4,24,down_niche_bodysize,dolomites,creation
8,6,1,24,down_niche_bodysize,dolomites,creation
35,5,7,24,down_niche_bodysize,dolomites,creation
27,6,5,24,down_niche_bodysize,dolomites,creation
21,6,6,24,down_niche_bodysize,dolomites,creation
6,14,1,24,down_niche_bodysize,dolomites,creation
32,7,0,24,down_niche_bodysize,dolomites,creation
16,7,4,24,down_niche_bodysize,dolomites,creation
57,5,0,24,down_niche_bodysize,dolomites,creation
42,20,1,24,down_niche_bodysize,dolomites,creation
15,7,2,24,down_niche_bodysize,dolomites,creation
17,6,5,24,down_niche_bodysize,dolomites,creation
20,7,6,24,down_niche_bodysize,dolomites,creation
29,7,4,24,down_niche_bodysize,dolomites,creation
7,17,1,24,down_niche_bodysize,dolomites,creation
2,7,0,24,down_niche_bodysize,dolomites,creation
23,7,2,24,down_niche_bodysize,dolomites,creation
18,6,5,24,down_niche_bodysize,dolomites,creation
9,6,1,24,down_niche_bodysize,dolomites,creation
55,7,1,24,down_niche_bodysize,dolomites,creation
53,7,1,24,down_niche_bodysize,dolomites,creation
10,7,4,24,down_niche_bodysize,dolomites,creation
22,8,2,24,down_niche_bodysize,dolomites,creation
26,7,5,24,down_niche_bodysize,dolomites,creation
3,5,1,24,down_niche_bodysize,dolomites,creation
30,7,2,24,down_niche_bodysize,dolomites,creation
52,7,1,24,down_niche_bodysize,dolomites,creation
48,0,38,24,down_niche_bodysize,dolomites,creation
54,8,1,24,down_niche_bodysize,dolomites,creation
51,0,30,24,down_niche_bodysize,dolomites,creation
41,15,1,24,down_niche_bodysize,dolomites,creation
25,6,4,24,down_niche_bodysize,dolomites,creation
33,6,6,24,down_niche_bodysize,dolomites,creation
58,8,1,24,down_niche_bodysize,dolomites,creation
39,6,5,24,down_niche_bodysize,dolomites,creation
47,0,38,24,down_niche_bodysize,dolomites,creation
14,6,0,24,down_niche_bodysize,dolomites,creation
44,0,38,24,down_niche_bodysize,dolomites,creation
1,7,1,24,down_niche_bodysize,dolomites,creation
19,7,4,24,down_niche_bodysize,dolomites,creation
46,0,36,24,down_niche_bodysize,dolomites,creation
50,0,38,24,down_niche_bodysize,dolomites,creation
59,6,1,24,down_niche_bodysize,dolomites,creation
4,14,0,24,down_niche_bodysize,dolomites,creation
11,7,7,24,down_niche_bodysize,dolomites,creation
36,7,2,24,down_niche_bodysize,dolomites,creation
56,4,39,24,atn,dolomites,creation
34,6,1,24,atn,dolomites,creation
43,6,0,24,atn,dolomites,creation
40,6,0,24,atn,dolomites,creation
12,6,0,24,atn,dolomites,creation
13,6,8,24,atn,dolomites,creation
24,6,20,24,atn,dolomites,creation
49,0,26,24,atn,dolomites,creation
5,13,0,24,atn,dolomites,creation
31,9,0,24,atn,dolomites,creation
38,6,1,24,atn,dolomites,creation
45,0,8,24,atn,dolomites,creation
28,9,0,24,atn,dolomites,creation
37,9,0,24,atn,dolomites,creation
8,12,0,24,atn,dolomites,creation
35,6,0,24,atn,dolomites,creation
27,6,0,24,atn,dolomites,creation
21,6,1,24,atn,dolomites,creation
6,12,0,24,atn,dolomites,creation
32,12,0,24,atn,dolomites,creation
16,9,0,24,atn,dolomites,creation
57,6,26,24,atn,dolomites,creation
42,10,0,24,atn,dolomites,creation
15,11,0,24,atn,dolomites,creation
17,12,0,24,atn,dolomites,creation
20,6,1,24,atn,dolomites,creation
29,7,0,24,atn,dolomites,creation
7,6,1,24,atn,dolomites,creation
2,12,0,24,atn,dolomites,creation
23,6,26,24,atn,dolomites,creation
18,9,0,24,atn,dolomites,creation
9,6,1,24,atn,dolomites,creation
55,2,35,24,atn,dolomites,creation
53,0,8,24,atn,dolomites,creation
10,13,0,24,atn,dolomites,creation
22,6,13,24,atn,dolomites,creation
26,7,0,24,atn,dolomites,creation
3,18,0,24,atn,dolomites,creation
30,6,11,24,atn,dolomites,creation
52,0,4,24,atn,dolomites,creation
48,0,39,24,atn,dolomites,creation
54,0,20,24,atn,dolomites,creation
51,0,0,24,atn,dolomites,creation
41,9,0,24,atn,dolomites,creation
25,12,0,24,atn,dolomites,creation
33,12,0,24,atn,dolomites,creation
58,6,11,24,atn,dolomites,creation
39,7,0,24,atn,dolomites,creation
47,0,35,24,atn,dolomites,creation
14,7,0,24,atn,dolomites,creation
44,0,4,24,atn,dolomites,creation
1,9,0,24,atn,dolomites,creation
19,7,0,24,atn,dolomites,creation
46,0,20,24,atn,dolomites,creation
50,0,11,24,atn,dolomites,creation
59,6,0,24,atn,dolomites,creation
4,10,0,24,atn,dolomites,creation
11,7,0,24,atn,dolomites,creation
36,6,20,24,atn,dolomites,creation
34,0,24,24,down_power,dolomites,burnin
43,6,0,24,down_power,dolomites,burnin
40,0,21,24,down_power,dolomites,burnin
12,3,0,24,down_power,dolomites,burnin
13,2,0,24,down_power,dolomites,burnin
24,6,0,24,down_power,dolomites,burnin
5,5,0,24,down_power,dolomites,burnin
31,5,0,24,down_power,dolomites,burnin
38,0,28,24,down_power,dolomites,burnin
45,4,0,24,down_power,dolomites,burnin
28,5,0,24,down_power,dolomites,burnin
37,0,29,24,down_power,dolomites,burnin
8,4,0,24,down_power,dolomites,burnin
35,0,27,24,down_power,dolomites,burnin
27,3,0,24,down_power,dolomites,burnin
21,5,0,24,down_power,dolomites,burnin
6,7,0,24,down_power,dolomites,burnin
32,5,0,24,down_power,dolomites,burnin
16,7,0,24,down_power,dolomites,burnin
42,5,0,24,down_power,dolomites,burnin
15,4,0,24,down_power,dolomites,burnin
17,3,0,24,down_power,dolomites,burnin
20,6,0,24,down_power,dolomites,burnin
29,4,0,24,down_power,dolomites,burnin
7,5,0,24,down_power,dolomites,burnin
2,7,0,24,down_power,dolomites,burnin
23,3,0,24,down_power,dolomites,burnin
18,3,0,24,down_power,dolomites,burnin
9,7,0,24,down_power,dolomites,burnin
10,3,0,24,down_power,dolomites,burnin
22,5,0,24,down_power,dolomites,burnin
26,5,0,24,down_power,dolomites,burnin
3,5,0,24,down_power,dolomites,burnin
30,5,0,24,down_power,dolomites,burnin
48,6,0,24,down_power,dolomites,burnin
41,8,0,24,down_power,dolomites,burnin
25,4,0,24,down_power,dolomites,burnin
33,0,20,24,down_power,dolomites,burnin
39,0,24,24,down_power,dolomites,burnin
47,6,0,24,down_power,dolomites,burnin
14,4,0,24,down_power,dolomites,burnin
44,6,0,24,down_power,dolomites,burnin
1,4,0,24,down_power,dolomites,burnin
19,4,0,24,down_power,dolomites,burnin
46,6,0,24,down_power,dolomites,burnin
4,7,0,24,down_power,dolomites,burnin
11,7,0,24,down_power,dolomites,burnin
36,0,26,24,down_power,dolomites,burnin
34,0,40,24,metaweb,dolomites,burnin
43,8,0,24,metaweb,dolomites,burnin
40,0,40,24,metaweb,dolomites,burnin
12,8,0,24,metaweb,dolomites,burnin
13,8,0,24,metaweb,dolomites,burnin
24,8,0,24,metaweb,dolomites,burnin
5,8,0,24,metaweb,dolomites,burnin
31,8,0,24,metaweb,dolomites,burnin
38,0,40,24,metaweb,dolomites,burnin
45,8,0,24,metaweb,dolomites,burnin
28,8,0,24,metaweb,dolomites,burnin
37,0,40,24,metaweb,dolomites,burnin
8,8,0,24,metaweb,dolomites,burnin
35,0,40,24,metaweb,dolomites,burnin
27,8,0,24,metaweb,dolomites,burnin
21,8,0,24,metaweb,dolomites,burnin
6,8,0,24,metaweb,dolomites,burnin
32,8,0,24,metaweb,dolomites,burnin
16,8,0,24,metaweb,dolomites,burnin
42,8,0,24,metaweb,dolomites,burnin
15,8,0,24,metaweb,dolomites,burnin
17,8,0,24,metaweb,dolomites,burnin
20,8,0,24,metaweb,dolomites,burnin
29,8,0,24,metaweb,dolomites,burnin
7,8,0,24,metaweb,dolomites,burnin
2,8,0,24,metaweb,dolomites,burnin
23,8,0,24,metaweb,dolomites,burnin
18,8,0,24,metaweb,dolomites,burnin
9,8,0,24,metaweb,dolomites,burnin
10,8,0,24,metaweb,dolomites,burnin
22,8,0,24,metaweb,dolomites,burnin
26,8,0,24,metaweb,dolomites,burnin
3,8,0,24,metaweb,dolomites,burnin
30,8,0,24,metaweb,dolomites,burnin
48,8,0,24,metaweb,dolomites,burnin
41,8,0,24,metaweb,dolomites,burnin
25,8,0,24,metaweb,dolomites,burnin
33,0,40,24,metaweb,dolomites,burnin
39,0,40,24,metaweb,dolomites,burnin
47,8,0,24,metaweb,dolomites,burnin
14,8,0,24,metaweb,dolomites,burnin
44,8,0,24,metaweb,dolomites,burnin
1,8,0,24,metaweb,dolomites,burnin
19,8,0,24,metaweb,dolomites,burnin
46,8,0,24,metaweb,dolomites,burnin
4,8,0,24,metaweb,dolomites,burnin
11,8,0,24,metaweb,dolomites,burnin
36,0,40,24,metaweb,dolomites,burnin
17,5,4,24,niche,dolomites,burnin
20,0,6,24,niche,dolomites,burnin
29,1,6,24,niche,dolomites,burnin
7,6,1,24,niche,dolomites,burnin
2,20,0,24,niche,dolomites,burnin
23,6,7,24,niche,dolomites,burnin
12,9,3,24,niche,dolomites,burnin
18,6,6,24,niche,dolomites,burnin
13,3,2,24,niche,dolomites,burnin
9,8,1,24,niche,dolomites,burnin
24,2,8,24,niche,dolomites,burnin
10,1,3,24,niche,dolomites,burnin
22,1,7,24,niche,dolomites,burnin
26,0,7,24,niche,dolomites,burnin
3,1,0,24,niche,dolomites,burnin
5,3,0,24,niche,dolomites,burnin
30,1,4,24,niche,dolomites,burnin
31,0,6,24,niche,dolomites,burnin
28,4,6,24,niche,dolomites,burnin
8,2,1,24,niche,dolomites,burnin
25,2,7,24,niche,dolomites,burnin
33,0,3,24,niche,dolomites,burnin
27,1,8,24,niche,dolomites,burnin
21,1,6,24,niche,dolomites,burnin
14,6,2,24,niche,dolomites,burnin
6,5,0,24,niche,dolomites,burnin
1,13,0,24,niche,dolomites,burnin
19,6,4,24,niche,dolomites,burnin
32,0,3,24,niche,dolomites,burnin
16,0,4,24,niche,dolomites,burnin
4,3,0,24,niche,dolomites,burnin
15,1,2,24,niche,dolomites,burnin
11,3,3,24,niche,dolomites,burnin
34,0,19,24,down_rand,dolomites,burnin
43,6,0,24,down_rand,dolomites,burnin
40,0,31,24,down_rand,dolomites,burnin
12,5,0,24,down_rand,dolomites,burnin
13,6,0,24,down_rand,dolomites,burnin
24,5,0,24,down_rand,dolomites,burnin
5,7,0,24,down_rand,dolomites,burnin
31,4,0,24,down_rand,dolomites,burnin
38,0,28,24,down_rand,dolomites,burnin
45,6,0,24,down_rand,dolomites,burnin
28,5,0,24,down_rand,dolomites,burnin
37,0,30,24,down_rand,dolomites,burnin
8,6,0,24,down_rand,dolomites,burnin
35,0,27,24,down_rand,dolomites,burnin
27,7,0,24,down_rand,dolomites,burnin
21,4,0,24,down_rand,dolomites,burnin
6,6,0,24,down_rand,dolomites,burnin
32,3,0,24,down_rand,dolomites,burnin
16,7,0,24,down_rand,dolomites,burnin
42,8,0,24,down_rand,dolomites,burnin
15,4,0,24,down_rand,dolomites,burnin
17,5,0,24,down_rand,dolomites,burnin
20,5,0,24,down_rand,dolomites,burnin
29,7,0,24,down_rand,dolomites,burnin
7,6,0,24,down_rand,dolomites,burnin
2,6,0,24,down_rand,dolomites,burnin
23,7,0,24,down_rand,dolomites,burnin
18,6,0,24,down_rand,dolomites,burnin
9,2,0,24,down_rand,dolomites,burnin
10,6,0,24,down_rand,dolomites,burnin
22,5,0,24,down_rand,dolomites,burnin
26,6,0,24,down_rand,dolomites,burnin
3,5,0,24,down_rand,dolomites,burnin
30,3,0,24,down_rand,dolomites,burnin
48,5,0,24,down_rand,dolomites,burnin
41,5,0,24,down_rand,dolomites,burnin
25,6,0,24,down_rand,dolomites,burnin
33,0,23,24,down_rand,dolomites,burnin
39,0,28,24,down_rand,dolomites,burnin
47,6,0,24,down_rand,dolomites,burnin
14,7,0,24,down_rand,dolomites,burnin
44,6,0,24,down_rand,dolomites,burnin
1,5,0,24,down_rand,dolomites,burnin
19,3,0,24,down_rand,dolomites,burnin
46,4,0,24,down_rand,dolomites,burnin
4,6,0,24,down_rand,dolomites,burnin
11,3,0,24,down_rand,dolomites,burnin
36,0,28,24,down_rand,dolomites,burnin
34,0,28,24,down_link,dolomites,burnin
43,6,0,24,down_link,dolomites,burnin
40,0,24,24,down_link,dolomites,burnin
12,6,0,24,down_link,dolomites,burnin
13,5,0,24,down_link,dolomites,burnin
24,5,0,24,down_link,dolomites,burnin
5,6,0,24,down_link,dolomites,burnin
31,5,0,24,down_link,dolomites,burnin
38,0,29,24,down_link,dolomites,burnin
45,4,0,24,down_link,dolomites,burnin
28,5,0,24,down_link,dolomites,burnin
37,0,31,24,down_link,dolomites,burnin
8,6,0,24,down_link,dolomites,burnin
35,0,26,24,down_link,dolomites,burnin
27,5,0,24,down_link,dolomites,burnin
21,2,0,24,down_link,dolomites,burnin
6,5,0,24,down_link,dolomites,burnin
32,4,0,24,down_link,dolomites,burnin
16,6,0,24,down_link,dolomites,burnin
42,6,0,24,down_link,dolomites,burnin
15,4,0,24,down_link,dolomites,burnin
17,6,0,24,down_link,dolomites,burnin
20,5,0,24,down_link,dolomites,burnin
29,4,0,24,down_link,dolomites,burnin
7,6,0,24,down_link,dolomites,burnin
2,6,0,24,down_link,dolomites,burnin
23,6,0,24,down_link,dolomites,burnin
18,4,0,24,down_link,dolomites,burnin
9,4,0,24,down_link,dolomites,burnin
10,7,0,24,down_link,dolomites,burnin
22,7,0,24,down_link,dolomites,burnin
26,4,0,24,down_link,dolomites,burnin
3,6,0,24,down_link,dolomites,burnin
30,6,0,24,down_link,dolomites,burnin
48,4,0,24,down_link,dolomites,burnin
41,6,0,24,down_link,dolomites,burnin
25,5,0,24,down_link,dolomites,burnin
33,0,21,24,down_link,dolomites,burnin
39,0,26,24,down_link,dolomites,burnin
47,5,0,24,down_link,dolomites,burnin
14,7,0,24,down_link,dolomites,burnin
44,6,0,24,down_link,dolomites,burnin
1,4,0,24,down_link,dolomites,burnin
19,5,0,24,down_link,dolomites,burnin
46,6,0,24,down_link,dolomites,burnin
4,4,0,24,down_link,dolomites,burnin
11,7,0,24,down_link,dolomites,burnin
36,0,25,24,down_link,dolomites,burnin
34,7,1,24,down_niche,dolomites,burnin
43,0,37,24,down_niche,dolomites,burnin
40,0,36,24,down_niche,dolomites,burnin
12,7,1,24,down_niche,dolomites,burnin
13,6,2,24,down_niche,dolomites,burnin
24,5,1,24,down_niche,dolomites,burnin
49,7,1,24,down_niche,dolomites,burnin
5,6,1,24,down_niche,dolomites,burnin
31,5,2,24,down_niche,dolomites,burnin
38,0,38,24,down_niche,dolomites,burnin
45,0,30,24,down_niche,dolomites,burnin
28,7,0,24,down_niche,dolomites,burnin
37,14,1,24,down_niche,dolomites,burnin
8,5,2,24,down_niche,dolomites,burnin
35,6,1,24,down_niche,dolomites,burnin
27,8,1,24,down_niche,dolomites,burnin
21,6,2,24,down_niche,dolomites,burnin
6,7,2,24,down_niche,dolomites,burnin
32,7,1,24,down_niche,dolomites,burnin
16,7,2,24,down_niche,dolomites,burnin
42,0,38,24,down_niche,dolomites,burnin
15,7,1,24,down_niche,dolomites,burnin
17,6,1,24,down_niche,dolomites,burnin
20,6,1,24,down_niche,dolomites,burnin
29,6,2,24,down_niche,dolomites,burnin
7,7,3,24,down_niche,dolomites,burnin
2,7,0,24,down_niche,dolomites,burnin
23,6,3,24,down_niche,dolomites,burnin
18,8,1,24,down_niche,dolomites,burnin
9,5,1,24,down_niche,dolomites,burnin
53,6,1,24,down_niche,dolomites,burnin
10,6,0,24,down_niche,dolomites,burnin
22,7,1,24,down_niche,dolomites,burnin
26,7,1,24,down_niche,dolomites,burnin
3,17,1,24,down_niche,dolomites,burnin
30,7,2,24,down_niche,dolomites,burnin
52,8,1,24,down_niche,dolomites,burnin
48,8,1,24,down_niche,dolomites,burnin
51,5,0,24,down_niche,dolomites,burnin
41,0,38,24,down_niche,dolomites,burnin
25,7,1,24,down_niche,dolomites,burnin
33,5,2,24,down_niche,dolomites,burnin
39,0,6,24,down_niche,dolomites,burnin
47,7,1,24,down_niche,dolomites,burnin
14,6,1,24,down_niche,dolomites,burnin
44,0,37,24,down_niche,dolomites,burnin
1,7,0,24,down_niche,dolomites,burnin
19,7,1,24,down_niche,dolomites,burnin
46,7,1,24,down_niche,dolomites,burnin
50,7,1,24,down_niche,dolomites,burnin
4,6,1,24,down_niche,dolomites,burnin
11,7,1,24,down_niche,dolomites,burnin
36,7,0,24,down_niche,dolomites,burnin
34,7,1,24,down_niche_bodysize,dolomites,burnin
43,0,37,24,down_niche_bodysize,dolomites,burnin
40,0,36,24,down_niche_bodysize,dolomites,burnin
12,7,1,24,down_niche_bodysize,dolomites,burnin
13,6,2,24,down_niche_bodysize,dolomites,burnin
24,5,1,24,down_niche_bodysize,dolomites,burnin
49,7,1,24,down_niche_bodysize,dolomites,burnin
5,6,1,24,down_niche_bodysize,dolomites,burnin
31,5,2,24,down_niche_bodysize,dolomites,burnin
38,0,38,24,down_niche_bodysize,dolomites,burnin
45,0,30,24,down_niche_bodysize,dolomites,burnin
28,7,0,24,down_niche_bodysize,dolomites,burnin
37,14,1,24,down_niche_bodysize,dolomites,burnin
8,5,2,24,down_niche_bodysize,dolomites,burnin
35,6,1,24,down_niche_bodysize,dolomites,burnin
27,8,1,24,down_niche_bodysize,dolomites,burnin
21,6,2,24,down_niche_bodysize,dolomites,burnin
6,7,2,24,down_niche_bodysize,dolomites,burnin
32,7,1,24,down_niche_bodysize,dolomites,burnin
16,7,2,24,down_niche_bodysize,dolomites,burnin
42,0,38,24,down_niche_bodysize,dolomites,burnin
15,7,1,24,down_niche_bodysize,dolomites,burnin
17,6,1,24,down_niche_bodysize,dolomites,burnin
20,6,1,24,down_niche_bodysize,dolomites,burnin
29,6,2,24,down_niche_bodysize,dolomites,burnin
7,7,3,24,down_niche_bodysize,dolomites,burnin
2,7,0,24,down_niche_bodysize,dolomites,burnin
23,6,3,24,down_niche_bodysize,dolomites,burnin
18,8,1,24,down_niche_bodysize,dolomites,burnin
9,5,1,24,down_niche_bodysize,dolomites,burnin
53,6,1,24,down_niche_bodysize,dolomites,burnin
10,6,0,24,down_niche_bodysize,dolomites,burnin
22,7,1,24,down_niche_bodysize,dolomites,burnin
26,7,1,24,down_niche_bodysize,dolomites,burnin
3,17,1,24,down_niche_bodysize,dolomites,burnin
30,7,2,24,down_niche_bodysize,dolomites,burnin
52,8,1,24,down_niche_bodysize,dolomites,burnin
48,8,1,24,down_niche_bodysize,dolomites,burnin
51,5,0,24,down_niche_bodysize,dolomites,burnin
41,0,38,24,down_niche_bodysize,dolomites,burnin
25,7,1,24,down_niche_bodysize,dolomites,burnin
33,5,2,24,down_niche_bodysize,dolomites,burnin
39,0,6,24,down_niche_bodysize,dolomites,burnin
47,7,1,24,down_niche_bodysize,dolomites,burnin
14,6,1,24,down_niche_bodysize,dolomites,burnin
44,0,37,24,down_niche_bodysize,dolomites,burnin
1,7,0,24,down_niche_bodysize,dolomites,burnin
19,7,1,24,down_niche_bodysize,dolomites,burnin
46,7,1,24,down_niche_bodysize,dolomites,burnin
50,7,1,24,down_niche_bodysize,dolomites,burnin
4,6,1,24,down_niche_bodysize,dolomites,burnin
11,7,1,24,down_niche_bodysize,dolomites,burnin
36,7,0,24,down_niche_bodysize,dolomites,burnin
34,0,4,24,atn,dolomites,burnin
43,0,20,24,atn,dolomites,burnin
40,0,10,24,atn,dolomites,burnin
12,11,0,24,atn,dolomites,burnin
13,12,0,24,atn,dolomites,burnin
24,6,10,24,atn,dolomites,burnin
5,12,0,24,atn,dolomites,burnin
31,7,0,24,atn,dolomites,burnin
38,0,29,24,atn,dolomites,burnin
45,4,29,24,atn,dolomites,burnin
28,6,0,24,atn,dolomites,burnin
37,0,26,24,atn,dolomites,burnin
8,7,0,24,atn,dolomites,burnin
35,0,8,24,atn,dolomites,burnin
27,6,0,24,atn,dolomites,burnin
21,7,0,24,atn,dolomites,burnin
6,6,0,24,atn,dolomites,burnin
32,6,0,24,atn,dolomites,burnin
16,6,0,24,atn,dolomites,burnin
42,0,8,24,atn,dolomites,burnin
15,6,0,24,atn,dolomites,burnin
17,6,10,24,atn,dolomites,burnin
20,12,0,24,atn,dolomites,burnin
29,6,10,24,atn,dolomites,burnin
7,13,0,24,atn,dolomites,burnin
2,13,0,24,atn,dolomites,burnin
23,7,0,24,atn,dolomites,burnin
18,6,16,24,atn,dolomites,burnin
9,6,0,24,atn,dolomites,burnin
10,6,7,24,atn,dolomites,burnin
22,6,0,24,atn,dolomites,burnin
26,12,0,24,atn,dolomites,burnin
3,12,0,24,atn,dolomites,burnin
30,6,0,24,atn,dolomites,burnin
48,6,0,24,atn,dolomites,burnin
41,0,4,24,atn,dolomites,burnin
25,12,0,24,atn,dolomites,burnin
33,6,0,24,atn,dolomites,burnin
39,0,16,24,atn,dolomites,burnin
47,6,10,24,atn,dolomites,burnin
14,7,0,24,atn,dolomites,burnin
44,2,26,24,atn,dolomites,burnin
1,12,0,24,atn,dolomites,burnin
19,6,10,24,atn,dolomites,burnin
46,6,16,24,atn,dolomites,burnin
4,6,0,24,atn,dolomites,burnin
11,7,0,24,atn,dolomites,burnin
36,0,20,24,atn,dolomites,burnin
56,5,1,25,down_power,dolomites,creation
34,6,6,25,down_power,dolomites,creation
43,17,5,25,down_power,dolomites,creation
40,5,2,25,down_power,dolomites,creation
12,6,7,25,down_power,dolomites,creation
13,3,0,25,down_power,dolomites,creation
24,5,1,25,down_power,dolomites,creation
49,0,33,25,down_power,dolomites,creation
5,27,3,25,down_power,dolomites,creation
31,6,8,25,down_power,dolomites,creation
38,6,7,25,down_power,dolomites,creation
45,0,33,25,down_power,dolomites,creation
28,8,7,25,down_power,dolomites,creation
37,6,6,25,down_power,dolomites,creation
8,7,1,25,down_power,dolomites,creation
35,5,6,25,down_power,dolomites,creation
27,4,5,25,down_power,dolomites,creation
21,6,6,25,down_power,dolomites,creation
6,15,6,25,down_power,dolomites,creation
32,6,0,25,down_power,dolomites,creation
16,5,6,25,down_power,dolomites,creation
57,5,1,25,down_power,dolomites,creation
42,35,7,25,down_power,dolomites,creation
15,4,4,25,down_power,dolomites,creation
17,5,4,25,down_power,dolomites,creation
20,7,4,25,down_power,dolomites,creation
29,6,6,25,down_power,dolomites,creation
7,12,7,25,down_power,dolomites,creation
2,12,2,25,down_power,dolomites,creation
23,4,2,25,down_power,dolomites,creation
18,6,6,25,down_power,dolomites,creation
9,5,1,25,down_power,dolomites,creation
55,7,0,25,down_power,dolomites,creation
53,5,1,25,down_power,dolomites,creation
10,7,6,25,down_power,dolomites,creation
22,4,1,25,down_power,dolomites,creation
26,5,5,25,down_power,dolomites,creation
3,13,1,25,down_power,dolomites,creation
30,6,1,25,down_power,dolomites,creation
52,2,1,25,down_power,dolomites,creation
48,0,33,25,down_power,dolomites,creation
54,6,1,25,down_power,dolomites,creation
51,0,25,25,down_power,dolomites,creation
41,35,4,25,down_power,dolomites,creation
25,6,7,25,down_power,dolomites,creation
33,6,6,25,down_power,dolomites,creation
58,8,0,25,down_power,dolomites,creation
39,6,4,25,down_power,dolomites,creation
47,0,30,25,down_power,dolomites,creation
14,6,0,25,down_power,dolomites,creation
44,0,30,25,down_power,dolomites,creation
1,10,7,25,down_power,dolomites,creation
19,4,5,25,down_power,dolomites,creation
46,0,29,25,down_power,dolomites,creation
50,0,25,25,down_power,dolomites,creation
59,2,0,25,down_power,dolomites,creation
4,29,2,25,down_power,dolomites,creation
11,3,7,25,down_power,dolomites,creation
36,6,1,25,down_power,dolomites,creation
56,8,1,25,metaweb,dolomites,creation
34,8,7,25,metaweb,dolomites,creation
43,28,7,25,metaweb,dolomites,creation
40,8,2,25,metaweb,dolomites,creation
12,8,8,25,metaweb,dolomites,creation
13,8,2,25,metaweb,dolomites,creation
24,8,2,25,metaweb,dolomites,creation
49,0,43,25,metaweb,dolomites,creation
5,31,4,25,metaweb,dolomites,creation
31,8,8,25,metaweb,dolomites,creation
38,8,7,25,metaweb,dolomites,creation
45,0,43,25,metaweb,dolomites,creation
28,8,7,25,metaweb,dolomites,creation
37,8,7,25,metaweb,dolomites,creation
8,8,1,25,metaweb,dolomites,creation
35,8,7,25,metaweb,dolomites,creation
27,8,8,25,metaweb,dolomites,creation
21,8,7,25,metaweb,dolomites,creation
6,27,7,25,metaweb,dolomites,creation
32,8,0,25,metaweb,dolomites,creation
16,8,7,25,metaweb,dolomites,creation
57,8,1,25,metaweb,dolomites,creation
42,35,7,25,metaweb,dolomites,creation
15,8,4,25,metaweb,dolomites,creation
17,8,7,25,metaweb,dolomites,creation
20,8,7,25,metaweb,dolomites,creation
29,8,7,25,metaweb,dolomites,creation
7,20,7,25,metaweb,dolomites,creation
2,18,2,25,metaweb,dolomites,creation
23,8,2,25,metaweb,dolomites,creation
18,8,7,25,metaweb,dolomites,creation
9,8,1,25,metaweb,dolomites,creation
55,8,1,25,metaweb,dolomites,creation
53,8,1,25,metaweb,dolomites,creation
10,8,8,25,metaweb,dolomites,creation
22,8,2,25,metaweb,dolomites,creation
26,8,8,25,metaweb,dolomites,creation
3,18,2,25,metaweb,dolomites,creation
30,8,2,25,metaweb,dolomites,creation
52,8,1,25,metaweb,dolomites,creation
48,0,43,25,metaweb,dolomites,creation
54,8,1,25,metaweb,dolomites,creation
51,0,43,25,metaweb,dolomites,creation
41,35,7,25,metaweb,dolomites,creation
25,8,8,25,metaweb,dolomites,creation
33,8,7,25,metaweb,dolomites,creation
58,8,1,25,metaweb,dolomites,creation
39,8,7,25,metaweb,dolomites,creation
47,0,43,25,metaweb,dolomites,creation
14,8,0,25,metaweb,dolomites,creation
44,0,43,25,metaweb,dolomites,creation
1,10,8,25,metaweb,dolomites,creation
19,8,7,25,metaweb,dolomites,creation
46,0,43,25,metaweb,dolomites,creation
50,0,43,25,metaweb,dolomites,creation
59,8,1,25,metaweb,dolomites,creation
4,31,4,25,metaweb,dolomites,creation
11,8,8,25,metaweb,dolomites,creation
36,8,2,25,metaweb,dolomites,creation
56,3,11,25,niche,dolomites,creation
34,0,13,25,niche,dolomites,creation
43,6,9,25,niche,dolomites,creation
40,8,12,25,niche,dolomites,creation
12,17,2,25,niche,dolomites,creation
13,20,3,25,niche,dolomites,creation
24,1,9,25,niche,dolomites,creation
49,0,6,25,niche,dolomites,creation
5,6,1,25,niche,dolomites,creation
31,4,11,25,niche,dolomites,creation
38,10,11,25,niche,dolomites,creation
45,7,9,25,niche,dolomites,creation
28,2,9,25,niche,dolomites,creation
37,1,11,25,niche,dolomites,creation
8,1,1,25,niche,dolomites,creation
35,14,11,25,niche,dolomites,creation
27,11,9,25,niche,dolomites,creation
21,12,10,25,niche,dolomites,creation
6,28,1,25,niche,dolomites,creation
32,1,12,25,niche,dolomites,creation
16,6,3,25,niche,dolomites,creation
57,1,7,25,niche,dolomites,creation
42,0,9,25,niche,dolomites,creation
15,9,2,25,niche,dolomites,creation
17,4,3,25,niche,dolomites,creation
20,4,6,25,niche,dolomites,creation
29,0,11,25,niche,dolomites,creation
7,3,1,25,niche,dolomites,creation
2,17,1,25,niche,dolomites,creation
23,12,9,25,niche,dolomites,creation
18,23,7,25,niche,dolomites,creation
9,7,1,25,niche,dolomites,creation
55,0,10,25,niche,dolomites,creation
53,0,11,25,niche,dolomites,creation
10,11,1,25,niche,dolomites,creation
22,20,9,25,niche,dolomites,creation
26,4,9,25,niche,dolomites,creation
3,20,1,25,niche,dolomites,creation
30,6,11,25,niche,dolomites,creation
52,6,11,25,niche,dolomites,creation
48,1,6,25,niche,dolomites,creation
54,1,10,25,niche,dolomites,creation
51,1,8,25,niche,dolomites,creation
41,1,10,25,niche,dolomites,creation
25,12,9,25,niche,dolomites,creation
33,4,12,25,niche,dolomites,creation
58,1,7,25,niche,dolomites,creation
39,9,11,25,niche,dolomites,creation
47,3,6,25,niche,dolomites,creation
14,28,3,25,niche,dolomites,creation
44,7,9,25,niche,dolomites,creation
1,14,1,25,niche,dolomites,creation
19,0,6,25,niche,dolomites,creation
46,5,10,25,niche,dolomites,creation
50,1,8,25,niche,dolomites,creation
59,0,7,25,niche,dolomites,creation
4,1,1,25,niche,dolomites,creation
11,21,1,25,niche,dolomites,creation
36,5,11,25,niche,dolomites,creation
56,6,0,25,down_rand,dolomites,creation
34,7,6,25,down_rand,dolomites,creation
43,19,6,25,down_rand,dolomites,creation
40,3,0,25,down_rand,dolomites,creation
12,5,7,25,down_rand,dolomites,creation
13,5,1,25,down_rand,dolomites,creation
24,4,1,25,down_rand,dolomites,creation
49,0,25,25,down_rand,dolomites,creation
5,23,3,25,down_rand,dolomites,creation
31,6,3,25,down_rand,dolomites,creation
38,7,3,25,down_rand,dolomites,creation
45,0,34,25,down_rand,dolomites,creation
28,5,4,25,down_rand,dolomites,creation
37,6,7,25,down_rand,dolomites,creation
8,5,1,25,down_rand,dolomites,creation
35,8,5,25,down_rand,dolomites,creation
27,5,6,25,down_rand,dolomites,creation
21,7,5,25,down_rand,dolomites,creation
6,24,6,25,down_rand,dolomites,creation
32,5,0,25,down_rand,dolomites,creation
16,7,5,25,down_rand,dolomites,creation
57,7,1,25,down_rand,dolomites,creation
42,24,7,25,down_rand,dolomites,creation
15,4,4,25,down_rand,dolomites,creation
17,8,5,25,down_rand,dolomites,creation
20,8,4,25,down_rand,dolomites,creation
29,5,6,25,down_rand,dolomites,creation
7,15,4,25,down_rand,dolomites,creation
2,16,2,25,down_rand,dolomites,creation
23,5,1,25,down_rand,dolomites,creation
18,6,5,25,down_rand,dolomites,creation
9,4,0,25,down_rand,dolomites,creation
55,5,1,25,down_rand,dolomites,creation
53,7,0,25,down_rand,dolomites,creation
10,7,7,25,down_rand,dolomites,creation
22,7,0,25,down_rand,dolomites,creation
26,5,6,25,down_rand,dolomites,creation
3,15,2,25,down_rand,dolomites,creation
30,5,2,25,down_rand,dolomites,creation
52,5,1,25,down_rand,dolomites,creation
48,0,31,25,down_rand,dolomites,creation
54,5,0,25,down_rand,dolomites,creation
51,0,33,25,down_rand,dolomites,creation
41,22,7,25,down_rand,dolomites,creation
25,5,5,25,down_rand,dolomites,creation
33,6,4,25,down_rand,dolomites,creation
58,6,0,25,down_rand,dolomites,creation
39,6,6,25,down_rand,dolomites,creation
47,0,28,25,down_rand,dolomites,creation
14,4,0,25,down_rand,dolomites,creation
44,0,29,25,down_rand,dolomites,creation
1,8,8,25,down_rand,dolomites,creation
19,7,7,25,down_rand,dolomites,creation
46,0,33,25,down_rand,dolomites,creation
50,0,36,25,down_rand,dolomites,creation
59,5,0,25,down_rand,dolomites,creation
4,22,4,25,down_rand,dolomites,creation
11,6,6,25,down_rand,dolomites,creation
36,8,2,25,down_rand,dolomites,creation
56,7,1,25,down_link,dolomites,creation
34,7,5,25,down_link,dolomites,creation
43,16,5,25,down_link,dolomites,creation
40,8,2,25,down_link,dolomites,creation
12,5,8,25,down_link,dolomites,creation
13,6,2,25,down_link,dolomites,creation
24,7,2,25,down_link,dolomites,creation
49,0,27,25,down_link,dolomites,creation
5,23,4,25,down_link,dolomites,creation
31,6,5,25,down_link,dolomites,creation
38,5,5,25,down_link,dolomites,creation
45,0,32,25,down_link,dolomites,creation
28,5,6,25,down_link,dolomites,creation
37,6,5,25,down_link,dolomites,creation
8,5,1,25,down_link,dolomites,creation
35,4,5,25,down_link,dolomites,creation
27,6,5,25,down_link,dolomites,creation
21,7,7,25,down_link,dolomites,creation
6,24,5,25,down_link,dolomites,creation
32,5,0,25,down_link,dolomites,creation
16,6,5,25,down_link,dolomites,creation
57,6,1,25,down_link,dolomites,creation
42,20,7,25,down_link,dolomites,creation
15,6,4,25,down_link,dolomites,creation
17,5,6,25,down_link,dolomites,creation
20,5,4,25,down_link,dolomites,creation
29,5,6,25,down_link,dolomites,creation
7,19,7,25,down_link,dolomites,creation
2,16,2,25,down_link,dolomites,creation
23,7,1,25,down_link,dolomites,creation
18,6,7,25,down_link,dolomites,creation
9,5,1,25,down_link,dolomites,creation
55,7,1,25,down_link,dolomites,creation
53,4,1,25,down_link,dolomites,creation
10,7,6,25,down_link,dolomites,creation
22,6,1,25,down_link,dolomites,creation
26,6,6,25,down_link,dolomites,creation
3,15,2,25,down_link,dolomites,creation
30,5,2,25,down_link,dolomites,creation
52,6,1,25,down_link,dolomites,creation
48,0,27,25,down_link,dolomites,creation
54,6,1,25,down_link,dolomites,creation
51,0,28,25,down_link,dolomites,creation
41,25,6,25,down_link,dolomites,creation
25,4,6,25,down_link,dolomites,creation
33,6,7,25,down_link,dolomites,creation
58,5,1,25,down_link,dolomites,creation
39,5,5,25,down_link,dolomites,creation
47,0,26,25,down_link,dolomites,creation
14,5,0,25,down_link,dolomites,creation
44,0,31,25,down_link,dolomites,creation
1,9,6,25,down_link,dolomites,creation
19,7,6,25,down_link,dolomites,creation
46,0,33,25,down_link,dolomites,creation
50,0,26,25,down_link,dolomites,creation
59,4,1,25,down_link,dolomites,creation
4,24,4,25,down_link,dolomites,creation
11,7,7,25,down_link,dolomites,creation
36,4,1,25,down_link,dolomites,creation
56,8,1,25,down_niche,dolomites,creation
34,6,4,25,down_niche,dolomites,creation
43,15,0,25,down_niche,dolomites,creation
40,8,0,25,down_niche,dolomites,creation
12,6,5,25,down_niche,dolomites,creation
13,8,1,25,down_niche,dolomites,creation
24,7,0,25,down_niche,dolomites,creation
49,0,39,25,down_niche,dolomites,creation
5,16,1,25,down_niche,dolomites,creation
31,8,7,25,down_niche,dolomites,creation
38,7,4,25,down_niche,dolomites,creation
45,0,36,25,down_niche,dolomites,creation
28,6,5,25,down_niche,dolomites,creation
37,7,7,25,down_niche,dolomites,creation
8,7,1,25,down_niche,dolomites,creation
35,8,4,25,down_niche,dolomites,creation
27,8,4,25,down_niche,dolomites,creation
21,8,7,25,down_niche,dolomites,creation
6,15,1,25,down_niche,dolomites,creation
32,6,0,25,down_niche,dolomites,creation
16,6,2,25,down_niche,dolomites,creation
57,7,1,25,down_niche,dolomites,creation
42,22,1,25,down_niche,dolomites,creation
15,7,4,25,down_niche,dolomites,creation
17,6,4,25,down_niche,dolomites,creation
20,7,6,25,down_niche,dolomites,creation
29,7,6,25,down_niche,dolomites,creation
7,15,1,25,down_niche,dolomites,creation
2,6,0,25,down_niche,dolomites,creation
23,7,2,25,down_niche,dolomites,creation
18,6,5,25,down_niche,dolomites,creation
9,7,1,25,down_niche,dolomites,creation
55,8,1,25,down_niche,dolomites,creation
53,4,1,25,down_niche,dolomites,creation
10,7,6,25,down_niche,dolomites,creation
22,8,2,25,down_niche,dolomites,creation
26,7,6,25,down_niche,dolomites,creation
3,6,0,25,down_niche,dolomites,creation
30,7,1,25,down_niche,dolomites,creation
52,8,1,25,down_niche,dolomites,creation
48,0,37,25,down_niche,dolomites,creation
54,6,1,25,down_niche,dolomites,creation
51,0,23,25,down_niche,dolomites,creation
41,16,2,25,down_niche,dolomites,creation
25,8,5,25,down_niche,dolomites,creation
33,8,6,25,down_niche,dolomites,creation
58,8,1,25,down_niche,dolomites,creation
39,7,6,25,down_niche,dolomites,creation
47,0,38,25,down_niche,dolomites,creation
14,7,0,25,down_niche,dolomites,creation
44,0,37,25,down_niche,dolomites,creation
1,8,1,25,down_niche,dolomites,creation
19,8,5,25,down_niche,dolomites,creation
46,0,38,25,down_niche,dolomites,creation
50,0,35,25,down_niche,dolomites,creation
59,8,1,25,down_niche,dolomites,creation
4,16,1,25,down_niche,dolomites,creation
11,7,8,25,down_niche,dolomites,creation
36,6,2,25,down_niche,dolomites,creation
56,8,1,25,down_niche_bodysize,dolomites,creation
34,6,4,25,down_niche_bodysize,dolomites,creation
43,15,0,25,down_niche_bodysize,dolomites,creation
40,8,0,25,down_niche_bodysize,dolomites,creation
12,6,5,25,down_niche_bodysize,dolomites,creation
13,8,1,25,down_niche_bodysize,dolomites,creation
24,7,0,25,down_niche_bodysize,dolomites,creation
49,0,39,25,down_niche_bodysize,dolomites,creation
5,16,1,25,down_niche_bodysize,dolomites,creation
31,8,7,25,down_niche_bodysize,dolomites,creation
38,7,4,25,down_niche_bodysize,dolomites,creation
45,0,36,25,down_niche_bodysize,dolomites,creation
28,6,5,25,down_niche_bodysize,dolomites,creation
37,7,7,25,down_niche_bodysize,dolomites,creation
8,7,1,25,down_niche_bodysize,dolomites,creation
35,8,4,25,down_niche_bodysize,dolomites,creation
27,8,4,25,down_niche_bodysize,dolomites,creation
21,8,7,25,down_niche_bodysize,dolomites,creation
6,15,1,25,down_niche_bodysize,dolomites,creation
32,6,0,25,down_niche_bodysize,dolomites,creation
16,6,2,25,down_niche_bodysize,dolomites,creation
57,7,1,25,down_niche_bodysize,dolomites,creation
42,22,1,25,down_niche_bodysize,dolomites,creation
15,7,4,25,down_niche_bodysize,dolomites,creation
17,6,4,25,down_niche_bodysize,dolomites,creation
20,7,6,25,down_niche_bodysize,dolomites,creation
29,7,6,25,down_niche_bodysize,dolomites,creation
7,15,1,25,down_niche_bodysize,dolomites,creation
2,6,0,25,down_niche_bodysize,dolomites,creation
23,7,2,25,down_niche_bodysize,dolomites,creation
18,6,5,25,down_niche_bodysize,dolomites,creation
9,7,1,25,down_niche_bodysize,dolomites,creation
55,8,1,25,down_niche_bodysize,dolomites,creation
53,4,1,25,down_niche_bodysize,dolomites,creation
10,7,6,25,down_niche_bodysize,dolomites,creation
22,8,2,25,down_niche_bodysize,dolomites,creation
26,7,6,25,down_niche_bodysize,dolomites,creation
3,6,0,25,down_niche_bodysize,dolomites,creation
30,7,1,25,down_niche_bodysize,dolomites,creation
52,8,1,25,down_niche_bodysize,dolomites,creation
48,0,37,25,down_niche_bodysize,dolomites,creation
54,6,1,25,down_niche_bodysize,dolomites,creation
51,0,23,25,down_niche_bodysize,dolomites,creation
41,16,2,25,down_niche_bodysize,dolomites,creation
25,8,5,25,down_niche_bodysize,dolomites,creation
33,8,6,25,down_niche_bodysize,dolomites,creation
58,8,1,25,down_niche_bodysize,dolomites,creation
39,7,6,25,down_niche_bodysize,dolomites,creation
47,0,38,25,down_niche_bodysize,dolomites,creation
14,7,0,25,down_niche_bodysize,dolomites,creation
44,0,37,25,down_niche_bodysize,dolomites,creation
1,8,1,25,down_niche_bodysize,dolomites,creation
19,8,5,25,down_niche_bodysize,dolomites,creation
46,0,38,25,down_niche_bodysize,dolomites,creation
50,0,35,25,down_niche_bodysize,dolomites,creation
59,8,1,25,down_niche_bodysize,dolomites,creation
4,16,1,25,down_niche_bodysize,dolomites,creation
11,7,8,25,down_niche_bodysize,dolomites,creation
36,6,2,25,down_niche_bodysize,dolomites,creation
56,6,43,25,atn,dolomites,creation
34,8,0,25,atn,dolomites,creation
43,8,0,25,atn,dolomites,creation
40,7,0,25,atn,dolomites,creation
12,9,0,25,atn,dolomites,creation
13,8,20,25,atn,dolomites,creation
24,6,4,25,atn,dolomites,creation
49,0,35,25,atn,dolomites,creation
5,12,0,25,atn,dolomites,creation
31,12,0,25,atn,dolomites,creation
38,7,0,25,atn,dolomites,creation
45,0,8,25,atn,dolomites,creation
28,12,0,25,atn,dolomites,creation
37,12,0,25,atn,dolomites,creation
8,12,0,25,atn,dolomites,creation
35,6,1,25,atn,dolomites,creation
27,6,1,25,atn,dolomites,creation
21,9,0,25,atn,dolomites,creation
6,11,0,25,atn,dolomites,creation
32,11,0,25,atn,dolomites,creation
16,12,0,25,atn,dolomites,creation
57,8,35,25,atn,dolomites,creation
42,11,0,25,atn,dolomites,creation
15,12,0,25,atn,dolomites,creation
17,11,0,25,atn,dolomites,creation
20,7,0,25,atn,dolomites,creation
29,9,0,25,atn,dolomites,creation
7,7,0,25,atn,dolomites,creation
2,12,0,25,atn,dolomites,creation
23,6,22,25,atn,dolomites,creation
18,11,0,25,atn,dolomites,creation
9,7,0,25,atn,dolomites,creation
55,4,35,25,atn,dolomites,creation
53,0,8,25,atn,dolomites,creation
10,12,0,25,atn,dolomites,creation
22,8,20,25,atn,dolomites,creation
26,7,0,25,atn,dolomites,creation
3,15,0,25,atn,dolomites,creation
30,6,35,25,atn,dolomites,creation
52,0,5,25,atn,dolomites,creation
48,0,43,25,atn,dolomites,creation
54,2,16,25,atn,dolomites,creation
51,0,0,25,atn,dolomites,creation
41,12,0,25,atn,dolomites,creation
25,12,0,25,atn,dolomites,creation
33,12,0,25,atn,dolomites,creation
58,8,20,25,atn,dolomites,creation
39,7,0,25,atn,dolomites,creation
47,0,35,25,atn,dolomites,creation
14,7,0,25,atn,dolomites,creation
44,0,5,25,atn,dolomites,creation
1,11,0,25,atn,dolomites,creation
19,6,1,25,atn,dolomites,creation
46,0,16,25,atn,dolomites,creation
50,0,20,25,atn,dolomites,creation
59,9,0,25,atn,dolomites,creation
4,12,0,25,atn,dolomites,creation
11,7,0,25,atn,dolomites,creation
36,6,10,25,atn,dolomites,creation
34,0,27,25,down_power,dolomites,burnin
43,5,1,25,down_power,dolomites,burnin
40,0,23,25,down_power,dolomites,burnin
12,4,0,25,down_power,dolomites,burnin
13,7,0,25,down_power,dolomites,burnin
24,6,0,25,down_power,dolomites,burnin
49,2,0,25,down_power,dolomites,burnin
5,6,0,25,down_power,dolomites,burnin
31,6,0,25,down_power,dolomites,burnin
38,0,30,25,down_power,dolomites,burnin
45,7,0,25,down_power,dolomites,burnin
28,5,0,25,down_power,dolomites,burnin
37,0,27,25,down_power,dolomites,burnin
8,4,0,25,down_power,dolomites,burnin
35,0,30,25,down_power,dolomites,burnin
27,6,0,25,down_power,dolomites,burnin
21,8,0,25,down_power,dolomites,burnin
6,3,0,25,down_power,dolomites,burnin
32,6,0,25,down_power,dolomites,burnin
16,4,0,25,down_power,dolomites,burnin
42,2,1,25,down_power,dolomites,burnin
15,4,0,25,down_power,dolomites,burnin
17,5,0,25,down_power,dolomites,burnin
20,4,0,25,down_power,dolomites,burnin
29,6,0,25,down_power,dolomites,burnin
7,6,0,25,down_power,dolomites,burnin
2,5,0,25,down_power,dolomites,burnin
23,6,0,25,down_power,dolomites,burnin
18,6,0,25,down_power,dolomites,burnin
9,5,0,25,down_power,dolomites,burnin
10,5,0,25,down_power,dolomites,burnin
22,6,0,25,down_power,dolomites,burnin
26,6,0,25,down_power,dolomites,burnin
3,7,0,25,down_power,dolomites,burnin
30,6,0,25,down_power,dolomites,burnin
48,8,0,25,down_power,dolomites,burnin
41,0,22,25,down_power,dolomites,burnin
25,6,0,25,down_power,dolomites,burnin
33,5,0,25,down_power,dolomites,burnin
39,0,30,25,down_power,dolomites,burnin
47,5,1,25,down_power,dolomites,burnin
14,6,0,25,down_power,dolomites,burnin
44,6,1,25,down_power,dolomites,burnin
1,7,0,25,down_power,dolomites,burnin
19,5,0,25,down_power,dolomites,burnin
46,5,1,25,down_power,dolomites,burnin
4,3,0,25,down_power,dolomites,burnin
11,6,0,25,down_power,dolomites,burnin
36,0,26,25,down_power,dolomites,burnin
34,0,40,25,metaweb,dolomites,burnin
43,8,0,25,metaweb,dolomites,burnin
40,0,40,25,metaweb,dolomites,burnin
12,8,0,25,metaweb,dolomites,burnin
13,8,0,25,metaweb,dolomites,burnin
24,8,0,25,metaweb,dolomites,burnin
5,8,0,25,metaweb,dolomites,burnin
31,8,0,25,metaweb,dolomites,burnin
38,0,40,25,metaweb,dolomites,burnin
45,8,0,25,metaweb,dolomites,burnin
28,8,0,25,metaweb,dolomites,burnin
37,0,40,25,metaweb,dolomites,burnin
8,8,0,25,metaweb,dolomites,burnin
35,0,40,25,metaweb,dolomites,burnin
27,8,0,25,metaweb,dolomites,burnin
21,8,0,25,metaweb,dolomites,burnin
6,8,0,25,metaweb,dolomites,burnin
32,8,0,25,metaweb,dolomites,burnin
16,8,0,25,metaweb,dolomites,burnin
42,8,0,25,metaweb,dolomites,burnin
15,8,0,25,metaweb,dolomites,burnin
17,8,0,25,metaweb,dolomites,burnin
20,8,0,25,metaweb,dolomites,burnin
29,8,0,25,metaweb,dolomites,burnin
7,8,0,25,metaweb,dolomites,burnin
2,8,0,25,metaweb,dolomites,burnin
23,8,0,25,metaweb,dolomites,burnin
18,8,0,25,metaweb,dolomites,burnin
9,8,0,25,metaweb,dolomites,burnin
10,8,0,25,metaweb,dolomites,burnin
22,8,0,25,metaweb,dolomites,burnin
26,8,0,25,metaweb,dolomites,burnin
3,8,0,25,metaweb,dolomites,burnin
30,8,0,25,metaweb,dolomites,burnin
48,8,0,25,metaweb,dolomites,burnin
41,8,0,25,metaweb,dolomites,burnin
25,8,0,25,metaweb,dolomites,burnin
33,0,40,25,metaweb,dolomites,burnin
39,0,40,25,metaweb,dolomites,burnin
47,8,0,25,metaweb,dolomites,burnin
14,8,0,25,metaweb,dolomites,burnin
44,8,0,25,metaweb,dolomites,burnin
1,8,0,25,metaweb,dolomites,burnin
19,8,0,25,metaweb,dolomites,burnin
46,8,0,25,metaweb,dolomites,burnin
4,8,0,25,metaweb,dolomites,burnin
11,8,0,25,metaweb,dolomites,burnin
36,0,40,25,metaweb,dolomites,burnin
17,0,6,25,niche,dolomites,burnin
8,5,3,25,niche,dolomites,burnin
7,0,2,25,niche,dolomites,burnin
2,1,0,25,niche,dolomites,burnin
12,0,3,25,niche,dolomites,burnin
13,0,2,25,niche,dolomites,burnin
9,6,2,25,niche,dolomites,burnin
6,1,2,25,niche,dolomites,burnin
1,3,0,25,niche,dolomites,burnin
14,3,2,25,niche,dolomites,burnin
16,1,4,25,niche,dolomites,burnin
10,3,1,25,niche,dolomites,burnin
4,1,1,25,niche,dolomites,burnin
3,0,1,25,niche,dolomites,burnin
5,5,2,25,niche,dolomites,burnin
15,1,4,25,niche,dolomites,burnin
11,5,0,25,niche,dolomites,burnin
34,0,28,25,down_rand,dolomites,burnin
43,7,0,25,down_rand,dolomites,burnin
40,0,35,25,down_rand,dolomites,burnin
12,6,0,25,down_rand,dolomites,burnin
13,7,0,25,down_rand,dolomites,burnin
24,5,0,25,down_rand,dolomites,burnin
49,5,0,25,down_rand,dolomites,burnin
5,6,1,25,down_rand,dolomites,burnin
31,6,0,25,down_rand,dolomites,burnin
38,0,30,25,down_rand,dolomites,burnin
45,5,0,25,down_rand,dolomites,burnin
28,7,0,25,down_rand,dolomites,burnin
37,0,27,25,down_rand,dolomites,burnin
8,4,0,25,down_rand,dolomites,burnin
35,0,31,25,down_rand,dolomites,burnin
27,6,0,25,down_rand,dolomites,burnin
21,5,1,25,down_rand,dolomites,burnin
6,5,1,25,down_rand,dolomites,burnin
32,7,0,25,down_rand,dolomites,burnin
16,7,0,25,down_rand,dolomites,burnin
42,5,0,25,down_rand,dolomites,burnin
15,7,0,25,down_rand,dolomites,burnin
17,5,0,25,down_rand,dolomites,burnin
20,5,1,25,down_rand,dolomites,burnin
29,8,0,25,down_rand,dolomites,burnin
7,5,0,25,down_rand,dolomites,burnin
2,5,1,25,down_rand,dolomites,burnin
23,5,0,25,down_rand,dolomites,burnin
18,4,0,25,down_rand,dolomites,burnin
9,4,0,25,down_rand,dolomites,burnin
10,7,0,25,down_rand,dolomites,burnin
22,5,0,25,down_rand,dolomites,burnin
26,5,0,25,down_rand,dolomites,burnin
3,4,0,25,down_rand,dolomites,burnin
30,8,0,25,down_rand,dolomites,burnin
48,6,0,25,down_rand,dolomites,burnin
41,0,31,25,down_rand,dolomites,burnin
25,6,0,25,down_rand,dolomites,burnin
33,6,0,25,down_rand,dolomites,burnin
39,0,22,25,down_rand,dolomites,burnin
47,7,0,25,down_rand,dolomites,burnin
14,8,0,25,down_rand,dolomites,burnin
44,5,0,25,down_rand,dolomites,burnin
1,8,1,25,down_rand,dolomites,burnin
19,5,1,25,down_rand,dolomites,burnin
46,6,0,25,down_rand,dolomites,burnin
4,7,1,25,down_rand,dolomites,burnin
11,8,0,25,down_rand,dolomites,burnin
36,0,30,25,down_rand,dolomites,burnin
34,0,31,25,down_link,dolomites,burnin
43,4,1,25,down_link,dolomites,burnin
40,0,26,25,down_link,dolomites,burnin
12,7,0,25,down_link,dolomites,burnin
13,5,0,25,down_link,dolomites,burnin
24,6,0,25,down_link,dolomites,burnin
49,4,1,25,down_link,dolomites,burnin
5,5,0,25,down_link,dolomites,burnin
31,5,0,25,down_link,dolomites,burnin
38,0,27,25,down_link,dolomites,burnin
45,7,1,25,down_link,dolomites,burnin
28,4,0,25,down_link,dolomites,burnin
37,0,24,25,down_link,dolomites,burnin
8,6,0,25,down_link,dolomites,burnin
35,0,30,25,down_link,dolomites,burnin
27,7,0,25,down_link,dolomites,burnin
21,5,0,25,down_link,dolomites,burnin
6,6,0,25,down_link,dolomites,burnin
32,5,0,25,down_link,dolomites,burnin
16,7,0,25,down_link,dolomites,burnin
42,6,1,25,down_link,dolomites,burnin
15,6,0,25,down_link,dolomites,burnin
17,7,0,25,down_link,dolomites,burnin
20,6,0,25,down_link,dolomites,burnin
29,4,0,25,down_link,dolomites,burnin
7,5,0,25,down_link,dolomites,burnin
2,5,0,25,down_link,dolomites,burnin
23,5,0,25,down_link,dolomites,burnin
18,4,0,25,down_link,dolomites,burnin
9,6,0,25,down_link,dolomites,burnin
10,5,0,25,down_link,dolomites,burnin
22,5,0,25,down_link,dolomites,burnin
26,6,0,25,down_link,dolomites,burnin
3,7,0,25,down_link,dolomites,burnin
30,6,0,25,down_link,dolomites,burnin
48,5,1,25,down_link,dolomites,burnin
41,0,28,25,down_link,dolomites,burnin
25,5,0,25,down_link,dolomites,burnin
33,8,0,25,down_link,dolomites,burnin
39,0,27,25,down_link,dolomites,burnin
47,6,1,25,down_link,dolomites,burnin
14,7,0,25,down_link,dolomites,burnin
44,6,1,25,down_link,dolomites,burnin
1,5,0,25,down_link,dolomites,burnin
19,6,0,25,down_link,dolomites,burnin
46,7,1,25,down_link,dolomites,burnin
4,7,0,25,down_link,dolomites,burnin
11,6,0,25,down_link,dolomites,burnin
36,0,33,25,down_link,dolomites,burnin
34,0,37,25,down_niche,dolomites,burnin
43,4,0,25,down_niche,dolomites,burnin
40,0,35,25,down_niche,dolomites,burnin
12,6,0,25,down_niche,dolomites,burnin
13,8,1,25,down_niche,dolomites,burnin
24,7,1,25,down_niche,dolomites,burnin
49,8,0,25,down_niche,dolomites,burnin
5,7,1,25,down_niche,dolomites,burnin
31,7,0,25,down_niche,dolomites,burnin
38,0,37,25,down_niche,dolomites,burnin
45,8,0,25,down_niche,dolomites,burnin
28,6,0,25,down_niche,dolomites,burnin
37,0,38,25,down_niche,dolomites,burnin
8,7,0,25,down_niche,dolomites,burnin
35,0,36,25,down_niche,dolomites,burnin
27,8,0,25,down_niche,dolomites,burnin
21,8,1,25,down_niche,dolomites,burnin
6,6,0,25,down_niche,dolomites,burnin
32,7,1,25,down_niche,dolomites,burnin
16,8,1,25,down_niche,dolomites,burnin
42,8,0,25,down_niche,dolomites,burnin
15,8,1,25,down_niche,dolomites,burnin
17,7,1,25,down_niche,dolomites,burnin
20,7,1,25,down_niche,dolomites,burnin
29,8,1,25,down_niche,dolomites,burnin
7,8,1,25,down_niche,dolomites,burnin
2,7,0,25,down_niche,dolomites,burnin
23,7,1,25,down_niche,dolomites,burnin
18,7,0,25,down_niche,dolomites,burnin
9,7,0,25,down_niche,dolomites,burnin
10,6,0,25,down_niche,dolomites,burnin
22,6,0,25,down_niche,dolomites,burnin
26,6,0,25,down_niche,dolomites,burnin
3,7,0,25,down_niche,dolomites,burnin
30,6,1,25,down_niche,dolomites,burnin
48,8,0,25,down_niche,dolomites,burnin
41,0,23,25,down_niche,dolomites,burnin
25,8,0,25,down_niche,dolomites,burnin
33,7,1,25,down_niche,dolomites,burnin
39,0,39,25,down_niche,dolomites,burnin
47,7,0,25,down_niche,dolomites,burnin
14,7,1,25,down_niche,dolomites,burnin
44,6,0,25,down_niche,dolomites,burnin
1,15,0,25,down_niche,dolomites,burnin
19,8,0,25,down_niche,dolomites,burnin
46,8,0,25,down_niche,dolomites,burnin
4,7,0,25,down_niche,dolomites,burnin
11,6,0,25,down_niche,dolomites,burnin
36,0,37,25,down_niche,dolomites,burnin
34,0,37,25,down_niche_bodysize,dolomites,burnin
43,4,0,25,down_niche_bodysize,dolomites,burnin
40,0,35,25,down_niche_bodysize,dolomites,burnin
12,6,0,25,down_niche_bodysize,dolomites,burnin
13,8,1,25,down_niche_bodysize,dolomites,burnin
24,7,1,25,down_niche_bodysize,dolomites,burnin
49,8,0,25,down_niche_bodysize,dolomites,burnin
5,7,1,25,down_niche_bodysize,dolomites,burnin
31,7,0,25,down_niche_bodysize,dolomites,burnin
38,0,37,25,down_niche_bodysize,dolomites,burnin
45,8,0,25,down_niche_bodysize,dolomites,burnin
28,6,0,25,down_niche_bodysize,dolomites,burnin
37,0,38,25,down_niche_bodysize,dolomites,burnin
8,7,0,25,down_niche_bodysize,dolomites,burnin
35,0,36,25,down_niche_bodysize,dolomites,burnin
27,8,0,25,down_niche_bodysize,dolomites,burnin
21,8,1,25,down_niche_bodysize,dolomites,burnin
6,6,0,25,down_niche_bodysize,dolomites,burnin
32,7,1,25,down_niche_bodysize,dolomites,burnin
16,8,1,25,down_niche_bodysize,dolomites,burnin
42,8,0,25,down_niche_bodysize,dolomites,burnin
15,8,1,25,down_niche_bodysize,dolomites,burnin
17,7,1,25,down_niche_bodysize,dolomites,burnin
20,7,1,25,down_niche_bodysize,dolomites,burnin
29,8,1,25,down_niche_bodysize,dolomites,burnin
7,8,1,25,down_niche_bodysize,dolomites,burnin
2,7,0,25,down_niche_bodysize,dolomites,burnin
23,7,1,25,down_niche_bodysize,dolomites,burnin
18,7,0,25,down_niche_bodysize,dolomites,burnin
9,7,0,25,down_niche_bodysize,dolomites,burnin
10,6,0,25,down_niche_bodysize,dolomites,burnin
22,6,0,25,down_niche_bodysize,dolomites,burnin
26,6,0,25,down_niche_bodysize,dolomites,burnin
3,7,0,25,down_niche_bodysize,dolomites,burnin
30,6,1,25,down_niche_bodysize,dolomites,burnin
48,8,0,25,down_niche_bodysize,dolomites,burnin
41,0,23,25,down_niche_bodysize,dolomites,burnin
25,8,0,25,down_niche_bodysize,dolomites,burnin
33,7,1,25,down_niche_bodysize,dolomites,burnin
39,0,39,25,down_niche_bodysize,dolomites,burnin
47,7,0,25,down_niche_bodysize,dolomites,burnin
14,7,1,25,down_niche_bodysize,dolomites,burnin
44,6,0,25,down_niche_bodysize,dolomites,burnin
1,15,0,25,down_niche_bodysize,dolomites,burnin
19,8,0,25,down_niche_bodysize,dolomites,burnin
46,8,0,25,down_niche_bodysize,dolomites,burnin
4,7,0,25,down_niche_bodysize,dolomites,burnin
11,6,0,25,down_niche_bodysize,dolomites,burnin
36,0,37,25,down_niche_bodysize,dolomites,burnin
56,8,35,25,atn,dolomites,burnin
34,8,0,25,atn,dolomites,burnin
43,8,0,25,atn,dolomites,burnin
40,7,0,25,atn,dolomites,burnin
12,9,0,25,atn,dolomites,burnin
13,8,20,25,atn,dolomites,burnin
24,6,4,25,atn,dolomites,burnin
49,0,35,25,atn,dolomites,burnin
5,12,0,25,atn,dolomites,burnin
31,12,0,25,atn,dolomites,burnin
38,7,0,25,atn,dolomites,burnin
45,0,8,25,atn,dolomites,burnin
28,12,0,25,atn,dolomites,burnin
37,12,0,25,atn,dolomites,burnin
8,12,0,25,atn,dolomites,burnin
35,6,1,25,atn,dolomites,burnin
27,6,1,25,atn,dolomites,burnin
21,9,0,25,atn,dolomites,burnin
6,11,0,25,atn,dolomites,burnin
32,11,0,25,atn,dolomites,burnin
16,12,0,25,atn,dolomites,burnin
57,8,20,25,atn,dolomites,burnin
42,11,0,25,atn,dolomites,burnin
15,12,0,25,atn,dolomites,burnin
17,11,0,25,atn,dolomites,burnin
20,7,0,25,atn,dolomites,burnin
29,9,0,25,atn,dolomites,burnin
7,7,0,25,atn,dolomites,burnin
2,12,0,25,atn,dolomites,burnin
23,6,22,25,atn,dolomites,burnin
18,11,0,25,atn,dolomites,burnin
9,7,0,25,atn,dolomites,burnin
55,6,43,25,atn,dolomites,burnin
53,2,16,25,atn,dolomites,burnin
10,12,0,25,atn,dolomites,burnin
22,8,20,25,atn,dolomites,burnin
26,7,0,25,atn,dolomites,burnin
3,15,0,25,atn,dolomites,burnin
30,6,35,25,atn,dolomites,burnin
52,0,8,25,atn,dolomites,burnin
48,0,43,25,atn,dolomites,burnin
54,4,35,25,atn,dolomites,burnin
51,0,5,25,atn,dolomites,burnin
41,12,0,25,atn,dolomites,burnin
25,12,0,25,atn,dolomites,burnin
33,12,0,25,atn,dolomites,burnin
58,9,0,25,atn,dolomites,burnin
39,7,0,25,atn,dolomites,burnin
47,0,35,25,atn,dolomites,burnin
14,7,0,25,atn,dolomites,burnin
44,0,5,25,atn,dolomites,burnin
1,11,0,25,atn,dolomites,burnin
19,6,1,25,atn,dolomites,burnin
46,0,16,25,atn,dolomites,burnin
50,0,20,25,atn,dolomites,burnin
4,12,0,25,atn,dolomites,burnin
11,7,0,25,atn,dolomites,burnin
36,6,10,25,atn,dolomites,burnin
56,5,1,26,down_power,dolomites,creation
34,7,7,26,down_power,dolomites,creation
43,28,6,26,down_power,dolomites,creation
40,6,2,26,down_power,dolomites,creation
12,6,8,26,down_power,dolomites,creation
13,8,1,26,down_power,dolomites,creation
24,6,2,26,down_power,dolomites,creation
49,0,37,26,down_power,dolomites,creation
5,28,4,26,down_power,dolomites,creation
31,7,8,26,down_power,dolomites,creation
38,7,6,26,down_power,dolomites,creation
45,0,37,26,down_power,dolomites,creation
28,8,6,26,down_power,dolomites,creation
37,6,7,26,down_power,dolomites,creation
8,6,1,26,down_power,dolomites,creation
35,6,7,26,down_power,dolomites,creation
27,6,8,26,down_power,dolomites,creation
21,8,7,26,down_power,dolomites,creation
6,24,6,26,down_power,dolomites,creation
32,7,0,26,down_power,dolomites,creation
16,8,7,26,down_power,dolomites,creation
57,7,1,26,down_power,dolomites,creation
42,35,5,26,down_power,dolomites,creation
15,8,3,26,down_power,dolomites,creation
17,7,7,26,down_power,dolomites,creation
20,7,5,26,down_power,dolomites,creation
29,8,7,26,down_power,dolomites,creation
7,13,6,26,down_power,dolomites,creation
2,16,2,26,down_power,dolomites,creation
23,6,2,26,down_power,dolomites,creation
18,7,7,26,down_power,dolomites,creation
9,7,1,26,down_power,dolomites,creation
55,6,1,26,down_power,dolomites,creation
53,8,0,26,down_power,dolomites,creation
10,7,6,26,down_power,dolomites,creation
22,7,1,26,down_power,dolomites,creation
26,7,7,26,down_power,dolomites,creation
3,16,2,26,down_power,dolomites,creation
30,5,1,26,down_power,dolomites,creation
52,6,1,26,down_power,dolomites,creation
48,0,35,26,down_power,dolomites,creation
54,8,1,26,down_power,dolomites,creation
51,0,38,26,down_power,dolomites,creation
41,35,7,26,down_power,dolomites,creation
25,6,8,26,down_power,dolomites,creation
33,8,7,26,down_power,dolomites,creation
58,7,0,26,down_power,dolomites,creation
39,7,7,26,down_power,dolomites,creation
47,0,36,26,down_power,dolomites,creation
14,6,0,26,down_power,dolomites,creation
44,0,38,26,down_power,dolomites,creation
1,10,8,26,down_power,dolomites,creation
19,7,7,26,down_power,dolomites,creation
46,0,38,26,down_power,dolomites,creation
50,0,37,26,down_power,dolomites,creation
59,6,1,26,down_power,dolomites,creation
4,30,3,26,down_power,dolomites,creation
11,6,7,26,down_power,dolomites,creation
36,7,2,26,down_power,dolomites,creation
56,8,1,26,metaweb,dolomites,creation
34,8,7,26,metaweb,dolomites,creation
43,28,7,26,metaweb,dolomites,creation
40,8,2,26,metaweb,dolomites,creation
12,8,8,26,metaweb,dolomites,creation
13,8,2,26,metaweb,dolomites,creation
24,8,2,26,metaweb,dolomites,creation
49,0,43,26,metaweb,dolomites,creation
5,31,4,26,metaweb,dolomites,creation
31,8,8,26,metaweb,dolomites,creation
38,8,7,26,metaweb,dolomites,creation
45,0,43,26,metaweb,dolomites,creation
28,8,7,26,metaweb,dolomites,creation
37,8,7,26,metaweb,dolomites,creation
8,8,1,26,metaweb,dolomites,creation
35,8,7,26,metaweb,dolomites,creation
27,8,8,26,metaweb,dolomites,creation
21,8,7,26,metaweb,dolomites,creation
6,27,7,26,metaweb,dolomites,creation
32,8,0,26,metaweb,dolomites,creation
16,8,7,26,metaweb,dolomites,creation
57,8,1,26,metaweb,dolomites,creation
42,35,7,26,metaweb,dolomites,creation
15,8,4,26,metaweb,dolomites,creation
17,8,7,26,metaweb,dolomites,creation
20,8,7,26,metaweb,dolomites,creation
29,8,7,26,metaweb,dolomites,creation
7,20,7,26,metaweb,dolomites,creation
2,18,2,26,metaweb,dolomites,creation
23,8,2,26,metaweb,dolomites,creation
18,8,7,26,metaweb,dolomites,creation
9,8,1,26,metaweb,dolomites,creation
55,8,1,26,metaweb,dolomites,creation
53,8,1,26,metaweb,dolomites,creation
10,8,8,26,metaweb,dolomites,creation
22,8,2,26,metaweb,dolomites,creation
26,8,8,26,metaweb,dolomites,creation
3,18,2,26,metaweb,dolomites,creation
30,8,2,26,metaweb,dolomites,creation
52,8,1,26,metaweb,dolomites,creation
48,0,43,26,metaweb,dolomites,creation
54,8,1,26,metaweb,dolomites,creation
51,0,43,26,metaweb,dolomites,creation
41,35,7,26,metaweb,dolomites,creation
25,8,8,26,metaweb,dolomites,creation
33,8,7,26,metaweb,dolomites,creation
58,8,1,26,metaweb,dolomites,creation
39,8,7,26,metaweb,dolomites,creation
47,0,43,26,metaweb,dolomites,creation
14,8,0,26,metaweb,dolomites,creation
44,0,43,26,metaweb,dolomites,creation
1,10,8,26,metaweb,dolomites,creation
19,8,7,26,metaweb,dolomites,creation
46,0,43,26,metaweb,dolomites,creation
50,0,43,26,metaweb,dolomites,creation
59,8,1,26,metaweb,dolomites,creation
4,31,4,26,metaweb,dolomites,creation
11,8,8,26,metaweb,dolomites,creation
36,8,2,26,metaweb,dolomites,creation
56,0,7,26,niche,dolomites,creation
34,15,10,26,niche,dolomites,creation
43,4,18,26,niche,dolomites,creation
40,8,16,26,niche,dolomites,creation
12,8,2,26,niche,dolomites,creation
13,3,2,26,niche,dolomites,creation
24,5,6,26,niche,dolomites,creation
49,3,11,26,niche,dolomites,creation
5,7,0,26,niche,dolomites,creation
31,8,13,26,niche,dolomites,creation
38,8,15,26,niche,dolomites,creation
45,6,19,26,niche,dolomites,creation
28,15,10,26,niche,dolomites,creation
37,3,14,26,niche,dolomites,creation
8,11,1,26,niche,dolomites,creation
35,0,14,26,niche,dolomites,creation
27,25,8,26,niche,dolomites,creation
21,7,4,26,niche,dolomites,creation
6,10,1,26,niche,dolomites,creation
32,0,13,26,niche,dolomites,creation
16,9,2,26,niche,dolomites,creation
57,0,4,26,niche,dolomites,creation
42,1,18,26,niche,dolomites,creation
15,24,2,26,niche,dolomites,creation
17,0,4,26,niche,dolomites,creation
20,18,4,26,niche,dolomites,creation
29,5,12,26,niche,dolomites,creation
7,20,1,26,niche,dolomites,creation
2,4,0,26,niche,dolomites,creation
23,3,5,26,niche,dolomites,creation
18,17,5,26,niche,dolomites,creation
9,17,2,26,niche,dolomites,creation
55,1,6,26,niche,dolomites,creation
53,1,11,26,niche,dolomites,creation
10,8,2,26,niche,dolomites,creation
22,19,4,26,niche,dolomites,creation
26,14,8,26,niche,dolomites,creation
3,25,0,26,niche,dolomites,creation
30,11,12,26,niche,dolomites,creation
52,1,12,26,niche,dolomites,creation
48,3,11,26,niche,dolomites,creation
54,0,9,26,niche,dolomites,creation
51,4,13,26,niche,dolomites,creation
41,12,16,26,niche,dolomites,creation
25,10,8,26,niche,dolomites,creation
33,10,12,26,niche,dolomites,creation
58,0,2,26,niche,dolomites,creation
39,6,16,26,niche,dolomites,creation
47,4,18,26,niche,dolomites,creation
14,24,2,26,niche,dolomites,creation
44,4,18,26,niche,dolomites,creation
1,15,0,26,niche,dolomites,creation
19,22,5,26,niche,dolomites,creation
46,0,19,26,niche,dolomites,creation
50,4,11,26,niche,dolomites,creation
59,0,2,26,niche,dolomites,creation
4,8,0,26,niche,dolomites,creation
11,4,2,26,niche,dolomites,creation
36,2,14,26,niche,dolomites,creation
56,6,1,26,down_rand,dolomites,creation
34,8,6,26,down_rand,dolomites,creation
43,24,6,26,down_rand,dolomites,creation
40,8,2,26,down_rand,dolomites,creation
12,6,8,26,down_rand,dolomites,creation
13,6,2,26,down_rand,dolomites,creation
24,6,2,26,down_rand,dolomites,creation
49,0,37,26,down_rand,dolomites,creation
5,30,4,26,down_rand,dolomites,creation
31,7,7,26,down_rand,dolomites,creation
38,5,7,26,down_rand,dolomites,creation
45,0,37,26,down_rand,dolomites,creation
28,6,7,26,down_rand,dolomites,creation
37,6,5,26,down_rand,dolomites,creation
8,8,0,26,down_rand,dolomites,creation
35,7,7,26,down_rand,dolomites,creation
27,7,7,26,down_rand,dolomites,creation
21,6,6,26,down_rand,dolomites,creation
6,22,6,26,down_rand,dolomites,creation
32,6,0,26,down_rand,dolomites,creation
16,7,7,26,down_rand,dolomites,creation
57,7,1,26,down_rand,dolomites,creation
42,31,6,26,down_rand,dolomites,creation
15,8,3,26,down_rand,dolomites,creation
17,7,6,26,down_rand,dolomites,creation
20,8,5,26,down_rand,dolomites,creation
29,7,7,26,down_rand,dolomites,creation
7,19,7,26,down_rand,dolomites,creation
2,14,2,26,down_rand,dolomites,creation
23,8,2,26,down_rand,dolomites,creation
18,7,6,26,down_rand,dolomites,creation
9,8,1,26,down_rand,dolomites,creation
55,8,1,26,down_rand,dolomites,creation
53,5,1,26,down_rand,dolomites,creation
10,8,7,26,down_rand,dolomites,creation
22,8,2,26,down_rand,dolomites,creation
26,8,7,26,down_rand,dolomites,creation
3,16,2,26,down_rand,dolomites,creation
30,6,0,26,down_rand,dolomites,creation
52,8,1,26,down_rand,dolomites,creation
48,0,42,26,down_rand,dolomites,creation
54,8,1,26,down_rand,dolomites,creation
51,0,37,26,down_rand,dolomites,creation
41,33,7,26,down_rand,dolomites,creation
25,8,7,26,down_rand,dolomites,creation
33,7,7,26,down_rand,dolomites,creation
58,8,1,26,down_rand,dolomites,creation
39,5,7,26,down_rand,dolomites,creation
47,0,36,26,down_rand,dolomites,creation
14,8,0,26,down_rand,dolomites,creation
44,0,37,26,down_rand,dolomites,creation
1,9,8,26,down_rand,dolomites,creation
19,7,6,26,down_rand,dolomites,creation
46,0,36,26,down_rand,dolomites,creation
50,0,38,26,down_rand,dolomites,creation
59,7,1,26,down_rand,dolomites,creation
4,29,3,26,down_rand,dolomites,creation
11,6,7,26,down_rand,dolomites,creation
36,6,1,26,down_rand,dolomites,creation
56,7,1,26,down_link,dolomites,creation
34,7,6,26,down_link,dolomites,creation
43,25,7,26,down_link,dolomites,creation
40,8,2,26,down_link,dolomites,creation
12,6,8,26,down_link,dolomites,creation
13,7,2,26,down_link,dolomites,creation
24,8,2,26,down_link,dolomites,creation
49,0,34,26,down_link,dolomites,creation
5,28,4,26,down_link,dolomites,creation
31,7,8,26,down_link,dolomites,creation
38,7,6,26,down_link,dolomites,creation
45,0,37,26,down_link,dolomites,creation
28,8,6,26,down_link,dolomites,creation
37,7,7,26,down_link,dolomites,creation
8,8,1,26,down_link,dolomites,creation
35,6,7,26,down_link,dolomites,creation
27,8,8,26,down_link,dolomites,creation
21,7,7,26,down_link,dolomites,creation
6,26,7,26,down_link,dolomites,creation
32,8,0,26,down_link,dolomites,creation
16,7,7,26,down_link,dolomites,creation
57,6,1,26,down_link,dolomites,creation
42,29,6,26,down_link,dolomites,creation
15,7,4,26,down_link,dolomites,creation
17,6,7,26,down_link,dolomites,creation
20,5,7,26,down_link,dolomites,creation
29,7,5,26,down_link,dolomites,creation
7,19,6,26,down_link,dolomites,creation
2,17,1,26,down_link,dolomites,creation
23,7,2,26,down_link,dolomites,creation
18,5,7,26,down_link,dolomites,creation
9,8,1,26,down_link,dolomites,creation
55,8,1,26,down_link,dolomites,creation
53,7,1,26,down_link,dolomites,creation
10,8,7,26,down_link,dolomites,creation
22,8,2,26,down_link,dolomites,creation
26,6,8,26,down_link,dolomites,creation
3,18,2,26,down_link,dolomites,creation
30,7,2,26,down_link,dolomites,creation
52,8,1,26,down_link,dolomites,creation
48,0,36,26,down_link,dolomites,creation
54,8,1,26,down_link,dolomites,creation
51,0,36,26,down_link,dolomites,creation
41,30,6,26,down_link,dolomites,creation
25,5,7,26,down_link,dolomites,creation
33,7,5,26,down_link,dolomites,creation
58,7,1,26,down_link,dolomites,creation
39,5,7,26,down_link,dolomites,creation
47,0,37,26,down_link,dolomites,creation
14,6,0,26,down_link,dolomites,creation
44,0,39,26,down_link,dolomites,creation
1,10,8,26,down_link,dolomites,creation
19,6,7,26,down_link,dolomites,creation
46,0,38,26,down_link,dolomites,creation
50,0,32,26,down_link,dolomites,creation
59,7,1,26,down_link,dolomites,creation
4,28,4,26,down_link,dolomites,creation
11,6,8,26,down_link,dolomites,creation
36,7,2,26,down_link,dolomites,creation
56,6,1,26,down_niche,dolomites,creation
34,8,6,26,down_niche,dolomites,creation
43,22,7,26,down_niche,dolomites,creation
40,8,1,26,down_niche,dolomites,creation
12,8,7,26,down_niche,dolomites,creation
13,8,2,26,down_niche,dolomites,creation
24,8,0,26,down_niche,dolomites,creation
49,0,42,26,down_niche,dolomites,creation
5,30,3,26,down_niche,dolomites,creation
31,7,6,26,down_niche,dolomites,creation
38,8,7,26,down_niche,dolomites,creation
45,0,40,26,down_niche,dolomites,creation
28,7,7,26,down_niche,dolomites,creation
37,8,7,26,down_niche,dolomites,creation
8,8,1,26,down_niche,dolomites,creation
35,8,5,26,down_niche,dolomites,creation
27,7,6,26,down_niche,dolomites,creation
21,8,6,26,down_niche,dolomites,creation
6,24,4,26,down_niche,dolomites,creation
32,7,0,26,down_niche,dolomites,creation
16,7,5,26,down_niche,dolomites,creation
57,8,1,26,down_niche,dolomites,creation
42,27,5,26,down_niche,dolomites,creation
15,7,3,26,down_niche,dolomites,creation
17,8,7,26,down_niche,dolomites,creation
20,7,7,26,down_niche,dolomites,creation
29,8,7,26,down_niche,dolomites,creation
7,17,5,26,down_niche,dolomites,creation
2,11,2,26,down_niche,dolomites,creation
23,7,2,26,down_niche,dolomites,creation
18,7,7,26,down_niche,dolomites,creation
9,8,1,26,down_niche,dolomites,creation
55,7,1,26,down_niche,dolomites,creation
53,7,1,26,down_niche,dolomites,creation
10,8,8,26,down_niche,dolomites,creation
22,7,1,26,down_niche,dolomites,creation
26,8,6,26,down_niche,dolomites,creation
3,15,1,26,down_niche,dolomites,creation
30,8,1,26,down_niche,dolomites,creation
52,8,1,26,down_niche,dolomites,creation
48,0,41,26,down_niche,dolomites,creation
54,7,1,26,down_niche,dolomites,creation
51,0,40,26,down_niche,dolomites,creation
41,27,6,26,down_niche,dolomites,creation
25,7,7,26,down_niche,dolomites,creation
33,8,7,26,down_niche,dolomites,creation
58,8,1,26,down_niche,dolomites,creation
39,8,7,26,down_niche,dolomites,creation
47,0,41,26,down_niche,dolomites,creation
14,8,0,26,down_niche,dolomites,creation
44,0,30,26,down_niche,dolomites,creation
1,9,4,26,down_niche,dolomites,creation
19,8,6,26,down_niche,dolomites,creation
46,0,41,26,down_niche,dolomites,creation
50,0,40,26,down_niche,dolomites,creation
59,7,1,26,down_niche,dolomites,creation
4,20,1,26,down_niche,dolomites,creation
11,8,7,26,down_niche,dolomites,creation
36,8,2,26,down_niche,dolomites,creation
56,6,1,26,down_niche_bodysize,dolomites,creation
34,8,6,26,down_niche_bodysize,dolomites,creation
43,22,7,26,down_niche_bodysize,dolomites,creation
40,8,1,26,down_niche_bodysize,dolomites,creation
12,8,7,26,down_niche_bodysize,dolomites,creation
13,8,2,26,down_niche_bodysize,dolomites,creation
24,8,0,26,down_niche_bodysize,dolomites,creation
49,0,42,26,down_niche_bodysize,dolomites,creation
5,30,3,26,down_niche_bodysize,dolomites,creation
31,7,6,26,down_niche_bodysize,dolomites,creation
38,8,7,26,down_niche_bodysize,dolomites,creation
45,0,40,26,down_niche_bodysize,dolomites,creation
28,7,7,26,down_niche_bodysize,dolomites,creation
37,8,7,26,down_niche_bodysize,dolomites,creation
8,8,1,26,down_niche_bodysize,dolomites,creation
35,8,5,26,down_niche_bodysize,dolomites,creation
27,7,6,26,down_niche_bodysize,dolomites,creation
21,8,6,26,down_niche_bodysize,dolomites,creation
6,24,4,26,down_niche_bodysize,dolomites,creation
32,7,0,26,down_niche_bodysize,dolomites,creation
16,7,5,26,down_niche_bodysize,dolomites,creation
57,8,1,26,down_niche_bodysize,dolomites,creation
42,27,5,26,down_niche_bodysize,dolomites,creation
15,7,3,26,down_niche_bodysize,dolomites,creation
17,8,7,26,down_niche_bodysize,dolomites,creation
20,7,7,26,down_niche_bodysize,dolomites,creation
29,8,7,26,down_niche_bodysize,dolomites,creation
7,17,5,26,down_niche_bodysize,dolomites,creation
2,11,2,26,down_niche_bodysize,dolomites,creation
23,7,2,26,down_niche_bodysize,dolomites,creation
18,7,7,26,down_niche_bodysize,dolomites,creation
9,8,1,26,down_niche_bodysize,dolomites,creation
55,7,1,26,down_niche_bodysize,dolomites,creation
53,7,1,26,down_niche_bodysize,dolomites,creation
10,8,8,26,down_niche_bodysize,dolomites,creation
22,7,1,26,down_niche_bodysize,dolomites,creation
26,8,6,26,down_niche_bodysize,dolomites,creation
3,15,1,26,down_niche_bodysize,dolomites,creation
30,8,1,26,down_niche_bodysize,dolomites,creation
52,8,1,26,down_niche_bodysize,dolomites,creation
48,0,41,26,down_niche_bodysize,dolomites,creation
54,7,1,26,down_niche_bodysize,dolomites,creation
51,0,40,26,down_niche_bodysize,dolomites,creation
41,27,6,26,down_niche_bodysize,dolomites,creation
25,7,7,26,down_niche_bodysize,dolomites,creation
33,8,7,26,down_niche_bodysize,dolomites,creation
58,8,1,26,down_niche_bodysize,dolomites,creation
39,8,7,26,down_niche_bodysize,dolomites,creation
47,0,41,26,down_niche_bodysize,dolomites,creation
14,8,0,26,down_niche_bodysize,dolomites,creation
44,0,30,26,down_niche_bodysize,dolomites,creation
1,9,4,26,down_niche_bodysize,dolomites,creation
19,8,6,26,down_niche_bodysize,dolomites,creation
46,0,41,26,down_niche_bodysize,dolomites,creation
50,0,40,26,down_niche_bodysize,dolomites,creation
59,7,1,26,down_niche_bodysize,dolomites,creation
4,20,1,26,down_niche_bodysize,dolomites,creation
11,8,7,26,down_niche_bodysize,dolomites,creation
36,8,2,26,down_niche_bodysize,dolomites,creation
56,6,41,26,atn,dolomites,creation
34,10,0,26,atn,dolomites,creation
43,10,0,26,atn,dolomites,creation
40,10,0,26,atn,dolomites,creation
12,10,0,26,atn,dolomites,creation
13,8,34,26,atn,dolomites,creation
24,7,13,26,atn,dolomites,creation
49,0,35,26,atn,dolomites,creation
5,14,0,26,atn,dolomites,creation
31,12,0,26,atn,dolomites,creation
38,12,0,26,atn,dolomites,creation
45,0,9,26,atn,dolomites,creation
28,13,0,26,atn,dolomites,creation
37,12,0,26,atn,dolomites,creation
8,14,0,26,atn,dolomites,creation
35,7,2,26,atn,dolomites,creation
27,7,2,26,atn,dolomites,creation
21,10,0,26,atn,dolomites,creation
6,12,0,26,atn,dolomites,creation
32,14,0,26,atn,dolomites,creation
16,13,0,26,atn,dolomites,creation
57,8,35,26,atn,dolomites,creation
42,13,0,26,atn,dolomites,creation
15,14,0,26,atn,dolomites,creation
17,13,0,26,atn,dolomites,creation
20,7,2,26,atn,dolomites,creation
29,11,0,26,atn,dolomites,creation
7,10,2,26,atn,dolomites,creation
2,18,0,26,atn,dolomites,creation
23,4,39,26,atn,dolomites,creation
18,12,0,26,atn,dolomites,creation
9,10,0,26,atn,dolomites,creation
55,4,36,26,atn,dolomites,creation
53,0,9,26,atn,dolomites,creation
10,13,0,26,atn,dolomites,creation
22,6,32,26,atn,dolomites,creation
26,10,0,26,atn,dolomites,creation
3,18,0,26,atn,dolomites,creation
30,6,31,26,atn,dolomites,creation
52,0,6,26,atn,dolomites,creation
48,0,41,26,atn,dolomites,creation
54,2,16,26,atn,dolomites,creation
51,0,2,26,atn,dolomites,creation
41,12,0,26,atn,dolomites,creation
25,13,0,26,atn,dolomites,creation
33,12,0,26,atn,dolomites,creation
58,9,21,26,atn,dolomites,creation
39,12,0,26,atn,dolomites,creation
47,0,36,26,atn,dolomites,creation
14,10,0,26,atn,dolomites,creation
44,0,6,26,atn,dolomites,creation
1,13,0,26,atn,dolomites,creation
19,10,0,26,atn,dolomites,creation
46,0,16,26,atn,dolomites,creation
50,0,21,26,atn,dolomites,creation
59,10,2,26,atn,dolomites,creation
4,12,0,26,atn,dolomites,creation
11,9,2,26,atn,dolomites,creation
36,9,20,26,atn,dolomites,creation
34,0,34,26,down_power,dolomites,burnin
43,8,0,26,down_power,dolomites,burnin
40,0,35,26,down_power,dolomites,burnin
12,7,0,26,down_power,dolomites,burnin
13,7,0,26,down_power,dolomites,burnin
24,7,0,26,down_power,dolomites,burnin
5,6,0,26,down_power,dolomites,burnin
31,7,0,26,down_power,dolomites,burnin
38,0,34,26,down_power,dolomites,burnin
45,5,0,26,down_power,dolomites,burnin
28,6,0,26,down_power,dolomites,burnin
37,0,32,26,down_power,dolomites,burnin
8,8,0,26,down_power,dolomites,burnin
35,0,35,26,down_power,dolomites,burnin
27,7,0,26,down_power,dolomites,burnin
21,8,0,26,down_power,dolomites,burnin
6,8,0,26,down_power,dolomites,burnin
32,7,0,26,down_power,dolomites,burnin
16,6,0,26,down_power,dolomites,burnin
42,8,0,26,down_power,dolomites,burnin
15,7,0,26,down_power,dolomites,burnin
17,6,0,26,down_power,dolomites,burnin
20,6,0,26,down_power,dolomites,burnin
29,7,0,26,down_power,dolomites,burnin
7,6,0,26,down_power,dolomites,burnin
2,7,0,26,down_power,dolomites,burnin
23,5,0,26,down_power,dolomites,burnin
18,6,0,26,down_power,dolomites,burnin
9,8,0,26,down_power,dolomites,burnin
10,7,0,26,down_power,dolomites,burnin
22,8,0,26,down_power,dolomites,burnin
26,8,0,26,down_power,dolomites,burnin
3,7,0,26,down_power,dolomites,burnin
30,6,0,26,down_power,dolomites,burnin
48,6,0,26,down_power,dolomites,burnin
41,6,0,26,down_power,dolomites,burnin
25,7,0,26,down_power,dolomites,burnin
33,0,35,26,down_power,dolomites,burnin
39,0,34,26,down_power,dolomites,burnin
47,7,0,26,down_power,dolomites,burnin
14,8,0,26,down_power,dolomites,burnin
44,6,0,26,down_power,dolomites,burnin
1,6,0,26,down_power,dolomites,burnin
19,7,0,26,down_power,dolomites,burnin
46,7,0,26,down_power,dolomites,burnin
4,6,0,26,down_power,dolomites,burnin
11,7,0,26,down_power,dolomites,burnin
36,0,33,26,down_power,dolomites,burnin
34,0,40,26,metaweb,dolomites,burnin
43,8,0,26,metaweb,dolomites,burnin
40,0,40,26,metaweb,dolomites,burnin
12,8,0,26,metaweb,dolomites,burnin
13,8,0,26,metaweb,dolomites,burnin
24,8,0,26,metaweb,dolomites,burnin
5,8,0,26,metaweb,dolomites,burnin
31,8,0,26,metaweb,dolomites,burnin
38,0,40,26,metaweb,dolomites,burnin
45,8,0,26,metaweb,dolomites,burnin
28,8,0,26,metaweb,dolomites,burnin
37,0,40,26,metaweb,dolomites,burnin
8,8,0,26,metaweb,dolomites,burnin
35,0,40,26,metaweb,dolomites,burnin
27,8,0,26,metaweb,dolomites,burnin
21,8,0,26,metaweb,dolomites,burnin
6,8,0,26,metaweb,dolomites,burnin
32,8,0,26,metaweb,dolomites,burnin
16,8,0,26,metaweb,dolomites,burnin
42,8,0,26,metaweb,dolomites,burnin
15,8,0,26,metaweb,dolomites,burnin
17,8,0,26,metaweb,dolomites,burnin
20,8,0,26,metaweb,dolomites,burnin
29,8,0,26,metaweb,dolomites,burnin
7,8,0,26,metaweb,dolomites,burnin
2,8,0,26,metaweb,dolomites,burnin
23,8,0,26,metaweb,dolomites,burnin
18,8,0,26,metaweb,dolomites,burnin
9,8,0,26,metaweb,dolomites,burnin
10,8,0,26,metaweb,dolomites,burnin
22,8,0,26,metaweb,dolomites,burnin
26,8,0,26,metaweb,dolomites,burnin
3,8,0,26,metaweb,dolomites,burnin
30,8,0,26,metaweb,dolomites,burnin
48,8,0,26,metaweb,dolomites,burnin
41,8,0,26,metaweb,dolomites,burnin
25,8,0,26,metaweb,dolomites,burnin
33,0,40,26,metaweb,dolomites,burnin
39,0,40,26,metaweb,dolomites,burnin
47,8,0,26,metaweb,dolomites,burnin
14,8,0,26,metaweb,dolomites,burnin
44,8,0,26,metaweb,dolomites,burnin
1,8,0,26,metaweb,dolomites,burnin
19,8,0,26,metaweb,dolomites,burnin
46,8,0,26,metaweb,dolomites,burnin
4,8,0,26,metaweb,dolomites,burnin
11,8,0,26,metaweb,dolomites,burnin
36,0,40,26,metaweb,dolomites,burnin
17,0,6,26,niche,dolomites,burnin
20,8,5,26,niche,dolomites,burnin
29,3,10,26,niche,dolomites,burnin
34,0,9,26,niche,dolomites,burnin
7,5,0,26,niche,dolomites,burnin
2,4,1,26,niche,dolomites,burnin
23,4,7,26,niche,dolomites,burnin
12,11,1,26,niche,dolomites,burnin
18,2,6,26,niche,dolomites,burnin
13,7,2,26,niche,dolomites,burnin
9,9,2,26,niche,dolomites,burnin
24,4,8,26,niche,dolomites,burnin
10,14,2,26,niche,dolomites,burnin
22,1,7,26,niche,dolomites,burnin
26,0,9,26,niche,dolomites,burnin
3,8,1,26,niche,dolomites,burnin
5,0,1,26,niche,dolomites,burnin
30,4,10,26,niche,dolomites,burnin
31,4,11,26,niche,dolomites,burnin
28,3,10,26,niche,dolomites,burnin
38,0,2,26,niche,dolomites,burnin
37,0,4,26,niche,dolomites,burnin
8,3,0,26,niche,dolomites,burnin
35,1,6,26,niche,dolomites,burnin
25,6,9,26,niche,dolomites,burnin
33,1,10,26,niche,dolomites,burnin
27,4,9,26,niche,dolomites,burnin
21,12,5,26,niche,dolomites,burnin
39,0,2,26,niche,dolomites,burnin
14,6,2,26,niche,dolomites,burnin
6,20,1,26,niche,dolomites,burnin
1,1,0,26,niche,dolomites,burnin
19,8,7,26,niche,dolomites,burnin
32,1,11,26,niche,dolomites,burnin
16,10,2,26,niche,dolomites,burnin
4,3,1,26,niche,dolomites,burnin
15,0,2,26,niche,dolomites,burnin
11,23,2,26,niche,dolomites,burnin
36,0,7,26,niche,dolomites,burnin
34,0,35,26,down_rand,dolomites,burnin
43,5,0,26,down_rand,dolomites,burnin
40,0,35,26,down_rand,dolomites,burnin
12,7,0,26,down_rand,dolomites,burnin
13,7,0,26,down_rand,dolomites,burnin
24,6,0,26,down_rand,dolomites,burnin
49,7,0,26,down_rand,dolomites,burnin
5,6,1,26,down_rand,dolomites,burnin
31,6,0,26,down_rand,dolomites,burnin
38,0,39,26,down_rand,dolomites,burnin
45,8,0,26,down_rand,dolomites,burnin
28,8,0,26,down_rand,dolomites,burnin
37,0,33,26,down_rand,dolomites,burnin
8,8,0,26,down_rand,dolomites,burnin
35,0,34,26,down_rand,dolomites,burnin
27,7,0,26,down_rand,dolomites,burnin
21,7,1,26,down_rand,dolomites,burnin
6,6,1,26,down_rand,dolomites,burnin
32,5,0,26,down_rand,dolomites,burnin
16,8,0,26,down_rand,dolomites,burnin
42,8,0,26,down_rand,dolomites,burnin
15,6,0,26,down_rand,dolomites,burnin
17,8,0,26,down_rand,dolomites,burnin
20,8,1,26,down_rand,dolomites,burnin
29,7,0,26,down_rand,dolomites,burnin
7,6,0,26,down_rand,dolomites,burnin
2,8,0,26,down_rand,dolomites,burnin
23,7,0,26,down_rand,dolomites,burnin
18,6,0,26,down_rand,dolomites,burnin
9,8,0,26,down_rand,dolomites,burnin
10,7,0,26,down_rand,dolomites,burnin
22,6,0,26,down_rand,dolomites,burnin
26,6,0,26,down_rand,dolomites,burnin
3,8,1,26,down_rand,dolomites,burnin
30,6,0,26,down_rand,dolomites,burnin
48,8,0,26,down_rand,dolomites,burnin
41,0,34,26,down_rand,dolomites,burnin
25,7,1,26,down_rand,dolomites,burnin
33,5,0,26,down_rand,dolomites,burnin
39,0,35,26,down_rand,dolomites,burnin
47,7,0,26,down_rand,dolomites,burnin
14,8,0,26,down_rand,dolomites,burnin
44,8,0,26,down_rand,dolomites,burnin
1,9,1,26,down_rand,dolomites,burnin
19,8,1,26,down_rand,dolomites,burnin
46,6,0,26,down_rand,dolomites,burnin
4,8,1,26,down_rand,dolomites,burnin
11,7,0,26,down_rand,dolomites,burnin
36,0,33,26,down_rand,dolomites,burnin
34,0,35,26,down_link,dolomites,burnin
43,8,0,26,down_link,dolomites,burnin
40,0,33,26,down_link,dolomites,burnin
12,6,0,26,down_link,dolomites,burnin
13,5,0,26,down_link,dolomites,burnin
24,7,0,26,down_link,dolomites,burnin
5,6,0,26,down_link,dolomites,burnin
31,7,0,26,down_link,dolomites,burnin
38,0,33,26,down_link,dolomites,burnin
45,7,0,26,down_link,dolomites,burnin
28,6,0,26,down_link,dolomites,burnin
37,0,35,26,down_link,dolomites,burnin
8,7,0,26,down_link,dolomites,burnin
35,0,37,26,down_link,dolomites,burnin
27,7,0,26,down_link,dolomites,burnin
21,8,0,26,down_link,dolomites,burnin
6,7,0,26,down_link,dolomites,burnin
32,5,0,26,down_link,dolomites,burnin
16,7,0,26,down_link,dolomites,burnin
42,7,0,26,down_link,dolomites,burnin
15,8,0,26,down_link,dolomites,burnin
17,8,0,26,down_link,dolomites,burnin
20,8,0,26,down_link,dolomites,burnin
29,7,0,26,down_link,dolomites,burnin
7,6,0,26,down_link,dolomites,burnin
2,8,0,26,down_link,dolomites,burnin
23,7,0,26,down_link,dolomites,burnin
18,5,0,26,down_link,dolomites,burnin
9,7,0,26,down_link,dolomites,burnin
10,6,0,26,down_link,dolomites,burnin
22,7,0,26,down_link,dolomites,burnin
26,7,0,26,down_link,dolomites,burnin
3,8,0,26,down_link,dolomites,burnin
30,7,0,26,down_link,dolomites,burnin
48,7,0,26,down_link,dolomites,burnin
41,8,0,26,down_link,dolomites,burnin
25,8,0,26,down_link,dolomites,burnin
33,0,37,26,down_link,dolomites,burnin
39,0,31,26,down_link,dolomites,burnin
47,7,0,26,down_link,dolomites,burnin
14,7,0,26,down_link,dolomites,burnin
44,8,0,26,down_link,dolomites,burnin
1,8,0,26,down_link,dolomites,burnin
19,6,0,26,down_link,dolomites,burnin
46,6,0,26,down_link,dolomites,burnin
4,6,0,26,down_link,dolomites,burnin
11,5,0,26,down_link,dolomites,burnin
36,0,34,26,down_link,dolomites,burnin
34,0,39,26,down_niche,dolomites,burnin
43,7,0,26,down_niche,dolomites,burnin
40,0,39,26,down_niche,dolomites,burnin
12,8,0,26,down_niche,dolomites,burnin
13,7,0,26,down_niche,dolomites,burnin
24,7,0,26,down_niche,dolomites,burnin
5,8,0,26,down_niche,dolomites,burnin
31,8,0,26,down_niche,dolomites,burnin
38,0,39,26,down_niche,dolomites,burnin
45,6,0,26,down_niche,dolomites,burnin
28,8,0,26,down_niche,dolomites,burnin
37,0,40,26,down_niche,dolomites,burnin
8,7,0,26,down_niche,dolomites,burnin
35,0,39,26,down_niche,dolomites,burnin
27,8,0,26,down_niche,dolomites,burnin
21,7,0,26,down_niche,dolomites,burnin
6,8,0,26,down_niche,dolomites,burnin
32,8,0,26,down_niche,dolomites,burnin
16,7,0,26,down_niche,dolomites,burnin
42,7,0,26,down_niche,dolomites,burnin
15,7,0,26,down_niche,dolomites,burnin
17,8,0,26,down_niche,dolomites,burnin
20,7,0,26,down_niche,dolomites,burnin
29,8,0,26,down_niche,dolomites,burnin
7,8,0,26,down_niche,dolomites,burnin
2,8,0,26,down_niche,dolomites,burnin
23,8,0,26,down_niche,dolomites,burnin
18,7,0,26,down_niche,dolomites,burnin
9,7,0,26,down_niche,dolomites,burnin
10,8,0,26,down_niche,dolomites,burnin
22,8,0,26,down_niche,dolomites,burnin
26,8,0,26,down_niche,dolomites,burnin
3,8,0,26,down_niche,dolomites,burnin
30,8,0,26,down_niche,dolomites,burnin
48,7,0,26,down_niche,dolomites,burnin
41,8,0,26,down_niche,dolomites,burnin
25,7,0,26,down_niche,dolomites,burnin
33,0,29,26,down_niche,dolomites,burnin
39,0,39,26,down_niche,dolomites,burnin
47,8,0,26,down_niche,dolomites,burnin
14,8,0,26,down_niche,dolomites,burnin
44,7,0,26,down_niche,dolomites,burnin
1,8,0,26,down_niche,dolomites,burnin
19,8,0,26,down_niche,dolomites,burnin
46,8,0,26,down_niche,dolomites,burnin
4,8,0,26,down_niche,dolomites,burnin
11,7,0,26,down_niche,dolomites,burnin
36,0,39,26,down_niche,dolomites,burnin
34,0,39,26,down_niche_bodysize,dolomites,burnin
43,7,0,26,down_niche_bodysize,dolomites,burnin
40,0,39,26,down_niche_bodysize,dolomites,burnin
12,8,0,26,down_niche_bodysize,dolomites,burnin
13,7,0,26,down_niche_bodysize,dolomites,burnin
24,7,0,26,down_niche_bodysize,dolomites,burnin
5,8,0,26,down_niche_bodysize,dolomites,burnin
31,8,0,26,down_niche_bodysize,dolomites,burnin
38,0,39,26,down_niche_bodysize,dolomites,burnin
45,6,0,26,down_niche_bodysize,dolomites,burnin
28,8,0,26,down_niche_bodysize,dolomites,burnin
37,0,40,26,down_niche_bodysize,dolomites,burnin
8,7,0,26,down_niche_bodysize,dolomites,burnin
35,0,39,26,down_niche_bodysize,dolomites,burnin
27,8,0,26,down_niche_bodysize,dolomites,burnin
21,7,0,26,down_niche_bodysize,dolomites,burnin
6,8,0,26,down_niche_bodysize,dolomites,burnin
32,8,0,26,down_niche_bodysize,dolomites,burnin
16,7,0,26,down_niche_bodysize,dolomites,burnin
42,7,0,26,down_niche_bodysize,dolomites,burnin
15,7,0,26,down_niche_bodysize,dolomites,burnin
17,8,0,26,down_niche_bodysize,dolomites,burnin
20,7,0,26,down_niche_bodysize,dolomites,burnin
29,8,0,26,down_niche_bodysize,dolomites,burnin
7,8,0,26,down_niche_bodysize,dolomites,burnin
2,8,0,26,down_niche_bodysize,dolomites,burnin
23,8,0,26,down_niche_bodysize,dolomites,burnin
18,7,0,26,down_niche_bodysize,dolomites,burnin
9,7,0,26,down_niche_bodysize,dolomites,burnin
10,8,0,26,down_niche_bodysize,dolomites,burnin
22,8,0,26,down_niche_bodysize,dolomites,burnin
26,8,0,26,down_niche_bodysize,dolomites,burnin
3,8,0,26,down_niche_bodysize,dolomites,burnin
30,8,0,26,down_niche_bodysize,dolomites,burnin
48,7,0,26,down_niche_bodysize,dolomites,burnin
41,8,0,26,down_niche_bodysize,dolomites,burnin
25,7,0,26,down_niche_bodysize,dolomites,burnin
33,0,29,26,down_niche_bodysize,dolomites,burnin
39,0,39,26,down_niche_bodysize,dolomites,burnin
47,8,0,26,down_niche_bodysize,dolomites,burnin
14,8,0,26,down_niche_bodysize,dolomites,burnin
44,7,0,26,down_niche_bodysize,dolomites,burnin
1,8,0,26,down_niche_bodysize,dolomites,burnin
19,8,0,26,down_niche_bodysize,dolomites,burnin
46,8,0,26,down_niche_bodysize,dolomites,burnin
4,8,0,26,down_niche_bodysize,dolomites,burnin
11,7,0,26,down_niche_bodysize,dolomites,burnin
36,0,39,26,down_niche_bodysize,dolomites,burnin
34,13,0,26,atn,dolomites,burnin
43,0,6,26,atn,dolomites,burnin
40,0,26,26,atn,dolomites,burnin
12,14,0,26,atn,dolomites,burnin
13,13,0,26,atn,dolomites,burnin
24,6,22,26,atn,dolomites,burnin
49,9,21,26,atn,dolomites,burnin
5,14,0,26,atn,dolomites,burnin
31,12,0,26,atn,dolomites,burnin
38,0,27,26,atn,dolomites,burnin
45,2,16,26,atn,dolomites,burnin
28,7,2,26,atn,dolomites,burnin
37,0,16,26,atn,dolomites,burnin
8,14,0,26,atn,dolomites,burnin
35,0,6,26,atn,dolomites,burnin
27,12,0,26,atn,dolomites,burnin
21,7,2,26,atn,dolomites,burnin
6,12,0,26,atn,dolomites,burnin
32,12,0,26,atn,dolomites,burnin
16,7,2,26,atn,dolomites,burnin
42,0,2,26,atn,dolomites,burnin
15,12,0,26,atn,dolomites,burnin
17,6,23,26,atn,dolomites,burnin
20,13,0,26,atn,dolomites,burnin
29,9,20,26,atn,dolomites,burnin
7,10,2,26,atn,dolomites,burnin
2,18,0,26,atn,dolomites,burnin
23,11,0,26,atn,dolomites,burnin
18,4,30,26,atn,dolomites,burnin
9,13,0,26,atn,dolomites,burnin
10,9,2,26,atn,dolomites,burnin
22,13,0,26,atn,dolomites,burnin
26,14,0,26,atn,dolomites,burnin
3,18,0,26,atn,dolomites,burnin
30,12,0,26,atn,dolomites,burnin
48,8,26,26,atn,dolomites,burnin
41,0,21,26,atn,dolomites,burnin
25,12,0,26,atn,dolomites,burnin
33,12,0,26,atn,dolomites,burnin
39,0,32,26,atn,dolomites,burnin
47,6,32,26,atn,dolomites,burnin
14,13,0,26,atn,dolomites,burnin
44,0,9,26,atn,dolomites,burnin
1,13,0,26,atn,dolomites,burnin
19,7,13,26,atn,dolomites,burnin
46,4,27,26,atn,dolomites,burnin
50,10,2,26,atn,dolomites,burnin
4,12,0,26,atn,dolomites,burnin
11,8,25,26,atn,dolomites,burnin
36,0,9,26,atn,dolomites,burnin
56,2,1,27,down_power,dolomites,creation
34,3,3,27,down_power,dolomites,creation
43,13,5,27,down_power,dolomites,creation
40,1,1,27,down_power,dolomites,creation
12,1,4,27,down_power,dolomites,creation
13,3,1,27,down_power,dolomites,creation
24,5,0,27,down_power,dolomites,creation
49,0,16,27,down_power,dolomites,creation
5,19,4,27,down_power,dolomites,creation
31,4,5,27,down_power,dolomites,creation
38,3,6,27,down_power,dolomites,creation
45,0,21,27,down_power,dolomites,creation
28,2,4,27,down_power,dolomites,creation
37,3,4,27,down_power,dolomites,creation
8,6,0,27,down_power,dolomites,creation
35,2,3,27,down_power,dolomites,creation
27,2,7,27,down_power,dolomites,creation
21,4,4,27,down_power,dolomites,creation
6,11,3,27,down_power,dolomites,creation
32,4,0,27,down_power,dolomites,creation
16,5,4,27,down_power,dolomites,creation
57,4,0,27,down_power,dolomites,creation
42,35,5,27,down_power,dolomites,creation
15,1,3,27,down_power,dolomites,creation
17,4,6,27,down_power,dolomites,creation
20,2,7,27,down_power,dolomites,creation
29,3,4,27,down_power,dolomites,creation
7,7,4,27,down_power,dolomites,creation
2,7,0,27,down_power,dolomites,creation
23,5,1,27,down_power,dolomites,creation
18,4,4,27,down_power,dolomites,creation
9,5,1,27,down_power,dolomites,creation
55,3,0,27,down_power,dolomites,creation
53,3,0,27,down_power,dolomites,creation
10,2,7,27,down_power,dolomites,creation
22,3,2,27,down_power,dolomites,creation
26,5,5,27,down_power,dolomites,creation
3,6,0,27,down_power,dolomites,creation
30,1,0,27,down_power,dolomites,creation
52,3,0,27,down_power,dolomites,creation
48,0,18,27,down_power,dolomites,creation
54,2,0,27,down_power,dolomites,creation
51,0,18,27,down_power,dolomites,creation
41,35,4,27,down_power,dolomites,creation
25,1,5,27,down_power,dolomites,creation
33,2,3,27,down_power,dolomites,creation
58,3,0,27,down_power,dolomites,creation
39,1,4,27,down_power,dolomites,creation
47,0,20,27,down_power,dolomites,creation
14,1,0,27,down_power,dolomites,creation
44,0,14,27,down_power,dolomites,creation
1,5,5,27,down_power,dolomites,creation
19,3,5,27,down_power,dolomites,creation
46,0,13,27,down_power,dolomites,creation
50,0,21,27,down_power,dolomites,creation
59,4,0,27,down_power,dolomites,creation
4,20,0,27,down_power,dolomites,creation
11,4,6,27,down_power,dolomites,creation
36,4,0,27,down_power,dolomites,creation
56,8,1,27,metaweb,dolomites,creation
34,8,7,27,metaweb,dolomites,creation
43,28,7,27,metaweb,dolomites,creation
40,8,2,27,metaweb,dolomites,creation
12,8,8,27,metaweb,dolomites,creation
13,8,2,27,metaweb,dolomites,creation
24,8,2,27,metaweb,dolomites,creation
49,0,43,27,metaweb,dolomites,creation
5,31,4,27,metaweb,dolomites,creation
31,8,8,27,metaweb,dolomites,creation
38,8,7,27,metaweb,dolomites,creation
45,0,43,27,metaweb,dolomites,creation
28,8,7,27,metaweb,dolomites,creation
37,8,7,27,metaweb,dolomites,creation
8,8,1,27,metaweb,dolomites,creation
35,8,7,27,metaweb,dolomites,creation
27,8,8,27,metaweb,dolomites,creation
21,8,7,27,metaweb,dolomites,creation
6,27,7,27,metaweb,dolomites,creation
32,8,0,27,metaweb,dolomites,creation
16,8,7,27,metaweb,dolomites,creation
57,8,1,27,metaweb,dolomites,creation
42,35,7,27,metaweb,dolomites,creation
15,8,4,27,metaweb,dolomites,creation
17,8,7,27,metaweb,dolomites,creation
20,8,7,27,metaweb,dolomites,creation
29,8,7,27,metaweb,dolomites,creation
7,20,7,27,metaweb,dolomites,creation
2,18,2,27,metaweb,dolomites,creation
23,8,2,27,metaweb,dolomites,creation
18,8,7,27,metaweb,dolomites,creation
9,8,1,27,metaweb,dolomites,creation
55,8,1,27,metaweb,dolomites,creation
53,8,1,27,metaweb,dolomites,creation
10,8,8,27,metaweb,dolomites,creation
22,8,2,27,metaweb,dolomites,creation
26,8,8,27,metaweb,dolomites,creation
3,18,2,27,metaweb,dolomites,creation
30,8,2,27,metaweb,dolomites,creation
52,8,1,27,metaweb,dolomites,creation
48,0,43,27,metaweb,dolomites,creation
54,8,1,27,metaweb,dolomites,creation
51,0,43,27,metaweb,dolomites,creation
41,35,7,27,metaweb,dolomites,creation
25,8,8,27,metaweb,dolomites,creation
33,8,7,27,metaweb,dolomites,creation
58,8,1,27,metaweb,dolomites,creation
39,8,7,27,metaweb,dolomites,creation
47,0,43,27,metaweb,dolomites,creation
14,8,0,27,metaweb,dolomites,creation
44,0,43,27,metaweb,dolomites,creation
1,10,8,27,metaweb,dolomites,creation
19,8,7,27,metaweb,dolomites,creation
46,0,43,27,metaweb,dolomites,creation
50,0,43,27,metaweb,dolomites,creation
59,8,1,27,metaweb,dolomites,creation
4,31,4,27,metaweb,dolomites,creation
11,8,8,27,metaweb,dolomites,creation
36,8,2,27,metaweb,dolomites,creation
56,2,6,27,niche,dolomites,creation
34,5,5,27,niche,dolomites,creation
43,5,5,27,niche,dolomites,creation
40,5,4,27,niche,dolomites,creation
12,6,2,27,niche,dolomites,creation
13,0,3,27,niche,dolomites,creation
24,3,5,27,niche,dolomites,creation
49,1,8,27,niche,dolomites,creation
5,8,1,27,niche,dolomites,creation
31,2,2,27,niche,dolomites,creation
38,4,4,27,niche,dolomites,creation
45,0,6,27,niche,dolomites,creation
28,1,4,27,niche,dolomites,creation
37,1,4,27,niche,dolomites,creation
8,18,1,27,niche,dolomites,creation
35,1,4,27,niche,dolomites,creation
27,6,5,27,niche,dolomites,creation
21,10,5,27,niche,dolomites,creation
6,0,1,27,niche,dolomites,creation
32,3,2,27,niche,dolomites,creation
16,10,3,27,niche,dolomites,creation
57,0,4,27,niche,dolomites,creation
42,1,5,27,niche,dolomites,creation
15,1,3,27,niche,dolomites,creation
17,5,3,27,niche,dolomites,creation
20,0,3,27,niche,dolomites,creation
29,8,3,27,niche,dolomites,creation
7,8,1,27,niche,dolomites,creation
2,29,0,27,niche,dolomites,creation
23,4,5,27,niche,dolomites,creation
18,0,3,27,niche,dolomites,creation
9,3,1,27,niche,dolomites,creation
55,2,11,27,niche,dolomites,creation
53,1,8,27,niche,dolomites,creation
10,4,1,27,niche,dolomites,creation
22,7,5,27,niche,dolomites,creation
26,1,5,27,niche,dolomites,creation
3,2,0,27,niche,dolomites,creation
30,0,2,27,niche,dolomites,creation
52,2,8,27,niche,dolomites,creation
48,3,7,27,niche,dolomites,creation
54,0,5,27,niche,dolomites,creation
51,0,8,27,niche,dolomites,creation
41,5,5,27,niche,dolomites,creation
25,12,4,27,niche,dolomites,creation
33,0,5,27,niche,dolomites,creation
58,0,5,27,niche,dolomites,creation
39,4,5,27,niche,dolomites,creation
47,5,8,27,niche,dolomites,creation
14,1,3,27,niche,dolomites,creation
44,3,5,27,niche,dolomites,creation
1,13,0,27,niche,dolomites,creation
19,3,2,27,niche,dolomites,creation
46,0,8,27,niche,dolomites,creation
50,0,8,27,niche,dolomites,creation
59,0,1,27,niche,dolomites,creation
4,10,0,27,niche,dolomites,creation
11,8,2,27,niche,dolomites,creation
36,0,4,27,niche,dolomites,creation
56,4,0,27,down_rand,dolomites,creation
34,6,5,27,down_rand,dolomites,creation
43,16,4,27,down_rand,dolomites,creation
40,3,2,27,down_rand,dolomites,creation
12,2,4,27,down_rand,dolomites,creation
13,3,1,27,down_rand,dolomites,creation
24,4,1,27,down_rand,dolomites,creation
49,0,18,27,down_rand,dolomites,creation
5,17,3,27,down_rand,dolomites,creation
31,4,6,27,down_rand,dolomites,creation
38,3,2,27,down_rand,dolomites,creation
45,0,24,27,down_rand,dolomites,creation
28,2,3,27,down_rand,dolomites,creation
37,4,6,27,down_rand,dolomites,creation
8,3,0,27,down_rand,dolomites,creation
35,4,0,27,down_rand,dolomites,creation
27,0,5,27,down_rand,dolomites,creation
21,3,5,27,down_rand,dolomites,creation
6,10,3,27,down_rand,dolomites,creation
32,3,0,27,down_rand,dolomites,creation
16,3,1,27,down_rand,dolomites,creation
57,6,1,27,down_rand,dolomites,creation
42,13,2,27,down_rand,dolomites,creation
15,5,3,27,down_rand,dolomites,creation
17,4,2,27,down_rand,dolomites,creation
20,4,2,27,down_rand,dolomites,creation
29,5,4,27,down_rand,dolomites,creation
7,9,4,27,down_rand,dolomites,creation
2,9,1,27,down_rand,dolomites,creation
23,3,1,27,down_rand,dolomites,creation
18,2,5,27,down_rand,dolomites,creation
9,3,1,27,down_rand,dolomites,creation
55,3,0,27,down_rand,dolomites,creation
53,7,1,27,down_rand,dolomites,creation
10,6,5,27,down_rand,dolomites,creation
22,5,2,27,down_rand,dolomites,creation
26,3,3,27,down_rand,dolomites,creation
3,11,0,27,down_rand,dolomites,creation
30,3,0,27,down_rand,dolomites,creation
52,2,0,27,down_rand,dolomites,creation
48,0,20,27,down_rand,dolomites,creation
54,6,0,27,down_rand,dolomites,creation
51,0,16,27,down_rand,dolomites,creation
41,18,3,27,down_rand,dolomites,creation
25,5,4,27,down_rand,dolomites,creation
33,2,2,27,down_rand,dolomites,creation
58,4,0,27,down_rand,dolomites,creation
39,3,3,27,down_rand,dolomites,creation
47,0,22,27,down_rand,dolomites,creation
14,6,0,27,down_rand,dolomites,creation
44,0,25,27,down_rand,dolomites,creation
1,7,5,27,down_rand,dolomites,creation
19,5,3,27,down_rand,dolomites,creation
46,0,19,27,down_rand,dolomites,creation
50,0,20,27,down_rand,dolomites,creation
59,4,1,27,down_rand,dolomites,creation
4,16,3,27,down_rand,dolomites,creation
11,2,4,27,down_rand,dolomites,creation
36,6,1,27,down_rand,dolomites,creation
56,3,1,27,down_link,dolomites,creation
34,3,4,27,down_link,dolomites,creation
43,13,4,27,down_link,dolomites,creation
40,7,2,27,down_link,dolomites,creation
12,3,5,27,down_link,dolomites,creation
13,3,2,27,down_link,dolomites,creation
24,3,1,27,down_link,dolomites,creation
49,0,18,27,down_link,dolomites,creation
5,14,3,27,down_link,dolomites,creation
31,4,5,27,down_link,dolomites,creation
38,4,4,27,down_link,dolomites,creation
45,0,21,27,down_link,dolomites,creation
28,2,4,27,down_link,dolomites,creation
37,2,5,27,down_link,dolomites,creation
8,5,1,27,down_link,dolomites,creation
35,3,4,27,down_link,dolomites,creation
27,6,3,27,down_link,dolomites,creation
21,1,4,27,down_link,dolomites,creation
6,13,3,27,down_link,dolomites,creation
32,4,0,27,down_link,dolomites,creation
16,3,5,27,down_link,dolomites,creation
57,6,1,27,down_link,dolomites,creation
42,17,3,27,down_link,dolomites,creation
15,6,1,27,down_link,dolomites,creation
17,3,3,27,down_link,dolomites,creation
20,3,5,27,down_link,dolomites,creation
29,3,2,27,down_link,dolomites,creation
7,13,3,27,down_link,dolomites,creation
2,14,2,27,down_link,dolomites,creation
23,3,1,27,down_link,dolomites,creation
18,2,5,27,down_link,dolomites,creation
9,4,0,27,down_link,dolomites,creation
55,4,1,27,down_link,dolomites,creation
53,3,1,27,down_link,dolomites,creation
10,2,4,27,down_link,dolomites,creation
22,4,2,27,down_link,dolomites,creation
26,5,5,27,down_link,dolomites,creation
3,11,2,27,down_link,dolomites,creation
30,4,1,27,down_link,dolomites,creation
52,3,1,27,down_link,dolomites,creation
48,0,19,27,down_link,dolomites,creation
54,3,1,27,down_link,dolomites,creation
51,0,16,27,down_link,dolomites,creation
41,17,3,27,down_link,dolomites,creation
25,4,6,27,down_link,dolomites,creation
33,4,3,27,down_link,dolomites,creation
58,2,1,27,down_link,dolomites,creation
39,4,3,27,down_link,dolomites,creation
47,0,18,27,down_link,dolomites,creation
14,4,0,27,down_link,dolomites,creation
44,0,17,27,down_link,dolomites,creation
1,6,5,27,down_link,dolomites,creation
19,6,4,27,down_link,dolomites,creation
46,0,19,27,down_link,dolomites,creation
50,0,16,27,down_link,dolomites,creation
59,3,0,27,down_link,dolomites,creation
4,15,2,27,down_link,dolomites,creation
11,4,4,27,down_link,dolomites,creation
36,3,2,27,down_link,dolomites,creation
56,6,1,27,down_niche,dolomites,creation
34,6,5,27,down_niche,dolomites,creation
43,10,0,27,down_niche,dolomites,creation
40,4,0,27,down_niche,dolomites,creation
12,2,3,27,down_niche,dolomites,creation
13,6,1,27,down_niche,dolomites,creation
24,5,2,27,down_niche,dolomites,creation
49,0,31,27,down_niche,dolomites,creation
5,12,0,27,down_niche,dolomites,creation
31,5,5,27,down_niche,dolomites,creation
38,4,3,27,down_niche,dolomites,creation
45,0,2,27,down_niche,dolomites,creation
28,4,4,27,down_niche,dolomites,creation
37,4,3,27,down_niche,dolomites,creation
8,5,1,27,down_niche,dolomites,creation
35,6,4,27,down_niche,dolomites,creation
27,4,3,27,down_niche,dolomites,creation
21,4,6,27,down_niche,dolomites,creation
6,11,0,27,down_niche,dolomites,creation
32,5,0,27,down_niche,dolomites,creation
16,5,2,27,down_niche,dolomites,creation
57,5,1,27,down_niche,dolomites,creation
42,16,2,27,down_niche,dolomites,creation
15,4,2,27,down_niche,dolomites,creation
17,5,3,27,down_niche,dolomites,creation
20,5,3,27,down_niche,dolomites,creation
29,4,3,27,down_niche,dolomites,creation
7,9,0,27,down_niche,dolomites,creation
2,3,0,27,down_niche,dolomites,creation
23,7,1,27,down_niche,dolomites,creation
18,4,3,27,down_niche,dolomites,creation
9,5,1,27,down_niche,dolomites,creation
55,5,1,27,down_niche,dolomites,creation
53,3,0,27,down_niche,dolomites,creation
10,3,1,27,down_niche,dolomites,creation
22,5,1,27,down_niche,dolomites,creation
26,5,6,27,down_niche,dolomites,creation
3,4,0,27,down_niche,dolomites,creation
30,4,2,27,down_niche,dolomites,creation
52,3,0,27,down_niche,dolomites,creation
48,0,31,27,down_niche,dolomites,creation
54,7,0,27,down_niche,dolomites,creation
51,0,18,27,down_niche,dolomites,creation
41,14,1,27,down_niche,dolomites,creation
25,2,3,27,down_niche,dolomites,creation
33,6,4,27,down_niche,dolomites,creation
58,3,1,27,down_niche,dolomites,creation
39,4,5,27,down_niche,dolomites,creation
47,0,16,27,down_niche,dolomites,creation
14,3,0,27,down_niche,dolomites,creation
44,0,30,27,down_niche,dolomites,creation
1,5,0,27,down_niche,dolomites,creation
19,5,2,27,down_niche,dolomites,creation
46,0,27,27,down_niche,dolomites,creation
50,0,28,27,down_niche,dolomites,creation
59,3,0,27,down_niche,dolomites,creation
4,12,0,27,down_niche,dolomites,creation
11,5,7,27,down_niche,dolomites,creation
36,5,2,27,down_niche,dolomites,creation
56,6,1,27,down_niche_bodysize,dolomites,creation
34,6,5,27,down_niche_bodysize,dolomites,creation
43,10,0,27,down_niche_bodysize,dolomites,creation
40,4,0,27,down_niche_bodysize,dolomites,creation
12,2,3,27,down_niche_bodysize,dolomites,creation
13,6,1,27,down_niche_bodysize,dolomites,creation
24,5,2,27,down_niche_bodysize,dolomites,creation
49,0,31,27,down_niche_bodysize,dolomites,creation
5,12,0,27,down_niche_bodysize,dolomites,creation
31,5,5,27,down_niche_bodysize,dolomites,creation
38,4,3,27,down_niche_bodysize,dolomites,creation
45,0,2,27,down_niche_bodysize,dolomites,creation
28,4,4,27,down_niche_bodysize,dolomites,creation
37,4,3,27,down_niche_bodysize,dolomites,creation
8,5,1,27,down_niche_bodysize,dolomites,creation
35,6,4,27,down_niche_bodysize,dolomites,creation
27,4,3,27,down_niche_bodysize,dolomites,creation
21,4,6,27,down_niche_bodysize,dolomites,creation
6,11,0,27,down_niche_bodysize,dolomites,creation
32,5,0,27,down_niche_bodysize,dolomites,creation
16,5,2,27,down_niche_bodysize,dolomites,creation
57,5,1,27,down_niche_bodysize,dolomites,creation
42,16,2,27,down_niche_bodysize,dolomites,creation
15,4,2,27,down_niche_bodysize,dolomites,creation
17,5,3,27,down_niche_bodysize,dolomites,creation
20,5,3,27,down_niche_bodysize,dolomites,creation
29,4,3,27,down_niche_bodysize,dolomites,creation
7,9,0,27,down_niche_bodysize,dolomites,creation
2,3,0,27,down_niche_bodysize,dolomites,creation
23,7,1,27,down_niche_bodysize,dolomites,creation
18,4,3,27,down_niche_bodysize,dolomites,creation
9,5,1,27,down_niche_bodysize,dolomites,creation
55,5,1,27,down_niche_bodysize,dolomites,creation
53,3,0,27,down_niche_bodysize,dolomites,creation
10,3,1,27,down_niche_bodysize,dolomites,creation
22,5,1,27,down_niche_bodysize,dolomites,creation
26,5,6,27,down_niche_bodysize,dolomites,creation
3,4,0,27,down_niche_bodysize,dolomites,creation
30,4,2,27,down_niche_bodysize,dolomites,creation
52,3,0,27,down_niche_bodysize,dolomites,creation
48,0,31,27,down_niche_bodysize,dolomites,creation
54,7,0,27,down_niche_bodysize,dolomites,creation
51,0,18,27,down_niche_bodysize,dolomites,creation
41,14,1,27,down_niche_bodysize,dolomites,creation
25,2,3,27,down_niche_bodysize,dolomites,creation
33,6,4,27,down_niche_bodysize,dolomites,creation
58,3,1,27,down_niche_bodysize,dolomites,creation
39,4,5,27,down_niche_bodysize,dolomites,creation
47,0,16,27,down_niche_bodysize,dolomites,creation
14,3,0,27,down_niche_bodysize,dolomites,creation
44,0,30,27,down_niche_bodysize,dolomites,creation
1,5,0,27,down_niche_bodysize,dolomites,creation
19,5,2,27,down_niche_bodysize,dolomites,creation
46,0,27,27,down_niche_bodysize,dolomites,creation
50,0,28,27,down_niche_bodysize,dolomites,creation
59,3,0,27,down_niche_bodysize,dolomites,creation
4,12,0,27,down_niche_bodysize,dolomites,creation
11,5,7,27,down_niche_bodysize,dolomites,creation
36,5,2,27,down_niche_bodysize,dolomites,creation
56,4,36,27,atn,dolomites,creation
34,6,2,27,atn,dolomites,creation
43,9,0,27,atn,dolomites,creation
40,6,2,27,atn,dolomites,creation
12,6,0,27,atn,dolomites,creation
13,6,10,27,atn,dolomites,creation
24,4,2,27,atn,dolomites,creation
49,0,27,27,atn,dolomites,creation
5,9,0,27,atn,dolomites,creation
31,9,0,27,atn,dolomites,creation
38,4,0,27,atn,dolomites,creation
45,0,8,27,atn,dolomites,creation
28,9,0,27,atn,dolomites,creation
37,11,0,27,atn,dolomites,creation
8,9,0,27,atn,dolomites,creation
35,6,2,27,atn,dolomites,creation
27,9,0,27,atn,dolomites,creation
21,9,0,27,atn,dolomites,creation
6,8,0,27,atn,dolomites,creation
32,9,0,27,atn,dolomites,creation
16,9,0,27,atn,dolomites,creation
57,6,27,27,atn,dolomites,creation
42,8,0,27,atn,dolomites,creation
15,9,0,27,atn,dolomites,creation
17,9,0,27,atn,dolomites,creation
20,9,0,27,atn,dolomites,creation
29,8,0,27,atn,dolomites,creation
7,4,0,27,atn,dolomites,creation
2,15,0,27,atn,dolomites,creation
23,6,27,27,atn,dolomites,creation
18,9,0,27,atn,dolomites,creation
9,6,1,27,atn,dolomites,creation
55,2,30,27,atn,dolomites,creation
53,0,8,27,atn,dolomites,creation
10,9,0,27,atn,dolomites,creation
22,6,28,27,atn,dolomites,creation
26,6,2,27,atn,dolomites,creation
3,14,0,27,atn,dolomites,creation
30,6,12,27,atn,dolomites,creation
52,0,5,27,atn,dolomites,creation
48,0,36,27,atn,dolomites,creation
54,0,16,27,atn,dolomites,creation
51,0,0,27,atn,dolomites,creation
41,11,0,27,atn,dolomites,creation
25,9,0,27,atn,dolomites,creation
33,9,0,27,atn,dolomites,creation
58,6,4,27,atn,dolomites,creation
39,9,0,27,atn,dolomites,creation
47,0,30,27,atn,dolomites,creation
14,5,0,27,atn,dolomites,creation
44,0,5,27,atn,dolomites,creation
1,9,0,27,atn,dolomites,creation
19,6,0,27,atn,dolomites,creation
46,0,16,27,atn,dolomites,creation
50,0,4,27,atn,dolomites,creation
59,6,0,27,atn,dolomites,creation
4,9,0,27,atn,dolomites,creation
11,9,0,27,atn,dolomites,creation
36,4,26,27,atn,dolomites,creation
34,0,19,27,down_power,dolomites,burnin
43,2,0,27,down_power,dolomites,burnin
40,0,15,27,down_power,dolomites,burnin
12,3,0,27,down_power,dolomites,burnin
13,2,0,27,down_power,dolomites,burnin
24,4,0,27,down_power,dolomites,burnin
5,1,0,27,down_power,dolomites,burnin
31,3,0,27,down_power,dolomites,burnin
38,0,14,27,down_power,dolomites,burnin
45,2,0,27,down_power,dolomites,burnin
28,2,0,27,down_power,dolomites,burnin
37,0,16,27,down_power,dolomites,burnin
8,1,0,27,down_power,dolomites,burnin
35,0,11,27,down_power,dolomites,burnin
27,3,0,27,down_power,dolomites,burnin
21,2,0,27,down_power,dolomites,burnin
6,3,0,27,down_power,dolomites,burnin
32,1,0,27,down_power,dolomites,burnin
16,5,0,27,down_power,dolomites,burnin
42,3,0,27,down_power,dolomites,burnin
15,3,0,27,down_power,dolomites,burnin
17,5,0,27,down_power,dolomites,burnin
20,2,0,27,down_power,dolomites,burnin
29,4,0,27,down_power,dolomites,burnin
7,1,0,27,down_power,dolomites,burnin
2,5,0,27,down_power,dolomites,burnin
23,1,0,27,down_power,dolomites,burnin
18,1,0,27,down_power,dolomites,burnin
9,5,0,27,down_power,dolomites,burnin
10,4,0,27,down_power,dolomites,burnin
22,3,0,27,down_power,dolomites,burnin
26,2,0,27,down_power,dolomites,burnin
3,2,0,27,down_power,dolomites,burnin
30,3,0,27,down_power,dolomites,burnin
48,4,0,27,down_power,dolomites,burnin
41,3,0,27,down_power,dolomites,burnin
25,4,0,27,down_power,dolomites,burnin
33,0,11,27,down_power,dolomites,burnin
39,0,19,27,down_power,dolomites,burnin
47,3,0,27,down_power,dolomites,burnin
14,4,0,27,down_power,dolomites,burnin
44,3,0,27,down_power,dolomites,burnin
1,6,0,27,down_power,dolomites,burnin
19,5,0,27,down_power,dolomites,burnin
46,4,0,27,down_power,dolomites,burnin
4,4,0,27,down_power,dolomites,burnin
11,4,0,27,down_power,dolomites,burnin
36,0,17,27,down_power,dolomites,burnin
34,0,40,27,metaweb,dolomites,burnin
43,8,0,27,metaweb,dolomites,burnin
40,0,40,27,metaweb,dolomites,burnin
12,8,0,27,metaweb,dolomites,burnin
13,8,0,27,metaweb,dolomites,burnin
24,8,0,27,metaweb,dolomites,burnin
5,8,0,27,metaweb,dolomites,burnin
31,8,0,27,metaweb,dolomites,burnin
38,0,40,27,metaweb,dolomites,burnin
45,8,0,27,metaweb,dolomites,burnin
28,8,0,27,metaweb,dolomites,burnin
37,0,40,27,metaweb,dolomites,burnin
8,8,0,27,metaweb,dolomites,burnin
35,0,40,27,metaweb,dolomites,burnin
27,8,0,27,metaweb,dolomites,burnin
21,8,0,27,metaweb,dolomites,burnin
6,8,0,27,metaweb,dolomites,burnin
32,8,0,27,metaweb,dolomites,burnin
16,8,0,27,metaweb,dolomites,burnin
42,8,0,27,metaweb,dolomites,burnin
15,8,0,27,metaweb,dolomites,burnin
17,8,0,27,metaweb,dolomites,burnin
20,8,0,27,metaweb,dolomites,burnin
29,8,0,27,metaweb,dolomites,burnin
7,8,0,27,metaweb,dolomites,burnin
2,8,0,27,metaweb,dolomites,burnin
23,8,0,27,metaweb,dolomites,burnin
18,8,0,27,metaweb,dolomites,burnin
9,8,0,27,metaweb,dolomites,burnin
10,8,0,27,metaweb,dolomites,burnin
22,8,0,27,metaweb,dolomites,burnin
26,8,0,27,metaweb,dolomites,burnin
3,8,0,27,metaweb,dolomites,burnin
30,8,0,27,metaweb,dolomites,burnin
48,8,0,27,metaweb,dolomites,burnin
41,8,0,27,metaweb,dolomites,burnin
25,8,0,27,metaweb,dolomites,burnin
33,0,40,27,metaweb,dolomites,burnin
39,0,40,27,metaweb,dolomites,burnin
47,8,0,27,metaweb,dolomites,burnin
14,8,0,27,metaweb,dolomites,burnin
44,8,0,27,metaweb,dolomites,burnin
1,8,0,27,metaweb,dolomites,burnin
19,8,0,27,metaweb,dolomites,burnin
46,8,0,27,metaweb,dolomites,burnin
4,8,0,27,metaweb,dolomites,burnin
11,8,0,27,metaweb,dolomites,burnin
36,0,40,27,metaweb,dolomites,burnin
34,2,4,27,niche,dolomites,burnin
43,2,7,27,niche,dolomites,burnin
40,0,8,27,niche,dolomites,burnin
12,1,3,27,niche,dolomites,burnin
13,3,3,27,niche,dolomites,burnin
24,2,2,27,niche,dolomites,burnin
5,0,1,27,niche,dolomites,burnin
31,4,5,27,niche,dolomites,burnin
38,2,5,27,niche,dolomites,burnin
45,0,4,27,niche,dolomites,burnin
28,0,4,27,niche,dolomites,burnin
37,3,6,27,niche,dolomites,burnin
8,3,1,27,niche,dolomites,burnin
35,0,4,27,niche,dolomites,burnin
27,4,5,27,niche,dolomites,burnin
21,5,2,27,niche,dolomites,burnin
6,5,1,27,niche,dolomites,burnin
32,4,4,27,niche,dolomites,burnin
16,0,2,27,niche,dolomites,burnin
42,0,5,27,niche,dolomites,burnin
15,2,1,27,niche,dolomites,burnin
17,8,3,27,niche,dolomites,burnin
20,9,2,27,niche,dolomites,burnin
29,1,3,27,niche,dolomites,burnin
7,14,1,27,niche,dolomites,burnin
2,22,0,27,niche,dolomites,burnin
23,0,2,27,niche,dolomites,burnin
18,6,3,27,niche,dolomites,burnin
9,3,1,27,niche,dolomites,burnin
10,4,2,27,niche,dolomites,burnin
22,7,3,27,niche,dolomites,burnin
26,0,5,27,niche,dolomites,burnin
3,2,0,27,niche,dolomites,burnin
30,4,4,27,niche,dolomites,burnin
41,2,8,27,niche,dolomites,burnin
25,3,2,27,niche,dolomites,burnin
33,3,4,27,niche,dolomites,burnin
39,0,8,27,niche,dolomites,burnin
47,0,1,27,niche,dolomites,burnin
14,0,2,27,niche,dolomites,burnin
44,2,4,27,niche,dolomites,burnin
1,9,0,27,niche,dolomites,burnin
19,4,3,27,niche,dolomites,burnin
46,0,5,27,niche,dolomites,burnin
4,7,0,27,niche,dolomites,burnin
11,0,3,27,niche,dolomites,burnin
36,0,6,27,niche,dolomites,burnin
34,0,23,27,down_rand,dolomites,burnin
43,7,0,27,down_rand,dolomites,burnin
40,0,18,27,down_rand,dolomites,burnin
12,2,0,27,down_rand,dolomites,burnin
13,5,0,27,down_rand,dolomites,burnin
24,3,0,27,down_rand,dolomites,burnin
49,4,0,27,down_rand,dolomites,burnin
5,2,1,27,down_rand,dolomites,burnin
31,4,0,27,down_rand,dolomites,burnin
38,0,18,27,down_rand,dolomites,burnin
45,3,0,27,down_rand,dolomites,burnin
28,6,0,27,down_rand,dolomites,burnin
37,0,20,27,down_rand,dolomites,burnin
8,6,0,27,down_rand,dolomites,burnin
35,0,24,27,down_rand,dolomites,burnin
27,2,0,27,down_rand,dolomites,burnin
21,0,1,27,down_rand,dolomites,burnin
6,2,1,27,down_rand,dolomites,burnin
32,3,0,27,down_rand,dolomites,burnin
16,5,0,27,down_rand,dolomites,burnin
42,2,0,27,down_rand,dolomites,burnin
15,3,0,27,down_rand,dolomites,burnin
17,3,0,27,down_rand,dolomites,burnin
20,3,0,27,down_rand,dolomites,burnin
29,4,0,27,down_rand,dolomites,burnin
7,3,0,27,down_rand,dolomites,burnin
2,3,0,27,down_rand,dolomites,burnin
23,5,0,27,down_rand,dolomites,burnin
18,4,0,27,down_rand,dolomites,burnin
9,5,0,27,down_rand,dolomites,burnin
10,3,0,27,down_rand,dolomites,burnin
22,2,0,27,down_rand,dolomites,burnin
26,3,0,27,down_rand,dolomites,burnin
3,3,1,27,down_rand,dolomites,burnin
30,6,0,27,down_rand,dolomites,burnin
48,4,0,27,down_rand,dolomites,burnin
41,0,15,27,down_rand,dolomites,burnin
25,4,1,27,down_rand,dolomites,burnin
33,3,0,27,down_rand,dolomites,burnin
39,0,17,27,down_rand,dolomites,burnin
47,6,0,27,down_rand,dolomites,burnin
14,4,0,27,down_rand,dolomites,burnin
44,6,0,27,down_rand,dolomites,burnin
1,7,0,27,down_rand,dolomites,burnin
19,5,1,27,down_rand,dolomites,burnin
46,4,0,27,down_rand,dolomites,burnin
4,6,1,27,down_rand,dolomites,burnin
11,4,0,27,down_rand,dolomites,burnin
36,0,17,27,down_rand,dolomites,burnin
34,0,21,27,down_link,dolomites,burnin
43,3,0,27,down_link,dolomites,burnin
40,0,16,27,down_link,dolomites,burnin
12,6,0,27,down_link,dolomites,burnin
13,3,0,27,down_link,dolomites,burnin
24,4,0,27,down_link,dolomites,burnin
5,3,0,27,down_link,dolomites,burnin
31,4,0,27,down_link,dolomites,burnin
38,0,18,27,down_link,dolomites,burnin
45,3,0,27,down_link,dolomites,burnin
28,3,0,27,down_link,dolomites,burnin
37,0,18,27,down_link,dolomites,burnin
8,6,0,27,down_link,dolomites,burnin
35,0,19,27,down_link,dolomites,burnin
27,3,0,27,down_link,dolomites,burnin
21,2,0,27,down_link,dolomites,burnin
6,3,0,27,down_link,dolomites,burnin
32,4,0,27,down_link,dolomites,burnin
16,3,0,27,down_link,dolomites,burnin
42,3,0,27,down_link,dolomites,burnin
15,4,0,27,down_link,dolomites,burnin
17,3,0,27,down_link,dolomites,burnin
20,6,0,27,down_link,dolomites,burnin
29,3,0,27,down_link,dolomites,burnin
7,4,0,27,down_link,dolomites,burnin
2,4,0,27,down_link,dolomites,burnin
23,4,0,27,down_link,dolomites,burnin
18,4,0,27,down_link,dolomites,burnin
9,3,0,27,down_link,dolomites,burnin
10,3,0,27,down_link,dolomites,burnin
22,3,0,27,down_link,dolomites,burnin
26,4,0,27,down_link,dolomites,burnin
3,2,0,27,down_link,dolomites,burnin
30,2,0,27,down_link,dolomites,burnin
48,3,0,27,down_link,dolomites,burnin
41,3,0,27,down_link,dolomites,burnin
25,4,0,27,down_link,dolomites,burnin
33,0,16,27,down_link,dolomites,burnin
39,0,16,27,down_link,dolomites,burnin
47,2,0,27,down_link,dolomites,burnin
14,1,0,27,down_link,dolomites,burnin
44,4,0,27,down_link,dolomites,burnin
1,5,0,27,down_link,dolomites,burnin
19,5,0,27,down_link,dolomites,burnin
46,6,0,27,down_link,dolomites,burnin
4,4,0,27,down_link,dolomites,burnin
11,2,0,27,down_link,dolomites,burnin
36,0,17,27,down_link,dolomites,burnin
34,10,0,27,down_niche,dolomites,burnin
43,3,0,27,down_niche,dolomites,burnin
40,0,31,27,down_niche,dolomites,burnin
12,4,0,27,down_niche,dolomites,burnin
13,5,0,27,down_niche,dolomites,burnin
24,4,1,27,down_niche,dolomites,burnin
49,3,0,27,down_niche,dolomites,burnin
5,5,1,27,down_niche,dolomites,burnin
31,4,1,27,down_niche,dolomites,burnin
38,0,15,27,down_niche,dolomites,burnin
45,7,0,27,down_niche,dolomites,burnin
28,6,1,27,down_niche,dolomites,burnin
37,0,27,27,down_niche,dolomites,burnin
8,3,0,27,down_niche,dolomites,burnin
35,0,30,27,down_niche,dolomites,burnin
27,6,0,27,down_niche,dolomites,burnin
21,4,0,27,down_niche,dolomites,burnin
6,2,1,27,down_niche,dolomites,burnin
32,4,1,27,down_niche,dolomites,burnin
16,5,0,27,down_niche,dolomites,burnin
42,0,18,27,down_niche,dolomites,burnin
15,4,1,27,down_niche,dolomites,burnin
17,7,1,27,down_niche,dolomites,burnin
20,5,1,27,down_niche,dolomites,burnin
29,6,0,27,down_niche,dolomites,burnin
7,6,0,27,down_niche,dolomites,burnin
2,5,0,27,down_niche,dolomites,burnin
23,4,0,27,down_niche,dolomites,burnin
18,5,1,27,down_niche,dolomites,burnin
9,4,0,27,down_niche,dolomites,burnin
10,5,0,27,down_niche,dolomites,burnin
22,4,1,27,down_niche,dolomites,burnin
26,5,0,27,down_niche,dolomites,burnin
3,5,0,27,down_niche,dolomites,burnin
30,5,1,27,down_niche,dolomites,burnin
48,5,0,27,down_niche,dolomites,burnin
41,0,28,27,down_niche,dolomites,burnin
25,5,0,27,down_niche,dolomites,burnin
33,4,0,27,down_niche,dolomites,burnin
39,0,30,27,down_niche,dolomites,burnin
47,6,0,27,down_niche,dolomites,burnin
14,5,0,27,down_niche,dolomites,burnin
44,3,0,27,down_niche,dolomites,burnin
1,3,0,27,down_niche,dolomites,burnin
19,2,1,27,down_niche,dolomites,burnin
46,5,0,27,down_niche,dolomites,burnin
50,3,0,27,down_niche,dolomites,burnin
4,3,0,27,down_niche,dolomites,burnin
11,5,0,27,down_niche,dolomites,burnin
36,0,2,27,down_niche,dolomites,burnin
34,10,0,27,down_niche_bodysize,dolomites,burnin
43,3,0,27,down_niche_bodysize,dolomites,burnin
40,0,31,27,down_niche_bodysize,dolomites,burnin
12,4,0,27,down_niche_bodysize,dolomites,burnin
13,5,0,27,down_niche_bodysize,dolomites,burnin
24,4,1,27,down_niche_bodysize,dolomites,burnin
49,3,0,27,down_niche_bodysize,dolomites,burnin
5,5,1,27,down_niche_bodysize,dolomites,burnin
31,4,1,27,down_niche_bodysize,dolomites,burnin
38,0,15,27,down_niche_bodysize,dolomites,burnin
45,7,0,27,down_niche_bodysize,dolomites,burnin
28,6,1,27,down_niche_bodysize,dolomites,burnin
37,0,27,27,down_niche_bodysize,dolomites,burnin
8,3,0,27,down_niche_bodysize,dolomites,burnin
35,0,30,27,down_niche_bodysize,dolomites,burnin
27,6,0,27,down_niche_bodysize,dolomites,burnin
21,4,0,27,down_niche_bodysize,dolomites,burnin
6,2,1,27,down_niche_bodysize,dolomites,burnin
32,4,1,27,down_niche_bodysize,dolomites,burnin
16,5,0,27,down_niche_bodysize,dolomites,burnin
42,0,18,27,down_niche_bodysize,dolomites,burnin
15,4,1,27,down_niche_bodysize,dolomites,burnin
17,7,1,27,down_niche_bodysize,dolomites,burnin
20,5,1,27,down_niche_bodysize,dolomites,burnin
29,6,0,27,down_niche_bodysize,dolomites,burnin
7,6,0,27,down_niche_bodysize,dolomites,burnin
2,5,0,27,down_niche_bodysize,dolomites,burnin
23,4,0,27,down_niche_bodysize,dolomites,burnin
18,5,1,27,down_niche_bodysize,dolomites,burnin
9,4,0,27,down_niche_bodysize,dolomites,burnin
10,5,0,27,down_niche_bodysize,dolomites,burnin
22,4,1,27,down_niche_bodysize,dolomites,burnin
26,5,0,27,down_niche_bodysize,dolomites,burnin
3,5,0,27,down_niche_bodysize,dolomites,burnin
30,5,1,27,down_niche_bodysize,dolomites,burnin
48,5,0,27,down_niche_bodysize,dolomites,burnin
41,0,28,27,down_niche_bodysize,dolomites,burnin
25,5,0,27,down_niche_bodysize,dolomites,burnin
33,4,0,27,down_niche_bodysize,dolomites,burnin
39,0,30,27,down_niche_bodysize,dolomites,burnin
47,6,0,27,down_niche_bodysize,dolomites,burnin
14,5,0,27,down_niche_bodysize,dolomites,burnin
44,3,0,27,down_niche_bodysize,dolomites,burnin
1,3,0,27,down_niche_bodysize,dolomites,burnin
19,2,1,27,down_niche_bodysize,dolomites,burnin
46,5,0,27,down_niche_bodysize,dolomites,burnin
50,3,0,27,down_niche_bodysize,dolomites,burnin
4,3,0,27,down_niche_bodysize,dolomites,burnin
11,5,0,27,down_niche_bodysize,dolomites,burnin
36,0,2,27,down_niche_bodysize,dolomites,burnin
34,0,5,27,atn,dolomites,burnin
43,0,16,27,atn,dolomites,burnin
40,0,3,27,atn,dolomites,burnin
12,9,0,27,atn,dolomites,burnin
13,6,20,27,atn,dolomites,burnin
24,9,0,27,atn,dolomites,burnin
5,6,0,27,atn,dolomites,burnin
31,11,0,27,atn,dolomites,burnin
38,0,27,27,atn,dolomites,burnin
45,4,27,27,atn,dolomites,burnin
28,11,0,27,atn,dolomites,burnin
37,0,27,27,atn,dolomites,burnin
8,6,3,27,atn,dolomites,burnin
35,0,8,27,atn,dolomites,burnin
27,4,19,27,atn,dolomites,burnin
21,6,5,27,atn,dolomites,burnin
6,9,0,27,atn,dolomites,burnin
32,8,0,27,atn,dolomites,burnin
16,9,0,27,atn,dolomites,burnin
42,0,8,27,atn,dolomites,burnin
15,4,1,27,atn,dolomites,burnin
17,6,1,27,atn,dolomites,burnin
20,8,0,27,atn,dolomites,burnin
29,9,0,27,atn,dolomites,burnin
7,6,0,27,atn,dolomites,burnin
2,9,0,27,atn,dolomites,burnin
23,9,0,27,atn,dolomites,burnin
18,9,0,27,atn,dolomites,burnin
9,9,0,27,atn,dolomites,burnin
10,6,0,27,atn,dolomites,burnin
22,9,0,27,atn,dolomites,burnin
26,6,1,27,atn,dolomites,burnin
3,9,0,27,atn,dolomites,burnin
30,6,1,27,atn,dolomites,burnin
48,6,0,27,atn,dolomites,burnin
41,0,5,27,atn,dolomites,burnin
25,6,1,27,atn,dolomites,burnin
33,9,0,27,atn,dolomites,burnin
39,0,20,27,atn,dolomites,burnin
47,6,3,27,atn,dolomites,burnin
14,6,20,27,atn,dolomites,burnin
44,2,27,27,atn,dolomites,burnin
1,14,0,27,atn,dolomites,burnin
19,9,0,27,atn,dolomites,burnin
46,6,20,27,atn,dolomites,burnin
4,8,0,27,atn,dolomites,burnin
11,9,0,27,atn,dolomites,burnin
36,0,16,27,atn,dolomites,burnin
56,5,1,28,down_power,dolomites,creation
34,3,3,28,down_power,dolomites,creation
43,21,6,28,down_power,dolomites,creation
40,5,1,28,down_power,dolomites,creation
12,5,5,28,down_power,dolomites,creation
13,4,2,28,down_power,dolomites,creation
24,5,1,28,down_power,dolomites,creation
49,0,25,28,down_power,dolomites,creation
5,22,2,28,down_power,dolomites,creation
31,3,8,28,down_power,dolomites,creation
38,5,4,28,down_power,dolomites,creation
45,0,22,28,down_power,dolomites,creation
28,5,6,28,down_power,dolomites,creation
37,4,7,28,down_power,dolomites,creation
8,6,1,28,down_power,dolomites,creation
35,3,6,28,down_power,dolomites,creation
27,5,6,28,down_power,dolomites,creation
21,4,5,28,down_power,dolomites,creation
6,11,2,28,down_power,dolomites,creation
32,5,0,28,down_power,dolomites,creation
16,3,3,28,down_power,dolomites,creation
57,2,1,28,down_power,dolomites,creation
42,35,5,28,down_power,dolomites,creation
15,3,1,28,down_power,dolomites,creation
17,4,7,28,down_power,dolomites,creation
20,4,6,28,down_power,dolomites,creation
29,3,4,28,down_power,dolomites,creation
7,14,5,28,down_power,dolomites,creation
2,10,1,28,down_power,dolomites,creation
23,4,2,28,down_power,dolomites,creation
18,4,3,28,down_power,dolomites,creation
9,5,0,28,down_power,dolomites,creation
55,5,1,28,down_power,dolomites,creation
53,7,1,28,down_power,dolomites,creation
10,6,6,28,down_power,dolomites,creation
22,5,1,28,down_power,dolomites,creation
26,3,7,28,down_power,dolomites,creation
3,9,1,28,down_power,dolomites,creation
30,2,1,28,down_power,dolomites,creation
52,3,0,28,down_power,dolomites,creation
48,0,23,28,down_power,dolomites,creation
54,5,0,28,down_power,dolomites,creation
51,0,26,28,down_power,dolomites,creation
41,35,5,28,down_power,dolomites,creation
25,6,6,28,down_power,dolomites,creation
33,6,5,28,down_power,dolomites,creation
58,5,0,28,down_power,dolomites,creation
39,7,6,28,down_power,dolomites,creation
47,0,23,28,down_power,dolomites,creation
14,4,0,28,down_power,dolomites,creation
44,0,24,28,down_power,dolomites,creation
1,5,6,28,down_power,dolomites,creation
19,4,6,28,down_power,dolomites,creation
46,0,22,28,down_power,dolomites,creation
50,0,27,28,down_power,dolomites,creation
59,3,1,28,down_power,dolomites,creation
4,17,1,28,down_power,dolomites,creation
11,2,5,28,down_power,dolomites,creation
36,5,1,28,down_power,dolomites,creation
56,8,1,28,metaweb,dolomites,creation
34,8,7,28,metaweb,dolomites,creation
43,28,7,28,metaweb,dolomites,creation
40,8,2,28,metaweb,dolomites,creation
12,8,8,28,metaweb,dolomites,creation
13,8,2,28,metaweb,dolomites,creation
24,8,2,28,metaweb,dolomites,creation
49,0,43,28,metaweb,dolomites,creation
5,31,4,28,metaweb,dolomites,creation
31,8,8,28,metaweb,dolomites,creation
38,8,7,28,metaweb,dolomites,creation
45,0,43,28,metaweb,dolomites,creation
28,8,7,28,metaweb,dolomites,creation
37,8,7,28,metaweb,dolomites,creation
8,8,1,28,metaweb,dolomites,creation
35,8,7,28,metaweb,dolomites,creation
27,8,8,28,metaweb,dolomites,creation
21,8,7,28,metaweb,dolomites,creation
6,27,7,28,metaweb,dolomites,creation
32,8,0,28,metaweb,dolomites,creation
16,8,7,28,metaweb,dolomites,creation
57,8,1,28,metaweb,dolomites,creation
42,35,7,28,metaweb,dolomites,creation
15,8,4,28,metaweb,dolomites,creation
17,8,7,28,metaweb,dolomites,creation
20,8,7,28,metaweb,dolomites,creation
29,8,7,28,metaweb,dolomites,creation
7,20,7,28,metaweb,dolomites,creation
2,18,2,28,metaweb,dolomites,creation
23,8,2,28,metaweb,dolomites,creation
18,8,7,28,metaweb,dolomites,creation
9,8,1,28,metaweb,dolomites,creation
55,8,1,28,metaweb,dolomites,creation
53,8,1,28,metaweb,dolomites,creation
10,8,8,28,metaweb,dolomites,creation
22,8,2,28,metaweb,dolomites,creation
26,8,8,28,metaweb,dolomites,creation
3,18,2,28,metaweb,dolomites,creation
30,8,2,28,metaweb,dolomites,creation
52,8,1,28,metaweb,dolomites,creation
48,0,43,28,metaweb,dolomites,creation
54,8,1,28,metaweb,dolomites,creation
51,0,43,28,metaweb,dolomites,creation
41,35,7,28,metaweb,dolomites,creation
25,8,8,28,metaweb,dolomites,creation
33,8,7,28,metaweb,dolomites,creation
58,8,1,28,metaweb,dolomites,creation
39,8,7,28,metaweb,dolomites,creation
47,0,43,28,metaweb,dolomites,creation
14,8,0,28,metaweb,dolomites,creation
44,0,43,28,metaweb,dolomites,creation
1,10,8,28,metaweb,dolomites,creation
19,8,7,28,metaweb,dolomites,creation
46,0,43,28,metaweb,dolomites,creation
50,0,43,28,metaweb,dolomites,creation
59,8,1,28,metaweb,dolomites,creation
4,31,4,28,metaweb,dolomites,creation
11,8,8,28,metaweb,dolomites,creation
36,8,2,28,metaweb,dolomites,creation
56,1,12,28,niche,dolomites,creation
34,3,6,28,niche,dolomites,creation
43,1,5,28,niche,dolomites,creation
40,8,7,28,niche,dolomites,creation
12,4,3,28,niche,dolomites,creation
13,3,3,28,niche,dolomites,creation
24,0,7,28,niche,dolomites,creation
49,3,9,28,niche,dolomites,creation
5,17,1,28,niche,dolomites,creation
31,11,4,28,niche,dolomites,creation
38,1,7,28,niche,dolomites,creation
45,0,6,28,niche,dolomites,creation
28,8,5,28,niche,dolomites,creation
37,10,5,28,niche,dolomites,creation
8,28,2,28,niche,dolomites,creation
35,6,6,28,niche,dolomites,creation
27,1,6,28,niche,dolomites,creation
21,5,5,28,niche,dolomites,creation
6,22,1,28,niche,dolomites,creation
32,2,4,28,niche,dolomites,creation
16,2,3,28,niche,dolomites,creation
57,0,12,28,niche,dolomites,creation
42,3,8,28,niche,dolomites,creation
15,4,3,28,niche,dolomites,creation
17,0,3,28,niche,dolomites,creation
20,1,5,28,niche,dolomites,creation
29,1,5,28,niche,dolomites,creation
7,18,2,28,niche,dolomites,creation
2,22,0,28,niche,dolomites,creation
23,12,7,28,niche,dolomites,creation
18,2,3,28,niche,dolomites,creation
9,15,2,28,niche,dolomites,creation
55,2,12,28,niche,dolomites,creation
53,8,10,28,niche,dolomites,creation
10,1,3,28,niche,dolomites,creation
22,3,5,28,niche,dolomites,creation
26,19,8,28,niche,dolomites,creation
3,4,1,28,niche,dolomites,creation
30,5,5,28,niche,dolomites,creation
52,0,10,28,niche,dolomites,creation
48,0,7,28,niche,dolomites,creation
54,0,10,28,niche,dolomites,creation
51,3,9,28,niche,dolomites,creation
41,2,8,28,niche,dolomites,creation
25,1,6,28,niche,dolomites,creation
33,1,5,28,niche,dolomites,creation
58,0,11,28,niche,dolomites,creation
39,0,9,28,niche,dolomites,creation
47,8,7,28,niche,dolomites,creation
14,2,3,28,niche,dolomites,creation
44,9,4,28,niche,dolomites,creation
1,16,0,28,niche,dolomites,creation
19,9,5,28,niche,dolomites,creation
46,9,5,28,niche,dolomites,creation
50,3,9,28,niche,dolomites,creation
59,0,8,28,niche,dolomites,creation
4,2,1,28,niche,dolomites,creation
11,5,3,28,niche,dolomites,creation
36,1,6,28,niche,dolomites,creation
56,5,1,28,down_rand,dolomites,creation
34,4,4,28,down_rand,dolomites,creation
43,16,4,28,down_rand,dolomites,creation
40,6,2,28,down_rand,dolomites,creation
12,3,6,28,down_rand,dolomites,creation
13,6,0,28,down_rand,dolomites,creation
24,5,1,28,down_rand,dolomites,creation
49,0,27,28,down_rand,dolomites,creation
5,18,1,28,down_rand,dolomites,creation
31,5,5,28,down_rand,dolomites,creation
38,4,3,28,down_rand,dolomites,creation
45,0,30,28,down_rand,dolomites,creation
28,4,2,28,down_rand,dolomites,creation
37,6,6,28,down_rand,dolomites,creation
8,5,1,28,down_rand,dolomites,creation
35,6,2,28,down_rand,dolomites,creation
27,3,6,28,down_rand,dolomites,creation
21,4,5,28,down_rand,dolomites,creation
6,12,2,28,down_rand,dolomites,creation
32,6,0,28,down_rand,dolomites,creation
16,4,4,28,down_rand,dolomites,creation
57,4,1,28,down_rand,dolomites,creation
42,22,5,28,down_rand,dolomites,creation
15,3,3,28,down_rand,dolomites,creation
17,6,5,28,down_rand,dolomites,creation
20,4,3,28,down_rand,dolomites,creation
29,2,5,28,down_rand,dolomites,creation
7,14,6,28,down_rand,dolomites,creation
2,13,1,28,down_rand,dolomites,creation
23,4,1,28,down_rand,dolomites,creation
18,5,5,28,down_rand,dolomites,creation
9,7,1,28,down_rand,dolomites,creation
55,4,0,28,down_rand,dolomites,creation
53,2,1,28,down_rand,dolomites,creation
10,6,6,28,down_rand,dolomites,creation
22,6,2,28,down_rand,dolomites,creation
26,8,5,28,down_rand,dolomites,creation
3,11,0,28,down_rand,dolomites,creation
30,5,2,28,down_rand,dolomites,creation
52,6,1,28,down_rand,dolomites,creation
48,0,24,28,down_rand,dolomites,creation
54,7,0,28,down_rand,dolomites,creation
51,0,28,28,down_rand,dolomites,creation
41,25,6,28,down_rand,dolomites,creation
25,7,5,28,down_rand,dolomites,creation
33,4,4,28,down_rand,dolomites,creation
58,5,1,28,down_rand,dolomites,creation
39,6,5,28,down_rand,dolomites,creation
47,0,21,28,down_rand,dolomites,creation
14,4,0,28,down_rand,dolomites,creation
44,0,25,28,down_rand,dolomites,creation
1,5,6,28,down_rand,dolomites,creation
19,3,5,28,down_rand,dolomites,creation
46,0,22,28,down_rand,dolomites,creation
50,0,28,28,down_rand,dolomites,creation
59,3,1,28,down_rand,dolomites,creation
4,22,2,28,down_rand,dolomites,creation
11,3,6,28,down_rand,dolomites,creation
36,8,2,28,down_rand,dolomites,creation
56,5,1,28,down_link,dolomites,creation
34,3,4,28,down_link,dolomites,creation
43,17,5,28,down_link,dolomites,creation
40,8,1,28,down_link,dolomites,creation
12,4,5,28,down_link,dolomites,creation
13,5,2,28,down_link,dolomites,creation
24,3,1,28,down_link,dolomites,creation
49,0,24,28,down_link,dolomites,creation
5,23,4,28,down_link,dolomites,creation
31,4,4,28,down_link,dolomites,creation
38,6,5,28,down_link,dolomites,creation
45,0,21,28,down_link,dolomites,creation
28,4,6,28,down_link,dolomites,creation
37,4,6,28,down_link,dolomites,creation
8,6,1,28,down_link,dolomites,creation
35,5,5,28,down_link,dolomites,creation
27,4,5,28,down_link,dolomites,creation
21,4,5,28,down_link,dolomites,creation
6,16,3,28,down_link,dolomites,creation
32,5,0,28,down_link,dolomites,creation
16,5,7,28,down_link,dolomites,creation
57,4,1,28,down_link,dolomites,creation
42,22,6,28,down_link,dolomites,creation
15,6,4,28,down_link,dolomites,creation
17,6,5,28,down_link,dolomites,creation
20,3,4,28,down_link,dolomites,creation
29,5,6,28,down_link,dolomites,creation
7,14,6,28,down_link,dolomites,creation
2,14,2,28,down_link,dolomites,creation
23,3,2,28,down_link,dolomites,creation
18,4,5,28,down_link,dolomites,creation
9,6,1,28,down_link,dolomites,creation
55,6,1,28,down_link,dolomites,creation
53,3,1,28,down_link,dolomites,creation
10,4,6,28,down_link,dolomites,creation
22,4,2,28,down_link,dolomites,creation
26,5,3,28,down_link,dolomites,creation
3,16,2,28,down_link,dolomites,creation
30,5,1,28,down_link,dolomites,creation
52,5,1,28,down_link,dolomites,creation
48,0,23,28,down_link,dolomites,creation
54,3,1,28,down_link,dolomites,creation
51,0,26,28,down_link,dolomites,creation
41,19,5,28,down_link,dolomites,creation
25,3,6,28,down_link,dolomites,creation
33,3,4,28,down_link,dolomites,creation
58,7,1,28,down_link,dolomites,creation
39,4,5,28,down_link,dolomites,creation
47,0,22,28,down_link,dolomites,creation
14,5,0,28,down_link,dolomites,creation
44,0,22,28,down_link,dolomites,creation
1,8,7,28,down_link,dolomites,creation
19,6,3,28,down_link,dolomites,creation
46,0,25,28,down_link,dolomites,creation
50,0,21,28,down_link,dolomites,creation
59,4,1,28,down_link,dolomites,creation
4,19,3,28,down_link,dolomites,creation
11,4,5,28,down_link,dolomites,creation
36,5,2,28,down_link,dolomites,creation
56,7,1,28,down_niche,dolomites,creation
34,6,3,28,down_niche,dolomites,creation
43,10,0,28,down_niche,dolomites,creation
40,8,0,28,down_niche,dolomites,creation
12,6,7,28,down_niche,dolomites,creation
13,5,0,28,down_niche,dolomites,creation
24,5,0,28,down_niche,dolomites,creation
49,0,35,28,down_niche,dolomites,creation
5,11,0,28,down_niche,dolomites,creation
31,6,8,28,down_niche,dolomites,creation
38,7,5,28,down_niche,dolomites,creation
45,0,31,28,down_niche,dolomites,creation
28,5,2,28,down_niche,dolomites,creation
37,7,2,28,down_niche,dolomites,creation
8,7,1,28,down_niche,dolomites,creation
35,6,5,28,down_niche,dolomites,creation
27,4,2,28,down_niche,dolomites,creation
21,7,3,28,down_niche,dolomites,creation
6,9,0,28,down_niche,dolomites,creation
32,6,0,28,down_niche,dolomites,creation
16,4,2,28,down_niche,dolomites,creation
57,7,1,28,down_niche,dolomites,creation
42,18,1,28,down_niche,dolomites,creation
15,7,4,28,down_niche,dolomites,creation
17,7,6,28,down_niche,dolomites,creation
20,6,7,28,down_niche,dolomites,creation
29,7,4,28,down_niche,dolomites,creation
7,11,1,28,down_niche,dolomites,creation
2,7,0,28,down_niche,dolomites,creation
23,6,0,28,down_niche,dolomites,creation
18,7,5,28,down_niche,dolomites,creation
9,5,1,28,down_niche,dolomites,creation
55,6,1,28,down_niche,dolomites,creation
53,7,1,28,down_niche,dolomites,creation
10,7,3,28,down_niche,dolomites,creation
22,6,2,28,down_niche,dolomites,creation
26,5,1,28,down_niche,dolomites,creation
3,6,0,28,down_niche,dolomites,creation
30,5,1,28,down_niche,dolomites,creation
52,5,1,28,down_niche,dolomites,creation
48,0,35,28,down_niche,dolomites,creation
54,4,1,28,down_niche,dolomites,creation
51,0,35,28,down_niche,dolomites,creation
41,19,1,28,down_niche,dolomites,creation
25,6,6,28,down_niche,dolomites,creation
33,7,5,28,down_niche,dolomites,creation
58,6,1,28,down_niche,dolomites,creation
39,7,4,28,down_niche,dolomites,creation
47,0,35,28,down_niche,dolomites,creation
14,5,0,28,down_niche,dolomites,creation
44,0,35,28,down_niche,dolomites,creation
1,7,2,28,down_niche,dolomites,creation
19,7,5,28,down_niche,dolomites,creation
46,0,0,28,down_niche,dolomites,creation
50,0,36,28,down_niche,dolomites,creation
59,7,1,28,down_niche,dolomites,creation
4,9,0,28,down_niche,dolomites,creation
11,6,7,28,down_niche,dolomites,creation
36,5,0,28,down_niche,dolomites,creation
56,7,1,28,down_niche_bodysize,dolomites,creation
34,6,3,28,down_niche_bodysize,dolomites,creation
43,10,0,28,down_niche_bodysize,dolomites,creation
40,8,0,28,down_niche_bodysize,dolomites,creation
12,6,7,28,down_niche_bodysize,dolomites,creation
13,5,0,28,down_niche_bodysize,dolomites,creation
24,5,0,28,down_niche_bodysize,dolomites,creation
49,0,35,28,down_niche_bodysize,dolomites,creation
5,11,0,28,down_niche_bodysize,dolomites,creation
31,6,8,28,down_niche_bodysize,dolomites,creation
38,7,5,28,down_niche_bodysize,dolomites,creation
45,0,31,28,down_niche_bodysize,dolomites,creation
28,5,2,28,down_niche_bodysize,dolomites,creation
37,7,2,28,down_niche_bodysize,dolomites,creation
8,7,1,28,down_niche_bodysize,dolomites,creation
35,6,5,28,down_niche_bodysize,dolomites,creation
27,4,2,28,down_niche_bodysize,dolomites,creation
21,7,3,28,down_niche_bodysize,dolomites,creation
6,9,0,28,down_niche_bodysize,dolomites,creation
32,6,0,28,down_niche_bodysize,dolomites,creation
16,4,2,28,down_niche_bodysize,dolomites,creation
57,7,1,28,down_niche_bodysize,dolomites,creation
42,18,1,28,down_niche_bodysize,dolomites,creation
15,7,4,28,down_niche_bodysize,dolomites,creation
17,7,6,28,down_niche_bodysize,dolomites,creation
20,6,7,28,down_niche_bodysize,dolomites,creation
29,7,4,28,down_niche_bodysize,dolomites,creation
7,11,1,28,down_niche_bodysize,dolomites,creation
2,7,0,28,down_niche_bodysize,dolomites,creation
23,6,0,28,down_niche_bodysize,dolomites,creation
18,7,5,28,down_niche_bodysize,dolomites,creation
9,5,1,28,down_niche_bodysize,dolomites,creation
55,6,1,28,down_niche_bodysize,dolomites,creation
53,7,1,28,down_niche_bodysize,dolomites,creation
10,7,3,28,down_niche_bodysize,dolomites,creation
22,6,2,28,down_niche_bodysize,dolomites,creation
26,5,1,28,down_niche_bodysize,dolomites,creation
3,6,0,28,down_niche_bodysize,dolomites,creation
30,5,1,28,down_niche_bodysize,dolomites,creation
52,5,1,28,down_niche_bodysize,dolomites,creation
48,0,35,28,down_niche_bodysize,dolomites,creation
54,4,1,28,down_niche_bodysize,dolomites,creation
51,0,35,28,down_niche_bodysize,dolomites,creation
41,19,1,28,down_niche_bodysize,dolomites,creation
25,6,6,28,down_niche_bodysize,dolomites,creation
33,7,5,28,down_niche_bodysize,dolomites,creation
58,6,1,28,down_niche_bodysize,dolomites,creation
39,7,4,28,down_niche_bodysize,dolomites,creation
47,0,35,28,down_niche_bodysize,dolomites,creation
14,5,0,28,down_niche_bodysize,dolomites,creation
44,0,35,28,down_niche_bodysize,dolomites,creation
1,7,2,28,down_niche_bodysize,dolomites,creation
19,7,5,28,down_niche_bodysize,dolomites,creation
46,0,0,28,down_niche_bodysize,dolomites,creation
50,0,36,28,down_niche_bodysize,dolomites,creation
59,7,1,28,down_niche_bodysize,dolomites,creation
4,9,0,28,down_niche_bodysize,dolomites,creation
11,6,7,28,down_niche_bodysize,dolomites,creation
36,5,0,28,down_niche_bodysize,dolomites,creation
56,4,39,28,atn,dolomites,creation
34,6,1,28,atn,dolomites,creation
43,6,1,28,atn,dolomites,creation
40,6,0,28,atn,dolomites,creation
12,6,0,28,atn,dolomites,creation
13,6,16,28,atn,dolomites,creation
24,6,14,28,atn,dolomites,creation
49,0,30,28,atn,dolomites,creation
5,10,0,28,atn,dolomites,creation
31,10,0,28,atn,dolomites,creation
38,6,0,28,atn,dolomites,creation
45,0,7,28,atn,dolomites,creation
28,10,0,28,atn,dolomites,creation
37,7,0,28,atn,dolomites,creation
8,8,0,28,atn,dolomites,creation
35,6,0,28,atn,dolomites,creation
27,6,0,28,atn,dolomites,creation
21,6,0,28,atn,dolomites,creation
6,11,0,28,atn,dolomites,creation
32,7,0,28,atn,dolomites,creation
16,8,0,28,atn,dolomites,creation
57,6,30,28,atn,dolomites,creation
42,12,0,28,atn,dolomites,creation
15,6,0,28,atn,dolomites,creation
17,10,0,28,atn,dolomites,creation
20,6,0,28,atn,dolomites,creation
29,6,0,28,atn,dolomites,creation
7,6,0,28,atn,dolomites,creation
2,12,0,28,atn,dolomites,creation
23,6,14,28,atn,dolomites,creation
18,11,0,28,atn,dolomites,creation
9,6,0,28,atn,dolomites,creation
55,2,31,28,atn,dolomites,creation
53,0,7,28,atn,dolomites,creation
10,7,0,28,atn,dolomites,creation
22,6,19,28,atn,dolomites,creation
26,6,0,28,atn,dolomites,creation
3,14,0,28,atn,dolomites,creation
30,4,8,28,atn,dolomites,creation
52,0,3,28,atn,dolomites,creation
48,0,39,28,atn,dolomites,creation
54,0,16,28,atn,dolomites,creation
51,0,0,28,atn,dolomites,creation
41,11,0,28,atn,dolomites,creation
25,10,0,28,atn,dolomites,creation
33,12,0,28,atn,dolomites,creation
58,6,13,28,atn,dolomites,creation
39,6,0,28,atn,dolomites,creation
47,0,31,28,atn,dolomites,creation
14,6,0,28,atn,dolomites,creation
44,0,3,28,atn,dolomites,creation
1,8,0,28,atn,dolomites,creation
19,6,0,28,atn,dolomites,creation
46,0,16,28,atn,dolomites,creation
50,0,13,28,atn,dolomites,creation
59,6,0,28,atn,dolomites,creation
4,11,0,28,atn,dolomites,creation
11,6,0,28,atn,dolomites,creation
36,6,4,28,atn,dolomites,creation
34,0,19,28,down_power,dolomites,burnin
43,5,0,28,down_power,dolomites,burnin
40,0,24,28,down_power,dolomites,burnin
12,4,0,28,down_power,dolomites,burnin
13,4,0,28,down_power,dolomites,burnin
24,3,0,28,down_power,dolomites,burnin
5,5,0,28,down_power,dolomites,burnin
31,5,0,28,down_power,dolomites,burnin
38,0,22,28,down_power,dolomites,burnin
45,5,0,28,down_power,dolomites,burnin
28,3,0,28,down_power,dolomites,burnin
37,0,21,28,down_power,dolomites,burnin
8,3,0,28,down_power,dolomites,burnin
35,0,20,28,down_power,dolomites,burnin
27,3,0,28,down_power,dolomites,burnin
21,5,0,28,down_power,dolomites,burnin
6,4,0,28,down_power,dolomites,burnin
32,7,0,28,down_power,dolomites,burnin
16,4,0,28,down_power,dolomites,burnin
42,7,0,28,down_power,dolomites,burnin
15,5,0,28,down_power,dolomites,burnin
17,5,0,28,down_power,dolomites,burnin
20,5,0,28,down_power,dolomites,burnin
29,5,0,28,down_power,dolomites,burnin
7,4,0,28,down_power,dolomites,burnin
2,5,0,28,down_power,dolomites,burnin
23,2,0,28,down_power,dolomites,burnin
18,6,0,28,down_power,dolomites,burnin
9,3,0,28,down_power,dolomites,burnin
10,4,0,28,down_power,dolomites,burnin
22,3,0,28,down_power,dolomites,burnin
26,6,0,28,down_power,dolomites,burnin
3,6,0,28,down_power,dolomites,burnin
30,4,0,28,down_power,dolomites,burnin
48,3,0,28,down_power,dolomites,burnin
41,3,0,28,down_power,dolomites,burnin
25,5,0,28,down_power,dolomites,burnin
33,0,22,28,down_power,dolomites,burnin
39,0,24,28,down_power,dolomites,burnin
47,5,0,28,down_power,dolomites,burnin
14,4,0,28,down_power,dolomites,burnin
44,5,0,28,down_power,dolomites,burnin
1,6,0,28,down_power,dolomites,burnin
19,3,0,28,down_power,dolomites,burnin
46,2,0,28,down_power,dolomites,burnin
4,2,0,28,down_power,dolomites,burnin
11,4,0,28,down_power,dolomites,burnin
36,0,20,28,down_power,dolomites,burnin
34,28,2,28,metaweb,dolomites,burnin
43,8,0,28,metaweb,dolomites,burnin
40,0,41,28,metaweb,dolomites,burnin
12,8,0,28,metaweb,dolomites,burnin
13,8,2,28,metaweb,dolomites,burnin
24,8,2,28,metaweb,dolomites,burnin
49,8,0,28,metaweb,dolomites,burnin
5,8,2,28,metaweb,dolomites,burnin
31,8,0,28,metaweb,dolomites,burnin
38,0,41,28,metaweb,dolomites,burnin
45,8,0,28,metaweb,dolomites,burnin
28,8,2,28,metaweb,dolomites,burnin
37,0,41,28,metaweb,dolomites,burnin
8,8,0,28,metaweb,dolomites,burnin
35,0,41,28,metaweb,dolomites,burnin
27,8,0,28,metaweb,dolomites,burnin
21,8,2,28,metaweb,dolomites,burnin
6,8,2,28,metaweb,dolomites,burnin
32,8,2,28,metaweb,dolomites,burnin
16,8,2,28,metaweb,dolomites,burnin
42,0,41,28,metaweb,dolomites,burnin
15,8,2,28,metaweb,dolomites,burnin
17,8,2,28,metaweb,dolomites,burnin
20,8,2,28,metaweb,dolomites,burnin
29,8,2,28,metaweb,dolomites,burnin
7,8,2,28,metaweb,dolomites,burnin
2,8,0,28,metaweb,dolomites,burnin
23,8,2,28,metaweb,dolomites,burnin
18,8,2,28,metaweb,dolomites,burnin
9,8,0,28,metaweb,dolomites,burnin
10,8,0,28,metaweb,dolomites,burnin
22,8,0,28,metaweb,dolomites,burnin
26,8,0,28,metaweb,dolomites,burnin
3,8,0,28,metaweb,dolomites,burnin
30,8,2,28,metaweb,dolomites,burnin
48,8,0,28,metaweb,dolomites,burnin
41,0,41,28,metaweb,dolomites,burnin
25,8,0,28,metaweb,dolomites,burnin
33,8,2,28,metaweb,dolomites,burnin
39,0,41,28,metaweb,dolomites,burnin
47,8,0,28,metaweb,dolomites,burnin
14,8,2,28,metaweb,dolomites,burnin
44,8,0,28,metaweb,dolomites,burnin
1,20,2,28,metaweb,dolomites,burnin
19,8,0,28,metaweb,dolomites,burnin
46,8,0,28,metaweb,dolomites,burnin
50,8,0,28,metaweb,dolomites,burnin
4,8,0,28,metaweb,dolomites,burnin
11,8,0,28,metaweb,dolomites,burnin
36,0,41,28,metaweb,dolomites,burnin
17,11,2,28,niche,dolomites,burnin
20,6,3,28,niche,dolomites,burnin
29,9,5,28,niche,dolomites,burnin
34,3,9,28,niche,dolomites,burnin
7,0,2,28,niche,dolomites,burnin
2,4,1,28,niche,dolomites,burnin
23,8,3,28,niche,dolomites,burnin
40,0,11,28,niche,dolomites,burnin
12,0,3,28,niche,dolomites,burnin
18,1,2,28,niche,dolomites,burnin
13,19,3,28,niche,dolomites,burnin
9,1,3,28,niche,dolomites,burnin
24,2,3,28,niche,dolomites,burnin
10,5,3,28,niche,dolomites,burnin
22,0,4,28,niche,dolomites,burnin
26,1,2,28,niche,dolomites,burnin
3,10,2,28,niche,dolomites,burnin
5,15,2,28,niche,dolomites,burnin
30,8,7,28,niche,dolomites,burnin
31,0,7,28,niche,dolomites,burnin
28,0,5,28,niche,dolomites,burnin
38,2,9,28,niche,dolomites,burnin
37,0,10,28,niche,dolomites,burnin
8,7,3,28,niche,dolomites,burnin
35,0,10,28,niche,dolomites,burnin
25,3,3,28,niche,dolomites,burnin
33,3,9,28,niche,dolomites,burnin
41,0,11,28,niche,dolomites,burnin
27,9,3,28,niche,dolomites,burnin
21,1,3,28,niche,dolomites,burnin
39,1,11,28,niche,dolomites,burnin
14,1,3,28,niche,dolomites,burnin
6,3,2,28,niche,dolomites,burnin
1,18,0,28,niche,dolomites,burnin
19,3,3,28,niche,dolomites,burnin
32,3,9,28,niche,dolomites,burnin
16,5,3,28,niche,dolomites,burnin
4,15,2,28,niche,dolomites,burnin
42,0,8,28,niche,dolomites,burnin
15,8,4,28,niche,dolomites,burnin
11,8,3,28,niche,dolomites,burnin
36,8,10,28,niche,dolomites,burnin
34,0,29,28,down_rand,dolomites,burnin
43,7,0,28,down_rand,dolomites,burnin
40,0,28,28,down_rand,dolomites,burnin
12,3,0,28,down_rand,dolomites,burnin
13,4,0,28,down_rand,dolomites,burnin
24,5,0,28,down_rand,dolomites,burnin
5,3,0,28,down_rand,dolomites,burnin
31,4,0,28,down_rand,dolomites,burnin
38,0,24,28,down_rand,dolomites,burnin
45,5,0,28,down_rand,dolomites,burnin
28,6,0,28,down_rand,dolomites,burnin
37,0,22,28,down_rand,dolomites,burnin
8,3,0,28,down_rand,dolomites,burnin
35,0,20,28,down_rand,dolomites,burnin
27,4,0,28,down_rand,dolomites,burnin
21,4,0,28,down_rand,dolomites,burnin
6,6,0,28,down_rand,dolomites,burnin
32,6,0,28,down_rand,dolomites,burnin
16,4,0,28,down_rand,dolomites,burnin
42,2,0,28,down_rand,dolomites,burnin
15,6,0,28,down_rand,dolomites,burnin
17,5,0,28,down_rand,dolomites,burnin
20,3,0,28,down_rand,dolomites,burnin
29,8,0,28,down_rand,dolomites,burnin
7,4,0,28,down_rand,dolomites,burnin
2,7,0,28,down_rand,dolomites,burnin
23,5,0,28,down_rand,dolomites,burnin
18,7,0,28,down_rand,dolomites,burnin
9,4,0,28,down_rand,dolomites,burnin
10,6,0,28,down_rand,dolomites,burnin
22,2,0,28,down_rand,dolomites,burnin
26,4,0,28,down_rand,dolomites,burnin
3,6,0,28,down_rand,dolomites,burnin
30,6,0,28,down_rand,dolomites,burnin
48,3,0,28,down_rand,dolomites,burnin
41,6,0,28,down_rand,dolomites,burnin
25,6,0,28,down_rand,dolomites,burnin
33,0,23,28,down_rand,dolomites,burnin
39,0,26,28,down_rand,dolomites,burnin
47,5,0,28,down_rand,dolomites,burnin
14,4,0,28,down_rand,dolomites,burnin
44,4,0,28,down_rand,dolomites,burnin
1,5,0,28,down_rand,dolomites,burnin
19,8,0,28,down_rand,dolomites,burnin
46,4,0,28,down_rand,dolomites,burnin
4,3,0,28,down_rand,dolomites,burnin
11,5,0,28,down_rand,dolomites,burnin
36,0,20,28,down_rand,dolomites,burnin
34,0,20,28,down_link,dolomites,burnin
43,3,0,28,down_link,dolomites,burnin
40,0,26,28,down_link,dolomites,burnin
12,6,0,28,down_link,dolomites,burnin
13,3,0,28,down_link,dolomites,burnin
24,4,0,28,down_link,dolomites,burnin
5,4,0,28,down_link,dolomites,burnin
31,6,0,28,down_link,dolomites,burnin
38,0,24,28,down_link,dolomites,burnin
45,5,0,28,down_link,dolomites,burnin
28,5,0,28,down_link,dolomites,burnin
37,0,23,28,down_link,dolomites,burnin
8,6,0,28,down_link,dolomites,burnin
35,0,25,28,down_link,dolomites,burnin
27,3,0,28,down_link,dolomites,burnin
21,4,0,28,down_link,dolomites,burnin
6,5,0,28,down_link,dolomites,burnin
32,4,0,28,down_link,dolomites,burnin
16,3,0,28,down_link,dolomites,burnin
42,3,0,28,down_link,dolomites,burnin
15,4,0,28,down_link,dolomites,burnin
17,3,0,28,down_link,dolomites,burnin
20,4,0,28,down_link,dolomites,burnin
29,5,0,28,down_link,dolomites,burnin
7,5,0,28,down_link,dolomites,burnin
2,6,0,28,down_link,dolomites,burnin
23,5,0,28,down_link,dolomites,burnin
18,3,0,28,down_link,dolomites,burnin
9,5,0,28,down_link,dolomites,burnin
10,6,0,28,down_link,dolomites,burnin
22,5,0,28,down_link,dolomites,burnin
26,3,0,28,down_link,dolomites,burnin
3,4,0,28,down_link,dolomites,burnin
30,4,0,28,down_link,dolomites,burnin
48,4,0,28,down_link,dolomites,burnin
41,5,0,28,down_link,dolomites,burnin
25,5,0,28,down_link,dolomites,burnin
33,0,22,28,down_link,dolomites,burnin
39,0,19,28,down_link,dolomites,burnin
47,7,0,28,down_link,dolomites,burnin
14,4,0,28,down_link,dolomites,burnin
44,6,0,28,down_link,dolomites,burnin
1,6,0,28,down_link,dolomites,burnin
19,5,0,28,down_link,dolomites,burnin
46,4,0,28,down_link,dolomites,burnin
4,4,0,28,down_link,dolomites,burnin
11,4,0,28,down_link,dolomites,burnin
36,0,21,28,down_link,dolomites,burnin
34,0,31,28,down_niche,dolomites,burnin
43,6,0,28,down_niche,dolomites,burnin
40,5,0,28,down_niche,dolomites,burnin
12,7,0,28,down_niche,dolomites,burnin
13,6,0,28,down_niche,dolomites,burnin
24,6,0,28,down_niche,dolomites,burnin
5,6,0,28,down_niche,dolomites,burnin
31,7,0,28,down_niche,dolomites,burnin
38,0,36,28,down_niche,dolomites,burnin
45,7,0,28,down_niche,dolomites,burnin
28,6,0,28,down_niche,dolomites,burnin
37,0,35,28,down_niche,dolomites,burnin
8,7,0,28,down_niche,dolomites,burnin
35,0,35,28,down_niche,dolomites,burnin
27,6,0,28,down_niche,dolomites,burnin
21,5,0,28,down_niche,dolomites,burnin
6,5,0,28,down_niche,dolomites,burnin
32,7,0,28,down_niche,dolomites,burnin
16,6,0,28,down_niche,dolomites,burnin
42,4,0,28,down_niche,dolomites,burnin
15,6,0,28,down_niche,dolomites,burnin
17,5,0,28,down_niche,dolomites,burnin
20,4,0,28,down_niche,dolomites,burnin
29,5,0,28,down_niche,dolomites,burnin
7,5,0,28,down_niche,dolomites,burnin
2,5,0,28,down_niche,dolomites,burnin
23,5,0,28,down_niche,dolomites,burnin
18,6,0,28,down_niche,dolomites,burnin
9,4,0,28,down_niche,dolomites,burnin
10,7,0,28,down_niche,dolomites,burnin
22,7,0,28,down_niche,dolomites,burnin
26,7,0,28,down_niche,dolomites,burnin
3,7,0,28,down_niche,dolomites,burnin
30,7,0,28,down_niche,dolomites,burnin
41,7,0,28,down_niche,dolomites,burnin
25,6,0,28,down_niche,dolomites,burnin
33,0,35,28,down_niche,dolomites,burnin
39,0,34,28,down_niche,dolomites,burnin
47,7,0,28,down_niche,dolomites,burnin
14,7,0,28,down_niche,dolomites,burnin
44,7,0,28,down_niche,dolomites,burnin
1,7,0,28,down_niche,dolomites,burnin
19,5,0,28,down_niche,dolomites,burnin
46,6,0,28,down_niche,dolomites,burnin
4,6,0,28,down_niche,dolomites,burnin
11,7,0,28,down_niche,dolomites,burnin
36,0,35,28,down_niche,dolomites,burnin
34,0,31,28,down_niche_bodysize,dolomites,burnin
43,6,0,28,down_niche_bodysize,dolomites,burnin
40,5,0,28,down_niche_bodysize,dolomites,burnin
12,7,0,28,down_niche_bodysize,dolomites,burnin
13,6,0,28,down_niche_bodysize,dolomites,burnin
24,6,0,28,down_niche_bodysize,dolomites,burnin
5,6,0,28,down_niche_bodysize,dolomites,burnin
31,7,0,28,down_niche_bodysize,dolomites,burnin
38,0,36,28,down_niche_bodysize,dolomites,burnin
45,7,0,28,down_niche_bodysize,dolomites,burnin
28,6,0,28,down_niche_bodysize,dolomites,burnin
37,0,35,28,down_niche_bodysize,dolomites,burnin
8,7,0,28,down_niche_bodysize,dolomites,burnin
35,0,35,28,down_niche_bodysize,dolomites,burnin
27,6,0,28,down_niche_bodysize,dolomites,burnin
21,5,0,28,down_niche_bodysize,dolomites,burnin
6,5,0,28,down_niche_bodysize,dolomites,burnin
32,7,0,28,down_niche_bodysize,dolomites,burnin
16,6,0,28,down_niche_bodysize,dolomites,burnin
42,4,0,28,down_niche_bodysize,dolomites,burnin
15,6,0,28,down_niche_bodysize,dolomites,burnin
17,5,0,28,down_niche_bodysize,dolomites,burnin
20,4,0,28,down_niche_bodysize,dolomites,burnin
29,5,0,28,down_niche_bodysize,dolomites,burnin
7,5,0,28,down_niche_bodysize,dolomites,burnin
2,5,0,28,down_niche_bodysize,dolomites,burnin
23,5,0,28,down_niche_bodysize,dolomites,burnin
18,6,0,28,down_niche_bodysize,dolomites,burnin
9,4,0,28,down_niche_bodysize,dolomites,burnin
10,7,0,28,down_niche_bodysize,dolomites,burnin
22,7,0,28,down_niche_bodysize,dolomites,burnin
26,7,0,28,down_niche_bodysize,dolomites,burnin
3,7,0,28,down_niche_bodysize,dolomites,burnin
30,7,0,28,down_niche_bodysize,dolomites,burnin
41,7,0,28,down_niche_bodysize,dolomites,burnin
25,6,0,28,down_niche_bodysize,dolomites,burnin
33,0,35,28,down_niche_bodysize,dolomites,burnin
39,0,34,28,down_niche_bodysize,dolomites,burnin
47,7,0,28,down_niche_bodysize,dolomites,burnin
14,7,0,28,down_niche_bodysize,dolomites,burnin
44,7,0,28,down_niche_bodysize,dolomites,burnin
1,7,0,28,down_niche_bodysize,dolomites,burnin
19,5,0,28,down_niche_bodysize,dolomites,burnin
46,6,0,28,down_niche_bodysize,dolomites,burnin
4,6,0,28,down_niche_bodysize,dolomites,burnin
11,7,0,28,down_niche_bodysize,dolomites,burnin
36,0,35,28,down_niche_bodysize,dolomites,burnin
56,6,0,28,atn,dolomites,burnin
34,6,3,28,atn,dolomites,burnin
43,0,7,28,atn,dolomites,burnin
40,12,0,28,atn,dolomites,burnin
12,6,0,28,atn,dolomites,burnin
13,6,0,28,atn,dolomites,burnin
24,6,0,28,atn,dolomites,burnin
49,0,3,28,atn,dolomites,burnin
5,11,0,28,atn,dolomites,burnin
31,12,0,28,atn,dolomites,burnin
38,6,0,28,atn,dolomites,burnin
45,0,31,28,atn,dolomites,burnin
28,4,7,28,atn,dolomites,burnin
37,6,0,28,atn,dolomites,burnin
8,7,0,28,atn,dolomites,burnin
35,7,0,28,atn,dolomites,burnin
27,6,0,28,atn,dolomites,burnin
21,6,12,28,atn,dolomites,burnin
6,6,0,28,atn,dolomites,burnin
32,6,0,28,atn,dolomites,burnin
16,11,0,28,atn,dolomites,burnin
42,0,3,28,atn,dolomites,burnin
15,10,0,28,atn,dolomites,burnin
17,6,0,28,atn,dolomites,burnin
20,6,17,28,atn,dolomites,burnin
29,10,0,28,atn,dolomites,burnin
7,6,0,28,atn,dolomites,burnin
2,12,0,28,atn,dolomites,burnin
23,10,0,28,atn,dolomites,burnin
18,6,0,28,atn,dolomites,burnin
9,6,0,28,atn,dolomites,burnin
55,6,12,28,atn,dolomites,burnin
53,4,37,28,atn,dolomites,burnin
10,6,0,28,atn,dolomites,burnin
22,6,12,28,atn,dolomites,burnin
26,10,0,28,atn,dolomites,burnin
3,11,0,28,atn,dolomites,burnin
30,7,0,28,atn,dolomites,burnin
52,2,31,28,atn,dolomites,burnin
48,0,12,28,atn,dolomites,burnin
54,6,28,28,atn,dolomites,burnin
51,0,16,28,atn,dolomites,burnin
41,6,0,28,atn,dolomites,burnin
25,6,0,28,atn,dolomites,burnin
33,6,0,28,atn,dolomites,burnin
39,11,0,28,atn,dolomites,burnin
47,0,28,28,atn,dolomites,burnin
14,8,0,28,atn,dolomites,burnin
44,0,16,28,atn,dolomites,burnin
1,8,0,28,atn,dolomites,burnin
19,6,0,28,atn,dolomites,burnin
46,0,37,28,atn,dolomites,burnin
50,0,7,28,atn,dolomites,burnin
4,10,0,28,atn,dolomites,burnin
11,6,14,28,atn,dolomites,burnin
36,6,0,28,atn,dolomites,burnin
56,8,1,29,down_power,dolomites,creation
34,5,6,29,down_power,dolomites,creation
43,25,6,29,down_power,dolomites,creation
40,8,1,29,down_power,dolomites,creation
12,6,7,29,down_power,dolomites,creation
13,6,2,29,down_power,dolomites,creation
24,8,2,29,down_power,dolomites,creation
49,0,33,29,down_power,dolomites,creation
5,24,4,29,down_power,dolomites,creation
31,8,7,29,down_power,dolomites,creation
38,7,7,29,down_power,dolomites,creation
45,0,30,29,down_power,dolomites,creation
28,6,7,29,down_power,dolomites,creation
37,8,6,29,down_power,dolomites,creation
8,6,1,29,down_power,dolomites,creation
35,8,7,29,down_power,dolomites,creation
27,6,8,29,down_power,dolomites,creation
21,7,7,29,down_power,dolomites,creation
6,25,5,29,down_power,dolomites,creation
32,5,0,29,down_power,dolomites,creation
16,6,5,29,down_power,dolomites,creation
57,5,1,29,down_power,dolomites,creation
42,35,7,29,down_power,dolomites,creation
15,5,3,29,down_power,dolomites,creation
17,6,6,29,down_power,dolomites,creation
20,8,7,29,down_power,dolomites,creation
29,5,7,29,down_power,dolomites,creation
7,17,6,29,down_power,dolomites,creation
2,15,1,29,down_power,dolomites,creation
23,7,2,29,down_power,dolomites,creation
18,8,7,29,down_power,dolomites,creation
9,6,1,29,down_power,dolomites,creation
55,5,1,29,down_power,dolomites,creation
53,5,1,29,down_power,dolomites,creation
10,6,7,29,down_power,dolomites,creation
22,7,2,29,down_power,dolomites,creation
26,8,6,29,down_power,dolomites,creation
3,14,2,29,down_power,dolomites,creation
30,6,2,29,down_power,dolomites,creation
52,3,1,29,down_power,dolomites,creation
48,0,38,29,down_power,dolomites,creation
54,4,1,29,down_power,dolomites,creation
51,0,33,29,down_power,dolomites,creation
41,35,7,29,down_power,dolomites,creation
25,6,6,29,down_power,dolomites,creation
33,4,4,29,down_power,dolomites,creation
58,6,1,29,down_power,dolomites,creation
39,6,6,29,down_power,dolomites,creation
47,0,36,29,down_power,dolomites,creation
14,6,0,29,down_power,dolomites,creation
44,0,33,29,down_power,dolomites,creation
1,7,7,29,down_power,dolomites,creation
19,5,6,29,down_power,dolomites,creation
46,0,37,29,down_power,dolomites,creation
50,0,31,29,down_power,dolomites,creation
59,7,1,29,down_power,dolomites,creation
4,27,4,29,down_power,dolomites,creation
11,7,6,29,down_power,dolomites,creation
36,7,1,29,down_power,dolomites,creation
56,8,1,29,metaweb,dolomites,creation
34,8,7,29,metaweb,dolomites,creation
43,28,7,29,metaweb,dolomites,creation
40,8,2,29,metaweb,dolomites,creation
12,8,8,29,metaweb,dolomites,creation
13,8,2,29,metaweb,dolomites,creation
24,8,2,29,metaweb,dolomites,creation
49,0,43,29,metaweb,dolomites,creation
5,31,4,29,metaweb,dolomites,creation
31,8,8,29,metaweb,dolomites,creation
38,8,7,29,metaweb,dolomites,creation
45,0,43,29,metaweb,dolomites,creation
28,8,7,29,metaweb,dolomites,creation
37,8,7,29,metaweb,dolomites,creation
8,8,1,29,metaweb,dolomites,creation
35,8,7,29,metaweb,dolomites,creation
27,8,8,29,metaweb,dolomites,creation
21,8,7,29,metaweb,dolomites,creation
6,27,7,29,metaweb,dolomites,creation
32,8,0,29,metaweb,dolomites,creation
16,8,7,29,metaweb,dolomites,creation
57,8,1,29,metaweb,dolomites,creation
42,35,7,29,metaweb,dolomites,creation
15,8,4,29,metaweb,dolomites,creation
17,8,7,29,metaweb,dolomites,creation
20,8,7,29,metaweb,dolomites,creation
29,8,7,29,metaweb,dolomites,creation
7,20,7,29,metaweb,dolomites,creation
2,18,2,29,metaweb,dolomites,creation
23,8,2,29,metaweb,dolomites,creation
18,8,7,29,metaweb,dolomites,creation
9,8,1,29,metaweb,dolomites,creation
55,8,1,29,metaweb,dolomites,creation
53,8,1,29,metaweb,dolomites,creation
10,8,8,29,metaweb,dolomites,creation
22,8,2,29,metaweb,dolomites,creation
26,8,8,29,metaweb,dolomites,creation
3,18,2,29,metaweb,dolomites,creation
30,8,2,29,metaweb,dolomites,creation
52,8,1,29,metaweb,dolomites,creation
48,0,43,29,metaweb,dolomites,creation
54,8,1,29,metaweb,dolomites,creation
51,0,43,29,metaweb,dolomites,creation
41,35,7,29,metaweb,dolomites,creation
25,8,8,29,metaweb,dolomites,creation
33,8,7,29,metaweb,dolomites,creation
58,8,1,29,metaweb,dolomites,creation
39,8,7,29,metaweb,dolomites,creation
47,0,43,29,metaweb,dolomites,creation
14,8,0,29,metaweb,dolomites,creation
44,0,43,29,metaweb,dolomites,creation
1,10,8,29,metaweb,dolomites,creation
19,8,7,29,metaweb,dolomites,creation
46,0,43,29,metaweb,dolomites,creation
50,0,43,29,metaweb,dolomites,creation
59,8,1,29,metaweb,dolomites,creation
4,31,4,29,metaweb,dolomites,creation
11,8,8,29,metaweb,dolomites,creation
36,8,2,29,metaweb,dolomites,creation
56,1,15,29,niche,dolomites,creation
34,8,11,29,niche,dolomites,creation
43,14,10,29,niche,dolomites,creation
40,4,10,29,niche,dolomites,creation
12,17,2,29,niche,dolomites,creation
13,6,2,29,niche,dolomites,creation
24,4,10,29,niche,dolomites,creation
49,1,14,29,niche,dolomites,creation
5,34,2,29,niche,dolomites,creation
31,27,11,29,niche,dolomites,creation
38,1,6,29,niche,dolomites,creation
45,2,8,29,niche,dolomites,creation
28,9,11,29,niche,dolomites,creation
37,3,8,29,niche,dolomites,creation
8,21,2,29,niche,dolomites,creation
35,9,9,29,niche,dolomites,creation
27,10,12,29,niche,dolomites,creation
21,7,8,29,niche,dolomites,creation
6,8,2,29,niche,dolomites,creation
32,0,11,29,niche,dolomites,creation
16,5,4,29,niche,dolomites,creation
57,0,12,29,niche,dolomites,creation
42,6,11,29,niche,dolomites,creation
15,3,3,29,niche,dolomites,creation
17,4,4,29,niche,dolomites,creation
20,0,8,29,niche,dolomites,creation
29,1,11,29,niche,dolomites,creation
7,7,2,29,niche,dolomites,creation
2,20,1,29,niche,dolomites,creation
23,22,10,29,niche,dolomites,creation
18,14,8,29,niche,dolomites,creation
9,33,3,29,niche,dolomites,creation
55,1,16,29,niche,dolomites,creation
53,0,16,29,niche,dolomites,creation
10,3,3,29,niche,dolomites,creation
22,11,8,29,niche,dolomites,creation
26,3,11,29,niche,dolomites,creation
3,34,1,29,niche,dolomites,creation
30,10,11,29,niche,dolomites,creation
52,6,16,29,niche,dolomites,creation
48,10,14,29,niche,dolomites,creation
54,2,16,29,niche,dolomites,creation
51,6,17,29,niche,dolomites,creation
41,4,10,29,niche,dolomites,creation
25,8,11,29,niche,dolomites,creation
33,1,11,29,niche,dolomites,creation
58,1,8,29,niche,dolomites,creation
39,13,6,29,niche,dolomites,creation
47,3,11,29,niche,dolomites,creation
14,16,2,29,niche,dolomites,creation
44,3,7,29,niche,dolomites,creation
1,7,1,29,niche,dolomites,creation
19,28,9,29,niche,dolomites,creation
46,0,9,29,niche,dolomites,creation
50,3,17,29,niche,dolomites,creation
59,0,9,29,niche,dolomites,creation
4,14,2,29,niche,dolomites,creation
11,1,4,29,niche,dolomites,creation
36,7,9,29,niche,dolomites,creation
56,6,1,29,down_rand,dolomites,creation
34,7,6,29,down_rand,dolomites,creation
43,22,6,29,down_rand,dolomites,creation
40,7,2,29,down_rand,dolomites,creation
12,6,7,29,down_rand,dolomites,creation
13,8,2,29,down_rand,dolomites,creation
24,7,2,29,down_rand,dolomites,creation
49,0,35,29,down_rand,dolomites,creation
5,27,3,29,down_rand,dolomites,creation
31,8,6,29,down_rand,dolomites,creation
38,5,5,29,down_rand,dolomites,creation
45,0,40,29,down_rand,dolomites,creation
28,7,6,29,down_rand,dolomites,creation
37,6,4,29,down_rand,dolomites,creation
8,8,1,29,down_rand,dolomites,creation
35,7,6,29,down_rand,dolomites,creation
27,6,7,29,down_rand,dolomites,creation
21,8,6,29,down_rand,dolomites,creation
6,24,6,29,down_rand,dolomites,creation
32,7,0,29,down_rand,dolomites,creation
16,7,4,29,down_rand,dolomites,creation
57,7,1,29,down_rand,dolomites,creation
42,30,7,29,down_rand,dolomites,creation
15,3,3,29,down_rand,dolomites,creation
17,7,6,29,down_rand,dolomites,creation
20,7,6,29,down_rand,dolomites,creation
29,7,6,29,down_rand,dolomites,creation
7,17,6,29,down_rand,dolomites,creation
2,17,2,29,down_rand,dolomites,creation
23,5,2,29,down_rand,dolomites,creation
18,6,7,29,down_rand,dolomites,creation
9,6,1,29,down_rand,dolomites,creation
55,5,1,29,down_rand,dolomites,creation
53,7,0,29,down_rand,dolomites,creation
10,7,5,29,down_rand,dolomites,creation
22,7,2,29,down_rand,dolomites,creation
26,8,7,29,down_rand,dolomites,creation
3,13,2,29,down_rand,dolomites,creation
30,6,1,29,down_rand,dolomites,creation
52,5,1,29,down_rand,dolomites,creation
48,0,32,29,down_rand,dolomites,creation
54,7,1,29,down_rand,dolomites,creation
51,0,39,29,down_rand,dolomites,creation
41,29,7,29,down_rand,dolomites,creation
25,5,5,29,down_rand,dolomites,creation
33,6,6,29,down_rand,dolomites,creation
58,8,1,29,down_rand,dolomites,creation
39,8,5,29,down_rand,dolomites,creation
47,0,37,29,down_rand,dolomites,creation
14,5,0,29,down_rand,dolomites,creation
44,0,35,29,down_rand,dolomites,creation
1,9,8,29,down_rand,dolomites,creation
19,6,7,29,down_rand,dolomites,creation
46,0,33,29,down_rand,dolomites,creation
50,0,31,29,down_rand,dolomites,creation
59,5,1,29,down_rand,dolomites,creation
4,24,4,29,down_rand,dolomites,creation
11,7,6,29,down_rand,dolomites,creation
36,8,1,29,down_rand,dolomites,creation
56,7,1,29,down_link,dolomites,creation
34,7,7,29,down_link,dolomites,creation
43,22,6,29,down_link,dolomites,creation
40,8,2,29,down_link,dolomites,creation
12,5,7,29,down_link,dolomites,creation
13,5,2,29,down_link,dolomites,creation
24,5,2,29,down_link,dolomites,creation
49,0,37,29,down_link,dolomites,creation
5,26,4,29,down_link,dolomites,creation
31,7,6,29,down_link,dolomites,creation
38,8,6,29,down_link,dolomites,creation
45,0,33,29,down_link,dolomites,creation
28,7,6,29,down_link,dolomites,creation
37,6,7,29,down_link,dolomites,creation
8,5,1,29,down_link,dolomites,creation
35,6,7,29,down_link,dolomites,creation
27,6,7,29,down_link,dolomites,creation
21,7,5,29,down_link,dolomites,creation
6,26,7,29,down_link,dolomites,creation
32,7,0,29,down_link,dolomites,creation
16,7,7,29,down_link,dolomites,creation
57,6,1,29,down_link,dolomites,creation
42,28,7,29,down_link,dolomites,creation
15,7,3,29,down_link,dolomites,creation
17,8,6,29,down_link,dolomites,creation
20,8,7,29,down_link,dolomites,creation
29,6,6,29,down_link,dolomites,creation
7,19,6,29,down_link,dolomites,creation
2,16,2,29,down_link,dolomites,creation
23,7,2,29,down_link,dolomites,creation
18,7,5,29,down_link,dolomites,creation
9,6,1,29,down_link,dolomites,creation
55,6,1,29,down_link,dolomites,creation
53,6,1,29,down_link,dolomites,creation
10,7,8,29,down_link,dolomites,creation
22,7,2,29,down_link,dolomites,creation
26,5,6,29,down_link,dolomites,creation
3,16,2,29,down_link,dolomites,creation
30,4,2,29,down_link,dolomites,creation
52,5,1,29,down_link,dolomites,creation
48,0,32,29,down_link,dolomites,creation
54,5,1,29,down_link,dolomites,creation
51,0,34,29,down_link,dolomites,creation
41,29,7,29,down_link,dolomites,creation
25,7,7,29,down_link,dolomites,creation
33,7,7,29,down_link,dolomites,creation
58,8,1,29,down_link,dolomites,creation
39,8,7,29,down_link,dolomites,creation
47,0,31,29,down_link,dolomites,creation
14,7,0,29,down_link,dolomites,creation
44,0,33,29,down_link,dolomites,creation
1,10,6,29,down_link,dolomites,creation
19,5,7,29,down_link,dolomites,creation
46,0,30,29,down_link,dolomites,creation
50,0,34,29,down_link,dolomites,creation
59,5,1,29,down_link,dolomites,creation
4,26,3,29,down_link,dolomites,creation
11,5,8,29,down_link,dolomites,creation
36,7,2,29,down_link,dolomites,creation
56,7,1,29,down_niche,dolomites,creation
34,7,5,29,down_niche,dolomites,creation
43,18,6,29,down_niche,dolomites,creation
40,8,1,29,down_niche,dolomites,creation
12,8,4,29,down_niche,dolomites,creation
13,8,2,29,down_niche,dolomites,creation
24,7,1,29,down_niche,dolomites,creation
49,0,25,29,down_niche,dolomites,creation
5,20,2,29,down_niche,dolomites,creation
31,7,7,29,down_niche,dolomites,creation
38,7,7,29,down_niche,dolomites,creation
45,0,40,29,down_niche,dolomites,creation
28,7,6,29,down_niche,dolomites,creation
37,7,7,29,down_niche,dolomites,creation
8,8,1,29,down_niche,dolomites,creation
35,6,6,29,down_niche,dolomites,creation
27,7,7,29,down_niche,dolomites,creation
21,6,6,29,down_niche,dolomites,creation
6,18,2,29,down_niche,dolomites,creation
32,7,0,29,down_niche,dolomites,creation
16,7,5,29,down_niche,dolomites,creation
57,8,1,29,down_niche,dolomites,creation
42,25,6,29,down_niche,dolomites,creation
15,8,4,29,down_niche,dolomites,creation
17,8,6,29,down_niche,dolomites,creation
20,8,5,29,down_niche,dolomites,creation
29,7,7,29,down_niche,dolomites,creation
7,18,4,29,down_niche,dolomites,creation
2,12,1,29,down_niche,dolomites,creation
23,8,1,29,down_niche,dolomites,creation
18,8,5,29,down_niche,dolomites,creation
9,7,1,29,down_niche,dolomites,creation
55,6,1,29,down_niche,dolomites,creation
53,8,1,29,down_niche,dolomites,creation
10,7,7,29,down_niche,dolomites,creation
22,6,1,29,down_niche,dolomites,creation
26,7,5,29,down_niche,dolomites,creation
3,12,0,29,down_niche,dolomites,creation
30,8,2,29,down_niche,dolomites,creation
52,7,1,29,down_niche,dolomites,creation
48,0,39,29,down_niche,dolomites,creation
54,7,1,29,down_niche,dolomites,creation
51,0,40,29,down_niche,dolomites,creation
41,29,4,29,down_niche,dolomites,creation
25,7,7,29,down_niche,dolomites,creation
33,8,6,29,down_niche,dolomites,creation
58,8,1,29,down_niche,dolomites,creation
39,6,6,29,down_niche,dolomites,creation
47,0,40,29,down_niche,dolomites,creation
14,8,0,29,down_niche,dolomites,creation
44,0,38,29,down_niche,dolomites,creation
1,8,2,29,down_niche,dolomites,creation
19,7,5,29,down_niche,dolomites,creation
46,0,39,29,down_niche,dolomites,creation
50,0,40,29,down_niche,dolomites,creation
59,6,1,29,down_niche,dolomites,creation
4,25,2,29,down_niche,dolomites,creation
11,6,7,29,down_niche,dolomites,creation
36,7,2,29,down_niche,dolomites,creation
56,7,1,29,down_niche_bodysize,dolomites,creation
34,7,5,29,down_niche_bodysize,dolomites,creation
43,18,6,29,down_niche_bodysize,dolomites,creation
40,8,1,29,down_niche_bodysize,dolomites,creation
12,8,4,29,down_niche_bodysize,dolomites,creation
13,8,2,29,down_niche_bodysize,dolomites,creation
24,7,1,29,down_niche_bodysize,dolomites,creation
49,0,25,29,down_niche_bodysize,dolomites,creation
5,20,2,29,down_niche_bodysize,dolomites,creation
31,7,7,29,down_niche_bodysize,dolomites,creation
38,7,7,29,down_niche_bodysize,dolomites,creation
45,0,40,29,down_niche_bodysize,dolomites,creation
28,7,6,29,down_niche_bodysize,dolomites,creation
37,7,7,29,down_niche_bodysize,dolomites,creation
8,8,1,29,down_niche_bodysize,dolomites,creation
35,6,6,29,down_niche_bodysize,dolomites,creation
27,7,7,29,down_niche_bodysize,dolomites,creation
21,6,6,29,down_niche_bodysize,dolomites,creation
6,18,2,29,down_niche_bodysize,dolomites,creation
32,7,0,29,down_niche_bodysize,dolomites,creation
16,7,5,29,down_niche_bodysize,dolomites,creation
57,8,1,29,down_niche_bodysize,dolomites,creation
42,25,6,29,down_niche_bodysize,dolomites,creation
15,8,4,29,down_niche_bodysize,dolomites,creation
17,8,6,29,down_niche_bodysize,dolomites,creation
20,8,5,29,down_niche_bodysize,dolomites,creation
29,7,7,29,down_niche_bodysize,dolomites,creation
7,18,4,29,down_niche_bodysize,dolomites,creation
2,12,1,29,down_niche_bodysize,dolomites,creation
23,8,1,29,down_niche_bodysize,dolomites,creation
18,8,5,29,down_niche_bodysize,dolomites,creation
9,7,1,29,down_niche_bodysize,dolomites,creation
55,6,1,29,down_niche_bodysize,dolomites,creation
53,8,1,29,down_niche_bodysize,dolomites,creation
10,7,7,29,down_niche_bodysize,dolomites,creation
22,6,1,29,down_niche_bodysize,dolomites,creation
26,7,5,29,down_niche_bodysize,dolomites,creation
3,12,0,29,down_niche_bodysize,dolomites,creation
30,8,2,29,down_niche_bodysize,dolomites,creation
52,7,1,29,down_niche_bodysize,dolomites,creation
48,0,39,29,down_niche_bodysize,dolomites,creation
54,7,1,29,down_niche_bodysize,dolomites,creation
51,0,40,29,down_niche_bodysize,dolomites,creation
41,29,4,29,down_niche_bodysize,dolomites,creation
25,7,7,29,down_niche_bodysize,dolomites,creation
33,8,6,29,down_niche_bodysize,dolomites,creation
58,8,1,29,down_niche_bodysize,dolomites,creation
39,6,6,29,down_niche_bodysize,dolomites,creation
47,0,40,29,down_niche_bodysize,dolomites,creation
14,8,0,29,down_niche_bodysize,dolomites,creation
44,0,38,29,down_niche_bodysize,dolomites,creation
1,8,2,29,down_niche_bodysize,dolomites,creation
19,7,5,29,down_niche_bodysize,dolomites,creation
46,0,39,29,down_niche_bodysize,dolomites,creation
50,0,40,29,down_niche_bodysize,dolomites,creation
59,6,1,29,down_niche_bodysize,dolomites,creation
4,25,2,29,down_niche_bodysize,dolomites,creation
11,6,7,29,down_niche_bodysize,dolomites,creation
36,7,2,29,down_niche_bodysize,dolomites,creation
56,6,44,29,atn,dolomites,creation
34,8,0,29,atn,dolomites,creation
43,6,4,29,atn,dolomites,creation
40,7,0,29,atn,dolomites,creation
12,7,0,29,atn,dolomites,creation
13,8,20,29,atn,dolomites,creation
24,6,10,29,atn,dolomites,creation
49,0,33,29,atn,dolomites,creation
5,13,0,29,atn,dolomites,creation
31,14,0,29,atn,dolomites,creation
38,6,8,29,atn,dolomites,creation
45,0,8,29,atn,dolomites,creation
28,13,0,29,atn,dolomites,creation
37,13,0,29,atn,dolomites,creation
8,14,0,29,atn,dolomites,creation
35,6,1,29,atn,dolomites,creation
27,8,0,29,atn,dolomites,creation
21,7,0,29,atn,dolomites,creation
6,12,0,29,atn,dolomites,creation
32,13,0,29,atn,dolomites,creation
16,13,0,29,atn,dolomites,creation
57,8,33,29,atn,dolomites,creation
42,13,0,29,atn,dolomites,creation
15,12,0,29,atn,dolomites,creation
17,13,0,29,atn,dolomites,creation
20,6,0,29,atn,dolomites,creation
29,6,1,29,atn,dolomites,creation
7,6,0,29,atn,dolomites,creation
2,18,0,29,atn,dolomites,creation
23,6,16,29,atn,dolomites,creation
18,13,0,29,atn,dolomites,creation
9,8,0,29,atn,dolomites,creation
55,4,37,29,atn,dolomites,creation
53,0,8,29,atn,dolomites,creation
10,13,0,29,atn,dolomites,creation
22,6,25,29,atn,dolomites,creation
26,7,0,29,atn,dolomites,creation
3,14,0,29,atn,dolomites,creation
30,8,20,29,atn,dolomites,creation
52,0,4,29,atn,dolomites,creation
48,0,44,29,atn,dolomites,creation
54,2,19,29,atn,dolomites,creation
51,0,0,29,atn,dolomites,creation
41,14,0,29,atn,dolomites,creation
25,12,0,29,atn,dolomites,creation
33,12,0,29,atn,dolomites,creation
58,8,20,29,atn,dolomites,creation
39,8,1,29,atn,dolomites,creation
47,0,37,29,atn,dolomites,creation
14,7,0,29,atn,dolomites,creation
44,0,4,29,atn,dolomites,creation
1,13,0,29,atn,dolomites,creation
19,6,1,29,atn,dolomites,creation
46,0,19,29,atn,dolomites,creation
50,0,20,29,atn,dolomites,creation
59,8,0,29,atn,dolomites,creation
4,12,0,29,atn,dolomites,creation
11,6,0,29,atn,dolomites,creation
36,8,20,29,atn,dolomites,creation
34,0,31,29,down_power,dolomites,burnin
43,5,0,29,down_power,dolomites,burnin
40,0,28,29,down_power,dolomites,burnin
12,8,0,29,down_power,dolomites,burnin
13,5,0,29,down_power,dolomites,burnin
24,6,0,29,down_power,dolomites,burnin
49,7,0,29,down_power,dolomites,burnin
5,7,1,29,down_power,dolomites,burnin
31,8,0,29,down_power,dolomites,burnin
38,0,35,29,down_power,dolomites,burnin
45,5,0,29,down_power,dolomites,burnin
28,5,0,29,down_power,dolomites,burnin
37,0,33,29,down_power,dolomites,burnin
8,6,0,29,down_power,dolomites,burnin
35,0,27,29,down_power,dolomites,burnin
27,4,0,29,down_power,dolomites,burnin
21,6,1,29,down_power,dolomites,burnin
6,6,1,29,down_power,dolomites,burnin
32,7,0,29,down_power,dolomites,burnin
16,7,0,29,down_power,dolomites,burnin
42,3,0,29,down_power,dolomites,burnin
15,7,0,29,down_power,dolomites,burnin
17,7,0,29,down_power,dolomites,burnin
20,8,0,29,down_power,dolomites,burnin
29,8,0,29,down_power,dolomites,burnin
7,6,0,29,down_power,dolomites,burnin
2,6,1,29,down_power,dolomites,burnin
23,5,0,29,down_power,dolomites,burnin
18,8,0,29,down_power,dolomites,burnin
9,5,0,29,down_power,dolomites,burnin
10,6,0,29,down_power,dolomites,burnin
22,6,0,29,down_power,dolomites,burnin
26,5,0,29,down_power,dolomites,burnin
3,6,1,29,down_power,dolomites,burnin
30,7,0,29,down_power,dolomites,burnin
48,6,0,29,down_power,dolomites,burnin
41,0,30,29,down_power,dolomites,burnin
25,8,0,29,down_power,dolomites,burnin
33,6,0,29,down_power,dolomites,burnin
39,0,30,29,down_power,dolomites,burnin
47,5,0,29,down_power,dolomites,burnin
14,8,0,29,down_power,dolomites,burnin
44,4,0,29,down_power,dolomites,burnin
1,7,1,29,down_power,dolomites,burnin
19,6,0,29,down_power,dolomites,burnin
46,8,0,29,down_power,dolomites,burnin
4,6,1,29,down_power,dolomites,burnin
11,6,0,29,down_power,dolomites,burnin
36,0,34,29,down_power,dolomites,burnin
34,8,2,29,metaweb,dolomites,burnin
43,0,41,29,metaweb,dolomites,burnin
40,0,41,29,metaweb,dolomites,burnin
12,8,2,29,metaweb,dolomites,burnin
13,8,2,29,metaweb,dolomites,burnin
24,8,2,29,metaweb,dolomites,burnin
49,8,1,29,metaweb,dolomites,burnin
5,8,0,29,metaweb,dolomites,burnin
31,8,2,29,metaweb,dolomites,burnin
38,0,41,29,metaweb,dolomites,burnin
45,0,41,29,metaweb,dolomites,burnin
28,8,0,29,metaweb,dolomites,burnin
37,28,2,29,metaweb,dolomites,burnin
8,8,2,29,metaweb,dolomites,burnin
35,8,2,29,metaweb,dolomites,burnin
27,8,2,29,metaweb,dolomites,burnin
21,8,2,29,metaweb,dolomites,burnin
6,8,2,29,metaweb,dolomites,burnin
32,8,2,29,metaweb,dolomites,burnin
16,8,2,29,metaweb,dolomites,burnin
42,0,41,29,metaweb,dolomites,burnin
15,8,2,29,metaweb,dolomites,burnin
17,8,2,29,metaweb,dolomites,burnin
20,8,2,29,metaweb,dolomites,burnin
29,8,2,29,metaweb,dolomites,burnin
7,8,2,29,metaweb,dolomites,burnin
2,12,2,29,metaweb,dolomites,burnin
23,8,2,29,metaweb,dolomites,burnin
18,8,2,29,metaweb,dolomites,burnin
9,8,2,29,metaweb,dolomites,burnin
53,8,1,29,metaweb,dolomites,burnin
10,8,0,29,metaweb,dolomites,burnin
22,8,2,29,metaweb,dolomites,burnin
26,8,2,29,metaweb,dolomites,burnin
3,20,2,29,metaweb,dolomites,burnin
30,8,2,29,metaweb,dolomites,burnin
52,8,1,29,metaweb,dolomites,burnin
48,8,1,29,metaweb,dolomites,burnin
51,8,1,29,metaweb,dolomites,burnin
41,0,41,29,metaweb,dolomites,burnin
25,8,2,29,metaweb,dolomites,burnin
33,8,2,29,metaweb,dolomites,burnin
39,0,41,29,metaweb,dolomites,burnin
47,8,1,29,metaweb,dolomites,burnin
14,8,2,29,metaweb,dolomites,burnin
44,0,41,29,metaweb,dolomites,burnin
1,12,2,29,metaweb,dolomites,burnin
19,8,2,29,metaweb,dolomites,burnin
46,8,1,29,metaweb,dolomites,burnin
50,8,1,29,metaweb,dolomites,burnin
4,8,0,29,metaweb,dolomites,burnin
11,8,2,29,metaweb,dolomites,burnin
36,8,0,29,metaweb,dolomites,burnin
17,3,3,29,niche,dolomites,burnin
20,5,2,29,niche,dolomites,burnin
29,1,11,29,niche,dolomites,burnin
7,0,6,29,niche,dolomites,burnin
2,15,1,29,niche,dolomites,burnin
23,0,4,29,niche,dolomites,burnin
12,3,6,29,niche,dolomites,burnin
18,8,1,29,niche,dolomites,burnin
13,8,6,29,niche,dolomites,burnin
9,8,6,29,niche,dolomites,burnin
24,8,4,29,niche,dolomites,burnin
10,13,6,29,niche,dolomites,burnin
22,2,2,29,niche,dolomites,burnin
26,5,10,29,niche,dolomites,burnin
3,10,2,29,niche,dolomites,burnin
5,11,2,29,niche,dolomites,burnin
30,0,10,29,niche,dolomites,burnin
31,1,7,29,niche,dolomites,burnin
28,0,11,29,niche,dolomites,burnin
8,5,6,29,niche,dolomites,burnin
25,3,10,29,niche,dolomites,burnin
27,5,10,29,niche,dolomites,burnin
21,10,2,29,niche,dolomites,burnin
14,1,5,29,niche,dolomites,burnin
6,9,6,29,niche,dolomites,burnin
1,12,1,29,niche,dolomites,burnin
19,3,1,29,niche,dolomites,burnin
32,0,8,29,niche,dolomites,burnin
16,5,2,29,niche,dolomites,burnin
4,3,2,29,niche,dolomites,burnin
15,0,4,29,niche,dolomites,burnin
11,6,6,29,niche,dolomites,burnin
34,0,37,29,down_rand,dolomites,burnin
43,7,0,29,down_rand,dolomites,burnin
40,0,36,29,down_rand,dolomites,burnin
12,6,0,29,down_rand,dolomites,burnin
13,7,0,29,down_rand,dolomites,burnin
24,8,0,29,down_rand,dolomites,burnin
5,6,0,29,down_rand,dolomites,burnin
31,5,0,29,down_rand,dolomites,burnin
38,0,32,29,down_rand,dolomites,burnin
45,6,0,29,down_rand,dolomites,burnin
28,7,0,29,down_rand,dolomites,burnin
37,0,29,29,down_rand,dolomites,burnin
8,3,0,29,down_rand,dolomites,burnin
35,0,31,29,down_rand,dolomites,burnin
27,7,0,29,down_rand,dolomites,burnin
21,7,0,29,down_rand,dolomites,burnin
6,8,0,29,down_rand,dolomites,burnin
32,8,0,29,down_rand,dolomites,burnin
16,5,0,29,down_rand,dolomites,burnin
42,7,0,29,down_rand,dolomites,burnin
15,7,0,29,down_rand,dolomites,burnin
17,7,0,29,down_rand,dolomites,burnin
20,6,0,29,down_rand,dolomites,burnin
29,8,0,29,down_rand,dolomites,burnin
7,5,0,29,down_rand,dolomites,burnin
2,6,0,29,down_rand,dolomites,burnin
23,6,0,29,down_rand,dolomites,burnin
18,5,0,29,down_rand,dolomites,burnin
9,7,0,29,down_rand,dolomites,burnin
10,7,0,29,down_rand,dolomites,burnin
22,7,0,29,down_rand,dolomites,burnin
26,6,0,29,down_rand,dolomites,burnin
3,7,0,29,down_rand,dolomites,burnin
30,6,0,29,down_rand,dolomites,burnin
48,5,0,29,down_rand,dolomites,burnin
41,5,0,29,down_rand,dolomites,burnin
25,7,0,29,down_rand,dolomites,burnin
33,0,33,29,down_rand,dolomites,burnin
39,0,28,29,down_rand,dolomites,burnin
47,8,0,29,down_rand,dolomites,burnin
14,8,0,29,down_rand,dolomites,burnin
44,5,0,29,down_rand,dolomites,burnin
1,8,0,29,down_rand,dolomites,burnin
19,8,0,29,down_rand,dolomites,burnin
46,7,0,29,down_rand,dolomites,burnin
4,7,0,29,down_rand,dolomites,burnin
11,6,0,29,down_rand,dolomites,burnin
36,0,35,29,down_rand,dolomites,burnin
34,0,32,29,down_link,dolomites,burnin
43,5,0,29,down_link,dolomites,burnin
40,0,34,29,down_link,dolomites,burnin
12,5,0,29,down_link,dolomites,burnin
13,8,0,29,down_link,dolomites,burnin
24,7,0,29,down_link,dolomites,burnin
5,5,0,29,down_link,dolomites,burnin
31,8,0,29,down_link,dolomites,burnin
38,0,34,29,down_link,dolomites,burnin
45,7,0,29,down_link,dolomites,burnin
28,6,0,29,down_link,dolomites,burnin
37,0,31,29,down_link,dolomites,burnin
8,7,0,29,down_link,dolomites,burnin
35,0,28,29,down_link,dolomites,burnin
27,7,0,29,down_link,dolomites,burnin
21,7,0,29,down_link,dolomites,burnin
6,5,0,29,down_link,dolomites,burnin
32,8,0,29,down_link,dolomites,burnin
16,7,0,29,down_link,dolomites,burnin
42,6,0,29,down_link,dolomites,burnin
15,7,0,29,down_link,dolomites,burnin
17,5,0,29,down_link,dolomites,burnin
20,6,0,29,down_link,dolomites,burnin
29,7,0,29,down_link,dolomites,burnin
7,7,0,29,down_link,dolomites,burnin
2,6,0,29,down_link,dolomites,burnin
23,4,0,29,down_link,dolomites,burnin
18,7,0,29,down_link,dolomites,burnin
9,7,0,29,down_link,dolomites,burnin
10,8,0,29,down_link,dolomites,burnin
22,6,0,29,down_link,dolomites,burnin
26,7,0,29,down_link,dolomites,burnin
3,7,0,29,down_link,dolomites,burnin
30,6,0,29,down_link,dolomites,burnin
48,5,0,29,down_link,dolomites,burnin
41,5,0,29,down_link,dolomites,burnin
25,7,0,29,down_link,dolomites,burnin
33,0,31,29,down_link,dolomites,burnin
39,0,33,29,down_link,dolomites,burnin
47,8,0,29,down_link,dolomites,burnin
14,7,0,29,down_link,dolomites,burnin
44,6,0,29,down_link,dolomites,burnin
1,5,0,29,down_link,dolomites,burnin
19,5,0,29,down_link,dolomites,burnin
46,6,0,29,down_link,dolomites,burnin
4,5,0,29,down_link,dolomites,burnin
11,7,0,29,down_link,dolomites,burnin
36,0,31,29,down_link,dolomites,burnin
34,0,37,29,down_niche,dolomites,burnin
43,7,0,29,down_niche,dolomites,burnin
40,0,38,29,down_niche,dolomites,burnin
12,7,0,29,down_niche,dolomites,burnin
13,8,0,29,down_niche,dolomites,burnin
24,7,0,29,down_niche,dolomites,burnin
5,8,0,29,down_niche,dolomites,burnin
31,7,0,29,down_niche,dolomites,burnin
38,0,23,29,down_niche,dolomites,burnin
45,7,0,29,down_niche,dolomites,burnin
28,6,0,29,down_niche,dolomites,burnin
37,0,38,29,down_niche,dolomites,burnin
8,8,0,29,down_niche,dolomites,burnin
35,0,38,29,down_niche,dolomites,burnin
27,7,0,29,down_niche,dolomites,burnin
21,7,0,29,down_niche,dolomites,burnin
6,8,0,29,down_niche,dolomites,burnin
32,6,0,29,down_niche,dolomites,burnin
16,8,0,29,down_niche,dolomites,burnin
42,8,0,29,down_niche,dolomites,burnin
15,6,0,29,down_niche,dolomites,burnin
17,7,0,29,down_niche,dolomites,burnin
20,7,0,29,down_niche,dolomites,burnin
29,7,0,29,down_niche,dolomites,burnin
7,8,0,29,down_niche,dolomites,burnin
2,7,0,29,down_niche,dolomites,burnin
23,8,0,29,down_niche,dolomites,burnin
18,7,0,29,down_niche,dolomites,burnin
9,7,0,29,down_niche,dolomites,burnin
10,8,0,29,down_niche,dolomites,burnin
22,7,0,29,down_niche,dolomites,burnin
26,8,0,29,down_niche,dolomites,burnin
3,7,0,29,down_niche,dolomites,burnin
30,7,0,29,down_niche,dolomites,burnin
48,6,0,29,down_niche,dolomites,burnin
41,7,0,29,down_niche,dolomites,burnin
25,7,0,29,down_niche,dolomites,burnin
33,0,37,29,down_niche,dolomites,burnin
39,0,37,29,down_niche,dolomites,burnin
47,8,0,29,down_niche,dolomites,burnin
14,6,0,29,down_niche,dolomites,burnin
44,6,0,29,down_niche,dolomites,burnin
1,8,0,29,down_niche,dolomites,burnin
19,7,0,29,down_niche,dolomites,burnin
46,8,0,29,down_niche,dolomites,burnin
4,6,0,29,down_niche,dolomites,burnin
11,8,0,29,down_niche,dolomites,burnin
36,0,39,29,down_niche,dolomites,burnin
34,0,37,29,down_niche_bodysize,dolomites,burnin
43,7,0,29,down_niche_bodysize,dolomites,burnin
40,0,38,29,down_niche_bodysize,dolomites,burnin
12,7,0,29,down_niche_bodysize,dolomites,burnin
13,8,0,29,down_niche_bodysize,dolomites,burnin
24,7,0,29,down_niche_bodysize,dolomites,burnin
5,8,0,29,down_niche_bodysize,dolomites,burnin
31,7,0,29,down_niche_bodysize,dolomites,burnin
38,0,23,29,down_niche_bodysize,dolomites,burnin
45,7,0,29,down_niche_bodysize,dolomites,burnin
28,6,0,29,down_niche_bodysize,dolomites,burnin
37,0,38,29,down_niche_bodysize,dolomites,burnin
8,8,0,29,down_niche_bodysize,dolomites,burnin
35,0,38,29,down_niche_bodysize,dolomites,burnin
27,7,0,29,down_niche_bodysize,dolomites,burnin
21,7,0,29,down_niche_bodysize,dolomites,burnin
6,8,0,29,down_niche_bodysize,dolomites,burnin
32,6,0,29,down_niche_bodysize,dolomites,burnin
16,8,0,29,down_niche_bodysize,dolomites,burnin
42,8,0,29,down_niche_bodysize,dolomites,burnin
15,6,0,29,down_niche_bodysize,dolomites,burnin
17,7,0,29,down_niche_bodysize,dolomites,burnin
20,7,0,29,down_niche_bodysize,dolomites,burnin
29,7,0,29,down_niche_bodysize,dolomites,burnin
7,8,0,29,down_niche_bodysize,dolomites,burnin
2,7,0,29,down_niche_bodysize,dolomites,burnin
23,8,0,29,down_niche_bodysize,dolomites,burnin
18,7,0,29,down_niche_bodysize,dolomites,burnin
9,7,0,29,down_niche_bodysize,dolomites,burnin
10,8,0,29,down_niche_bodysize,dolomites,burnin
22,7,0,29,down_niche_bodysize,dolomites,burnin
26,8,0,29,down_niche_bodysize,dolomites,burnin
3,7,0,29,down_niche_bodysize,dolomites,burnin
30,7,0,29,down_niche_bodysize,dolomites,burnin
48,6,0,29,down_niche_bodysize,dolomites,burnin
41,7,0,29,down_niche_bodysize,dolomites,burnin
25,7,0,29,down_niche_bodysize,dolomites,burnin
33,0,37,29,down_niche_bodysize,dolomites,burnin
39,0,37,29,down_niche_bodysize,dolomites,burnin
47,8,0,29,down_niche_bodysize,dolomites,burnin
14,6,0,29,down_niche_bodysize,dolomites,burnin
44,6,0,29,down_niche_bodysize,dolomites,burnin
1,8,0,29,down_niche_bodysize,dolomites,burnin
19,7,0,29,down_niche_bodysize,dolomites,burnin
46,8,0,29,down_niche_bodysize,dolomites,burnin
4,6,0,29,down_niche_bodysize,dolomites,burnin
11,8,0,29,down_niche_bodysize,dolomites,burnin
36,0,39,29,down_niche_bodysize,dolomites,burnin
34,0,19,29,atn,dolomites,burnin
43,6,32,29,atn,dolomites,burnin
40,0,8,29,atn,dolomites,burnin
12,6,0,29,atn,dolomites,burnin
13,7,0,29,atn,dolomites,burnin
24,8,0,29,atn,dolomites,burnin
5,13,0,29,atn,dolomites,burnin
31,6,0,29,atn,dolomites,burnin
38,0,9,29,atn,dolomites,burnin
45,8,9,29,atn,dolomites,burnin
28,8,0,29,atn,dolomites,burnin
37,0,21,29,atn,dolomites,burnin
8,7,0,29,atn,dolomites,burnin
35,0,34,29,atn,dolomites,burnin
27,6,0,29,atn,dolomites,burnin
21,6,0,29,atn,dolomites,burnin
6,7,0,29,atn,dolomites,burnin
32,0,4,29,atn,dolomites,burnin
16,6,0,29,atn,dolomites,burnin
42,4,34,29,atn,dolomites,burnin
15,6,5,29,atn,dolomites,burnin
17,12,0,29,atn,dolomites,burnin
20,13,0,29,atn,dolomites,burnin
29,7,0,29,atn,dolomites,burnin
7,8,9,29,atn,dolomites,burnin
2,12,0,29,atn,dolomites,burnin
23,13,0,29,atn,dolomites,burnin
18,7,0,29,atn,dolomites,burnin
9,12,0,29,atn,dolomites,burnin
10,13,0,29,atn,dolomites,burnin
22,8,9,29,atn,dolomites,burnin
26,8,9,29,atn,dolomites,burnin
3,6,0,29,atn,dolomites,burnin
30,13,0,29,atn,dolomites,burnin
41,2,19,29,atn,dolomites,burnin
25,6,0,29,atn,dolomites,burnin
33,0,8,29,atn,dolomites,burnin
39,0,4,29,atn,dolomites,burnin
14,6,14,29,atn,dolomites,burnin
44,8,21,29,atn,dolomites,burnin
1,12,0,29,atn,dolomites,burnin
19,8,0,29,atn,dolomites,burnin
46,8,0,29,atn,dolomites,burnin
4,8,0,29,atn,dolomites,burnin
11,6,0,29,atn,dolomites,burnin
36,0,32,29,atn,dolomites,burnin
56,4,1,30,down_power,dolomites,creation
34,5,4,30,down_power,dolomites,creation
43,21,5,30,down_power,dolomites,creation
40,6,2,30,down_power,dolomites,creation
12,3,4,30,down_power,dolomites,creation
13,5,1,30,down_power,dolomites,creation
24,6,1,30,down_power,dolomites,creation
49,0,28,30,down_power,dolomites,creation
5,28,2,30,down_power,dolomites,creation
31,5,5,30,down_power,dolomites,creation
38,7,7,30,down_power,dolomites,creation
45,0,29,30,down_power,dolomites,creation
28,4,6,30,down_power,dolomites,creation
37,7,6,30,down_power,dolomites,creation
8,5,1,30,down_power,dolomites,creation
35,6,5,30,down_power,dolomites,creation
27,6,6,30,down_power,dolomites,creation
21,7,5,30,down_power,dolomites,creation
6,19,7,30,down_power,dolomites,creation
32,5,0,30,down_power,dolomites,creation
16,8,7,30,down_power,dolomites,creation
57,5,1,30,down_power,dolomites,creation
42,35,4,30,down_power,dolomites,creation
15,5,2,30,down_power,dolomites,creation
17,3,5,30,down_power,dolomites,creation
20,7,6,30,down_power,dolomites,creation
29,6,6,30,down_power,dolomites,creation
7,11,4,30,down_power,dolomites,creation
2,10,1,30,down_power,dolomites,creation
23,1,2,30,down_power,dolomites,creation
18,4,7,30,down_power,dolomites,creation
9,4,0,30,down_power,dolomites,creation
55,4,1,30,down_power,dolomites,creation
53,3,1,30,down_power,dolomites,creation
10,5,4,30,down_power,dolomites,creation
22,5,1,30,down_power,dolomites,creation
26,6,6,30,down_power,dolomites,creation
3,11,0,30,down_power,dolomites,creation
30,5,2,30,down_power,dolomites,creation
52,7,1,30,down_power,dolomites,creation
48,0,29,30,down_power,dolomites,creation
54,2,0,30,down_power,dolomites,creation
51,0,30,30,down_power,dolomites,creation
41,35,6,30,down_power,dolomites,creation
25,7,7,30,down_power,dolomites,creation
33,5,6,30,down_power,dolomites,creation
58,5,0,30,down_power,dolomites,creation
39,5,6,30,down_power,dolomites,creation
47,0,28,30,down_power,dolomites,creation
14,6,0,30,down_power,dolomites,creation
44,0,24,30,down_power,dolomites,creation
1,5,6,30,down_power,dolomites,creation
19,4,4,30,down_power,dolomites,creation
46,0,31,30,down_power,dolomites,creation
50,0,25,30,down_power,dolomites,creation
59,5,1,30,down_power,dolomites,creation
4,19,3,30,down_power,dolomites,creation
11,3,7,30,down_power,dolomites,creation
36,5,1,30,down_power,dolomites,creation
56,8,1,30,metaweb,dolomites,creation
34,8,7,30,metaweb,dolomites,creation
43,28,7,30,metaweb,dolomites,creation
40,8,2,30,metaweb,dolomites,creation
12,8,8,30,metaweb,dolomites,creation
13,8,2,30,metaweb,dolomites,creation
24,8,2,30,metaweb,dolomites,creation
49,0,43,30,metaweb,dolomites,creation
5,31,4,30,metaweb,dolomites,creation
31,8,8,30,metaweb,dolomites,creation
38,8,7,30,metaweb,dolomites,creation
45,0,43,30,metaweb,dolomites,creation
28,8,7,30,metaweb,dolomites,creation
37,8,7,30,metaweb,dolomites,creation
8,8,1,30,metaweb,dolomites,creation
35,8,7,30,metaweb,dolomites,creation
27,8,8,30,metaweb,dolomites,creation
21,8,7,30,metaweb,dolomites,creation
6,27,7,30,metaweb,dolomites,creation
32,8,0,30,metaweb,dolomites,creation
16,8,7,30,metaweb,dolomites,creation
57,8,1,30,metaweb,dolomites,creation
42,35,7,30,metaweb,dolomites,creation
15,8,4,30,metaweb,dolomites,creation
17,8,7,30,metaweb,dolomites,creation
20,8,7,30,metaweb,dolomites,creation
29,8,7,30,metaweb,dolomites,creation
7,20,7,30,metaweb,dolomites,creation
2,18,2,30,metaweb,dolomites,creation
23,8,2,30,metaweb,dolomites,creation
18,8,7,30,metaweb,dolomites,creation
9,8,1,30,metaweb,dolomites,creation
55,8,1,30,metaweb,dolomites,creation
53,8,1,30,metaweb,dolomites,creation
10,8,8,30,metaweb,dolomites,creation
22,8,2,30,metaweb,dolomites,creation
26,8,8,30,metaweb,dolomites,creation
3,18,2,30,metaweb,dolomites,creation
30,8,2,30,metaweb,dolomites,creation
52,8,1,30,metaweb,dolomites,creation
48,0,43,30,metaweb,dolomites,creation
54,8,1,30,metaweb,dolomites,creation
51,0,43,30,metaweb,dolomites,creation
41,35,7,30,metaweb,dolomites,creation
25,8,8,30,metaweb,dolomites,creation
33,8,7,30,metaweb,dolomites,creation
58,8,1,30,metaweb,dolomites,creation
39,8,7,30,metaweb,dolomites,creation
47,0,43,30,metaweb,dolomites,creation
14,8,0,30,metaweb,dolomites,creation
44,0,43,30,metaweb,dolomites,creation
1,10,8,30,metaweb,dolomites,creation
19,8,7,30,metaweb,dolomites,creation
46,0,43,30,metaweb,dolomites,creation
50,0,43,30,metaweb,dolomites,creation
59,8,1,30,metaweb,dolomites,creation
4,31,4,30,metaweb,dolomites,creation
11,8,8,30,metaweb,dolomites,creation
36,8,2,30,metaweb,dolomites,creation
56,0,9,30,niche,dolomites,creation
34,7,9,30,niche,dolomites,creation
43,5,18,30,niche,dolomites,creation
40,7,14,30,niche,dolomites,creation
12,3,3,30,niche,dolomites,creation
13,0,3,30,niche,dolomites,creation
24,1,7,30,niche,dolomites,creation
49,1,12,30,niche,dolomites,creation
5,23,1,30,niche,dolomites,creation
31,9,7,30,niche,dolomites,creation
38,1,11,30,niche,dolomites,creation
45,2,16,30,niche,dolomites,creation
28,0,8,30,niche,dolomites,creation
37,1,11,30,niche,dolomites,creation
8,30,2,30,niche,dolomites,creation
35,0,9,30,niche,dolomites,creation
27,10,8,30,niche,dolomites,creation
21,5,5,30,niche,dolomites,creation
6,1,1,30,niche,dolomites,creation
32,4,9,30,niche,dolomites,creation
16,6,3,30,niche,dolomites,creation
57,1,10,30,niche,dolomites,creation
42,11,16,30,niche,dolomites,creation
15,24,3,30,niche,dolomites,creation
17,19,3,30,niche,dolomites,creation
20,0,4,30,niche,dolomites,creation
29,0,8,30,niche,dolomites,creation
7,24,1,30,niche,dolomites,creation
2,21,1,30,niche,dolomites,creation
23,11,6,30,niche,dolomites,creation
18,1,3,30,niche,dolomites,creation
9,24,2,30,niche,dolomites,creation
55,1,9,30,niche,dolomites,creation
53,1,8,30,niche,dolomites,creation
10,7,2,30,niche,dolomites,creation
22,14,6,30,niche,dolomites,creation
26,1,8,30,niche,dolomites,creation
3,40,1,30,niche,dolomites,creation
30,1,8,30,niche,dolomites,creation
52,0,9,30,niche,dolomites,creation
48,0,13,30,niche,dolomites,creation
54,0,9,30,niche,dolomites,creation
51,3,10,30,niche,dolomites,creation
41,6,15,30,niche,dolomites,creation
25,1,8,30,niche,dolomites,creation
33,15,9,30,niche,dolomites,creation
58,0,8,30,niche,dolomites,creation
39,0,12,30,niche,dolomites,creation
47,1,14,30,niche,dolomites,creation
14,22,3,30,niche,dolomites,creation
44,0,18,30,niche,dolomites,creation
1,34,1,30,niche,dolomites,creation
19,15,3,30,niche,dolomites,creation
46,6,15,30,niche,dolomites,creation
50,1,10,30,niche,dolomites,creation
59,0,6,30,niche,dolomites,creation
4,9,1,30,niche,dolomites,creation
11,3,2,30,niche,dolomites,creation
36,7,9,30,niche,dolomites,creation
56,6,0,30,down_rand,dolomites,creation
34,5,4,30,down_rand,dolomites,creation
43,18,5,30,down_rand,dolomites,creation
40,2,0,30,down_rand,dolomites,creation
12,5,7,30,down_rand,dolomites,creation
13,4,2,30,down_rand,dolomites,creation
24,6,1,30,down_rand,dolomites,creation
49,0,30,30,down_rand,dolomites,creation
5,20,3,30,down_rand,dolomites,creation
31,7,5,30,down_rand,dolomites,creation
38,8,4,30,down_rand,dolomites,creation
45,0,33,30,down_rand,dolomites,creation
28,8,5,30,down_rand,dolomites,creation
37,6,3,30,down_rand,dolomites,creation
8,7,0,30,down_rand,dolomites,creation
35,5,4,30,down_rand,dolomites,creation
27,5,5,30,down_rand,dolomites,creation
21,8,5,30,down_rand,dolomites,creation
6,15,6,30,down_rand,dolomites,creation
32,6,0,30,down_rand,dolomites,creation
16,5,5,30,down_rand,dolomites,creation
57,4,0,30,down_rand,dolomites,creation
42,25,4,30,down_rand,dolomites,creation
15,5,2,30,down_rand,dolomites,creation
17,5,5,30,down_rand,dolomites,creation
20,6,3,30,down_rand,dolomites,creation
29,4,5,30,down_rand,dolomites,creation
7,12,5,30,down_rand,dolomites,creation
2,15,1,30,down_rand,dolomites,creation
23,5,1,30,down_rand,dolomites,creation
18,7,4,30,down_rand,dolomites,creation
9,8,1,30,down_rand,dolomites,creation
55,5,0,30,down_rand,dolomites,creation
53,5,0,30,down_rand,dolomites,creation
10,5,5,30,down_rand,dolomites,creation
22,8,2,30,down_rand,dolomites,creation
26,5,7,30,down_rand,dolomites,creation
3,11,2,30,down_rand,dolomites,creation
30,7,1,30,down_rand,dolomites,creation
52,7,1,30,down_rand,dolomites,creation
48,0,28,30,down_rand,dolomites,creation
54,7,0,30,down_rand,dolomites,creation
51,0,30,30,down_rand,dolomites,creation
41,21,5,30,down_rand,dolomites,creation
25,7,4,30,down_rand,dolomites,creation
33,7,4,30,down_rand,dolomites,creation
58,3,1,30,down_rand,dolomites,creation
39,7,6,30,down_rand,dolomites,creation
47,0,35,30,down_rand,dolomites,creation
14,6,0,30,down_rand,dolomites,creation
44,0,34,30,down_rand,dolomites,creation
1,7,5,30,down_rand,dolomites,creation
19,4,2,30,down_rand,dolomites,creation
46,0,31,30,down_rand,dolomites,creation
50,0,29,30,down_rand,dolomites,creation
59,6,0,30,down_rand,dolomites,creation
4,21,3,30,down_rand,dolomites,creation
11,5,6,30,down_rand,dolomites,creation
36,4,1,30,down_rand,dolomites,creation
56,4,1,30,down_link,dolomites,creation
34,3,5,30,down_link,dolomites,creation
43,17,5,30,down_link,dolomites,creation
40,8,2,30,down_link,dolomites,creation
12,6,3,30,down_link,dolomites,creation
13,7,2,30,down_link,dolomites,creation
24,5,2,30,down_link,dolomites,creation
49,0,29,30,down_link,dolomites,creation
5,24,4,30,down_link,dolomites,creation
31,5,6,30,down_link,dolomites,creation
38,6,6,30,down_link,dolomites,creation
45,0,23,30,down_link,dolomites,creation
28,4,4,30,down_link,dolomites,creation
37,5,5,30,down_link,dolomites,creation
8,4,1,30,down_link,dolomites,creation
35,7,5,30,down_link,dolomites,creation
27,4,6,30,down_link,dolomites,creation
21,6,5,30,down_link,dolomites,creation
6,20,5,30,down_link,dolomites,creation
32,4,0,30,down_link,dolomites,creation
16,5,5,30,down_link,dolomites,creation
57,7,1,30,down_link,dolomites,creation
42,21,5,30,down_link,dolomites,creation
15,5,4,30,down_link,dolomites,creation
17,5,3,30,down_link,dolomites,creation
20,6,6,30,down_link,dolomites,creation
29,6,7,30,down_link,dolomites,creation
7,19,4,30,down_link,dolomites,creation
2,15,1,30,down_link,dolomites,creation
23,5,2,30,down_link,dolomites,creation
18,3,5,30,down_link,dolomites,creation
9,7,1,30,down_link,dolomites,creation
55,5,1,30,down_link,dolomites,creation
53,4,1,30,down_link,dolomites,creation
10,4,7,30,down_link,dolomites,creation
22,5,2,30,down_link,dolomites,creation
26,5,6,30,down_link,dolomites,creation
3,16,2,30,down_link,dolomites,creation
30,6,2,30,down_link,dolomites,creation
52,7,1,30,down_link,dolomites,creation
48,0,28,30,down_link,dolomites,creation
54,5,1,30,down_link,dolomites,creation
51,0,25,30,down_link,dolomites,creation
41,19,6,30,down_link,dolomites,creation
25,6,7,30,down_link,dolomites,creation
33,6,3,30,down_link,dolomites,creation
58,5,1,30,down_link,dolomites,creation
39,8,6,30,down_link,dolomites,creation
47,0,25,30,down_link,dolomites,creation
14,4,0,30,down_link,dolomites,creation
44,0,31,30,down_link,dolomites,creation
1,8,7,30,down_link,dolomites,creation
19,3,5,30,down_link,dolomites,creation
46,0,24,30,down_link,dolomites,creation
50,0,33,30,down_link,dolomites,creation
59,5,1,30,down_link,dolomites,creation
4,24,3,30,down_link,dolomites,creation
11,5,7,30,down_link,dolomites,creation
36,7,2,30,down_link,dolomites,creation
56,7,1,30,down_niche,dolomites,creation
34,5,5,30,down_niche,dolomites,creation
43,13,0,30,down_niche,dolomites,creation
40,7,1,30,down_niche,dolomites,creation
12,5,5,30,down_niche,dolomites,creation
13,7,2,30,down_niche,dolomites,creation
24,7,2,30,down_niche,dolomites,creation
49,0,8,30,down_niche,dolomites,creation
5,15,2,30,down_niche,dolomites,creation
31,7,7,30,down_niche,dolomites,creation
38,7,6,30,down_niche,dolomites,creation
45,0,37,30,down_niche,dolomites,creation
28,5,4,30,down_niche,dolomites,creation
37,7,4,30,down_niche,dolomites,creation
8,7,0,30,down_niche,dolomites,creation
35,7,5,30,down_niche,dolomites,creation
27,7,6,30,down_niche,dolomites,creation
21,8,6,30,down_niche,dolomites,creation
6,14,0,30,down_niche,dolomites,creation
32,7,0,30,down_niche,dolomites,creation
16,5,5,30,down_niche,dolomites,creation
57,6,1,30,down_niche,dolomites,creation
42,19,3,30,down_niche,dolomites,creation
15,5,2,30,down_niche,dolomites,creation
17,7,3,30,down_niche,dolomites,creation
20,7,3,30,down_niche,dolomites,creation
29,7,6,30,down_niche,dolomites,creation
7,15,1,30,down_niche,dolomites,creation
2,4,0,30,down_niche,dolomites,creation
23,7,1,30,down_niche,dolomites,creation
18,5,6,30,down_niche,dolomites,creation
9,7,0,30,down_niche,dolomites,creation
55,7,1,30,down_niche,dolomites,creation
53,6,1,30,down_niche,dolomites,creation
10,6,5,30,down_niche,dolomites,creation
22,7,1,30,down_niche,dolomites,creation
26,7,4,30,down_niche,dolomites,creation
3,10,0,30,down_niche,dolomites,creation
30,6,2,30,down_niche,dolomites,creation
52,8,1,30,down_niche,dolomites,creation
48,0,37,30,down_niche,dolomites,creation
54,7,1,30,down_niche,dolomites,creation
51,0,38,30,down_niche,dolomites,creation
41,16,2,30,down_niche,dolomites,creation
25,7,4,30,down_niche,dolomites,creation
33,7,4,30,down_niche,dolomites,creation
58,7,0,30,down_niche,dolomites,creation
39,8,6,30,down_niche,dolomites,creation
47,0,37,30,down_niche,dolomites,creation
14,7,0,30,down_niche,dolomites,creation
44,0,35,30,down_niche,dolomites,creation
1,6,2,30,down_niche,dolomites,creation
19,6,3,30,down_niche,dolomites,creation
46,0,38,30,down_niche,dolomites,creation
50,0,37,30,down_niche,dolomites,creation
59,8,1,30,down_niche,dolomites,creation
4,17,1,30,down_niche,dolomites,creation
11,6,6,30,down_niche,dolomites,creation
36,5,1,30,down_niche,dolomites,creation
56,7,1,30,down_niche_bodysize,dolomites,creation
34,5,5,30,down_niche_bodysize,dolomites,creation
43,13,0,30,down_niche_bodysize,dolomites,creation
40,7,1,30,down_niche_bodysize,dolomites,creation
12,5,5,30,down_niche_bodysize,dolomites,creation
13,7,2,30,down_niche_bodysize,dolomites,creation
24,7,2,30,down_niche_bodysize,dolomites,creation
49,0,8,30,down_niche_bodysize,dolomites,creation
5,15,2,30,down_niche_bodysize,dolomites,creation
31,7,7,30,down_niche_bodysize,dolomites,creation
38,7,6,30,down_niche_bodysize,dolomites,creation
45,0,37,30,down_niche_bodysize,dolomites,creation
28,5,4,30,down_niche_bodysize,dolomites,creation
37,7,4,30,down_niche_bodysize,dolomites,creation
8,7,0,30,down_niche_bodysize,dolomites,creation
35,7,5,30,down_niche_bodysize,dolomites,creation
27,7,6,30,down_niche_bodysize,dolomites,creation
21,8,6,30,down_niche_bodysize,dolomites,creation
6,14,0,30,down_niche_bodysize,dolomites,creation
32,7,0,30,down_niche_bodysize,dolomites,creation
16,5,5,30,down_niche_bodysize,dolomites,creation
57,6,1,30,down_niche_bodysize,dolomites,creation
42,19,3,30,down_niche_bodysize,dolomites,creation
15,5,2,30,down_niche_bodysize,dolomites,creation
17,7,3,30,down_niche_bodysize,dolomites,creation
20,7,3,30,down_niche_bodysize,dolomites,creation
29,7,6,30,down_niche_bodysize,dolomites,creation
7,15,1,30,down_niche_bodysize,dolomites,creation
2,4,0,30,down_niche_bodysize,dolomites,creation
23,7,1,30,down_niche_bodysize,dolomites,creation
18,5,6,30,down_niche_bodysize,dolomites,creation
9,7,0,30,down_niche_bodysize,dolomites,creation
55,7,1,30,down_niche_bodysize,dolomites,creation
53,6,1,30,down_niche_bodysize,dolomites,creation
10,6,5,30,down_niche_bodysize,dolomites,creation
22,7,1,30,down_niche_bodysize,dolomites,creation
26,7,4,30,down_niche_bodysize,dolomites,creation
3,10,0,30,down_niche_bodysize,dolomites,creation
30,6,2,30,down_niche_bodysize,dolomites,creation
52,8,1,30,down_niche_bodysize,dolomites,creation
48,0,37,30,down_niche_bodysize,dolomites,creation
54,7,1,30,down_niche_bodysize,dolomites,creation
51,0,38,30,down_niche_bodysize,dolomites,creation
41,16,2,30,down_niche_bodysize,dolomites,creation
25,7,4,30,down_niche_bodysize,dolomites,creation
33,7,4,30,down_niche_bodysize,dolomites,creation
58,7,0,30,down_niche_bodysize,dolomites,creation
39,8,6,30,down_niche_bodysize,dolomites,creation
47,0,37,30,down_niche_bodysize,dolomites,creation
14,7,0,30,down_niche_bodysize,dolomites,creation
44,0,35,30,down_niche_bodysize,dolomites,creation
1,6,2,30,down_niche_bodysize,dolomites,creation
19,6,3,30,down_niche_bodysize,dolomites,creation
46,0,38,30,down_niche_bodysize,dolomites,creation
50,0,37,30,down_niche_bodysize,dolomites,creation
59,8,1,30,down_niche_bodysize,dolomites,creation
4,17,1,30,down_niche_bodysize,dolomites,creation
11,6,6,30,down_niche_bodysize,dolomites,creation
36,5,1,30,down_niche_bodysize,dolomites,creation
56,6,41,30,atn,dolomites,creation
34,7,1,30,atn,dolomites,creation
43,7,0,30,atn,dolomites,creation
40,7,0,30,atn,dolomites,creation
12,7,0,30,atn,dolomites,creation
13,6,12,30,atn,dolomites,creation
24,7,6,30,atn,dolomites,creation
49,0,34,30,atn,dolomites,creation
5,12,0,30,atn,dolomites,creation
31,7,0,30,atn,dolomites,creation
38,9,1,30,atn,dolomites,creation
45,0,8,30,atn,dolomites,creation
28,10,0,30,atn,dolomites,creation
37,10,0,30,atn,dolomites,creation
8,10,0,30,atn,dolomites,creation
35,7,2,30,atn,dolomites,creation
27,7,0,30,atn,dolomites,creation
21,7,0,30,atn,dolomites,creation
6,7,0,30,atn,dolomites,creation
32,11,0,30,atn,dolomites,creation
16,9,0,30,atn,dolomites,creation
57,8,34,30,atn,dolomites,creation
42,7,0,30,atn,dolomites,creation
15,7,0,30,atn,dolomites,creation
17,7,0,30,atn,dolomites,creation
20,7,1,30,atn,dolomites,creation
29,7,0,30,atn,dolomites,creation
7,7,2,30,atn,dolomites,creation
2,21,0,30,atn,dolomites,creation
23,7,5,30,atn,dolomites,creation
18,12,0,30,atn,dolomites,creation
9,7,1,30,atn,dolomites,creation
55,4,35,30,atn,dolomites,creation
53,0,8,30,atn,dolomites,creation
10,10,0,30,atn,dolomites,creation
22,6,11,30,atn,dolomites,creation
26,7,0,30,atn,dolomites,creation
3,16,0,30,atn,dolomites,creation
30,8,10,30,atn,dolomites,creation
52,0,5,30,atn,dolomites,creation
48,0,41,30,atn,dolomites,creation
54,2,15,30,atn,dolomites,creation
51,0,1,30,atn,dolomites,creation
41,7,0,30,atn,dolomites,creation
25,7,0,30,atn,dolomites,creation
33,8,0,30,atn,dolomites,creation
58,8,10,30,atn,dolomites,creation
39,7,2,30,atn,dolomites,creation
47,0,35,30,atn,dolomites,creation
14,7,0,30,atn,dolomites,creation
44,0,5,30,atn,dolomites,creation
1,12,0,30,atn,dolomites,creation
19,7,1,30,atn,dolomites,creation
46,0,15,30,atn,dolomites,creation
50,0,10,30,atn,dolomites,creation
59,9,1,30,atn,dolomites,creation
4,7,0,30,atn,dolomites,creation
11,7,2,30,atn,dolomites,creation
36,6,40,30,atn,dolomites,creation
34,0,26,30,down_power,dolomites,burnin
43,2,0,30,down_power,dolomites,burnin
40,0,27,30,down_power,dolomites,burnin
12,4,0,30,down_power,dolomites,burnin
13,7,0,30,down_power,dolomites,burnin
24,5,0,30,down_power,dolomites,burnin
5,3,0,30,down_power,dolomites,burnin
31,7,0,30,down_power,dolomites,burnin
38,0,25,30,down_power,dolomites,burnin
45,4,0,30,down_power,dolomites,burnin
28,6,0,30,down_power,dolomites,burnin
37,0,26,30,down_power,dolomites,burnin
8,5,0,30,down_power,dolomites,burnin
35,0,28,30,down_power,dolomites,burnin
27,5,0,30,down_power,dolomites,burnin
21,4,0,30,down_power,dolomites,burnin
6,5,0,30,down_power,dolomites,burnin
32,5,0,30,down_power,dolomites,burnin
16,1,0,30,down_power,dolomites,burnin
42,3,0,30,down_power,dolomites,burnin
15,5,0,30,down_power,dolomites,burnin
17,6,0,30,down_power,dolomites,burnin
20,6,0,30,down_power,dolomites,burnin
29,5,0,30,down_power,dolomites,burnin
7,6,0,30,down_power,dolomites,burnin
2,4,0,30,down_power,dolomites,burnin
23,5,0,30,down_power,dolomites,burnin
18,7,0,30,down_power,dolomites,burnin
9,8,0,30,down_power,dolomites,burnin
10,3,0,30,down_power,dolomites,burnin
22,6,0,30,down_power,dolomites,burnin
26,5,0,30,down_power,dolomites,burnin
3,5,0,30,down_power,dolomites,burnin
30,7,0,30,down_power,dolomites,burnin
48,5,0,30,down_power,dolomites,burnin
41,7,0,30,down_power,dolomites,burnin
25,5,0,30,down_power,dolomites,burnin
33,0,21,30,down_power,dolomites,burnin
39,0,22,30,down_power,dolomites,burnin
47,5,0,30,down_power,dolomites,burnin
14,7,0,30,down_power,dolomites,burnin
44,4,0,30,down_power,dolomites,burnin
1,5,0,30,down_power,dolomites,burnin
19,6,0,30,down_power,dolomites,burnin
46,5,0,30,down_power,dolomites,burnin
4,3,0,30,down_power,dolomites,burnin
11,4,0,30,down_power,dolomites,burnin
36,0,25,30,down_power,dolomites,burnin
34,0,40,30,metaweb,dolomites,burnin
43,8,0,30,metaweb,dolomites,burnin
40,0,40,30,metaweb,dolomites,burnin
12,8,0,30,metaweb,dolomites,burnin
13,8,0,30,metaweb,dolomites,burnin
24,8,0,30,metaweb,dolomites,burnin
5,8,0,30,metaweb,dolomites,burnin
31,8,0,30,metaweb,dolomites,burnin
38,0,40,30,metaweb,dolomites,burnin
45,8,0,30,metaweb,dolomites,burnin
28,8,0,30,metaweb,dolomites,burnin
37,0,40,30,metaweb,dolomites,burnin
8,8,0,30,metaweb,dolomites,burnin
35,0,40,30,metaweb,dolomites,burnin
27,8,0,30,metaweb,dolomites,burnin
21,8,0,30,metaweb,dolomites,burnin
6,8,0,30,metaweb,dolomites,burnin
32,8,0,30,metaweb,dolomites,burnin
16,8,0,30,metaweb,dolomites,burnin
42,8,0,30,metaweb,dolomites,burnin
15,8,0,30,metaweb,dolomites,burnin
17,8,0,30,metaweb,dolomites,burnin
20,8,0,30,metaweb,dolomites,burnin
29,8,0,30,metaweb,dolomites,burnin
7,8,0,30,metaweb,dolomites,burnin
2,8,0,30,metaweb,dolomites,burnin
23,8,0,30,metaweb,dolomites,burnin
18,8,0,30,metaweb,dolomites,burnin
9,8,0,30,metaweb,dolomites,burnin
10,8,0,30,metaweb,dolomites,burnin
22,8,0,30,metaweb,dolomites,burnin
26,8,0,30,metaweb,dolomites,burnin
3,8,0,30,metaweb,dolomites,burnin
30,8,0,30,metaweb,dolomites,burnin
48,8,0,30,metaweb,dolomites,burnin
41,8,0,30,metaweb,dolomites,burnin
25,8,0,30,metaweb,dolomites,burnin
33,0,40,30,metaweb,dolomites,burnin
39,0,40,30,metaweb,dolomites,burnin
47,8,0,30,metaweb,dolomites,burnin
14,8,0,30,metaweb,dolomites,burnin
44,8,0,30,metaweb,dolomites,burnin
1,8,0,30,metaweb,dolomites,burnin
19,8,0,30,metaweb,dolomites,burnin
46,8,0,30,metaweb,dolomites,burnin
4,8,0,30,metaweb,dolomites,burnin
11,8,0,30,metaweb,dolomites,burnin
36,0,40,30,metaweb,dolomites,burnin
34,0,12,30,niche,dolomites,burnin
43,1,12,30,niche,dolomites,burnin
40,5,15,30,niche,dolomites,burnin
12,22,3,30,niche,dolomites,burnin
13,5,3,30,niche,dolomites,burnin
24,0,8,30,niche,dolomites,burnin
49,0,9,30,niche,dolomites,burnin
5,21,1,30,niche,dolomites,burnin
31,6,9,30,niche,dolomites,burnin
38,4,17,30,niche,dolomites,burnin
45,2,10,30,niche,dolomites,burnin
28,13,9,30,niche,dolomites,burnin
37,10,15,30,niche,dolomites,burnin
8,22,2,30,niche,dolomites,burnin
35,6,14,30,niche,dolomites,burnin
27,4,9,30,niche,dolomites,burnin
21,1,8,30,niche,dolomites,burnin
6,22,1,30,niche,dolomites,burnin
32,1,10,30,niche,dolomites,burnin
16,0,3,30,niche,dolomites,burnin
42,0,13,30,niche,dolomites,burnin
15,14,3,30,niche,dolomites,burnin
17,5,3,30,niche,dolomites,burnin
20,1,7,30,niche,dolomites,burnin
29,6,9,30,niche,dolomites,burnin
7,28,2,30,niche,dolomites,burnin
2,17,1,30,niche,dolomites,burnin
23,0,8,30,niche,dolomites,burnin
18,13,5,30,niche,dolomites,burnin
9,6,2,30,niche,dolomites,burnin
10,0,3,30,niche,dolomites,burnin
22,9,8,30,niche,dolomites,burnin
26,8,7,30,niche,dolomites,burnin
3,36,1,30,niche,dolomites,burnin
30,0,9,30,niche,dolomites,burnin
52,0,6,30,niche,dolomites,burnin
48,0,9,30,niche,dolomites,burnin
51,0,7,30,niche,dolomites,burnin
41,1,14,30,niche,dolomites,burnin
25,1,8,30,niche,dolomites,burnin
33,1,10,30,niche,dolomites,burnin
39,0,17,30,niche,dolomites,burnin
47,1,8,30,niche,dolomites,burnin
14,17,3,30,niche,dolomites,burnin
44,1,10,30,niche,dolomites,burnin
1,30,1,30,niche,dolomites,burnin
19,11,6,30,niche,dolomites,burnin
46,0,9,30,niche,dolomites,burnin
50,1,8,30,niche,dolomites,burnin
4,8,1,30,niche,dolomites,burnin
11,20,3,30,niche,dolomites,burnin
36,6,15,30,niche,dolomites,burnin
34,0,31,30,down_rand,dolomites,burnin
43,7,0,30,down_rand,dolomites,burnin
40,0,29,30,down_rand,dolomites,burnin
12,4,0,30,down_rand,dolomites,burnin
13,6,0,30,down_rand,dolomites,burnin
24,7,0,30,down_rand,dolomites,burnin
5,5,0,30,down_rand,dolomites,burnin
31,8,0,30,down_rand,dolomites,burnin
38,0,27,30,down_rand,dolomites,burnin
45,6,0,30,down_rand,dolomites,burnin
28,5,0,30,down_rand,dolomites,burnin
37,0,27,30,down_rand,dolomites,burnin
8,5,0,30,down_rand,dolomites,burnin
35,0,28,30,down_rand,dolomites,burnin
27,5,0,30,down_rand,dolomites,burnin
21,8,0,30,down_rand,dolomites,burnin
6,4,0,30,down_rand,dolomites,burnin
32,7,0,30,down_rand,dolomites,burnin
16,5,0,30,down_rand,dolomites,burnin
42,5,0,30,down_rand,dolomites,burnin
15,8,0,30,down_rand,dolomites,burnin
17,6,0,30,down_rand,dolomites,burnin
20,5,0,30,down_rand,dolomites,burnin
29,4,0,30,down_rand,dolomites,burnin
7,6,0,30,down_rand,dolomites,burnin
2,8,0,30,down_rand,dolomites,burnin
23,7,0,30,down_rand,dolomites,burnin
18,7,0,30,down_rand,dolomites,burnin
9,5,0,30,down_rand,dolomites,burnin
10,5,0,30,down_rand,dolomites,burnin
22,4,0,30,down_rand,dolomites,burnin
26,7,0,30,down_rand,dolomites,burnin
3,5,0,30,down_rand,dolomites,burnin
30,6,0,30,down_rand,dolomites,burnin
48,6,0,30,down_rand,dolomites,burnin
41,7,0,30,down_rand,dolomites,burnin
25,6,0,30,down_rand,dolomites,burnin
33,0,32,30,down_rand,dolomites,burnin
39,0,27,30,down_rand,dolomites,burnin
47,3,0,30,down_rand,dolomites,burnin
14,8,0,30,down_rand,dolomites,burnin
44,5,0,30,down_rand,dolomites,burnin
1,7,0,30,down_rand,dolomites,burnin
19,5,0,30,down_rand,dolomites,burnin
46,4,0,30,down_rand,dolomites,burnin
4,5,0,30,down_rand,dolomites,burnin
11,7,0,30,down_rand,dolomites,burnin
36,0,32,30,down_rand,dolomites,burnin
34,0,22,30,down_link,dolomites,burnin
43,5,0,30,down_link,dolomites,burnin
40,0,25,30,down_link,dolomites,burnin
12,3,0,30,down_link,dolomites,burnin
13,6,0,30,down_link,dolomites,burnin
24,5,0,30,down_link,dolomites,burnin
5,6,0,30,down_link,dolomites,burnin
31,6,0,30,down_link,dolomites,burnin
38,0,28,30,down_link,dolomites,burnin
45,4,0,30,down_link,dolomites,burnin
28,7,0,30,down_link,dolomites,burnin
37,0,25,30,down_link,dolomites,burnin
8,5,0,30,down_link,dolomites,burnin
35,0,24,30,down_link,dolomites,burnin
27,3,0,30,down_link,dolomites,burnin
21,4,0,30,down_link,dolomites,burnin
6,7,0,30,down_link,dolomites,burnin
32,8,0,30,down_link,dolomites,burnin
16,5,0,30,down_link,dolomites,burnin
42,4,0,30,down_link,dolomites,burnin
15,5,0,30,down_link,dolomites,burnin
17,5,0,30,down_link,dolomites,burnin
20,4,0,30,down_link,dolomites,burnin
29,7,0,30,down_link,dolomites,burnin
7,4,0,30,down_link,dolomites,burnin
2,7,0,30,down_link,dolomites,burnin
23,6,0,30,down_link,dolomites,burnin
18,6,0,30,down_link,dolomites,burnin
9,5,0,30,down_link,dolomites,burnin
10,5,0,30,down_link,dolomites,burnin
22,6,0,30,down_link,dolomites,burnin
26,6,0,30,down_link,dolomites,burnin
3,4,0,30,down_link,dolomites,burnin
30,5,0,30,down_link,dolomites,burnin
48,5,0,30,down_link,dolomites,burnin
41,7,0,30,down_link,dolomites,burnin
25,4,0,30,down_link,dolomites,burnin
33,0,29,30,down_link,dolomites,burnin
39,0,32,30,down_link,dolomites,burnin
47,5,0,30,down_link,dolomites,burnin
14,6,0,30,down_link,dolomites,burnin
44,5,0,30,down_link,dolomites,burnin
1,4,0,30,down_link,dolomites,burnin
19,5,0,30,down_link,dolomites,burnin
46,7,0,30,down_link,dolomites,burnin
4,5,0,30,down_link,dolomites,burnin
11,3,0,30,down_link,dolomites,burnin
36,0,24,30,down_link,dolomites,burnin
34,0,35,30,down_niche,dolomites,burnin
43,6,0,30,down_niche,dolomites,burnin
40,0,37,30,down_niche,dolomites,burnin
12,6,1,30,down_niche,dolomites,burnin
13,7,0,30,down_niche,dolomites,burnin
24,7,0,30,down_niche,dolomites,burnin
49,8,0,30,down_niche,dolomites,burnin
5,5,0,30,down_niche,dolomites,burnin
31,7,1,30,down_niche,dolomites,burnin
38,0,37,30,down_niche,dolomites,burnin
45,7,0,30,down_niche,dolomites,burnin
28,7,1,30,down_niche,dolomites,burnin
37,0,36,30,down_niche,dolomites,burnin
8,5,0,30,down_niche,dolomites,burnin
35,0,36,30,down_niche,dolomites,burnin
27,5,1,30,down_niche,dolomites,burnin
21,5,0,30,down_niche,dolomites,burnin
6,7,1,30,down_niche,dolomites,burnin
32,8,1,30,down_niche,dolomites,burnin
16,7,0,30,down_niche,dolomites,burnin
42,8,0,30,down_niche,dolomites,burnin
15,7,0,30,down_niche,dolomites,burnin
17,7,1,30,down_niche,dolomites,burnin
20,7,1,30,down_niche,dolomites,burnin
29,5,0,30,down_niche,dolomites,burnin
7,7,0,30,down_niche,dolomites,burnin
2,7,0,30,down_niche,dolomites,burnin
23,6,1,30,down_niche,dolomites,burnin
18,7,0,30,down_niche,dolomites,burnin
9,5,0,30,down_niche,dolomites,burnin
10,7,0,30,down_niche,dolomites,burnin
22,7,1,30,down_niche,dolomites,burnin
26,7,0,30,down_niche,dolomites,burnin
3,6,0,30,down_niche,dolomites,burnin
30,7,0,30,down_niche,dolomites,burnin
48,7,0,30,down_niche,dolomites,burnin
41,0,37,30,down_niche,dolomites,burnin
25,7,0,30,down_niche,dolomites,burnin
33,13,0,30,down_niche,dolomites,burnin
39,0,8,30,down_niche,dolomites,burnin
47,6,0,30,down_niche,dolomites,burnin
14,8,1,30,down_niche,dolomites,burnin
44,7,0,30,down_niche,dolomites,burnin
1,7,0,30,down_niche,dolomites,burnin
19,7,1,30,down_niche,dolomites,burnin
46,7,0,30,down_niche,dolomites,burnin
4,6,1,30,down_niche,dolomites,burnin
11,5,0,30,down_niche,dolomites,burnin
36,0,38,30,down_niche,dolomites,burnin
34,0,35,30,down_niche_bodysize,dolomites,burnin
43,6,0,30,down_niche_bodysize,dolomites,burnin
40,0,37,30,down_niche_bodysize,dolomites,burnin
12,6,1,30,down_niche_bodysize,dolomites,burnin
13,7,0,30,down_niche_bodysize,dolomites,burnin
24,7,0,30,down_niche_bodysize,dolomites,burnin
49,8,0,30,down_niche_bodysize,dolomites,burnin
5,5,0,30,down_niche_bodysize,dolomites,burnin
31,7,1,30,down_niche_bodysize,dolomites,burnin
38,0,37,30,down_niche_bodysize,dolomites,burnin
45,7,0,30,down_niche_bodysize,dolomites,burnin
28,7,1,30,down_niche_bodysize,dolomites,burnin
37,0,36,30,down_niche_bodysize,dolomites,burnin
8,5,0,30,down_niche_bodysize,dolomites,burnin
35,0,36,30,down_niche_bodysize,dolomites,burnin
27,5,1,30,down_niche_bodysize,dolomites,burnin
21,5,0,30,down_niche_bodysize,dolomites,burnin
6,7,1,30,down_niche_bodysize,dolomites,burnin
32,8,1,30,down_niche_bodysize,dolomites,burnin
16,7,0,30,down_niche_bodysize,dolomites,burnin
42,8,0,30,down_niche_bodysize,dolomites,burnin
15,7,0,30,down_niche_bodysize,dolomites,burnin
17,7,1,30,down_niche_bodysize,dolomites,burnin
20,7,1,30,down_niche_bodysize,dolomites,burnin
29,5,0,30,down_niche_bodysize,dolomites,burnin
7,7,0,30,down_niche_bodysize,dolomites,burnin
2,7,0,30,down_niche_bodysize,dolomites,burnin
23,6,1,30,down_niche_bodysize,dolomites,burnin
18,7,0,30,down_niche_bodysize,dolomites,burnin
9,5,0,30,down_niche_bodysize,dolomites,burnin
10,7,0,30,down_niche_bodysize,dolomites,burnin
22,7,1,30,down_niche_bodysize,dolomites,burnin
26,7,0,30,down_niche_bodysize,dolomites,burnin
3,6,0,30,down_niche_bodysize,dolomites,burnin
30,7,0,30,down_niche_bodysize,dolomites,burnin
48,7,0,30,down_niche_bodysize,dolomites,burnin
41,0,37,30,down_niche_bodysize,dolomites,burnin
25,7,0,30,down_niche_bodysize,dolomites,burnin
33,13,0,30,down_niche_bodysize,dolomites,burnin
39,0,8,30,down_niche_bodysize,dolomites,burnin
47,6,0,30,down_niche_bodysize,dolomites,burnin
14,8,1,30,down_niche_bodysize,dolomites,burnin
44,7,0,30,down_niche_bodysize,dolomites,burnin
1,7,0,30,down_niche_bodysize,dolomites,burnin
19,7,1,30,down_niche_bodysize,dolomites,burnin
46,7,0,30,down_niche_bodysize,dolomites,burnin
4,6,1,30,down_niche_bodysize,dolomites,burnin
11,5,0,30,down_niche_bodysize,dolomites,burnin
36,0,38,30,down_niche_bodysize,dolomites,burnin
56,6,41,30,atn,dolomites,burnin
34,7,1,30,atn,dolomites,burnin
43,7,0,30,atn,dolomites,burnin
40,7,0,30,atn,dolomites,burnin
12,7,0,30,atn,dolomites,burnin
13,6,12,30,atn,dolomites,burnin
24,7,6,30,atn,dolomites,burnin
49,0,34,30,atn,dolomites,burnin
5,12,0,30,atn,dolomites,burnin
31,7,0,30,atn,dolomites,burnin
38,9,1,30,atn,dolomites,burnin
45,0,8,30,atn,dolomites,burnin
28,10,0,30,atn,dolomites,burnin
37,10,0,30,atn,dolomites,burnin
8,10,0,30,atn,dolomites,burnin
35,7,2,30,atn,dolomites,burnin
27,7,0,30,atn,dolomites,burnin
21,7,0,30,atn,dolomites,burnin
6,7,0,30,atn,dolomites,burnin
32,11,0,30,atn,dolomites,burnin
16,9,0,30,atn,dolomites,burnin
57,8,34,30,atn,dolomites,burnin
42,7,0,30,atn,dolomites,burnin
15,7,0,30,atn,dolomites,burnin
17,7,0,30,atn,dolomites,burnin
20,7,1,30,atn,dolomites,burnin
29,7,0,30,atn,dolomites,burnin
7,7,2,30,atn,dolomites,burnin
2,21,0,30,atn,dolomites,burnin
23,7,5,30,atn,dolomites,burnin
18,12,0,30,atn,dolomites,burnin
9,7,1,30,atn,dolomites,burnin
55,4,35,30,atn,dolomites,burnin
53,0,8,30,atn,dolomites,burnin
10,10,0,30,atn,dolomites,burnin
22,6,11,30,atn,dolomites,burnin
26,7,0,30,atn,dolomites,burnin
3,16,0,30,atn,dolomites,burnin
30,8,10,30,atn,dolomites,burnin
52,0,5,30,atn,dolomites,burnin
48,0,41,30,atn,dolomites,burnin
54,2,15,30,atn,dolomites,burnin
51,0,1,30,atn,dolomites,burnin
41,7,0,30,atn,dolomites,burnin
25,7,0,30,atn,dolomites,burnin
33,8,0,30,atn,dolomites,burnin
58,8,10,30,atn,dolomites,burnin
39,7,2,30,atn,dolomites,burnin
47,0,35,30,atn,dolomites,burnin
14,7,0,30,atn,dolomites,burnin
44,0,5,30,atn,dolomites,burnin
1,12,0,30,atn,dolomites,burnin
19,7,1,30,atn,dolomites,burnin
46,0,15,30,atn,dolomites,burnin
50,0,10,30,atn,dolomites,burnin
59,9,1,30,atn,dolomites,burnin
4,7,0,30,atn,dolomites,burnin
11,7,2,30,atn,dolomites,burnin
36,6,40,30,atn,dolomites,burnin
