topo_realised_rand_basal,S_creation,net_id,topo_creation_bm_low,topo_realised_rand_consumer,dyn_realised_rand_consumer,topo_creation_rand_basal,net_type,dyn_realised_degree_high,C_creation,C_realised,topo_creation_degree_high,extinction_time,S_realised,dyn_realised_bm_low,topo_realised_bm_low,topo_creation_rand_consumer,dyn_realised_rand_basal,topo_realised_degree_high,community
0.2675,29,22,0.3620689655172414,0.45999999999999996,0.2931034482758621,0.20344827586206896,niche,0.3275862068965517,0.13317479191438764,0.1424,0.3275862068965517,5000,25,0.25,0.47,0.4655172413793104,0.1695402298850575,0.38,kashmir
0.1882716049382716,41,23,0.2951219512195122,0.5,0.3048780487804878,0.16920731707317074,down_link,0.3231707317073171,0.09220701963117192,0.08487654320987655,0.45121951219512196,5000,36,0.3231707317073171,0.5,0.5,0.1951219512195122,0.5,turkiye
0.14200680272108843,59,18,0.2754237288135593,0.5,0.3305084745762712,0.11652542372881357,down_power,0.3305084745762712,0.10025854639471417,0.06955435235318617,0.5,5000,49,0.3305084745762712,0.5,0.48305084745762716,0.13559322033898305,0.5,dolomites
0.21428571428571427,36,24,0.3611111111111111,0.4365079365079365,0.08333333333333333,0.19444444444444445,niche,0.1111111111111111,0.1087962962962963,0.14285714285714285,0.3055555555555556,5000,21,0.05555555555555555,0.5,0.4166666666666667,0.027777777777777776,0.3571428571428571,tibet
0.29222222222222227,29,30,0.5,0.5,0.3620689655172414,0.2543103448275862,metaweb,0.3620689655172414,0.19500594530321047,0.2176,0.43103448275862066,5000,25,0.3620689655172414,0.5,0.5,0.27586206896551724,0.5,kashmir
0.1857142857142857,29,8,0.39655172413793105,0.5,0.03333333333333333,0.10344827586206896,niche,0.029411764705882353,0.13555291319857313,0.14795918367346939,0.33045977011494254,5000,14,0.03125,0.25,0.4655172413793104,0.02777777777777778,0.30952380952380953,kashmir
0.268,29,20,0.4655172413793104,0.5,0.2672413793103448,0.24808429118773948,down_rand,0.3620689655172414,0.12128418549346016,0.1328,0.43103448275862066,5000,25,0.3620689655172414,0.49,0.45689655172413796,0.27586206896551724,0.47,kashmir
0.21982758620689655,29,7,0.3879310344827586,0.5,0.3275862068965517,0.21921182266009853,down_link,0.2931034482758621,0.089179548156956,0.089179548156956,0.4655172413793104,5000,29,0.39655172413793105,0.2310344827586207,0.4655172413793104,0.27586206896551724,0.4655172413793104,kashmir
0.15384615384615385,59,12,0.3813559322033898,0.5,0.3305084745762712,0.1253738783649053,down_rand,0.3135593220338983,0.13243320884803217,0.1115451388888889,0.5,5000,48,0.3135593220338983,0.5,0.5,0.13559322033898305,0.5,dolomites
0.24492753623188407,36,7,0.5,0.5,0.3333333333333333,0.20619658119658119,metaweb,0.3333333333333333,0.19367283950617284,0.19555555555555557,0.4166666666666667,5000,30,0.3333333333333333,0.5,0.5,0.2222222222222222,0.5,tibet
0.14666666666666667,59,9,0.2669491525423729,0.5,0.3305084745762712,0.11904761904761905,down_power,0.3135593220338983,0.10456765297328353,0.07291666666666667,0.5,5000,48,0.3305084745762712,0.5,0.5,0.13559322033898305,0.5,dolomites
0.3055555555555556,36,14,0.3194444444444444,0.3888888888888889,0.02631578947368421,0.1986111111111111,down_rand,0.027777777777777776,0.06558641975308642,0.10185185185185185,0.37962962962962965,5000,18,0.02631578947368421,0.4444444444444444,0.4722222222222222,0.02631578947368421,0.3055555555555556,tibet
0.2032967032967033,41,9,0.31097560975609756,0.5,0.3048780487804878,0.1975609756097561,down_power,0.2804878048780488,0.10469958358120167,0.10059171597633136,0.4268292682926829,5000,39,0.23170731707317072,0.3205128205128205,0.47560975609756095,0.21951219512195122,0.41666666666666663,turkiye
0.175990675990676,52,12,0.3076923076923077,0.5,0.23076923076923078,0.14046822742474915,down_power,0.11538461538461539,0.13239644970414202,0.1071663379355687,0.46153846153846156,5000,39,0.23076923076923078,0.47435897435897434,0.5,0.15384615384615385,0.47435897435897434,meishan
0.1818181818181818,52,27,0.38461538461538464,0.5,0.21153846153846154,0.14102564102564102,down_link,0.21153846153846154,0.1257396449704142,0.11634349030470914,0.5,5000,38,0.21153846153846154,0.4824561403508772,0.5,0.15384615384615385,0.5,meishan
0.19121621621621623,52,15,0.40384615384615385,0.5,0.23076923076923078,0.14214046822742474,down_link,0.21153846153846154,0.11871301775147929,0.1110299488677867,0.5,5000,37,0.23076923076923078,0.44594594594594594,0.5,0.15384615384615385,0.5,meishan
0.14942528735632185,59,29,0.3305084745762712,0.5,0.3135593220338983,0.12457627118644068,down_power,0.3135593220338983,0.13358230393565068,0.10460069444444445,0.48305084745762716,5000,48,0.3135593220338983,0.5,0.5,0.13559322033898305,0.5,dolomites
0.2857142857142857,36,8,0.28240740740740744,0.4206349206349206,0.08333333333333333,0.16666666666666666,niche,0.08333333333333333,0.1404320987654321,0.1836734693877551,0.3333333333333333,5000,21,0.1111111111111111,0.46428571428571425,0.4861111111111111,0.05555555555555555,0.4365079365079365,tibet
0.33082706766917297,36,30,0.2037037037037037,0.5,0.2222222222222222,0.25854700854700857,atn,0.2222222222222222,0.13348765432098766,0.15051020408163265,0.3055555555555556,5000,28,0.20833333333333331,0.5,0.4722222222222222,0.2222222222222222,0.35714285714285715,tibet
0.19698544698544698,52,25,0.34615384615384615,0.5,0.21153846153846154,0.14456233421750664,down_link,0.21153846153846154,0.14497041420118342,0.13951789627465302,0.5,5000,37,0.23076923076923078,0.472972972972973,0.5,0.15384615384615385,0.5,meishan
0.2777777777777778,36,28,0.3472222222222222,0.19444444444444442,0.02631578947368421,0.16666666666666666,niche,0.027777777777777776,0.09567901234567901,0.046296296296296294,0.3333333333333333,5000,18,0.02631578947368421,0.3611111111111111,0.4166666666666667,0.02631578947368421,0.16666666666666666,tibet
0.2093425605536332,36,8,0.41111111111111115,0.5,0.3333333333333333,0.20238095238095238,down_power,0.3888888888888889,0.14814814814814814,0.14878892733564014,0.4166666666666667,5000,34,0.3611111111111111,0.38235294117647056,0.5,0.2222222222222222,0.4411764705882353,tibet
0.2857142857142857,29,12,0.4870689655172414,0.4642857142857143,0.39655172413793105,0.2770935960591133,down_power,0.39655172413793105,0.13198573127229488,0.13520408163265307,0.45689655172413796,5000,28,0.2931034482758621,0.35714285714285715,0.4655172413793104,0.3103448275862069,0.4642857142857143,kashmir
0.24875,29,18,0.3706896551724138,0.5,0.39655172413793105,0.21196754563894524,down_niche,0.1896551724137931,0.09988109393579073,0.1232,0.3620689655172414,5000,25,0.3275862068965517,0.5,0.43103448275862066,0.27586206896551724,0.5,kashmir
0.19954954954954957,52,9,0.4271255060728745,0.5,0.23076923076923078,0.1456876456876457,metaweb,0.23076923076923078,0.17492603550295857,0.16946676406135866,0.4423076923076923,5000,37,0.21153846153846154,0.5,0.5,0.15384615384615385,0.5,meishan
0.14864864864864866,52,13,0.23076923076923078,0.5,0.19230769230769232,0.12606837606837606,down_rand,0.15865384615384615,0.0639792899408284,0.056245434623813005,0.46153846153846156,5000,37,0.23076923076923078,0.4256756756756757,0.4807692307692308,0.15384615384615385,0.45270270270270274,meishan
0.26068376068376065,29,27,0.46120689655172414,0.5,0.2931034482758621,0.2427055702917772,down_rand,0.3017241379310345,0.12604042806183116,0.13305898491083676,0.43103448275862066,5000,27,0.3620689655172414,0.38888888888888884,0.5,0.27586206896551724,0.45370370370370366,kashmir
0.2685185185185185,29,9,0.35344827586206895,0.42592592592592593,0.39655172413793105,0.2995689655172414,niche,0.25862068965517243,0.11414982164090369,0.11385459533607682,0.3505747126436782,5000,27,0.2931034482758621,0.42592592592592593,0.4655172413793104,0.25862068965517243,0.32870370370370366,kashmir
0.16568047337278108,52,19,0.14148351648351648,0.46153846153846156,0.21153846153846154,0.16222879684418146,atn,0.25,0.14238165680473372,0.14238165680473372,0.40384615384615385,5000,52,0.25,0.1804029304029304,0.46153846153846156,0.1185897435897436,0.40384615384615385,meishan
0.29058823529411765,29,22,0.4655172413793104,0.5,0.22413793103448276,0.25191570881226055,down_niche,0.3620689655172414,0.14744351961950058,0.1728,0.43103448275862066,5000,25,0.3620689655172414,0.5,0.5,0.27586206896551724,0.45999999999999996,greenland
0.2206851119894598,41,6,0.38821138211382117,0.5,0.3048780487804878,0.18038617886178862,down_niche,0.3048780487804878,0.14158239143367043,0.14049586776859505,0.47560975609756095,5000,33,0.3048780487804878,0.5,0.5,0.1951219512195122,0.4696969696969697,turkiye
0.18671679197994986,52,19,0.36538461538461536,0.5,0.21153846153846154,0.14262820512820512,down_power,0.21153846153846154,0.13794378698224852,0.11980609418282548,0.4807692307692308,5000,38,0.21153846153846154,0.5,0.5,0.15384615384615385,0.47368421052631576,meishan
0.14666666666666667,59,24,0.25302663438256656,0.5,0.3135593220338983,0.12361192285213325,down_rand,0.3135593220338983,0.10887675955185291,0.08506944444444445,0.48305084745762716,5000,48,0.3135593220338983,0.46875,0.5,0.13559322033898305,0.5,dolomites
0.2125,36,1,0.36507936507936506,0.5,0.3055555555555556,0.19618055555555555,down_link,0.3333333333333333,0.10030864197530864,0.0927734375,0.4166666666666667,5000,32,0.25,0.4375,0.5,0.2222222222222222,0.5,tibet
0.21770334928229665,36,6,0.4444444444444444,0.5,0.3611111111111111,0.19973544973544974,down_rand,0.3194444444444444,0.1412037037037037,0.14784205693296604,0.4444444444444444,5000,33,0.25,0.4696969696969697,0.5,0.2222222222222222,0.5,tibet
0.3097826086956522,41,9,0.4024390243902439,0.41304347826086957,0.06097560975609756,0.17707317073170734,down_niche,0.07926829268292683,0.10469958358120167,0.12098298676748583,0.44308943089430897,5000,23,0.042682926829268296,0.5,0.5,0.042682926829268296,0.358695652173913,turkiye
0.22999999999999998,29,13,0.27011494252873564,0.45999999999999996,0.2931034482758621,0.17980295566502463,down_rand,0.2931034482758621,0.05826397146254459,0.0704,0.3879310344827586,5000,25,0.15517241379310345,0.45999999999999996,0.43103448275862066,0.3103448275862069,0.45,kashmir
0.29222222222222227,29,3,0.5,0.5,0.3620689655172414,0.2543103448275862,metaweb,0.3620689655172414,0.19262782401902498,0.2176,0.43103448275862066,5000,25,0.3620689655172414,0.5,0.5,0.27586206896551724,0.5,greenland
0.3,29,5,0.2456896551724138,0.4642857142857143,0.39655172413793105,0.27241379310344827,atn,0.2931034482758621,0.11771700356718193,0.12627551020408162,0.2931034482758621,5000,28,0.339080459770115,0.3277310924369748,0.39655172413793105,0.2931034482758621,0.30952380952380953,kashmir
0.35336538461538464,29,30,0.22844827586206898,0.41025641025641024,0.3275862068965517,0.3170498084291188,atn,0.25862068965517243,0.13793103448275862,0.15236686390532544,0.3160919540229885,5000,26,0.2931034482758621,0.5,0.43103448275862066,0.28448275862068967,0.34615384615384615,greenland
0.2584033613445378,29,12,0.43103448275862066,0.4642857142857143,0.25862068965517243,0.24892241379310345,down_rand,0.39655172413793105,0.13198573127229488,0.13903061224489796,0.4655172413793104,5000,28,0.25862068965517243,0.32142857142857145,0.5,0.27586206896551724,0.4642857142857143,kashmir
0.2863247863247863,36,13,0.21296296296296297,0.4423076923076923,0.20833333333333331,0.2569444444444444,atn,0.1111111111111111,0.12885802469135801,0.14644970414201183,0.3055555555555556,5000,26,0.16666666666666666,0.44871794871794873,0.4166666666666667,0.2222222222222222,0.34615384615384615,tibet
0.22556390977443608,29,16,0.43103448275862066,0.4642857142857143,0.39655172413793105,0.21687840290381125,down_niche,0.3620689655172414,0.1248513674197384,0.13392857142857142,0.3706896551724138,5000,28,0.2931034482758621,0.22556390977443608,0.45689655172413796,0.27586206896551724,0.39285714285714285,greenland
0.4090909090909091,29,24,0.229064039408867,0.4090909090909091,0.2931034482758621,0.3135775862068966,atn,0.1354679802955665,0.12604042806183116,0.13429752066115702,0.3275862068965517,5000,22,0.22413793103448276,0.4318181818181818,0.3850574712643678,0.25862068965517243,0.3181818181818182,greenland
0.2471264367816092,29,8,0.4655172413793104,0.5,0.5,0.24507389162561577,down_link,0.43103448275862066,0.14744351961950058,0.14744351961950058,0.43103448275862066,5000,29,0.4913793103448276,0.2471264367816092,0.5,0.27586206896551724,0.43103448275862066,kashmir
0.18571428571428572,41,16,0.32229965156794427,0.5,0.31097560975609756,0.16829268292682928,down_power,0.29878048780487804,0.1255205234979179,0.09306122448979592,0.47560975609756095,5000,35,0.31097560975609756,0.4714285714285714,0.5,0.1951219512195122,0.4714285714285714,turkiye
0.25,52,2,0.3888888888888889,0.34375,0.014285714285714287,0.1346153846153846,niche,0.014285714285714287,0.14829881656804733,0.09375,0.40865384615384615,5000,16,0.014285714285714287,0.46875,0.46153846153846156,0.013513513513513514,0.3125,meishan
0.2231934731934732,41,5,0.44283536585365857,0.5,0.3048780487804878,0.18292682926829268,metaweb,0.32926829268292684,0.20226055919095776,0.18365472910927455,0.47560975609756095,5000,33,0.3048780487804878,0.5,0.5,0.1951219512195122,0.5,turkiye
0.17676767676767677,52,6,0.4271255060728745,0.5,0.23076923076923078,0.1456876456876457,metaweb,0.23076923076923078,0.17492603550295857,0.16326530612244897,0.4423076923076923,5000,42,0.23076923076923078,0.5,0.5,0.15384615384615385,0.42857142857142855,meishan
0.18125,41,14,0.28397212543554007,0.46875,0.3048780487804878,0.14512195121951219,down_niche,0.2804878048780488,0.06543723973825104,0.08203125,0.3780487804878049,5000,32,0.32926829268292684,0.5,0.47560975609756095,0.1951219512195122,0.484375,turkiye
0.2427055702917772,29,15,0.4517241379310345,0.5,0.4655172413793104,0.23891625615763548,down_link,0.39655172413793105,0.11890606420927467,0.11890606420927467,0.45689655172413796,5000,29,0.43103448275862066,0.24507389162561577,0.5,0.27586206896551724,0.45689655172413796,kashmir
0.2998533724340176,36,3,0.20555555555555555,0.467741935483871,0.25,0.25,atn,0.2777777777777778,0.11882716049382716,0.13423517169614985,0.3055555555555556,5000,31,0.25,0.467741935483871,0.4166666666666667,0.2013888888888889,0.3172043010752688,tibet
0.1722689075630252,41,30,0.32926829268292684,0.5,0.3048780487804878,0.16707317073170733,down_link,0.32926829268292684,0.0874479476502082,0.07093425605536333,0.5,5000,34,0.3048780487804878,0.47058823529411764,0.5,0.1951219512195122,0.5,turkiye
0.13971631205673757,59,14,0.2344632768361582,0.5,0.3135593220338983,0.13661016949152543,down_rand,0.3135593220338983,0.08072392990519965,0.06564056133997284,0.4661016949152542,5000,47,0.3135593220338983,0.5,0.48305084745762716,0.15254237288135594,0.5,dolomites
0.21740662438336858,52,16,0.15828402366863906,0.5,0.17307692307692307,0.17802197802197803,atn,0.17307692307692307,0.1227810650887574,0.14061654948620878,0.36538461538461536,5000,43,0.19230769230769232,0.5,0.4807692307692308,0.17307692307692307,0.36046511627906974,meishan
0.1866096866096866,52,21,0.3173076923076923,0.5,0.21153846153846154,0.14285714285714285,down_power,0.23076923076923078,0.14866863905325445,0.126232741617357,0.46153846153846156,5000,39,0.23076923076923078,0.47435897435897434,0.5,0.15384615384615385,0.47435897435897434,meishan
0.2111111111111111,36,13,0.28703703703703703,0.5,0.3333333333333333,0.16666666666666666,down_niche,0.3148148148148148,0.05787037037037037,0.06777777777777778,0.37962962962962965,5000,30,0.1875,0.4666666666666667,0.4444444444444444,0.2222222222222222,0.5,tibet
0.15656565656565657,41,28,0.2804878048780488,0.5,0.25609756097560976,0.1597560975609756,down_power,0.28353658536585363,0.09637120761451518,0.09799382716049383,0.47560975609756095,5000,36,0.3048780487804878,0.3888888888888889,0.5,0.1951219512195122,0.5,turkiye
0.15447154471544716,59,9,0.4757318952234207,0.5,0.3135593220338983,0.12772397094430993,metaweb,0.3135593220338983,0.16690606147658718,0.1388888888888889,0.48305084745762716,5000,48,0.3135593220338983,0.5,0.5,0.13559322033898305,0.5,dolomites
0.2692307692307692,29,28,0.3137931034482759,0.3076923076923077,0.39655172413793105,0.20905172413793102,niche,0.2931034482758621,0.08799048751486326,0.09171597633136094,0.2672413793103448,5000,26,0.39655172413793105,0.34615384615384615,0.43103448275862066,0.27586206896551724,0.2230769230769231,kashmir
0.17511520737327188,52,9,0.4075091575091575,0.5,0.11538461538461539,0.14294871794871794,down_niche,0.1346153846153846,0.10465976331360946,0.11904761904761904,0.47115384615384615,5000,42,0.040865384615384616,0.47619047619047616,0.5,0.027243589743589744,0.5,meishan
0.20512820512820515,29,13,0.29802955665024633,0.5,0.25862068965517243,0.1810344827586207,down_link,0.39655172413793105,0.05826397146254459,0.05325443786982249,0.4051724137931034,5000,26,0.22413793103448276,0.2692307692307692,0.4655172413793104,0.27586206896551724,0.39743589743589747,greenland
0.2231934731934732,41,23,0.5,0.5,0.32926829268292684,0.18292682926829268,metaweb,0.3048780487804878,0.20226055919095776,0.18365472910927455,0.47560975609756095,5000,33,0.3048780487804878,0.5,0.5,0.1951219512195122,0.5,turkiye
0.26,29,18,0.43103448275862066,0.5,0.2931034482758621,0.2310344827586207,down_link,0.3275862068965517,0.09988109393579073,0.0992,0.4655172413793104,5000,25,0.3045977011494253,0.42000000000000004,0.5,0.27586206896551724,0.47,greenland
0.2692307692307692,59,30,0.4279661016949152,0.46153846153846156,0.3305084745762712,0.23728813559322035,niche,0.3114406779661017,0.0858948577994829,0.08912721893491124,0.3813559322033898,5000,52,0.2966101694915254,0.3942307692307693,0.4491525423728814,0.1553672316384181,0.36538461538461536,dolomites
0.2135549872122762,41,18,0.45121951219512196,0.45588235294117646,0.19054878048780488,0.17550371155885472,down_niche,0.1991869918699187,0.09994051160023795,0.11591695501730104,0.38414634146341464,5000,34,0.32926829268292684,0.47058823529411764,0.45121951219512196,0.1951219512195122,0.4411764705882353,turkiye
0.2632275132275132,29,29,0.4540229885057471,0.5,0.3275862068965517,0.235632183908046,down_link,0.2931034482758621,0.13317479191438764,0.13991769547325103,0.43103448275862066,5000,27,0.25862068965517243,0.38888888888888884,0.5,0.27586206896551724,0.5,kashmir
0.24145299145299146,29,4,0.41954022988505746,0.5,0.39655172413793105,0.21687840290381125,down_niche,0.3620689655172414,0.13436385255648037,0.16124260355029585,0.39655172413793105,5000,26,0.3620689655172414,0.46153846153846156,0.43103448275862066,0.27586206896551724,0.46153846153846156,kashmir
0.2231934731934732,41,16,0.5,0.5,0.3048780487804878,0.18292682926829268,metaweb,0.3048780487804878,0.20226055919095776,0.18365472910927455,0.47560975609756095,5000,33,0.32926829268292684,0.5,0.5,0.1951219512195122,0.5,turkiye
0.2764423076923077,29,27,0.34913793103448276,0.5,0.2931034482758621,0.23793103448275862,down_niche,0.2931034482758621,0.12604042806183116,0.14201183431952663,0.3879310344827586,5000,26,0.25862068965517243,0.5,0.47413793103448276,0.1896551724137931,0.4230769230769231,kashmir
0.22532894736842105,36,21,0.40740740740740744,0.5,0.3333333333333333,0.2041062801932367,down_link,0.3333333333333333,0.14891975308641975,0.1455078125,0.4166666666666667,5000,32,0.2777777777777778,0.5,0.5,0.2222222222222222,0.5,tibet
0.24166666666666667,36,8,0.4722222222222222,0.5,0.3333333333333333,0.20512820512820512,down_niche,0.3333333333333333,0.14814814814814814,0.1622222222222222,0.4027777777777778,5000,30,0.3611111111111111,0.5,0.5,0.2222222222222222,0.5,tibet
0.1786786786786787,52,20,0.36538461538461536,0.5,0.23076923076923078,0.14245014245014245,down_power,0.21153846153846154,0.12167159763313609,0.09861212563915267,0.4807692307692308,5000,37,0.23076923076923078,0.472972972972973,0.5,0.15384615384615385,0.5,meishan
0.1923076923076923,59,20,0.2908320493066256,0.47435897435897434,0.11016949152542374,0.13559322033898305,niche,0.1271186440677966,0.12984774490089054,0.1301775147928994,0.4491525423728814,5000,39,0.11016949152542374,0.3205128205128205,0.43220338983050843,0.038135593220338986,0.47435897435897434,dolomites
0.24615384615384617,29,30,0.36494252873563215,0.46153846153846156,0.2931034482758621,0.19950738916256158,down_power,0.15517241379310345,0.08680142687277051,0.09319526627218935,0.3735632183908046,5000,26,0.28448275862068967,0.2692307692307692,0.5,0.27586206896551724,0.38461538461538464,kashmir
0.14857142857142858,59,11,0.47578692493946734,0.5,0.3135593220338983,0.12772397094430993,metaweb,0.3135593220338983,0.16690606147658718,0.142,0.48305084745762716,5000,50,0.3135593220338983,0.5,0.5,0.13559322033898305,0.48,dolomites
0.22991071428571427,29,25,0.43103448275862066,0.4642857142857143,0.39655172413793105,0.25136116152450094,down_niche,0.39655172413793105,0.1450653983353151,0.15306122448979592,0.39655172413793105,5000,28,0.39655172413793105,0.32142857142857145,0.5,0.27586206896551724,0.39285714285714285,greenland
0.3242857142857143,36,22,0.19047619047619047,0.42000000000000004,0.2222222222222222,0.21717171717171715,atn,0.25,0.14506172839506173,0.1648,0.3888888888888889,5000,25,0.2222222222222222,0.45999999999999996,0.4722222222222222,0.1527777777777778,0.33999999999999997,tibet
0.1761786600496278,52,11,0.14957264957264957,0.4903846153846154,0.25,0.1791497975708502,atn,0.19230769230769232,0.14792899408284024,0.14792899408284024,0.40384615384615385,5000,52,0.18956043956043955,0.1804029304029304,0.4807692307692308,0.18162393162393162,0.40384615384615385,meishan
0.19264069264069264,36,3,0.3888888888888889,0.5,0.27314814814814814,0.16666666666666666,down_power,0.3055555555555556,0.10185185185185185,0.10009182736455463,0.4583333333333333,5000,33,0.16666666666666666,0.3484848484848485,0.4861111111111111,0.2222222222222222,0.5,tibet
0.24528301886792453,59,29,0.364406779661017,0.4811320754716981,0.346045197740113,0.22033898305084745,niche,0.364406779661017,0.14564780235564492,0.15735137059451762,0.4364406779661017,5000,53,0.3432203389830508,0.3474842767295597,0.4661016949152542,0.17457627118644067,0.44339622641509435,dolomites
0.2361111111111111,29,30,0.3814655172413793,0.4722222222222222,0.39655172413793105,0.2310344827586207,down_link,0.3275862068965517,0.08680142687277051,0.09327846364883402,0.4396551724137931,5000,27,0.39655172413793105,0.2185185185185185,0.5,0.27586206896551724,0.4722222222222222,kashmir
0.355,41,15,0.1875,0.42000000000000004,0.10975609756097561,0.22538392050587172,atn,0.10975609756097561,0.11778703152885188,0.1536,0.32926829268292684,5000,25,0.08536585365853658,0.5,0.47560975609756095,0.08536585365853658,0.33999999999999997,turkiye
0.2222222222222222,36,2,0.4166666666666667,0.5,0.3333333333333333,0.20075757575757575,down_rand,0.3333333333333333,0.13503086419753085,0.138671875,0.4722222222222222,5000,32,0.3611111111111111,0.4375,0.5,0.2222222222222222,0.5,tibet
0.23255813953488372,52,15,0.375,0.4534883720930233,0.25,0.19230769230769232,niche,0.3076923076923077,0.1264792899408284,0.1368307193077339,0.3557692307692307,5000,43,0.3076923076923077,0.4069767441860465,0.4423076923076923,0.08547008547008547,0.43023255813953487,meishan
0.2579365079365079,29,20,0.4885057471264368,0.4642857142857143,0.22413793103448276,0.25,down_niche,0.25862068965517243,0.12128418549346016,0.1288265306122449,0.3620689655172414,5000,28,0.25862068965517243,0.39285714285714285,0.43103448275862066,0.22413793103448276,0.35714285714285715,kashmir
0.15104166666666666,29,19,0.36637931034482757,0.375,0.09482758620689655,0.13793103448275862,niche,0.10632183908045977,0.1450653983353151,0.12109375,0.28448275862068967,5000,16,0.03125,0.5,0.4655172413793104,0.04310344827586207,0.3333333333333333,kashmir
0.16666666666666666,36,13,0.25,0.5,0.3333333333333333,0.15873015873015872,down_link,0.3333333333333333,0.05787037037037037,0.04555555555555556,0.4166666666666667,5000,30,0.3333333333333333,0.4666666666666667,0.4444444444444444,0.2222222222222222,0.4,tibet
0.20169082125603865,41,26,0.4024390243902439,0.5,0.21707317073170732,0.17964352720450283,down_niche,0.20121951219512196,0.12254610350981558,0.12885802469135801,0.5,5000,36,0.2652439024390244,0.5,0.5,0.1951219512195122,0.4861111111111111,turkiye
0.20892857142857144,41,29,0.39634146341463417,0.5,0.07012195121951219,0.16158536585365854,down_niche,0.13414634146341464,0.13325401546698393,0.1436734693877551,0.4707317073170732,5000,35,0.2804878048780488,0.5,0.5,0.06402439024390244,0.4714285714285714,turkiye
0.1452991452991453,52,22,0.38675213675213677,0.3076923076923077,0.01785714285714286,0.15384615384615385,niche,0.018518518518518517,0.13350591715976332,0.11538461538461539,0.375,5000,26,0.019230769230769232,0.38461538461538464,0.46153846153846156,0.018518518518518517,0.3076923076923077,meishan
0.3684210526315789,59,17,0.20273794002607565,0.2631578947368421,0.1384180790960452,0.2542372881355932,niche,0.11440677966101695,0.09968399885090491,0.0664819944598338,0.2796610169491526,5000,38,0.11440677966101695,0.39473684210526316,0.48305084745762716,0.12217514124293785,0.18421052631578946,dolomites
0.22379032258064516,36,15,0.3888888888888889,0.5,0.2222222222222222,0.1909722222222222,down_rand,0.2222222222222222,0.11882716049382716,0.12903225806451613,0.4722222222222222,5000,31,0.1875,0.5,0.5,0.2222222222222222,0.5,tibet
0.2413793103448276,29,12,0.4051724137931034,0.4396551724137931,0.5,0.2413793103448276,niche,0.39655172413793105,0.12009512485136742,0.12009512485136742,0.4396551724137931,5000,29,0.43103448275862066,0.25862068965517243,0.4655172413793104,0.1896551724137931,0.4396551724137931,kashmir
0.15156794425087106,59,18,0.4269067796610169,0.5,0.3135593220338983,0.12772397094430993,metaweb,0.3305084745762712,0.16690606147658718,0.1445231153685964,0.48305084745762716,5000,49,0.3135593220338983,0.5,0.5,0.13559322033898305,0.5,dolomites
0.4263157894736842,29,3,0.2471264367816092,0.33157894736842103,0.15517241379310345,0.28498985801217036,atn,0.08620689655172414,0.13198573127229488,0.13573407202216067,0.27011494252873564,5000,19,0.12068965517241378,0.5,0.39655172413793105,0.15517241379310345,0.3355263157894737,kashmir
0.37105263157894736,29,29,0.4655172413793104,0.4473684210526315,0.1896551724137931,0.25,down_niche,0.12068965517241378,0.13317479191438764,0.16897506925207756,0.43103448275862066,5000,19,0.1810344827586207,0.4473684210526315,0.4655172413793104,0.11206896551724138,0.40789473684210525,greenland
0.24393939393939393,36,11,0.4722222222222222,0.5,0.3333333333333333,0.2037037037037037,down_niche,0.3333333333333333,0.14891975308641975,0.1711111111111111,0.4722222222222222,5000,30,0.3333333333333333,0.5,0.5,0.2222222222222222,0.4666666666666667,tibet
0.1364795918367347,59,10,0.1810477657935285,0.47959183673469385,0.3305084745762712,0.13498789346246973,down_power,0.3432203389830508,0.08072392990519965,0.05039566847147022,0.48305084745762716,5000,49,0.34745762711864403,0.45918367346938777,0.5,0.15254237288135594,0.5,dolomites
0.35454545454545455,29,29,0.43103448275862066,0.45,0.08620689655172414,0.25136116152450094,down_niche,0.06321839080459771,0.13317479191438764,0.1575,0.4396551724137931,5000,20,0.08620689655172414,0.45,0.5,0.03333333333333333,0.45,kashmir
0.2231934731934732,41,29,0.4886759581881533,0.5,0.32926829268292684,0.18292682926829268,metaweb,0.3048780487804878,0.20226055919095776,0.18365472910927455,0.47560975609756095,5000,33,0.3048780487804878,0.5,0.5,0.1951219512195122,0.5,turkiye
0.2028657616892911,52,5,0.15842490842490842,0.4215686274509804,0.28044871794871795,0.1814102564102564,atn,0.38461538461538464,0.09430473372781065,0.09650134563629373,0.36538461538461536,5000,51,0.4230769230769231,0.2376605814739689,0.4807692307692308,0.21153846153846154,0.36274509803921573,meishan
0.19621621621621624,52,6,0.36658653846153844,0.5,0.23076923076923078,0.14307692307692307,down_link,0.21153846153846154,0.14127218934911243,0.12856099342585828,0.4423076923076923,5000,37,0.21153846153846154,0.5,0.5,0.15384615384615385,0.5,meishan
0.24492753623188407,36,13,0.5,0.5,0.3333333333333333,0.20619658119658119,metaweb,0.3333333333333333,0.19367283950617284,0.19555555555555557,0.4166666666666667,5000,30,0.3333333333333333,0.5,0.5,0.2222222222222222,0.5,tibet
0.15447154471544716,59,20,0.44325718496683864,0.5,0.3305084745762712,0.12772397094430993,metaweb,0.3305084745762712,0.16690606147658718,0.1388888888888889,0.48305084745762716,5000,48,0.3135593220338983,0.5,0.5,0.13559322033898305,0.5,dolomites
0.18571428571428572,52,7,0.27884615384615385,0.47619047619047616,0.2403846153846154,0.15961538461538463,down_rand,0.28846153846153844,0.08875739644970414,0.08616780045351474,0.46153846153846156,5000,42,0.28846153846153844,0.4523809523809524,0.5,0.17307692307692307,0.47619047619047616,meishan
0.15350877192982457,59,25,0.3752542372881356,0.5,0.3135593220338983,0.1266605588639487,down_rand,0.3135593220338983,0.14507325481183567,0.12196180555555555,0.5,5000,48,0.3135593220338983,0.5,0.5,0.13559322033898305,0.5,dolomites
0.2361111111111111,41,1,0.47560975609756095,0.4444444444444444,0.23170731707317072,0.2184959349593496,niche,0.3780487804878049,0.10469958358120167,0.11265432098765432,0.34756097560975613,5000,36,0.32926829268292684,0.4166666666666667,0.4268292682926829,0.20731707317073172,0.3333333333333333,turkiye
0.3308823529411765,29,23,0.3405172413793104,0.38235294117647056,0.03333333333333333,0.22413793103448276,down_niche,0.03333333333333333,0.09274673008323424,0.12110726643598616,0.35344827586206895,5000,17,0.03333333333333333,0.34558823529411764,0.43103448275862066,0.05172413793103448,0.3431372549019608,greenland
0.24333333333333335,36,22,0.4722222222222222,0.5,0.08333333333333333,0.20238095238095238,down_niche,0.1388888888888889,0.14737654320987653,0.1622222222222222,0.4722222222222222,5000,30,0.3055555555555556,0.5,0.5,0.2222222222222222,0.4666666666666667,tibet
0.27197802197802196,29,25,0.45114942528735635,0.5,0.2931034482758621,0.25050709939148075,down_rand,0.2672413793103448,0.1450653983353151,0.15828402366863906,0.4885057471264368,5000,26,0.3620689655172414,0.5,0.5,0.27586206896551724,0.4743589743589744,kashmir
0.27828054298642535,36,27,0.5,0.5,0.14583333333333334,0.20222222222222222,down_niche,0.1388888888888889,0.1257716049382716,0.16420118343195267,0.4166666666666667,5000,26,0.19444444444444445,0.5,0.5,0.16666666666666666,0.4807692307692308,tibet
0.2346938775510204,29,5,0.3275862068965517,0.4732142857142857,0.2931034482758621,0.22413793103448276,down_link,0.39655172413793105,0.09155766944114149,0.09311224489795919,0.4655172413793104,5000,28,0.27011494252873564,0.2357142857142857,0.47413793103448276,0.27586206896551724,0.42857142857142855,kashmir
0.35128205128205126,29,23,0.24482758620689657,0.46153846153846156,0.43103448275862066,0.31851179673321234,atn,0.3620689655172414,0.11890606420927467,0.12721893491124261,0.3160919540229885,5000,26,0.3620689655172414,0.3769230769230769,0.4655172413793104,0.3793103448275862,0.34615384615384615,kashmir
0.26543209876543206,29,22,0.43103448275862066,0.5,0.43103448275862066,0.24892241379310345,down_link,0.43103448275862066,0.14744351961950058,0.15775034293552812,0.4655172413793104,5000,27,0.4051724137931034,0.31481481481481477,0.5,0.27586206896551724,0.42592592592592593,kashmir
0.19883040935672514,41,21,0.33972125435540074,0.5,0.35365853658536583,0.17682926829268295,down_link,0.35365853658536583,0.148720999405116,0.13194444444444445,0.5,5000,36,0.3048780487804878,0.5,0.5,0.1951219512195122,0.5,turkiye
0.15786361844698463,59,8,0.1285310734463277,0.48305084745762716,0.2796610169491526,0.1588532275513884,atn,0.4152542372881356,0.15081873024992817,0.15081873024992817,0.4152542372881356,5000,59,0.3440677966101695,0.15928744379107576,0.48305084745762716,0.08432203389830509,0.4152542372881356,dolomites
0.29222222222222227,29,20,0.5,0.5,0.3620689655172414,0.2543103448275862,metaweb,0.3620689655172414,0.19500594530321047,0.2176,0.43103448275862066,5000,25,0.3620689655172414,0.5,0.5,0.27586206896551724,0.5,kashmir
0.21306818181818182,36,26,0.35,0.5,0.26851851851851855,0.19607843137254902,down_link,0.3055555555555556,0.12191358024691358,0.12213039485766758,0.4166666666666667,5000,33,0.3611111111111111,0.4393939393939394,0.5,0.2222222222222222,0.4772727272727273,tibet
0.19698544698544698,52,29,0.34615384615384615,0.5,0.21153846153846154,0.14262820512820512,down_link,0.23076923076923078,0.13350591715976332,0.12271731190650109,0.46794871794871795,5000,37,0.21153846153846154,0.4898648648648649,0.5,0.15384615384615385,0.5,meishan
0.19266917293233082,52,6,0.34615384615384615,0.5,0.21153846153846154,0.14262820512820512,down_power,0.21153846153846154,0.14127218934911243,0.12396121883656509,0.5,5000,38,0.21153846153846154,0.4605263157894737,0.5,0.15384615384615385,0.5,meishan
0.19696969696969696,41,15,0.37601626016260165,0.5,0.32926829268292684,0.17301829268292684,down_link,0.32926829268292684,0.1189767995240928,0.10101010101010101,0.5,5000,33,0.3048780487804878,0.5,0.5,0.1951219512195122,0.5,turkiye
0.2857142857142857,29,28,0.39655172413793105,0.39285714285714285,0.43103448275862066,0.3857758620689655,niche,0.4655172413793104,0.09750297265160524,0.10204081632653061,0.3275862068965517,5000,28,0.39655172413793105,0.35714285714285715,0.3060344827586207,0.39655172413793105,0.33333333333333337,greenland
0.29222222222222227,29,23,0.5,0.5,0.3620689655172414,0.2543103448275862,metaweb,0.3620689655172414,0.19262782401902498,0.2176,0.43103448275862066,5000,25,0.3620689655172414,0.5,0.5,0.27586206896551724,0.5,greenland
0.25595238095238093,36,5,0.3819444444444444,0.3888888888888889,0.1574074074074074,0.17270531400966183,down_niche,0.2222222222222222,0.09182098765432099,0.1111111111111111,0.4166666666666667,5000,24,0.1111111111111111,0.375,0.4722222222222222,0.05555555555555555,0.34375,tibet
0.2575,29,14,0.31321839080459773,0.5,0.3275862068965517,0.2456896551724138,down_rand,0.3275862068965517,0.06539833531510107,0.0736,0.3706896551724138,5000,25,0.25862068965517243,0.33999999999999997,0.4655172413793104,0.3103448275862069,0.42000000000000004,greenland
0.224609375,41,21,0.4024390243902439,0.5,0.13414634146341464,0.17575322812051652,down_rand,0.16463414634146342,0.148720999405116,0.1552734375,0.5,5000,32,0.14024390243902438,0.46875,0.5,0.18292682926829268,0.5,turkiye
0.15151515151515152,59,2,0.37409200968523004,0.5,0.3135593220338983,0.12587238285144567,down_link,0.3135593220338983,0.13473139902326917,0.1111111111111111,0.5,5000,48,0.3135593220338983,0.5,0.5,0.13559322033898305,0.5,dolomites
0.24470588235294116,41,11,0.17479674796747968,0.5,0.15040650406504064,0.20338316286388672,atn,0.35365853658536583,0.14991076740035694,0.17906574394463667,0.3780487804878049,5000,34,0.15853658536585366,0.47058823529411764,0.47560975609756095,0.13414634146341464,0.38235294117647056,turkiye
0.2231934731934732,41,11,0.4886759581881533,0.5,0.3048780487804878,0.18292682926829268,metaweb,0.32926829268292684,0.20226055919095776,0.18365472910927455,0.47560975609756095,5000,33,0.3048780487804878,0.5,0.5,0.1951219512195122,0.5,turkiye
0.24492753623188407,36,17,0.5,0.5,0.3333333333333333,0.20619658119658119,metaweb,0.3333333333333333,0.19367283950617284,0.19555555555555557,0.4166666666666667,5000,30,0.3611111111111111,0.5,0.5,0.2222222222222222,0.5,tibet
0.26136363636363635,41,18,0.35365853658536583,0.3686868686868687,0.2804878048780488,0.20731707317073172,niche,0.32113821138211385,0.09458655562165377,0.09641873278236915,0.3597560975609756,5000,33,0.3048780487804878,0.40909090909090906,0.4268292682926829,0.15853658536585366,0.3560606060606061,turkiye
0.2309941520467836,36,29,0.4166666666666667,0.39473684210526316,0.02631578947368421,0.16666666666666666,niche,0.02631578947368421,0.13117283950617284,0.1772853185595568,0.31666666666666665,5000,19,0.02631578947368421,0.39473684210526316,0.4444444444444444,0.024999999999999998,0.35526315789473684,tibet
0.26543209876543206,29,29,0.43103448275862066,0.5,0.3879310344827586,0.24261083743842365,down_link,0.3275862068965517,0.13317479191438764,0.13580246913580246,0.5,5000,27,0.39655172413793105,0.5,0.5,0.27586206896551724,0.43827160493827155,greenland
0.2733333333333334,29,28,0.3735632183908046,0.45999999999999996,0.3275862068965517,0.24482758620689657,down_niche,0.25862068965517243,0.09631391200951249,0.1152,0.3706896551724138,5000,25,0.22413793103448276,0.45999999999999996,0.4051724137931034,0.25862068965517243,0.38,kashmir
0.2922077922077922,36,4,0.2111111111111111,0.4761904761904762,0.2777777777777778,0.2577777777777778,atn,0.3333333333333333,0.13503086419753085,0.1441326530612245,0.3055555555555556,5000,28,0.2777777777777778,0.4642857142857143,0.4722222222222222,0.20555555555555555,0.35714285714285715,tibet
0.15,59,27,0.34745762711864403,0.5,0.3135593220338983,0.1249316566429743,down_link,0.3135593220338983,0.12553863832232118,0.10199652777777778,0.5,5000,48,0.3135593220338983,0.5,0.5,0.13559322033898305,0.5,dolomites
0.18339768339768342,52,28,0.34615384615384615,0.5,0.23076923076923078,0.1358974358974359,down_link,0.23076923076923078,0.09615384615384616,0.08181154127100074,0.5,5000,37,0.21153846153846154,0.3918918918918919,0.5,0.15384615384615385,0.5,meishan
0.26571428571428574,29,4,0.43103448275862066,0.5,0.3017241379310345,0.24507389162561577,down_link,0.28448275862068967,0.13436385255648037,0.1392,0.4913793103448276,5000,25,0.28448275862068967,0.5,0.5,0.27586206896551724,0.49,greenland
0.14942528735632185,59,4,0.364406779661017,0.5,0.3135593220338983,0.1252648305084746,down_power,0.3135593220338983,0.13444412525136454,0.10286458333333333,0.5,5000,48,0.3135593220338983,0.5,0.5,0.13559322033898305,0.5,dolomites
0.1607142857142857,36,10,0.2361111111111111,0.40714285714285714,0.2777777777777778,0.1597222222222222,down_link,0.3888888888888889,0.05324074074074074,0.052244897959183675,0.4444444444444444,5000,35,0.3055555555555556,0.15357142857142858,0.48148148148148145,0.2222222222222222,0.44285714285714284,tibet
0.2091503267973856,41,16,0.3795731707317073,0.5,0.3048780487804878,0.17682926829268295,down_rand,0.3048780487804878,0.1255205234979179,0.11678200692041522,0.5,5000,34,0.3048780487804878,0.5,0.5,0.1951219512195122,0.5,turkiye
0.24492753623188407,36,10,0.5,0.5,0.3611111111111111,0.20619658119658119,metaweb,0.3333333333333333,0.19367283950617284,0.19555555555555557,0.4166666666666667,5000,30,0.3333333333333333,0.5,0.5,0.2222222222222222,0.5,tibet
0.14611111111111114,59,10,0.39830508474576276,0.5,0.19491525423728814,0.12472365512159175,down_niche,0.028991971454058876,0.08072392990519965,0.0844,0.43220338983050843,5000,50,0.02784503631961259,0.5,0.4491525423728814,0.13559322033898305,0.5,dolomites
0.2231934731934732,41,20,0.4658536585365854,0.5,0.3048780487804878,0.18292682926829268,metaweb,0.32926829268292684,0.20226055919095776,0.18365472910927455,0.47560975609756095,5000,33,0.32926829268292684,0.5,0.5,0.1951219512195122,0.5,turkiye
0.19954954954954957,52,15,0.4638009049773756,0.5,0.23076923076923078,0.1456876456876457,metaweb,0.21153846153846154,0.17492603550295857,0.16946676406135866,0.4423076923076923,5000,37,0.21153846153846154,0.5,0.5,0.15384615384615385,0.5,meishan
0.19954954954954957,52,25,0.40865384615384615,0.5,0.21153846153846154,0.1456876456876457,metaweb,0.21153846153846154,0.17492603550295857,0.16946676406135866,0.4423076923076923,5000,37,0.23076923076923078,0.5,0.5,0.15384615384615385,0.5,meishan
0.32142857142857145,29,2,0.3620689655172414,0.4375,0.43103448275862066,0.3206896551724138,niche,0.39655172413793105,0.12366230677764566,0.12244897959183673,0.3620689655172414,5000,28,0.4051724137931034,0.3392857142857143,0.43103448275862066,0.3448275862068966,0.35714285714285715,greenland
0.1773156089193825,59,21,0.12842242503259452,0.4811320754716981,0.3135593220338983,0.15928744379107576,atn,0.2902542372881356,0.14995690893421432,0.1601993592025632,0.4152542372881356,5000,53,0.3305084745762712,0.5,0.5,0.09322033898305085,0.4056603773584906,dolomites
0.21301247771836007,41,27,0.3304878048780488,0.5,0.3048780487804878,0.16937669376693767,down_link,0.29573170731707316,0.1255205234979179,0.1046831955922865,0.5,5000,33,0.32926829268292684,0.5,0.5,0.1951219512195122,0.5,turkiye
0.18693693693693694,52,28,0.2980769230769231,0.5,0.21153846153846154,0.13898601398601398,down_rand,0.23076923076923078,0.09615384615384616,0.09934258582907232,0.4807692307692308,5000,37,0.21153846153846154,0.4617117117117117,0.4807692307692308,0.15384615384615385,0.5,meishan
0.20798898071625344,41,16,0.3780487804878049,0.4393939393939394,0.22154471544715448,0.17073170731707318,niche,0.20731707317073172,0.13682331945270673,0.15243342516069788,0.3780487804878049,5000,33,0.2804878048780488,0.32196969696969696,0.47560975609756095,0.10365853658536586,0.375,turkiye
0.16666666666666666,52,23,0.22596153846153846,0.5,0.23076923076923078,0.13782051282051283,down_link,0.21153846153846154,0.09208579881656805,0.0817174515235457,0.5,5000,38,0.23076923076923078,0.5,0.5,0.15384615384615385,0.5,meishan
0.20588235294117646,36,11,0.3888888888888889,0.5,0.3333333333333333,0.2013888888888889,down_link,0.4166666666666667,0.14891975308641975,0.14792387543252594,0.4166666666666667,5000,34,0.4166666666666667,0.4117647058823529,0.5,0.2222222222222222,0.4411764705882353,tibet
0.230550284629981,36,29,0.4166666666666667,0.5,0.3611111111111111,0.2013888888888889,down_rand,0.29629629629629634,0.13348765432098766,0.13423517169614985,0.4166666666666667,5000,31,0.3333333333333333,0.5,0.5,0.2222222222222222,0.5,tibet
0.14583333333333334,59,7,0.2627118644067796,0.5,0.3135593220338983,0.12318401937046006,down_rand,0.3135593220338983,0.08876759551852915,0.0763888888888889,0.4872881355932204,5000,48,0.3305084745762712,0.5,0.5,0.13559322033898305,0.5,dolomites
0.18388330942132952,52,8,0.14807692307692308,0.5,0.1346153846153846,0.17841880341880342,atn,0.21153846153846154,0.15051775147928995,0.14840445982314496,0.40384615384615385,5000,51,0.1346153846153846,0.2387729285262492,0.5,0.11538461538461539,0.4019607843137255,meishan
0.14351851851851852,59,1,0.3135593220338983,0.5,0.3135593220338983,0.1223728813559322,down_link,0.3135593220338983,0.09997127262280954,0.0798611111111111,0.5,5000,48,0.3135593220338983,0.5,0.5,0.13559322033898305,0.5,dolomites
0.1455026455026455,59,6,0.4269067796610169,0.5,0.3135593220338983,0.12378934624697337,down_niche,0.3305084745762712,0.14133869577707556,0.1324448146605581,0.48305084745762716,5000,49,0.3135593220338983,0.5,0.5,0.13559322033898305,0.5,dolomites
0.3,41,25,0.17276422764227645,0.48518518518518516,0.18292682926829268,0.22777340676632574,atn,0.20731707317073172,0.14336704342653184,0.17832647462277093,0.3780487804878049,5000,27,0.20731707317073172,0.45138888888888884,0.47560975609756095,0.13414634146341464,0.35185185185185186,turkiye
0.25476190476190474,29,21,0.46120689655172414,0.5,0.4655172413793104,0.2471264367816092,down_rand,0.3620689655172414,0.14863258026159334,0.1556122448979592,0.4396551724137931,5000,28,0.3620689655172414,0.42857142857142855,0.5,0.27586206896551724,0.4642857142857143,kashmir
0.3,29,18,0.34827586206896555,0.36363636363636365,0.22413793103448276,0.332512315270936,niche,0.1896551724137931,0.09036860879904875,0.1012396694214876,0.2471264367816092,5000,22,0.1896551724137931,0.4090909090909091,0.4655172413793104,0.21551724137931033,0.28787878787878785,kashmir
0.16891891891891891,52,17,0.34615384615384615,0.5,0.21153846153846154,0.1388888888888889,down_rand,0.21153846153846154,0.09652366863905325,0.08765522279035792,0.4807692307692308,5000,37,0.23076923076923078,0.463963963963964,0.5,0.15384615384615385,0.5,meishan
0.13257575757575757,59,13,0.2966101694915254,0.5,0.3135593220338983,0.11904761904761905,down_rand,0.3305084745762712,0.08072392990519965,0.0685763888888889,0.5,5000,48,0.3135593220338983,0.5,0.5,0.13559322033898305,0.5,dolomites
0.2231934731934732,41,15,0.48861788617886176,0.5,0.3048780487804878,0.18292682926829268,metaweb,0.32926829268292684,0.20226055919095776,0.18365472910927455,0.47560975609756095,5000,33,0.3048780487804878,0.5,0.5,0.1951219512195122,0.5,turkiye
0.24693877551020407,52,7,0.13942307692307693,0.4714285714285714,0.1346153846153846,0.16947115384615385,niche,0.11538461538461539,0.09097633136094675,0.10693877551020409,0.36538461538461536,5000,35,0.15384615384615385,0.3107142857142857,0.46153846153846156,0.11538461538461539,0.35,meishan
0.21496212121212122,36,17,0.2777777777777778,0.4393939393939394,0.3611111111111111,0.19618055555555555,down_rand,0.12962962962962962,0.09645061728395062,0.10101010101010101,0.4722222222222222,5000,33,0.20833333333333331,0.3181818181818182,0.5,0.2222222222222222,0.4393939393939394,tibet
0.29222222222222227,29,25,0.5,0.5,0.3620689655172414,0.2543103448275862,metaweb,0.39655172413793105,0.19262782401902498,0.2176,0.43103448275862066,5000,25,0.3620689655172414,0.5,0.5,0.27586206896551724,0.5,greenland
0.21464646464646464,41,1,0.35178236397748597,0.5,0.22125435540069688,0.1590909090909091,down_niche,0.32926829268292684,0.09994051160023795,0.11294765840220386,0.45121951219512196,5000,33,0.13211382113821138,0.5,0.4817073170731707,0.1951219512195122,0.5,turkiye
0.1934889434889435,52,12,0.34134615384615385,0.5,0.21153846153846154,0.14349112426035504,down_link,0.23076923076923078,0.13239644970414202,0.1183345507669832,0.5,5000,37,0.19230769230769232,0.43822393822393824,0.5,0.15384615384615385,0.5,meishan
0.21169354838709675,36,24,0.3611111111111111,0.5,0.1527777777777778,0.19883040935672514,down_rand,0.16666666666666666,0.1087962962962963,0.11654526534859522,0.4444444444444444,5000,31,0.2777777777777778,0.5,0.5,0.2222222222222222,0.5,tibet
0.26282051282051283,29,26,0.5,0.5,0.15948275862068967,0.2385057471264368,down_rand,0.25862068965517243,0.12247324613555291,0.13165680473372782,0.4051724137931034,5000,26,0.21551724137931033,0.46153846153846156,0.4655172413793104,0.25862068965517243,0.4743589743589744,greenland
0.24492753623188407,36,25,0.5,0.5,0.3333333333333333,0.20619658119658119,metaweb,0.3333333333333333,0.19367283950617284,0.19555555555555557,0.4166666666666667,5000,30,0.3333333333333333,0.5,0.5,0.2222222222222222,0.5,tibet
0.4783549783549783,29,5,0.22413793103448276,0.3571428571428571,0.3448275862068966,0.22413793103448276,down_power,0.3448275862068966,0.09155766944114149,0.1746031746031746,0.21120689655172414,5000,21,0.3448275862068966,0.3571428571428571,0.21120689655172414,0.43103448275862066,0.33730158730158727,greenland
0.25,52,1,0.28846153846153844,0.4807692307692308,0.30128205128205127,0.25,niche,0.46153846153846156,0.10576923076923077,0.10576923076923077,0.38461538461538464,5000,52,0.2948717948717949,0.25600961538461536,0.4346153846153846,0.23461538461538461,0.38461538461538464,meishan
0.24492753623188407,36,14,0.5,0.5,0.3333333333333333,0.20619658119658119,metaweb,0.3333333333333333,0.19367283950617284,0.19555555555555557,0.4166666666666667,5000,30,0.3333333333333333,0.5,0.5,0.2222222222222222,0.5,tibet
0.27828054298642535,29,25,0.4885057471264368,0.5,0.28448275862068967,0.24892241379310345,down_rand,0.3620689655172414,0.1450653983353151,0.15828402366863906,0.47413793103448276,5000,26,0.3620689655172414,0.4807692307692308,0.5,0.27586206896551724,0.4807692307692308,greenland
0.1523809523809524,59,6,0.40870570107858245,0.5,0.3135593220338983,0.1266605588639487,down_link,0.3135593220338983,0.14133869577707556,0.11631944444444445,0.5,5000,48,0.3135593220338983,0.5,0.5,0.13559322033898305,0.5,dolomites
0.18,52,4,0.3076923076923077,0.5,0.19230769230769232,0.14102564102564102,down_power,0.22115384615384615,0.13424556213017752,0.11375,0.46153846153846156,5000,40,0.21153846153846154,0.4,0.5,0.15384615384615385,0.475,meishan
0.20089285714285715,36,18,0.3611111111111111,0.5,0.2222222222222222,0.19753086419753085,down_power,0.24305555555555555,0.10030864197530864,0.1083984375,0.45370370370370366,5000,32,0.2777777777777778,0.40625,0.5,0.2222222222222222,0.453125,tibet
0.23533724340175952,36,25,0.4444444444444444,0.5,0.125,0.2037037037037037,down_niche,0.2777777777777778,0.14506172839506173,0.15816857440166493,0.4444444444444444,5000,31,0.3055555555555556,0.5,0.5,0.2222222222222222,0.5,tibet
0.25630252100840334,29,21,0.5,0.4642857142857143,0.39655172413793105,0.25,down_link,0.39655172413793105,0.14863258026159334,0.15433673469387754,0.47413793103448276,5000,28,0.40804597701149425,0.35714285714285715,0.5,0.27586206896551724,0.4642857142857143,greenland
0.1976976976976977,52,4,0.34615384615384615,0.5,0.21153846153846154,0.14354395604395603,down_rand,0.21153846153846154,0.13424556213017752,0.1329437545653762,0.4807692307692308,5000,37,0.23076923076923078,0.490990990990991,0.5,0.15384615384615385,0.5,meishan
0.19056811913954771,52,23,0.15384615384615385,0.5,0.3076923076923077,0.1791497975708502,atn,0.3269230769230769,0.09393491124260354,0.102457309454394,0.40384615384615385,5000,49,0.3076923076923077,0.2142857142857143,0.4807692307692308,0.16466346153846154,0.41836734693877553,meishan
0.1519607843137255,59,4,0.4241323648103309,0.5,0.3135593220338983,0.12557781201849,down_rand,0.3135593220338983,0.13444412525136454,0.11328125,0.5,5000,48,0.3135593220338983,0.5,0.5,0.13559322033898305,0.5,dolomites
0.2536231884057971,41,20,0.3003048780487805,0.41304347826086957,0.039634146341463415,0.17073170731707318,niche,0.04471544715447155,0.11362284354550863,0.14555765595463138,0.3048780487804878,5000,23,0.042682926829268296,0.4565217391304348,0.47560975609756095,0.023809523809523808,0.3695652173913043,turkiye
0.3333333333333333,29,21,0.35344827586206895,0.45,0.05172413793103448,0.1724137931034483,niche,0.05172413793103448,0.1450653983353151,0.19555555555555557,0.3620689655172414,5000,15,0.05172413793103448,0.43333333333333335,0.3505747126436782,0.02777777777777778,0.3888888888888889,kashmir
0.14403453689167975,59,9,0.2702448210922787,0.5,0.3305084745762712,0.11906779661016949,down_rand,0.3135593220338983,0.10456765297328353,0.08371511870054144,0.5,5000,49,0.3135593220338983,0.5,0.5,0.13559322033898305,0.5,dolomites
0.2076923076923077,29,13,0.3146551724137931,0.4807692307692308,0.39655172413793105,0.2025862068965517,down_niche,0.25862068965517243,0.05826397146254459,0.06656804733727811,0.4051724137931034,5000,26,0.3620689655172414,0.3076923076923077,0.39655172413793105,0.27586206896551724,0.4230769230769231,kashmir
0.34210526315789475,41,10,0.3079268292682927,0.3526315789473684,0.4268292682926829,0.32926829268292684,niche,0.4268292682926829,0.05175490779298037,0.05124653739612189,0.20121951219512196,5000,38,0.4268292682926829,0.34210526315789475,0.3130081300813008,0.33902439024390246,0.19298245614035087,turkiye
0.26571428571428574,29,15,0.3706896551724138,0.5,0.3620689655172414,0.24482758620689657,down_rand,0.3620689655172414,0.11890606420927467,0.1424,0.4525862068965517,5000,25,0.3620689655172414,0.5,0.5,0.27586206896551724,0.5,greenland
0.2998533724340176,36,20,0.2048611111111111,0.47580645161290325,0.2777777777777778,0.25854700854700857,atn,0.2222222222222222,0.12191358024691358,0.13527575442247658,0.32407407407407407,5000,31,0.2777777777777778,0.5,0.4722222222222222,0.2222222222222222,0.3602150537634409,tibet
0.31052631578947365,29,20,0.2442528735632184,0.32456140350877194,0.22413793103448276,0.30295566502463056,atn,0.22413793103448276,0.12247324613555291,0.13850415512465375,0.27011494252873564,5000,19,0.22413793103448276,0.4473684210526315,0.3689655172413793,0.1896551724137931,0.28289473684210525,kashmir
0.26333333333333336,29,28,0.4241379310344828,0.5,0.2672413793103448,0.2310344827586207,down_link,0.28160919540229884,0.09631391200951249,0.1008,0.5,5000,25,0.22413793103448276,0.5,0.4655172413793104,0.27586206896551724,0.45999999999999996,greenland
0.24404761904761904,29,19,0.4517241379310345,0.5,0.25862068965517243,0.24482758620689657,down_rand,0.22413793103448276,0.13793103448275862,0.14030612244897958,0.4540229885057471,5000,28,0.22413793103448276,0.42857142857142855,0.5,0.25862068965517243,0.42857142857142855,kashmir
0.29222222222222227,29,17,0.5,0.5,0.3620689655172414,0.2543103448275862,metaweb,0.3620689655172414,0.19262782401902498,0.2176,0.43103448275862066,5000,25,0.3620689655172414,0.5,0.5,0.27586206896551724,0.5,greenland
0.23484848484848483,29,9,0.3706896551724138,0.38636363636363635,0.1896551724137931,0.20689655172413793,niche,0.15517241379310345,0.09631391200951249,0.09710743801652892,0.2931034482758621,5000,22,0.1896551724137931,0.3181818181818182,0.25862068965517243,0.15086206896551724,0.2954545454545454,greenland
0.21011904761904762,41,21,0.47560975609756095,0.5,0.3048780487804878,0.1802168021680217,down_niche,0.3048780487804878,0.148720999405116,0.15183673469387754,0.45121951219512196,5000,35,0.32926829268292684,0.5,0.5,0.1951219512195122,0.4928571428571428,turkiye
0.18990042674253202,52,18,0.28076923076923077,0.5,0.23076923076923078,0.14046822742474915,down_rand,0.21153846153846154,0.10022189349112426,0.09934258582907232,0.5,5000,37,0.21153846153846154,0.46621621621621623,0.5,0.15384615384615385,0.5,meishan
0.36153846153846153,36,28,0.20833333333333331,0.45999999999999996,0.16666666666666666,0.25146198830409355,atn,0.19444444444444445,0.11188271604938271,0.136,0.3611111111111111,5000,25,0.19444444444444445,0.5,0.4722222222222222,0.16666666666666666,0.33999999999999997,tibet
0.19698544698544698,52,28,0.4230769230769231,0.5,0.1826923076923077,0.14155982905982906,down_niche,0.21153846153846154,0.09615384615384616,0.13002191380569758,0.36538461538461536,5000,37,0.21153846153846154,0.5,0.46153846153846156,0.15384615384615385,0.5,meishan
0.23809523809523808,59,2,0.3403954802259887,0.40476190476190477,0.17796610169491525,0.1864406779661017,niche,0.17796610169491525,0.13817868428612468,0.16156462585034015,0.3135593220338983,5000,42,0.17796610169491525,0.35714285714285715,0.4661016949152542,0.08686440677966101,0.38095238095238093,dolomites
0.15447154471544716,59,11,0.4661016949152542,0.5,0.3135593220338983,0.12772397094430993,down_niche,0.3135593220338983,0.1488078138465958,0.1349826388888889,0.5,5000,48,0.3135593220338983,0.5,0.5,0.13559322033898305,0.5,dolomites
0.17368421052631577,52,13,0.22596153846153846,0.47368421052631576,0.23076923076923078,0.1466346153846154,down_link,0.25,0.0639792899408284,0.04986149584487535,0.4807692307692308,5000,38,0.25,0.39473684210526316,0.4807692307692308,0.17307692307692307,0.47368421052631576,meishan
0.2741176470588235,41,16,0.19308943089430894,0.5,0.3048780487804878,0.22777340676632574,atn,0.3048780487804878,0.12611540749553837,0.1453287197231834,0.32926829268292684,5000,34,0.3048780487804878,0.47058823529411764,0.4268292682926829,0.1856368563685637,0.3431372549019608,turkiye
0.26543209876543206,29,30,0.3620689655172414,0.4629629629629629,0.25862068965517243,0.2607758620689655,down_rand,0.3275862068965517,0.08680142687277051,0.09190672153635117,0.4224137931034483,5000,27,0.25862068965517243,0.27314814814814814,0.45689655172413796,0.22413793103448276,0.38888888888888884,kashmir
0.14942528735632185,59,26,0.2966101694915254,0.5,0.3135593220338983,0.12057010785824346,down_power,0.3135593220338983,0.1223786268313703,0.09505208333333333,0.5,5000,48,0.3135593220338983,0.5,0.5,0.13559322033898305,0.5,dolomites
0.1634026927784578,52,24,0.2724358974358974,0.5,0.09615384615384616,0.13076923076923078,down_power,0.07692307692307693,0.10872781065088757,0.09843158464034614,0.4807692307692308,5000,43,0.08461538461538462,0.4689922480620155,0.46153846153846156,0.15384615384615385,0.47093023255813954,meishan
0.3888888888888889,41,2,0.3313008130081301,0.3888888888888889,0.3231707317073171,0.34146341463414637,niche,0.35365853658536583,0.12968471148126115,0.1396604938271605,0.28397212543554007,5000,36,0.3780487804878049,0.44907407407407407,0.4024390243902439,0.23170731707317072,0.25,turkiye
0.18382352941176472,41,5,0.26422764227642276,0.4411764705882353,0.3048780487804878,0.18292682926829268,down_power,0.3048780487804878,0.09220701963117192,0.06487889273356401,0.45121951219512196,5000,34,0.3048780487804878,0.4264705882352941,0.47560975609756095,0.21951219512195122,0.47058823529411764,turkiye
0.24492753623188407,36,29,0.5,0.5,0.3333333333333333,0.20619658119658119,metaweb,0.3333333333333333,0.19367283950617284,0.19555555555555557,0.4166666666666667,5000,30,0.3333333333333333,0.5,0.5,0.2222222222222222,0.5,tibet
0.22291666666666665,52,17,0.2980769230769231,0.4583333333333333,0.2692307692307692,0.21153846153846154,niche,0.3269230769230769,0.09356508875739646,0.09678819444444445,0.34615384615384615,5000,48,0.34615384615384615,0.2708333333333333,0.40384615384615385,0.15384615384615385,0.3541666666666667,meishan
0.29292929292929293,29,30,0.41954022988505746,0.4772727272727273,0.15517241379310345,0.2425287356321839,down_rand,0.14655172413793105,0.08680142687277051,0.11776859504132231,0.41810344827586204,5000,22,0.11206896551724138,0.5,0.43103448275862066,0.2931034482758621,0.4393939393939394,greenland
0.3796296296296296,29,20,0.4051724137931034,0.32870370370370366,0.3275862068965517,0.25985221674876846,niche,0.4655172413793104,0.11058263971462545,0.11248285322359397,0.3017241379310345,5000,27,0.3620689655172414,0.4351851851851852,0.339080459770115,0.3706896551724138,0.3055555555555555,kashmir
0.185595567867036,52,16,0.30528846153846156,0.5,0.21153846153846154,0.1401098901098901,down_power,0.23076923076923078,0.1253698224852071,0.10664819944598337,0.46153846153846156,5000,38,0.22115384615384615,0.4649122807017544,0.5,0.15384615384615385,0.5,meishan
0.32,29,16,0.4885057471264368,0.4625,0.08620689655172414,0.22844827586206898,down_niche,0.08620689655172414,0.1248513674197384,0.165,0.3620689655172414,5000,20,0.07758620689655173,0.45,0.5,0.040229885057471264,0.45,kashmir
0.1456876456876457,52,28,0.4636752136752137,0.5,0.21153846153846154,0.1456876456876457,metaweb,0.23076923076923078,0.17492603550295857,0.17492603550295857,0.4423076923076923,5000,52,0.23076923076923078,0.1456876456876457,0.5,0.15384615384615385,0.4423076923076923,meishan
0.21742424242424244,41,25,0.32926829268292684,0.5,0.3048780487804878,0.17454268292682928,down_power,0.29878048780487804,0.1451516954193932,0.1248852157943067,0.5,5000,33,0.32926829268292684,0.5,0.5,0.1951219512195122,0.5,turkiye
0.22777340676632574,52,26,0.16025641025641027,0.45121951219512196,0.09615384615384616,0.1801125703564728,atn,0.11538461538461539,0.11723372781065089,0.1386079714455681,0.36538461538461536,5000,41,0.11538461538461539,0.45121951219512196,0.4423076923076923,0.09615384615384616,0.35365853658536583,meishan
0.15306122448979592,36,2,0.375,0.5,0.022727272727272728,0.08333333333333333,niche,0.021739130434782608,0.14351851851851852,0.1836734693877551,0.35416666666666663,5000,14,0.022727272727272728,0.39285714285714285,0.4444444444444444,0.021739130434782608,0.30952380952380953,tibet
0.23207885304659498,36,6,0.4444444444444444,0.5,0.3333333333333333,0.20238095238095238,down_link,0.25,0.1412037037037037,0.13943808532778357,0.4722222222222222,5000,31,0.3055555555555556,0.5,0.5,0.2222222222222222,0.5,tibet
0.2653061224489796,59,9,0.364406779661017,0.47959183673469385,0.2627118644067796,0.22033898305084745,niche,0.2796610169491526,0.10772766446423442,0.10620574760516452,0.43220338983050843,5000,49,0.2796610169491526,0.39285714285714285,0.5,0.1440677966101695,0.423469387755102,dolomites
0.29222222222222227,29,11,0.5,0.5,0.3620689655172414,0.2543103448275862,metaweb,0.3620689655172414,0.19262782401902498,0.2176,0.43103448275862066,5000,25,0.3620689655172414,0.5,0.5,0.27586206896551724,0.5,greenland
0.29411764705882354,36,26,0.35,0.38235294117647056,0.4166666666666667,0.2777777777777778,niche,0.4444444444444444,0.11651234567901235,0.11591695501730104,0.37037037037037035,5000,34,0.3888888888888889,0.4117647058823529,0.39814814814814814,0.19047619047619047,0.35294117647058826,tibet
0.1707070707070707,59,2,0.12893462469733658,0.4818181818181818,0.211864406779661,0.15928744379107576,atn,0.1271186440677966,0.13444412525136454,0.13884297520661157,0.4152542372881356,5000,55,0.2288135593220339,0.4818181818181818,0.48305084745762716,0.0748587570621469,0.40909090909090906,dolomites
0.29222222222222227,29,15,0.5,0.5,0.3620689655172414,0.2543103448275862,metaweb,0.3620689655172414,0.19500594530321047,0.2176,0.43103448275862066,5000,25,0.3620689655172414,0.5,0.5,0.27586206896551724,0.5,kashmir
0.2231934731934732,41,7,0.48861788617886176,0.5,0.3048780487804878,0.18292682926829268,metaweb,0.32926829268292684,0.20226055919095776,0.18365472910927455,0.47560975609756095,5000,33,0.3048780487804878,0.5,0.5,0.1951219512195122,0.5,turkiye
0.15104166666666669,59,16,0.2531779661016949,0.5,0.3305084745762712,0.12272441933458883,down_power,0.3135593220338983,0.12553863832232118,0.09114583333333333,0.48305084745762716,5000,48,0.3135593220338983,0.5,0.5,0.13559322033898305,0.5,dolomites
0.2631578947368421,41,7,0.3780487804878049,0.39473684210526316,0.3353658536585366,0.2682926829268293,niche,0.18292682926829268,0.09637120761451518,0.1038781163434903,0.3097560975609756,5000,38,0.4024390243902439,0.39473684210526316,0.41056910569105687,0.2682926829268293,0.3157894736842105,turkiye
0.2451923076923077,29,9,0.3879310344827586,0.5,0.3275862068965517,0.23706896551724138,down_rand,0.2931034482758621,0.10463733650416171,0.11538461538461539,0.4051724137931034,5000,26,0.21982758620689655,0.38461538461538464,0.4655172413793104,0.22413793103448276,0.4230769230769231,kashmir
0.39311594202898553,29,24,0.2442528735632184,0.40217391304347827,0.25862068965517243,0.31149425287356325,atn,0.25862068965517243,0.12247324613555291,0.14555765595463138,0.2931034482758621,5000,23,0.2931034482758621,0.4565217391304348,0.3620689655172414,0.25862068965517243,0.32608695652173914,kashmir
0.21770334928229665,36,22,0.3819444444444444,0.5,0.375,0.2013888888888889,down_link,0.4166666666666667,0.14737654320987653,0.14508723599632692,0.4166666666666667,5000,33,0.3888888888888889,0.4696969696969697,0.5,0.2222222222222222,0.4393939393939394,tibet
0.29222222222222227,29,2,0.5,0.5,0.3620689655172414,0.2543103448275862,metaweb,0.3620689655172414,0.19500594530321047,0.2176,0.43103448275862066,5000,25,0.3620689655172414,0.5,0.5,0.27586206896551724,0.5,kashmir
0.34415584415584416,36,30,0.3888888888888889,0.49242424242424243,0.20833333333333331,0.32175925925925924,niche,0.18333333333333332,0.09567901234567901,0.10743801652892562,0.25,5000,33,0.16666666666666666,0.3712121212121212,0.3888888888888889,0.28703703703703703,0.3242424242424242,tibet
0.27435897435897433,29,16,0.4655172413793104,0.5,0.3045977011494253,0.24261083743842365,down_rand,0.25862068965517243,0.1248513674197384,0.14201183431952663,0.47413793103448276,5000,26,0.3275862068965517,0.46153846153846156,0.4655172413793104,0.27586206896551724,0.5,kashmir
0.5,29,1,0.3275862068965517,0.33695652173913043,0.3448275862068966,0.3275862068965517,down_power,0.3448275862068966,0.09988109393579073,0.15122873345935728,0.28160919540229884,5000,23,0.3448275862068966,0.5,0.15517241379310345,0.4655172413793104,0.3647342995169082,greenland
0.25,29,26,0.339080459770115,0.3888888888888889,0.12068965517241378,0.1724137931034483,niche,0.12931034482758622,0.11652794292508918,0.12345679012345678,0.3879310344827586,5000,18,0.11206896551724138,0.37037037037037035,0.5,0.05172413793103448,0.3888888888888889,greenland
0.30392156862745096,41,23,0.186411149825784,0.4666666666666667,0.15853658536585366,0.22777340676632574,atn,0.2804878048780488,0.09220701963117192,0.1111111111111111,0.3780487804878049,5000,30,0.15853658536585366,0.43333333333333335,0.47560975609756095,0.14111498257839722,0.36666666666666664,turkiye
0.25925925925925924,59,12,0.32627118644067793,0.4444444444444444,0.0635593220338983,0.1694915254237288,niche,0.0423728813559322,0.13961505314564782,0.14737654320987653,0.3813559322033898,5000,36,0.046610169491525424,0.3888888888888889,0.48305084745762716,0.038135593220338986,0.4583333333333333,dolomites
0.22426470588235295,36,25,0.39444444444444443,0.5,0.16666666666666666,0.2013888888888889,down_link,0.2222222222222222,0.14506172839506173,0.1435546875,0.4166666666666667,5000,32,0.2222222222222222,0.46875,0.5,0.2222222222222222,0.5,tibet
0.39311594202898553,29,23,0.2327586206896552,0.45108695652173914,0.15517241379310345,0.28160919540229884,atn,0.25862068965517243,0.11296076099881094,0.1342155009451796,0.2931034482758621,5000,23,0.3275862068965517,0.4565217391304348,0.41954022988505746,0.27011494252873564,0.2971014492753623,greenland
0.21111111111111108,29,14,0.2974137931034483,0.4351851851851852,0.1810344827586207,0.1867816091954023,down_link,0.3275862068965517,0.06539833531510107,0.06310013717421124,0.45689655172413796,5000,27,0.2931034482758621,0.2037037037037037,0.47413793103448276,0.27586206896551724,0.4135802469135802,kashmir
0.29222222222222227,29,8,0.5,0.5,0.3620689655172414,0.2543103448275862,metaweb,0.39655172413793105,0.19500594530321047,0.2176,0.43103448275862066,5000,25,0.3620689655172414,0.5,0.5,0.27586206896551724,0.5,kashmir
0.23084677419354838,36,29,0.4027777777777778,0.5,0.25,0.1977124183006536,down_link,0.2777777777777778,0.13348765432098766,0.14151925078043703,0.4166666666666667,5000,31,0.2916666666666667,0.5,0.5,0.2222222222222222,0.49193548387096775,tibet
0.20265151515151517,41,2,0.3556910569105691,0.5,0.21544715447154472,0.17575322812051652,down_power,0.29878048780487804,0.13503866745984533,0.10743801652892562,0.5,5000,33,0.2804878048780488,0.5,0.5,0.1951219512195122,0.5,turkiye
0.19240669240669242,52,1,0.36538461538461536,0.5,0.23076923076923078,0.14038461538461539,down_rand,0.21153846153846154,0.10022189349112426,0.09788166544923302,0.4807692307692308,5000,37,0.21153846153846154,0.46621621621621623,0.5,0.15384615384615385,0.5,meishan
0.4307359307359307,29,22,0.2456896551724138,0.40476190476190477,0.25862068965517243,0.3459770114942529,atn,0.2931034482758621,0.1426872770511296,0.14512471655328799,0.2931034482758621,5000,21,0.25862068965517243,0.5,0.4655172413793104,0.25862068965517243,0.30952380952380953,kashmir
0.2797202797202797,29,26,0.4655172413793104,0.5,0.03333333333333333,0.21551724137931033,down_niche,0.08620689655172414,0.12247324613555291,0.1652892561983471,0.3879310344827586,5000,22,0.05172413793103448,0.4772727272727273,0.4655172413793104,0.03333333333333333,0.5,greenland
0.257183908045977,29,29,0.3620689655172414,0.4396551724137931,0.1896551724137931,0.1896551724137931,niche,0.3879310344827586,0.13912009512485138,0.13912009512485138,0.339080459770115,5000,29,0.5,0.28879310344827586,0.45689655172413796,0.27586206896551724,0.339080459770115,greenland
0.352994555353902,29,4,0.25862068965517243,0.4655172413793104,0.3758620689655172,0.3498985801217039,atn,0.4655172413793104,0.13317479191438764,0.13317479191438764,0.3160919540229885,5000,29,0.39655172413793105,0.3498985801217039,0.39655172413793105,0.32445141065830724,0.3160919540229885,kashmir
0.2657142857142857,36,6,0.3888888888888889,0.44285714285714284,0.4166666666666667,0.27083333333333337,niche,0.3888888888888889,0.14969135802469136,0.156734693877551,0.3888888888888889,5000,35,0.4722222222222222,0.26904761904761904,0.4722222222222222,0.2673611111111111,0.38571428571428573,tibet
0.18421052631578946,52,15,0.34615384615384615,0.5,0.21153846153846154,0.14160839160839161,down_power,0.23076923076923078,0.11871301775147929,0.1038781163434903,0.4423076923076923,5000,38,0.21153846153846154,0.4824561403508772,0.4807692307692308,0.17307692307692307,0.47368421052631576,meishan
0.34259259259259256,36,27,0.20679012345679013,0.45370370370370366,0.25,0.25854700854700857,atn,0.25,0.12422839506172839,0.14266117969821673,0.3611111111111111,5000,27,0.1111111111111111,0.5,0.4722222222222222,0.25,0.35185185185185186,tibet
0.23214285714285712,52,27,0.14335664335664336,0.5,0.07692307692307693,0.1614490161001789,atn,0.07692307692307693,0.128698224852071,0.15354938271604937,0.38461538461538464,5000,36,0.09615384615384616,0.39583333333333337,0.4551282051282051,0.07692307692307693,0.3888888888888889,meishan
0.15136054421768708,59,21,0.4757318952234207,0.5,0.3135593220338983,0.12751281040599133,down_niche,0.3135593220338983,0.1488078138465958,0.13286130778842148,0.48305084745762716,5000,49,0.3305084745762712,0.5,0.5,0.13559322033898305,0.4846938775510204,dolomites
0.15315315315315314,59,22,0.4410815173527038,0.5,0.3305084745762712,0.1264124293785311,down_rand,0.3305084745762712,0.1476587187589773,0.1232638888888889,0.5,5000,48,0.3135593220338983,0.5,0.5,0.13559322033898305,0.5,dolomites
0.25,29,1,0.3275862068965517,0.4166666666666667,0.22413793103448276,0.20862068965517241,niche,0.3275862068965517,0.10939357907253269,0.125,0.3160919540229885,5000,24,0.2327586206896552,0.375,0.4396551724137931,0.2413793103448276,0.3611111111111111,kashmir
0.3076923076923077,29,22,0.43103448275862066,0.4230769230769231,0.3620689655172414,0.27586206896551724,niche,0.39655172413793105,0.15219976218787157,0.17011834319526628,0.3505747126436782,5000,26,0.2931034482758621,0.358974358974359,0.4224137931034483,0.25862068965517243,0.4230769230769231,greenland
0.265625,36,15,0.2048611111111111,0.5,0.37962962962962965,0.25277777777777777,atn,0.3333333333333333,0.12037037037037036,0.1376953125,0.3055555555555556,5000,32,0.3333333333333333,0.415625,0.4444444444444444,0.24074074074074073,0.3333333333333333,tibet
0.17467948717948717,52,17,0.25,0.5,0.21153846153846154,0.1388888888888889,down_link,0.21153846153846154,0.09652366863905325,0.08218277449046679,0.5,5000,39,0.21153846153846154,0.5,0.5,0.15384615384615385,0.5,meishan
0.19538288288288289,52,2,0.38663967611336036,0.5,0.21153846153846154,0.14275147928994084,down_link,0.21153846153846154,0.13498520710059173,0.1241782322863404,0.4903846153846154,5000,37,0.21153846153846154,0.4898648648648649,0.5,0.15384615384615385,0.5,meishan
0.29222222222222227,29,21,0.5,0.5,0.3620689655172414,0.2543103448275862,metaweb,0.3620689655172414,0.19500594530321047,0.2176,0.43103448275862066,5000,25,0.39655172413793105,0.5,0.5,0.27586206896551724,0.5,kashmir
0.24492753623188407,36,24,0.5,0.5,0.3333333333333333,0.20619658119658119,metaweb,0.3333333333333333,0.19367283950617284,0.19555555555555557,0.4166666666666667,5000,30,0.3333333333333333,0.5,0.5,0.2222222222222222,0.5,tibet
0.1523809523809524,59,8,0.43220338983050843,0.5,0.3135593220338983,0.1264124293785311,down_link,0.3135593220338983,0.14794599253088192,0.12109375,0.48305084745762716,5000,48,0.3135593220338983,0.5,0.5,0.13559322033898305,0.5,dolomites
0.3076923076923077,29,5,0.3160919540229885,0.3717948717948718,0.3275862068965517,0.3045977011494253,niche,0.39655172413793105,0.09988109393579073,0.10059171597633136,0.33620689655172414,5000,26,0.3017241379310345,0.3653846153846154,0.4224137931034483,0.2931034482758621,0.34615384615384615,kashmir
0.37105263157894736,29,15,0.3689655172413793,0.48245614035087714,0.03333333333333333,0.24954627949183303,down_niche,0.05172413793103448,0.11890606420927467,0.16620498614958448,0.3620689655172414,5000,19,0.05172413793103448,0.5,0.4913793103448276,0.03333333333333333,0.4473684210526315,kashmir
0.24035087719298245,36,24,0.3333333333333333,0.4777777777777778,0.2361111111111111,0.2028985507246377,down_niche,0.08888888888888888,0.1087962962962963,0.12111111111111111,0.4166666666666667,5000,30,0.3055555555555556,0.4666666666666667,0.5,0.03888888888888889,0.43333333333333335,tibet
0.2037593984962406,41,8,0.35636856368563685,0.5,0.25609756097560976,0.18080593849416757,down_link,0.20121951219512196,0.14812611540749554,0.13142857142857142,0.5,5000,35,0.18292682926829268,0.4928571428571428,0.5,0.1951219512195122,0.4928571428571428,turkiye
0.29222222222222227,29,5,0.5,0.5,0.3620689655172414,0.2543103448275862,metaweb,0.3620689655172414,0.19500594530321047,0.2176,0.43103448275862066,5000,25,0.3620689655172414,0.5,0.5,0.27586206896551724,0.5,kashmir
0.19954954954954957,52,24,0.3901098901098901,0.5,0.21153846153846154,0.1456876456876457,metaweb,0.21153846153846154,0.17492603550295857,0.16946676406135866,0.4423076923076923,5000,37,0.21153846153846154,0.5,0.5,0.15384615384615385,0.5,meishan
0.25833333333333336,29,24,0.39655172413793105,0.4583333333333333,0.39655172413793105,0.18596059113300492,down_niche,0.3620689655172414,0.10939357907253269,0.14583333333333334,0.39655172413793105,5000,24,0.22413793103448276,0.5,0.39655172413793105,0.27586206896551724,0.5,kashmir
0.20833333333333334,59,26,0.23375706214689265,0.375,0.014285714285714285,0.11864406779661017,niche,0.014285714285714285,0.12209135305946567,0.14583333333333334,0.34745762711864403,5000,24,0.014285714285714285,0.35416666666666663,0.43220338983050843,0.01282051282051282,0.3472222222222222,dolomites
0.20588235294117646,41,22,0.3861788617886179,0.47058823529411764,0.23780487804878048,0.17073170731707318,niche,0.2804878048780488,0.15645449137418205,0.1695501730103806,0.4329268292682927,5000,34,0.3201219512195122,0.2536764705882353,0.47560975609756095,0.1048780487804878,0.47058823529411764,turkiye
0.2231934731934732,41,27,0.44283536585365857,0.5,0.32926829268292684,0.18292682926829268,metaweb,0.3048780487804878,0.20226055919095776,0.18365472910927455,0.47560975609756095,5000,33,0.32926829268292684,0.5,0.5,0.1951219512195122,0.5,turkiye
0.19517543859649122,52,9,0.15567765567765568,0.5,0.057692307692307696,0.1801125703564728,atn,0.23076923076923078,0.10798816568047337,0.1193576388888889,0.36538461538461536,5000,48,0.07692307692307693,0.5,0.46794871794871795,0.15384615384615385,0.375,meishan
0.1693181818181818,59,16,0.1251246261216351,0.5,0.07627118644067796,0.15949152542372882,atn,0.12033898305084746,0.12754955472565355,0.13487603305785123,0.4152542372881356,5000,55,0.19491525423728814,0.4818181818181818,0.48305084745762716,0.1093220338983051,0.40909090909090906,dolomites
0.22030651340996169,29,3,0.3620689655172414,0.5,0.3275862068965517,0.2310344827586207,down_link,0.39655172413793105,0.10225921521997622,0.10225921521997622,0.4913793103448276,5000,29,0.3620689655172414,0.23706896551724138,0.5,0.25862068965517243,0.4913793103448276,kashmir
0.2824074074074074,29,7,0.3620689655172414,0.4629629629629629,0.35344827586206895,0.25,down_rand,0.3620689655172414,0.089179548156956,0.09876543209876543,0.4051724137931034,5000,27,0.33620689655172414,0.31481481481481477,0.45689655172413796,0.3103448275862069,0.4351851851851852,kashmir
0.1989748369058714,52,25,0.3894230769230769,0.5,0.21153846153846154,0.14536199095022626,down_niche,0.21153846153846154,0.14497041420118342,0.1643535427319211,0.4807692307692308,5000,37,0.21153846153846154,0.5,0.5,0.15384615384615385,0.5,meishan
0.21666666666666667,36,18,0.33796296296296297,0.5,0.3611111111111111,0.19444444444444445,down_link,0.29629629629629634,0.10030864197530864,0.09111111111111111,0.5,5000,30,0.3194444444444444,0.5,0.5,0.2222222222222222,0.5,tibet
0.20761245674740483,41,25,0.3362369337979094,0.5,0.3048780487804878,0.18080593849416757,down_rand,0.3048780487804878,0.1451516954193932,0.1323529411764706,0.5,5000,34,0.27439024390243905,0.5,0.5,0.1951219512195122,0.5,turkiye
0.16287878787878787,41,10,0.24695121951219512,0.4696969696969697,0.3048780487804878,0.15365853658536585,down_link,0.2865853658536585,0.05353955978584176,0.04499540863177227,0.47560975609756095,5000,33,0.29573170731707316,0.5,0.5,0.1951219512195122,0.4494949494949495,turkiye
0.2842857142857143,29,7,0.43103448275862066,0.5,0.20344827586206896,0.2385057471264368,down_niche,0.3620689655172414,0.089179548156956,0.1072,0.4051724137931034,5000,25,0.3275862068965517,0.3342857142857143,0.4655172413793104,0.27586206896551724,0.45999999999999996,kashmir
0.2566137566137566,29,15,0.4655172413793104,0.5,0.2931034482758621,0.2471264367816092,down_link,0.3275862068965517,0.11890606420927467,0.12071330589849108,0.4913793103448276,5000,27,0.2672413793103448,0.38888888888888884,0.5,0.27586206896551724,0.4907407407407407,greenland
0.38095238095238093,29,16,0.2931034482758621,0.5,0.4827586206896552,0.2931034482758621,down_power,0.4827586206896552,0.1248513674197384,0.18229166666666666,0.3275862068965517,5000,24,0.4827586206896552,0.5,0.3275862068965517,0.43103448275862066,0.42708333333333337,greenland
0.17976190476190476,52,3,0.3269230769230769,0.5,0.21153846153846154,0.14160839160839161,down_link,0.23076923076923078,0.10170118343195267,0.091875,0.5,5000,40,0.21153846153846154,0.475,0.5,0.15384615384615385,0.5,meishan
0.2,36,4,0.3333333333333333,0.43333333333333335,0.023809523809523808,0.08333333333333333,niche,0.023809523809523808,0.12731481481481483,0.16,0.33888888888888885,5000,15,0.023809523809523808,0.5,0.42063492063492064,0.017857142857142856,0.31666666666666665,tibet
0.2153846153846154,29,10,0.235632183908046,0.4230769230769231,0.43103448275862066,0.16896551724137931,down_power,0.3620689655172414,0.0535077288941736,0.06360946745562131,0.35344827586206895,5000,26,0.2931034482758621,0.2596153846153846,0.39655172413793105,0.3448275862068966,0.39743589743589747,kashmir
0.22532894736842105,36,4,0.4305555555555556,0.5,0.2777777777777778,0.20238095238095238,down_power,0.36666666666666664,0.13425925925925927,0.1259765625,0.5,5000,32,0.3333333333333333,0.4375,0.5,0.2222222222222222,0.5,tibet
0.33749999999999997,36,23,0.375,0.4,0.06481481481481481,0.18981481481481483,down_niche,0.06944444444444445,0.09259259259259259,0.11,0.40740740740740744,5000,20,0.05555555555555555,0.4,0.5,0.037037037037037035,0.31666666666666665,tibet
0.2125,36,23,0.3395061728395062,0.484375,0.2777777777777778,0.18333333333333332,down_power,0.3055555555555556,0.09259259259259259,0.1015625,0.4444444444444444,5000,32,0.25,0.3125,0.5,0.2222222222222222,0.4479166666666667,tibet
0.14743589743589744,59,15,0.3135593220338983,0.5,0.3135593220338983,0.1223728813559322,down_power,0.3135593220338983,0.11864406779661017,0.08940972222222222,0.5,5000,48,0.3135593220338983,0.5,0.5,0.13559322033898305,0.5,dolomites
0.15789473684210525,52,5,0.3861538461538462,0.5,0.21153846153846154,0.1229757085020243,down_niche,0.21153846153846154,0.09208579881656805,0.12326869806094183,0.4166666666666667,5000,38,0.23076923076923078,0.5,0.4423076923076923,0.15384615384615385,0.47368421052631576,meishan
0.2546296296296296,29,1,0.4211822660098522,0.4861111111111111,0.31896551724137934,0.2310344827586207,down_rand,0.4224137931034483,0.09988109393579073,0.10699588477366255,0.40804597701149425,5000,27,0.25862068965517243,0.35185185185185186,0.5,0.27586206896551724,0.43827160493827155,kashmir
0.276,29,2,0.4525862068965517,0.5,0.3620689655172414,0.25,down_rand,0.3017241379310345,0.13436385255648037,0.152,0.4396551724137931,5000,25,0.3620689655172414,0.5,0.5,0.27586206896551724,0.5,kashmir
0.20588235294117646,41,18,0.3048780487804878,0.5,0.3048780487804878,0.16829268292682928,down_link,0.32926829268292684,0.09994051160023795,0.08650519031141868,0.49390243902439024,5000,34,0.3048780487804878,0.5,0.5,0.1951219512195122,0.5,turkiye
0.15447154471544716,59,29,0.4431497175141243,0.5,0.3135593220338983,0.12772397094430993,metaweb,0.3135593220338983,0.16690606147658718,0.1388888888888889,0.48305084745762716,5000,48,0.3305084745762712,0.5,0.5,0.13559322033898305,0.5,dolomites
0.35128205128205126,29,15,0.22701149425287356,0.4230769230769231,0.3620689655172414,0.25862068965517243,atn,0.3620689655172414,0.12247324613555291,0.13609467455621302,0.3275862068965517,5000,26,0.2931034482758621,0.3653846153846154,0.39655172413793105,0.27155172413793105,0.34615384615384615,greenland
0.16164241164241164,59,1,0.13363754889178617,0.4903846153846154,0.211864406779661,0.13425512934879572,atn,0.2796610169491526,0.10198218902614191,0.11575443786982248,0.3771186440677966,5000,52,0.2627118644067796,0.5,0.48305084745762716,0.11016949152542374,0.41025641025641024,dolomites
0.18416666666666667,52,15,0.4434389140271493,0.5,0.21153846153846154,0.1445221445221445,down_niche,0.19230769230769232,0.11871301775147929,0.140625,0.4423076923076923,5000,40,0.2403846153846154,0.5,0.46153846153846156,0.15384615384615385,0.475,meishan
0.2564102564102564,29,18,0.3706896551724138,0.4230769230769231,0.3275862068965517,0.229064039408867,down_rand,0.22413793103448276,0.09988109393579073,0.11242603550295859,0.4224137931034483,5000,26,0.16379310344827586,0.38461538461538464,0.5,0.27586206896551724,0.40384615384615385,greenland
0.2230769230769231,29,14,0.2931034482758621,0.5,0.3017241379310345,0.19458128078817735,down_niche,0.22413793103448276,0.06539833531510107,0.07840236686390532,0.3017241379310345,5000,26,0.22413793103448276,0.34615384615384615,0.3620689655172414,0.27586206896551724,0.38461538461538464,kashmir
0.4673913043478261,29,7,0.2931034482758621,0.28260869565217395,0.3448275862068966,0.3275862068965517,down_power,0.3448275862068966,0.089179548156956,0.14177693761814744,0.22126436781609196,5000,23,0.3448275862068966,0.5,0.25,0.5,0.3007246376811594,greenland
0.18148148148148147,52,2,0.2596153846153846,0.5,0.21153846153846154,0.13846153846153847,down_power,0.21153846153846154,0.13498520710059173,0.11125,0.4807692307692308,5000,40,0.21153846153846154,0.4875,0.5,0.15384615384615385,0.5,meishan
0.24285714285714285,36,6,0.45370370370370366,0.5,0.3611111111111111,0.18209876543209877,down_niche,0.3333333333333333,0.1412037037037037,0.15777777777777777,0.4166666666666667,5000,30,0.3333333333333333,0.5,0.5,0.2222222222222222,0.5,tibet
0.34980237154150196,59,25,0.364406779661017,0.43788819875776397,0.013888888888888888,0.1636245110821382,niche,0.013888888888888888,0.1327204826199368,0.10775047258979206,0.38700564971751417,5000,23,0.013888888888888888,0.3695652173913043,0.4533898305084746,0.013513513513513513,0.2971014492753623,dolomites
0.18333333333333332,36,25,0.3611111111111111,0.5,0.16666666666666666,0.13703703703703704,niche,0.08333333333333333,0.1550925925925926,0.13194444444444445,0.4027777777777778,5000,24,0.1111111111111111,0.3333333333333333,0.4583333333333333,0.027777777777777776,0.39166666666666666,tibet
0.27,29,10,0.2672413793103448,0.30000000000000004,0.39655172413793105,0.2327586206896552,niche,0.25862068965517243,0.052318668252080855,0.0544,0.21264367816091953,5000,25,0.3620689655172414,0.33999999999999997,0.21551724137931033,0.3275862068965517,0.21000000000000002,kashmir
0.19266917293233082,52,23,0.4230769230769231,0.47368421052631576,0.06850961538461539,0.14201183431952663,down_niche,0.08791208791208792,0.09208579881656805,0.12673130193905818,0.3942307692307693,5000,38,0.21153846153846154,0.5,0.5,0.15384615384615385,0.47368421052631576,meishan
0.23333333333333334,52,30,0.15384615384615385,0.4,0.19230769230769232,0.1787941787941788,atn,0.19230769230769232,0.10281065088757396,0.13,0.36538461538461536,5000,40,0.21153846153846154,0.5,0.4807692307692308,0.17455621301775148,0.35,meishan
0.26967592592592593,29,6,0.4913793103448276,0.4629629629629629,0.43103448275862066,0.2793103448275862,down_power,0.3879310344827586,0.14149821640903687,0.14814814814814814,0.4224137931034483,5000,27,0.4051724137931034,0.42592592592592593,0.5,0.3103448275862069,0.4351851851851852,kashmir
0.20773809523809525,41,3,0.4268292682926829,0.4714285714285714,0.31097560975609756,0.17726480836236935,down_niche,0.3048780487804878,0.10172516359309934,0.11346938775510204,0.4573170731707317,5000,35,0.21341463414634146,0.4714285714285714,0.47560975609756095,0.1951219512195122,0.5,turkiye
0.14942528735632185,59,2,0.35631741140215717,0.5,0.3135593220338983,0.1260035682426405,down_power,0.3135593220338983,0.13473139902326917,0.1072048611111111,0.5,5000,48,0.3135593220338983,0.5,0.5,0.13559322033898305,0.5,dolomites
0.1798076923076923,52,22,0.15384615384615385,0.5,0.34615384615384615,0.1806797853309481,atn,0.36538461538461536,0.14755917159763313,0.14755917159763313,0.40384615384615385,5000,52,0.28846153846153844,0.1804029304029304,0.5,0.18016194331983806,0.40384615384615385,meishan
0.29222222222222227,29,24,0.5,0.5,0.39655172413793105,0.2543103448275862,metaweb,0.3620689655172414,0.19500594530321047,0.2176,0.43103448275862066,5000,25,0.3620689655172414,0.5,0.5,0.27586206896551724,0.5,kashmir
0.26666666666666666,29,11,0.3045977011494253,0.4,0.12931034482758622,0.20689655172413793,niche,0.1896551724137931,0.14149821640903687,0.1325,0.27155172413793105,5000,20,0.12068965517241378,0.4,0.4224137931034483,0.06034482758620689,0.275,greenland
0.1952662721893491,41,28,0.3673780487804878,0.4423076923076923,0.08841463414634146,0.12697274031563843,niche,0.12804878048780488,0.1023200475907198,0.09319526627218935,0.3130081300813008,5000,26,0.15853658536585366,0.4230769230769231,0.45121951219512196,0.042682926829268296,0.3717948717948718,turkiye
0.17368421052631577,52,18,0.26121794871794873,0.5,0.23076923076923078,0.13846153846153847,down_power,0.21153846153846154,0.10022189349112426,0.08033240997229917,0.46794871794871795,5000,38,0.21153846153846154,0.4342105263157895,0.5,0.15384615384615385,0.5,meishan
0.17094017094017094,59,10,0.13163841807909604,0.5,0.09957627118644069,0.14891041162227603,atn,0.1610169491525424,0.08876759551852915,0.10170118343195267,0.4096045197740113,5000,52,0.1610169491525424,0.46153846153846156,0.48305084745762716,0.08121468926553672,0.4230769230769231,dolomites
0.15053763440860216,59,29,0.12651331719128328,0.5,0.14067796610169492,0.14212570621468926,atn,0.15466101694915255,0.13674231542660156,0.1522633744855967,0.4152542372881356,5000,54,0.11581920903954802,0.42592592592592593,0.48305084745762716,0.10246533127889061,0.42592592592592593,dolomites
0.14423076923076925,59,1,0.3135593220338983,0.5,0.3135593220338983,0.12209667294413057,down_rand,0.3305084745762712,0.09997127262280954,0.0859375,0.4957627118644068,5000,48,0.3135593220338983,0.5,0.5,0.13559322033898305,0.5,dolomites
0.2692307692307693,59,22,0.3135593220338983,0.32051282051282054,0.011363636363636362,0.11864406779661017,niche,0.011363636363636362,0.16029876472278082,0.16568047337278108,0.4265536723163842,5000,13,0.011363636363636362,0.3653846153846154,0.4872881355932204,0.011111111111111112,0.2692307692307693,dolomites
0.28095238095238095,29,28,0.4224137931034483,0.4880952380952381,0.15517241379310345,0.2136015325670498,down_niche,0.09482758620689655,0.09631391200951249,0.13151927437641722,0.3275862068965517,5000,21,0.12068965517241378,0.45238095238095233,0.4396551724137931,0.10775862068965517,0.40476190476190477,greenland
0.21610845295055822,41,26,0.3551829268292683,0.5,0.3048780487804878,0.17547425474254744,down_rand,0.2804878048780488,0.12254610350981558,0.12304866850321396,0.5,5000,33,0.3048780487804878,0.5,0.5,0.1951219512195122,0.5,turkiye
0.14393939393939395,59,3,0.29872881355932207,0.5,0.3135593220338983,0.12335216572504708,down_link,0.3135593220338983,0.1016949152542373,0.0798611111111111,0.5,5000,48,0.3135593220338983,0.5,0.5,0.13559322033898305,0.5,dolomites
0.23333333333333334,36,29,0.4722222222222222,0.5,0.3333333333333333,0.2048611111111111,down_niche,0.10416666666666666,0.13348765432098766,0.14888888888888888,0.4166666666666667,5000,30,0.3611111111111111,0.5,0.5,0.2222222222222222,0.4666666666666667,tibet
0.22023809523809523,41,10,0.35365853658536583,0.4166666666666667,0.039634146341463415,0.1510840108401084,down_niche,0.04471544715447155,0.05353955978584176,0.0642361111111111,0.3353658536585366,5000,24,0.022727272727272728,0.2916666666666667,0.4268292682926829,0.03658536585365854,0.2916666666666667,turkiye
0.2436046511627907,52,24,0.21153846153846154,0.4476744186046512,0.17307692307692307,0.20512820512820512,niche,0.3269230769230769,0.10613905325443787,0.10546241211465657,0.28205128205128205,5000,43,0.22692307692307692,0.2906976744186046,0.46153846153846156,0.08333333333333334,0.29844961240310075,meishan
0.20220588235294118,36,24,0.4246031746031746,0.5,0.4166666666666667,0.19444444444444445,down_link,0.3333333333333333,0.1087962962962963,0.10640138408304499,0.4166666666666667,5000,34,0.3611111111111111,0.3235294117647059,0.5,0.2222222222222222,0.4411764705882353,tibet
0.2923076923076923,36,1,0.20833333333333331,0.46153846153846156,0.2222222222222222,0.2560386473429952,atn,0.2222222222222222,0.11419753086419752,0.1390532544378698,0.3055555555555556,5000,26,0.2222222222222222,0.5,0.4166666666666667,0.25,0.34615384615384615,tibet
0.23931623931623933,29,23,0.2952586206896552,0.4230769230769231,0.21264367816091953,0.24482758620689657,down_niche,0.35344827586206895,0.09274673008323424,0.10059171597633136,0.39655172413793105,5000,26,0.2931034482758621,0.5,0.4913793103448276,0.27586206896551724,0.39743589743589747,kashmir
0.4397993311036789,29,24,0.2931034482758621,0.3695652173913043,0.41379310344827586,0.27729885057471265,down_power,0.41379310344827586,0.10939357907253269,0.17391304347826086,0.2931034482758621,5000,23,0.41379310344827586,0.5,0.2801724137931034,0.47413793103448276,0.41304347826086957,greenland
0.2513227513227513,29,16,0.4655172413793104,0.5,0.16206896551724137,0.2471264367816092,down_link,0.25,0.1248513674197384,0.1289437585733882,0.5,5000,27,0.33620689655172414,0.38888888888888884,0.4913793103448276,0.27586206896551724,0.5,greenland
0.14897959183673468,59,1,0.39830508474576276,0.5,0.0413135593220339,0.12494567579313343,down_niche,0.03140578265204387,0.09997127262280954,0.09787588504789671,0.5,5000,49,0.03125,0.5,0.5,0.13559322033898305,0.5,dolomites
0.15151515151515152,59,22,0.4152542372881356,0.5,0.3135593220338983,0.1264124293785311,down_link,0.3135593220338983,0.1476587187589773,0.12196180555555555,0.5,5000,48,0.3135593220338983,0.5,0.5,0.13559322033898305,0.5,dolomites
0.19871794871794873,59,28,0.13599677158999193,0.5,0.1271186440677966,0.17623659633344863,atn,0.11016949152542374,0.09422579718471703,0.10465976331360946,0.3813559322033898,5000,52,0.11016949152542374,0.4807692307692308,0.48305084745762716,0.07627118644067796,0.391025641025641,dolomites
0.24492753623188407,36,8,0.5,0.5,0.3333333333333333,0.20619658119658119,metaweb,0.3333333333333333,0.19367283950617284,0.19555555555555557,0.4166666666666667,5000,30,0.3611111111111111,0.5,0.5,0.2222222222222222,0.5,tibet
0.19954954954954957,52,27,0.4271255060728745,0.5,0.21153846153846154,0.1456876456876457,metaweb,0.21153846153846154,0.17492603550295857,0.16946676406135866,0.4423076923076923,5000,37,0.21153846153846154,0.5,0.5,0.15384615384615385,0.5,meishan
0.26,29,20,0.43103448275862066,0.47,0.25,0.23946360153256707,down_link,0.2672413793103448,0.12128418549346016,0.1216,0.4913793103448276,5000,25,0.2931034482758621,0.45999999999999996,0.4655172413793104,0.27586206896551724,0.45999999999999996,greenland
0.16666666666666669,52,7,0.28846153846153844,0.5,0.23076923076923078,0.1358974358974359,down_link,0.21153846153846154,0.08875739644970414,0.08086785009861933,0.5,5000,39,0.21634615384615385,0.47435897435897434,0.5,0.15384615384615385,0.5,meishan
0.20476190476190476,41,2,0.3780487804878049,0.5,0.3048780487804878,0.17479674796747968,down_rand,0.25609756097560976,0.13503866745984533,0.12163265306122449,0.47560975609756095,5000,35,0.35365853658536583,0.5,0.5,0.1951219512195122,0.4714285714285714,turkiye
0.18518518518518517,52,11,0.3076923076923077,0.4351851851851852,0.014705882352941176,0.09615384615384616,niche,0.01612903225806452,0.14792899408284024,0.14266117969821673,0.46153846153846156,5000,27,0.016666666666666666,0.39629629629629626,0.4807692307692308,0.014285714285714287,0.42592592592592593,meishan
0.135,59,3,0.25169491525423726,0.48,0.3347457627118644,0.11909009812667262,down_power,0.34745762711864403,0.1016949152542373,0.0752,0.4788135593220339,5000,50,0.3305084745762712,0.48,0.48305084745762716,0.15254237288135594,0.48,dolomites
0.15447154471544716,59,27,0.4757318952234207,0.5,0.3135593220338983,0.12772397094430993,metaweb,0.3135593220338983,0.16690606147658718,0.1388888888888889,0.48305084745762716,5000,48,0.3135593220338983,0.5,0.5,0.13559322033898305,0.5,dolomites
0.2692307692307692,29,8,0.5,0.5,0.3620689655172414,0.24892241379310345,down_link,0.3620689655172414,0.14744351961950058,0.15236686390532544,0.5,5000,26,0.35344827586206895,0.5,0.5,0.27586206896551724,0.5,greenland
0.2217391304347826,59,10,0.15169491525423728,0.4782608695652174,0.12076271186440678,0.2033898305084746,niche,0.17796610169491525,0.05400746911806952,0.05387523629489603,0.2966101694915254,5000,46,0.211864406779661,0.391304347826087,0.43220338983050843,0.11016949152542374,0.3804347826086957,dolomites
0.26068376068376065,29,6,0.43103448275862066,0.5,0.39655172413793105,0.24892241379310345,down_rand,0.3275862068965517,0.14149821640903687,0.14814814814814814,0.43103448275862066,5000,27,0.3620689655172414,0.5,0.5,0.27586206896551724,0.4629629629629629,greenland
0.3,29,11,0.5,0.5,0.3275862068965517,0.25136116152450094,down_niche,0.33620689655172414,0.14863258026159334,0.171875,0.45689655172413796,5000,24,0.3275862068965517,0.5,0.5,0.25862068965517243,0.4583333333333333,greenland
0.1944770857814336,52,29,0.36538461538461536,0.5,0.21153846153846154,0.14316239316239315,down_rand,0.21153846153846154,0.13350591715976332,0.13075237399561723,0.46153846153846156,5000,37,0.21153846153846154,0.5,0.5,0.15384615384615385,0.5,meishan
0.19954954954954957,52,21,0.4636752136752137,0.5,0.23076923076923078,0.1456876456876457,metaweb,0.21153846153846154,0.17492603550295857,0.16946676406135866,0.4423076923076923,5000,37,0.21153846153846154,0.5,0.5,0.15384615384615385,0.5,meishan
0.3277310924369748,41,30,0.19337979094076657,0.4642857142857143,0.18292682926829268,0.22723577235772358,atn,0.18292682926829268,0.11719214753123142,0.14285714285714285,0.32926829268292684,5000,28,0.18292682926829268,0.42857142857142855,0.4186991869918699,0.10975609756097561,0.35714285714285715,turkiye
0.15142857142857144,59,10,0.2533898305084746,0.48,0.3305084745762712,0.12134052388289676,down_rand,0.3305084745762712,0.08072392990519965,0.0712,0.4661016949152542,5000,50,0.34745762711864403,0.5,0.5,0.15254237288135594,0.48,dolomites
0.21176470588235294,41,22,0.4268292682926829,0.5,0.32926829268292684,0.18015521064301554,down_link,0.3048780487804878,0.14753123140987506,0.13062283737024222,0.5,5000,34,0.32926829268292684,0.5,0.5,0.1951219512195122,0.5,turkiye
0.16666666666666666,41,30,0.2361419068736142,0.39583333333333337,0.10975609756097561,0.14301552106430154,niche,0.08536585365853658,0.0809042236763831,0.04513888888888889,0.3048780487804878,5000,24,0.10975609756097561,0.25,0.25609756097560976,0.08536585365853658,0.25,turkiye
0.4083333333333333,29,26,0.3620689655172414,0.44666666666666666,0.4482758620689655,0.3620689655172414,down_power,0.4482758620689655,0.12247324613555291,0.1648,0.33620689655172414,5000,25,0.4482758620689655,0.5,0.3206896551724138,0.43103448275862066,0.40750000000000003,greenland
0.265625,41,1,0.2459349593495935,0.4375,0.23170731707317072,0.22195121951219512,down_power,0.16463414634146342,0.09994051160023795,0.109375,0.4268292682926829,5000,32,0.23780487804878048,0.4375,0.4268292682926829,0.25609756097560976,0.4166666666666667,turkiye
0.3197115384615385,29,25,0.39655172413793105,0.5,0.5,0.3135775862068966,down_power,0.5,0.1450653983353151,0.1804733727810651,0.39655172413793105,5000,26,0.5,0.5,0.3275862068965517,0.4482758620689655,0.5,greenland
0.19153225806451613,36,5,0.36728395061728397,0.5,0.2222222222222222,0.18253968253968253,down_link,0.31666666666666665,0.09182098765432099,0.08116545265348596,0.5,5000,31,0.2222222222222222,0.467741935483871,0.5,0.2222222222222222,0.5,tibet
0.25,36,11,0.32407407407407407,0.40625,0.3611111111111111,0.2222222222222222,niche,0.3611111111111111,0.15200617283950618,0.166015625,0.3611111111111111,5000,32,0.30000000000000004,0.36160714285714285,0.4444444444444444,0.11904761904761904,0.390625,tibet
0.2231934731934732,41,3,0.5,0.5,0.3048780487804878,0.18292682926829268,metaweb,0.3048780487804878,0.20226055919095776,0.18365472910927455,0.47560975609756095,5000,33,0.3048780487804878,0.5,0.5,0.1951219512195122,0.5,turkiye
0.230550284629981,36,27,0.3333333333333333,0.5,0.3333333333333333,0.2013888888888889,down_rand,0.2888888888888889,0.1257716049382716,0.12903225806451613,0.4351851851851852,5000,31,0.3055555555555556,0.5,0.5,0.2222222222222222,0.5,tibet
0.3303030303030303,29,6,0.2931034482758621,0.5,0.4655172413793104,0.24461206896551724,down_power,0.4655172413793104,0.14149821640903687,0.22933884297520662,0.2672413793103448,5000,22,0.4655172413793104,0.5,0.2931034482758621,0.4655172413793104,0.5,greenland
0.21207430340557273,36,11,0.35185185185185186,0.5,0.3611111111111111,0.2013888888888889,down_power,0.3611111111111111,0.14891975308641975,0.15311418685121106,0.4166666666666667,5000,34,0.3611111111111111,0.47058823529411764,0.5,0.2222222222222222,0.47058823529411764,tibet
0.31490384615384615,41,19,0.17405764966740578,0.5,0.18292682926829268,0.22009291521486643,atn,0.18292682926829268,0.13741820345032718,0.1804733727810651,0.4024390243902439,5000,26,0.08536585365853658,0.5,0.47560975609756095,0.09451219512195122,0.34615384615384615,turkiye
0.2225806451612903,36,12,0.39583333333333337,0.5,0.3333333333333333,0.1977124183006536,down_power,0.3333333333333333,0.13271604938271606,0.12278876170655567,0.5,5000,31,0.3055555555555556,0.467741935483871,0.5,0.2222222222222222,0.5,tibet
0.15156794425087106,59,21,0.47578692493946734,0.5,0.3135593220338983,0.12772397094430993,metaweb,0.3305084745762712,0.16690606147658718,0.1445231153685964,0.48305084745762716,5000,49,0.3135593220338983,0.5,0.5,0.13559322033898305,0.5,dolomites
0.2371794871794872,29,10,0.3017241379310345,0.40384615384615385,0.43103448275862066,0.22413793103448276,down_rand,0.3620689655172414,0.0535077288941736,0.06360946745562131,0.28448275862068967,5000,26,0.3620689655172414,0.3269230769230769,0.3879310344827586,0.3793103448275862,0.34615384615384615,greenland
0.16158536585365854,52,30,0.2932692307692307,0.5,0.19230769230769232,0.14073426573426573,down_rand,0.21153846153846154,0.08727810650887574,0.08209399167162404,0.4423076923076923,5000,41,0.11538461538461539,0.47560975609756095,0.5,0.15384615384615385,0.4573170731707317,meishan
0.18888888888888888,41,3,0.3460365853658537,0.5,0.2774390243902439,0.16615853658536586,down_link,0.27134146341463417,0.10172516359309934,0.08719135802469136,0.5,5000,36,0.20731707317073172,0.5,0.5,0.1951219512195122,0.5,turkiye
0.15151515151515152,59,19,0.34745762711864403,0.5,0.3135593220338983,0.12668405041286399,down_rand,0.3135593220338983,0.13789141051422005,0.1189236111111111,0.5,5000,48,0.3305084745762712,0.5,0.5,0.13559322033898305,0.5,dolomites
0.1594871794871795,52,13,0.2692307692307692,0.47435897435897434,0.16483516483516483,0.12160633484162896,down_niche,0.21153846153846154,0.0639792899408284,0.08284023668639054,0.41346153846153844,5000,39,0.23076923076923078,0.3782051282051282,0.4423076923076923,0.15384615384615385,0.44871794871794873,meishan
0.21464646464646464,41,12,0.34227642276422765,0.5,0.32926829268292684,0.17650834403080873,down_rand,0.3048780487804878,0.13265913146936348,0.1248852157943067,0.5,5000,33,0.3048780487804878,0.5,0.5,0.1951219512195122,0.5,turkiye
0.27450980392156865,52,16,0.4230769230769231,0.4411764705882353,0.4807692307692308,0.2692307692307692,niche,0.358974358974359,0.11390532544378698,0.11610918877354863,0.40384615384615385,5000,51,0.46153846153846156,0.29820261437908496,0.4519230769230769,0.22115384615384615,0.4084967320261438,meishan
0.21706081081081083,41,23,0.3272357723577236,0.472972972972973,0.31097560975609756,0.19850948509485095,down_rand,0.23170731707317072,0.09220701963117192,0.08765522279035792,0.4573170731707317,5000,37,0.26422764227642276,0.44594594594594594,0.47560975609756095,0.21951219512195122,0.45270270270270274,turkiye
0.1868836291913215,52,11,0.44534412955465585,0.5,0.21153846153846154,0.14423076923076922,down_rand,0.21153846153846154,0.14866863905325445,0.14464168310322156,0.5,5000,39,0.21153846153846154,0.5,0.5,0.15384615384615385,0.5,meishan
0.4783549783549783,29,30,0.22413793103448276,0.3571428571428571,0.3448275862068966,0.21551724137931033,down_power,0.3448275862068966,0.08680142687277051,0.1655328798185941,0.20905172413793102,5000,21,0.3448275862068966,0.5,0.1336206896551724,0.5,0.3125,greenland
0.32936507936507936,36,23,0.21180555555555555,0.4642857142857143,0.1388888888888889,0.2577777777777778,atn,0.3055555555555556,0.10802469135802469,0.1326530612244898,0.3055555555555556,5000,28,0.3055555555555556,0.42857142857142855,0.4722222222222222,0.21296296296296297,0.33333333333333337,tibet
0.1473684210526316,59,20,0.4088983050847458,0.5,0.3177966101694915,0.12615562403697997,down_niche,0.3135593220338983,0.12180407928756104,0.1184,0.48305084745762716,5000,50,0.3135593220338983,0.5,0.5,0.13559322033898305,0.5,dolomites
0.29222222222222227,29,24,0.5,0.5,0.39655172413793105,0.2543103448275862,metaweb,0.3620689655172414,0.19262782401902498,0.2176,0.43103448275862066,5000,25,0.3620689655172414,0.5,0.5,0.27586206896551724,0.5,greenland
0.24470588235294116,41,8,0.16920731707317074,0.5,0.19817073170731708,0.20284552845528456,atn,0.23170731707317072,0.14753123140987506,0.17474048442906576,0.3780487804878049,5000,34,0.32113821138211385,0.47058823529411764,0.47560975609756095,0.18495934959349594,0.38235294117647056,turkiye
0.33912037037037035,36,2,0.21180555555555555,0.5,0.25,0.2361111111111111,atn,0.25,0.13734567901234568,0.15637860082304528,0.34259259259259256,5000,27,0.1527777777777778,0.42592592592592593,0.4722222222222222,0.25,0.35185185185185186,tibet
0.20833333333333331,41,14,0.20731707317073172,0.5,0.25609756097560976,0.22408536585365854,down_power,0.4268292682926829,0.06543723973825104,0.07561728395061729,0.34756097560975613,5000,36,0.23170731707317072,0.4166666666666667,0.4268292682926829,0.3170731707317073,0.4166666666666667,turkiye
0.14666666666666667,59,18,0.2642526964560863,0.5,0.3305084745762712,0.11906779661016949,down_link,0.3135593220338983,0.10025854639471417,0.07465277777777778,0.5,5000,48,0.3008474576271187,0.4791666666666667,0.5,0.13559322033898305,0.5,dolomites
0.2696793002915452,52,13,0.2692307692307692,0.4362244897959183,0.34615384615384615,0.21153846153846154,niche,0.40384615384615385,0.0617603550295858,0.06663890045814244,0.27884615384615385,5000,49,0.40384615384615385,0.35714285714285715,0.4519230769230769,0.28846153846153844,0.29591836734693877,meishan
0.35336538461538464,29,6,0.25,0.46703296703296704,0.39655172413793105,0.3170498084291188,atn,0.43103448275862066,0.1367419738406659,0.14349112426035504,0.3275862068965517,5000,26,0.3620689655172414,0.3717948717948718,0.4540229885057471,0.3275862068965517,0.34615384615384615,kashmir
0.18518518518518517,29,25,0.31896551724137934,0.3888888888888889,0.15517241379310345,0.09946949602122016,niche,0.12068965517241378,0.14149821640903687,0.10802469135802469,0.21551724137931033,5000,18,0.15517241379310345,0.18518518518518517,0.4655172413793104,0.08620689655172414,0.18518518518518517,kashmir
0.24492753623188407,36,20,0.5,0.5,0.3611111111111111,0.20619658119658119,metaweb,0.3333333333333333,0.19367283950617284,0.19555555555555557,0.4166666666666667,5000,30,0.3333333333333333,0.5,0.5,0.2222222222222222,0.5,tibet
0.19954954954954957,52,2,0.4075091575091575,0.5,0.23076923076923078,0.14323607427055704,down_niche,0.21153846153846154,0.13498520710059173,0.16362308254200147,0.4423076923076923,5000,37,0.23076923076923078,0.4871977240398293,0.4807692307692308,0.15384615384615385,0.5,meishan
0.16958041958041958,52,3,0.40384615384615385,0.5,0.06730769230769232,0.14182692307692307,down_niche,0.25,0.10170118343195267,0.1203155818540434,0.4807692307692308,5000,39,0.21923076923076923,0.5,0.5,0.15384615384615385,0.49358974358974356,meishan
0.3173076923076923,36,21,0.20555555555555555,0.4230769230769231,0.2222222222222222,0.2569444444444444,atn,0.25,0.14660493827160495,0.15680473372781065,0.3611111111111111,5000,26,0.2222222222222222,0.4230769230769231,0.4444444444444444,0.15555555555555556,0.34615384615384615,tibet
0.24492753623188407,36,28,0.5,0.5,0.3611111111111111,0.20619658119658119,metaweb,0.3333333333333333,0.19367283950617284,0.19555555555555557,0.4166666666666667,5000,30,0.3333333333333333,0.5,0.5,0.2222222222222222,0.5,tibet
0.2857142857142857,29,13,0.3620689655172414,0.40476190476190477,0.3275862068965517,0.2655172413793103,down_rand,0.2931034482758621,0.05826397146254459,0.05739795918367347,0.3620689655172414,5000,28,0.3620689655172414,0.22142857142857142,0.43103448275862066,0.3793103448275862,0.36904761904761907,greenland
0.19714285714285715,41,8,0.3780487804878049,0.5,0.20121951219512196,0.17575322812051652,down_power,0.20121951219512196,0.14812611540749554,0.11591836734693878,0.5,5000,35,0.23170731707317072,0.5,0.5,0.1951219512195122,0.5,turkiye
0.3289473684210526,29,4,0.5,0.48684210526315785,0.12931034482758622,0.25258620689655176,down_niche,0.14367816091954022,0.13436385255648037,0.16897506925207756,0.41954022988505746,5000,19,0.12068965517241378,0.5,0.4655172413793104,0.06321839080459771,0.40789473684210525,greenland
0.24492753623188407,36,12,0.5,0.5,0.3333333333333333,0.20619658119658119,metaweb,0.3611111111111111,0.19367283950617284,0.19555555555555557,0.4166666666666667,5000,30,0.3333333333333333,0.5,0.5,0.2222222222222222,0.5,tibet
0.19264069264069264,52,9,0.29038461538461535,0.47619047619047616,0.25,0.15512820512820513,down_power,0.2692307692307692,0.10465976331360946,0.08673469387755102,0.5,5000,42,0.28846153846153844,0.47619047619047616,0.5,0.17307692307692307,0.5,meishan
0.13988095238095238,59,5,0.2533898305084746,0.5,0.3135593220338983,0.1218220338983051,down_rand,0.3135593220338983,0.09192760700948004,0.07769097222222222,0.48305084745762716,5000,48,0.3135593220338983,0.5,0.5,0.13559322033898305,0.5,dolomites
0.15416666666666667,59,19,0.4423728813559322,0.5,0.3135593220338983,0.1271186440677966,down_niche,0.3305084745762712,0.13789141051422005,0.13758680555555555,0.48305084745762716,5000,48,0.3135593220338983,0.5,0.5,0.13559322033898305,0.5,dolomites
0.2192982456140351,36,3,0.4375,0.5,0.1388888888888889,0.20105820105820105,down_niche,0.19444444444444445,0.10185185185185185,0.1111111111111111,0.4166666666666667,5000,33,0.25,0.4393939393939394,0.5,0.2222222222222222,0.4696969696969697,tibet
0.29222222222222227,29,10,0.5,0.5,0.3620689655172414,0.2543103448275862,metaweb,0.3620689655172414,0.19262782401902498,0.2176,0.43103448275862066,5000,25,0.3620689655172414,0.5,0.5,0.27586206896551724,0.5,greenland
0.3647342995169082,29,10,0.2456896551724138,0.44565217391304346,0.25862068965517243,0.31851179673321234,atn,0.3275862068965517,0.10939357907253269,0.12098298676748583,0.3275862068965517,5000,23,0.22413793103448276,0.41304347826086957,0.4396551724137931,0.21551724137931033,0.31521739130434784,kashmir
0.2701863354037267,29,5,0.3275862068965517,0.41304347826086957,0.16666666666666669,0.2464503042596349,down_niche,0.25862068965517243,0.09155766944114149,0.09829867674858223,0.3850574712643678,5000,23,0.2672413793103448,0.4565217391304348,0.43103448275862066,0.15517241379310345,0.358695652173913,kashmir
0.36666666666666664,29,8,0.22413793103448276,0.45999999999999996,0.39655172413793105,0.3170498084291188,atn,0.39655172413793105,0.14625445897740785,0.1536,0.3275862068965517,5000,25,0.39655172413793105,0.5,0.4655172413793104,0.27011494252873564,0.38,greenland
0.1875,36,13,0.25,0.4375,0.16666666666666666,0.1527777777777778,down_rand,0.3333333333333333,0.05787037037037037,0.0595703125,0.4166666666666667,5000,32,0.16666666666666666,0.3125,0.4444444444444444,0.25,0.40625,tibet
0.28448275862068967,29,1,0.39655172413793105,0.4396551724137931,0.43103448275862066,0.28448275862068967,niche,0.5,0.10463733650416171,0.10463733650416171,0.2931034482758621,5000,29,0.5,0.3275862068965517,0.33189655172413796,0.3017241379310345,0.2931034482758621,greenland
0.25115207373271886,52,10,0.28846153846153844,0.3602150537634409,0.08974358974358974,0.16706730769230768,niche,0.07051282051282051,0.05695266272189349,0.06451612903225806,0.2564102564102564,5000,31,0.07692307692307693,0.3709677419354839,0.36538461538461536,0.07692307692307693,0.2661290322580645,meishan
0.1,41,9,0.3692411924119241,0.4,0.03048780487804878,0.14634146341463414,niche,0.03658536585365854,0.09934562760261749,0.11,0.2865853658536585,5000,20,0.054878048780487805,0.35,0.32926829268292684,0.019230769230769232,0.3,turkiye
0.3076923076923077,29,7,0.2327586206896552,0.40384615384615385,0.3275862068965517,0.27586206896551724,niche,0.12068965517241378,0.09631391200951249,0.10207100591715976,0.28448275862068967,5000,26,0.3620689655172414,0.28846153846153844,0.3706896551724138,0.12931034482758622,0.3076923076923077,kashmir
0.20761245674740483,36,15,0.4166666666666667,0.5,0.3888888888888889,0.1977124183006536,down_link,0.3611111111111111,0.11882716049382716,0.11418685121107267,0.4166666666666667,5000,34,0.4027777777777778,0.38235294117647056,0.5,0.2222222222222222,0.4411764705882353,tibet
0.2690631808278867,29,2,0.43103448275862066,0.5,0.3275862068965517,0.25191570881226055,down_rand,0.3620689655172414,0.13436385255648037,0.14540466392318244,0.45689655172413796,5000,27,0.31896551724137934,0.35185185185185186,0.5,0.27586206896551724,0.4351851851851852,greenland
0.20971428571428571,41,2,0.45121951219512196,0.5,0.18292682926829268,0.18151969981238275,down_niche,0.06097560975609756,0.13503866745984533,0.1363265306122449,0.47560975609756095,5000,35,0.10975609756097561,0.47857142857142854,0.5,0.06097560975609756,0.44999999999999996,turkiye
0.3125,29,11,0.2471264367816092,0.5,0.2931034482758621,0.3170498084291188,atn,0.2931034482758621,0.1367419738406659,0.14668367346938777,0.27011494252873564,5000,28,0.3275862068965517,0.3277310924369748,0.339080459770115,0.25862068965517243,0.2857142857142857,kashmir
0.17567567567567569,52,3,0.2948717948717949,0.5,0.23076923076923078,0.14038461538461539,down_rand,0.21153846153846154,0.10170118343195267,0.09276844411979547,0.4807692307692308,5000,37,0.23076923076923078,0.38513513513513514,0.5,0.15384615384615385,0.5,meishan
0.2008403361344538,41,19,0.3780487804878049,0.5,0.3048780487804878,0.17575322812051652,down_rand,0.2967479674796748,0.13801308744794766,0.12,0.49390243902439024,5000,35,0.32926829268292684,0.5,0.5,0.1951219512195122,0.4714285714285714,turkiye
0.39705882352941174,29,1,0.3620689655172414,0.3382352941176471,0.08620689655172414,0.24676724137931036,down_niche,0.12068965517241378,0.09988109393579073,0.12110726643598616,0.4051724137931034,5000,17,0.08620689655172414,0.36764705882352944,0.4655172413793104,0.06034482758620689,0.27941176470588236,kashmir
0.23076923076923078,59,11,0.39830508474576276,0.5,0.05508474576271187,0.15254237288135594,niche,0.059322033898305086,0.1473714449870727,0.15910585141354372,0.40042372881355937,5000,39,0.08898305084745763,0.4230769230769231,0.5,0.0423728813559322,0.391025641025641,dolomites
0.18796992481203006,52,12,0.34615384615384615,0.5,0.21153846153846154,0.14349112426035504,down_rand,0.19230769230769232,0.13239644970414202,0.12465373961218837,0.4807692307692308,5000,38,0.23076923076923078,0.5,0.5,0.15384615384615385,0.5,meishan
0.15053763440860216,59,26,0.3305084745762712,0.5,0.3135593220338983,0.12419637638807715,down_link,0.3135593220338983,0.1223786268313703,0.09461805555555555,0.5,5000,48,0.3135593220338983,0.5,0.5,0.13559322033898305,0.5,dolomites
0.2675,36,1,0.375,0.5,0.08333333333333333,0.20048309178743962,down_niche,0.08333333333333333,0.10030864197530864,0.12,0.4166666666666667,5000,25,0.09722222222222221,0.5,0.5,0.051587301587301584,0.45999999999999996,tibet
0.2672413793103448,29,14,0.3275862068965517,0.3850574712643678,0.5,0.2931034482758621,niche,0.5,0.06777645659928656,0.06777645659928656,0.2327586206896552,5000,29,0.5,0.39655172413793105,0.36637931034482757,0.4051724137931034,0.2327586206896552,greenland
0.29222222222222227,29,18,0.5,0.5,0.3620689655172414,0.2543103448275862,metaweb,0.3620689655172414,0.19262782401902498,0.2176,0.43103448275862066,5000,25,0.3620689655172414,0.5,0.5,0.27586206896551724,0.5,greenland
0.23076923076923078,59,27,0.3418079096045198,0.41346153846153844,0.016129032258064516,0.15254237288135594,niche,0.016129032258064516,0.13013501867279517,0.12721893491124261,0.3813559322033898,5000,26,0.016129032258064516,0.38461538461538464,0.3813559322033898,0.015625,0.38461538461538464,dolomites
0.16396761133603238,52,14,0.3076923076923077,0.5,0.04120879120879121,0.14027149321266968,down_niche,0.21703296703296704,0.0654585798816568,0.08941485864562787,0.38461538461538464,5000,39,0.15384615384615385,0.3769230769230769,0.4519230769230769,0.15384615384615385,0.46794871794871795,meishan
0.18421052631578946,41,9,0.3048780487804878,0.5,0.34756097560975613,0.17301829268292684,down_link,0.2865853658536585,0.10469958358120167,0.09487534626038781,0.5,5000,38,0.3048780487804878,0.39473684210526316,0.5,0.1951219512195122,0.5,turkiye
0.21153846153846156,29,10,0.3017241379310345,0.46153846153846156,0.39655172413793105,0.22844827586206898,down_niche,0.3620689655172414,0.0535077288941736,0.05917159763313609,0.31896551724137934,5000,26,0.39655172413793105,0.1858974358974359,0.35344827586206895,0.27586206896551724,0.34615384615384615,greenland
0.26543209876543206,29,25,0.46120689655172414,0.5,0.43103448275862066,0.25050709939148075,down_link,0.3620689655172414,0.1450653983353151,0.1522633744855967,0.4655172413793104,5000,27,0.3706896551724138,0.42592592592592593,0.5,0.27586206896551724,0.5,kashmir
0.1875,52,29,0.1452991452991453,0.5,0.3076923076923077,0.1566951566951567,atn,0.3076923076923077,0.13609467455621302,0.1416,0.40384615384615385,5000,50,0.2692307692307692,0.2375,0.46153846153846156,0.17427884615384615,0.4,meishan
0.2231934731934732,41,8,0.5,0.5,0.3048780487804878,0.18292682926829268,metaweb,0.3048780487804878,0.20226055919095776,0.18365472910927455,0.47560975609756095,5000,33,0.3048780487804878,0.5,0.5,0.1951219512195122,0.5,turkiye
0.2577777777777778,41,18,0.18902439024390244,0.4722222222222222,0.3048780487804878,0.22216330858960764,atn,0.3780487804878049,0.10707911957168352,0.11728395061728394,0.35365853658536583,5000,36,0.35365853658536583,0.5,0.47560975609756095,0.10975609756097561,0.3888888888888889,turkiye
0.19954954954954957,52,30,0.4271255060728745,0.5,0.21153846153846154,0.1456876456876457,metaweb,0.23076923076923078,0.17492603550295857,0.16946676406135866,0.4423076923076923,5000,37,0.21153846153846154,0.5,0.5,0.15384615384615385,0.5,meishan
0.29222222222222227,29,1,0.5,0.5,0.3620689655172414,0.2543103448275862,metaweb,0.39655172413793105,0.19262782401902498,0.2176,0.43103448275862066,5000,25,0.39655172413793105,0.5,0.5,0.27586206896551724,0.5,greenland
0.19621621621621624,52,11,0.40384615384615385,0.5,0.21153846153846154,0.14423076923076922,down_power,0.19230769230769232,0.14866863905325445,0.13221329437545654,0.4807692307692308,5000,37,0.21153846153846154,0.5,0.5,0.15384615384615385,0.5,meishan
0.21893939393939393,36,21,0.4583333333333333,0.5,0.3888888888888889,0.20238095238095238,down_rand,0.3611111111111111,0.14891975308641975,0.14692378328741965,0.45370370370370366,5000,33,0.3333333333333333,0.5,0.5,0.2222222222222222,0.4696969696969697,tibet
0.20971428571428571,41,16,0.36966463414634143,0.5,0.13414634146341464,0.15802845528455284,down_niche,0.25609756097560976,0.1255205234979179,0.13714285714285715,0.4024390243902439,5000,35,0.1926829268292683,0.5,0.5,0.1951219512195122,0.4714285714285714,turkiye
0.2464503042596349,41,20,0.41524390243902437,0.5,0.020833333333333332,0.1559959349593496,down_niche,0.021739130434782608,0.12195121951219512,0.14744351961950058,0.4268292682926829,5000,29,0.020833333333333332,0.5,0.46951219512195125,0.019230769230769232,0.4655172413793104,turkiye
0.30357142857142855,52,30,0.3173076923076923,0.1607142857142857,0.01282051282051282,0.14743589743589744,niche,0.01282051282051282,0.09356508875739646,0.10204081632653061,0.24423076923076922,5000,7,0.01282051282051282,0.125,0.46153846153846156,0.0125,0.125,meishan
0.14333333333333334,59,26,0.12651331719128328,0.48,0.19597457627118645,0.15949152542372882,atn,0.2796610169491526,0.12611318586613043,0.1332,0.4152542372881356,5000,50,0.2627118644067796,0.46,0.48305084745762716,0.15971316818774445,0.4,dolomites
0.19954954954954957,52,16,0.4271255060728745,0.5,0.21153846153846154,0.1456876456876457,metaweb,0.21153846153846154,0.17492603550295857,0.16946676406135866,0.4423076923076923,5000,37,0.21153846153846154,0.5,0.5,0.15384615384615385,0.5,meishan
0.13718820861678005,59,23,0.26331719128329295,0.5,0.3135593220338983,0.11171032357473036,down_power,0.3305084745762712,0.09221488078138466,0.06788837984173261,0.48305084745762716,5000,49,0.3305084745762712,0.49489795918367346,0.5,0.13559322033898305,0.5,dolomites
0.21301247771836007,41,3,0.3048780487804878,0.5,0.2804878048780488,0.17828106852497097,down_rand,0.2951219512195122,0.10172516359309934,0.09366391184573003,0.5,5000,33,0.3048780487804878,0.5,0.5,0.1951219512195122,0.5,turkiye
0.19350649350649352,41,27,0.2951219512195122,0.5,0.2804878048780488,0.17431850789096126,down_power,0.31097560975609756,0.1255205234979179,0.13224489795918368,0.5,5000,35,0.23170731707317072,0.5,0.5,0.1951219512195122,0.5,turkiye
0.29222222222222227,29,9,0.5,0.5,0.3620689655172414,0.2543103448275862,metaweb,0.3620689655172414,0.19262782401902498,0.2176,0.43103448275862066,5000,25,0.3620689655172414,0.5,0.5,0.27586206896551724,0.5,greenland
0.26543209876543206,29,4,0.4655172413793104,0.5,0.39655172413793105,0.24507389162561577,down_rand,0.25862068965517243,0.13436385255648037,0.1440329218106996,0.4913793103448276,5000,27,0.1939655172413793,0.4629629629629629,0.5,0.27586206896551724,0.4907407407407407,greenland
0.16666666666666666,29,4,0.39655172413793105,0.4166666666666667,0.02777777777777778,0.10344827586206896,niche,0.02777777777777778,0.13436385255648037,0.16666666666666666,0.3160919540229885,5000,12,0.02777777777777778,0.5,0.3017241379310345,0.022727272727272724,0.3333333333333333,greenland
0.1831026528258362,59,30,0.13494132985658408,0.5,0.20056497175141244,0.15793528505392912,atn,0.2457627118644068,0.11002585463947141,0.11956939638600539,0.3813559322033898,5000,51,0.2288135593220339,0.5,0.5,0.09476117103235748,0.38235294117647056,dolomites
0.13932291666666669,59,17,0.21398305084745764,0.5,0.3135593220338983,0.1228813559322034,down_rand,0.3135593220338983,0.09681126113185866,0.07942708333333333,0.5,5000,48,0.3135593220338983,0.42708333333333337,0.5,0.13559322033898305,0.5,dolomites
0.33743842364532023,29,2,0.2543103448275862,0.4540229885057471,0.3620689655172414,0.352994555353902,atn,0.47413793103448276,0.13317479191438764,0.13317479191438764,0.3275862068965517,5000,29,0.5,0.3498985801217039,0.43103448275862066,0.32298850574712645,0.3275862068965517,kashmir
0.18382352941176472,41,5,0.29065040650406504,0.5,0.3048780487804878,0.1731707317073171,down_link,0.29573170731707316,0.09220701963117192,0.08217993079584775,0.47560975609756095,5000,34,0.3048780487804878,0.5,0.5,0.1951219512195122,0.5,turkiye
0.24537037037037035,29,9,0.3620689655172414,0.4629629629629629,0.39655172413793105,0.25862068965517243,down_power,0.39655172413793105,0.10463733650416171,0.1111111111111111,0.39655172413793105,5000,27,0.39655172413793105,0.28703703703703703,0.4655172413793104,0.3103448275862069,0.38888888888888884,kashmir
0.14743589743589744,59,28,0.3135593220338983,0.5,0.3135593220338983,0.1198547215496368,down_rand,0.3135593220338983,0.09623671358804942,0.07725694444444445,0.4957627118644068,5000,48,0.3305084745762712,0.5,0.5,0.13559322033898305,0.5,dolomites
0.2685185185185185,29,22,0.5,0.5,0.2931034482758621,0.23891625615763548,down_niche,0.2931034482758621,0.14744351961950058,0.1550068587105624,0.39655172413793105,5000,27,0.3275862068965517,0.42592592592592593,0.5,0.22413793103448276,0.44907407407407407,kashmir
0.17857142857142858,41,3,0.2621951219512195,0.5,0.2804878048780488,0.16341463414634147,down_power,0.3048780487804878,0.10172516359309934,0.072265625,0.45121951219512196,5000,32,0.3195121951219512,0.5,0.47560975609756095,0.21951219512195122,0.46875,turkiye
0.2857142857142857,41,15,0.35365853658536583,0.5,0.35365853658536583,0.24390243902439024,niche,0.35365853658536583,0.11719214753123142,0.11918367346938775,0.39634146341463417,5000,35,0.34756097560975613,0.38571428571428573,0.4186991869918699,0.16829268292682928,0.38571428571428573,turkiye
0.3458333333333333,36,19,0.21666666666666667,0.4583333333333333,0.2222222222222222,0.25277777777777777,atn,0.19444444444444445,0.13734567901234568,0.14583333333333334,0.3055555555555556,5000,24,0.2222222222222222,0.4583333333333333,0.4722222222222222,0.19444444444444445,0.3333333333333333,tibet
0.22039473684210525,36,3,0.3055555555555556,0.2894736842105263,0.05555555555555555,0.1388888888888889,niche,0.027777777777777776,0.0941358024691358,0.1440443213296399,0.2638888888888889,5000,19,0.041666666666666664,0.39473684210526316,0.2777777777777778,0.027777777777777776,0.3421052631578947,tibet
0.24875,29,24,0.4655172413793104,0.5,0.3620689655172414,0.21551724137931033,down_niche,0.3275862068965517,0.10939357907253269,0.1344,0.4224137931034483,5000,25,0.2931034482758621,0.45999999999999996,0.43103448275862066,0.27586206896551724,0.49,greenland
0.20748299319727892,36,20,0.4,0.5,0.3194444444444444,0.19907407407407407,down_link,0.3055555555555556,0.12191358024691358,0.11755102040816326,0.4722222222222222,5000,35,0.3055555555555556,0.19350649350649352,0.5,0.2222222222222222,0.5,tibet
0.24492753623188407,36,18,0.5,0.5,0.3611111111111111,0.20619658119658119,metaweb,0.3611111111111111,0.19367283950617284,0.19555555555555557,0.4166666666666667,5000,30,0.3611111111111111,0.5,0.5,0.2222222222222222,0.5,tibet
0.3235294117647059,36,21,0.3611111111111111,0.5,0.4444444444444444,0.3055555555555556,niche,0.4166666666666667,0.1404320987654321,0.15051903114186851,0.4166666666666667,5000,34,0.4444444444444444,0.38235294117647056,0.42777777777777776,0.23412698412698413,0.4411764705882353,tibet
0.22486772486772486,29,23,0.4655172413793104,0.5,0.1896551724137931,0.21551724137931033,down_power,0.3275862068965517,0.09274673008323424,0.09739368998628258,0.3879310344827586,5000,27,0.33620689655172414,0.2006172839506173,0.4655172413793104,0.27586206896551724,0.4351851851851852,kashmir
0.26543209876543206,36,27,0.3715277777777778,0.5,0.16666666666666666,0.19907407407407407,down_power,0.19444444444444445,0.1257716049382716,0.13854595336076816,0.4444444444444444,5000,27,0.16666666666666666,0.4629629629629629,0.4722222222222222,0.16666666666666666,0.4907407407407407,tibet
0.17299006323396565,59,7,0.1327683615819209,0.5,0.2627118644067796,0.1492467043314501,atn,0.25,0.09594943981614479,0.10631001371742113,0.4152542372881356,5000,54,0.2457627118644068,0.5,0.48305084745762716,0.1497175141242938,0.41358024691358025,dolomites
0.3072916666666667,29,14,0.31896551724137934,0.375,0.3275862068965517,0.1875,niche,0.3620689655172414,0.0713436385255648,0.078125,0.35344827586206895,5000,24,0.22413793103448276,0.4583333333333333,0.41954022988505746,0.22413793103448276,0.35416666666666663,kashmir
0.24492753623188407,36,6,0.5,0.5,0.3611111111111111,0.20619658119658119,metaweb,0.3333333333333333,0.19367283950617284,0.19555555555555557,0.4166666666666667,5000,30,0.3611111111111111,0.5,0.5,0.2222222222222222,0.5,tibet
0.2846153846153846,29,13,0.3879310344827586,0.38461538461538464,0.3620689655172414,0.25,niche,0.39655172413793105,0.06183115338882283,0.0621301775147929,0.28448275862068967,5000,26,0.3275862068965517,0.4230769230769231,0.3620689655172414,0.2672413793103448,0.2692307692307692,kashmir
0.27011494252873564,29,18,0.3689655172413793,0.4655172413793104,0.43103448275862066,0.2729885057471264,down_power,0.4655172413793104,0.09988109393579073,0.09988109393579073,0.3879310344827586,5000,29,0.39655172413793105,0.25862068965517243,0.4913793103448276,0.3103448275862069,0.3879310344827586,kashmir
0.26068376068376065,29,19,0.43103448275862066,0.5,0.3620689655172414,0.2471264367816092,down_link,0.3706896551724138,0.13793103448275862,0.1440329218106996,0.4913793103448276,5000,27,0.3275862068965517,0.4629629629629629,0.5,0.27586206896551724,0.48765432098765427,kashmir
0.21657754010695188,36,2,0.3715277777777778,0.5,0.2777777777777778,0.19618055555555555,down_power,0.2777777777777778,0.13503086419753085,0.1414141414141414,0.4722222222222222,5000,33,0.375,0.4393939393939394,0.5,0.2222222222222222,0.4772727272727273,tibet
0.18170731707317075,52,10,0.4819004524886878,0.5,0.21153846153846154,0.1456876456876457,metaweb,0.23076923076923078,0.17492603550295857,0.1618084473527662,0.4423076923076923,5000,41,0.21153846153846154,0.5,0.5,0.15384615384615385,0.5,meishan
0.14043739279588335,59,8,0.45801232665639446,0.5,0.3305084745762712,0.1271186440677966,down_niche,0.3135593220338983,0.14794599253088192,0.13812744749021003,0.4872881355932204,5000,53,0.3135593220338983,0.5,0.5,0.13559322033898305,0.4811320754716981,dolomites
0.2126099706744868,59,6,0.2944915254237288,0.489247311827957,0.015625,0.11864406779661017,niche,0.016129032258064516,0.1465096236713588,0.11446409989594172,0.4661016949152542,5000,31,0.016129032258064516,0.43548387096774194,0.48305084745762716,0.014705882352941176,0.4596774193548387,dolomites
0.14257703081232495,59,30,0.39830508474576276,0.5,0.09510357815442562,0.12396531336223887,down_niche,0.030084745762711865,0.08733122665900603,0.08496732026143791,0.4661016949152542,5000,51,0.09806295399515738,0.48039215686274506,0.48305084745762716,0.13559322033898305,0.47549019607843135,dolomites
0.296875,29,23,0.3275862068965517,0.4166666666666667,0.25862068965517243,0.19655172413793104,niche,0.3275862068965517,0.09512485136741974,0.10069444444444445,0.3060344827586207,5000,24,0.19827586206896552,0.2916666666666667,0.39655172413793105,0.22413793103448276,0.3333333333333333,greenland
0.2265625,36,25,0.4166666666666667,0.5,0.2777777777777778,0.2032828282828283,down_power,0.375,0.14506172839506173,0.1455078125,0.4722222222222222,5000,32,0.3333333333333333,0.5,0.5,0.2222222222222222,0.484375,tibet
0.3,52,20,0.40384615384615385,0.31666666666666665,0.014285714285714287,0.21153846153846154,niche,0.014285714285714287,0.13313609467455623,0.13777777777777778,0.375,5000,15,0.014285714285714287,0.5,0.46153846153846156,0.01388888888888889,0.2777777777777778,meishan
0.19501661129568107,59,15,0.12213359920239282,0.5,0.09322033898305085,0.12886340977068794,atn,0.08333333333333333,0.12180407928756104,0.1611681990265008,0.4152542372881356,5000,43,0.1610169491525424,0.4767441860465116,0.48305084745762716,0.0423728813559322,0.4069767441860465,dolomites
0.18950320512820512,52,13,0.4638009049773756,0.5,0.21153846153846154,0.1456876456876457,metaweb,0.21153846153846154,0.17492603550295857,0.16305062458908612,0.4423076923076923,5000,39,0.23076923076923078,0.5,0.5,0.15384615384615385,0.44871794871794873,meishan
0.28618421052631576,41,12,0.1975609756097561,0.4375,0.20731707317073172,0.22777340676632574,atn,0.3048780487804878,0.132064247471743,0.154296875,0.32926829268292684,5000,32,0.3048780487804878,0.5,0.47560975609756095,0.20426829268292684,0.375,turkiye
0.19117647058823528,41,27,0.3455284552845529,0.5,0.35365853658536583,0.17547425474254744,down_rand,0.3048780487804878,0.1255205234979179,0.11072664359861592,0.49390243902439024,5000,34,0.2804878048780488,0.4411764705882353,0.5,0.1951219512195122,0.47058823529411764,turkiye
0.14666666666666667,59,20,0.2966101694915254,0.5,0.3305084745762712,0.12272441933458883,down_power,0.3135593220338983,0.12180407928756104,0.09461805555555555,0.5,5000,48,0.3135593220338983,0.5,0.5,0.13559322033898305,0.5,dolomites
0.2605820105820106,29,19,0.4153605015673981,0.4629629629629629,0.3275862068965517,0.24954627949183303,down_niche,0.35344827586206895,0.13793103448275862,0.14814814814814814,0.43103448275862066,5000,27,0.2543103448275862,0.38888888888888884,0.5,0.22413793103448276,0.4351851851851852,kashmir
0.28409090909090906,29,17,0.4655172413793104,0.4090909090909091,0.12068965517241378,0.22413793103448276,down_niche,0.12068965517241378,0.09631391200951249,0.10950413223140495,0.3620689655172414,5000,22,0.12931034482758622,0.45454545454545453,0.4655172413793104,0.22413793103448276,0.34545454545454546,kashmir
0.20833333333333331,52,10,0.23076923076923078,0.44871794871794873,0.15384615384615385,0.15192307692307694,down_power,0.21153846153846154,0.0639792899408284,0.06574621959237344,0.3942307692307693,5000,39,0.125,0.41666666666666663,0.4807692307692308,0.15384615384615385,0.4423076923076923,meishan
0.2231934731934732,41,4,0.48861788617886176,0.5,0.3048780487804878,0.18292682926829268,metaweb,0.3048780487804878,0.20226055919095776,0.18365472910927455,0.47560975609756095,5000,33,0.32926829268292684,0.5,0.5,0.1951219512195122,0.5,turkiye
0.17328042328042326,59,23,0.13661016949152543,0.5,0.13135593220338984,0.15812788906009245,atn,0.1271186440677966,0.09824762999138179,0.1083676268861454,0.4152542372881356,5000,54,0.1271186440677966,0.41975308641975306,0.48305084745762716,0.09463276836158192,0.42592592592592593,dolomites
0.13020833333333334,59,30,0.2889830508474576,0.5,0.3135593220338983,0.11408083441981748,down_power,0.3305084745762712,0.08733122665900603,0.05685763888888889,0.48305084745762716,5000,48,0.3305084745762712,0.4791666666666667,0.5,0.13559322033898305,0.5,dolomites
0.19444444444444445,41,1,0.367595818815331,0.5,0.3048780487804878,0.171602787456446,down_link,0.31097560975609756,0.09994051160023795,0.09876543209876543,0.5,5000,36,0.34451219512195125,0.5,0.5,0.1951219512195122,0.5,turkiye
0.2764423076923077,29,2,0.43103448275862066,0.5,0.3620689655172414,0.25,down_niche,0.3505747126436782,0.13436385255648037,0.14940828402366865,0.43103448275862066,5000,26,0.39655172413793105,0.5,0.5,0.27586206896551724,0.46153846153846156,greenland
0.21724137931034482,29,18,0.3477011494252874,0.5,0.2327586206896552,0.22413793103448276,down_link,0.25862068965517243,0.09988109393579073,0.09988109393579073,0.5,5000,29,0.3706896551724138,0.21767241379310345,0.4655172413793104,0.27586206896551724,0.5,kashmir
0.25669642857142855,29,11,0.48620689655172417,0.5,0.43103448275862066,0.24261083743842365,down_power,0.3620689655172414,0.14863258026159334,0.14923469387755103,0.4655172413793104,5000,28,0.3620689655172414,0.2857142857142857,0.4655172413793104,0.27586206896551724,0.4642857142857143,kashmir
0.1996080627099664,52,13,0.15384615384615385,0.4148936170212766,0.2692307692307692,0.16246684350132626,atn,0.2692307692307692,0.09467455621301775,0.10049796287913083,0.40384615384615385,5000,47,0.2692307692307692,0.4787234042553191,0.4423076923076923,0.11298076923076925,0.4148936170212766,meishan
0.24166666666666667,36,4,0.4166666666666667,0.5,0.2916666666666667,0.20333333333333334,down_niche,0.3333333333333333,0.13425925925925927,0.15,0.4444444444444444,5000,30,0.16666666666666666,0.5,0.5,0.2222222222222222,0.4666666666666667,tibet
0.1989748369058714,52,20,0.48157051282051283,0.5,0.23076923076923078,0.14189189189189189,down_niche,0.23076923076923078,0.12167159763313609,0.16362308254200147,0.40384615384615385,5000,37,0.21153846153846154,0.4871977240398293,0.5,0.15384615384615385,0.5,meishan
0.22777777777777777,36,3,0.3888888888888889,0.5,0.3611111111111111,0.19607843137254902,down_rand,0.3055555555555556,0.10185185185185185,0.10444444444444445,0.4444444444444444,5000,30,0.3333333333333333,0.5,0.5,0.2222222222222222,0.5,tibet
0.14204545454545456,59,23,0.25254237288135595,0.5,0.3135593220338983,0.12122328666175387,down_link,0.3135593220338983,0.09221488078138466,0.07118055555555555,0.5,5000,48,0.3135593220338983,0.5,0.5,0.13559322033898305,0.5,dolomites
0.19886363636363635,41,4,0.3455284552845529,0.5,0.2804878048780488,0.17828106852497097,down_rand,0.3048780487804878,0.13444378346222485,0.11570247933884298,0.5,5000,33,0.3048780487804878,0.5,0.5,0.1951219512195122,0.5,turkiye
0.17666666666666667,59,13,0.25593220338983047,0.41000000000000003,0.2740112994350282,0.19029275808936827,niche,0.2627118644067796,0.06090203964378052,0.064,0.39830508474576276,5000,50,0.211864406779661,0.36,0.39830508474576276,0.22033898305084745,0.42,dolomites
0.24492753623188407,36,2,0.5,0.5,0.3611111111111111,0.20619658119658119,metaweb,0.3333333333333333,0.19367283950617284,0.19555555555555557,0.4166666666666667,5000,30,0.3333333333333333,0.5,0.5,0.2222222222222222,0.5,tibet
0.19954954954954957,52,12,0.44534412955465585,0.5,0.21153846153846154,0.14536199095022626,down_niche,0.23076923076923078,0.13239644970414202,0.16654492330168005,0.46153846153846156,5000,37,0.21153846153846154,0.47972972972972977,0.4807692307692308,0.15384615384615385,0.5,meishan
0.21176470588235294,36,8,0.3888888888888889,0.5,0.3055555555555556,0.2013888888888889,down_rand,0.3611111111111111,0.14814814814814814,0.1453287197231834,0.4444444444444444,5000,34,0.3611111111111111,0.4411764705882353,0.5,0.2222222222222222,0.4411764705882353,tibet
0.25,29,12,0.4525862068965517,0.42857142857142855,0.45689655172413796,0.24507389162561577,down_link,0.43103448275862066,0.13198573127229488,0.1377551020408163,0.4913793103448276,5000,28,0.4655172413793104,0.23979591836734693,0.5,0.27586206896551724,0.5,kashmir
0.2101293103448276,36,30,0.39351851851851855,0.5,0.25,0.17270531400966183,down_niche,0.3333333333333333,0.08719135802469136,0.11533888228299644,0.4027777777777778,5000,29,0.3333333333333333,0.5,0.4166666666666667,0.2222222222222222,0.5,tibet
0.25,29,16,0.43103448275862066,0.4375,0.05172413793103448,0.1724137931034483,niche,0.08620689655172414,0.12960760998810938,0.20703125,0.25646551724137934,5000,16,0.05172413793103448,0.3125,0.3706896551724138,0.026315789473684213,0.28125,greenland
0.2232142857142857,29,10,0.2672413793103448,0.44047619047619047,0.4655172413793104,0.16666666666666669,down_link,0.3879310344827586,0.0535077288941736,0.05357142857142857,0.43103448275862066,5000,28,0.43103448275862066,0.17857142857142858,0.4051724137931034,0.3103448275862069,0.4107142857142857,greenland
0.22685185185185183,29,1,0.339080459770115,0.5,0.3275862068965517,0.24482758620689657,down_rand,0.2629310344827586,0.09988109393579073,0.10699588477366255,0.4051724137931034,5000,27,0.2931034482758621,0.38888888888888884,0.5,0.27586206896551724,0.41666666666666663,greenland
0.36875,29,17,0.24482758620689657,0.42000000000000004,0.39655172413793105,0.2913793103448276,atn,0.3275862068965517,0.12128418549346016,0.1376,0.2931034482758621,5000,25,0.3275862068965517,0.38333333333333336,0.4655172413793104,0.235632183908046,0.32666666666666666,kashmir
0.27586206896551724,29,24,0.3706896551724138,0.47413793103448276,0.2931034482758621,0.27586206896551724,niche,0.43103448275862066,0.11890606420927467,0.11890606420927467,0.4540229885057471,5000,29,0.25862068965517243,0.2836990595611285,0.45689655172413796,0.25862068965517243,0.4540229885057471,greenland
0.1519607843137255,59,28,0.25367231638418075,0.5,0.13347457627118645,0.12448210922787194,down_niche,0.2966101694915254,0.09623671358804942,0.09375,0.4872881355932204,5000,48,0.07010785824345146,0.5,0.48305084745762716,0.13559322033898305,0.5,dolomites
0.24492753623188407,36,19,0.5,0.5,0.3333333333333333,0.20619658119658119,metaweb,0.3333333333333333,0.19367283950617284,0.19555555555555557,0.4166666666666667,5000,30,0.3333333333333333,0.5,0.5,0.2222222222222222,0.5,tibet
0.23076923076923078,52,19,0.40384615384615385,0.3653846153846154,0.017241379310344827,0.1346153846153846,niche,0.017241379310344827,0.1246301775147929,0.10946745562130178,0.38461538461538464,5000,26,0.017241379310344827,0.34615384615384615,0.4519230769230769,0.016666666666666666,0.23076923076923078,meishan
0.23809523809523808,29,12,0.3620689655172414,0.3214285714285714,0.1896551724137931,0.1724137931034483,niche,0.15517241379310345,0.12960760998810938,0.15192743764172337,0.33620689655172414,5000,21,0.12931034482758622,0.32539682539682535,0.4540229885057471,0.06034482758620689,0.3214285714285714,greenland
0.26282051282051283,29,29,0.4655172413793104,0.5,0.3275862068965517,0.2484787018255578,down_rand,0.3620689655172414,0.13317479191438764,0.14940828402366865,0.43103448275862066,5000,26,0.25862068965517243,0.46153846153846156,0.5,0.27586206896551724,0.46153846153846156,greenland
0.20833333333333334,36,3,0.3611111111111111,0.5,0.26851851851851855,0.1865079365079365,down_link,0.2569444444444444,0.10185185185185185,0.1005859375,0.4722222222222222,5000,32,0.2222222222222222,0.375,0.5,0.2222222222222222,0.4375,tibet
0.26373626373626374,29,29,0.45862068965517244,0.5,0.2931034482758621,0.25050709939148075,down_rand,0.3275862068965517,0.13317479191438764,0.14792899408284024,0.43103448275862066,5000,26,0.35344827586206895,0.5,0.4913793103448276,0.27586206896551724,0.5,kashmir
0.35153256704980845,29,6,0.2310344827586207,0.39655172413793105,0.4655172413793104,0.2916666666666667,atn,0.39655172413793105,0.14149821640903687,0.14149821640903687,0.3505747126436782,5000,29,0.39655172413793105,0.34806034482758624,0.4655172413793104,0.3275862068965517,0.3505747126436782,greenland
0.25476190476190474,29,21,0.47413793103448276,0.5,0.3620689655172414,0.2471264367816092,down_link,0.3275862068965517,0.14863258026159334,0.1556122448979592,0.5,5000,28,0.31896551724137934,0.35714285714285715,0.5,0.27586206896551724,0.4642857142857143,kashmir
0.25806451612903225,36,27,0.4027777777777778,0.4153225806451613,0.25,0.2222222222222222,niche,0.2777777777777778,0.12962962962962962,0.14880332986472425,0.3680555555555556,5000,31,0.29629629629629634,0.3064516129032258,0.4305555555555556,0.2222222222222222,0.40725806451612906,tibet
0.22666666666666668,36,18,0.3611111111111111,0.5,0.2222222222222222,0.18253968253968253,down_rand,0.2847222222222222,0.10030864197530864,0.09777777777777778,0.4444444444444444,5000,30,0.3333333333333333,0.4666666666666667,0.5,0.2222222222222222,0.48333333333333334,tibet
0.1875,41,30,0.25609756097560976,0.5,0.3048780487804878,0.19054878048780488,down_power,0.32926829268292684,0.0874479476502082,0.0595703125,0.45121951219512196,5000,32,0.3048780487804878,0.46875,0.5,0.21951219512195122,0.4375,turkiye
0.28219696969696967,36,16,0.2222222222222222,0.4696969696969697,0.4444444444444444,0.2577777777777778,atn,0.4444444444444444,0.12191358024691358,0.12672176308539945,0.3055555555555556,5000,33,0.4444444444444444,0.3111888111888112,0.4722222222222222,0.1388888888888889,0.3181818181818182,tibet
0.20474137931034483,36,23,0.2916666666666667,0.4655172413793104,0.1388888888888889,0.16666666666666666,niche,0.08333333333333333,0.09645061728395062,0.07253269916765755,0.3888888888888889,5000,29,0.19444444444444445,0.43103448275862066,0.5,0.05555555555555555,0.3620689655172414,tibet
0.25,29,24,0.3620689655172414,0.5,0.39655172413793105,0.22701149425287356,down_link,0.4051724137931034,0.10939357907253269,0.1096938775510204,0.47413793103448276,5000,28,0.3275862068965517,0.2357142857142857,0.5,0.27586206896551724,0.44047619047619047,kashmir
0.22023809523809523,29,5,0.3232758620689655,0.4642857142857143,0.3620689655172414,0.23793103448275862,niche,0.3045977011494253,0.09750297265160524,0.09566326530612244,0.3850574712643678,5000,28,0.3275862068965517,0.30714285714285716,0.4224137931034483,0.27586206896551724,0.39285714285714285,greenland
0.2090909090909091,41,26,0.375,0.5,0.3048780487804878,0.17431850789096126,down_link,0.3048780487804878,0.12254610350981558,0.10284664830119375,0.5,5000,33,0.3048780487804878,0.5,0.5,0.1951219512195122,0.5,turkiye
0.1722972972972973,52,1,0.2769230769230769,0.5,0.1858974358974359,0.1346153846153846,down_power,0.21153846153846154,0.10022189349112426,0.07888970051132213,0.46153846153846156,5000,37,0.21153846153846154,0.44594594594594594,0.5,0.15384615384615385,0.5,meishan
0.3275862068965517,29,13,0.2931034482758621,0.25862068965517243,0.4827586206896552,0.3275862068965517,niche,0.4482758620689655,0.059453032104637336,0.059453032104637336,0.19827586206896552,5000,29,0.4827586206896552,0.39655172413793105,0.2456896551724138,0.5,0.19827586206896552,greenland
0.1480952380952381,59,29,0.2966101694915254,0.5,0.3135593220338983,0.12674199623352167,down_niche,0.3135593220338983,0.13358230393565068,0.128,0.4943502824858757,5000,50,0.3135593220338983,0.5,0.5,0.13559322033898305,0.5,dolomites
0.2025862068965517,36,10,0.25,0.4913793103448276,0.2222222222222222,0.19753086419753085,down_rand,0.29444444444444445,0.05324074074074074,0.0558858501783591,0.3888888888888889,5000,29,0.3611111111111111,0.4655172413793104,0.4583333333333333,0.25,0.45689655172413796,tibet
0.265,29,16,0.39655172413793105,0.5,0.39655172413793105,0.2427055702917772,down_power,0.3620689655172414,0.1248513674197384,0.1344,0.4396551724137931,5000,25,0.3620689655172414,0.5,0.4655172413793104,0.27586206896551724,0.45999999999999996,kashmir
0.3489010989010989,29,21,0.22844827586206898,0.44871794871794873,0.43103448275862066,0.3135775862068966,atn,0.3620689655172414,0.14982164090368608,0.15828402366863906,0.3275862068965517,5000,26,0.3275862068965517,0.5,0.4655172413793104,0.2931034482758621,0.34615384615384615,greenland
0.19907407407407407,52,21,0.40384615384615385,0.5,0.016666666666666666,0.09615384615384616,niche,0.017241379310344827,0.14201183431952663,0.1267361111111111,0.38461538461538464,5000,24,0.016666666666666666,0.35416666666666663,0.38461538461538464,0.013157894736842106,0.4166666666666667,meishan
0.17321867321867324,52,10,0.21875,0.5,0.23076923076923078,0.13568376068376067,down_rand,0.19230769230769232,0.0639792899408284,0.06428049671292914,0.4326923076923077,5000,37,0.21153846153846154,0.41891891891891897,0.4807692307692308,0.17307692307692307,0.472972972972973,meishan
0.4,29,18,0.375,0.45,0.15517241379310345,0.23793103448275862,down_rand,0.12068965517241378,0.09988109393579073,0.125,0.4224137931034483,5000,20,0.15517241379310345,0.45,0.4655172413793104,0.12931034482758622,0.35,kashmir
0.19954954954954957,52,11,0.4455128205128205,0.5,0.21153846153846154,0.14536199095022626,down_niche,0.21153846153846154,0.14866863905325445,0.16946676406135866,0.46153846153846156,5000,37,0.21153846153846154,0.4871977240398293,0.5,0.15384615384615385,0.5,meishan
0.20785714285714285,36,19,0.38333333333333336,0.4714285714285714,0.3055555555555556,0.20029239766081872,down_rand,0.3055555555555556,0.1381172839506173,0.13959183673469389,0.4444444444444444,5000,35,0.3888888888888889,0.24285714285714283,0.5,0.2222222222222222,0.4714285714285714,tibet
0.18092105263157893,52,7,0.25,0.5,0.23076923076923078,0.15610859728506787,down_power,0.21153846153846154,0.08875739644970414,0.07548476454293629,0.4230769230769231,5000,38,0.23076923076923078,0.40350877192982454,0.5,0.17307692307692307,0.4605263157894737,meishan
0.20526315789473684,41,15,0.35365853658536583,0.5,0.32926829268292684,0.17682926829268295,down_rand,0.25609756097560976,0.1189767995240928,0.1126530612244898,0.5,5000,35,0.35365853658536583,0.4714285714285714,0.5,0.1951219512195122,0.5,turkiye
0.19621621621621624,52,8,0.44350961538461536,0.5,0.23076923076923078,0.14456233421750664,down_rand,0.23076923076923078,0.14792899408284024,0.14170927684441198,0.4807692307692308,5000,37,0.21153846153846154,0.5,0.5,0.15384615384615385,0.5,meishan
0.18512820512820513,52,20,0.36538461538461536,0.5,0.23076923076923078,0.14349112426035504,down_rand,0.21153846153846154,0.12167159763313609,0.11834319526627218,0.5,5000,39,0.21153846153846154,0.47435897435897434,0.5,0.15384615384615385,0.5,meishan
0.3072916666666667,36,15,0.3611111111111111,0.4375,0.3333333333333333,0.26944444444444443,niche,0.375,0.11033950617283951,0.1103515625,0.3472222222222222,5000,32,0.3472222222222222,0.375,0.37037037037037035,0.2638888888888889,0.3333333333333333,tibet
0.37938596491228066,29,9,0.15517241379310345,0.5,0.3793103448275862,0.1896551724137931,down_power,0.3793103448275862,0.10463733650416171,0.24376731301939059,0.15517241379310345,5000,19,0.3793103448275862,0.5,0.15517241379310345,0.5,0.5,greenland
0.16770186335403728,59,24,0.13606403013182675,0.48214285714285715,0.2457627118644068,0.1583804143126177,atn,0.2627118644067796,0.11060040218328067,0.11543367346938775,0.3813559322033898,5000,56,0.2457627118644068,0.3,0.48305084745762716,0.15296610169491526,0.39285714285714285,dolomites
0.19444444444444445,29,30,0.3735632183908046,0.5,0.31896551724137934,0.2136015325670498,down_niche,0.16810344827586207,0.08680142687277051,0.109375,0.35344827586206895,5000,24,0.05172413793103448,0.4583333333333333,0.39655172413793105,0.27586206896551724,0.5,kashmir
0.30701754385964913,36,8,0.20833333333333331,0.4777777777777778,0.25,0.2577777777777778,atn,0.3888888888888889,0.14351851851851852,0.15222222222222223,0.3611111111111111,5000,30,0.25,0.4666666666666667,0.45370370370370366,0.25925925925925924,0.36666666666666664,tibet
0.25476190476190474,29,2,0.45114942528735635,0.5,0.39655172413793105,0.23891625615763548,down_link,0.43103448275862066,0.13436385255648037,0.13903061224489796,0.5,5000,28,0.4655172413793104,0.25,0.5,0.27586206896551724,0.48214285714285715,greenland
0.24324324324324326,41,29,0.32926829268292684,0.5,0.35365853658536583,0.21951219512195122,niche,0.3780487804878049,0.12492563950029745,0.13732651570489407,0.32926829268292684,5000,37,0.3780487804878049,0.3175675675675676,0.4817073170731707,0.16920731707317074,0.3648648648648649,turkiye
0.24492753623188407,36,11,0.5,0.5,0.3333333333333333,0.20619658119658119,metaweb,0.3333333333333333,0.19367283950617284,0.19555555555555557,0.4166666666666667,5000,30,0.3611111111111111,0.5,0.5,0.2222222222222222,0.5,tibet
0.25669642857142855,29,6,0.41954022988505746,0.5,0.39655172413793105,0.2427055702917772,down_link,0.4655172413793104,0.14149821640903687,0.14795918367346939,0.43103448275862066,5000,28,0.43103448275862066,0.25,0.5,0.27586206896551724,0.42857142857142855,kashmir
0.14722222222222223,59,25,0.3732849071832123,0.5,0.3135593220338983,0.12753203803224472,down_power,0.3305084745762712,0.14507325481183567,0.122,0.5,5000,50,0.3135593220338983,0.5,0.5,0.13559322033898305,0.5,dolomites
0.35714285714285715,29,14,0.24482758620689657,0.4226190476190476,0.2931034482758621,0.31851179673321234,atn,0.3620689655172414,0.1117717003567182,0.125,0.2931034482758621,5000,24,0.3275862068965517,0.36666666666666664,0.4655172413793104,0.25862068965517243,0.3333333333333333,kashmir
0.2692307692307692,29,23,0.4051724137931034,0.5,0.39655172413793105,0.229064039408867,down_rand,0.3017241379310345,0.09274673008323424,0.10355029585798817,0.4051724137931034,5000,26,0.31896551724137934,0.38461538461538464,0.4655172413793104,0.27586206896551724,0.4358974358974359,kashmir
0.18979591836734694,41,17,0.32926829268292684,0.5,0.09451219512195122,0.16158536585365854,down_rand,0.08536585365853658,0.09696609161213564,0.08816326530612245,0.47560975609756095,5000,35,0.18292682926829268,0.4714285714285714,0.4817073170731707,0.1951219512195122,0.4714285714285714,turkiye
0.18417366946778713,52,4,0.14201183431952663,0.5,0.25,0.16222879684418146,atn,0.19230769230769232,0.1364644970414201,0.1384083044982699,0.40384615384615385,5000,51,0.25,0.36274509803921573,0.5,0.14903846153846154,0.4019607843137255,meishan
0.29222222222222227,29,1,0.5,0.5,0.3620689655172414,0.2543103448275862,metaweb,0.3620689655172414,0.19500594530321047,0.2176,0.43103448275862066,5000,25,0.3620689655172414,0.5,0.5,0.27586206896551724,0.5,kashmir
0.2577639751552795,29,7,0.39655172413793105,0.4565217391304348,0.11206896551724138,0.18154158215010144,down_niche,0.1896551724137931,0.089179548156956,0.11909262759924386,0.3879310344827586,5000,23,0.22413793103448276,0.4565217391304348,0.43103448275862066,0.22413793103448276,0.40217391304347827,greenland
0.2842857142857143,29,22,0.39655172413793105,0.5,0.3620689655172414,0.25050709939148075,down_power,0.3620689655172414,0.14744351961950058,0.1632,0.45689655172413796,5000,25,0.3620689655172414,0.45999999999999996,0.5,0.27586206896551724,0.49,kashmir
0.17414529914529914,52,9,0.3141025641025641,0.5,0.23076923076923078,0.1388888888888889,down_link,0.1826923076923077,0.10465976331360946,0.09335963182117028,0.5,5000,39,0.15865384615384615,0.4897435897435897,0.5,0.15384615384615385,0.5,meishan
0.1691919191919192,41,14,0.22713414634146342,0.5,0.3048780487804878,0.1600609756097561,down_link,0.21707317073170732,0.06543723973825104,0.05693296602387511,0.47560975609756095,5000,33,0.275609756097561,0.49242424242424243,0.5,0.1951219512195122,0.4696969696969697,turkiye
0.15454545454545454,59,17,0.13754889178617993,0.5,0.2457627118644068,0.15282485875706214,atn,0.1610169491525424,0.09910945130709566,0.10214876033057851,0.39830508474576276,5000,55,0.19491525423728814,0.42727272727272725,0.4548022598870056,0.17231638418079095,0.396969696969697,dolomites
0.29222222222222227,29,27,0.5,0.5,0.39655172413793105,0.2543103448275862,metaweb,0.3620689655172414,0.19500594530321047,0.2176,0.43103448275862066,5000,25,0.3620689655172414,0.5,0.5,0.27586206896551724,0.5,kashmir
0.28714285714285714,29,27,0.4540229885057471,0.5,0.28448275862068967,0.22241379310344828,down_power,0.2931034482758621,0.12604042806183116,0.1504,0.4396551724137931,5000,25,0.25862068965517243,0.42000000000000004,0.4655172413793104,0.25862068965517243,0.42000000000000004,kashmir
0.32142857142857145,41,29,0.1926829268292683,0.5,0.20731707317073172,0.22216330858960764,atn,0.18292682926829268,0.13444378346222485,0.16326530612244897,0.32926829268292684,5000,28,0.20731707317073172,0.39285714285714285,0.47560975609756095,0.14939024390243902,0.35714285714285715,turkiye
0.15434782608695652,29,6,0.3620689655172414,0.44202898550724634,0.3275862068965517,0.15517241379310345,niche,0.2931034482758621,0.14982164090368608,0.13610586011342155,0.3706896551724138,5000,23,0.25862068965517243,0.27445652173913043,0.4655172413793104,0.15948275862068967,0.40217391304347827,kashmir
0.24382716049382713,29,26,0.4655172413793104,0.5,0.25862068965517243,0.23922413793103448,down_rand,0.2931034482758621,0.12247324613555291,0.13168724279835392,0.45689655172413796,5000,27,0.39655172413793105,0.38888888888888884,0.4655172413793104,0.27586206896551724,0.4629629629629629,kashmir
0.22107438016528927,36,2,0.4166666666666667,0.5,0.3611111111111111,0.2037037037037037,down_niche,0.32407407407407407,0.13503086419753085,0.14508723599632692,0.4027777777777778,5000,33,0.21296296296296297,0.44696969696969696,0.4861111111111111,0.2222222222222222,0.4696969696969697,tibet
0.18990042674253202,52,26,0.3076923076923077,0.5,0.23076923076923078,0.14214046822742474,down_link,0.21153846153846154,0.1224112426035503,0.10883856829802775,0.46153846153846156,5000,37,0.1875,0.4009009009009009,0.5,0.15384615384615385,0.5,meishan
0.27692307692307694,29,17,0.3620689655172414,0.46153846153846156,0.2931034482758621,0.21921182266009853,down_power,0.28448275862068967,0.09631391200951249,0.10798816568047337,0.4396551724137931,5000,26,0.2672413793103448,0.3076923076923077,0.4655172413793104,0.25862068965517243,0.4230769230769231,kashmir
0.20748299319727892,36,21,0.3888888888888889,0.5,0.4166666666666667,0.2013888888888889,down_power,0.375,0.14891975308641975,0.14857142857142858,0.4166666666666667,5000,35,0.3333333333333333,0.3,0.5,0.2222222222222222,0.41428571428571426,tibet
0.18199088145896655,52,17,0.15504807692307693,0.4574468085106383,0.3269230769230769,0.17841880341880342,atn,0.34615384615384615,0.09467455621301775,0.1086464463558171,0.36538461538461536,5000,47,0.3269230769230769,0.4787234042553191,0.4807692307692308,0.17307692307692307,0.37234042553191493,meishan
0.22242424242424244,41,11,0.45121951219512196,0.5,0.3048780487804878,0.18151969981238275,down_niche,0.3048780487804878,0.148720999405116,0.1588613406795225,0.5,5000,33,0.3048780487804878,0.5,0.5,0.1951219512195122,0.5,turkiye
0.22222222222222224,29,14,0.3879310344827586,0.4583333333333333,0.3620689655172414,0.17758620689655175,down_niche,0.31896551724137934,0.06539833531510107,0.0798611111111111,0.35344827586206895,5000,24,0.3275862068965517,0.47916666666666663,0.39655172413793105,0.27586206896551724,0.4583333333333333,greenland
0.21301247771836007,41,29,0.34451219512195125,0.5,0.2865853658536585,0.17547425474254744,down_link,0.3048780487804878,0.13325401546698393,0.11570247933884298,0.5,5000,33,0.3048780487804878,0.5,0.5,0.1951219512195122,0.5,turkiye
0.2028985507246377,41,4,0.47560975609756095,0.5,0.25609756097560976,0.16637630662020908,down_niche,0.25609756097560976,0.13444378346222485,0.13734567901234568,0.47560975609756095,5000,36,0.27439024390243905,0.5,0.5,0.1951219512195122,0.4722222222222222,turkiye
0.18581081081081083,52,9,0.3076923076923077,0.5,0.21153846153846154,0.14130434782608695,down_rand,0.21153846153846154,0.10465976331360946,0.10299488677867057,0.46153846153846156,5000,37,0.23076923076923078,0.41891891891891897,0.5,0.15384615384615385,0.5,meishan
0.1396213657876944,59,18,0.40810381355932207,0.5,0.11694915254237288,0.12207970682546954,down_niche,0.0836864406779661,0.10025854639471417,0.10803537101114956,0.48305084745762716,5000,51,0.10677966101694916,0.5,0.5,0.13559322033898305,0.48039215686274506,dolomites
0.23275862068965517,41,24,0.19588414634146342,0.5,0.4024390243902439,0.2266610597140454,atn,0.4024390243902439,0.1058893515764426,0.11125,0.35365853658536583,5000,40,0.4024390243902439,0.23275862068965517,0.47560975609756095,0.18495934959349594,0.36666666666666664,turkiye
0.2727272727272727,59,24,0.3135593220338983,0.5,0.013513513513513513,0.13559322033898305,niche,0.013888888888888888,0.10686584314852055,0.11776859504132231,0.4152542372881356,5000,22,0.013513513513513513,0.4090909090909091,0.43220338983050843,0.013513513513513513,0.3181818181818182,dolomites
0.3782051282051282,29,29,0.2517241379310345,0.4444444444444444,0.3620689655172414,0.27801724137931033,atn,0.2931034482758621,0.13793103448275862,0.15104166666666666,0.2931034482758621,5000,24,0.2931034482758621,0.5,0.4655172413793104,0.2931034482758621,0.3333333333333333,kashmir
0.2231934731934732,41,14,0.48861788617886176,0.5,0.3048780487804878,0.18292682926829268,metaweb,0.3048780487804878,0.20226055919095776,0.18365472910927455,0.47560975609756095,5000,33,0.3048780487804878,0.5,0.5,0.1951219512195122,0.5,turkiye
0.2012987012987013,41,29,0.3678861788617886,0.5,0.2804878048780488,0.17301829268292684,down_power,0.2707317073170732,0.13325401546698393,0.10651974288337925,0.45121951219512196,5000,33,0.22195121951219512,0.5,0.5,0.1951219512195122,0.5,turkiye
0.1818181818181818,52,26,0.3269230769230769,0.5,0.21153846153846154,0.14130434782608695,down_power,0.21153846153846154,0.1224112426035503,0.10526315789473684,0.4807692307692308,5000,38,0.21153846153846154,0.4473684210526316,0.5,0.15384615384615385,0.5,meishan
0.14606181455633102,59,25,0.13010967098703888,0.48305084745762716,0.3135593220338983,0.1583804143126177,atn,0.2725988700564972,0.14220051709278944,0.14220051709278944,0.4152542372881356,5000,59,0.3305084745762712,0.15928744379107576,0.5,0.12146892655367232,0.4152542372881356,dolomites
0.21022727272727273,36,22,0.4027777777777778,0.49242424242424243,0.3333333333333333,0.1994949494949495,down_rand,0.3888888888888889,0.14737654320987653,0.14508723599632692,0.45370370370370366,5000,33,0.2777777777777778,0.5,0.5,0.2222222222222222,0.4621212121212121,tibet
0.16048237476808905,59,23,0.27033898305084747,0.47959183673469385,0.3305084745762712,0.13763880771478668,down_rand,0.3305084745762712,0.09221488078138466,0.07538525614327364,0.4788135593220339,5000,49,0.3305084745762712,0.5,0.5,0.15254237288135594,0.5,dolomites
0.1931372549019608,52,27,0.3076923076923077,0.4607843137254902,0.4230769230769231,0.19230769230769232,niche,0.46153846153846156,0.12093195266272189,0.1249519415609381,0.36538461538461536,5000,51,0.36538461538461536,0.1931372549019608,0.46153846153846156,0.13247863247863248,0.36274509803921573,meishan
0.20208333333333334,36,12,0.3055555555555556,0.4375,0.3611111111111111,0.19444444444444445,niche,0.3888888888888889,0.13503086419753085,0.1533203125,0.3611111111111111,5000,32,0.3611111111111111,0.2604166666666667,0.4722222222222222,0.125,0.390625,tibet
0.18339768339768342,52,1,0.3241758241758242,0.5,0.23076923076923078,0.14160839160839161,down_link,0.21153846153846154,0.10022189349112426,0.08765522279035792,0.46153846153846156,5000,37,0.23076923076923078,0.5,0.5,0.15384615384615385,0.5,meishan
0.19954954954954957,52,11,0.4455128205128205,0.5,0.21153846153846154,0.1456876456876457,metaweb,0.21153846153846154,0.17492603550295857,0.16946676406135866,0.4423076923076923,5000,37,0.21153846153846154,0.5,0.5,0.15384615384615385,0.5,meishan
0.2008403361344538,41,24,0.3,0.5,0.2621951219512195,0.171602787456446,down_rand,0.2804878048780488,0.10886377156454491,0.09306122448979592,0.5,5000,35,0.32926829268292684,0.4714285714285714,0.5,0.1951219512195122,0.4928571428571428,turkiye
0.1384479717813051,59,6,0.4269067796610169,0.5,0.3135593220338983,0.12772397094430993,metaweb,0.3135593220338983,0.16690606147658718,0.1412894375857339,0.48305084745762716,5000,54,0.3135593220338983,0.5,0.5,0.13559322033898305,0.48148148148148145,dolomites
0.2231934731934732,41,18,0.5,0.5,0.3048780487804878,0.18292682926829268,metaweb,0.3048780487804878,0.20226055919095776,0.18365472910927455,0.47560975609756095,5000,33,0.32926829268292684,0.5,0.5,0.1951219512195122,0.5,turkiye
0.18137254901960786,36,30,0.34259259259259256,0.47058823529411764,0.21296296296296297,0.1865079365079365,down_link,0.20833333333333331,0.08719135802469136,0.08217993079584775,0.4444444444444444,5000,34,0.18055555555555555,0.2647058823529412,0.5,0.2222222222222222,0.4411764705882353,tibet
0.29222222222222227,29,7,0.5,0.5,0.39655172413793105,0.2543103448275862,metaweb,0.39655172413793105,0.19262782401902498,0.2176,0.43103448275862066,5000,25,0.3620689655172414,0.5,0.5,0.27586206896551724,0.5,greenland
0.28600823045267487,41,7,0.1926829268292683,0.4629629629629629,0.18292682926829268,0.22777340676632574,atn,0.18292682926829268,0.10707911957168352,0.12757201646090535,0.3780487804878049,5000,27,0.18292682926829268,0.5,0.47560975609756095,0.17247386759581884,0.31481481481481477,turkiye
0.340958605664488,29,2,0.2327586206896552,0.4629629629629629,0.4655172413793104,0.3154158215010142,atn,0.3275862068965517,0.13317479191438764,0.14540466392318244,0.3275862068965517,5000,27,0.3275862068965517,0.3611111111111111,0.43103448275862066,0.31896551724137934,0.35185185185185186,greenland
0.24492753623188407,36,3,0.5,0.5,0.3611111111111111,0.20619658119658119,metaweb,0.3333333333333333,0.19367283950617284,0.19555555555555557,0.4166666666666667,5000,30,0.3333333333333333,0.5,0.5,0.2222222222222222,0.5,tibet
0.22311827956989247,36,14,0.3125,0.467741935483871,0.2777777777777778,0.19907407407407407,down_link,0.25,0.06558641975308642,0.06763787721123829,0.4722222222222222,5000,31,0.3472222222222222,0.33870967741935487,0.4722222222222222,0.2222222222222222,0.43548387096774194,tibet
0.1868421052631579,52,16,0.38461538461538464,0.5,0.23076923076923078,0.14307692307692307,down_link,0.1794871794871795,0.1253698224852071,0.1128808864265928,0.4807692307692308,5000,38,0.21153846153846154,0.47368421052631576,0.5,0.15384615384615385,0.5,meishan
0.18552631578947368,52,24,0.28125,0.5,0.17307692307692307,0.14393939393939395,down_niche,0.19230769230769232,0.10872781065088757,0.1260387811634349,0.46153846153846156,5000,38,0.19230769230769232,0.5,0.5,0.15384615384615385,0.4605263157894737,meishan
0.15447154471544716,59,28,0.4757318952234207,0.5,0.3135593220338983,0.12772397094430993,metaweb,0.3135593220338983,0.16690606147658718,0.1388888888888889,0.48305084745762716,5000,48,0.3305084745762712,0.5,0.5,0.13559322033898305,0.5,dolomites
0.21794871794871795,29,19,0.39655172413793105,0.40384615384615385,0.02777777777777778,0.13793103448275862,niche,0.029411764705882353,0.12841854934601665,0.13609467455621302,0.3275862068965517,5000,13,0.029411764705882353,0.39743589743589747,0.3620689655172414,0.029411764705882353,0.3653846153846154,greenland
0.29222222222222227,29,10,0.5,0.5,0.3620689655172414,0.2543103448275862,metaweb,0.3620689655172414,0.19500594530321047,0.2176,0.43103448275862066,5000,25,0.39655172413793105,0.5,0.5,0.27586206896551724,0.5,kashmir
0.2977207977207977,29,20,0.4396551724137931,0.4629629629629629,0.3275862068965517,0.2793103448275862,down_power,0.3620689655172414,0.12128418549346016,0.12757201646090535,0.4224137931034483,5000,27,0.3275862068965517,0.4629629629629629,0.4655172413793104,0.3103448275862069,0.42592592592592593,kashmir
0.1485594237695078,59,16,0.2966101694915254,0.5,0.3135593220338983,0.12557781201849,down_link,0.3135593220338983,0.12553863832232118,0.10162432319866722,0.5,5000,49,0.3135593220338983,0.5,0.5,0.13559322033898305,0.5,dolomites
0.21610845295055822,41,29,0.40447154471544716,0.5,0.3048780487804878,0.17779204107830554,down_rand,0.32926829268292684,0.13325401546698393,0.12213039485766758,0.5,5000,33,0.31097560975609756,0.5,0.5,0.1951219512195122,0.5,turkiye
0.2632275132275132,29,29,0.39655172413793105,0.5,0.2931034482758621,0.24676724137931036,down_power,0.2931034482758621,0.13317479191438764,0.1412894375857339,0.43103448275862066,5000,27,0.3620689655172414,0.38888888888888884,0.4655172413793104,0.27586206896551724,0.4629629629629629,kashmir
0.2333333333333333,29,3,0.3689655172413793,0.4907407407407407,0.3275862068965517,0.21724137931034482,down_link,0.28448275862068967,0.10225921521997622,0.1083676268861454,0.47413793103448276,5000,27,0.2629310344827586,0.38888888888888884,0.4913793103448276,0.22413793103448276,0.41666666666666663,greenland
0.3093645484949833,36,18,0.2623456790123457,0.4565217391304348,0.037037037037037035,0.20048309178743962,down_niche,0.046296296296296294,0.10030864197530864,0.13988657844990549,0.4444444444444444,5000,23,0.041666666666666664,0.5,0.5,0.02631578947368421,0.427536231884058,tibet
0.2231934731934732,41,25,0.5,0.5,0.3048780487804878,0.18292682926829268,metaweb,0.3048780487804878,0.20226055919095776,0.18365472910927455,0.47560975609756095,5000,33,0.3048780487804878,0.5,0.5,0.1951219512195122,0.5,turkiye
0.16958041958041958,52,25,0.14903846153846154,0.4807692307692308,0.33076923076923076,0.1804029304029304,atn,0.40384615384615385,0.14681952662721892,0.14681952662721892,0.40384615384615385,5000,52,0.40384615384615385,0.1804029304029304,0.5,0.11730769230769231,0.40384615384615385,meishan
0.26068376068376065,29,2,0.40948275862068967,0.5,0.28448275862068967,0.24676724137931036,down_power,0.3706896551724138,0.13436385255648037,0.14540466392318244,0.4224137931034483,5000,27,0.4224137931034483,0.2777777777777778,0.5,0.27586206896551724,0.43827160493827155,kashmir
0.25555555555555554,29,5,0.33620689655172414,0.5,0.19827586206896552,0.27155172413793105,down_rand,0.3275862068965517,0.09155766944114149,0.1136,0.3275862068965517,5000,25,0.3275862068965517,0.42000000000000004,0.43103448275862066,0.3448275862068966,0.44666666666666666,greenland
0.2037593984962406,41,12,0.3556910569105691,0.5,0.29878048780487804,0.1674057649667406,down_power,0.20121951219512196,0.13265913146936348,0.10204081632653061,0.5,5000,35,0.23170731707317072,0.4714285714285714,0.5,0.1951219512195122,0.47857142857142854,turkiye
0.2792207792207792,36,25,0.21296296296296297,0.5,0.3333333333333333,0.2577777777777778,atn,0.3333333333333333,0.14351851851851852,0.15059687786960516,0.32407407407407407,5000,33,0.3611111111111111,0.5,0.39814814814814814,0.23809523809523808,0.3282828282828283,tibet
0.29222222222222227,29,13,0.5,0.5,0.39655172413793105,0.2543103448275862,metaweb,0.3620689655172414,0.19262782401902498,0.2176,0.43103448275862066,5000,25,0.3620689655172414,0.5,0.5,0.27586206896551724,0.5,greenland
0.29222222222222227,29,6,0.5,0.5,0.3620689655172414,0.2543103448275862,metaweb,0.3620689655172414,0.19262782401902498,0.2176,0.43103448275862066,5000,25,0.3620689655172414,0.5,0.5,0.27586206896551724,0.5,greenland
0.20740740740740743,36,23,0.3148148148148148,0.5,0.3333333333333333,0.19618055555555555,down_link,0.3611111111111111,0.09259259259259259,0.0811111111111111,0.5,5000,30,0.3333333333333333,0.5,0.5,0.2222222222222222,0.48333333333333334,tibet
0.18067226890756302,41,7,0.34451219512195125,0.5,0.3048780487804878,0.1714939024390244,down_link,0.3048780487804878,0.08863771564544913,0.07698961937716263,0.45121951219512196,5000,34,0.32926829268292684,0.5,0.5,0.1951219512195122,0.5,turkiye
0.15847665847665848,59,4,0.3135593220338983,0.5,0.039951573849878935,0.18089960886571055,niche,0.11016949152542374,0.1212295317437518,0.1154127100073046,0.4110169491525424,5000,37,0.09322033898305085,0.3918918918918919,0.4491525423728814,0.0423728813559322,0.3648648648648649,dolomites
0.13942307692307693,59,7,0.24929378531073446,0.5,0.3135593220338983,0.1198547215496368,down_link,0.3135593220338983,0.08876759551852915,0.06770833333333333,0.5,5000,48,0.3135593220338983,0.48958333333333337,0.5,0.13559322033898305,0.5,dolomites
0.19954954954954957,52,21,0.4635627530364373,0.5,0.21153846153846154,0.14536199095022626,down_niche,0.21153846153846154,0.14866863905325445,0.16946676406135866,0.46153846153846156,5000,37,0.21153846153846154,0.5,0.5,0.15384615384615385,0.5,meishan
0.18417366946778713,59,13,0.13041431261770245,0.48039215686274506,0.2627118644067796,0.1429859358095925,atn,0.2288135593220339,0.09824762999138179,0.1122645136485967,0.39830508474576276,5000,51,0.2288135593220339,0.49346405228758167,0.48305084745762716,0.14336158192090395,0.4019607843137255,dolomites
0.1638888888888889,52,30,0.3076923076923077,0.5,0.2,0.15625,down_link,0.23076923076923078,0.08727810650887574,0.07875,0.46153846153846156,5000,40,0.23076923076923078,0.475,0.4807692307692308,0.17307692307692307,0.475,meishan
0.15107018417122947,59,2,0.3758148631029987,0.5,0.3305084745762712,0.11974944731024319,down_niche,0.3135593220338983,0.13473139902326917,0.12244897959183673,0.48305084745762716,5000,49,0.3305084745762712,0.5,0.5,0.13559322033898305,0.47959183673469385,dolomites
0.32142857142857145,29,27,0.31896551724137934,0.39285714285714285,0.4655172413793104,0.3103448275862069,niche,0.43103448275862066,0.12128418549346016,0.12627551020408162,0.3620689655172414,5000,28,0.43103448275862066,0.4017857142857143,0.43103448275862066,0.19655172413793104,0.35714285714285715,kashmir
0.3263888888888889,29,25,0.22844827586206898,0.5,0.3275862068965517,0.2650862068965517,atn,0.3620689655172414,0.15219976218787157,0.1753472222222222,0.3620689655172414,5000,24,0.22413793103448276,0.4583333333333333,0.4655172413793104,0.235632183908046,0.35416666666666663,kashmir
0.3303030303030303,29,21,0.3620689655172414,0.5,0.43103448275862066,0.28093306288032455,down_power,0.43103448275862066,0.14863258026159334,0.22520661157024793,0.3620689655172414,5000,22,0.43103448275862066,0.5,0.3620689655172414,0.43103448275862066,0.5,greenland
0.14666666666666667,59,19,0.364406779661017,0.5,0.3305084745762712,0.1261501210653753,down_power,0.3135593220338983,0.13789141051422005,0.10894097222222222,0.5,5000,48,0.3135593220338983,0.5,0.5,0.13559322033898305,0.5,dolomites
0.26153846153846155,29,16,0.39655172413793105,0.5,0.2931034482758621,0.23891625615763548,down_rand,0.2931034482758621,0.1248513674197384,0.1346153846153846,0.4353448275862069,5000,26,0.2931034482758621,0.5,0.5,0.27586206896551724,0.4807692307692308,greenland
0.15136054421768708,59,13,0.49192897497982246,0.5,0.3135593220338983,0.12772397094430993,metaweb,0.3135593220338983,0.16690606147658718,0.136609745939192,0.48305084745762716,5000,49,0.3135593220338983,0.5,0.5,0.13559322033898305,0.47959183673469385,dolomites
0.25,52,26,0.3730769230769231,0.45454545454545453,0.34615384615384615,0.21153846153846154,niche,0.3269230769230769,0.13165680473372782,0.12913223140495866,0.40384615384615385,5000,44,0.28846153846153844,0.4090909090909091,0.4423076923076923,0.14102564102564102,0.4318181818181818,meishan
0.29222222222222227,29,4,0.5,0.5,0.3620689655172414,0.2543103448275862,metaweb,0.3620689655172414,0.19262782401902498,0.2176,0.43103448275862066,5000,25,0.3620689655172414,0.5,0.5,0.27586206896551724,0.5,greenland
0.26,29,5,0.43103448275862066,0.49,0.05665024630541872,0.24507389162561577,down_niche,0.12068965517241378,0.09155766944114149,0.1056,0.3620689655172414,5000,25,0.06157635467980295,0.35,0.4396551724137931,0.11206896551724138,0.38,greenland
0.36666666666666664,41,17,0.1926829268292683,0.44666666666666666,0.15853658536585366,0.19359756097560976,atn,0.14024390243902438,0.12016656751933373,0.1488,0.32926829268292684,5000,25,0.15853658536585366,0.5,0.47560975609756095,0.13414634146341464,0.33999999999999997,turkiye
0.28153846153846157,29,11,0.4655172413793104,0.5,0.3017241379310345,0.24507389162561577,down_rand,0.3045977011494253,0.14863258026159334,0.1616,0.47413793103448276,5000,25,0.3620689655172414,0.5,0.5,0.27586206896551724,0.45999999999999996,greenland
0.36428571428571427,29,28,0.22413793103448276,0.45999999999999996,0.2931034482758621,0.3154158215010142,atn,0.2931034482758621,0.13436385255648037,0.1408,0.3275862068965517,5000,25,0.2931034482758621,0.385,0.4396551724137931,0.28160919540229884,0.33999999999999997,greenland
0.2231934731934732,41,10,0.4658536585365854,0.5,0.3048780487804878,0.18292682926829268,metaweb,0.3048780487804878,0.20226055919095776,0.18365472910927455,0.47560975609756095,5000,33,0.3048780487804878,0.5,0.5,0.1951219512195122,0.5,turkiye
0.26851851851851855,29,27,0.5,0.4583333333333333,0.13218390804597702,0.2427055702917772,down_rand,0.12068965517241378,0.12604042806183116,0.1423611111111111,0.4396551724137931,5000,24,0.19827586206896552,0.5,0.5,0.22413793103448276,0.4583333333333333,greenland
0.2976190476190476,29,6,0.47413793103448276,0.5,0.3275862068965517,0.24507389162561577,down_rand,0.3275862068965517,0.14149821640903687,0.1701388888888889,0.4870689655172414,5000,24,0.3620689655172414,0.5,0.5,0.27586206896551724,0.4583333333333333,kashmir
0.40476190476190477,29,7,0.3505747126436782,0.37142857142857144,0.08620689655172414,0.3103448275862069,niche,0.08620689655172414,0.089179548156956,0.10714285714285714,0.2471264367816092,5000,14,0.05172413793103448,0.3214285714285714,0.3879310344827586,0.05172413793103448,0.30952380952380953,greenland
0.15151515151515152,59,19,0.364406779661017,0.5,0.3135593220338983,0.1249316566429743,down_link,0.3135593220338983,0.13789141051422005,0.11197916666666667,0.5,5000,48,0.3135593220338983,0.5,0.5,0.13559322033898305,0.5,dolomites
0.19612794612794612,36,12,0.42857142857142855,0.5,0.34259259259259256,0.2028985507246377,down_niche,0.3333333333333333,0.13271604938271606,0.1423324150596878,0.38333333333333336,5000,33,0.3888888888888889,0.5,0.5,0.2222222222222222,0.4393939393939394,tibet
0.18671679197994986,52,20,0.3076923076923077,0.5,0.21153846153846154,0.14214046822742474,down_link,0.21153846153846154,0.12167159763313609,0.10872576177285319,0.4807692307692308,5000,38,0.21153846153846154,0.4473684210526316,0.5,0.15384615384615385,0.5,meishan
0.20666666666666667,36,13,0.25555555555555554,0.43333333333333335,0.25,0.16666666666666666,down_power,0.25,0.05787037037037037,0.07555555555555556,0.3333333333333333,5000,30,0.25,0.36666666666666664,0.3888888888888889,0.25,0.36666666666666664,tibet
0.1806797853309481,52,6,0.14583333333333334,0.5,0.1298076923076923,0.1798076923076923,atn,0.16666666666666666,0.13868343195266272,0.13868343195266272,0.40384615384615385,5000,52,0.22435897435897437,0.1804029304029304,0.5,0.1227810650887574,0.40384615384615385,meishan
0.26153846153846155,29,19,0.5,0.5,0.22413793103448276,0.24676724137931036,down_rand,0.3620689655172414,0.13793103448275862,0.15236686390532544,0.4655172413793104,5000,26,0.3620689655172414,0.46153846153846156,0.5,0.27586206896551724,0.4807692307692308,greenland
0.20295698924731181,36,7,0.3333333333333333,0.47580645161290325,0.3055555555555556,0.09848484848484848,niche,0.3055555555555556,0.08487654320987655,0.09053069719042664,0.3333333333333333,5000,31,0.3055555555555556,0.39919354838709675,0.40740740740740744,0.19444444444444445,0.33870967741935487,tibet
0.2909090909090909,29,28,0.4396551724137931,0.5,0.14655172413793105,0.24892241379310345,down_rand,0.09482758620689655,0.09631391200951249,0.12190082644628099,0.40804597701149425,5000,22,0.15517241379310345,0.5,0.4655172413793104,0.1896551724137931,0.4318181818181818,greenland
0.25,59,23,0.3135593220338983,0.4375,0.4152542372881356,0.23728813559322035,niche,0.3771186440677966,0.09307670209709853,0.09917091836734694,0.37570621468926557,5000,56,0.39830508474576276,0.35714285714285715,0.4194915254237288,0.1716101694915254,0.39285714285714285,dolomites
0.21005291005291005,36,21,0.4722222222222222,0.5,0.4166666666666667,0.20436507936507936,down_niche,0.375,0.14891975308641975,0.14857142857142858,0.4166666666666667,5000,35,0.3055555555555556,0.19196428571428573,0.5,0.2222222222222222,0.44285714285714284,tibet
0.15156794425087106,59,30,0.4594694178334562,0.5,0.3135593220338983,0.12772397094430993,metaweb,0.3135593220338983,0.16690606147658718,0.1445231153685964,0.48305084745762716,5000,49,0.3135593220338983,0.5,0.5,0.13559322033898305,0.5,dolomites
0.15359477124183007,36,5,0.3117283950617284,0.36764705882352944,0.034722222222222224,0.10925925925925925,niche,0.020833333333333332,0.0941358024691358,0.10726643598615918,0.3055555555555556,5000,17,0.030864197530864196,0.24789915966386555,0.39814814814814814,0.02631578947368421,0.28431372549019607,tibet
0.16666666666666669,29,11,0.3620689655172414,0.42000000000000004,0.3620689655172414,0.1724137931034483,niche,0.3620689655172414,0.13912009512485138,0.1616,0.39655172413793105,5000,25,0.25862068965517243,0.22999999999999998,0.43103448275862066,0.1724137931034483,0.45999999999999996,kashmir
0.18173076923076922,52,22,0.3269230769230769,0.5,0.21153846153846154,0.14387464387464388,down_power,0.21153846153846154,0.14792899408284024,0.124375,0.5,5000,40,0.23076923076923078,0.45,0.5,0.15384615384615385,0.5,meishan
0.3333333333333333,29,2,0.3620689655172414,0.3666666666666667,0.03333333333333333,0.1724137931034483,niche,0.03333333333333333,0.14149821640903687,0.1688888888888889,0.3620689655172414,5000,15,0.05172413793103448,0.43333333333333335,0.3879310344827586,0.026315789473684213,0.3666666666666667,kashmir
0.14956268221574343,59,21,0.47500000000000003,0.5,0.3135593220338983,0.12587238285144567,down_power,0.3305084745762712,0.1488078138465958,0.12703040399833404,0.5,5000,49,0.3135593220338983,0.5,0.5,0.13559322033898305,0.5,dolomites
0.20751633986928103,41,4,0.3780487804878049,0.5,0.3048780487804878,0.17650834403080873,down_power,0.32926829268292684,0.13444378346222485,0.1115916955017301,0.47560975609756095,5000,34,0.32113821138211385,0.47058823529411764,0.47560975609756095,0.1951219512195122,0.47058823529411764,turkiye
0.21632996632996634,36,27,0.37962962962962965,0.5,0.3333333333333333,0.20029239766081872,down_link,0.3888888888888889,0.1257716049382716,0.1184573002754821,0.4722222222222222,5000,33,0.3888888888888889,0.4393939393939394,0.5,0.2222222222222222,0.44696969696969696,tibet
0.19266917293233082,52,16,0.2932692307692307,0.5,0.21153846153846154,0.1445409429280397,down_rand,0.21153846153846154,0.1253698224852071,0.11842105263157894,0.4807692307692308,5000,38,0.23076923076923078,0.47368421052631576,0.4807692307692308,0.15384615384615385,0.47368421052631576,meishan
0.31065088757396453,29,26,0.39655172413793105,0.5,0.22413793103448276,0.2793103448275862,down_power,0.2931034482758621,0.12247324613555291,0.1346153846153846,0.4396551724137931,5000,26,0.2931034482758621,0.46153846153846156,0.4655172413793104,0.21551724137931033,0.4358974358974359,kashmir
0.4708333333333333,29,14,0.03333333333333333,0.4041666666666667,0.2413793103448276,0.05172413793103448,down_power,0.2413793103448276,0.06539833531510107,0.24444444444444444,0.03333333333333333,5000,15,0.2413793103448276,0.5,0.03333333333333333,0.5,0.4041666666666667,greenland
0.2222222222222222,36,7,0.3055555555555556,0.46875,0.25,0.15656565656565657,down_niche,0.10185185185185185,0.08873456790123457,0.095703125,0.4305555555555556,5000,32,0.3611111111111111,0.46875,0.4444444444444444,0.2222222222222222,0.5,tibet
0.15447154471544716,59,19,0.44325718496683864,0.5,0.3135593220338983,0.12772397094430993,metaweb,0.3135593220338983,0.16690606147658718,0.1388888888888889,0.48305084745762716,5000,48,0.3135593220338983,0.5,0.5,0.13559322033898305,0.5,dolomites
0.1332752613240418,59,26,0.4661016949152542,0.5,0.2966101694915254,0.1267052501033485,down_niche,0.3305084745762712,0.1223786268313703,0.1256377551020408,0.48305084745762716,5000,56,0.364406779661017,0.5,0.5,0.13559322033898305,0.4910714285714286,dolomites
0.26543209876543206,29,27,0.375,0.4629629629629629,0.27011494252873564,0.24482758620689657,down_niche,0.12931034482758622,0.12604042806183116,0.13305898491083676,0.4396551724137931,5000,27,0.1896551724137931,0.3796296296296296,0.5,0.15517241379310345,0.35185185185185186,greenland
0.21052631578947367,41,21,0.3780487804878049,0.5,0.15853658536585366,0.18195121951219514,down_power,0.16158536585365854,0.148720999405116,0.11937716262975778,0.5,5000,34,0.20731707317073172,0.5,0.5,0.1524390243902439,0.5,turkiye
0.21657754010695188,36,8,0.4166666666666667,0.5,0.3472222222222222,0.19907407407407407,down_link,0.3611111111111111,0.14814814814814814,0.14600550964187328,0.4166666666666667,5000,33,0.3333333333333333,0.4696969696969697,0.5,0.2222222222222222,0.5,tibet
0.20707070707070707,41,9,0.3567073170731707,0.5,0.3048780487804878,0.1715447154471545,down_rand,0.3048780487804878,0.10469958358120167,0.09090909090909091,0.47560975609756095,5000,33,0.32926829268292684,0.4696969696969697,0.5,0.1951219512195122,0.5,turkiye
0.19954954954954957,52,22,0.40865384615384615,0.5,0.21153846153846154,0.1456876456876457,metaweb,0.21153846153846154,0.17492603550295857,0.16946676406135866,0.4423076923076923,5000,37,0.21153846153846154,0.5,0.5,0.15384615384615385,0.5,meishan
0.225,52,3,0.28846153846153844,0.5,0.28846153846153844,0.22195512820512822,niche,0.28846153846153844,0.10983727810650888,0.11407876867360797,0.375,5000,47,0.25,0.3553191489361702,0.4230769230769231,0.15384615384615385,0.36524822695035464,meishan
0.14942528735632185,59,24,0.34745762711864403,0.5,0.3135593220338983,0.12473516949152542,down_link,0.3135593220338983,0.10887675955185291,0.08550347222222222,0.5,5000,48,0.3135593220338983,0.5,0.5,0.13559322033898305,0.5,dolomites
0.3755980861244019,29,17,0.12068965517241378,0.5,0.3793103448275862,0.1810344827586207,down_power,0.3793103448275862,0.09631391200951249,0.22437673130193905,0.15517241379310345,5000,19,0.3793103448275862,0.5,0.15517241379310345,0.5,0.47697368421052627,greenland
0.25,59,21,0.3135593220338983,0.4375,0.016129032258064516,0.13559322033898305,niche,0.016129032258064516,0.15024418270611894,0.1435546875,0.43220338983050843,5000,32,0.016129032258064516,0.4375,0.4661016949152542,0.015151515151515152,0.390625,dolomites
0.18417366946778713,52,21,0.14743589743589744,0.5,0.34615384615384615,0.1794871794871795,atn,0.3076923076923077,0.14127218934911243,0.14417531718569782,0.40384615384615385,5000,51,0.34615384615384615,0.23823529411764705,0.5,0.17628205128205127,0.4019607843137255,meishan
0.31481481481481477,29,15,0.3620689655172414,0.4845679012345679,0.2327586206896552,0.311576354679803,niche,0.43103448275862066,0.1117717003567182,0.11934156378600823,0.3017241379310345,5000,27,0.3620689655172414,0.375,0.43103448275862066,0.3275862068965517,0.31481481481481477,greenland
0.4083333333333333,29,15,0.3620689655172414,0.388,0.4482758620689655,0.31432360742705573,down_power,0.41379310344827586,0.11890606420927467,0.16,0.3467432950191571,5000,25,0.41379310344827586,0.5,0.22413793103448276,0.43103448275862066,0.41111111111111115,greenland
0.35714285714285715,29,17,0.3505747126436782,0.3333333333333333,0.03125,0.2413793103448276,niche,0.03333333333333333,0.10225921521997622,0.1326530612244898,0.3275862068965517,5000,14,0.03333333333333333,0.42857142857142855,0.4051724137931034,0.03125,0.21428571428571427,kashmir
0.2025862068965517,29,14,0.27011494252873564,0.4655172413793104,0.2931034482758621,0.20344827586206896,down_link,0.43103448275862066,0.06539833531510107,0.06539833531510107,0.43103448275862066,5000,29,0.31896551724137934,0.19827586206896552,0.4655172413793104,0.27586206896551724,0.43103448275862066,greenland
0.1989748369058714,52,29,0.4068825910931174,0.5,0.21153846153846154,0.13800904977375567,down_niche,0.23076923076923078,0.13350591715976332,0.14974433893352812,0.5,5000,37,0.21153846153846154,0.49324324324324326,0.5,0.15384615384615385,0.472972972972973,meishan
0.14942528735632185,59,20,0.3135593220338983,0.5,0.3305084745762712,0.12419637638807715,down_link,0.3305084745762712,0.12180407928756104,0.0954861111111111,0.5,5000,48,0.3135593220338983,0.5,0.5,0.13559322033898305,0.5,dolomites
0.28461538461538466,41,7,0.3638211382113821,0.42000000000000004,0.06097560975609756,0.17609756097560977,down_niche,0.052845528455284556,0.08863771564544913,0.104,0.39939024390243905,5000,25,0.06097560975609756,0.45,0.5,0.022727272727272728,0.38,turkiye
0.28,29,21,0.5,0.47,0.3275862068965517,0.2413793103448276,niche,0.3275862068965517,0.14387633769322236,0.152,0.3706896551724138,5000,25,0.3275862068965517,0.42000000000000004,0.43103448275862066,0.1896551724137931,0.39,greenland
0.2971014492753623,29,27,0.43103448275862066,0.42391304347826086,0.22413793103448276,0.2413793103448276,niche,0.25862068965517243,0.11652794292508918,0.09073724007561437,0.3505747126436782,5000,23,0.2931034482758621,0.34057971014492755,0.5,0.18472906403940886,0.32608695652173914,greenland
0.2129120879120879,59,22,0.12842242503259452,0.5,0.11016949152542374,0.1586219602063375,atn,0.11016949152542374,0.1465096236713588,0.14595660749506903,0.4152542372881356,5000,39,0.09322033898305085,0.5,0.48305084745762716,0.05690072639225182,0.3717948717948718,dolomites
0.2231934731934732,41,13,0.5,0.5,0.3048780487804878,0.18292682926829268,metaweb,0.32926829268292684,0.20226055919095776,0.18365472910927455,0.47560975609756095,5000,33,0.3048780487804878,0.5,0.5,0.1951219512195122,0.5,turkiye
0.21256684491978609,41,15,0.39634146341463417,0.5,0.3048780487804878,0.16666666666666669,down_niche,0.31097560975609756,0.1189767995240928,0.12283737024221453,0.5,5000,34,0.3048780487804878,0.5,0.5,0.1951219512195122,0.5,turkiye
0.14102564102564102,59,10,0.2288135593220339,0.5,0.3135593220338983,0.12057010785824346,down_link,0.3135593220338983,0.08072392990519965,0.062065972222222224,0.5,5000,48,0.3135593220338983,0.5,0.5,0.13559322033898305,0.5,dolomites
0.29222222222222227,29,2,0.5,0.5,0.3620689655172414,0.2543103448275862,metaweb,0.3620689655172414,0.19262782401902498,0.2176,0.43103448275862066,5000,25,0.3620689655172414,0.5,0.5,0.27586206896551724,0.5,greenland
0.2735042735042735,59,14,0.2627118644067796,0.38461538461538464,0.015151515151515152,0.1864406779661017,niche,0.013888888888888888,0.06032749209997127,0.06656804733727811,0.2457627118644068,5000,26,0.014705882352941176,0.38461538461538464,0.4491525423728814,0.014705882352941176,0.32051282051282054,dolomites
0.26571428571428574,29,9,0.43103448275862066,0.49,0.25862068965517243,0.21551724137931033,down_link,0.2327586206896552,0.10463733650416171,0.1104,0.45689655172413796,5000,25,0.21551724137931033,0.38,0.5,0.1896551724137931,0.405,greenland
0.35833333333333334,29,12,0.25862068965517243,0.5,0.41379310344827586,0.2425287356321839,down_power,0.41379310344827586,0.13198573127229488,0.2375,0.2471264367816092,5000,20,0.4482758620689655,0.5,0.25862068965517243,0.43103448275862066,0.5,greenland
0.2135549872122762,41,28,0.4268292682926829,0.5,0.08536585365853658,0.17788057190916737,down_niche,0.08536585365853658,0.09637120761451518,0.11678200692041522,0.375,5000,34,0.10975609756097561,0.47058823529411764,0.47560975609756095,0.13414634146341464,0.4411764705882353,turkiye
0.1907894736842105,52,25,0.38461538461538464,0.5,0.23076923076923078,0.14516129032258066,down_rand,0.23076923076923078,0.14497041420118342,0.1461218836565097,0.4807692307692308,5000,38,0.23076923076923078,0.5,0.5,0.15384615384615385,0.5,meishan
0.27197802197802196,29,19,0.40948275862068967,0.5,0.3620689655172414,0.24507389162561577,down_link,0.2931034482758621,0.13793103448275862,0.14940828402366865,0.4913793103448276,5000,26,0.3620689655172414,0.38461538461538464,0.5,0.27586206896551724,0.47115384615384615,greenland
0.1519607843137255,59,11,0.47500000000000003,0.5,0.3135593220338983,0.1261501210653753,down_rand,0.3135593220338983,0.1488078138465958,0.1228298611111111,0.5,5000,48,0.3135593220338983,0.5,0.5,0.13559322033898305,0.5,dolomites
0.18025914634146342,52,27,0.38846153846153847,0.5,0.15384615384615385,0.14479638009049775,down_niche,0.12179487179487179,0.1257396449704142,0.14812611540749554,0.40384615384615385,5000,41,0.15384615384615385,0.5,0.5,0.15384615384615385,0.4268292682926829,meishan
0.15053763440860216,59,27,0.34745762711864403,0.5,0.3135593220338983,0.12457627118644068,down_power,0.3135593220338983,0.12553863832232118,0.0954861111111111,0.5,5000,48,0.3135593220338983,0.5,0.48305084745762716,0.13559322033898305,0.5,dolomites
0.23214285714285715,29,17,0.3850574712643678,0.4642857142857143,0.2931034482758621,0.2327586206896552,down_link,0.2672413793103448,0.09631391200951249,0.09948979591836735,0.4655172413793104,5000,28,0.3275862068965517,0.2232142857142857,0.4913793103448276,0.27586206896551724,0.4642857142857143,greenland
0.29758064516129035,36,24,0.2037037037037037,0.467741935483871,0.24074074074074073,0.2777777777777778,atn,0.2777777777777778,0.12191358024691358,0.13423517169614985,0.3611111111111111,5000,31,0.25,0.45564516129032256,0.40740740740740744,0.25,0.3602150537634409,tibet
0.2231934731934732,41,2,0.4886759581881533,0.5,0.3048780487804878,0.18292682926829268,metaweb,0.32926829268292684,0.20226055919095776,0.18365472910927455,0.47560975609756095,5000,33,0.32926829268292684,0.5,0.5,0.1951219512195122,0.5,turkiye
0.15315315315315314,59,21,0.4491525423728814,0.5,0.3135593220338983,0.1268956289027654,down_rand,0.3135593220338983,0.1488078138465958,0.12109375,0.5,5000,48,0.3135593220338983,0.5,0.5,0.13559322033898305,0.5,dolomites
0.21742424242424244,41,22,0.3795731707317073,0.5,0.3048780487804878,0.17865853658536587,down_power,0.2804878048780488,0.14753123140987506,0.12213039485766758,0.5,5000,33,0.27439024390243905,0.5,0.5,0.1951219512195122,0.5,turkiye
0.2942857142857143,29,28,0.3620689655172414,0.45999999999999996,0.3275862068965517,0.2456896551724138,down_power,0.3275862068965517,0.09631391200951249,0.112,0.35344827586206895,5000,25,0.3620689655172414,0.30000000000000004,0.43103448275862066,0.3275862068965517,0.37,kashmir
0.3424908424908425,29,21,0.5,0.45238095238095233,0.1896551724137931,0.25258620689655176,down_niche,0.1896551724137931,0.14863258026159334,0.17006802721088435,0.43103448275862066,5000,21,0.15517241379310345,0.45238095238095233,0.5,0.15517241379310345,0.40476190476190477,greenland
0.24107142857142858,29,1,0.3275862068965517,0.5,0.2931034482758621,0.22413793103448276,down_link,0.28448275862068967,0.09988109393579073,0.10204081632653061,0.4655172413793104,5000,28,0.1896551724137931,0.22142857142857142,0.5,0.27586206896551724,0.4464285714285714,greenland
0.24492753623188407,36,15,0.5,0.5,0.3333333333333333,0.20619658119658119,metaweb,0.3333333333333333,0.19367283950617284,0.19555555555555557,0.4166666666666667,5000,30,0.3333333333333333,0.5,0.5,0.2222222222222222,0.5,tibet
0.18240093240093241,52,23,0.36538461538461536,0.47435897435897434,0.20192307692307693,0.14076923076923076,down_rand,0.23076923076923078,0.09208579881656805,0.09204470742932282,0.4182692307692308,5000,39,0.21153846153846154,0.4413919413919414,0.4807692307692308,0.15384615384615385,0.44871794871794873,meishan
0.22426470588235295,36,1,0.3472222222222222,0.453125,0.19444444444444445,0.1840277777777778,down_power,0.2222222222222222,0.10030864197530864,0.1123046875,0.4444444444444444,5000,32,0.19444444444444445,0.40625,0.4444444444444444,0.2222222222222222,0.453125,tibet
0.2346938775510204,29,30,0.3620689655172414,0.4642857142857143,0.33620689655172414,0.2025862068965517,down_link,0.25,0.08680142687277051,0.08673469387755102,0.45689655172413796,5000,28,0.3275862068965517,0.22767857142857142,0.5,0.27586206896551724,0.48214285714285715,greenland
0.13333333333333333,59,17,0.21939736346516006,0.5,0.3135593220338983,0.12048636698599853,down_power,0.3135593220338983,0.09681126113185866,0.06901041666666667,0.48305084745762716,5000,48,0.3305084745762712,0.5,0.5,0.13559322033898305,0.5,dolomites
0.15447154471544716,59,17,0.45955315870570107,0.5,0.3135593220338983,0.12772397094430993,metaweb,0.3135593220338983,0.16690606147658718,0.1388888888888889,0.48305084745762716,5000,48,0.3135593220338983,0.5,0.5,0.13559322033898305,0.5,dolomites
0.2231934731934732,41,26,0.5,0.5,0.32926829268292684,0.18292682926829268,metaweb,0.3048780487804878,0.20226055919095776,0.18365472910927455,0.47560975609756095,5000,33,0.3048780487804878,0.5,0.5,0.1951219512195122,0.5,turkiye
0.23519163763066203,52,29,0.3076923076923077,0.47560975609756095,0.15384615384615385,0.19230769230769232,niche,0.125,0.14349112426035504,0.165377751338489,0.42948717948717946,5000,41,0.2403846153846154,0.3617886178861789,0.42948717948717946,0.057692307692307696,0.42073170731707316,meishan
0.24492753623188407,36,27,0.5,0.5,0.3333333333333333,0.20619658119658119,metaweb,0.3333333333333333,0.19367283950617284,0.19555555555555557,0.4166666666666667,5000,30,0.3333333333333333,0.5,0.5,0.2222222222222222,0.5,tibet
0.23529411764705882,41,1,0.35365853658536583,0.47058823529411764,0.32926829268292684,0.19727403156384504,down_rand,0.25609756097560976,0.09994051160023795,0.09515570934256055,0.45121951219512196,5000,34,0.31097560975609756,0.47058823529411764,0.47560975609756095,0.21951219512195122,0.47058823529411764,turkiye
0.18990042674253202,52,26,0.3004807692307692,0.5,0.23076923076923078,0.14130434782608695,down_rand,0.21153846153846154,0.1224112426035503,0.1212563915266618,0.46153846153846156,5000,37,0.23076923076923078,0.44932432432432434,0.4807692307692308,0.15384615384615385,0.5,meishan
0.26296296296296295,29,23,0.339080459770115,0.5,0.31896551724137934,0.2189655172413793,down_rand,0.20114942528735633,0.09274673008323424,0.10013717421124829,0.41810344827586204,5000,27,0.1896551724137931,0.38888888888888884,0.4396551724137931,0.27586206896551724,0.41666666666666663,greenland
0.2866666666666667,29,2,0.40804597701149425,0.5,0.3620689655172414,0.25,down_niche,0.15517241379310345,0.13436385255648037,0.1616,0.4051724137931034,5000,25,0.22413793103448276,0.5,0.4655172413793104,0.27586206896551724,0.5,kashmir
0.19538288288288289,52,27,0.4061085972850679,0.5,0.21153846153846154,0.1423076923076923,down_rand,0.23076923076923078,0.1257396449704142,0.12271731190650109,0.46153846153846156,5000,37,0.21153846153846154,0.472972972972973,0.4807692307692308,0.15384615384615385,0.5,meishan
0.20238095238095238,41,7,0.24796747967479674,0.5,0.3231707317073171,0.18597560975609756,down_power,0.3048780487804878,0.08863771564544913,0.0963265306122449,0.4268292682926829,5000,35,0.2865853658536585,0.3642857142857143,0.45121951219512196,0.2682926829268293,0.4714285714285714,turkiye
0.33912037037037035,29,13,0.22701149425287356,0.4722222222222222,0.43103448275862066,0.31851179673321234,atn,0.3879310344827586,0.13436385255648037,0.14814814814814814,0.3275862068965517,5000,27,0.43103448275862066,0.3611111111111111,0.4396551724137931,0.25862068965517243,0.35185185185185186,greenland
0.28153846153846157,29,8,0.4655172413793104,0.5,0.3620689655172414,0.24954627949183303,down_rand,0.39655172413793105,0.14744351961950058,0.168,0.45862068965517244,5000,25,0.3620689655172414,0.43333333333333335,0.4425287356321839,0.27586206896551724,0.5,greenland
0.2164705882352941,41,8,0.45121951219512196,0.5,0.3048780487804878,0.18151969981238275,down_niche,0.2804878048780488,0.14812611540749554,0.16089965397923875,0.45121951219512196,5000,34,0.3048780487804878,0.5,0.5,0.1951219512195122,0.5,turkiye
0.29047619047619044,36,5,0.20238095238095238,0.4666666666666667,0.3888888888888889,0.2560386473429952,atn,0.2777777777777778,0.11728395061728394,0.13555555555555557,0.3611111111111111,5000,30,0.3611111111111111,0.4666666666666667,0.44999999999999996,0.18518518518518517,0.36666666666666664,tibet
0.14727891156462583,59,12,0.40718321226795806,0.5,0.3135593220338983,0.1259416195856874,down_link,0.34745762711864403,0.13243320884803217,0.10870470637234486,0.5,5000,49,0.3135593220338983,0.5,0.5,0.13559322033898305,0.5,dolomites
0.21428571428571427,29,17,0.35344827586206895,0.4642857142857143,0.2931034482758621,0.2310344827586207,down_link,0.2327586206896552,0.09631391200951249,0.09311224489795919,0.4396551724137931,5000,28,0.3275862068965517,0.2357142857142857,0.5,0.27586206896551724,0.42857142857142855,kashmir
0.1873065015479876,41,2,0.3780487804878049,0.5,0.3048780487804878,0.17575322812051652,down_link,0.32926829268292684,0.13503866745984533,0.12880886426592797,0.5,5000,38,0.3719512195121951,0.5,0.5,0.1951219512195122,0.5,turkiye
0.29222222222222227,29,28,0.5,0.5,0.3620689655172414,0.2543103448275862,metaweb,0.3620689655172414,0.19500594530321047,0.2176,0.43103448275862066,5000,25,0.3620689655172414,0.5,0.4913793103448276,0.27586206896551724,0.5,kashmir
0.28225806451612906,36,10,0.20555555555555555,0.44623655913978494,0.3333333333333333,0.25854700854700857,atn,0.3055555555555556,0.11342592592592593,0.1279916753381894,0.3333333333333333,5000,31,0.3888888888888889,0.45483870967741935,0.4166666666666667,0.2673611111111111,0.3709677419354839,tibet
0.25595238095238093,29,13,0.28448275862068967,0.35714285714285715,0.39655172413793105,0.21724137931034482,down_power,0.2931034482758621,0.05826397146254459,0.0625,0.3505747126436782,5000,28,0.3620689655172414,0.2357142857142857,0.4224137931034483,0.3448275862068966,0.36904761904761907,kashmir
0.17159971811134603,52,18,0.46328671328671334,0.4767441860465116,0.25,0.14345114345114346,down_niche,0.23076923076923078,0.10022189349112426,0.11952406706327745,0.4230769230769231,5000,43,0.0625,0.4767441860465116,0.5,0.15384615384615385,0.43023255813953487,meishan
0.29222222222222227,29,16,0.5,0.5,0.39655172413793105,0.2543103448275862,metaweb,0.3620689655172414,0.19500594530321047,0.2176,0.43103448275862066,5000,25,0.3620689655172414,0.5,0.5,0.27586206896551724,0.5,kashmir
0.3186813186813187,29,22,0.39655172413793105,0.5,0.5,0.28201970443349755,down_power,0.5,0.14744351961950058,0.1834319526627219,0.39655172413793105,5000,26,0.5,0.5,0.39655172413793105,0.43103448275862066,0.46923076923076923,greenland
0.21496212121212122,36,1,0.3194444444444444,0.5,0.25,0.19618055555555555,down_rand,0.25,0.10030864197530864,0.10743801652892562,0.4444444444444444,5000,33,0.25,0.3484848484848485,0.4722222222222222,0.2222222222222222,0.5,tibet
0.29222222222222227,29,26,0.5,0.5,0.3620689655172414,0.2543103448275862,metaweb,0.3620689655172414,0.19500594530321047,0.2176,0.43103448275862066,5000,25,0.3620689655172414,0.5,0.5,0.27586206896551724,0.5,kashmir
0.17332848837209303,52,19,0.4455128205128205,0.5,0.23076923076923078,0.1456876456876457,metaweb,0.21153846153846154,0.17492603550295857,0.15575987020010817,0.4423076923076923,5000,43,0.23076923076923078,0.5,0.5,0.15384615384615385,0.4534883720930233,meishan
0.19523809523809524,36,30,0.3402777777777778,0.4666666666666667,0.27083333333333337,0.18518518518518517,down_power,0.3333333333333333,0.08719135802469136,0.07444444444444444,0.4444444444444444,5000,30,0.3194444444444444,0.5,0.5,0.2222222222222222,0.45,tibet
0.36428571428571427,29,25,0.2438423645320197,0.42000000000000004,0.39655172413793105,0.31851179673321234,atn,0.25862068965517243,0.13912009512485138,0.1376,0.3275862068965517,5000,25,0.39655172413793105,0.395,0.4655172413793104,0.3275862068965517,0.30000000000000004,greenland
0.31211180124223603,29,6,0.5,0.5,0.22413793103448276,0.25136116152450094,down_niche,0.25862068965517243,0.14149821640903687,0.15500945179584122,0.43103448275862066,5000,23,0.22413793103448276,0.5,0.47413793103448276,0.1896551724137931,0.40217391304347827,greenland
0.1936026936026936,41,17,0.350609756097561,0.5,0.18089430894308944,0.16666666666666669,down_link,0.3048780487804878,0.09696609161213564,0.07897153351698806,0.5,5000,33,0.3201219512195122,0.5,0.49390243902439024,0.1951219512195122,0.5,turkiye
0.24492753623188407,36,23,0.5,0.5,0.3611111111111111,0.20619658119658119,metaweb,0.3333333333333333,0.19367283950617284,0.19555555555555557,0.4166666666666667,5000,30,0.3611111111111111,0.5,0.5,0.2222222222222222,0.5,tibet
0.20793650793650795,52,20,0.1555944055944056,0.45555555555555555,0.28846153846153844,0.16295546558704455,atn,0.3076923076923077,0.1235207100591716,0.13283950617283952,0.36538461538461536,5000,45,0.3269230769230769,0.47777777777777775,0.4807692307692308,0.16483516483516483,0.3666666666666667,meishan
0.2111111111111111,36,7,0.3333333333333333,0.5,0.3055555555555556,0.18333333333333332,down_link,0.19444444444444445,0.08873456790123457,0.0811111111111111,0.5,5000,30,0.3148148148148148,0.4666666666666667,0.4722222222222222,0.2222222222222222,0.4666666666666667,tibet
0.21875,36,22,0.3055555555555556,0.4375,0.023809523809523808,0.1111111111111111,niche,0.024999999999999998,0.14737654320987653,0.140625,0.3611111111111111,5000,16,0.022727272727272728,0.40625,0.4166666666666667,0.023809523809523808,0.375,tibet
0.2761904761904762,41,4,0.17378048780487806,0.43333333333333335,0.15853658536585366,0.1800573888091822,atn,0.13414634146341464,0.13087447947650208,0.16444444444444445,0.3780487804878049,5000,30,0.2804878048780488,0.5,0.47560975609756095,0.1483739837398374,0.36666666666666664,turkiye
0.36428571428571427,29,29,0.23793103448275862,0.45999999999999996,0.3620689655172414,0.2931034482758621,atn,0.3017241379310345,0.13555291319857313,0.1408,0.3275862068965517,5000,25,0.3275862068965517,0.45999999999999996,0.39655172413793105,0.28448275862068967,0.33999999999999997,greenland
0.15865384615384617,52,23,0.2582417582417582,0.4807692307692308,0.21394230769230768,0.1391941391941392,down_power,0.23076923076923078,0.09208579881656805,0.06771860618014464,0.4423076923076923,5000,39,0.23076923076923078,0.4294871794871795,0.5,0.15384615384615385,0.4551282051282052,meishan
0.27435897435897433,29,22,0.4655172413793104,0.5,0.3620689655172414,0.2471264367816092,down_link,0.2931034482758621,0.14744351961950058,0.15828402366863906,0.45689655172413796,5000,26,0.339080459770115,0.5,0.5,0.27586206896551724,0.5,greenland
0.2866666666666667,29,26,0.4655172413793104,0.49,0.21264367816091953,0.2327586206896552,down_niche,0.1336206896551724,0.12247324613555291,0.1504,0.3879310344827586,5000,25,0.27155172413793105,0.5,0.5,0.27586206896551724,0.47,kashmir
0.16160081053698075,59,27,0.12146892655367232,0.5,0.14595103578154425,0.1364133406232914,atn,0.2288135593220339,0.1289859235851767,0.15074694431869623,0.4152542372881356,5000,47,0.2288135593220339,0.5,0.48305084745762716,0.09322033898305085,0.4148936170212766,dolomites
0.20833333333333334,36,20,0.32407407407407407,0.3611111111111111,0.09722222222222221,0.19444444444444445,niche,0.1388888888888889,0.11651234567901235,0.16493055555555555,0.3263888888888889,5000,24,0.2222222222222222,0.3333333333333333,0.3888888888888889,0.05555555555555555,0.4375,tibet
0.19954954954954957,52,23,0.4636752136752137,0.5,0.23076923076923078,0.1456876456876457,metaweb,0.23076923076923078,0.17492603550295857,0.16946676406135866,0.4423076923076923,5000,37,0.21153846153846154,0.5,0.5,0.15384615384615385,0.5,meishan
0.13541666666666669,59,17,0.21731234866828086,0.5,0.3135593220338983,0.12057010785824346,down_link,0.3305084745762712,0.09681126113185866,0.07378472222222222,0.5,5000,48,0.3135593220338983,0.4409722222222222,0.5,0.13559322033898305,0.5,dolomites
0.19266917293233082,52,1,0.4423076923076923,0.5,0.028846153846153848,0.1434065934065934,down_niche,0.038461538461538464,0.10022189349112426,0.12049861495844875,0.4807692307692308,5000,38,0.04487179487179487,0.5,0.4807692307692308,0.03365384615384616,0.4342105263157895,meishan
0.33999999999999997,29,19,0.2435344827586207,0.42000000000000004,0.3275862068965517,0.3154158215010142,atn,0.2931034482758621,0.13793103448275862,0.1424,0.3275862068965517,5000,25,0.3275862068965517,0.5,0.43103448275862066,0.31896551724137934,0.33999999999999997,greenland
0.31547619047619047,29,7,0.40086206896551724,0.40476190476190477,0.22413793103448276,0.20114942528735633,down_rand,0.08620689655172414,0.089179548156956,0.1111111111111111,0.4051724137931034,5000,21,0.09482758620689655,0.45238095238095233,0.43103448275862066,0.08620689655172414,0.373015873015873,greenland
0.1979591836734694,41,20,0.34908536585365857,0.5,0.2804878048780488,0.16951219512195123,down_power,0.3231707317073171,0.12195121951219512,0.08897959183673469,0.47560975609756095,5000,35,0.3048780487804878,0.47857142857142854,0.5,0.1951219512195122,0.4642857142857143,turkiye
0.29464285714285715,29,17,0.22701149425287356,0.4642857142857143,0.3620689655172414,0.31851179673321234,atn,0.39655172413793105,0.12604042806183116,0.13520408163265307,0.3045977011494253,5000,28,0.2931034482758621,0.3277310924369748,0.39655172413793105,0.2672413793103448,0.32142857142857145,greenland
0.21464646464646464,41,4,0.3638211382113821,0.5,0.3048780487804878,0.17779204107830554,down_link,0.3048780487804878,0.13444378346222485,0.12029384756657484,0.5,5000,33,0.32926829268292684,0.5,0.5,0.1951219512195122,0.5,turkiye
0.29222222222222227,29,11,0.5,0.5,0.39655172413793105,0.2543103448275862,metaweb,0.39655172413793105,0.19500594530321047,0.2176,0.43103448275862066,5000,25,0.3620689655172414,0.5,0.5,0.27586206896551724,0.5,kashmir
0.21889400921658986,36,29,0.373015873015873,0.5,0.2569444444444444,0.2013888888888889,down_power,0.3333333333333333,0.13348765432098766,0.1186264308012487,0.5,5000,31,0.2222222222222222,0.5,0.5,0.2222222222222222,0.5,tibet
0.3392857142857143,29,1,0.25862068965517243,0.35714285714285715,0.25862068965517243,0.32471264367816094,atn,0.2931034482758621,0.11771700356718193,0.1211734693877551,0.3275862068965517,5000,28,0.40804597701149425,0.39285714285714285,0.45689655172413796,0.33448275862068966,0.32142857142857145,kashmir
0.2604166666666667,41,21,0.17247386759581884,0.4791666666666667,0.2225609756097561,0.19359756097560976,atn,0.3048780487804878,0.1457465794170137,0.1708984375,0.3780487804878049,5000,32,0.32926829268292684,0.4375,0.47560975609756095,0.22045028142589118,0.375,turkiye
0.2842857142857143,29,8,0.4655172413793104,0.5,0.3275862068965517,0.2427055702917772,down_power,0.3620689655172414,0.14744351961950058,0.1696,0.43103448275862066,5000,25,0.3620689655172414,0.5,0.43103448275862066,0.27586206896551724,0.5,kashmir
0.24,36,10,0.2638888888888889,0.4,0.3055555555555556,0.20555555555555555,niche,0.2777777777777778,0.05709876543209876,0.05333333333333334,0.29861111111111116,5000,30,0.2777777777777778,0.3111111111111111,0.3333333333333333,0.25,0.2833333333333333,tibet
0.21636363636363637,29,1,0.36637931034482757,0.45999999999999996,0.27011494252873564,0.1896551724137931,down_niche,0.22413793103448276,0.09988109393579073,0.1216,0.3879310344827586,5000,25,0.3620689655172414,0.5,0.5,0.27586206896551724,0.42000000000000004,greenland
0.2692307692307692,29,17,0.40086206896551724,0.46153846153846156,0.22413793103448276,0.23399014778325122,down_rand,0.2931034482758621,0.09631391200951249,0.10502958579881656,0.4396551724137931,5000,26,0.21551724137931033,0.34615384615384615,0.5,0.25862068965517243,0.4423076923076923,greenland
0.3782051282051282,29,3,0.2327586206896552,0.4166666666666667,0.3275862068965517,0.3135775862068966,atn,0.3275862068965517,0.12960760998810938,0.1440972222222222,0.3275862068965517,5000,24,0.3017241379310345,0.4583333333333333,0.41954022988505746,0.3275862068965517,0.3333333333333333,greenland
0.29222222222222227,29,6,0.5,0.5,0.3620689655172414,0.2543103448275862,metaweb,0.3620689655172414,0.19500594530321047,0.2176,0.43103448275862066,5000,25,0.3620689655172414,0.5,0.5,0.27586206896551724,0.5,kashmir
0.18877551020408165,41,23,0.3146341463414634,0.4714285714285714,0.18292682926829268,0.1753048780487805,down_niche,0.09247967479674797,0.09220701963117192,0.09387755102040816,0.39634146341463417,5000,35,0.27439024390243905,0.4714285714285714,0.47560975609756095,0.1951219512195122,0.44285714285714284,turkiye
0.3125,36,29,0.2111111111111111,0.3333333333333333,0.2222222222222222,0.25854700854700857,atn,0.19444444444444445,0.13503086419753085,0.14930555555555555,0.32407407407407407,5000,24,0.2222222222222222,0.5,0.4166666666666667,0.17222222222222222,0.3333333333333333,tibet
0.15447154471544716,59,5,0.4431497175141243,0.5,0.3135593220338983,0.12772397094430993,metaweb,0.3135593220338983,0.16690606147658718,0.1388888888888889,0.48305084745762716,5000,48,0.3135593220338983,0.5,0.5,0.13559322033898305,0.5,dolomites
0.23333333333333334,36,19,0.37037037037037035,0.5,0.2777777777777778,0.20105820105820105,down_power,0.3333333333333333,0.1381172839506173,0.13111111111111112,0.4722222222222222,5000,30,0.3333333333333333,0.5,0.4861111111111111,0.2222222222222222,0.5,tibet
0.19821428571428573,36,16,0.3611111111111111,0.5,0.4166666666666667,0.19907407407407407,down_power,0.3055555555555556,0.1257716049382716,0.1273469387755102,0.4166666666666667,5000,35,0.3888888888888889,0.24285714285714283,0.5,0.2222222222222222,0.4357142857142857,tibet
0.29222222222222227,29,15,0.5,0.5,0.3620689655172414,0.2543103448275862,metaweb,0.3620689655172414,0.19262782401902498,0.2176,0.43103448275862066,5000,25,0.3620689655172414,0.5,0.5,0.27586206896551724,0.5,greenland
0.1650219298245614,59,18,0.13771186440677965,0.4649122807017544,0.3338983050847457,0.15907485875706215,atn,0.3813559322033898,0.09853490376328641,0.10280086180363189,0.3813559322033898,5000,57,0.3813559322033898,0.19439728353140917,0.4491525423728814,0.10903954802259888,0.39473684210526316,dolomites
0.13951734539969834,59,13,0.2464689265536723,0.48039215686274506,0.3008474576271187,0.10752118644067797,down_power,0.3305084745762712,0.08072392990519965,0.05497885428681276,0.4788135593220339,5000,51,0.23940677966101695,0.48039215686274506,0.48305084745762716,0.15254237288135594,0.48039215686274506,dolomites
0.13194444444444445,59,7,0.20433145009416198,0.5,0.3135593220338983,0.11440677966101695,down_power,0.3135593220338983,0.08876759551852915,0.06032986111111111,0.5,5000,48,0.3135593220338983,0.34375,0.5,0.13559322033898305,0.5,dolomites
0.26633986928104575,41,22,0.19308943089430894,0.5,0.20731707317073172,0.2266610597140454,atn,0.25609756097560976,0.14277215942891136,0.16089965397923875,0.32926829268292684,5000,34,0.23170731707317072,0.4852941176470588,0.47560975609756095,0.20731707317073172,0.38235294117647056,turkiye
0.23284313725490197,59,3,0.2966101694915254,0.4607843137254902,0.21525423728813559,0.2033898305084746,niche,0.2796610169491526,0.10313128411376041,0.1061130334486736,0.4152542372881356,5000,51,0.2796610169491526,0.3431372549019608,0.48305084745762716,0.15677966101694915,0.3872549019607843,dolomites
0.35336538461538464,29,16,0.24482758620689657,0.46923076923076923,0.39655172413793105,0.2931034482758621,atn,0.43103448275862066,0.1272294887039239,0.1390532544378698,0.3160919540229885,5000,26,0.43103448275862066,0.3769230769230769,0.43103448275862066,0.2931034482758621,0.34615384615384615,greenland
0.15447154471544716,59,23,0.4431497175141243,0.5,0.3305084745762712,0.12772397094430993,metaweb,0.3135593220338983,0.16690606147658718,0.1388888888888889,0.48305084745762716,5000,48,0.3135593220338983,0.5,0.5,0.13559322033898305,0.5,dolomites
0.23765432098765432,29,7,0.39655172413793105,0.5,0.2327586206896552,0.22126436781609196,down_link,0.2931034482758621,0.089179548156956,0.0877914951989026,0.4655172413793104,5000,27,0.39655172413793105,0.31481481481481477,0.4655172413793104,0.27586206896551724,0.45370370370370366,greenland
0.1371527777777778,59,1,0.2495291902071563,0.5,0.3135593220338983,0.11779661016949153,down_power,0.3135593220338983,0.09997127262280954,0.0681423611111111,0.5,5000,48,0.3305084745762712,0.4583333333333333,0.5,0.13559322033898305,0.5,dolomites
0.19954954954954957,52,2,0.4084249084249084,0.5,0.23076923076923078,0.1456876456876457,metaweb,0.21153846153846154,0.17492603550295857,0.16946676406135866,0.4423076923076923,5000,37,0.23076923076923078,0.5,0.5,0.15384615384615385,0.5,meishan
0.3,29,24,0.2931034482758621,0.35,0.15517241379310345,0.27586206896551724,niche,0.15517241379310345,0.11414982164090369,0.1225,0.25862068965517243,5000,20,0.1896551724137931,0.32999999999999996,0.3620689655172414,0.07758620689655173,0.3,kashmir
0.19954954954954957,52,5,0.4084249084249084,0.5,0.21153846153846154,0.1456876456876457,metaweb,0.21153846153846154,0.17492603550295857,0.16946676406135866,0.4423076923076923,5000,37,0.21153846153846154,0.5,0.5,0.15384615384615385,0.5,meishan
0.3,41,13,0.1780487804878049,0.4714285714285714,0.3780487804878049,0.18445121951219512,down_power,0.3780487804878049,0.05829863176680547,0.07428571428571429,0.23170731707317072,5000,35,0.3048780487804878,0.3380952380952381,0.3048780487804878,0.4146341463414634,0.3214285714285714,turkiye
0.32727272727272727,59,1,0.2330508474576271,0.4818181818181818,0.3305084745762712,0.3050847457627119,niche,0.364406779661017,0.09307670209709853,0.0971900826446281,0.34745762711864403,5000,55,0.3813559322033898,0.33376623376623377,0.4491525423728814,0.2457627118644068,0.3181818181818182,dolomites
0.1944770857814336,52,19,0.42427884615384615,0.5,0.21153846153846154,0.14387464387464388,down_link,0.23076923076923078,0.13794378698224852,0.13002191380569758,0.4423076923076923,5000,37,0.21153846153846154,0.5,0.5,0.15384615384615385,0.5,meishan
0.1488095238095238,59,15,0.2627118644067796,0.5,0.3305084745762712,0.12335216572504708,down_link,0.3135593220338983,0.11864406779661017,0.09418402777777778,0.5,5000,48,0.3135593220338983,0.5,0.5,0.13559322033898305,0.5,dolomites
0.37938596491228066,29,21,0.47413793103448276,0.4473684210526315,0.15517241379310345,0.25258620689655176,down_niche,0.1896551724137931,0.14863258026159334,0.20221606648199447,0.41954022988505746,5000,19,0.1896551724137931,0.39473684210526316,0.5,0.14655172413793105,0.39473684210526316,kashmir
0.183982683982684,36,23,0.3333333333333333,0.5,0.2777777777777778,0.17901234567901234,down_rand,0.3611111111111111,0.09259259259259259,0.09641873278236915,0.4444444444444444,5000,33,0.25,0.3787878787878788,0.5,0.2222222222222222,0.4696969696969697,tibet
0.29222222222222227,29,14,0.5,0.5,0.3620689655172414,0.2543103448275862,metaweb,0.3620689655172414,0.19500594530321047,0.2176,0.43103448275862066,5000,25,0.3620689655172414,0.5,0.5,0.27586206896551724,0.5,kashmir
0.3093645484949833,29,12,0.4396551724137931,0.4891304347826087,0.16379310344827586,0.25136116152450094,down_niche,0.1896551724137931,0.13198573127229488,0.15879017013232513,0.39655172413793105,5000,23,0.22413793103448276,0.5,0.47413793103448276,0.1896551724137931,0.4565217391304348,kashmir
0.2231934731934732,41,9,0.5,0.5,0.3048780487804878,0.18292682926829268,metaweb,0.3048780487804878,0.20226055919095776,0.18365472910927455,0.47560975609756095,5000,33,0.3048780487804878,0.5,0.5,0.1951219512195122,0.5,turkiye
0.14884135472370766,59,5,0.21670702179176754,0.48039215686274506,0.3135593220338983,0.11652542372881357,down_power,0.3135593220338983,0.09192760700948004,0.06535947712418301,0.4661016949152542,5000,51,0.3135593220338983,0.5,0.5,0.15254237288135594,0.48039215686274506,dolomites
0.17916666666666667,52,30,0.34615384615384615,0.5,0.03365384615384616,0.14182692307692307,down_niche,0.03365384615384616,0.08727810650887574,0.103125,0.4423076923076923,5000,40,0.04807692307692308,0.41875,0.5,0.11538461538461539,0.45,meishan
0.14937641723356007,59,17,0.23347457627118645,0.47959183673469385,0.04307909604519774,0.12472365512159175,down_niche,0.046284224250325946,0.09681126113185866,0.10079133694294044,0.4957627118644068,5000,49,0.04350282485875706,0.5,0.5,0.13559322033898305,0.4846938775510204,dolomites
0.18468468468468469,52,5,0.2692307692307692,0.5,0.23076923076923078,0.14160839160839161,down_rand,0.21153846153846154,0.09208579881656805,0.08984660336011688,0.47115384615384615,5000,37,0.21153846153846154,0.4621621621621622,0.5,0.15384615384615385,0.5,meishan
0.22355769230769232,52,28,0.15236686390532544,0.5,0.15384615384615385,0.1801125703564728,atn,0.17307692307692307,0.10392011834319527,0.13740959894806049,0.36538461538461536,5000,39,0.16025641025641027,0.44871794871794873,0.4807692307692308,0.15544871794871795,0.3888888888888889,meishan
0.14204545454545456,59,5,0.2457627118644068,0.5,0.3135593220338983,0.12101694915254238,down_link,0.3135593220338983,0.09192760700948004,0.07335069444444445,0.5,5000,48,0.3135593220338983,0.4791666666666667,0.5,0.13559322033898305,0.5,dolomites
0.19753086419753085,41,25,0.3384146341463415,0.5,0.32926829268292684,0.17575322812051652,down_link,0.32926829268292684,0.1451516954193932,0.13040123456790123,0.5,5000,36,0.3719512195121951,0.5,0.5,0.1951219512195122,0.5,turkiye
0.19954954954954957,52,26,0.40865384615384615,0.5,0.23076923076923078,0.1456876456876457,metaweb,0.21153846153846154,0.17492603550295857,0.16946676406135866,0.4423076923076923,5000,37,0.23076923076923078,0.5,0.5,0.15384615384615385,0.5,meishan
0.1989748369058714,52,19,0.40384615384615385,0.5,0.21153846153846154,0.14479638009049775,down_niche,0.21153846153846154,0.13794378698224852,0.15120525931336742,0.4807692307692308,5000,37,0.21153846153846154,0.5,0.46153846153846156,0.15384615384615385,0.5,meishan
0.22222222222222224,41,27,0.4153116531165311,0.5,0.18292682926829268,0.1793134598012647,down_niche,0.15853658536585366,0.1255205234979179,0.1511111111111111,0.45121951219512196,5000,30,0.15853658536585366,0.5,0.5,0.10975609756097561,0.4666666666666667,turkiye
0.38636363636363635,29,16,0.339080459770115,0.38181818181818183,0.1896551724137931,0.3103448275862069,niche,0.22413793103448276,0.12604042806183116,0.14669421487603307,0.28448275862068967,5000,22,0.25862068965517243,0.4090909090909091,0.4396551724137931,0.12931034482758622,0.30303030303030304,kashmir
0.15156794425087106,59,22,0.4594694178334562,0.5,0.3135593220338983,0.12772397094430993,metaweb,0.3305084745762712,0.16690606147658718,0.1445231153685964,0.48305084745762716,5000,49,0.3305084745762712,0.5,0.5,0.13559322033898305,0.5,dolomites
0.24492753623188407,36,5,0.5,0.5,0.3333333333333333,0.20619658119658119,metaweb,0.3333333333333333,0.19367283950617284,0.19555555555555557,0.4166666666666667,5000,30,0.3611111111111111,0.5,0.5,0.2222222222222222,0.5,tibet
0.2024793388429752,41,24,0.34756097560975613,0.5,0.3048780487804878,0.17301829268292684,down_link,0.32926829268292684,0.10886377156454491,0.08999081726354453,0.5,5000,33,0.2967479674796748,0.5,0.5,0.1951219512195122,0.5,turkiye
0.25,29,26,0.4396551724137931,0.5,0.3620689655172414,0.24507389162561577,down_link,0.2931034482758621,0.12247324613555291,0.12755102040816327,0.4913793103448276,5000,28,0.3620689655172414,0.25,0.4913793103448276,0.27586206896551724,0.5,greenland
0.15350877192982457,59,21,0.43220338983050843,0.5,0.3135593220338983,0.1264124293785311,down_link,0.3135593220338983,0.1488078138465958,0.12065972222222222,0.5,5000,48,0.3135593220338983,0.5,0.5,0.13559322033898305,0.5,dolomites
0.27218934911242604,29,11,0.5,0.5,0.3275862068965517,0.24507389162561577,down_link,0.2931034482758621,0.14863258026159334,0.15680473372781065,0.47413793103448276,5000,26,0.28448275862068967,0.4230769230769231,0.5,0.27586206896551724,0.46153846153846156,greenland
0.14015151515151517,59,28,0.2323446327683616,0.5,0.3135593220338983,0.11974944731024319,down_power,0.3135593220338983,0.09623671358804942,0.06727430555555555,0.4491525423728814,5000,48,0.3135593220338983,0.4791666666666667,0.48305084745762716,0.15254237288135594,0.4791666666666667,dolomites
0.15104166666666669,59,26,0.364406779661017,0.5,0.3135593220338983,0.12419637638807715,down_rand,0.3135593220338983,0.1223786268313703,0.09765625,0.5,5000,48,0.3135593220338983,0.48958333333333337,0.5,0.13559322033898305,0.5,dolomites
0.17926829268292685,52,17,0.3683431952662722,0.5,0.23076923076923078,0.14262820512820512,down_niche,0.25,0.09652366863905325,0.11838191552647234,0.4230769230769231,5000,41,0.23076923076923078,0.5,0.5,0.15384615384615385,0.47560975609756095,meishan
0.33912037037037035,29,14,0.22701149425287356,0.43827160493827155,0.39655172413793105,0.3135775862068966,atn,0.43103448275862066,0.13317479191438764,0.1467764060356653,0.3275862068965517,5000,27,0.43103448275862066,0.3611111111111111,0.40804597701149425,0.3120689655172414,0.35185185185185186,greenland
0.2427055702917772,29,20,0.43103448275862066,0.5,0.3620689655172414,0.24507389162561577,down_link,0.3620689655172414,0.12128418549346016,0.12128418549346016,0.5,5000,29,0.4224137931034483,0.2327586206896552,0.4913793103448276,0.27586206896551724,0.5,kashmir
0.1722585924713584,59,4,0.1271186440677966,0.4574468085106383,0.11440677966101695,0.14254237288135593,atn,0.06702619414483821,0.13789141051422005,0.1738343141693074,0.39830508474576276,5000,47,0.1271186440677966,0.4787234042553191,0.48305084745762716,0.0788787483702738,0.4148936170212766,dolomites
0.35336538461538464,41,10,0.1926829268292683,0.46153846153846156,0.15853658536585366,0.2266610597140454,atn,0.12601626016260162,0.12433075550267698,0.15532544378698224,0.32926829268292684,5000,26,0.15853658536585366,0.43846153846153846,0.45121951219512196,0.13414634146341464,0.34615384615384615,turkiye
0.19538288288288289,52,8,0.4230769230769231,0.5,0.21153846153846154,0.14543269230769232,down_power,0.19230769230769232,0.14792899408284024,0.13878743608473337,0.4855769230769231,5000,37,0.21153846153846154,0.42905405405405406,0.5,0.15384615384615385,0.5,meishan
0.2403846153846154,41,23,0.23983739837398374,0.375,0.13414634146341464,0.17073170731707318,niche,0.06707317073170732,0.08982748364069007,0.11242603550295859,0.3455284552845529,5000,26,0.03658536585365854,0.4230769230769231,0.4268292682926829,0.052845528455284556,0.38461538461538464,turkiye
0.2231934731934732,41,12,0.44283536585365857,0.5,0.3048780487804878,0.18292682926829268,metaweb,0.3048780487804878,0.20226055919095776,0.18365472910927455,0.47560975609756095,5000,33,0.32926829268292684,0.5,0.5,0.1951219512195122,0.5,turkiye
0.1527777777777778,59,11,0.47578692493946734,0.5,0.3135593220338983,0.12587238285144567,down_link,0.3135593220338983,0.1488078138465958,0.12196180555555555,0.5,5000,48,0.3135593220338983,0.5,0.5,0.13559322033898305,0.5,dolomites
0.2978395061728395,29,15,0.39655172413793105,0.42592592592592593,0.43103448275862066,0.311576354679803,down_power,0.39655172413793105,0.11890606420927467,0.1262002743484225,0.3706896551724138,5000,27,0.39655172413793105,0.4629629629629629,0.39655172413793105,0.2931034482758621,0.3796296296296296,kashmir
0.20643939393939395,41,16,0.3861788617886179,0.5,0.3048780487804878,0.17454268292682928,down_link,0.20121951219512196,0.1255205234979179,0.10927456382001836,0.5,5000,33,0.2121951219512195,0.5,0.5,0.1951219512195122,0.5,turkiye
0.21256684491978609,41,6,0.38414634146341464,0.5,0.32926829268292684,0.179745493107105,down_rand,0.3048780487804878,0.14158239143367043,0.1254325259515571,0.5,5000,34,0.32926829268292684,0.5,0.5,0.1951219512195122,0.4852941176470588,turkiye
0.19827586206896552,36,14,0.24537037037037038,0.4655172413793104,0.2175925925925926,0.17105263157894737,down_niche,0.26666666666666666,0.06558641975308642,0.089179548156956,0.3611111111111111,5000,29,0.3472222222222222,0.5,0.4027777777777778,0.2222222222222222,0.5,tibet
0.2346938775510204,29,16,0.40804597701149425,0.5,0.33189655172413796,0.2471264367816092,down_link,0.36637931034482757,0.1248513674197384,0.13137755102040816,0.43103448275862066,5000,28,0.2931034482758621,0.27976190476190477,0.4913793103448276,0.27586206896551724,0.42857142857142855,kashmir
0.14375000000000002,59,30,0.2457627118644068,0.5,0.3135593220338983,0.11515453639082752,down_link,0.3135593220338983,0.08733122665900603,0.06770833333333333,0.5,5000,48,0.3135593220338983,0.4791666666666667,0.5,0.13559322033898305,0.5,dolomites
0.20955882352941174,36,26,0.3611111111111111,0.5,0.3472222222222222,0.19444444444444445,down_power,0.3333333333333333,0.12191358024691358,0.12889273356401384,0.4444444444444444,5000,34,0.375,0.38235294117647056,0.5,0.2222222222222222,0.4117647058823529,tibet
0.2857142857142857,29,8,0.375,0.39285714285714285,0.39655172413793105,0.27586206896551724,niche,0.4655172413793104,0.15101070154577884,0.15433673469387754,0.3706896551724138,5000,28,0.4224137931034483,0.3988095238095238,0.39655172413793105,0.1896551724137931,0.39285714285714285,greenland
0.34259259259259256,29,26,0.22844827586206898,0.4907407407407407,0.3620689655172414,0.3135775862068966,atn,0.39655172413793105,0.14149821640903687,0.15089163237311384,0.3275862068965517,5000,27,0.43103448275862066,0.5,0.43103448275862066,0.33620689655172414,0.35185185185185186,greenland
0.1471794871794872,59,3,0.4491525423728814,0.5,0.2966101694915254,0.1251765536723164,down_niche,0.2288135593220339,0.1016949152542373,0.1096,0.5,5000,50,0.2457627118644068,0.5,0.5,0.13559322033898305,0.5,dolomites
0.25595238095238093,41,24,0.23780487804878048,0.4166666666666667,0.06707317073170732,0.1951219512195122,niche,0.05792682926829268,0.11124330755502677,0.1284722222222222,0.3048780487804878,5000,24,0.06097560975609756,0.4583333333333333,0.3353658536585366,0.042682926829268296,0.2916666666666667,turkiye
0.3257918552036199,36,1,0.3888888888888889,0.4411764705882353,0.4166666666666667,0.2896825396825397,niche,0.4444444444444444,0.10416666666666667,0.10986159169550173,0.34259259259259256,5000,34,0.4166666666666667,0.39705882352941174,0.4444444444444444,0.2611111111111111,0.3627450980392157,tibet
0.24222222222222223,41,5,0.32926829268292684,0.45999999999999996,0.10975609756097561,0.15853658536585366,niche,0.06097560975609756,0.08804283164782867,0.1072,0.30640243902439024,5000,25,0.10975609756097561,0.348,0.47560975609756095,0.03658536585365854,0.37,turkiye
0.15447154471544716,59,25,0.41036505867014345,0.5,0.3135593220338983,0.12772397094430993,metaweb,0.3135593220338983,0.16690606147658718,0.1388888888888889,0.48305084745762716,5000,48,0.3305084745762712,0.5,0.5,0.13559322033898305,0.5,dolomites
0.19954954954954957,52,29,0.4455128205128205,0.5,0.21153846153846154,0.1456876456876457,metaweb,0.21153846153846154,0.17492603550295857,0.16946676406135866,0.4423076923076923,5000,37,0.21153846153846154,0.5,0.5,0.15384615384615385,0.5,meishan
0.25272727272727274,41,9,0.18292682926829268,0.5,0.35365853658536583,0.2009936766034327,atn,0.258130081300813,0.11064842355740631,0.13314967860422405,0.35365853658536583,5000,33,0.10975609756097561,0.4696969696969697,0.45121951219512196,0.23170731707317072,0.3484848484848485,turkiye
0.16891891891891891,52,30,0.27884615384615385,0.5,0.23076923076923078,0.15598290598290598,down_power,0.25,0.08727810650887574,0.06501095690284879,0.4166666666666667,5000,37,0.22115384615384615,0.44594594594594594,0.4807692307692308,0.17307692307692307,0.45495495495495497,meishan
0.2582417582417582,29,3,0.39655172413793105,0.5,0.22413793103448276,0.24261083743842365,down_rand,0.1810344827586207,0.10225921521997622,0.10946745562130178,0.4051724137931034,5000,26,0.2672413793103448,0.46153846153846156,0.4655172413793104,0.27586206896551724,0.4423076923076923,kashmir
0.15384615384615385,59,12,0.4098305084745763,0.5,0.3135593220338983,0.12690677966101696,down_niche,0.3305084745762712,0.13243320884803217,0.1193576388888889,0.4661016949152542,5000,48,0.3305084745762712,0.5,0.5,0.13559322033898305,0.5,dolomites
0.2639751552795031,29,14,0.3275862068965517,0.39855072463768115,0.22413793103448276,0.1939655172413793,down_rand,0.1896551724137931,0.06539833531510107,0.07561436672967864,0.3706896551724138,5000,23,0.1896551724137931,0.41304347826086957,0.3620689655172414,0.2931034482758621,0.3804347826086957,kashmir
0.28743961352657005,29,3,0.35344827586206895,0.4184782608695652,0.1896551724137931,0.1896551724137931,niche,0.22413793103448276,0.10820451843043995,0.10775047258979206,0.3137931034482759,5000,23,0.15517241379310345,0.31521739130434784,0.4267241379310345,0.1896551724137931,0.22826086956521738,greenland
0.28225806451612906,36,17,0.20238095238095238,0.5,0.2638888888888889,0.2577777777777778,atn,0.3055555555555556,0.13117283950617284,0.14360041623309053,0.32407407407407407,5000,31,0.3055555555555556,0.5,0.4722222222222222,0.28703703703703703,0.3602150537634409,tibet
0.27197802197802196,29,6,0.4655172413793104,0.5,0.3620689655172414,0.24507389162561577,down_link,0.43103448275862066,0.14149821640903687,0.15088757396449703,0.4913793103448276,5000,26,0.25862068965517243,0.5,0.5,0.27586206896551724,0.5,greenland
0.1794871794871795,52,8,0.30128205128205127,0.5,0.07692307692307693,0.1346153846153846,niche,0.17307692307692307,0.14053254437869822,0.15121630506245892,0.3557692307692307,5000,39,0.17307692307692307,0.34935897435897434,0.4807692307692308,0.019230769230769232,0.3717948717948718,meishan
0.20833333333333334,41,17,0.2652439024390244,0.4714285714285714,0.2774390243902439,0.19599303135888502,down_power,0.29573170731707316,0.09696609161213564,0.06775510204081632,0.4329268292682927,5000,35,0.18292682926829268,0.4714285714285714,0.5,0.21951219512195122,0.44285714285714284,turkiye
0.13425925925925927,59,14,0.22351694915254236,0.5,0.3135593220338983,0.11803874092009686,down_power,0.3135593220338983,0.08072392990519965,0.0546875,0.4661016949152542,5000,48,0.3305084745762712,0.5,0.4661016949152542,0.15254237288135594,0.5,dolomites
0.078125,52,4,0.31043956043956045,0.34375,0.014705882352941176,0.11538461538461539,niche,0.015151515151515152,0.1294378698224852,0.11328125,0.4423076923076923,5000,16,0.015151515151515152,0.3125,0.4326923076923077,0.014705882352941176,0.25,meishan
0.19954954954954957,52,8,0.44534412955465585,0.5,0.23076923076923078,0.14505494505494507,down_niche,0.21153846153846154,0.14792899408284024,0.16800584368151936,0.48717948717948717,5000,37,0.23076923076923078,0.4871977240398293,0.5,0.15384615384615385,0.5,meishan
0.18055555555555555,41,10,0.18292682926829268,0.4444444444444444,0.3780487804878049,0.20034843205574915,down_rand,0.25609756097560976,0.05353955978584176,0.05632716049382716,0.3780487804878049,5000,36,0.15853658536585366,0.4722222222222222,0.42073170731707316,0.2682926829268293,0.4444444444444444,turkiye
0.1523809523809524,59,16,0.4255711127487104,0.5,0.25593220338983047,0.12644959857270294,down_niche,0.2966101694915254,0.12553863832232118,0.11588541666666667,0.48305084745762716,5000,48,0.20833333333333334,0.5,0.5,0.13559322033898305,0.5,dolomites
0.23541666666666666,36,11,0.5,0.5,0.2638888888888889,0.205761316872428,down_rand,0.3055555555555556,0.14891975308641975,0.1511111111111111,0.4583333333333333,5000,30,0.1388888888888889,0.5,0.5,0.2222222222222222,0.5,tibet
0.2286527514231499,41,5,0.34451219512195125,0.5,0.11585365853658536,0.17660343270099368,down_niche,0.08536585365853658,0.09220701963117192,0.10926118626430802,0.40853658536585363,5000,31,0.0475609756097561,0.467741935483871,0.47560975609756095,0.04573170731707317,0.4596774193548387,turkiye
0.29222222222222227,29,12,0.5,0.5,0.3620689655172414,0.2543103448275862,metaweb,0.3620689655172414,0.19262782401902498,0.2176,0.43103448275862066,5000,25,0.3620689655172414,0.5,0.5,0.27586206896551724,0.5,greenland
0.2679012345679012,29,22,0.4885057471264368,0.5,0.3620689655172414,0.24507389162561577,down_rand,0.3620689655172414,0.14744351961950058,0.1550068587105624,0.4655172413793104,5000,27,0.39655172413793105,0.31481481481481477,0.5,0.27586206896551724,0.4722222222222222,kashmir
0.29222222222222227,29,19,0.5,0.5,0.3620689655172414,0.2543103448275862,metaweb,0.3620689655172414,0.19500594530321047,0.2176,0.43103448275862066,5000,25,0.3620689655172414,0.5,0.5,0.27586206896551724,0.5,kashmir
0.29222222222222227,29,22,0.5,0.5,0.39655172413793105,0.2543103448275862,metaweb,0.39655172413793105,0.19500594530321047,0.2176,0.43103448275862066,5000,25,0.3620689655172414,0.5,0.5,0.27586206896551724,0.5,kashmir
0.30632411067193677,41,30,0.3231707317073171,0.40217391304347827,0.023809523809523808,0.17733739837398374,down_niche,0.04471544715447155,0.0874479476502082,0.10396975425330812,0.4268292682926829,5000,23,0.03658536585365854,0.4565217391304348,0.5,0.023809523809523808,0.35507246376811596,turkiye
0.2025462962962963,52,7,0.3076923076923077,0.4722222222222222,0.038461538461538464,0.1425339366515837,down_niche,0.038461538461538464,0.08875739644970414,0.11496913580246913,0.4423076923076923,5000,36,0.03205128205128205,0.4583333333333333,0.5,0.017241379310344827,0.4722222222222222,meishan
0.24492753623188407,36,4,0.5,0.5,0.3611111111111111,0.20619658119658119,metaweb,0.3611111111111111,0.19367283950617284,0.19555555555555557,0.4166666666666667,5000,30,0.3333333333333333,0.5,0.5,0.2222222222222222,0.5,tibet
0.2231934731934732,41,1,0.5,0.5,0.3048780487804878,0.18292682926829268,metaweb,0.3048780487804878,0.20226055919095776,0.18365472910927455,0.47560975609756095,5000,33,0.3048780487804878,0.5,0.5,0.1951219512195122,0.5,turkiye
0.19642857142857142,52,14,0.27884615384615385,0.4523809523809524,0.22115384615384615,0.15384615384615385,down_rand,0.20673076923076922,0.0654585798816568,0.05782312925170068,0.4423076923076923,5000,42,0.25,0.5,0.4807692307692308,0.19230769230769232,0.47619047619047616,meishan
0.29222222222222227,29,21,0.5,0.5,0.3620689655172414,0.2543103448275862,metaweb,0.3620689655172414,0.19262782401902498,0.2176,0.43103448275862066,5000,25,0.3620689655172414,0.5,0.5,0.27586206896551724,0.5,greenland
0.2532051282051282,29,9,0.39655172413793105,0.4583333333333333,0.235632183908046,0.2101293103448276,down_niche,0.2931034482758621,0.10463733650416171,0.13541666666666666,0.35344827586206895,5000,24,0.2672413793103448,0.4722222222222222,0.43103448275862066,0.27586206896551724,0.4583333333333333,greenland
0.1480952380952381,59,27,0.47491525423728814,0.5,0.1906779661016949,0.1263653483992467,down_niche,0.17796610169491525,0.12553863832232118,0.1132,0.48305084745762716,5000,50,0.2288135593220339,0.5,0.5,0.13559322033898305,0.47,dolomites
0.29222222222222227,29,8,0.5,0.5,0.3620689655172414,0.2543103448275862,metaweb,0.3620689655172414,0.19262782401902498,0.2176,0.43103448275862066,5000,25,0.3620689655172414,0.5,0.5,0.27586206896551724,0.5,greenland
0.15447154471544716,59,4,0.42677966101694914,0.5,0.3135593220338983,0.12772397094430993,metaweb,0.3135593220338983,0.16690606147658718,0.1388888888888889,0.48305084745762716,5000,48,0.3135593220338983,0.5,0.5,0.13559322033898305,0.5,dolomites
0.20652173913043478,29,10,0.2614942528735632,0.5,0.3232758620689655,0.15373563218390804,down_niche,0.27155172413793105,0.0535077288941736,0.07183364839319471,0.3620689655172414,5000,23,0.35344827586206895,0.4565217391304348,0.3620689655172414,0.27586206896551724,0.4565217391304348,kashmir
0.19023569023569023,41,30,0.2698170731707317,0.5,0.2865853658536585,0.16310975609756098,down_rand,0.29878048780487804,0.0874479476502082,0.0844811753902663,0.45121951219512196,5000,33,0.32926829268292684,0.5,0.47560975609756095,0.1951219512195122,0.49242424242424243,turkiye
0.32589285714285715,29,18,0.22413793103448276,0.4642857142857143,0.43103448275862066,0.3135775862068966,atn,0.4655172413793104,0.13436385255648037,0.1441326530612245,0.3045977011494253,5000,28,0.43103448275862066,0.32589285714285715,0.4655172413793104,0.3620689655172414,0.32142857142857145,greenland
0.1908783783783784,52,13,0.2519230769230769,0.5,0.21474358974358976,0.16025641025641027,down_power,0.17307692307692307,0.0639792899408284,0.061358655953250546,0.40384615384615385,5000,37,0.1346153846153846,0.49324324324324326,0.4423076923076923,0.21153846153846154,0.45270270270270274,meishan
0.29058823529411765,29,8,0.5,0.45999999999999996,0.15517241379310345,0.24954627949183303,down_niche,0.1896551724137931,0.14744351961950058,0.1648,0.39655172413793105,5000,25,0.15517241379310345,0.5,0.5,0.25862068965517243,0.38,greenland
0.29222222222222227,29,29,0.5,0.5,0.3620689655172414,0.2543103448275862,metaweb,0.39655172413793105,0.19500594530321047,0.2176,0.43103448275862066,5000,25,0.39655172413793105,0.5,0.5,0.27586206896551724,0.5,kashmir
0.19626769626769627,41,11,0.3795731707317073,0.5,0.32926829268292684,0.17575322812051652,down_link,0.3048780487804878,0.148720999405116,0.13659605551497445,0.47560975609756095,5000,37,0.32926829268292684,0.5,0.5,0.1951219512195122,0.5,turkiye
0.20436507936507936,41,25,0.47560975609756095,0.4722222222222222,0.35365853658536583,0.16463414634146342,down_niche,0.35365853658536583,0.1451516954193932,0.14891975308641975,0.40853658536585363,5000,36,0.3048780487804878,0.5,0.5,0.1951219512195122,0.4722222222222222,turkiye
0.20387779083431257,59,6,0.12476459510357815,0.4782608695652174,0.1440677966101695,0.14497578692493948,atn,0.1440677966101695,0.1407641482332663,0.16965973534971646,0.4152542372881356,5000,46,0.1610169491525424,0.5,0.5,0.09322033898305085,0.391304347826087,dolomites
0.3020833333333333,36,12,0.2048611111111111,0.5,0.3055555555555556,0.2577777777777778,atn,0.2222222222222222,0.13040123456790123,0.15333333333333332,0.34259259259259256,5000,30,0.29629629629629634,0.5,0.4722222222222222,0.2013888888888889,0.36666666666666664,tibet
0.31481481481481477,29,27,0.22844827586206898,0.36666666666666664,0.3706896551724138,0.28683385579937304,atn,0.4655172413793104,0.12960760998810938,0.13991769547325103,0.3275862068965517,5000,27,0.4655172413793104,0.35648148148148145,0.40086206896551724,0.3213166144200627,0.35185185185185186,greenland
0.22426470588235295,36,16,0.4027777777777778,0.5,0.2638888888888889,0.2013888888888889,down_rand,0.2638888888888889,0.1257716049382716,0.134765625,0.4166666666666667,5000,32,0.2916666666666667,0.5,0.5,0.2222222222222222,0.4375,tibet
0.35128205128205126,29,1,0.2327586206896552,0.46153846153846156,0.39655172413793105,0.31149425287356325,atn,0.22413793103448276,0.12247324613555291,0.1346153846153846,0.2931034482758621,5000,26,0.2931034482758621,0.36923076923076925,0.4224137931034483,0.3060344827586207,0.3076923076923077,greenland
0.1895424836601307,36,5,0.3055555555555556,0.5,0.19444444444444445,0.1977124183006536,down_rand,0.24074074074074073,0.09182098765432099,0.092560553633218,0.4444444444444444,5000,34,0.3055555555555556,0.2647058823529412,0.5,0.2222222222222222,0.4411764705882353,tibet
0.25274725274725274,29,26,0.4655172413793104,0.5,0.25862068965517243,0.2349137931034483,down_link,0.3706896551724138,0.12247324613555291,0.1211734693877551,0.47413793103448276,5000,28,0.339080459770115,0.25,0.5,0.27586206896551724,0.48214285714285715,kashmir
0.29222222222222227,29,3,0.5,0.5,0.3620689655172414,0.2543103448275862,metaweb,0.39655172413793105,0.19500594530321047,0.2176,0.43103448275862066,5000,25,0.3620689655172414,0.5,0.5,0.27586206896551724,0.5,kashmir
0.2225806451612903,36,9,0.3611111111111111,0.5,0.28703703703703703,0.18981481481481483,down_link,0.2777777777777778,0.10493827160493827,0.0967741935483871,0.4861111111111111,5000,31,0.2777777777777778,0.467741935483871,0.5,0.2222222222222222,0.467741935483871,tibet
0.25666666666666665,29,3,0.4051724137931034,0.5,0.2931034482758621,0.23793103448275862,down_rand,0.3620689655172414,0.10225921521997622,0.12,0.4224137931034483,5000,25,0.3620689655172414,0.45999999999999996,0.5,0.27586206896551724,0.47,greenland
0.29222222222222227,29,12,0.5,0.5,0.3620689655172414,0.2543103448275862,metaweb,0.3620689655172414,0.19500594530321047,0.2176,0.43103448275862066,5000,25,0.3620689655172414,0.5,0.5,0.27586206896551724,0.5,kashmir
0.21043771043771045,36,16,0.37222222222222223,0.5,0.3333333333333333,0.19618055555555555,down_link,0.21031746031746032,0.1257716049382716,0.12213039485766758,0.4166666666666667,5000,33,0.3472222222222222,0.5,0.5,0.2222222222222222,0.4772727272727273,tibet
0.28875,29,25,0.4913793103448276,0.5,0.39655172413793105,0.25191570881226055,down_niche,0.2931034482758621,0.1450653983353151,0.1696,0.45689655172413796,5000,25,0.3620689655172414,0.5,0.47413793103448276,0.27586206896551724,0.5,kashmir
0.19954954954954957,52,12,0.44534412955465585,0.5,0.21153846153846154,0.1456876456876457,metaweb,0.21153846153846154,0.17492603550295857,0.16946676406135866,0.4423076923076923,5000,37,0.23076923076923078,0.5,0.5,0.15384615384615385,0.5,meishan
0.2231934731934732,41,28,0.5,0.5,0.32926829268292684,0.18292682926829268,metaweb,0.32926829268292684,0.20226055919095776,0.18365472910927455,0.47560975609756095,5000,33,0.3048780487804878,0.5,0.5,0.1951219512195122,0.5,turkiye
0.26068376068376065,29,4,0.43103448275862066,0.4629629629629629,0.3275862068965517,0.25191570881226055,down_power,0.3620689655172414,0.13436385255648037,0.1467764060356653,0.4396551724137931,5000,27,0.39655172413793105,0.31481481481481477,0.4913793103448276,0.27586206896551724,0.4629629629629629,kashmir
0.23333333333333334,41,13,0.2865853658536585,0.45,0.07926829268292683,0.1495507060333761,down_niche,0.14024390243902438,0.05829863176680547,0.07111111111111111,0.4024390243902439,5000,30,0.07723577235772358,0.4666666666666667,0.45121951219512196,0.06910569105691057,0.3833333333333333,turkiye
0.15447154471544716,59,8,0.4757318952234207,0.5,0.3135593220338983,0.12772397094430993,metaweb,0.3135593220338983,0.16690606147658718,0.1388888888888889,0.48305084745762716,5000,48,0.3305084745762712,0.5,0.5,0.13559322033898305,0.5,dolomites
0.20378151260504201,59,7,0.39830508474576276,0.46568627450980393,0.2514124293785311,0.178963110667996,niche,0.3135593220338983,0.09594943981614479,0.09496347558631296,0.3940677966101695,5000,51,0.2288135593220339,0.36274509803921573,0.48305084745762716,0.1864406779661017,0.4019607843137255,dolomites
0.29222222222222227,29,14,0.5,0.5,0.3620689655172414,0.2543103448275862,metaweb,0.39655172413793105,0.19262782401902498,0.2176,0.43103448275862066,5000,25,0.3620689655172414,0.5,0.5,0.27586206896551724,0.5,greenland
0.36428571428571427,29,9,0.2456896551724138,0.452,0.39655172413793105,0.3170498084291188,atn,0.39655172413793105,0.12960760998810938,0.1456,0.2931034482758621,5000,25,0.39655172413793105,0.5,0.45689655172413796,0.3620689655172414,0.32666666666666666,kashmir
0.39311594202898553,29,15,0.24876847290640394,0.427536231884058,0.3275862068965517,0.3170498084291188,atn,0.3275862068965517,0.11652794292508918,0.13799621928166353,0.2931034482758621,5000,23,0.3620689655172414,0.4565217391304348,0.4241379310344828,0.2517241379310345,0.32608695652173914,kashmir
0.1523809523809524,59,8,0.4152542372881356,0.5,0.3135593220338983,0.1266605588639487,down_power,0.3305084745762712,0.14794599253088192,0.11848958333333333,0.5,5000,48,0.3135593220338983,0.5,0.5,0.13559322033898305,0.5,dolomites
0.33549783549783546,41,17,0.3597560975609756,0.44047619047619047,0.023809523809523808,0.17609756097560977,down_niche,0.023809523809523808,0.09696609161213564,0.12698412698412698,0.45121951219512196,5000,21,0.021739130434782608,0.5,0.45121951219512196,0.021739130434782608,0.3571428571428571,turkiye
0.20782520325203252,52,1,0.1520979020979021,0.5,0.28846153846153844,0.1791497975708502,atn,0.25,0.11538461538461539,0.1386079714455681,0.36538461538461536,5000,41,0.28846153846153844,0.5,0.4423076923076923,0.15598290598290598,0.3780487804878049,meishan
0.15416666666666667,59,25,0.4097131681877445,0.5,0.3135593220338983,0.12732041969330105,down_niche,0.3135593220338983,0.14507325481183567,0.13151041666666666,0.5,5000,48,0.3135593220338983,0.5,0.5,0.13559322033898305,0.5,dolomites
0.15350877192982457,59,8,0.4661016949152542,0.5,0.3135593220338983,0.12733050847457628,down_rand,0.3135593220338983,0.14794599253088192,0.12065972222222222,0.48305084745762716,5000,48,0.3135593220338983,0.5,0.4957627118644068,0.13559322033898305,0.5,dolomites
0.31657608695652173,29,11,0.3620689655172414,0.5,0.4655172413793104,0.2790948275862069,down_power,0.5,0.14863258026159334,0.22117202268431002,0.3620689655172414,5000,23,0.4655172413793104,0.5,0.3620689655172414,0.4482758620689655,0.5,greenland
0.2196969696969697,41,22,0.3313008130081301,0.5,0.25609756097560976,0.17454268292682928,down_rand,0.2804878048780488,0.14753123140987506,0.1285583103764922,0.5,5000,33,0.32926829268292684,0.5,0.5,0.1951219512195122,0.49242424242424243,turkiye
0.28875,29,8,0.4655172413793104,0.5,0.3620689655172414,0.22413793103448276,down_niche,0.3620689655172414,0.14744351961950058,0.1712,0.4051724137931034,5000,25,0.3620689655172414,0.5,0.5,0.27586206896551724,0.45,kashmir
0.2692307692307692,36,17,0.3194444444444444,0.4230769230769231,0.2222222222222222,0.24444444444444444,niche,0.16666666666666666,0.09876543209876543,0.09615384615384616,0.2777777777777778,5000,26,0.19444444444444445,0.3653846153846154,0.4166666666666667,0.1388888888888889,0.3557692307692308,tibet
0.1923076923076923,52,16,0.4251012145748988,0.5,0.21153846153846154,0.14393939393939395,down_niche,0.21153846153846154,0.1253698224852071,0.14127423822714683,0.4743589743589744,5000,38,0.23076923076923078,0.5,0.5,0.15384615384615385,0.5,meishan
0.340958605664488,36,9,0.20238095238095238,0.4629629629629629,0.25,0.2569444444444444,atn,0.23888888888888887,0.125,0.1467764060356653,0.3611111111111111,5000,27,0.3055555555555556,0.42592592592592593,0.4722222222222222,0.2222222222222222,0.35185185185185186,tibet
0.16042780748663102,52,3,0.3557692307692307,0.45454545454545453,0.24358974358974358,0.1590909090909091,down_power,0.3076923076923077,0.10170118343195267,0.09349173553719008,0.46153846153846156,5000,44,0.2403846153846154,0.4772727272727273,0.4807692307692308,0.17307692307692307,0.4772727272727273,meishan
0.19318181818181818,41,18,0.2967479674796748,0.5,0.25609756097560976,0.15853658536585366,down_rand,0.3048780487804878,0.09994051160023795,0.08723599632690542,0.46951219512195125,5000,33,0.20731707317073172,0.5,0.4817073170731707,0.1951219512195122,0.4696969696969697,turkiye
0.31657608695652173,29,19,0.4849137931034483,0.3804347826086957,0.12758620689655173,0.25258620689655176,down_niche,0.2931034482758621,0.13793103448275862,0.15500945179584122,0.4051724137931034,5000,23,0.15517241379310345,0.5,0.43103448275862066,0.1896551724137931,0.3840579710144928,greenland
0.19954954954954957,52,6,0.42642140468227424,0.5,0.21153846153846154,0.14423076923076922,down_niche,0.21153846153846154,0.14127218934911243,0.168736303871439,0.4551282051282051,5000,37,0.23076923076923078,0.4871977240398293,0.5,0.15384615384615385,0.5,meishan
0.29802955665024633,36,26,0.20555555555555555,0.4913793103448276,0.2361111111111111,0.2560386473429952,atn,0.21296296296296297,0.12037037037037036,0.1426872770511296,0.3611111111111111,5000,29,0.2777777777777778,0.5,0.4722222222222222,0.18981481481481483,0.3620689655172414,tibet
0.39285714285714285,29,28,0.2442528735632184,0.40476190476190477,0.22413793103448276,0.3154158215010142,atn,0.25862068965517243,0.11533888228299644,0.1360544217687075,0.2931034482758621,5000,21,0.22413793103448276,0.45238095238095233,0.45689655172413796,0.25862068965517243,0.30952380952380953,kashmir
0.30925925925925923,29,4,0.23793103448275862,0.42592592592592593,0.3620689655172414,0.2834051724137931,atn,0.39655172413793105,0.13436385255648037,0.14266117969821673,0.2931034482758621,5000,27,0.3620689655172414,0.36666666666666664,0.43103448275862066,0.3199233716475096,0.31481481481481477,greenland
0.16666666666666666,41,27,0.3048780487804878,0.5,0.13414634146341464,0.12195121951219512,niche,0.15853658536585366,0.1207614515169542,0.14666666666666667,0.3617886178861789,5000,30,0.10975609756097561,0.32,0.47560975609756095,0.10975609756097561,0.3611111111111111,turkiye
0.15156794425087106,59,1,0.4269067796610169,0.5,0.3135593220338983,0.12772397094430993,metaweb,0.3135593220338983,0.16690606147658718,0.1445231153685964,0.48305084745762716,5000,49,0.3135593220338983,0.5,0.5,0.13559322033898305,0.5,dolomites
0.29107142857142854,36,13,0.19444444444444445,0.35714285714285715,0.2777777777777778,0.24305555555555555,niche,0.3888888888888889,0.05864197530864197,0.060408163265306125,0.3055555555555556,5000,35,0.3611111111111111,0.38571428571428573,0.3888888888888889,0.30000000000000004,0.3,tibet
0.29877112135176653,41,26,0.1875,0.47580645161290325,0.10975609756097561,0.2266610597140454,atn,0.10975609756097561,0.12314098750743604,0.14776274713839752,0.32926829268292684,5000,31,0.10975609756097561,0.5,0.47560975609756095,0.1910569105691057,0.3602150537634409,turkiye
0.29222222222222227,29,30,0.5,0.5,0.3620689655172414,0.2543103448275862,metaweb,0.39655172413793105,0.19262782401902498,0.2176,0.43103448275862066,5000,25,0.3620689655172414,0.5,0.5,0.27586206896551724,0.5,greenland
0.29758064516129035,36,14,0.2037037037037037,0.43548387096774194,0.125,0.2569444444444444,atn,0.16666666666666666,0.125,0.14360041623309053,0.3055555555555556,5000,31,0.25,0.5,0.4722222222222222,0.17777777777777778,0.33870967741935487,tibet
0.2391304347826087,29,10,0.3146551724137931,0.4855072463768116,0.3275862068965517,0.2442528735632184,down_rand,0.3620689655172414,0.0535077288941736,0.06994328922495274,0.3275862068965517,5000,23,0.3620689655172414,0.3695652173913043,0.3706896551724138,0.3448275862068966,0.358695652173913,kashmir
0.29222222222222227,29,4,0.5,0.5,0.39655172413793105,0.2543103448275862,metaweb,0.39655172413793105,0.19500594530321047,0.2176,0.43103448275862066,5000,25,0.39655172413793105,0.5,0.5,0.27586206896551724,0.5,kashmir
0.15789473684210525,52,10,0.2451923076923077,0.5,0.21153846153846154,0.12412587412587413,down_link,0.21153846153846154,0.0639792899408284,0.05124653739612189,0.4807692307692308,5000,38,0.21153846153846154,0.4473684210526316,0.5,0.15384615384615385,0.5,meishan
0.1443452380952381,59,30,0.2288135593220339,0.5,0.3135593220338983,0.11904761904761905,down_rand,0.3135593220338983,0.08733122665900603,0.0720486111111111,0.5,5000,48,0.3135593220338983,0.5,0.5,0.13559322033898305,0.5,dolomites
0.16666666666666666,52,12,0.32211538461538464,0.4791666666666667,0.3076923076923077,0.15384615384615385,niche,0.2692307692307692,0.1390532544378698,0.14756944444444445,0.41346153846153844,5000,48,0.3076923076923077,0.2916666666666667,0.40384615384615385,0.11538461538461539,0.40625,meishan
0.32,41,11,0.3943089430894309,0.38,0.13414634146341464,0.1951219512195122,niche,0.13414634146341464,0.14098750743604996,0.1344,0.38414634146341464,5000,25,0.10975609756097561,0.45999999999999996,0.45121951219512196,0.07926829268292683,0.36666666666666664,turkiye
0.1527777777777778,59,2,0.30766396462785556,0.5,0.3135593220338983,0.1266605588639487,down_rand,0.3305084745762712,0.13473139902326917,0.11371527777777778,0.5,5000,48,0.3135593220338983,0.5,0.5,0.13559322033898305,0.5,dolomites
0.4066666666666667,29,29,0.3620689655172414,0.38,0.4827586206896552,0.3459770114942529,down_power,0.4827586206896552,0.13317479191438764,0.1792,0.3620689655172414,5000,25,0.4827586206896552,0.5,0.3620689655172414,0.5,0.44666666666666666,greenland
0.16944444444444443,52,10,0.23494983277591974,0.5,0.19230769230769232,0.120026525198939,down_niche,0.23076923076923078,0.0639792899408284,0.08487654320987655,0.33974358974358976,5000,36,0.23076923076923078,0.4351851851851852,0.46153846153846156,0.15384615384615385,0.5,meishan
0.1896551724137931,41,22,0.37262872628726285,0.5,0.32926829268292684,0.1805816135084428,down_niche,0.4024390243902439,0.14753123140987506,0.1525312294543064,0.45121951219512196,5000,39,0.35365853658536583,0.47435897435897434,0.5,0.1951219512195122,0.4294871794871795,turkiye
0.3076923076923077,29,10,0.3706896551724138,0.3076923076923077,0.3275862068965517,0.2385057471264368,niche,0.39655172413793105,0.05826397146254459,0.06360946745562131,0.2543103448275862,5000,26,0.3620689655172414,0.38461538461538464,0.39655172413793105,0.3275862068965517,0.21153846153846156,greenland
0.30833333333333335,36,7,0.2111111111111111,0.47333333333333333,0.3611111111111111,0.28174603174603174,atn,0.26851851851851855,0.11651234567901235,0.13333333333333333,0.3055555555555556,5000,30,0.19444444444444445,0.4666666666666667,0.44999999999999996,0.2222222222222222,0.34444444444444444,tibet
0.16,29,6,0.39655172413793105,0.47,0.2931034482758621,0.13793103448275862,niche,0.3620689655172414,0.14387633769322236,0.1632,0.39655172413793105,5000,25,0.25862068965517243,0.265,0.5,0.1053639846743295,0.45999999999999996,greenland
0.23214285714285715,29,9,0.39655172413793105,0.44047619047619047,0.3275862068965517,0.22413793103448276,down_link,0.3275862068965517,0.10463733650416171,0.11096938775510204,0.4870689655172414,5000,28,0.3045977011494253,0.27232142857142855,0.47413793103448276,0.27586206896551724,0.4523809523809524,kashmir
0.15136054421768708,59,22,0.45932203389830506,0.5,0.3135593220338983,0.12751281040599133,down_niche,0.3305084745762712,0.1476587187589773,0.13411078717201166,0.48305084745762716,5000,49,0.3305084745762712,0.5,0.5,0.13559322033898305,0.5,dolomites
0.22792792792792793,41,20,0.19817073170731708,0.5,0.25609756097560976,0.22723577235772358,atn,0.4268292682926829,0.12254610350981558,0.1344046749452155,0.32926829268292684,5000,37,0.32926829268292684,0.5,0.4268292682926829,0.21829268292682927,0.33783783783783783,turkiye
0.19439728353140917,52,20,0.48197115384615385,0.5,0.21153846153846154,0.1456876456876457,metaweb,0.21153846153846154,0.17492603550295857,0.16620498614958448,0.4423076923076923,5000,38,0.21153846153846154,0.5,0.5,0.15384615384615385,0.47368421052631576,meishan
0.22096774193548385,36,15,0.43333333333333335,0.5,0.3333333333333333,0.1977124183006536,down_power,0.2361111111111111,0.11882716049382716,0.1186264308012487,0.4166666666666667,5000,31,0.2777777777777778,0.5,0.5,0.2222222222222222,0.5,tibet
0.22767857142857142,41,19,0.4268292682926829,0.5,0.23170731707317072,0.18097560975609758,down_niche,0.11585365853658536,0.13801308744794766,0.150390625,0.49390243902439024,5000,32,0.16615853658536586,0.46875,0.5,0.08231707317073171,0.4375,turkiye
0.1519607843137255,59,29,0.3813559322033898,0.5,0.3135593220338983,0.12587238285144567,down_link,0.3135593220338983,0.13358230393565068,0.1072048611111111,0.5,5000,48,0.3135593220338983,0.5,0.5,0.13559322033898305,0.5,dolomites
0.2853448275862069,41,13,0.18292682926829268,0.5,0.25609756097560976,0.18855534709193247,atn,0.18292682926829268,0.1189767995240928,0.14149821640903687,0.35365853658536583,5000,29,0.25609756097560976,0.4655172413793104,0.45121951219512196,0.13414634146341464,0.3620689655172414,turkiye
0.2142857142857143,36,28,0.32407407407407407,0.5,0.29629629629629634,0.18981481481481483,down_link,0.3333333333333333,0.09645061728395062,0.08,0.4722222222222222,5000,30,0.3055555555555556,0.5,0.5,0.2222222222222222,0.4666666666666667,tibet
0.29222222222222227,29,29,0.5,0.5,0.39655172413793105,0.2543103448275862,metaweb,0.3620689655172414,0.19262782401902498,0.2176,0.43103448275862066,5000,25,0.39655172413793105,0.5,0.5,0.27586206896551724,0.5,greenland
0.35128205128205126,29,20,0.229064039408867,0.5,0.2931034482758621,0.31851179673321234,atn,0.3620689655172414,0.12128418549346016,0.13609467455621302,0.3045977011494253,5000,26,0.39655172413793105,0.3717948717948718,0.39655172413793105,0.3146551724137931,0.3333333333333333,greenland
0.16666666666666666,36,10,0.2847222222222222,0.5,0.23958333333333331,0.19444444444444445,down_niche,0.3333333333333333,0.05324074074074074,0.06222222222222222,0.3611111111111111,5000,30,0.3888888888888889,0.43333333333333335,0.4444444444444444,0.2222222222222222,0.48333333333333334,tibet
0.22413793103448276,29,1,0.3620689655172414,0.4655172413793104,0.43103448275862066,0.24261083743842365,down_link,0.2931034482758621,0.09988109393579073,0.09988109393579073,0.4655172413793104,5000,29,0.28448275862068967,0.2327586206896552,0.5,0.27586206896551724,0.4655172413793104,kashmir
0.28153846153846157,29,8,0.4540229885057471,0.5,0.3620689655172414,0.25191570881226055,down_rand,0.3620689655172414,0.14744351961950058,0.168,0.4655172413793104,5000,25,0.3620689655172414,0.5,0.5,0.27586206896551724,0.5,kashmir
0.1976976976976977,52,22,0.36658653846153844,0.5,0.21153846153846154,0.14387464387464388,down_rand,0.21153846153846154,0.14792899408284024,0.14170927684441198,0.4807692307692308,5000,37,0.21153846153846154,0.49324324324324326,0.5,0.15384615384615385,0.5,meishan
0.13112745098039216,59,14,0.3305084745762712,0.4791666666666667,0.3135593220338983,0.1072804314329738,down_niche,0.29096045197740117,0.08072392990519965,0.08680555555555555,0.43220338983050843,5000,48,0.2627118644067796,0.5,0.48305084745762716,0.13559322033898305,0.5,dolomites
0.33082706766917297,36,18,0.20634920634920634,0.4107142857142857,0.2777777777777778,0.2400793650793651,atn,0.25,0.11651234567901235,0.14030612244897958,0.32407407407407407,5000,28,0.2777777777777778,0.4642857142857143,0.4583333333333333,0.17929292929292928,0.35714285714285715,tibet
0.19444444444444445,52,7,0.15646853146853149,0.5,0.15384615384615385,0.17760180995475114,atn,0.12692307692307692,0.10281065088757396,0.10503472222222222,0.40384615384615385,5000,48,0.17307692307692307,0.5,0.4807692307692308,0.1043956043956044,0.4166666666666667,meishan
0.29222222222222227,29,20,0.5,0.5,0.3620689655172414,0.2543103448275862,metaweb,0.3620689655172414,0.19262782401902498,0.2176,0.43103448275862066,5000,25,0.3620689655172414,0.5,0.5,0.27586206896551724,0.5,greenland
0.29222222222222227,29,7,0.5,0.5,0.3620689655172414,0.2543103448275862,metaweb,0.3620689655172414,0.19500594530321047,0.2176,0.43103448275862066,5000,25,0.3620689655172414,0.5,0.47413793103448276,0.27586206896551724,0.5,kashmir
0.29222222222222227,29,28,0.5,0.5,0.3620689655172414,0.2543103448275862,metaweb,0.3620689655172414,0.19262782401902498,0.2176,0.43103448275862066,5000,25,0.3620689655172414,0.5,0.5,0.27586206896551724,0.5,greenland
0.27435897435897433,29,20,0.39655172413793105,0.5,0.3275862068965517,0.24676724137931036,down_rand,0.25862068965517243,0.12128418549346016,0.1390532544378698,0.40948275862068967,5000,26,0.21551724137931033,0.46153846153846156,0.5,0.27586206896551724,0.40384615384615385,greenland
0.36428571428571427,29,7,0.2310344827586207,0.42000000000000004,0.3275862068965517,0.3135775862068966,atn,0.43103448275862066,0.13436385255648037,0.1456,0.3275862068965517,5000,25,0.39655172413793105,0.5,0.43103448275862066,0.2931034482758621,0.33999999999999997,greenland
0.24166666666666667,59,18,0.34745762711864403,0.4791666666666667,0.2457627118644068,0.2033898305084746,niche,0.211864406779661,0.09020396437805228,0.09418402777777778,0.34745762711864403,5000,48,0.09322033898305085,0.3333333333333333,0.4936440677966102,0.1610169491525424,0.375,dolomites
0.19954954954954957,52,1,0.4819004524886878,0.5,0.21153846153846154,0.1456876456876457,metaweb,0.21153846153846154,0.17492603550295857,0.16946676406135866,0.4423076923076923,5000,37,0.21153846153846154,0.5,0.5,0.15384615384615385,0.5,meishan
0.17,59,19,0.3305084745762712,0.45,0.013157894736842105,0.1016949152542373,niche,0.01282051282051282,0.12754955472565355,0.1175,0.3093220338983051,5000,20,0.0125,0.45,0.48305084745762716,0.01282051282051282,0.25,dolomites
0.13465045592705166,59,23,0.43220338983050843,0.5,0.3135593220338983,0.10777450257921888,down_niche,0.3135593220338983,0.09221488078138466,0.09868718877320054,0.4661016949152542,5000,47,0.3135593220338983,0.5,0.48305084745762716,0.13559322033898305,0.5,dolomites
0.2048611111111111,36,19,0.4236111111111111,0.5,0.3611111111111111,0.2048611111111111,down_niche,0.2222222222222222,0.1381172839506173,0.1381172839506173,0.4166666666666667,5000,36,0.4166666666666667,0.2048611111111111,0.4722222222222222,0.2222222222222222,0.4166666666666667,tibet
0.29222222222222227,29,22,0.5,0.5,0.3620689655172414,0.2543103448275862,metaweb,0.3620689655172414,0.19262782401902498,0.2176,0.43103448275862066,5000,25,0.3620689655172414,0.5,0.5,0.27586206896551724,0.5,greenland
0.15598290598290598,52,14,0.24278846153846154,0.5,0.23076923076923078,0.13581730769230768,down_link,0.23076923076923078,0.0654585798816568,0.057856673241288625,0.47115384615384615,5000,39,0.1794871794871795,0.47435897435897434,0.5,0.15384615384615385,0.47435897435897434,meishan
0.29222222222222227,29,5,0.5,0.5,0.39655172413793105,0.2543103448275862,metaweb,0.3620689655172414,0.19262782401902498,0.2176,0.43103448275862066,5000,25,0.3620689655172414,0.5,0.5,0.27586206896551724,0.5,greenland
0.25,29,4,0.43103448275862066,0.5,0.39655172413793105,0.24892241379310345,down_rand,0.3275862068965517,0.13436385255648037,0.14030612244897958,0.43103448275862066,5000,28,0.5,0.25,0.5,0.27586206896551724,0.4642857142857143,kashmir
0.45,29,10,0.1896551724137931,0.2,0.20689655172413793,0.1896551724137931,down_power,0.20689655172413793,0.0535077288941736,0.1125,0.125,5000,20,0.20689655172413793,0.2,0.08620689655172414,0.5,0.22142857142857142,greenland
0.36666666666666664,29,2,0.3275862068965517,0.42000000000000004,0.5,0.27984084880636606,down_power,0.5,0.13436385255648037,0.1808,0.3620689655172414,5000,25,0.5,0.5,0.3620689655172414,0.43103448275862066,0.4475,greenland
0.24492753623188407,36,22,0.5,0.5,0.3333333333333333,0.20619658119658119,metaweb,0.3333333333333333,0.19367283950617284,0.19555555555555557,0.4166666666666667,5000,30,0.3611111111111111,0.5,0.5,0.2222222222222222,0.5,tibet
0.14583333333333334,59,28,0.2364406779661017,0.5,0.3305084745762712,0.1228813559322034,down_link,0.3135593220338983,0.09623671358804942,0.07421875,0.5,5000,48,0.3305084745762712,0.5,0.5,0.13559322033898305,0.5,dolomites
0.25255102040816324,29,12,0.43103448275862066,0.5,0.39655172413793105,0.23891625615763548,down_link,0.3017241379310345,0.13198573127229488,0.1364795918367347,0.5,5000,28,0.2672413793103448,0.25,0.5,0.27586206896551724,0.4642857142857143,greenland
0.19240669240669242,52,29,0.2664835164835165,0.5,0.21153846153846154,0.14160839160839161,down_power,0.21153846153846154,0.13350591715976332,0.11468224981738495,0.4807692307692308,5000,37,0.21153846153846154,0.44594594594594594,0.4807692307692308,0.15384615384615385,0.5,meishan
0.1523809523809524,59,25,0.40925141242937857,0.5,0.3135593220338983,0.1268956289027654,down_link,0.3135593220338983,0.14507325481183567,0.1189236111111111,0.5,5000,48,0.3135593220338983,0.5,0.5,0.13559322033898305,0.5,dolomites
0.2375,41,25,0.29878048780487804,0.46875,0.25609756097560976,0.21951219512195122,niche,0.25609756097560976,0.132064247471743,0.12109375,0.3780487804878049,5000,32,0.23170731707317072,0.34375,0.47560975609756095,0.18902439024390244,0.375,turkiye
0.3416666666666667,41,2,0.17439024390243904,0.4166666666666667,0.13414634146341464,0.20388719512195122,atn,0.13414634146341464,0.13920285544318858,0.17708333333333334,0.4024390243902439,5000,24,0.10975609756097561,0.5,0.47560975609756095,0.10975609756097561,0.3333333333333333,turkiye
0.193859649122807,52,4,0.44519230769230766,0.5,0.23076923076923078,0.1445054945054945,down_niche,0.23076923076923078,0.13424556213017752,0.16412742382271467,0.46153846153846156,5000,38,0.21153846153846154,0.5,0.5,0.15384615384615385,0.5,meishan
0.1887709991158267,52,26,0.38846153846153847,0.5,0.23076923076923078,0.14423076923076922,down_niche,0.21153846153846154,0.1224112426035503,0.14069690992767916,0.4807692307692308,5000,39,0.21153846153846154,0.5,0.5,0.15384615384615385,0.47435897435897434,meishan
0.28125,36,9,0.2638888888888889,0.484375,0.25,0.25,niche,0.3333333333333333,0.10648148148148148,0.1142578125,0.3194444444444444,5000,32,0.3333333333333333,0.3385416666666667,0.4166666666666667,0.3055555555555556,0.3203125,tibet
0.14496833216045038,59,19,0.1292372881355932,0.46551724137931033,0.1963276836158192,0.14233829124870287,atn,0.2288135593220339,0.13789141051422005,0.1426872770511296,0.4152542372881356,5000,58,0.2288135593220339,0.14496833216045038,0.48305084745762716,0.11819803746654772,0.43103448275862066,dolomites
0.20833333333333334,41,26,0.34756097560975613,0.375,0.042682926829268296,0.14634146341463414,niche,0.03658536585365854,0.1207614515169542,0.109375,0.3597560975609756,5000,24,0.03658536585365854,0.4583333333333333,0.39634146341463417,0.03353658536585366,0.20833333333333334,turkiye
0.17953667953667954,52,5,0.25,0.5,0.21153846153846154,0.13782051282051283,down_link,0.21153846153846154,0.09208579881656805,0.08181154127100074,0.5,5000,37,0.21153846153846154,0.5,0.5,0.15384615384615385,0.47972972972972977,meishan
0.30000000000000004,29,7,0.36637931034482757,0.45999999999999996,0.2931034482758621,0.25862068965517243,down_power,0.2931034482758621,0.089179548156956,0.0992,0.3620689655172414,5000,25,0.28448275862068967,0.33999999999999997,0.47413793103448276,0.22413793103448276,0.35,kashmir
0.24285714285714285,52,14,0.30494505494505497,0.38095238095238093,0.17307692307692307,0.20192307692307693,niche,0.17307692307692307,0.0643491124260355,0.07142857142857142,0.2692307692307692,5000,42,0.17307692307692307,0.44047619047619047,0.3942307692307693,0.10256410256410257,0.34523809523809523,meishan
0.21632996632996634,36,22,0.4444444444444444,0.5,0.25,0.2,down_power,0.2222222222222222,0.14737654320987653,0.15426997245179064,0.5,5000,33,0.2222222222222222,0.4393939393939394,0.5,0.2222222222222222,0.5,tibet
0.18950320512820512,52,3,0.4819004524886878,0.5,0.21153846153846154,0.1456876456876457,metaweb,0.21153846153846154,0.17492603550295857,0.16305062458908612,0.4423076923076923,5000,39,0.21153846153846154,0.5,0.5,0.15384615384615385,0.44871794871794873,meishan
0.21632996632996634,36,24,0.3055555555555556,0.5,0.26666666666666666,0.2,down_power,0.3611111111111111,0.1087962962962963,0.10835629017447199,0.4305555555555556,5000,33,0.2777777777777778,0.5,0.4722222222222222,0.2222222222222222,0.4393939393939394,tibet
0.29222222222222227,29,18,0.5,0.5,0.3620689655172414,0.2543103448275862,metaweb,0.3620689655172414,0.19500594530321047,0.2176,0.43103448275862066,5000,25,0.3620689655172414,0.5,0.5,0.27586206896551724,0.5,kashmir
0.19117647058823528,59,14,0.1365710560625815,0.49346405228758167,0.2796610169491526,0.1597810734463277,atn,0.2457627118644068,0.08445848893995977,0.09611687812379854,0.39830508474576276,5000,51,0.2627118644067796,0.48039215686274506,0.4491525423728814,0.1419491525423729,0.38235294117647056,dolomites
0.4003623188405797,29,20,0.3275862068965517,0.3695652173913043,0.41379310344827586,0.3275862068965517,down_power,0.41379310344827586,0.12128418549346016,0.1776937618147448,0.3275862068965517,5000,23,0.41379310344827586,0.3695652173913043,0.3275862068965517,0.43103448275862066,0.44202898550724634,greenland
0.375,29,17,0.3275862068965517,0.37037037037037035,0.15517241379310345,0.21954022988505748,down_niche,0.15517241379310345,0.09631391200951249,0.12037037037037036,0.41954022988505746,5000,18,0.15517241379310345,0.3611111111111111,0.4655172413793104,0.048850574712643674,0.35185185185185186,greenland
0.27197802197802196,29,22,0.5,0.5,0.39655172413793105,0.25,down_rand,0.3620689655172414,0.14744351961950058,0.16420118343195267,0.4224137931034483,5000,26,0.33620689655172414,0.5,0.5,0.27586206896551724,0.46153846153846156,greenland
0.1485594237695078,59,11,0.4491525423728814,0.5,0.3135593220338983,0.1271186440677966,down_power,0.3305084745762712,0.1488078138465958,0.11703456892961266,0.5,5000,49,0.3135593220338983,0.5,0.5,0.13559322033898305,0.5,dolomites
0.30612244897959184,41,1,0.18292682926829268,0.4523809523809524,0.18292682926829268,0.20833333333333334,atn,0.1016260162601626,0.10945865556216537,0.1364795918367347,0.3719512195121951,5000,28,0.20731707317073172,0.39285714285714285,0.45121951219512196,0.10975609756097561,0.35714285714285715,turkiye
0.25050709939148075,29,11,0.43103448275862066,0.5,0.43103448275862066,0.25050709939148075,down_link,0.43103448275862066,0.14863258026159334,0.14863258026159334,0.4396551724137931,5000,29,0.3879310344827586,0.24892241379310345,0.5,0.27586206896551724,0.4396551724137931,kashmir
0.15315315315315314,59,4,0.2695974576271186,0.5,0.3135593220338983,0.1271186440677966,down_niche,0.3135593220338983,0.13444412525136454,0.12456597222222222,0.4872881355932204,5000,48,0.3135593220338983,0.5,0.5,0.13559322033898305,0.5,dolomites
0.20798898071625344,41,6,0.3638211382113821,0.5,0.32113821138211385,0.18015521064301554,down_link,0.3048780487804878,0.14158239143367043,0.12304866850321396,0.5,5000,33,0.3231707317073171,0.5,0.5,0.1951219512195122,0.5,turkiye
0.2035024154589372,59,5,0.13693131132917039,0.5,0.2796610169491526,0.17623659633344863,atn,0.1610169491525424,0.09480034472852629,0.10916824196597354,0.3813559322033898,5000,46,0.2288135593220339,0.5,0.4491525423728814,0.1364406779661017,0.38405797101449274,dolomites
0.15447154471544716,59,3,0.5,0.5,0.3305084745762712,0.12772397094430993,metaweb,0.3135593220338983,0.16690606147658718,0.1388888888888889,0.48305084745762716,5000,48,0.3305084745762712,0.5,0.5,0.13559322033898305,0.5,dolomites
0.25308641975308643,29,13,0.3505747126436782,0.42592592592592593,0.39655172413793105,0.2517241379310345,down_link,0.2931034482758621,0.05826397146254459,0.06035665294924554,0.39655172413793105,5000,27,0.3620689655172414,0.24537037037037035,0.39655172413793105,0.3275862068965517,0.38888888888888884,kashmir
0.2954545454545454,29,3,0.375,0.45454545454545453,0.040229885057471264,0.21352785145888595,down_niche,0.1896551724137931,0.10225921521997622,0.12603305785123967,0.4051724137931034,5000,22,0.05172413793103448,0.5,0.47413793103448276,0.1896551724137931,0.4090909090909091,greenland
0.2261904761904762,36,9,0.3333333333333333,0.4375,0.2833333333333333,0.2013888888888889,down_niche,0.3333333333333333,0.10493827160493827,0.1181640625,0.3611111111111111,5000,32,0.2916666666666667,0.46875,0.4722222222222222,0.2222222222222222,0.46875,tibet
0.41666666666666663,29,27,0.2456896551724138,0.3849206349206349,0.25862068965517243,0.3154158215010142,atn,0.25862068965517243,0.12366230677764566,0.14285714285714285,0.3275862068965517,5000,21,0.22413793103448276,0.5,0.4396551724137931,0.25862068965517243,0.27976190476190477,kashmir
0.17045454545454547,41,4,0.3048780487804878,0.3484848484848485,0.017857142857142856,0.0975609756097561,niche,0.017241379310344827,0.13444378346222485,0.1487603305785124,0.32926829268292684,5000,11,0.017857142857142856,0.17272727272727273,0.3097560975609756,0.017241379310344827,0.22727272727272727,turkiye
0.19954954954954957,52,17,0.3901098901098901,0.5,0.21153846153846154,0.1456876456876457,metaweb,0.21153846153846154,0.17492603550295857,0.16946676406135866,0.4423076923076923,5000,37,0.21153846153846154,0.5,0.5,0.15384615384615385,0.5,meishan
0.2704081632653061,29,24,0.43103448275862066,0.4642857142857143,0.43103448275862066,0.27955665024630544,down_power,0.25862068965517243,0.10939357907253269,0.11479591836734694,0.4224137931034483,5000,28,0.4051724137931034,0.26785714285714285,0.4655172413793104,0.3103448275862069,0.42857142857142855,kashmir
0.5,29,23,0.2931034482758621,0.3007246376811594,0.3448275862068966,0.2931034482758621,down_power,0.3448275862068966,0.09274673008323424,0.14744801512287334,0.2471264367816092,5000,23,0.3448275862068966,0.28260869565217395,0.27873563218390807,0.4885057471264368,0.32608695652173914,greenland
0.2231934731934732,41,17,0.4658536585365854,0.5,0.3048780487804878,0.18292682926829268,metaweb,0.3048780487804878,0.20226055919095776,0.18365472910927455,0.47560975609756095,5000,33,0.3048780487804878,0.5,0.5,0.1951219512195122,0.5,turkiye
0.3154158215010142,41,3,0.18902439024390244,0.4655172413793104,0.18292682926829268,0.2139689578713969,atn,0.15853658536585366,0.1041046995835812,0.1248513674197384,0.3780487804878049,5000,29,0.16463414634146342,0.4655172413793104,0.42073170731707316,0.15853658536585366,0.3620689655172414,turkiye
0.1488095238095238,59,9,0.268361581920904,0.5,0.3135593220338983,0.12169491525423728,down_link,0.3305084745762712,0.10456765297328353,0.08116319444444445,0.5,5000,48,0.3008474576271187,0.5,0.5,0.13559322033898305,0.5,dolomites
0.18928571428571428,41,19,0.3231707317073171,0.5,0.3048780487804878,0.16615853658536586,down_power,0.3048780487804878,0.13801308744794766,0.10693877551020409,0.5,5000,35,0.2804878048780488,0.4714285714285714,0.5,0.1951219512195122,0.5,turkiye
0.38333333333333336,29,30,0.2456896551724138,0.4027777777777778,0.3275862068965517,0.29022988505747127,atn,0.22413793103448276,0.10225921521997622,0.1111111111111111,0.31896551724137934,5000,24,0.2931034482758621,0.35714285714285715,0.3896551724137931,0.1896551724137931,0.3125,kashmir
0.1895424836601307,41,20,0.33275261324041816,0.5,0.3048780487804878,0.17522464698331194,down_link,0.29573170731707316,0.12195121951219512,0.10121107266435986,0.5,5000,34,0.3048780487804878,0.5,0.5,0.1951219512195122,0.5,turkiye
0.2818181818181818,29,3,0.39655172413793105,0.38636363636363635,0.1896551724137931,0.1767241379310345,niche,0.2931034482758621,0.10939357907253269,0.128099173553719,0.3017241379310345,5000,22,0.1896551724137931,0.4090909090909091,0.3045977011494253,0.12931034482758622,0.3181818181818182,kashmir
0.29222222222222227,29,19,0.5,0.5,0.3620689655172414,0.2543103448275862,metaweb,0.3620689655172414,0.19262782401902498,0.2176,0.43103448275862066,5000,25,0.3620689655172414,0.5,0.5,0.27586206896551724,0.5,greenland
0.32051282051282054,29,8,0.3879310344827586,0.4230769230769231,0.5,0.3154158215010142,down_power,0.5,0.14744351961950058,0.1834319526627219,0.39655172413793105,5000,26,0.5,0.5,0.39655172413793105,0.43103448275862066,0.46923076923076923,greenland
0.35,29,23,0.339080459770115,0.35,0.1896551724137931,0.23922413793103448,niche,0.15517241379310345,0.09274673008323424,0.1175,0.22413793103448276,5000,20,0.15517241379310345,0.4166666666666667,0.43103448275862066,0.12068965517241378,0.32499999999999996,kashmir
0.1607142857142857,41,14,0.35365853658536583,0.44285714285714284,0.28861788617886175,0.1878048780487805,down_rand,0.23780487804878048,0.06543723973825104,0.061224489795918366,0.45121951219512196,5000,35,0.20121951219512196,0.40714285714285714,0.5,0.21951219512195122,0.44285714285714284,turkiye
0.2231934731934732,41,21,0.5,0.5,0.32926829268292684,0.18292682926829268,metaweb,0.3048780487804878,0.20226055919095776,0.18365472910927455,0.47560975609756095,5000,33,0.32926829268292684,0.5,0.5,0.1951219512195122,0.5,turkiye
0.3277310924369748,41,27,0.19773519163763068,0.42857142857142855,0.17479674796747968,0.2260452961672474,atn,0.18292682926829268,0.1207614515169542,0.14285714285714285,0.32926829268292684,5000,28,0.20731707317073172,0.5,0.4268292682926829,0.08536585365853658,0.35714285714285715,turkiye
0.15151515151515152,59,22,0.4241140215716487,0.5,0.3305084745762712,0.1266605588639487,down_power,0.3135593220338983,0.1476587187589773,0.11631944444444445,0.5,5000,48,0.3135593220338983,0.5,0.5,0.13559322033898305,0.5,dolomites
0.20714285714285716,41,8,0.3638211382113821,0.5,0.3048780487804878,0.17865853658536587,down_rand,0.3048780487804878,0.14812611540749554,0.12979591836734694,0.47560975609756095,5000,35,0.3231707317073171,0.5,0.5,0.1951219512195122,0.4714285714285714,turkiye
0.3305882352941176,36,11,0.1909722222222222,0.45999999999999996,0.2222222222222222,0.22999999999999998,atn,0.19444444444444445,0.15123456790123457,0.1776,0.3611111111111111,5000,25,0.19444444444444445,0.45999999999999996,0.4722222222222222,0.19444444444444445,0.33999999999999997,tibet
0.25,29,4,0.3620689655172414,0.41666666666666663,0.020833333333333332,0.10344827586206896,niche,0.020833333333333332,0.1367419738406659,0.3333333333333333,0.22844827586206898,5000,3,0.020833333333333332,0.5,0.3706896551724138,0.019230769230769232,0.41666666666666663,kashmir
0.15151515151515152,59,27,0.39830508474576276,0.5,0.3135593220338983,0.12361192285213325,down_rand,0.3135593220338983,0.12553863832232118,0.10590277777777778,0.4872881355932204,5000,48,0.3135593220338983,0.5,0.5,0.13559322033898305,0.5,dolomites
0.203125,36,30,0.34375,0.5,0.1527777777777778,0.1909722222222222,down_rand,0.18055555555555555,0.08719135802469136,0.0947265625,0.4166666666666667,5000,32,0.2777777777777778,0.4375,0.5,0.2222222222222222,0.46875,tibet
0.21000000000000002,52,5,0.23076923076923078,0.44,0.46153846153846156,0.2692307692307692,niche,0.3076923076923077,0.08431952662721894,0.0828,0.3076923076923077,5000,50,0.46153846153846156,0.29000000000000004,0.4551282051282051,0.28846153846153844,0.31333333333333335,meishan
0.2932692307692308,29,3,0.3620689655172414,0.4807692307692308,0.1896551724137931,0.2662835249042146,down_power,0.2327586206896552,0.10225921521997622,0.11538461538461539,0.4224137931034483,5000,26,0.22413793103448276,0.4230769230769231,0.45689655172413796,0.16379310344827586,0.4230769230769231,kashmir
0.2361111111111111,29,23,0.3735632183908046,0.48765432098765427,0.39655172413793105,0.22844827586206898,down_link,0.3620689655172414,0.09274673008323424,0.09739368998628258,0.4655172413793104,5000,27,0.3620689655172414,0.24537037037037035,0.47413793103448276,0.27586206896551724,0.4629629629629629,greenland
0.15,59,20,0.34745762711864403,0.5,0.3135593220338983,0.1252648305084746,down_rand,0.3305084745762712,0.12180407928756104,0.10069444444444445,0.5,5000,48,0.3135593220338983,0.5,0.5,0.13559322033898305,0.5,dolomites
0.32153846153846155,29,17,0.43103448275862066,0.43,0.2931034482758621,0.2770114942528736,down_rand,0.2931034482758621,0.09631391200951249,0.1056,0.4224137931034483,5000,25,0.2931034482758621,0.38,0.4655172413793104,0.22413793103448276,0.4066666666666667,kashmir
0.15079365079365079,41,13,0.25,0.47857142857142854,0.23170731707317072,0.15365853658536585,down_link,0.3048780487804878,0.05829863176680547,0.05061224489795919,0.46951219512195125,5000,35,0.32926829268292684,0.44285714285714284,0.5,0.1951219512195122,0.4642857142857143,turkiye
0.24035087719298245,36,26,0.4166666666666667,0.5,0.3333333333333333,0.17989417989417988,down_niche,0.20987654320987653,0.12191358024691358,0.13333333333333333,0.4166666666666667,5000,30,0.22685185185185183,0.5,0.4722222222222222,0.2222222222222222,0.5,tibet
0.13066202090592333,52,14,0.1826923076923077,0.4817073170731707,0.2692307692307692,0.13782051282051283,down_power,0.21794871794871795,0.0654585798816568,0.06365258774538965,0.40384615384615385,5000,41,0.17307692307692307,0.4024390243902439,0.4423076923076923,0.21153846153846154,0.4451219512195122,meishan
0.15447154471544716,59,24,0.4593926553672316,0.5,0.3135593220338983,0.12772397094430993,metaweb,0.3135593220338983,0.16690606147658718,0.1388888888888889,0.48305084745762716,5000,48,0.3135593220338983,0.5,0.5,0.13559322033898305,0.5,dolomites
0.2596153846153846,29,27,0.4655172413793104,0.5,0.3275862068965517,0.2385057471264368,down_link,0.39655172413793105,0.12604042806183116,0.13165680473372782,0.5,5000,26,0.35344827586206895,0.3333333333333333,0.5,0.27586206896551724,0.46153846153846156,greenland
0.20761245674740483,41,12,0.29573170731707316,0.5,0.3048780487804878,0.17575322812051652,down_link,0.3048780487804878,0.13265913146936348,0.11678200692041522,0.5,5000,34,0.3048780487804878,0.5,0.5,0.1951219512195122,0.5,turkiye
0.29222222222222227,29,16,0.5,0.5,0.39655172413793105,0.2543103448275862,metaweb,0.3620689655172414,0.19262782401902498,0.2176,0.43103448275862066,5000,25,0.39655172413793105,0.5,0.5,0.27586206896551724,0.5,greenland
0.32931034482758625,29,21,0.25862068965517243,0.42610837438423643,0.5,0.35153256704980845,atn,0.5,0.13912009512485138,0.13912009512485138,0.3160919540229885,5000,29,0.5,0.3498985801217039,0.3620689655172414,0.3793103448275862,0.3160919540229885,kashmir
0.14743589743589744,59,16,0.3813559322033898,0.5,0.3305084745762712,0.12557781201849,down_rand,0.3135593220338983,0.12553863832232118,0.1037326388888889,0.48305084745762716,5000,48,0.3135593220338983,0.4722222222222222,0.5,0.13559322033898305,0.5,dolomites
0.18325791855203621,59,12,0.1236517719568567,0.5,0.11440677966101695,0.15949152542372882,atn,0.17796610169491525,0.12841137604136743,0.1380238369857747,0.4152542372881356,5000,51,0.17796610169491525,0.5,0.48305084745762716,0.07542372881355933,0.4019607843137255,dolomites
0.19621621621621624,52,11,0.4061085972850679,0.5,0.21153846153846154,0.14487179487179488,down_link,0.21153846153846154,0.14866863905325445,0.13878743608473337,0.46794871794871795,5000,37,0.23076923076923078,0.5,0.5,0.15384615384615385,0.5,meishan
0.18552631578947368,52,24,0.3473557692307692,0.5,0.21153846153846154,0.14214046822742474,down_rand,0.23076923076923078,0.10872781065088757,0.10803324099722991,0.46153846153846156,5000,38,0.21153846153846154,0.4263157894736842,0.5,0.15384615384615385,0.5,meishan
0.21483375959079284,36,16,0.3888888888888889,0.47058823529411764,0.37037037037037035,0.20169082125603865,down_niche,0.20555555555555555,0.1257716049382716,0.13321799307958476,0.4166666666666667,5000,34,0.16666666666666666,0.5,0.4722222222222222,0.2222222222222222,0.4117647058823529,tibet
0.36666666666666664,29,19,0.3620689655172414,0.42000000000000004,0.5,0.28201970443349755,down_power,0.5,0.13793103448275862,0.1856,0.3620689655172414,5000,25,0.5,0.5,0.3620689655172414,0.43103448275862066,0.452,greenland
0.24492753623188407,36,26,0.5,0.5,0.3611111111111111,0.20619658119658119,metaweb,0.3333333333333333,0.19367283950617284,0.19555555555555557,0.4166666666666667,5000,30,0.3611111111111111,0.5,0.5,0.2222222222222222,0.5,tibet
0.3333333333333333,36,18,0.32407407407407407,0.4166666666666667,0.1111111111111111,0.2222222222222222,niche,0.1388888888888889,0.09104938271604938,0.09027777777777778,0.3194444444444444,5000,24,0.1388888888888889,0.35416666666666663,0.4166666666666667,0.08333333333333333,0.2916666666666667,tibet
0.1527777777777778,59,6,0.42493946731234866,0.5,0.3135593220338983,0.1261501210653753,down_rand,0.3135593220338983,0.14133869577707556,0.1171875,0.5,5000,48,0.3135593220338983,0.5,0.5,0.13559322033898305,0.5,dolomites
0.25255102040816324,29,2,0.43103448275862066,0.5,0.28448275862068967,0.2310344827586207,down_link,0.3275862068965517,0.13436385255648037,0.14030612244897958,0.43103448275862066,5000,28,0.4224137931034483,0.25,0.5,0.27586206896551724,0.4642857142857143,kashmir
0.19963369963369965,52,12,0.158974358974359,0.4807692307692308,0.18076923076923077,0.1936813186813187,atn,0.057692307692307696,0.1290680473372781,0.1290680473372781,0.36538461538461536,5000,52,0.19230769230769232,0.19903846153846155,0.4807692307692308,0.15598290598290598,0.36538461538461536,meishan
0.19598765432098766,41,28,0.3780487804878049,0.5,0.18902439024390244,0.17682926829268295,down_rand,0.13414634146341464,0.09637120761451518,0.08950617283950617,0.47560975609756095,5000,36,0.18292682926829268,0.4722222222222222,0.5,0.1951219512195122,0.4722222222222222,turkiye
0.19954954954954957,52,7,0.4455128205128205,0.5,0.21153846153846154,0.1456876456876457,metaweb,0.21153846153846154,0.17492603550295857,0.16946676406135866,0.4423076923076923,5000,37,0.21153846153846154,0.5,0.5,0.15384615384615385,0.5,meishan
0.3431372549019608,29,20,0.4655172413793104,0.4338235294117647,0.03333333333333333,0.2484787018255578,down_niche,0.03333333333333333,0.12128418549346016,0.14878892733564014,0.4224137931034483,5000,17,0.03333333333333333,0.5,0.4655172413793104,0.06034482758620689,0.375,greenland
0.2231934731934732,41,19,0.4886759581881533,0.5,0.3048780487804878,0.18292682926829268,metaweb,0.3048780487804878,0.20226055919095776,0.18365472910927455,0.47560975609756095,5000,33,0.32926829268292684,0.5,0.5,0.1951219512195122,0.5,turkiye
0.20454545454545456,36,20,0.36419753086419754,0.5,0.2777777777777778,0.19166666666666668,down_power,0.25,0.12191358024691358,0.11294765840220386,0.4722222222222222,5000,33,0.2777777777777778,0.5,0.4722222222222222,0.2222222222222222,0.4621212121212121,tibet
0.24583333333333335,36,14,0.2777777777777778,0.5,0.18055555555555555,0.20238095238095238,down_power,0.2222222222222222,0.06558641975308642,0.07777777777777778,0.3472222222222222,5000,30,0.3472222222222222,0.4666666666666667,0.4722222222222222,0.2777777777777778,0.3833333333333333,tibet
0.2690631808278867,29,21,0.4655172413793104,0.5,0.3620689655172414,0.2484787018255578,down_rand,0.39655172413793105,0.14863258026159334,0.16323731138545952,0.43103448275862066,5000,27,0.3620689655172414,0.4629629629629629,0.5,0.27586206896551724,0.4722222222222222,greenland
0.48007246376811596,29,3,0.2931034482758621,0.3782608695652174,0.3793103448275862,0.3275862068965517,down_power,0.3793103448275862,0.10225921521997622,0.16257088846880907,0.28160919540229884,5000,23,0.3793103448275862,0.5,0.19655172413793104,0.4655172413793104,0.3944099378881988,greenland
0.21464646464646464,41,11,0.3829268292682927,0.5,0.25609756097560976,0.17828106852497097,down_power,0.3048780487804878,0.148720999405116,0.12213039485766758,0.5,5000,33,0.3048780487804878,0.5,0.5,0.1951219512195122,0.5,turkiye
0.23333333333333334,41,21,0.4268292682926829,0.5,0.23170731707317072,0.17073170731707318,niche,0.23170731707317072,0.1618084473527662,0.1622222222222222,0.45121951219512196,5000,30,0.15853658536585366,0.3,0.47560975609756095,0.11585365853658536,0.43333333333333335,turkiye
0.19621621621621624,52,21,0.4434389140271493,0.5,0.23076923076923078,0.14349112426035504,down_link,0.21153846153846154,0.14866863905325445,0.14170927684441198,0.5,5000,37,0.21153846153846154,0.5,0.5,0.15384615384615385,0.5,meishan
0.2372549019607843,36,15,0.3611111111111111,0.4666666666666667,0.2638888888888889,0.202991452991453,down_niche,0.26851851851851855,0.11882716049382716,0.13666666666666666,0.4444444444444444,5000,30,0.20833333333333331,0.4666666666666667,0.5,0.2222222222222222,0.4666666666666667,tibet
0.2196969696969697,41,12,0.4268292682926829,0.5,0.23170731707317072,0.18038617886178862,down_niche,0.3048780487804878,0.13265913146936348,0.13957759412304868,0.4268292682926829,5000,33,0.3048780487804878,0.5,0.5,0.1951219512195122,0.5,turkiye
0.30612244897959184,29,7,0.2471264367816092,0.4642857142857143,0.3275862068965517,0.2931034482758621,atn,0.2931034482758621,0.12366230677764566,0.1326530612244898,0.27011494252873564,5000,28,0.3275862068965517,0.3277310924369748,0.4241379310344828,0.21921182266009853,0.2857142857142857,kashmir
0.2605820105820106,29,25,0.4655172413793104,0.5,0.3275862068965517,0.25136116152450094,down_link,0.3017241379310345,0.1450653983353151,0.15089163237311384,0.43103448275862066,5000,27,0.2629310344827586,0.4629629629629629,0.5,0.27586206896551724,0.4722222222222222,greenland
0.16937669376693767,52,27,0.28846153846153844,0.5,0.19230769230769232,0.1391941391941392,down_power,0.1346153846153846,0.1257396449704142,0.11005353955978585,0.46153846153846156,5000,41,0.1346153846153846,0.5,0.5,0.15384615384615385,0.45121951219512196,meishan
0.2413793103448276,59,15,0.2796610169491526,0.47413793103448276,0.014705882352941176,0.13559322033898305,niche,0.015625,0.11921861534041941,0.14149821640903687,0.3135593220338983,5000,29,0.015625,0.45862068965517244,0.48305084745762716,0.014705882352941176,0.41810344827586204,dolomites
0.21464646464646464,36,7,0.3333333333333333,0.5,0.2777777777777778,0.19444444444444445,down_rand,0.2222222222222222,0.08873456790123457,0.08999081726354453,0.4027777777777778,5000,33,0.25,0.4393939393939394,0.5,0.2222222222222222,0.4318181818181818,tibet
0.24492753623188407,36,30,0.5,0.5,0.3333333333333333,0.20619658119658119,metaweb,0.3333333333333333,0.19367283950617284,0.19555555555555557,0.4166666666666667,5000,30,0.3333333333333333,0.5,0.5,0.2222222222222222,0.5,tibet
0.4307359307359307,29,28,0.1896551724137931,0.40476190476190477,0.3793103448275862,0.22413793103448276,down_power,0.3793103448275862,0.09631391200951249,0.1836734693877551,0.22413793103448276,5000,21,0.3793103448275862,0.40476190476190477,0.22413793103448276,0.5,0.3958333333333333,greenland
0.2785714285714286,29,15,0.4396551724137931,0.4642857142857143,0.3275862068965517,0.2427055702917772,down_rand,0.3620689655172414,0.11890606420927467,0.1211734693877551,0.4525862068965517,5000,28,0.3275862068965517,0.2785714285714286,0.4913793103448276,0.3103448275862069,0.4642857142857143,kashmir
0.27546296296296297,36,17,0.3611111111111111,0.5,0.09722222222222221,0.20833333333333331,down_power,0.12962962962962962,0.09645061728395062,0.11934156378600823,0.4166666666666667,5000,27,0.2222222222222222,0.4629629629629629,0.4583333333333333,0.125,0.38888888888888884,tibet
0.28153846153846157,29,9,0.39655172413793105,0.45,0.12068965517241378,0.24261083743842365,down_niche,0.22413793103448276,0.10463733650416171,0.1216,0.39655172413793105,5000,25,0.15517241379310345,0.5,0.4655172413793104,0.09482758620689655,0.42000000000000004,kashmir
0.15447154471544716,59,26,0.4919491525423729,0.5,0.3305084745762712,0.12772397094430993,metaweb,0.3135593220338983,0.16690606147658718,0.1388888888888889,0.48305084745762716,5000,48,0.3135593220338983,0.5,0.5,0.13559322033898305,0.5,dolomites
0.375,29,19,0.2543103448275862,0.39090909090909093,0.2931034482758621,0.3135775862068966,atn,0.2931034482758621,0.13436385255648037,0.1384297520661157,0.27011494252873564,5000,22,0.2931034482758621,0.45454545454545453,0.3850574712643678,0.2931034482758621,0.3181818181818182,kashmir
0.1910714285714286,36,17,0.3333333333333333,0.4714285714285714,0.2638888888888889,0.19607843137254902,down_link,0.3333333333333333,0.09645061728395062,0.09551020408163265,0.4861111111111111,5000,35,0.3888888888888889,0.19857142857142857,0.5,0.2222222222222222,0.44285714285714284,tibet
0.21428571428571427,29,13,0.2025862068965517,0.21428571428571427,0.05172413793103448,0.20812807881773399,down_niche,0.05172413793103448,0.05826397146254459,0.08673469387755102,0.31896551724137934,5000,14,0.05172413793103448,0.35714285714285715,0.3620689655172414,0.03333333333333333,0.21428571428571427,greenland
0.14262820512820512,59,24,0.27033898305084747,0.5,0.3135593220338983,0.12302746931618937,down_power,0.3135593220338983,0.10887675955185291,0.07682291666666667,0.5,5000,48,0.3305084745762712,0.5,0.4872881355932204,0.13559322033898305,0.5,dolomites
0.1814102564102564,52,2,0.3875,0.5,0.23076923076923078,0.14323607427055704,down_rand,0.23076923076923078,0.13498520710059173,0.12557527942143326,0.46153846153846156,5000,39,0.23076923076923078,0.5,0.5,0.15384615384615385,0.49358974358974356,meishan
0.34146341463414637,52,23,0.28846153846153844,0.4268292682926829,0.19871794871794873,0.2692307692307692,niche,0.25,0.09356508875739646,0.08863771564544913,0.375,5000,41,0.25,0.3353658536585366,0.3798076923076923,0.125,0.32113821138211385,meishan
0.17027027027027028,52,18,0.3076923076923077,0.5,0.19230769230769232,0.1388888888888889,down_link,0.21153846153846154,0.10022189349112426,0.08692476260043827,0.5,5000,37,0.23076923076923078,0.47972972972972977,0.5,0.15384615384615385,0.5,meishan
0.14814814814814817,59,15,0.3135593220338983,0.5,0.3135593220338983,0.12401129943502825,down_rand,0.3135593220338983,0.11864406779661017,0.0959201388888889,0.5,5000,48,0.3135593220338983,0.5,0.5,0.13559322033898305,0.5,dolomites
0.14857142857142858,59,16,0.4269067796610169,0.5,0.3135593220338983,0.12772397094430993,metaweb,0.3135593220338983,0.16690606147658718,0.142,0.48305084745762716,5000,50,0.3305084745762712,0.5,0.5,0.13559322033898305,0.48,dolomites
0.2042016806722689,36,6,0.4236111111111111,0.5,0.4166666666666667,0.20029239766081872,down_power,0.25,0.1412037037037037,0.14448979591836736,0.4583333333333333,5000,35,0.3055555555555556,0.1979591836734694,0.5,0.2222222222222222,0.47857142857142854,tibet
0.24193548387096775,41,10,0.18292682926829268,0.3944281524926686,0.32926829268292684,0.20121951219512196,down_power,0.35365853658536583,0.05353955978584176,0.07596253902185224,0.20731707317073172,5000,31,0.35365853658536583,0.3064516129032258,0.3780487804878049,0.32926829268292684,0.2661290322580645,turkiye
0.15151515151515152,59,29,0.39830508474576276,0.5,0.3135593220338983,0.12438490978676872,down_rand,0.3135593220338983,0.13358230393565068,0.10980902777777778,0.5,5000,48,0.3135593220338983,0.5,0.5,0.13559322033898305,0.5,dolomites
0.22799999999999998,29,30,0.4396551724137931,0.43333333333333335,0.25862068965517243,0.22413793103448276,niche,0.2931034482758621,0.08442330558858502,0.0976,0.3275862068965517,5000,25,0.21551724137931033,0.43,0.39655172413793105,0.19827586206896552,0.33999999999999997,greenland
0.3074074074074074,29,10,0.2310344827586207,0.44814814814814813,0.22413793103448276,0.3135775862068966,atn,0.235632183908046,0.12366230677764566,0.13580246913580246,0.2931034482758621,5000,27,0.39655172413793105,0.36666666666666664,0.43103448275862066,0.3060344827586207,0.31481481481481477,greenland
0.1519607843137255,59,3,0.2923728813559322,0.5,0.3135593220338983,0.12111581920903955,down_rand,0.3135593220338983,0.1016949152542373,0.0881076388888889,0.5,5000,48,0.2966101694915254,0.5,0.5,0.13559322033898305,0.5,dolomites
0.24107142857142858,41,3,0.42073170731707316,0.5,0.18292682926829268,0.18989547038327526,niche,0.16463414634146342,0.09280190362879238,0.1288265306122449,0.2865853658536585,5000,28,0.15548780487804878,0.32142857142857145,0.45121951219512196,0.11585365853658536,0.4017857142857143,turkiye
0.2579365079365079,29,12,0.43103448275862066,0.4642857142857143,0.1896551724137931,0.24261083743842365,down_niche,0.3275862068965517,0.13198573127229488,0.1377551020408163,0.4655172413793104,5000,28,0.3620689655172414,0.39285714285714285,0.4655172413793104,0.27586206896551724,0.4642857142857143,greenland
0.2231934731934732,41,6,0.5,0.5,0.32926829268292684,0.18292682926829268,metaweb,0.3048780487804878,0.20226055919095776,0.18365472910927455,0.47560975609756095,5000,33,0.3048780487804878,0.5,0.5,0.1951219512195122,0.5,turkiye
0.19327731092436976,36,28,0.3148148148148148,0.5,0.2361111111111111,0.195906432748538,down_rand,0.3333333333333333,0.09645061728395062,0.0986159169550173,0.4166666666666667,5000,34,0.3611111111111111,0.2647058823529412,0.5,0.2222222222222222,0.4411764705882353,tibet
0.3963210702341137,29,26,0.24482758620689657,0.41304347826086957,0.3620689655172414,0.3459770114942529,atn,0.2931034482758621,0.13198573127229488,0.14555765595463138,0.3160919540229885,5000,23,0.3620689655172414,0.5,0.39655172413793105,0.2931034482758621,0.32608695652173914,kashmir
0.19507575757575757,41,18,0.32229965156794427,0.49242424242424243,0.32926829268292684,0.16937669376693767,down_power,0.20528455284552846,0.09994051160023795,0.07254361799816346,0.46951219512195125,5000,33,0.32926829268292684,0.5,0.5,0.1951219512195122,0.5,turkiye
0.2690631808278867,29,11,0.4655172413793104,0.5,0.2931034482758621,0.25191570881226055,down_rand,0.3620689655172414,0.14863258026159334,0.15912208504801098,0.4655172413793104,5000,27,0.3275862068965517,0.5,0.5,0.25862068965517243,0.4629629629629629,kashmir
0.21742424242424244,41,11,0.4268292682926829,0.5,0.32926829268292684,0.17944250871080142,down_rand,0.3048780487804878,0.148720999405116,0.13774104683195593,0.5,5000,33,0.3048780487804878,0.5,0.5,0.1951219512195122,0.5,turkiye
0.43333333333333335,29,13,0.03333333333333333,0.41111111111111115,0.2413793103448276,0.03333333333333333,down_power,0.2413793103448276,0.05826397146254459,0.21777777777777776,0.03333333333333333,5000,15,0.2413793103448276,0.48333333333333334,0.03333333333333333,0.5,0.3541666666666667,greenland
0.29222222222222227,29,27,0.5,0.5,0.3620689655172414,0.2543103448275862,metaweb,0.3620689655172414,0.19262782401902498,0.2176,0.43103448275862066,5000,25,0.3620689655172414,0.5,0.5,0.27586206896551724,0.5,greenland
0.25946969696969696,52,28,0.3076923076923077,0.4166666666666667,0.375,0.27884615384615385,niche,0.3076923076923077,0.10281065088757396,0.0998263888888889,0.3173076923076923,5000,48,0.3333333333333333,0.40625,0.38461538461538464,0.22115384615384615,0.32291666666666663,meishan
0.15076530612244898,59,15,0.44096045197740114,0.5,0.3135593220338983,0.1251765536723164,down_niche,0.3305084745762712,0.11864406779661017,0.12244897959183673,0.48305084745762716,5000,49,0.3135593220338983,0.5,0.5,0.13559322033898305,0.5,dolomites
0.19954954954954957,52,18,0.4636752136752137,0.5,0.23076923076923078,0.1456876456876457,metaweb,0.23076923076923078,0.17492603550295857,0.16946676406135866,0.4423076923076923,5000,37,0.21153846153846154,0.5,0.5,0.15384615384615385,0.5,meishan
0.36428571428571427,29,18,0.2517241379310345,0.45999999999999996,0.25862068965517243,0.3060344827586207,atn,0.2931034482758621,0.10939357907253269,0.1184,0.3275862068965517,5000,25,0.2931034482758621,0.38333333333333336,0.4241379310344828,0.3,0.325,kashmir
0.2231934731934732,41,24,0.4886759581881533,0.5,0.3048780487804878,0.18292682926829268,metaweb,0.32926829268292684,0.20226055919095776,0.18365472910927455,0.47560975609756095,5000,33,0.32926829268292684,0.5,0.5,0.1951219512195122,0.5,turkiye
0.22767857142857142,36,25,0.4166666666666667,0.5,0.3333333333333333,0.2041062801932367,down_rand,0.3611111111111111,0.14506172839506173,0.1513671875,0.4166666666666667,5000,32,0.3611111111111111,0.5,0.5,0.2222222222222222,0.5,tibet
0.19954954954954957,52,14,0.3898601398601399,0.5,0.21153846153846154,0.1456876456876457,metaweb,0.21153846153846154,0.17492603550295857,0.16946676406135866,0.4423076923076923,5000,37,0.21153846153846154,0.5,0.5,0.15384615384615385,0.5,meishan
0.1989247311827957,36,7,0.3611111111111111,0.5,0.3333333333333333,0.1840277777777778,down_power,0.2175925925925926,0.08873456790123457,0.08324661810613944,0.3888888888888889,5000,31,0.3333333333333333,0.3709677419354839,0.5,0.2222222222222222,0.4596774193548387,tibet
0.17901234567901234,36,10,0.19444444444444445,0.4907407407407407,0.2777777777777778,0.15079365079365079,down_power,0.3333333333333333,0.05324074074074074,0.05212620027434842,0.2777777777777778,5000,27,0.3611111111111111,0.4629629629629629,0.3611111111111111,0.3333333333333333,0.4012345679012346,tibet
0.2077205882352941,36,26,0.39351851851851855,0.5,0.29629629629629634,0.19907407407407407,down_rand,0.2777777777777778,0.12191358024691358,0.12283737024221453,0.5,5000,34,0.3194444444444444,0.4411764705882353,0.5,0.2222222222222222,0.47058823529411764,tibet
0.32,29,26,0.35344827586206895,0.38,0.3620689655172414,0.27586206896551724,niche,0.2931034482758621,0.12841854934601665,0.1392,0.28160919540229884,5000,25,0.3275862068965517,0.45999999999999996,0.3879310344827586,0.1867816091954023,0.30000000000000004,kashmir
0.26339285714285715,29,24,0.375,0.4642857142857143,0.3620689655172414,0.27155172413793105,down_rand,0.33620689655172414,0.10939357907253269,0.1096938775510204,0.4224137931034483,5000,28,0.2931034482758621,0.2714285714285714,0.4655172413793104,0.2931034482758621,0.42857142857142855,kashmir
0.13083090379008747,59,13,0.211864406779661,0.5,0.3135593220338983,0.12170433145009417,down_niche,0.22616525423728814,0.08072392990519965,0.07830070803831737,0.4661016949152542,5000,49,0.24124293785310735,0.5,0.5,0.13559322033898305,0.47959183673469385,dolomites
0.275,29,3,0.40804597701149425,0.5,0.25862068965517243,0.2464503042596349,down_niche,0.3620689655172414,0.10225921521997622,0.12,0.3620689655172414,5000,25,0.3275862068965517,0.45999999999999996,0.47413793103448276,0.27586206896551724,0.47,kashmir
0.19698544698544698,52,25,0.38574660633484165,0.5,0.1346153846153846,0.14262820512820512,down_power,0.20192307692307693,0.14497041420118342,0.127100073046019,0.5,5000,37,0.1826923076923077,0.472972972972973,0.5,0.15384615384615385,0.5,meishan
0.1924342105263158,36,28,0.3148148148148148,0.5,0.2222222222222222,0.1717171717171717,down_niche,0.07539682539682539,0.09645061728395062,0.1044921875,0.3611111111111111,5000,32,0.3055555555555556,0.5,0.4722222222222222,0.2222222222222222,0.40625,tibet
0.2638888888888889,29,9,0.3735632183908046,0.47916666666666663,0.2327586206896552,0.23891625615763548,down_rand,0.22413793103448276,0.10463733650416171,0.1232638888888889,0.4051724137931034,5000,24,0.22413793103448276,0.4583333333333333,0.5,0.25862068965517243,0.4166666666666667,greenland
0.29222222222222227,29,17,0.5,0.5,0.39655172413793105,0.2543103448275862,metaweb,0.3620689655172414,0.19500594530321047,0.2176,0.43103448275862066,5000,25,0.3620689655172414,0.5,0.5,0.27586206896551724,0.5,kashmir
0.25,29,27,0.41954022988505746,0.5,0.2931034482758621,0.2427055702917772,down_link,0.39655172413793105,0.12604042806183116,0.1288265306122449,0.4655172413793104,5000,28,0.39655172413793105,0.25510204081632654,0.4655172413793104,0.25862068965517243,0.42857142857142855,kashmir
0.13988095238095238,59,14,0.2298728813559322,0.5,0.3135593220338983,0.1198547215496368,down_link,0.3135593220338983,0.08072392990519965,0.059895833333333336,0.5,5000,48,0.3135593220338983,0.5,0.5,0.13559322033898305,0.5,dolomites
0.33928571428571425,41,24,0.38414634146341464,0.46428571428571425,0.021739130434782608,0.17845528455284554,down_niche,0.02845528455284553,0.10886377156454491,0.14285714285714285,0.4024390243902439,5000,21,0.023809523809523808,0.44047619047619047,0.47560975609756095,0.021739130434782608,0.3630952380952381,turkiye
0.18325791855203621,52,2,0.1486013986013986,0.48039215686274506,0.1778846153846154,0.1801125703564728,atn,0.21153846153846154,0.13757396449704143,0.13571703191080353,0.4423076923076923,5000,51,0.1346153846153846,0.2392769607843137,0.5,0.125,0.4362745098039216,meishan
0.19019274376417233,59,3,0.1308262711864407,0.45918367346938777,0.211864406779661,0.14250669045495093,atn,0.1610169491525424,0.10054582016661878,0.11828404831320283,0.3813559322033898,5000,49,0.19491525423728814,0.45918367346938777,0.48305084745762716,0.09806295399515738,0.41836734693877553,dolomites
0.14857142857142858,59,14,0.4431497175141243,0.5,0.3135593220338983,0.12772397094430993,metaweb,0.3135593220338983,0.16690606147658718,0.142,0.48305084745762716,5000,50,0.3135593220338983,0.5,0.5,0.13559322033898305,0.48,dolomites
0.14102564102564102,59,5,0.42401129943502824,0.4807692307692308,0.21398305084745764,0.12495492246664262,down_niche,0.3305084745762712,0.09192760700948004,0.09393491124260354,0.4152542372881356,5000,52,0.20951035781544255,0.4807692307692308,0.48305084745762716,0.13559322033898305,0.46153846153846156,dolomites
0.28400000000000003,29,1,0.3735632183908046,0.45999999999999996,0.25862068965517243,0.2729885057471264,down_power,0.31896551724137934,0.09988109393579073,0.1216,0.39655172413793105,5000,25,0.2931034482758621,0.42000000000000004,0.43103448275862066,0.3103448275862069,0.42000000000000004,kashmir
0.1842857142857143,41,28,0.35365853658536583,0.5,0.32926829268292684,0.1731707317073171,down_link,0.18902439024390244,0.09637120761451518,0.08897959183673469,0.5,5000,35,0.3195121951219512,0.4619047619047619,0.5,0.1951219512195122,0.5,turkiye
0.11538461538461539,29,25,0.3275862068965517,0.39743589743589747,0.029411764705882353,0.10344827586206896,niche,0.029411764705882353,0.13793103448275862,0.10059171597633136,0.3620689655172414,5000,13,0.023809523809523808,0.2403846153846154,0.41810344827586204,0.029411764705882353,0.2692307692307693,greenland
0.24035087719298245,36,20,0.4166666666666667,0.5,0.08333333333333333,0.20333333333333334,down_niche,0.3611111111111111,0.12191358024691358,0.13666666666666666,0.4305555555555556,5000,30,0.3333333333333333,0.5,0.5,0.2222222222222222,0.5,tibet
0.3333333333333333,29,8,0.2471264367816092,0.4722222222222222,0.25862068965517243,0.3135775862068966,atn,0.3275862068965517,0.1426872770511296,0.1527777777777778,0.27011494252873564,5000,24,0.3620689655172414,0.5,0.4540229885057471,0.3232758620689655,0.3055555555555556,kashmir
0.32936507936507936,29,9,0.2310344827586207,0.4642857142857143,0.3275862068965517,0.3154158215010142,atn,0.5,0.12841854934601665,0.1377551020408163,0.2931034482758621,5000,28,0.4655172413793104,0.3277310924369748,0.39655172413793105,0.3160919540229885,0.32142857142857145,greenland
0.1866096866096866,52,19,0.36538461538461536,0.5,0.21153846153846154,0.14456233421750664,down_rand,0.21153846153846154,0.13794378698224852,0.126232741617357,0.4807692307692308,5000,39,0.23076923076923078,0.47435897435897434,0.5,0.15384615384615385,0.47435897435897434,meishan
0.24492753623188407,36,21,0.5,0.5,0.3333333333333333,0.20619658119658119,metaweb,0.3611111111111111,0.19367283950617284,0.19555555555555557,0.4166666666666667,5000,30,0.3333333333333333,0.5,0.5,0.2222222222222222,0.5,tibet
0.21975806451612903,36,4,0.40740740740740744,0.5,0.3333333333333333,0.2,down_rand,0.3148148148148148,0.13425925925925927,0.1331945889698231,0.4166666666666667,5000,31,0.3611111111111111,0.5,0.5,0.2222222222222222,0.5,tibet
0.2266610597140454,59,9,0.13494132985658408,0.45121951219512196,0.06638418079096045,0.15844889573703133,atn,0.1115819209039548,0.10399310542947429,0.12433075550267698,0.4152542372881356,5000,41,0.1368038740920097,0.47560975609756095,0.4703389830508475,0.09322033898305085,0.4024390243902439,dolomites
0.2231934731934732,41,30,0.4886759581881533,0.5,0.3048780487804878,0.18292682926829268,metaweb,0.32926829268292684,0.20226055919095776,0.18365472910927455,0.47560975609756095,5000,33,0.3048780487804878,0.5,0.5,0.1951219512195122,0.5,turkiye
0.26296296296296295,29,18,0.4224137931034483,0.42592592592592593,0.14655172413793105,0.24482758620689657,down_niche,0.235632183908046,0.09988109393579073,0.10699588477366255,0.43103448275862066,5000,27,0.08620689655172414,0.35185185185185186,0.5,0.25862068965517243,0.39814814814814814,greenland
0.36428571428571427,36,6,0.20833333333333331,0.42000000000000004,0.25,0.2569444444444444,atn,0.25,0.1427469135802469,0.1472,0.34259259259259256,5000,25,0.25,0.42000000000000004,0.4722222222222222,0.19907407407407407,0.33999999999999997,tibet
0.22538392050587172,52,18,0.15491452991452992,0.5,0.16025641025641027,0.1787941787941788,atn,0.15384615384615385,0.09874260355029586,0.12433075550267698,0.40384615384615385,5000,41,0.15384615384615385,0.45121951219512196,0.4807692307692308,0.11057692307692309,0.4024390243902439,meishan
0.2650462962962963,29,12,0.4525862068965517,0.5,0.3620689655172414,0.2471264367816092,down_rand,0.39655172413793105,0.13198573127229488,0.1440329218106996,0.4913793103448276,5000,27,0.3620689655172414,0.42592592592592593,0.5,0.27586206896551724,0.4629629629629629,greenland
0.2338709677419355,52,24,0.1575091575091575,0.5,0.19230769230769232,0.1621794871794872,atn,0.19230769230769232,0.10798816568047337,0.1325,0.36538461538461536,5000,40,0.19230769230769232,0.475,0.4807692307692308,0.15705128205128205,0.35,meishan
0.2977207977207977,29,19,0.45862068965517244,0.5,0.39655172413793105,0.2793103448275862,down_power,0.43103448275862066,0.13793103448275862,0.1440329218106996,0.45689655172413796,5000,27,0.3879310344827586,0.31481481481481477,0.4655172413793104,0.3103448275862069,0.4506172839506173,kashmir
0.14436274509803923,59,9,0.4152542372881356,0.5,0.11016949152542374,0.1248587570621469,down_niche,0.2966101694915254,0.10456765297328353,0.10726643598615918,0.48305084745762716,5000,51,0.1332819722650231,0.5,0.5,0.05899608865710561,0.48039215686274506,dolomites
0.21301247771836007,41,6,0.38109756097560976,0.5,0.3048780487804878,0.17828106852497097,down_power,0.32926829268292684,0.14158239143367043,0.1111111111111111,0.5,5000,33,0.3048780487804878,0.5,0.5,0.1951219512195122,0.5,turkiye
0.19954954954954957,52,4,0.4455128205128205,0.5,0.21153846153846154,0.1456876456876457,metaweb,0.21153846153846154,0.17492603550295857,0.16946676406135866,0.4423076923076923,5000,37,0.21153846153846154,0.5,0.5,0.15384615384615385,0.5,meishan
0.22959183673469388,29,5,0.3620689655172414,0.5,0.2931034482758621,0.2025862068965517,down_link,0.33620689655172414,0.09155766944114149,0.09311224489795919,0.4655172413793104,5000,28,0.3017241379310345,0.2346938775510204,0.5,0.27586206896551724,0.4642857142857143,greenland
0.2261904761904762,29,10,0.2672413793103448,0.40476190476190477,0.3275862068965517,0.1896551724137931,down_link,0.3275862068965517,0.0535077288941736,0.0548469387755102,0.40804597701149425,5000,28,0.39655172413793105,0.2261904761904762,0.39655172413793105,0.3103448275862069,0.4107142857142857,kashmir
0.18552631578947368,52,17,0.3076923076923077,0.5,0.23076923076923078,0.14130434782608695,down_power,0.21153846153846154,0.09652366863905325,0.07894736842105263,0.4743589743589744,5000,38,0.21153846153846154,0.47368421052631576,0.4807692307692308,0.15384615384615385,0.4473684210526316,meishan
0.2261904761904762,29,23,0.3620689655172414,0.5,0.3620689655172414,0.23060344827586207,down_link,0.3275862068965517,0.09274673008323424,0.09056122448979592,0.4655172413793104,5000,28,0.2931034482758621,0.21428571428571427,0.5,0.27586206896551724,0.4642857142857143,kashmir
0.29222222222222227,29,25,0.5,0.5,0.39655172413793105,0.2543103448275862,metaweb,0.3620689655172414,0.19500594530321047,0.2176,0.43103448275862066,5000,25,0.3620689655172414,0.5,0.5,0.27586206896551724,0.5,kashmir
0.18823529411764706,41,26,0.3460365853658537,0.5,0.275609756097561,0.16898954703832753,down_power,0.22560975609756098,0.12254610350981558,0.08996539792387544,0.4817073170731707,5000,34,0.25609756097560976,0.4411764705882353,0.5,0.1951219512195122,0.4852941176470588,turkiye
0.19954954954954957,52,22,0.4084249084249084,0.5,0.21153846153846154,0.14358974358974358,down_niche,0.21153846153846154,0.14792899408284024,0.16508400292184075,0.46153846153846156,5000,37,0.21153846153846154,0.5,0.5,0.15384615384615385,0.5,meishan
0.2826086956521739,52,9,0.3076923076923077,0.4492753623188406,0.25,0.25,niche,0.2275641025641026,0.09689349112426035,0.1053875236294896,0.3076923076923077,5000,46,0.3269230769230769,0.41304347826086957,0.4230769230769231,0.14743589743589744,0.31521739130434784,meishan
0.1816816816816817,52,28,0.27884615384615385,0.5,0.21634615384615385,0.14130434782608695,down_power,0.21153846153846154,0.09615384615384616,0.08473338203067933,0.4230769230769231,5000,37,0.21794871794871795,0.4695945945945946,0.4807692307692308,0.15384615384615385,0.5,meishan
0.1388888888888889,52,6,0.36538461538461536,0.45238095238095233,0.01612903225806452,0.1346153846153846,niche,0.016666666666666666,0.1283284023668639,0.09750566893424037,0.358974358974359,5000,21,0.01612903225806452,0.28968253968253965,0.4423076923076923,0.015625,0.41666666666666663,meishan
0.15,59,4,0.4079352850539291,0.5,0.3135593220338983,0.1249316566429743,down_link,0.3135593220338983,0.13444412525136454,0.11067708333333333,0.5,5000,48,0.3135593220338983,0.5,0.5,0.13559322033898305,0.5,dolomites
0.2579365079365079,29,6,0.45689655172413796,0.5,0.3275862068965517,0.24808429118773948,down_niche,0.2931034482758621,0.14149821640903687,0.14158163265306123,0.39655172413793105,5000,28,0.22844827586206898,0.23376623376623376,0.4655172413793104,0.22413793103448276,0.39285714285714285,kashmir
0.15447154471544716,59,12,0.4269067796610169,0.5,0.3305084745762712,0.12772397094430993,metaweb,0.3135593220338983,0.16690606147658718,0.1388888888888889,0.48305084745762716,5000,48,0.3135593220338983,0.5,0.5,0.13559322033898305,0.5,dolomites
0.2286527514231499,36,12,0.4444444444444444,0.5,0.3333333333333333,0.19907407407407407,down_rand,0.3611111111111111,0.13271604938271606,0.12903225806451613,0.4444444444444444,5000,31,0.3333333333333333,0.5,0.4722222222222222,0.2222222222222222,0.467741935483871,tibet
0.21313131313131314,36,28,0.2638888888888889,0.5,0.2777777777777778,0.18253968253968253,down_power,0.3055555555555556,0.09645061728395062,0.10101010101010101,0.4861111111111111,5000,33,0.26851851851851855,0.4393939393939394,0.4722222222222222,0.2222222222222222,0.4772727272727273,tibet
0.24537037037037035,29,5,0.35344827586206895,0.4629629629629629,0.3620689655172414,0.21551724137931033,down_power,0.39655172413793105,0.09155766944114149,0.102880658436214,0.3706896551724138,5000,27,0.3275862068965517,0.2777777777777778,0.4655172413793104,0.3103448275862069,0.39814814814814814,kashmir
0.15447154471544716,59,7,0.49192897497982246,0.5,0.3135593220338983,0.12772397094430993,metaweb,0.3135593220338983,0.16690606147658718,0.1388888888888889,0.48305084745762716,5000,48,0.3135593220338983,0.5,0.5,0.13559322033898305,0.5,dolomites
0.2161290322580645,36,9,0.2698412698412698,0.5,0.19444444444444445,0.19618055555555555,down_power,0.16666666666666666,0.10493827160493827,0.1186264308012487,0.4861111111111111,5000,31,0.16666666666666666,0.33870967741935487,0.5,0.19444444444444445,0.4435483870967742,tibet
0.27884615384615385,29,4,0.4540229885057471,0.5,0.3275862068965517,0.23891625615763548,down_link,0.1896551724137931,0.13436385255648037,0.14349112426035504,0.4655172413793104,5000,26,0.19827586206896552,0.5,0.5,0.27586206896551724,0.5,kashmir
0.15384615384615385,52,18,0.358974358974359,0.4230769230769231,0.018518518518518517,0.15384615384615385,niche,0.019230769230769232,0.09874260355029586,0.08284023668639054,0.375,5000,26,0.018518518518518517,0.34615384615384615,0.39743589743589747,0.01785714285714286,0.2948717948717949,meishan
0.2777777777777778,29,15,0.3879310344827586,0.45370370370370366,0.39655172413793105,0.15517241379310345,niche,0.3620689655172414,0.1070154577883472,0.11659807956104253,0.33620689655172414,5000,27,0.39655172413793105,0.41666666666666663,0.4396551724137931,0.2931034482758621,0.38888888888888884,kashmir
0.18727106227106227,52,21,0.38675213675213677,0.47435897435897434,0.21153846153846154,0.14423076923076922,down_rand,0.23076923076923078,0.14866863905325445,0.13543721236028927,0.5,5000,39,0.23076923076923078,0.5,0.5,0.15384615384615385,0.5,meishan
0.23214285714285712,29,17,0.31896551724137934,0.3214285714285714,0.03125,0.1724137931034483,niche,0.03125,0.093935790725327,0.05612244897959184,0.2974137931034483,5000,14,0.03333333333333333,0.2857142857142857,0.33620689655172414,0.029411764705882353,0.21428571428571427,greenland
0.20396825396825397,36,12,0.4166666666666667,0.5,0.4583333333333333,0.19618055555555555,down_link,0.3333333333333333,0.13271604938271606,0.13142857142857142,0.5,5000,35,0.4444444444444444,0.2142857142857143,0.5,0.2222222222222222,0.41428571428571426,tibet
0.24492753623188407,36,16,0.5,0.5,0.3333333333333333,0.20619658119658119,metaweb,0.3611111111111111,0.19367283950617284,0.19555555555555557,0.4166666666666667,5000,30,0.3333333333333333,0.5,0.5,0.2222222222222222,0.5,tibet
0.21770334928229665,36,2,0.375,0.5,0.3194444444444444,0.19907407407407407,down_link,0.3888888888888889,0.13503086419753085,0.1285583103764922,0.45370370370370366,5000,33,0.3611111111111111,0.4696969696969697,0.5,0.2222222222222222,0.4696969696969697,tibet
0.15156794425087106,59,2,0.3940677966101695,0.5,0.3305084745762712,0.12772397094430993,metaweb,0.3135593220338983,0.16690606147658718,0.1445231153685964,0.48305084745762716,5000,49,0.3305084745762712,0.5,0.5,0.13559322033898305,0.5,dolomites
0.2068421052631579,52,15,0.15504807692307693,0.48,0.33653846153846156,0.19934333958724204,atn,0.38461538461538464,0.1179733727810651,0.1228,0.36538461538461536,5000,50,0.38461538461538464,0.3842105263157895,0.4807692307692308,0.15109890109890112,0.36,meishan
0.16177549523110785,59,20,0.13808574277168495,0.5,0.2288135593220339,0.1588532275513884,atn,0.2016949152542373,0.12266590060327492,0.12693222354340072,0.3813559322033898,5000,58,0.211864406779661,0.16177549523110785,0.48305084745762716,0.1172316384180791,0.39655172413793105,dolomites
0.1488095238095238,59,18,0.2702448210922787,0.5,0.3135593220338983,0.12361192285213325,down_rand,0.3135593220338983,0.10025854639471417,0.08637152777777778,0.5,5000,48,0.2966101694915254,0.4791666666666667,0.5,0.13559322033898305,0.5,dolomites
0.19886363636363635,41,24,0.3003048780487805,0.49242424242424243,0.2774390243902439,0.17301829268292684,down_power,0.3048780487804878,0.10886377156454491,0.0780532598714417,0.47560975609756095,5000,33,0.3048780487804878,0.5,0.5,0.1951219512195122,0.5,turkiye
0.14466762314681972,59,24,0.43220338983050843,0.49509803921568624,0.1673728813559322,0.12495492246664262,down_niche,0.15677966101694915,0.10887675955185291,0.1122645136485967,0.4491525423728814,5000,51,0.2966101694915254,0.5,0.5,0.13559322033898305,0.5,dolomites
0.19142857142857145,41,13,0.25609756097560976,0.44285714285714284,0.1991869918699187,0.20934959349593496,down_rand,0.3048780487804878,0.05829863176680547,0.05714285714285714,0.4329268292682927,5000,35,0.2804878048780488,0.35714285714285715,0.5,0.24390243902439024,0.4333333333333333,turkiye
0.19444444444444445,41,7,0.35365853658536583,0.5,0.26422764227642276,0.17411924119241193,down_rand,0.15853658536585366,0.08863771564544913,0.08487654320987655,0.4573170731707317,5000,36,0.11280487804878049,0.5,0.47560975609756095,0.1951219512195122,0.4444444444444444,turkiye
0.32407407407407407,29,16,0.24482758620689657,0.4185185185185185,0.39655172413793105,0.2834051724137931,atn,0.3706896551724138,0.13198573127229488,0.14540466392318244,0.2931034482758621,5000,27,0.28448275862068967,0.39814814814814814,0.43103448275862066,0.22413793103448276,0.31481481481481477,kashmir
0.4181818181818182,29,18,0.25862068965517243,0.36363636363636365,0.3793103448275862,0.2931034482758621,down_power,0.3793103448275862,0.09988109393579073,0.17355371900826447,0.25862068965517243,5000,22,0.3793103448275862,0.36363636363636365,0.21264367816091953,0.4655172413793104,0.3787878787878788,greenland
0.26333333333333336,29,5,0.375,0.5,0.13218390804597702,0.24261083743842365,down_rand,0.28448275862068967,0.09155766944114149,0.112,0.3850574712643678,5000,25,0.1810344827586207,0.5,0.4655172413793104,0.27586206896551724,0.42000000000000004,kashmir
0.3963210702341137,29,5,0.22701149425287356,0.40217391304347827,0.2931034482758621,0.3170498084291188,atn,0.2931034482758621,0.1272294887039239,0.14177693761814744,0.3275862068965517,5000,23,0.3275862068965517,0.4565217391304348,0.43103448275862066,0.25862068965517243,0.35507246376811596,greenland
0.20612244897959184,41,20,0.35714285714285715,0.5,0.3048780487804878,0.17431850789096126,down_rand,0.25609756097560976,0.12195121951219512,0.11591836734693878,0.4817073170731707,5000,35,0.23780487804878048,0.5,0.5,0.1951219512195122,0.4714285714285714,turkiye
0.22592592592592592,29,24,0.3735632183908046,0.5,0.3620689655172414,0.22629310344827586,down_link,0.3275862068965517,0.10939357907253269,0.1056241426611797,0.47413793103448276,5000,27,0.2931034482758621,0.38888888888888884,0.5,0.27586206896551724,0.4722222222222222,greenland
0.23333333333333334,59,8,0.4582324455205811,0.4666666666666667,0.0211864406779661,0.13559322033898305,niche,0.025423728813559324,0.16173513358230393,0.18666666666666668,0.4491525423728814,5000,30,0.0211864406779661,0.43333333333333335,0.5,0.015625,0.48333333333333334,dolomites
0.15,59,6,0.37409200968523004,0.5,0.3135593220338983,0.1252648305084746,down_power,0.3135593220338983,0.14133869577707556,0.1076388888888889,0.5,5000,48,0.3135593220338983,0.5,0.5,0.13559322033898305,0.5,dolomites
0.25744047619047616,41,6,0.17225609756097562,0.4791666666666667,0.3048780487804878,0.20338316286388672,atn,0.3048780487804878,0.14277215942891136,0.16796875,0.3780487804878049,5000,32,0.3048780487804878,0.5,0.4268292682926829,0.22967479674796748,0.375,turkiye
0.24492753623188407,36,9,0.5,0.5,0.3333333333333333,0.20619658119658119,metaweb,0.3333333333333333,0.19367283950617284,0.19555555555555557,0.4166666666666667,5000,30,0.3333333333333333,0.5,0.5,0.2222222222222222,0.5,tibet
0.21306818181818182,36,4,0.4222222222222222,0.5,0.3194444444444444,0.2013888888888889,down_link,0.28703703703703703,0.13425925925925927,0.13039485766758493,0.45370370370370366,5000,33,0.3125,0.5,0.5,0.2222222222222222,0.4393939393939394,tibet
0.18269230769230768,52,6,0.38687782805429866,0.5,0.21153846153846154,0.14487179487179488,down_rand,0.19230769230769232,0.14127218934911243,0.12875,0.4743589743589744,5000,40,0.21153846153846154,0.5,0.5,0.15384615384615385,0.5,meishan
0.2471264367816092,29,14,0.3146551724137931,0.4655172413793104,0.4655172413793104,0.2543103448275862,down_power,0.43103448275862066,0.06539833531510107,0.06539833531510107,0.3735632183908046,5000,29,0.3275862068965517,0.21724137931034482,0.4540229885057471,0.3103448275862069,0.3735632183908046,kashmir
0.3424908424908425,29,4,0.2931034482758621,0.5,0.43103448275862066,0.24461206896551724,down_power,0.43103448275862066,0.13436385255648037,0.2199546485260771,0.2931034482758621,5000,21,0.43103448275862066,0.5,0.2931034482758621,0.43103448275862066,0.5,greenland
0.31982758620689655,41,28,0.18902439024390244,0.4655172413793104,0.15853658536585366,0.22538392050587172,atn,0.15853658536585366,0.11481261154074955,0.13436385255648037,0.32926829268292684,5000,29,0.15853658536585366,0.43103448275862066,0.45121951219512196,0.12804878048780488,0.3620689655172414,turkiye
0.24259259259259258,29,11,0.4655172413793104,0.5,0.1810344827586207,0.25136116152450094,down_niche,0.3879310344827586,0.14863258026159334,0.16186556927297668,0.43103448275862066,5000,27,0.39655172413793105,0.5,0.5,0.27586206896551724,0.42592592592592593,kashmir
0.21666666666666667,36,9,0.3611111111111111,0.5,0.3333333333333333,0.19753086419753085,down_rand,0.3055555555555556,0.10493827160493827,0.10555555555555556,0.4444444444444444,5000,30,0.3194444444444444,0.5,0.4444444444444444,0.2222222222222222,0.48333333333333334,tibet
0.29222222222222227,29,13,0.5,0.5,0.3620689655172414,0.2543103448275862,metaweb,0.3620689655172414,0.19500594530321047,0.2176,0.43103448275862066,5000,25,0.3620689655172414,0.5,0.5,0.27586206896551724,0.5,kashmir
0.24,36,19,0.30000000000000004,0.36666666666666664,0.16666666666666666,0.16666666666666666,niche,0.19444444444444445,0.1396604938271605,0.1648,0.3333333333333333,5000,25,0.19444444444444445,0.36666666666666664,0.4305555555555556,0.041666666666666664,0.365,tibet
0.19270833333333334,41,23,0.25609756097560976,0.484375,0.21544715447154472,0.16920731707317074,down_power,0.258130081300813,0.09220701963117192,0.0673828125,0.46951219512195125,5000,32,0.09603658536585366,0.5,0.47560975609756095,0.21951219512195122,0.5,turkiye
0.19517543859649122,52,3,0.15064102564102566,0.5,0.15384615384615385,0.17760180995475114,atn,0.15384615384615385,0.10465976331360946,0.11631944444444445,0.36538461538461536,5000,48,0.10897435897435898,0.4791666666666667,0.4807692307692308,0.16346153846153846,0.375,meishan
0.38333333333333336,29,22,0.22413793103448276,0.4583333333333333,0.3620689655172414,0.3154158215010142,atn,0.3620689655172414,0.14625445897740785,0.1597222222222222,0.3275862068965517,5000,24,0.3620689655172414,0.5,0.4540229885057471,0.25862068965517243,0.375,greenland
0.24492753623188407,36,1,0.5,0.5,0.3333333333333333,0.20619658119658119,metaweb,0.3611111111111111,0.19367283950617284,0.19555555555555557,0.4166666666666667,5000,30,0.3333333333333333,0.5,0.5,0.2222222222222222,0.5,tibet
0.3695652173913043,29,11,0.22413793103448276,0.41304347826086957,0.3620689655172414,0.31149425287356325,atn,0.3275862068965517,0.14625445897740785,0.14933837429111532,0.3275862068965517,5000,23,0.2931034482758621,0.5,0.41954022988505746,0.2629310344827586,0.3695652173913043,greenland
0.2261904761904762,29,28,0.3275862068965517,0.5,0.3275862068965517,0.22413793103448276,down_link,0.2931034482758621,0.09631391200951249,0.09948979591836735,0.4655172413793104,5000,28,0.4655172413793104,0.22857142857142856,0.5,0.27586206896551724,0.5,kashmir
0.32539682539682535,29,12,0.2456896551724138,0.43827160493827155,0.43103448275862066,0.3154158215010142,atn,0.43103448275862066,0.13436385255648037,0.14266117969821673,0.2931034482758621,5000,27,0.4655172413793104,0.375,0.39655172413793105,0.25862068965517243,0.31481481481481477,kashmir
0.20370370370370372,41,5,0.3195121951219512,0.5,0.3048780487804878,0.1731707317073171,down_rand,0.3048780487804878,0.09220701963117192,0.07988980716253444,0.47560975609756095,5000,33,0.2621951219512195,0.5,0.5,0.1951219512195122,0.49242424242424243,turkiye
0.29222222222222227,29,9,0.5,0.5,0.39655172413793105,0.2543103448275862,metaweb,0.39655172413793105,0.19500594530321047,0.2176,0.43103448275862066,5000,25,0.39655172413793105,0.5,0.5,0.27586206896551724,0.5,kashmir
0.21610845295055822,41,19,0.3719512195121951,0.5,0.3048780487804878,0.17682926829268295,down_link,0.3048780487804878,0.13801308744794766,0.12304866850321396,0.5,5000,33,0.3048780487804878,0.5,0.5,0.1951219512195122,0.5,turkiye
0.15447154471544716,59,15,0.4594694178334562,0.5,0.3135593220338983,0.12772397094430993,metaweb,0.3135593220338983,0.16690606147658718,0.1388888888888889,0.48305084745762716,5000,48,0.3135593220338983,0.5,0.5,0.13559322033898305,0.5,dolomites
0.23517786561264822,41,8,0.3719512195121951,0.4565217391304348,0.06097560975609756,0.1132404181184669,niche,0.08536585365853658,0.14693634741225461,0.1342155009451796,0.4024390243902439,5000,23,0.08536585365853658,0.41304347826086957,0.47560975609756095,0.042682926829268296,0.32608695652173914,turkiye
0.19954954954954957,52,8,0.4455128205128205,0.5,0.23076923076923078,0.1456876456876457,metaweb,0.23076923076923078,0.17492603550295857,0.16946676406135866,0.4423076923076923,5000,37,0.21153846153846154,0.5,0.5,0.15384615384615385,0.5,meishan
0.36666666666666664,29,13,0.2456896551724138,0.47,0.43103448275862066,0.3154158215010142,atn,0.25862068965517243,0.12247324613555291,0.1376,0.2931034482758621,5000,25,0.39655172413793105,0.38,0.41954022988505746,0.3620689655172414,0.32666666666666666,kashmir
0.25462962962962965,41,17,0.467479674796748,0.4444444444444444,0.35365853658536583,0.17987804878048783,niche,0.32926829268292684,0.09577632361689471,0.10185185185185185,0.39634146341463417,5000,36,0.3780487804878049,0.4583333333333333,0.40853658536585363,0.24390243902439024,0.4027777777777778,turkiye
0.2231934731934732,41,22,0.5,0.5,0.3048780487804878,0.18292682926829268,metaweb,0.32926829268292684,0.20226055919095776,0.18365472910927455,0.47560975609756095,5000,33,0.32926829268292684,0.5,0.5,0.1951219512195122,0.5,turkiye
0.2,52,25,0.2692307692307692,0.4666666666666667,0.019230769230769232,0.11538461538461539,niche,0.019230769230769232,0.15347633136094674,0.12333333333333334,0.4326923076923077,5000,30,0.038461538461538464,0.38,0.4807692307692308,0.01785714285714286,0.3333333333333333,meishan
0.375,29,12,0.2327586206896552,0.4722222222222222,0.35344827586206895,0.28249336870026526,atn,0.3275862068965517,0.13198573127229488,0.140625,0.3275862068965517,5000,24,0.3275862068965517,0.4583333333333333,0.39655172413793105,0.3017241379310345,0.3333333333333333,greenland
0.20930232558139536,59,16,0.2860169491525424,0.4534883720930233,0.1271186440677966,0.15254237288135594,niche,0.17796610169491525,0.13789141051422005,0.13358572201189833,0.4016949152542373,5000,43,0.17796610169491525,0.43023255813953487,0.4491525423728814,0.07627118644067796,0.37790697674418605,dolomites
0.22126436781609196,36,14,0.3611111111111111,0.4224137931034483,0.2777777777777778,0.16239316239316237,niche,0.2777777777777778,0.06790123456790123,0.07728894173602854,0.3055555555555556,5000,29,0.2777777777777778,0.25,0.4166666666666667,0.24074074074074073,0.33620689655172414,tibet
0.18,52,4,0.38461538461538464,0.5,0.23076923076923078,0.14316239316239315,down_link,0.21153846153846154,0.13424556213017752,0.1175,0.4807692307692308,5000,40,0.21153846153846154,0.5,0.5,0.15384615384615385,0.48124999999999996,meishan
0.34146341463414637,59,28,0.23220338983050848,0.3384146341463415,0.17796610169491525,0.23728813559322035,niche,0.11016949152542374,0.08934214306233841,0.08923259964306961,0.32485875706214684,5000,41,0.1610169491525424,0.37317073170731707,0.39830508474576276,0.09322033898305085,0.29878048780487804,dolomites
0.3333333333333333,29,18,0.3620689655172414,0.3645833333333333,0.3275862068965517,0.3103448275862069,niche,0.2931034482758621,0.09155766944114149,0.08854166666666667,0.3017241379310345,5000,24,0.22413793103448276,0.4583333333333333,0.35344827586206895,0.25862068965517243,0.2916666666666667,greenland
0.23958333333333334,29,30,0.375,0.5,0.2629310344827586,0.20812807881773399,down_niche,0.2931034482758621,0.08680142687277051,0.1111111111111111,0.3620689655172414,5000,24,0.33620689655172414,0.4166666666666667,0.39655172413793105,0.27586206896551724,0.5,greenland
0.23333333333333334,36,20,0.3611111111111111,0.5,0.3333333333333333,0.1994949494949495,down_rand,0.3611111111111111,0.12191358024691358,0.12555555555555556,0.4722222222222222,5000,30,0.3333333333333333,0.5,0.5,0.2222222222222222,0.5,tibet
0.12196356275303644,59,7,0.22423270728355474,0.5,0.3135593220338983,0.10790960451977402,down_niche,0.2796610169491526,0.08876759551852915,0.09652366863905325,0.461864406779661,5000,52,0.2288135593220339,0.4807692307692308,0.4661016949152542,0.13559322033898305,0.5,dolomites
0.15447154471544716,59,10,0.47578692493946734,0.5,0.3135593220338983,0.12772397094430993,metaweb,0.3135593220338983,0.16690606147658718,0.1388888888888889,0.48305084745762716,5000,48,0.3135593220338983,0.5,0.5,0.13559322033898305,0.5,dolomites
0.25992063492063494,29,21,0.46120689655172414,0.5,0.4396551724137931,0.2427055702917772,down_power,0.39655172413793105,0.14863258026159334,0.1568877551020408,0.4885057471264368,5000,28,0.4655172413793104,0.2857142857142857,0.5,0.27586206896551724,0.48214285714285715,kashmir
0.14814814814814814,41,12,0.3705440900562852,0.4629629629629629,0.08536585365853658,0.12195121951219512,niche,0.10975609756097561,0.1338488994646044,0.16872427983539096,0.35365853658536583,5000,27,0.11585365853658536,0.3716931216931217,0.467479674796748,0.022727272727272728,0.5,turkiye
0.4042857142857143,29,27,0.3275862068965517,0.485,0.4827586206896552,0.3620689655172414,down_power,0.4827586206896552,0.12604042806183116,0.1696,0.3472906403940887,5000,25,0.4827586206896552,0.45999999999999996,0.3232758620689655,0.43103448275862066,0.4142857142857143,greenland
0.25930521091811415,41,14,0.1856368563685637,0.5,0.18292682926829268,0.2426829268292683,atn,0.2804878048780488,0.08923259964306961,0.10613943808532779,0.32926829268292684,5000,31,0.18292682926829268,0.33669354838709675,0.45121951219512196,0.18292682926829268,0.3588709677419355,turkiye
0.32936507936507936,41,5,0.19715447154471546,0.5,0.20731707317073172,0.2266610597140454,atn,0.20731707317073172,0.12314098750743604,0.15433673469387754,0.32926829268292684,5000,28,0.23170731707317072,0.4523809523809524,0.47560975609756095,0.16158536585365854,0.30952380952380953,turkiye
0.2142857142857143,36,5,0.3055555555555556,0.5,0.29861111111111116,0.19166666666666668,down_power,0.2777777777777778,0.09182098765432099,0.09306122448979592,0.5,5000,35,0.2916666666666667,0.19642857142857145,0.4722222222222222,0.25,0.5,tibet
0.21657754010695188,36,19,0.3888888888888889,0.5,0.32407407407407407,0.2013888888888889,down_link,0.2777777777777778,0.1381172839506173,0.13957759412304868,0.4166666666666667,5000,33,0.34259259259259256,0.5,0.5,0.2222222222222222,0.5,tibet
0.19621621621621624,52,22,0.38574660633484165,0.5,0.23076923076923078,0.14456233421750664,down_link,0.21153846153846154,0.14792899408284024,0.13805697589481372,0.47115384615384615,5000,37,0.21153846153846154,0.4695945945945946,0.5,0.15384615384615385,0.5,meishan
0.29222222222222227,29,26,0.5,0.5,0.3620689655172414,0.2543103448275862,metaweb,0.3620689655172414,0.19262782401902498,0.2176,0.43103448275862066,5000,25,0.3620689655172414,0.5,0.5,0.27586206896551724,0.5,greenland
0.19121621621621623,52,15,0.34615384615384615,0.5,0.23076923076923078,0.14182692307692307,down_rand,0.21153846153846154,0.11871301775147929,0.10883856829802775,0.4423076923076923,5000,37,0.21153846153846154,0.41891891891891897,0.5,0.15384615384615385,0.5,meishan
0.1976976976976977,52,8,0.36658653846153844,0.5,0.21153846153846154,0.14160839160839161,down_link,0.21153846153846154,0.14792899408284024,0.1344046749452155,0.4807692307692308,5000,37,0.21153846153846154,0.47972972972972977,0.5,0.15384615384615385,0.5,meishan
0.13392857142857142,59,13,0.24884437596302003,0.5,0.3135593220338983,0.11902927580893682,down_link,0.3135593220338983,0.08072392990519965,0.061224489795918366,0.5,5000,49,0.3135593220338983,0.5,0.5,0.13559322033898305,0.5,dolomites
0.18484848484848485,52,10,0.15384615384615385,0.5,0.17307692307692307,0.1794871794871795,atn,0.21153846153846154,0.10392011834319527,0.1108,0.36538461538461536,5000,50,0.23076923076923078,0.28,0.4807692307692308,0.15512820512820513,0.38,meishan
0.2974137931034483,41,14,0.2707317073170732,0.36637931034482757,0.12804878048780488,0.2682926829268293,niche,0.13414634146341464,0.06900654372397383,0.07015457788347206,0.2896341463414634,5000,29,0.15853658536585366,0.43103448275862066,0.4024390243902439,0.13414634146341464,0.2931034482758621,turkiye
0.2,29,20,0.3936781609195402,0.3522727272727273,0.15517241379310345,0.12068965517241378,niche,0.2931034482758621,0.12960760998810938,0.1322314049586777,0.25862068965517243,5000,22,0.14655172413793105,0.34090909090909094,0.43103448275862066,0.1724137931034483,0.3181818181818182,greenland
0.15104166666666669,59,12,0.34745762711864403,0.5,0.3135593220338983,0.1254708097928437,down_power,0.3135593220338983,0.13243320884803217,0.1037326388888889,0.48305084745762716,5000,48,0.2966101694915254,0.5,0.4957627118644068,0.13559322033898305,0.5,dolomites
0.26190476190476186,41,13,0.3353658536585366,0.40714285714285714,0.35365853658536583,0.28810975609756095,niche,0.32926829268292684,0.060083283759666865,0.06285714285714286,0.25609756097560976,5000,35,0.35365853658536583,0.38571428571428573,0.47560975609756095,0.2804878048780488,0.30952380952380953,turkiye
0.125,36,16,0.2777777777777778,0.5,0.018518518518518517,0.1111111111111111,niche,0.018518518518518517,0.11805555555555555,0.25,0.29629629629629634,5000,6,0.018518518518518517,0.5,0.4166666666666667,0.017857142857142856,0.41666666666666663,tibet
0.212987012987013,52,14,0.1578525641025641,0.5,0.15384615384615385,0.1804029304029304,atn,0.17307692307692307,0.10576923076923077,0.12190082644628099,0.36538461538461536,5000,44,0.15384615384615385,0.4772727272727273,0.4807692307692308,0.15384615384615385,0.36363636363636365,meishan
0.31226053639846746,29,29,0.43103448275862066,0.40948275862068967,0.47413793103448276,0.23620689655172414,niche,0.43103448275862066,0.13912009512485138,0.13912009512485138,0.3735632183908046,5000,29,0.2931034482758621,0.32389162561576357,0.41954022988505746,0.3448275862068966,0.3735632183908046,kashmir
0.1586219602063375,59,11,0.1258148631029987,0.48305084745762716,0.3135593220338983,0.1586219602063375,atn,0.364406779661017,0.15168055156564206,0.15168055156564206,0.4152542372881356,5000,59,0.2796610169491526,0.15928744379107576,0.5,0.12796610169491526,0.4152542372881356,dolomites
0.25806451612903225,41,19,0.4024390243902439,0.43548387096774194,0.2621951219512195,0.1951219512195122,niche,0.23170731707317072,0.14158239143367043,0.11654526534859522,0.3943089430894309,5000,31,0.25609756097560976,0.33870967741935487,0.4268292682926829,0.12369337979094076,0.33870967741935487,turkiye
0.16433566433566435,52,5,0.24175824175824176,0.49358974358974356,0.23076923076923078,0.14073426573426573,down_power,0.21153846153846154,0.09208579881656805,0.07560815253122946,0.4807692307692308,5000,39,0.23076923076923078,0.39743589743589747,0.5,0.15384615384615385,0.4807692307692308,meishan
0.29222222222222227,29,23,0.5,0.5,0.3620689655172414,0.2543103448275862,metaweb,0.3620689655172414,0.19500594530321047,0.2176,0.43103448275862066,5000,25,0.3620689655172414,0.5,0.5,0.27586206896551724,0.5,kashmir
0.2866666666666667,29,25,0.3735632183908046,0.5,0.3275862068965517,0.25050709939148075,down_power,0.3620689655172414,0.1450653983353151,0.1584,0.4655172413793104,5000,25,0.2931034482758621,0.5,0.5,0.27586206896551724,0.47,kashmir
0.3626373626373626,29,30,0.3206896551724138,0.33076923076923076,0.21264367816091953,0.3706896551724138,niche,0.15517241379310345,0.08561236623067776,0.09319526627218935,0.25862068965517243,5000,26,0.2471264367816092,0.34615384615384615,0.3620689655172414,0.2543103448275862,0.2692307692307692,kashmir
0.18907563025210083,41,15,0.34908536585365857,0.5,0.3048780487804878,0.17454268292682928,down_power,0.25152439024390244,0.1189767995240928,0.09429065743944637,0.5,5000,34,0.3048780487804878,0.5,0.5,0.1951219512195122,0.5,turkiye
0.2976190476190476,29,15,0.4655172413793104,0.5,0.25862068965517243,0.2484787018255578,down_niche,0.25862068965517243,0.11890606420927467,0.13541666666666666,0.4224137931034483,5000,24,0.2931034482758621,0.4583333333333333,0.5,0.1896551724137931,0.4166666666666667,greenland
0.26772934287573197,59,5,0.3813559322033898,0.44339622641509435,0.34745762711864403,0.228135593220339,niche,0.2627118644067796,0.09307670209709853,0.10003559985760056,0.3686440677966102,5000,53,0.2330508474576271,0.3679245283018868,0.48305084745762716,0.19491525423728814,0.4009433962264151,dolomites
0.18899521531100477,52,24,0.3019230769230769,0.5,0.20512820512820512,0.13800904977375567,down_link,0.21153846153846154,0.10872781065088757,0.09556786703601108,0.5,5000,38,0.21153846153846154,0.5,0.5,0.15384615384615385,0.5,meishan
0.22549019607843138,41,6,0.38414634146341464,0.38235294117647056,0.02,0.10975609756097561,niche,0.020833333333333332,0.13444378346222485,0.08304498269896193,0.35853658536585364,5000,17,0.01851851851851852,0.38235294117647056,0.4024390243902439,0.01851851851851852,0.303921568627451,turkiye
0.24857142857142858,29,28,0.3620689655172414,0.5,0.3620689655172414,0.235632183908046,down_rand,0.2931034482758621,0.09631391200951249,0.1104,0.4051724137931034,5000,25,0.3620689655172414,0.45999999999999996,0.45689655172413796,0.27586206896551724,0.45999999999999996,kashmir
0.24615384615384617,29,24,0.43103448275862066,0.5,0.25862068965517243,0.2103448275862069,down_rand,0.3620689655172414,0.10939357907253269,0.1227810650887574,0.4224137931034483,5000,26,0.31896551724137934,0.38461538461538464,0.4051724137931034,0.3103448275862069,0.46153846153846156,greenland
0.2136015325670498,36,17,0.3680555555555556,0.5,0.3333333333333333,0.17444444444444443,down_niche,0.2777777777777778,0.09645061728395062,0.12009512485136742,0.375,5000,29,0.24074074074074073,0.5,0.4444444444444444,0.2222222222222222,0.5,tibet
