"locality","i","j","time","variable","long_name","units","value"
"Greenland",20,28,0.5,"grid_level","grid definition","n/a",1
"Greenland",20,28,1.5,"grid_level","grid definition","n/a",1
"Greenland",20,28,4.5,"grid_level","grid definition","n/a",1
"Greenland",20,28,9.5,"grid_level","grid definition","n/a",1
"Greenland",20,28,19.5,"grid_level","grid definition","n/a",1
"Greenland",20,28,49.5,"grid_level","grid definition","n/a",1
"Greenland",20,28,99.5,"grid_level","grid definition","n/a",1
"Greenland",20,28,199.5,"grid_level","grid definition","n/a",1
"Greenland",20,28,499.5,"grid_level","grid definition","n/a",1
"Greenland",20,28,999.5,"grid_level","grid definition","n/a",1
"Greenland",20,28,1999.5,"grid_level","grid definition","n/a",1
"Greenland",20,28,4999.5,"grid_level","grid definition","n/a",1
"Greenland",20,28,9999.5,"grid_level","grid definition","n/a",1
"Greenland",20,28,0.5,"grid_mask","land-sea mask","n/a",1
"Greenland",20,28,1.5,"grid_mask","land-sea mask","n/a",1
"Greenland",20,28,4.5,"grid_mask","land-sea mask","n/a",1
"Greenland",20,28,9.5,"grid_mask","land-sea mask","n/a",1
"Greenland",20,28,19.5,"grid_mask","land-sea mask","n/a",1
"Greenland",20,28,49.5,"grid_mask","land-sea mask","n/a",1
"Greenland",20,28,99.5,"grid_mask","land-sea mask","n/a",1
"Greenland",20,28,199.5,"grid_mask","land-sea mask","n/a",1
"Greenland",20,28,499.5,"grid_mask","land-sea mask","n/a",1
"Greenland",20,28,999.5,"grid_mask","land-sea mask","n/a",1
"Greenland",20,28,1999.5,"grid_mask","land-sea mask","n/a",1
"Greenland",20,28,4999.5,"grid_mask","land-sea mask","n/a",1
"Greenland",20,28,9999.5,"grid_mask","land-sea mask","n/a",1
"Greenland",20,28,0.5,"grid_topo","ocean depth","m",5000
"Greenland",20,28,1.5,"grid_topo","ocean depth","m",5000
"Greenland",20,28,4.5,"grid_topo","ocean depth","m",5000
"Greenland",20,28,9.5,"grid_topo","ocean depth","m",5000
"Greenland",20,28,19.5,"grid_topo","ocean depth","m",5000
"Greenland",20,28,49.5,"grid_topo","ocean depth","m",5000
"Greenland",20,28,99.5,"grid_topo","ocean depth","m",5000
"Greenland",20,28,199.5,"grid_topo","ocean depth","m",5000
"Greenland",20,28,499.5,"grid_topo","ocean depth","m",5000
"Greenland",20,28,999.5,"grid_topo","ocean depth","m",5000
"Greenland",20,28,1999.5,"grid_topo","ocean depth","m",5000
"Greenland",20,28,4999.5,"grid_topo","ocean depth","m",5000
"Greenland",20,28,9999.5,"grid_topo","ocean depth","m",5000
"Greenland",20,28,0.5,"eco2D_Plankton_C_001","C Biomass - Popn. #001 (0.60 micron phytoplankton)","mmol C m^-3",0.0347154214978218
"Greenland",20,28,1.5,"eco2D_Plankton_C_001","C Biomass - Popn. #001 (0.60 micron phytoplankton)","mmol C m^-3",0.0367766469717026
"Greenland",20,28,4.5,"eco2D_Plankton_C_001","C Biomass - Popn. #001 (0.60 micron phytoplankton)","mmol C m^-3",0.0391998179256916
"Greenland",20,28,9.5,"eco2D_Plankton_C_001","C Biomass - Popn. #001 (0.60 micron phytoplankton)","mmol C m^-3",0.0400766581296921
"Greenland",20,28,19.5,"eco2D_Plankton_C_001","C Biomass - Popn. #001 (0.60 micron phytoplankton)","mmol C m^-3",0.041341308504343
"Greenland",20,28,49.5,"eco2D_Plankton_C_001","C Biomass - Popn. #001 (0.60 micron phytoplankton)","mmol C m^-3",0.041657842695713
"Greenland",20,28,99.5,"eco2D_Plankton_C_001","C Biomass - Popn. #001 (0.60 micron phytoplankton)","mmol C m^-3",0.04171122610569
"Greenland",20,28,199.5,"eco2D_Plankton_C_001","C Biomass - Popn. #001 (0.60 micron phytoplankton)","mmol C m^-3",0.0445146448910236
"Greenland",20,28,499.5,"eco2D_Plankton_C_001","C Biomass - Popn. #001 (0.60 micron phytoplankton)","mmol C m^-3",0.047822892665863
"Greenland",20,28,999.5,"eco2D_Plankton_C_001","C Biomass - Popn. #001 (0.60 micron phytoplankton)","mmol C m^-3",0.052350290119648
"Greenland",20,28,1999.5,"eco2D_Plankton_C_001","C Biomass - Popn. #001 (0.60 micron phytoplankton)","mmol C m^-3",0.0633128136396408
"Greenland",20,28,4999.5,"eco2D_Plankton_C_001","C Biomass - Popn. #001 (0.60 micron phytoplankton)","mmol C m^-3",0.0636711046099663
"Greenland",20,28,9999.5,"eco2D_Plankton_C_001","C Biomass - Popn. #001 (0.60 micron phytoplankton)","mmol C m^-3",0.0637321323156357
"Greenland",20,28,0.5,"eco2D_Plankton_C_002","C Biomass - Popn. #002 (1.90 micron phytoplankton)","mmol C m^-3",0.191039383411407
"Greenland",20,28,1.5,"eco2D_Plankton_C_002","C Biomass - Popn. #002 (1.90 micron phytoplankton)","mmol C m^-3",0.194655507802963
"Greenland",20,28,4.5,"eco2D_Plankton_C_002","C Biomass - Popn. #002 (1.90 micron phytoplankton)","mmol C m^-3",0.19098399579525
"Greenland",20,28,9.5,"eco2D_Plankton_C_002","C Biomass - Popn. #002 (1.90 micron phytoplankton)","mmol C m^-3",0.18353459239006
"Greenland",20,28,19.5,"eco2D_Plankton_C_002","C Biomass - Popn. #002 (1.90 micron phytoplankton)","mmol C m^-3",0.176961153745651
"Greenland",20,28,49.5,"eco2D_Plankton_C_002","C Biomass - Popn. #002 (1.90 micron phytoplankton)","mmol C m^-3",0.176663503050804
"Greenland",20,28,99.5,"eco2D_Plankton_C_002","C Biomass - Popn. #002 (1.90 micron phytoplankton)","mmol C m^-3",0.181957185268402
"Greenland",20,28,199.5,"eco2D_Plankton_C_002","C Biomass - Popn. #002 (1.90 micron phytoplankton)","mmol C m^-3",0.196208506822586
"Greenland",20,28,499.5,"eco2D_Plankton_C_002","C Biomass - Popn. #002 (1.90 micron phytoplankton)","mmol C m^-3",0.210661321878433
"Greenland",20,28,999.5,"eco2D_Plankton_C_002","C Biomass - Popn. #002 (1.90 micron phytoplankton)","mmol C m^-3",0.221573784947395
"Greenland",20,28,1999.5,"eco2D_Plankton_C_002","C Biomass - Popn. #002 (1.90 micron phytoplankton)","mmol C m^-3",0.225118368864059
"Greenland",20,28,4999.5,"eco2D_Plankton_C_002","C Biomass - Popn. #002 (1.90 micron phytoplankton)","mmol C m^-3",0.224967524409294
"Greenland",20,28,9999.5,"eco2D_Plankton_C_002","C Biomass - Popn. #002 (1.90 micron phytoplankton)","mmol C m^-3",0.224895671010017
"Greenland",20,28,0.5,"eco2D_Plankton_C_003","C Biomass - Popn. #003 (6.00 micron phytoplankton)","mmol C m^-3",0.443412452936172
"Greenland",20,28,1.5,"eco2D_Plankton_C_003","C Biomass - Popn. #003 (6.00 micron phytoplankton)","mmol C m^-3",0.43667259812355
"Greenland",20,28,4.5,"eco2D_Plankton_C_003","C Biomass - Popn. #003 (6.00 micron phytoplankton)","mmol C m^-3",0.413007408380508
"Greenland",20,28,9.5,"eco2D_Plankton_C_003","C Biomass - Popn. #003 (6.00 micron phytoplankton)","mmol C m^-3",0.398336052894592
"Greenland",20,28,19.5,"eco2D_Plankton_C_003","C Biomass - Popn. #003 (6.00 micron phytoplankton)","mmol C m^-3",0.375960677862167
"Greenland",20,28,49.5,"eco2D_Plankton_C_003","C Biomass - Popn. #003 (6.00 micron phytoplankton)","mmol C m^-3",0.373934030532837
"Greenland",20,28,99.5,"eco2D_Plankton_C_003","C Biomass - Popn. #003 (6.00 micron phytoplankton)","mmol C m^-3",0.378735780715942
"Greenland",20,28,199.5,"eco2D_Plankton_C_003","C Biomass - Popn. #003 (6.00 micron phytoplankton)","mmol C m^-3",0.358732432126999
"Greenland",20,28,499.5,"eco2D_Plankton_C_003","C Biomass - Popn. #003 (6.00 micron phytoplankton)","mmol C m^-3",0.330568552017212
"Greenland",20,28,999.5,"eco2D_Plankton_C_003","C Biomass - Popn. #003 (6.00 micron phytoplankton)","mmol C m^-3",0.289262026548386
"Greenland",20,28,1999.5,"eco2D_Plankton_C_003","C Biomass - Popn. #003 (6.00 micron phytoplankton)","mmol C m^-3",0.214305967092514
"Greenland",20,28,4999.5,"eco2D_Plankton_C_003","C Biomass - Popn. #003 (6.00 micron phytoplankton)","mmol C m^-3",0.212034717202187
"Greenland",20,28,9999.5,"eco2D_Plankton_C_003","C Biomass - Popn. #003 (6.00 micron phytoplankton)","mmol C m^-3",0.211649268865585
"Greenland",20,28,0.5,"eco2D_Plankton_C_004","C Biomass - Popn. #004 (19.00 micron phytoplankton)","mmol C m^-3",0.412678152322769
"Greenland",20,28,1.5,"eco2D_Plankton_C_004","C Biomass - Popn. #004 (19.00 micron phytoplankton)","mmol C m^-3",0.404130786657333
"Greenland",20,28,4.5,"eco2D_Plankton_C_004","C Biomass - Popn. #004 (19.00 micron phytoplankton)","mmol C m^-3",0.384177833795547
"Greenland",20,28,9.5,"eco2D_Plankton_C_004","C Biomass - Popn. #004 (19.00 micron phytoplankton)","mmol C m^-3",0.372058302164078
"Greenland",20,28,19.5,"eco2D_Plankton_C_004","C Biomass - Popn. #004 (19.00 micron phytoplankton)","mmol C m^-3",0.356276303529739
"Greenland",20,28,49.5,"eco2D_Plankton_C_004","C Biomass - Popn. #004 (19.00 micron phytoplankton)","mmol C m^-3",0.354576766490936
"Greenland",20,28,99.5,"eco2D_Plankton_C_004","C Biomass - Popn. #004 (19.00 micron phytoplankton)","mmol C m^-3",0.354571640491486
"Greenland",20,28,199.5,"eco2D_Plankton_C_004","C Biomass - Popn. #004 (19.00 micron phytoplankton)","mmol C m^-3",0.297316670417786
"Greenland",20,28,499.5,"eco2D_Plankton_C_004","C Biomass - Popn. #004 (19.00 micron phytoplankton)","mmol C m^-3",0.234077721834183
"Greenland",20,28,999.5,"eco2D_Plankton_C_004","C Biomass - Popn. #004 (19.00 micron phytoplankton)","mmol C m^-3",0.177110329270363
"Greenland",20,28,1999.5,"eco2D_Plankton_C_004","C Biomass - Popn. #004 (19.00 micron phytoplankton)","mmol C m^-3",0.102021418511868
"Greenland",20,28,4999.5,"eco2D_Plankton_C_004","C Biomass - Popn. #004 (19.00 micron phytoplankton)","mmol C m^-3",0.0997109711170197
"Greenland",20,28,9999.5,"eco2D_Plankton_C_004","C Biomass - Popn. #004 (19.00 micron phytoplankton)","mmol C m^-3",0.099378801882267
"Greenland",20,28,0.5,"eco2D_Plankton_C_005","C Biomass - Popn. #005 (60.00 micron phytoplankton)","mmol C m^-3",0.354991167783737
"Greenland",20,28,1.5,"eco2D_Plankton_C_005","C Biomass - Popn. #005 (60.00 micron phytoplankton)","mmol C m^-3",0.331004470586777
"Greenland",20,28,4.5,"eco2D_Plankton_C_005","C Biomass - Popn. #005 (60.00 micron phytoplankton)","mmol C m^-3",0.318763345479965
"Greenland",20,28,9.5,"eco2D_Plankton_C_005","C Biomass - Popn. #005 (60.00 micron phytoplankton)","mmol C m^-3",0.322218000888824
"Greenland",20,28,19.5,"eco2D_Plankton_C_005","C Biomass - Popn. #005 (60.00 micron phytoplankton)","mmol C m^-3",0.311758875846863
"Greenland",20,28,49.5,"eco2D_Plankton_C_005","C Biomass - Popn. #005 (60.00 micron phytoplankton)","mmol C m^-3",0.310134172439575
"Greenland",20,28,99.5,"eco2D_Plankton_C_005","C Biomass - Popn. #005 (60.00 micron phytoplankton)","mmol C m^-3",0.304419636726379
"Greenland",20,28,199.5,"eco2D_Plankton_C_005","C Biomass - Popn. #005 (60.00 micron phytoplankton)","mmol C m^-3",0.211767107248306
"Greenland",20,28,499.5,"eco2D_Plankton_C_005","C Biomass - Popn. #005 (60.00 micron phytoplankton)","mmol C m^-3",0.138259828090668
"Greenland",20,28,999.5,"eco2D_Plankton_C_005","C Biomass - Popn. #005 (60.00 micron phytoplankton)","mmol C m^-3",0.0769202709197998
"Greenland",20,28,1999.5,"eco2D_Plankton_C_005","C Biomass - Popn. #005 (60.00 micron phytoplankton)","mmol C m^-3",0.000294232129817829
"Greenland",20,28,4999.5,"eco2D_Plankton_C_005","C Biomass - Popn. #005 (60.00 micron phytoplankton)","mmol C m^-3",2.93829742759044e-08
"Greenland",20,28,9999.5,"eco2D_Plankton_C_005","C Biomass - Popn. #005 (60.00 micron phytoplankton)","mmol C m^-3",2.72734723694157e-08
"Greenland",20,28,0.5,"eco2D_Plankton_C_006","C Biomass - Popn. #006 (190.00 micron phytoplankton)","mmol C m^-3",0.364436626434326
"Greenland",20,28,1.5,"eco2D_Plankton_C_006","C Biomass - Popn. #006 (190.00 micron phytoplankton)","mmol C m^-3",0.295074552297592
"Greenland",20,28,4.5,"eco2D_Plankton_C_006","C Biomass - Popn. #006 (190.00 micron phytoplankton)","mmol C m^-3",0.284123033285141
"Greenland",20,28,9.5,"eco2D_Plankton_C_006","C Biomass - Popn. #006 (190.00 micron phytoplankton)","mmol C m^-3",0.315308392047882
"Greenland",20,28,19.5,"eco2D_Plankton_C_006","C Biomass - Popn. #006 (190.00 micron phytoplankton)","mmol C m^-3",0.323037683963776
"Greenland",20,28,49.5,"eco2D_Plankton_C_006","C Biomass - Popn. #006 (190.00 micron phytoplankton)","mmol C m^-3",0.316593408584595
"Greenland",20,28,99.5,"eco2D_Plankton_C_006","C Biomass - Popn. #006 (190.00 micron phytoplankton)","mmol C m^-3",0.288463890552521
"Greenland",20,28,199.5,"eco2D_Plankton_C_006","C Biomass - Popn. #006 (190.00 micron phytoplankton)","mmol C m^-3",0.136754512786865
"Greenland",20,28,499.5,"eco2D_Plankton_C_006","C Biomass - Popn. #006 (190.00 micron phytoplankton)","mmol C m^-3",0.0381335765123367
"Greenland",20,28,999.5,"eco2D_Plankton_C_006","C Biomass - Popn. #006 (190.00 micron phytoplankton)","mmol C m^-3",1.42869915897847e-09
"Greenland",20,28,1999.5,"eco2D_Plankton_C_006","C Biomass - Popn. #006 (190.00 micron phytoplankton)","mmol C m^-3",5.90654608556562e-11
"Greenland",20,28,4999.5,"eco2D_Plankton_C_006","C Biomass - Popn. #006 (190.00 micron phytoplankton)","mmol C m^-3",5.61232588180971e-11
"Greenland",20,28,9999.5,"eco2D_Plankton_C_006","C Biomass - Popn. #006 (190.00 micron phytoplankton)","mmol C m^-3",5.57507616461006e-11
"Greenland",20,28,0.5,"eco2D_Plankton_C_007","C Biomass - Popn. #007 (600.00 micron phytoplankton)","mmol C m^-3",0.420800924301147
"Greenland",20,28,1.5,"eco2D_Plankton_C_007","C Biomass - Popn. #007 (600.00 micron phytoplankton)","mmol C m^-3",0.247950986027718
"Greenland",20,28,4.5,"eco2D_Plankton_C_007","C Biomass - Popn. #007 (600.00 micron phytoplankton)","mmol C m^-3",0.230474814772606
"Greenland",20,28,9.5,"eco2D_Plankton_C_007","C Biomass - Popn. #007 (600.00 micron phytoplankton)","mmol C m^-3",0.342785477638245
"Greenland",20,28,19.5,"eco2D_Plankton_C_007","C Biomass - Popn. #007 (600.00 micron phytoplankton)","mmol C m^-3",0.423953950405121
"Greenland",20,28,49.5,"eco2D_Plankton_C_007","C Biomass - Popn. #007 (600.00 micron phytoplankton)","mmol C m^-3",0.395901650190353
"Greenland",20,28,99.5,"eco2D_Plankton_C_007","C Biomass - Popn. #007 (600.00 micron phytoplankton)","mmol C m^-3",0.287301540374756
"Greenland",20,28,199.5,"eco2D_Plankton_C_007","C Biomass - Popn. #007 (600.00 micron phytoplankton)","mmol C m^-3",0.00035313333501108
"Greenland",20,28,499.5,"eco2D_Plankton_C_007","C Biomass - Popn. #007 (600.00 micron phytoplankton)","mmol C m^-3",1.33676555935658e-10
"Greenland",20,28,999.5,"eco2D_Plankton_C_007","C Biomass - Popn. #007 (600.00 micron phytoplankton)","mmol C m^-3",3.9182573852159e-11
"Greenland",20,28,1999.5,"eco2D_Plankton_C_007","C Biomass - Popn. #007 (600.00 micron phytoplankton)","mmol C m^-3",1.4372895235093e-11
"Greenland",20,28,4999.5,"eco2D_Plankton_C_007","C Biomass - Popn. #007 (600.00 micron phytoplankton)","mmol C m^-3",1.39121752312787e-11
"Greenland",20,28,9999.5,"eco2D_Plankton_C_007","C Biomass - Popn. #007 (600.00 micron phytoplankton)","mmol C m^-3",1.38516819542245e-11
"Greenland",20,28,0.5,"eco2D_Plankton_C_008","C Biomass - Popn. #008 (1900.00 micron phytoplankton)","mmol C m^-3",0.2559994161129
"Greenland",20,28,1.5,"eco2D_Plankton_C_008","C Biomass - Popn. #008 (1900.00 micron phytoplankton)","mmol C m^-3",0.0406038425862789
"Greenland",20,28,4.5,"eco2D_Plankton_C_008","C Biomass - Popn. #008 (1900.00 micron phytoplankton)","mmol C m^-3",2.20402629480532e-08
"Greenland",20,28,9.5,"eco2D_Plankton_C_008","C Biomass - Popn. #008 (1900.00 micron phytoplankton)","mmol C m^-3",1.3159465197532e-06
"Greenland",20,28,19.5,"eco2D_Plankton_C_008","C Biomass - Popn. #008 (1900.00 micron phytoplankton)","mmol C m^-3",0.626497328281403
"Greenland",20,28,49.5,"eco2D_Plankton_C_008","C Biomass - Popn. #008 (1900.00 micron phytoplankton)","mmol C m^-3",0.489967316389084
"Greenland",20,28,99.5,"eco2D_Plankton_C_008","C Biomass - Popn. #008 (1900.00 micron phytoplankton)","mmol C m^-3",0.0769107192754745
"Greenland",20,28,199.5,"eco2D_Plankton_C_008","C Biomass - Popn. #008 (1900.00 micron phytoplankton)","mmol C m^-3",5.74492051153008e-11
"Greenland",20,28,499.5,"eco2D_Plankton_C_008","C Biomass - Popn. #008 (1900.00 micron phytoplankton)","mmol C m^-3",2.31505075526384e-11
"Greenland",20,28,999.5,"eco2D_Plankton_C_008","C Biomass - Popn. #008 (1900.00 micron phytoplankton)","mmol C m^-3",1.10928618721196e-11
"Greenland",20,28,1999.5,"eco2D_Plankton_C_008","C Biomass - Popn. #008 (1900.00 micron phytoplankton)","mmol C m^-3",4.36622309488155e-12
"Greenland",20,28,4999.5,"eco2D_Plankton_C_008","C Biomass - Popn. #008 (1900.00 micron phytoplankton)","mmol C m^-3",4.22676347047735e-12
"Greenland",20,28,9999.5,"eco2D_Plankton_C_008","C Biomass - Popn. #008 (1900.00 micron phytoplankton)","mmol C m^-3",4.20832682937466e-12
"Greenland",20,28,0.5,"eco2D_Plankton_C_009","C Biomass - Popn. #009 (0.60 micron zooplankton)","mmol C m^-3",0.00257255951873958
"Greenland",20,28,1.5,"eco2D_Plankton_C_009","C Biomass - Popn. #009 (0.60 micron zooplankton)","mmol C m^-3",4.505902325036e-06
"Greenland",20,28,4.5,"eco2D_Plankton_C_009","C Biomass - Popn. #009 (0.60 micron zooplankton)","mmol C m^-3",1.77040923587946e-10
"Greenland",20,28,9.5,"eco2D_Plankton_C_009","C Biomass - Popn. #009 (0.60 micron zooplankton)","mmol C m^-3",1.78226183811248e-10
"Greenland",20,28,19.5,"eco2D_Plankton_C_009","C Biomass - Popn. #009 (0.60 micron zooplankton)","mmol C m^-3",1.70323130599392e-10
"Greenland",20,28,49.5,"eco2D_Plankton_C_009","C Biomass - Popn. #009 (0.60 micron zooplankton)","mmol C m^-3",1.79122952581601e-10
"Greenland",20,28,99.5,"eco2D_Plankton_C_009","C Biomass - Popn. #009 (0.60 micron zooplankton)","mmol C m^-3",1.9248622140644e-10
"Greenland",20,28,199.5,"eco2D_Plankton_C_009","C Biomass - Popn. #009 (0.60 micron zooplankton)","mmol C m^-3",1.96746327563169e-10
"Greenland",20,28,499.5,"eco2D_Plankton_C_009","C Biomass - Popn. #009 (0.60 micron zooplankton)","mmol C m^-3",1.67181518628823e-10
"Greenland",20,28,999.5,"eco2D_Plankton_C_009","C Biomass - Popn. #009 (0.60 micron zooplankton)","mmol C m^-3",1.28723878778381e-10
"Greenland",20,28,1999.5,"eco2D_Plankton_C_009","C Biomass - Popn. #009 (0.60 micron zooplankton)","mmol C m^-3",1.02408699576007e-10
"Greenland",20,28,4999.5,"eco2D_Plankton_C_009","C Biomass - Popn. #009 (0.60 micron zooplankton)","mmol C m^-3",1.0129408423154e-10
"Greenland",20,28,9999.5,"eco2D_Plankton_C_009","C Biomass - Popn. #009 (0.60 micron zooplankton)","mmol C m^-3",1.01181903133796e-10
"Greenland",20,28,0.5,"eco2D_Plankton_C_010","C Biomass - Popn. #010 (1.90 micron zooplankton)","mmol C m^-3",0.0434915348887444
"Greenland",20,28,1.5,"eco2D_Plankton_C_010","C Biomass - Popn. #010 (1.90 micron zooplankton)","mmol C m^-3",0.0444371923804283
"Greenland",20,28,4.5,"eco2D_Plankton_C_010","C Biomass - Popn. #010 (1.90 micron zooplankton)","mmol C m^-3",0.0441447794437408
"Greenland",20,28,9.5,"eco2D_Plankton_C_010","C Biomass - Popn. #010 (1.90 micron zooplankton)","mmol C m^-3",0.0421685948967934
"Greenland",20,28,19.5,"eco2D_Plankton_C_010","C Biomass - Popn. #010 (1.90 micron zooplankton)","mmol C m^-3",0.0394854657351971
"Greenland",20,28,49.5,"eco2D_Plankton_C_010","C Biomass - Popn. #010 (1.90 micron zooplankton)","mmol C m^-3",0.0396107062697411
"Greenland",20,28,99.5,"eco2D_Plankton_C_010","C Biomass - Popn. #010 (1.90 micron zooplankton)","mmol C m^-3",0.0407270155847073
"Greenland",20,28,199.5,"eco2D_Plankton_C_010","C Biomass - Popn. #010 (1.90 micron zooplankton)","mmol C m^-3",0.0424800924956799
"Greenland",20,28,499.5,"eco2D_Plankton_C_010","C Biomass - Popn. #010 (1.90 micron zooplankton)","mmol C m^-3",0.0426728427410126
"Greenland",20,28,999.5,"eco2D_Plankton_C_010","C Biomass - Popn. #010 (1.90 micron zooplankton)","mmol C m^-3",0.0390702821314335
"Greenland",20,28,1999.5,"eco2D_Plankton_C_010","C Biomass - Popn. #010 (1.90 micron zooplankton)","mmol C m^-3",0.0322988107800484
"Greenland",20,28,4999.5,"eco2D_Plankton_C_010","C Biomass - Popn. #010 (1.90 micron zooplankton)","mmol C m^-3",0.0319601111114025
"Greenland",20,28,9999.5,"eco2D_Plankton_C_010","C Biomass - Popn. #010 (1.90 micron zooplankton)","mmol C m^-3",0.0319133996963501
"Greenland",20,28,0.5,"eco2D_Plankton_C_011","C Biomass - Popn. #011 (6.00 micron zooplankton)","mmol C m^-3",0.147847384214401
"Greenland",20,28,1.5,"eco2D_Plankton_C_011","C Biomass - Popn. #011 (6.00 micron zooplankton)","mmol C m^-3",0.150054842233658
"Greenland",20,28,4.5,"eco2D_Plankton_C_011","C Biomass - Popn. #011 (6.00 micron zooplankton)","mmol C m^-3",0.144220754504204
"Greenland",20,28,9.5,"eco2D_Plankton_C_011","C Biomass - Popn. #011 (6.00 micron zooplankton)","mmol C m^-3",0.138041958212852
"Greenland",20,28,19.5,"eco2D_Plankton_C_011","C Biomass - Popn. #011 (6.00 micron zooplankton)","mmol C m^-3",0.129497066140175
"Greenland",20,28,49.5,"eco2D_Plankton_C_011","C Biomass - Popn. #011 (6.00 micron zooplankton)","mmol C m^-3",0.129300281405449
"Greenland",20,28,99.5,"eco2D_Plankton_C_011","C Biomass - Popn. #011 (6.00 micron zooplankton)","mmol C m^-3",0.132032096385956
"Greenland",20,28,199.5,"eco2D_Plankton_C_011","C Biomass - Popn. #011 (6.00 micron zooplankton)","mmol C m^-3",0.12975962460041
"Greenland",20,28,499.5,"eco2D_Plankton_C_011","C Biomass - Popn. #011 (6.00 micron zooplankton)","mmol C m^-3",0.124492414295673
"Greenland",20,28,999.5,"eco2D_Plankton_C_011","C Biomass - Popn. #011 (6.00 micron zooplankton)","mmol C m^-3",0.11327650398016
"Greenland",20,28,1999.5,"eco2D_Plankton_C_011","C Biomass - Popn. #011 (6.00 micron zooplankton)","mmol C m^-3",0.094920314848423
"Greenland",20,28,4999.5,"eco2D_Plankton_C_011","C Biomass - Popn. #011 (6.00 micron zooplankton)","mmol C m^-3",0.0943654999136925
"Greenland",20,28,9999.5,"eco2D_Plankton_C_011","C Biomass - Popn. #011 (6.00 micron zooplankton)","mmol C m^-3",0.0942725762724876
"Greenland",20,28,0.5,"eco2D_Plankton_C_012","C Biomass - Popn. #012 (19.00 micron zooplankton)","mmol C m^-3",0.286229580640793
"Greenland",20,28,1.5,"eco2D_Plankton_C_012","C Biomass - Popn. #012 (19.00 micron zooplankton)","mmol C m^-3",0.28725478053093
"Greenland",20,28,4.5,"eco2D_Plankton_C_012","C Biomass - Popn. #012 (19.00 micron zooplankton)","mmol C m^-3",0.274443536996841
"Greenland",20,28,9.5,"eco2D_Plankton_C_012","C Biomass - Popn. #012 (19.00 micron zooplankton)","mmol C m^-3",0.26477524638176
"Greenland",20,28,19.5,"eco2D_Plankton_C_012","C Biomass - Popn. #012 (19.00 micron zooplankton)","mmol C m^-3",0.247873187065125
"Greenland",20,28,49.5,"eco2D_Plankton_C_012","C Biomass - Popn. #012 (19.00 micron zooplankton)","mmol C m^-3",0.247257739305496
"Greenland",20,28,99.5,"eco2D_Plankton_C_012","C Biomass - Popn. #012 (19.00 micron zooplankton)","mmol C m^-3",0.25148868560791
"Greenland",20,28,199.5,"eco2D_Plankton_C_012","C Biomass - Popn. #012 (19.00 micron zooplankton)","mmol C m^-3",0.23287458717823
"Greenland",20,28,499.5,"eco2D_Plankton_C_012","C Biomass - Popn. #012 (19.00 micron zooplankton)","mmol C m^-3",0.21012082695961
"Greenland",20,28,999.5,"eco2D_Plankton_C_012","C Biomass - Popn. #012 (19.00 micron zooplankton)","mmol C m^-3",0.190090760588646
"Greenland",20,28,1999.5,"eco2D_Plankton_C_012","C Biomass - Popn. #012 (19.00 micron zooplankton)","mmol C m^-3",0.162784546613693
"Greenland",20,28,4999.5,"eco2D_Plankton_C_012","C Biomass - Popn. #012 (19.00 micron zooplankton)","mmol C m^-3",0.162436485290527
"Greenland",20,28,9999.5,"eco2D_Plankton_C_012","C Biomass - Popn. #012 (19.00 micron zooplankton)","mmol C m^-3",0.162354603409767
"Greenland",20,28,0.5,"eco2D_Plankton_C_013","C Biomass - Popn. #013 (60.00 micron zooplankton)","mmol C m^-3",0.40710574388504
"Greenland",20,28,1.5,"eco2D_Plankton_C_013","C Biomass - Popn. #013 (60.00 micron zooplankton)","mmol C m^-3",0.396350651979446
"Greenland",20,28,4.5,"eco2D_Plankton_C_013","C Biomass - Popn. #013 (60.00 micron zooplankton)","mmol C m^-3",0.378519594669342
"Greenland",20,28,9.5,"eco2D_Plankton_C_013","C Biomass - Popn. #013 (60.00 micron zooplankton)","mmol C m^-3",0.369732141494751
"Greenland",20,28,19.5,"eco2D_Plankton_C_013","C Biomass - Popn. #013 (60.00 micron zooplankton)","mmol C m^-3",0.349211573600769
"Greenland",20,28,49.5,"eco2D_Plankton_C_013","C Biomass - Popn. #013 (60.00 micron zooplankton)","mmol C m^-3",0.347086906433105
"Greenland",20,28,99.5,"eco2D_Plankton_C_013","C Biomass - Popn. #013 (60.00 micron zooplankton)","mmol C m^-3",0.349632769823074
"Greenland",20,28,199.5,"eco2D_Plankton_C_013","C Biomass - Popn. #013 (60.00 micron zooplankton)","mmol C m^-3",0.314173817634583
"Greenland",20,28,499.5,"eco2D_Plankton_C_013","C Biomass - Popn. #013 (60.00 micron zooplankton)","mmol C m^-3",0.27790167927742
"Greenland",20,28,999.5,"eco2D_Plankton_C_013","C Biomass - Popn. #013 (60.00 micron zooplankton)","mmol C m^-3",0.26125904917717
"Greenland",20,28,1999.5,"eco2D_Plankton_C_013","C Biomass - Popn. #013 (60.00 micron zooplankton)","mmol C m^-3",0.234910890460014
"Greenland",20,28,4999.5,"eco2D_Plankton_C_013","C Biomass - Popn. #013 (60.00 micron zooplankton)","mmol C m^-3",0.234635576605797
"Greenland",20,28,9999.5,"eco2D_Plankton_C_013","C Biomass - Popn. #013 (60.00 micron zooplankton)","mmol C m^-3",0.234557896852493
"Greenland",20,28,0.5,"eco2D_Plankton_C_014","C Biomass - Popn. #014 (190.00 micron zooplankton)","mmol C m^-3",0.51473331451416
"Greenland",20,28,1.5,"eco2D_Plankton_C_014","C Biomass - Popn. #014 (190.00 micron zooplankton)","mmol C m^-3",0.472787976264954
"Greenland",20,28,4.5,"eco2D_Plankton_C_014","C Biomass - Popn. #014 (190.00 micron zooplankton)","mmol C m^-3",0.452188313007355
"Greenland",20,28,9.5,"eco2D_Plankton_C_014","C Biomass - Popn. #014 (190.00 micron zooplankton)","mmol C m^-3",0.449509978294373
"Greenland",20,28,19.5,"eco2D_Plankton_C_014","C Biomass - Popn. #014 (190.00 micron zooplankton)","mmol C m^-3",0.433980822563171
"Greenland",20,28,49.5,"eco2D_Plankton_C_014","C Biomass - Popn. #014 (190.00 micron zooplankton)","mmol C m^-3",0.428042471408844
"Greenland",20,28,99.5,"eco2D_Plankton_C_014","C Biomass - Popn. #014 (190.00 micron zooplankton)","mmol C m^-3",0.423614621162415
"Greenland",20,28,199.5,"eco2D_Plankton_C_014","C Biomass - Popn. #014 (190.00 micron zooplankton)","mmol C m^-3",0.384680062532425
"Greenland",20,28,499.5,"eco2D_Plankton_C_014","C Biomass - Popn. #014 (190.00 micron zooplankton)","mmol C m^-3",0.358800083398819
"Greenland",20,28,999.5,"eco2D_Plankton_C_014","C Biomass - Popn. #014 (190.00 micron zooplankton)","mmol C m^-3",0.3377925157547
"Greenland",20,28,1999.5,"eco2D_Plankton_C_014","C Biomass - Popn. #014 (190.00 micron zooplankton)","mmol C m^-3",0.220697700977325
"Greenland",20,28,4999.5,"eco2D_Plankton_C_014","C Biomass - Popn. #014 (190.00 micron zooplankton)","mmol C m^-3",0.211459696292877
"Greenland",20,28,9999.5,"eco2D_Plankton_C_014","C Biomass - Popn. #014 (190.00 micron zooplankton)","mmol C m^-3",0.210161715745926
"Greenland",20,28,0.5,"eco2D_Plankton_C_015","C Biomass - Popn. #015 (600.00 micron zooplankton)","mmol C m^-3",0.645290791988373
"Greenland",20,28,1.5,"eco2D_Plankton_C_015","C Biomass - Popn. #015 (600.00 micron zooplankton)","mmol C m^-3",0.582019507884979
"Greenland",20,28,4.5,"eco2D_Plankton_C_015","C Biomass - Popn. #015 (600.00 micron zooplankton)","mmol C m^-3",0.562263786792755
"Greenland",20,28,9.5,"eco2D_Plankton_C_015","C Biomass - Popn. #015 (600.00 micron zooplankton)","mmol C m^-3",0.577330052852631
"Greenland",20,28,19.5,"eco2D_Plankton_C_015","C Biomass - Popn. #015 (600.00 micron zooplankton)","mmol C m^-3",0.587979793548584
"Greenland",20,28,49.5,"eco2D_Plankton_C_015","C Biomass - Popn. #015 (600.00 micron zooplankton)","mmol C m^-3",0.571725249290466
"Greenland",20,28,99.5,"eco2D_Plankton_C_015","C Biomass - Popn. #015 (600.00 micron zooplankton)","mmol C m^-3",0.54101550579071
"Greenland",20,28,199.5,"eco2D_Plankton_C_015","C Biomass - Popn. #015 (600.00 micron zooplankton)","mmol C m^-3",0.471656113862991
"Greenland",20,28,499.5,"eco2D_Plankton_C_015","C Biomass - Popn. #015 (600.00 micron zooplankton)","mmol C m^-3",0.43904709815979
"Greenland",20,28,999.5,"eco2D_Plankton_C_015","C Biomass - Popn. #015 (600.00 micron zooplankton)","mmol C m^-3",0.191472619771957
"Greenland",20,28,1999.5,"eco2D_Plankton_C_015","C Biomass - Popn. #015 (600.00 micron zooplankton)","mmol C m^-3",1.78552186924641e-10
"Greenland",20,28,4999.5,"eco2D_Plankton_C_015","C Biomass - Popn. #015 (600.00 micron zooplankton)","mmol C m^-3",1.66020905356667e-10
"Greenland",20,28,9999.5,"eco2D_Plankton_C_015","C Biomass - Popn. #015 (600.00 micron zooplankton)","mmol C m^-3",1.64533595081728e-10
"Greenland",20,28,0.5,"eco2D_Plankton_C_016","C Biomass - Popn. #016 (1900.00 micron zooplankton)","mmol C m^-3",0.646034002304077
"Greenland",20,28,1.5,"eco2D_Plankton_C_016","C Biomass - Popn. #016 (1900.00 micron zooplankton)","mmol C m^-3",0.729643106460571
"Greenland",20,28,4.5,"eco2D_Plankton_C_016","C Biomass - Popn. #016 (1900.00 micron zooplankton)","mmol C m^-3",0.735843896865845
"Greenland",20,28,9.5,"eco2D_Plankton_C_016","C Biomass - Popn. #016 (1900.00 micron zooplankton)","mmol C m^-3",0.831080436706543
"Greenland",20,28,19.5,"eco2D_Plankton_C_016","C Biomass - Popn. #016 (1900.00 micron zooplankton)","mmol C m^-3",0.972419023513794
"Greenland",20,28,49.5,"eco2D_Plankton_C_016","C Biomass - Popn. #016 (1900.00 micron zooplankton)","mmol C m^-3",0.918120205402374
"Greenland",20,28,99.5,"eco2D_Plankton_C_016","C Biomass - Popn. #016 (1900.00 micron zooplankton)","mmol C m^-3",0.757570266723633
"Greenland",20,28,199.5,"eco2D_Plankton_C_016","C Biomass - Popn. #016 (1900.00 micron zooplankton)","mmol C m^-3",0.304837465286255
"Greenland",20,28,499.5,"eco2D_Plankton_C_016","C Biomass - Popn. #016 (1900.00 micron zooplankton)","mmol C m^-3",4.57869853143222e-10
"Greenland",20,28,999.5,"eco2D_Plankton_C_016","C Biomass - Popn. #016 (1900.00 micron zooplankton)","mmol C m^-3",9.34397489937844e-11
"Greenland",20,28,1999.5,"eco2D_Plankton_C_016","C Biomass - Popn. #016 (1900.00 micron zooplankton)","mmol C m^-3",3.08652270408771e-11
"Greenland",20,28,4999.5,"eco2D_Plankton_C_016","C Biomass - Popn. #016 (1900.00 micron zooplankton)","mmol C m^-3",2.97851951436279e-11
"Greenland",20,28,9999.5,"eco2D_Plankton_C_016","C Biomass - Popn. #016 (1900.00 micron zooplankton)","mmol C m^-3",2.96446339698164e-11
"Greenland",20,28,0.5,"eco2D_Plankton_C_Total","C Biomass - Total","mmol C m^-3",5.17137861251831
"Greenland",20,28,1.5,"eco2D_Plankton_C_Total","C Biomass - Total","mmol C m^-3",4.64942216873169
"Greenland",20,28,4.5,"eco2D_Plankton_C_Total","C Biomass - Total","mmol C m^-3",4.4523549079895
"Greenland",20,28,9.5,"eco2D_Plankton_C_Total","C Biomass - Total","mmol C m^-3",4.64695692062378
"Greenland",20,28,19.5,"eco2D_Plankton_C_Total","C Biomass - Total","mmol C m^-3",5.39623403549194
"Greenland",20,28,49.5,"eco2D_Plankton_C_Total","C Biomass - Total","mmol C m^-3",5.14057207107544
"Greenland",20,28,99.5,"eco2D_Plankton_C_Total","C Biomass - Total","mmol C m^-3",4.41015243530273
"Greenland",20,28,199.5,"eco2D_Plankton_C_Total","C Biomass - Total","mmol C m^-3",3.12610864639282
"Greenland",20,28,499.5,"eco2D_Plankton_C_Total","C Biomass - Total","mmol C m^-3",2.45255875587463
"Greenland",20,28,999.5,"eco2D_Plankton_C_Total","C Biomass - Total","mmol C m^-3",1.95017850399017
"Greenland",20,28,1999.5,"eco2D_Plankton_C_Total","C Biomass - Total","mmol C m^-3",1.35066509246826
"Greenland",20,28,4999.5,"eco2D_Plankton_C_Total","C Biomass - Total","mmol C m^-3",1.33524167537689
"Greenland",20,28,9999.5,"eco2D_Plankton_C_Total","C Biomass - Total","mmol C m^-3",1.33291614055634
"Greenland",20,28,0.5,"eco2D_Uptake_Fluxes_C","Uptake Fluxes C","mmol C m^-3 d^-1",0.827778339385986
"Greenland",20,28,1.5,"eco2D_Uptake_Fluxes_C","Uptake Fluxes C","mmol C m^-3 d^-1",0.807336091995239
"Greenland",20,28,4.5,"eco2D_Uptake_Fluxes_C","Uptake Fluxes C","mmol C m^-3 d^-1",0.815304815769196
"Greenland",20,28,9.5,"eco2D_Uptake_Fluxes_C","Uptake Fluxes C","mmol C m^-3 d^-1",0.860498070716858
"Greenland",20,28,19.5,"eco2D_Uptake_Fluxes_C","Uptake Fluxes C","mmol C m^-3 d^-1",0.928018093109131
"Greenland",20,28,49.5,"eco2D_Uptake_Fluxes_C","Uptake Fluxes C","mmol C m^-3 d^-1",0.906983077526093
"Greenland",20,28,99.5,"eco2D_Uptake_Fluxes_C","Uptake Fluxes C","mmol C m^-3 d^-1",0.817762970924377
"Greenland",20,28,199.5,"eco2D_Uptake_Fluxes_C","Uptake Fluxes C","mmol C m^-3 d^-1",0.561438500881195
"Greenland",20,28,499.5,"eco2D_Uptake_Fluxes_C","Uptake Fluxes C","mmol C m^-3 d^-1",0.399562627077103
"Greenland",20,28,999.5,"eco2D_Uptake_Fluxes_C","Uptake Fluxes C","mmol C m^-3 d^-1",0.278719037771225
"Greenland",20,28,1999.5,"eco2D_Uptake_Fluxes_C","Uptake Fluxes C","mmol C m^-3 d^-1",0.162453338503838
"Greenland",20,28,4999.5,"eco2D_Uptake_Fluxes_C","Uptake Fluxes C","mmol C m^-3 d^-1",0.159545883536339
"Greenland",20,28,9999.5,"eco2D_Uptake_Fluxes_C","Uptake Fluxes C","mmol C m^-3 d^-1",0.159127846360207
"Greenland",20,28,0.5,"eco2D_Plankton_P_001","P Biomass - Popn. #001 (0.60 micron phytoplankton)","mmol P m^-3",0.000370565918274224
"Greenland",20,28,1.5,"eco2D_Plankton_P_001","P Biomass - Popn. #001 (0.60 micron phytoplankton)","mmol P m^-3",0.000392298941733316
"Greenland",20,28,4.5,"eco2D_Plankton_P_001","P Biomass - Popn. #001 (0.60 micron phytoplankton)","mmol P m^-3",0.000418345560319722
"Greenland",20,28,9.5,"eco2D_Plankton_P_001","P Biomass - Popn. #001 (0.60 micron phytoplankton)","mmol P m^-3",0.000428704632213339
"Greenland",20,28,19.5,"eco2D_Plankton_P_001","P Biomass - Popn. #001 (0.60 micron phytoplankton)","mmol P m^-3",0.000442681106505916
"Greenland",20,28,49.5,"eco2D_Plankton_P_001","P Biomass - Popn. #001 (0.60 micron phytoplankton)","mmol P m^-3",0.000446093647042289
"Greenland",20,28,99.5,"eco2D_Plankton_P_001","P Biomass - Popn. #001 (0.60 micron phytoplankton)","mmol P m^-3",0.000446366902906448
"Greenland",20,28,199.5,"eco2D_Plankton_P_001","P Biomass - Popn. #001 (0.60 micron phytoplankton)","mmol P m^-3",0.000470987375592813
"Greenland",20,28,499.5,"eco2D_Plankton_P_001","P Biomass - Popn. #001 (0.60 micron phytoplankton)","mmol P m^-3",0.000497953733429313
"Greenland",20,28,999.5,"eco2D_Plankton_P_001","P Biomass - Popn. #001 (0.60 micron phytoplankton)","mmol P m^-3",0.00053137558279559
"Greenland",20,28,1999.5,"eco2D_Plankton_P_001","P Biomass - Popn. #001 (0.60 micron phytoplankton)","mmol P m^-3",0.000602405751124024
"Greenland",20,28,4999.5,"eco2D_Plankton_P_001","P Biomass - Popn. #001 (0.60 micron phytoplankton)","mmol P m^-3",0.000604173983447254
"Greenland",20,28,9999.5,"eco2D_Plankton_P_001","P Biomass - Popn. #001 (0.60 micron phytoplankton)","mmol P m^-3",0.000604501867201179
"Greenland",20,28,0.5,"eco2D_xGamma_P_001","P Limitation - Popn. #001 (0.60 micron phytoplankton)","mmol P m^-3",0.986738920211792
"Greenland",20,28,1.5,"eco2D_xGamma_P_001","P Limitation - Popn. #001 (0.60 micron phytoplankton)","mmol P m^-3",0.986423552036285
"Greenland",20,28,4.5,"eco2D_xGamma_P_001","P Limitation - Popn. #001 (0.60 micron phytoplankton)","mmol P m^-3",0.986454665660858
"Greenland",20,28,9.5,"eco2D_xGamma_P_001","P Limitation - Popn. #001 (0.60 micron phytoplankton)","mmol P m^-3",0.986572980880737
"Greenland",20,28,19.5,"eco2D_xGamma_P_001","P Limitation - Popn. #001 (0.60 micron phytoplankton)","mmol P m^-3",0.987057864665985
"Greenland",20,28,49.5,"eco2D_xGamma_P_001","P Limitation - Popn. #001 (0.60 micron phytoplankton)","mmol P m^-3",0.986894845962524
"Greenland",20,28,99.5,"eco2D_xGamma_P_001","P Limitation - Popn. #001 (0.60 micron phytoplankton)","mmol P m^-3",0.986553132534027
"Greenland",20,28,199.5,"eco2D_xGamma_P_001","P Limitation - Popn. #001 (0.60 micron phytoplankton)","mmol P m^-3",0.98305344581604
"Greenland",20,28,499.5,"eco2D_xGamma_P_001","P Limitation - Popn. #001 (0.60 micron phytoplankton)","mmol P m^-3",0.976485550403595
"Greenland",20,28,999.5,"eco2D_xGamma_P_001","P Limitation - Popn. #001 (0.60 micron phytoplankton)","mmol P m^-3",0.965815186500549
"Greenland",20,28,1999.5,"eco2D_xGamma_P_001","P Limitation - Popn. #001 (0.60 micron phytoplankton)","mmol P m^-3",0.937631368637085
"Greenland",20,28,4999.5,"eco2D_xGamma_P_001","P Limitation - Popn. #001 (0.60 micron phytoplankton)","mmol P m^-3",0.936388552188873
"Greenland",20,28,9999.5,"eco2D_xGamma_P_001","P Limitation - Popn. #001 (0.60 micron phytoplankton)","mmol P m^-3",0.936198592185974
"Greenland",20,28,0.5,"eco2D_Plankton_P_002","P Biomass - Popn. #002 (1.90 micron phytoplankton)","mmol P m^-3",0.00192976661492139
"Greenland",20,28,1.5,"eco2D_Plankton_P_002","P Biomass - Popn. #002 (1.90 micron phytoplankton)","mmol P m^-3",0.00195301615167409
"Greenland",20,28,4.5,"eco2D_Plankton_P_002","P Biomass - Popn. #002 (1.90 micron phytoplankton)","mmol P m^-3",0.00192344677634537
"Greenland",20,28,9.5,"eco2D_Plankton_P_002","P Biomass - Popn. #002 (1.90 micron phytoplankton)","mmol P m^-3",0.0018960137385875
"Greenland",20,28,19.5,"eco2D_Plankton_P_002","P Biomass - Popn. #002 (1.90 micron phytoplankton)","mmol P m^-3",0.00186619081068784
"Greenland",20,28,49.5,"eco2D_Plankton_P_002","P Biomass - Popn. #002 (1.90 micron phytoplankton)","mmol P m^-3",0.00187952746637166
"Greenland",20,28,99.5,"eco2D_Plankton_P_002","P Biomass - Popn. #002 (1.90 micron phytoplankton)","mmol P m^-3",0.00186286156531423
"Greenland",20,28,199.5,"eco2D_Plankton_P_002","P Biomass - Popn. #002 (1.90 micron phytoplankton)","mmol P m^-3",0.00182427384424955
"Greenland",20,28,499.5,"eco2D_Plankton_P_002","P Biomass - Popn. #002 (1.90 micron phytoplankton)","mmol P m^-3",0.00174408208113164
"Greenland",20,28,999.5,"eco2D_Plankton_P_002","P Biomass - Popn. #002 (1.90 micron phytoplankton)","mmol P m^-3",0.00160720129497349
"Greenland",20,28,1999.5,"eco2D_Plankton_P_002","P Biomass - Popn. #002 (1.90 micron phytoplankton)","mmol P m^-3",0.00133169419132173
"Greenland",20,28,4999.5,"eco2D_Plankton_P_002","P Biomass - Popn. #002 (1.90 micron phytoplankton)","mmol P m^-3",0.00132193427998573
"Greenland",20,28,9999.5,"eco2D_Plankton_P_002","P Biomass - Popn. #002 (1.90 micron phytoplankton)","mmol P m^-3",0.00132029817905277
"Greenland",20,28,0.5,"eco2D_xGamma_P_002","P Limitation - Popn. #002 (1.90 micron phytoplankton)","mmol P m^-3",0.957368493080139
"Greenland",20,28,1.5,"eco2D_xGamma_P_002","P Limitation - Popn. #002 (1.90 micron phytoplankton)","mmol P m^-3",0.952990472316742
"Greenland",20,28,4.5,"eco2D_xGamma_P_002","P Limitation - Popn. #002 (1.90 micron phytoplankton)","mmol P m^-3",0.95413738489151
"Greenland",20,28,9.5,"eco2D_xGamma_P_002","P Limitation - Popn. #002 (1.90 micron phytoplankton)","mmol P m^-3",0.955487728118896
"Greenland",20,28,19.5,"eco2D_xGamma_P_002","P Limitation - Popn. #002 (1.90 micron phytoplankton)","mmol P m^-3",0.960059642791748
"Greenland",20,28,49.5,"eco2D_xGamma_P_002","P Limitation - Popn. #002 (1.90 micron phytoplankton)","mmol P m^-3",0.956260621547699
"Greenland",20,28,99.5,"eco2D_xGamma_P_002","P Limitation - Popn. #002 (1.90 micron phytoplankton)","mmol P m^-3",0.959412217140198
"Greenland",20,28,199.5,"eco2D_xGamma_P_002","P Limitation - Popn. #002 (1.90 micron phytoplankton)","mmol P m^-3",0.918171525001526
"Greenland",20,28,499.5,"eco2D_xGamma_P_002","P Limitation - Popn. #002 (1.90 micron phytoplankton)","mmol P m^-3",0.855440557003021
"Greenland",20,28,999.5,"eco2D_xGamma_P_002","P Limitation - Popn. #002 (1.90 micron phytoplankton)","mmol P m^-3",0.766157686710358
"Greenland",20,28,1999.5,"eco2D_xGamma_P_002","P Limitation - Popn. #002 (1.90 micron phytoplankton)","mmol P m^-3",0.593559324741364
"Greenland",20,28,4999.5,"eco2D_xGamma_P_002","P Limitation - Popn. #002 (1.90 micron phytoplankton)","mmol P m^-3",0.587259531021118
"Greenland",20,28,9999.5,"eco2D_xGamma_P_002","P Limitation - Popn. #002 (1.90 micron phytoplankton)","mmol P m^-3",0.586360573768616
"Greenland",20,28,0.5,"eco2D_Plankton_P_003","P Biomass - Popn. #003 (6.00 micron phytoplankton)","mmol P m^-3",0.00430554850026965
"Greenland",20,28,1.5,"eco2D_Plankton_P_003","P Biomass - Popn. #003 (6.00 micron phytoplankton)","mmol P m^-3",0.00399867910891771
"Greenland",20,28,4.5,"eco2D_Plankton_P_003","P Biomass - Popn. #003 (6.00 micron phytoplankton)","mmol P m^-3",0.00383385317400098
"Greenland",20,28,9.5,"eco2D_Plankton_P_003","P Biomass - Popn. #003 (6.00 micron phytoplankton)","mmol P m^-3",0.00392079586163163
"Greenland",20,28,19.5,"eco2D_Plankton_P_003","P Biomass - Popn. #003 (6.00 micron phytoplankton)","mmol P m^-3",0.00400500372052193
"Greenland",20,28,49.5,"eco2D_Plankton_P_003","P Biomass - Popn. #003 (6.00 micron phytoplankton)","mmol P m^-3",0.00389738450758159
"Greenland",20,28,99.5,"eco2D_Plankton_P_003","P Biomass - Popn. #003 (6.00 micron phytoplankton)","mmol P m^-3",0.00366538716480136
"Greenland",20,28,199.5,"eco2D_Plankton_P_003","P Biomass - Popn. #003 (6.00 micron phytoplankton)","mmol P m^-3",0.00267499824985862
"Greenland",20,28,499.5,"eco2D_Plankton_P_003","P Biomass - Popn. #003 (6.00 micron phytoplankton)","mmol P m^-3",0.00204267050139606
"Greenland",20,28,999.5,"eco2D_Plankton_P_003","P Biomass - Popn. #003 (6.00 micron phytoplankton)","mmol P m^-3",0.00155071693006903
"Greenland",20,28,1999.5,"eco2D_Plankton_P_003","P Biomass - Popn. #003 (6.00 micron phytoplankton)","mmol P m^-3",0.00101687060669065
"Greenland",20,28,4999.5,"eco2D_Plankton_P_003","P Biomass - Popn. #003 (6.00 micron phytoplankton)","mmol P m^-3",0.00100249738898128
"Greenland",20,28,9999.5,"eco2D_Plankton_P_003","P Biomass - Popn. #003 (6.00 micron phytoplankton)","mmol P m^-3",0.00100020528770983
"Greenland",20,28,0.5,"eco2D_xGamma_P_003","P Limitation - Popn. #003 (6.00 micron phytoplankton)","mmol P m^-3",0.919627368450165
"Greenland",20,28,1.5,"eco2D_xGamma_P_003","P Limitation - Popn. #003 (6.00 micron phytoplankton)","mmol P m^-3",0.902242720127106
"Greenland",20,28,4.5,"eco2D_xGamma_P_003","P Limitation - Popn. #003 (6.00 micron phytoplankton)","mmol P m^-3",0.897645473480225
"Greenland",20,28,9.5,"eco2D_xGamma_P_003","P Limitation - Popn. #003 (6.00 micron phytoplankton)","mmol P m^-3",0.924110293388367
"Greenland",20,28,19.5,"eco2D_xGamma_P_003","P Limitation - Popn. #003 (6.00 micron phytoplankton)","mmol P m^-3",0.943002462387085
"Greenland",20,28,49.5,"eco2D_xGamma_P_003","P Limitation - Popn. #003 (6.00 micron phytoplankton)","mmol P m^-3",0.940101802349091
"Greenland",20,28,99.5,"eco2D_xGamma_P_003","P Limitation - Popn. #003 (6.00 micron phytoplankton)","mmol P m^-3",0.917765378952026
"Greenland",20,28,199.5,"eco2D_xGamma_P_003","P Limitation - Popn. #003 (6.00 micron phytoplankton)","mmol P m^-3",0.756671547889709
"Greenland",20,28,499.5,"eco2D_xGamma_P_003","P Limitation - Popn. #003 (6.00 micron phytoplankton)","mmol P m^-3",0.568549931049347
"Greenland",20,28,999.5,"eco2D_xGamma_P_003","P Limitation - Popn. #003 (6.00 micron phytoplankton)","mmol P m^-3",0.393367439508438
"Greenland",20,28,1999.5,"eco2D_xGamma_P_003","P Limitation - Popn. #003 (6.00 micron phytoplankton)","mmol P m^-3",0.221471220254898
"Greenland",20,28,4999.5,"eco2D_xGamma_P_003","P Limitation - Popn. #003 (6.00 micron phytoplankton)","mmol P m^-3",0.21731661260128
"Greenland",20,28,9999.5,"eco2D_xGamma_P_003","P Limitation - Popn. #003 (6.00 micron phytoplankton)","mmol P m^-3",0.216839611530304
"Greenland",20,28,0.5,"eco2D_Plankton_P_004","P Biomass - Popn. #004 (19.00 micron phytoplankton)","mmol P m^-3",0.00396655173972249
"Greenland",20,28,1.5,"eco2D_Plankton_P_004","P Biomass - Popn. #004 (19.00 micron phytoplankton)","mmol P m^-3",0.00356498616747558
"Greenland",20,28,4.5,"eco2D_Plankton_P_004","P Biomass - Popn. #004 (19.00 micron phytoplankton)","mmol P m^-3",0.00335905700922012
"Greenland",20,28,9.5,"eco2D_Plankton_P_004","P Biomass - Popn. #004 (19.00 micron phytoplankton)","mmol P m^-3",0.00350067717954516
"Greenland",20,28,19.5,"eco2D_Plankton_P_004","P Biomass - Popn. #004 (19.00 micron phytoplankton)","mmol P m^-3",0.00362958409823477
"Greenland",20,28,49.5,"eco2D_Plankton_P_004","P Biomass - Popn. #004 (19.00 micron phytoplankton)","mmol P m^-3",0.00353437080048025
"Greenland",20,28,99.5,"eco2D_Plankton_P_004","P Biomass - Popn. #004 (19.00 micron phytoplankton)","mmol P m^-3",0.00324120954610407
"Greenland",20,28,199.5,"eco2D_Plankton_P_004","P Biomass - Popn. #004 (19.00 micron phytoplankton)","mmol P m^-3",0.00199812580831349
"Greenland",20,28,499.5,"eco2D_Plankton_P_004","P Biomass - Popn. #004 (19.00 micron phytoplankton)","mmol P m^-3",0.00136547838337719
"Greenland",20,28,999.5,"eco2D_Plankton_P_004","P Biomass - Popn. #004 (19.00 micron phytoplankton)","mmol P m^-3",0.000942852639127523
"Greenland",20,28,1999.5,"eco2D_Plankton_P_004","P Biomass - Popn. #004 (19.00 micron phytoplankton)","mmol P m^-3",0.000502643757499754
"Greenland",20,28,4999.5,"eco2D_Plankton_P_004","P Biomass - Popn. #004 (19.00 micron phytoplankton)","mmol P m^-3",0.000489745871163905
"Greenland",20,28,9999.5,"eco2D_Plankton_P_004","P Biomass - Popn. #004 (19.00 micron phytoplankton)","mmol P m^-3",0.000487906800117344
"Greenland",20,28,0.5,"eco2D_xGamma_P_004","P Limitation - Popn. #004 (19.00 micron phytoplankton)","mmol P m^-3",0.937644600868225
"Greenland",20,28,1.5,"eco2D_xGamma_P_004","P Limitation - Popn. #004 (19.00 micron phytoplankton)","mmol P m^-3",0.892867803573608
"Greenland",20,28,4.5,"eco2D_xGamma_P_004","P Limitation - Popn. #004 (19.00 micron phytoplankton)","mmol P m^-3",0.889362871646881
"Greenland",20,28,9.5,"eco2D_xGamma_P_004","P Limitation - Popn. #004 (19.00 micron phytoplankton)","mmol P m^-3",0.927378177642822
"Greenland",20,28,19.5,"eco2D_xGamma_P_004","P Limitation - Popn. #004 (19.00 micron phytoplankton)","mmol P m^-3",0.948289453983307
"Greenland",20,28,49.5,"eco2D_xGamma_P_004","P Limitation - Popn. #004 (19.00 micron phytoplankton)","mmol P m^-3",0.943560838699341
"Greenland",20,28,99.5,"eco2D_xGamma_P_004","P Limitation - Popn. #004 (19.00 micron phytoplankton)","mmol P m^-3",0.907188177108765
"Greenland",20,28,199.5,"eco2D_xGamma_P_004","P Limitation - Popn. #004 (19.00 micron phytoplankton)","mmol P m^-3",0.628323376178741
"Greenland",20,28,499.5,"eco2D_xGamma_P_004","P Limitation - Popn. #004 (19.00 micron phytoplankton)","mmol P m^-3",0.423226356506348
"Greenland",20,28,999.5,"eco2D_xGamma_P_004","P Limitation - Popn. #004 (19.00 micron phytoplankton)","mmol P m^-3",0.283579140901566
"Greenland",20,28,1999.5,"eco2D_xGamma_P_004","P Limitation - Popn. #004 (19.00 micron phytoplankton)","mmol P m^-3",0.160511448979378
"Greenland",20,28,4999.5,"eco2D_xGamma_P_004","P Limitation - Popn. #004 (19.00 micron phytoplankton)","mmol P m^-3",0.157423034310341
"Greenland",20,28,9999.5,"eco2D_xGamma_P_004","P Limitation - Popn. #004 (19.00 micron phytoplankton)","mmol P m^-3",0.157012343406677
"Greenland",20,28,0.5,"eco2D_Plankton_P_005","P Biomass - Popn. #005 (60.00 micron phytoplankton)","mmol P m^-3",0.00333476881496608
"Greenland",20,28,1.5,"eco2D_Plankton_P_005","P Biomass - Popn. #005 (60.00 micron phytoplankton)","mmol P m^-3",0.00267789606004953
"Greenland",20,28,4.5,"eco2D_Plankton_P_005","P Biomass - Popn. #005 (60.00 micron phytoplankton)","mmol P m^-3",0.00252329418435693
"Greenland",20,28,9.5,"eco2D_Plankton_P_005","P Biomass - Popn. #005 (60.00 micron phytoplankton)","mmol P m^-3",0.00286559574306011
"Greenland",20,28,19.5,"eco2D_Plankton_P_005","P Biomass - Popn. #005 (60.00 micron phytoplankton)","mmol P m^-3",0.00305456249043345
"Greenland",20,28,49.5,"eco2D_Plankton_P_005","P Biomass - Popn. #005 (60.00 micron phytoplankton)","mmol P m^-3",0.00295801251195371
"Greenland",20,28,99.5,"eco2D_Plankton_P_005","P Biomass - Popn. #005 (60.00 micron phytoplankton)","mmol P m^-3",0.00257724826224148
"Greenland",20,28,199.5,"eco2D_Plankton_P_005","P Biomass - Popn. #005 (60.00 micron phytoplankton)","mmol P m^-3",0.00134194968268275
"Greenland",20,28,499.5,"eco2D_Plankton_P_005","P Biomass - Popn. #005 (60.00 micron phytoplankton)","mmol P m^-3",0.000811670033726841
"Greenland",20,28,999.5,"eco2D_Plankton_P_005","P Biomass - Popn. #005 (60.00 micron phytoplankton)","mmol P m^-3",0.000412125722505152
"Greenland",20,28,1999.5,"eco2D_Plankton_P_005","P Biomass - Popn. #005 (60.00 micron phytoplankton)","mmol P m^-3",1.05764183899737e-06
"Greenland",20,28,4999.5,"eco2D_Plankton_P_005","P Biomass - Popn. #005 (60.00 micron phytoplankton)","mmol P m^-3",1.05605052480584e-10
"Greenland",20,28,9999.5,"eco2D_Plankton_P_005","P Biomass - Popn. #005 (60.00 micron phytoplankton)","mmol P m^-3",9.80278289097747e-11
"Greenland",20,28,0.5,"eco2D_xGamma_P_005","P Limitation - Popn. #005 (60.00 micron phytoplankton)","mmol P m^-3",0.923770487308502
"Greenland",20,28,1.5,"eco2D_xGamma_P_005","P Limitation - Popn. #005 (60.00 micron phytoplankton)","mmol P m^-3",0.84123831987381
"Greenland",20,28,4.5,"eco2D_xGamma_P_005","P Limitation - Popn. #005 (60.00 micron phytoplankton)","mmol P m^-3",0.831086277961731
"Greenland",20,28,9.5,"eco2D_xGamma_P_005","P Limitation - Popn. #005 (60.00 micron phytoplankton)","mmol P m^-3",0.897803664207458
"Greenland",20,28,19.5,"eco2D_xGamma_P_005","P Limitation - Popn. #005 (60.00 micron phytoplankton)","mmol P m^-3",0.946707665920258
"Greenland",20,28,49.5,"eco2D_xGamma_P_005","P Limitation - Popn. #005 (60.00 micron phytoplankton)","mmol P m^-3",0.9328493475914
"Greenland",20,28,99.5,"eco2D_xGamma_P_005","P Limitation - Popn. #005 (60.00 micron phytoplankton)","mmol P m^-3",0.860189378261566
"Greenland",20,28,199.5,"eco2D_xGamma_P_005","P Limitation - Popn. #005 (60.00 micron phytoplankton)","mmol P m^-3",0.50601202249527
"Greenland",20,28,499.5,"eco2D_xGamma_P_005","P Limitation - Popn. #005 (60.00 micron phytoplankton)","mmol P m^-3",0.32994532585144
"Greenland",20,28,999.5,"eco2D_xGamma_P_005","P Limitation - Popn. #005 (60.00 micron phytoplankton)","mmol P m^-3",0.218746140599251
"Greenland",20,28,1999.5,"eco2D_xGamma_P_005","P Limitation - Popn. #005 (60.00 micron phytoplankton)","mmol P m^-3",0.118081331253052
"Greenland",20,28,4999.5,"eco2D_xGamma_P_005","P Limitation - Popn. #005 (60.00 micron phytoplankton)","mmol P m^-3",0.11547739803791
"Greenland",20,28,9999.5,"eco2D_xGamma_P_005","P Limitation - Popn. #005 (60.00 micron phytoplankton)","mmol P m^-3",0.115101523697376
"Greenland",20,28,0.5,"eco2D_Plankton_P_006","P Biomass - Popn. #006 (190.00 micron phytoplankton)","mmol P m^-3",0.00310386251658201
"Greenland",20,28,1.5,"eco2D_Plankton_P_006","P Biomass - Popn. #006 (190.00 micron phytoplankton)","mmol P m^-3",0.00199390901252627
"Greenland",20,28,4.5,"eco2D_Plankton_P_006","P Biomass - Popn. #006 (190.00 micron phytoplankton)","mmol P m^-3",0.00184940837789327
"Greenland",20,28,9.5,"eco2D_Plankton_P_006","P Biomass - Popn. #006 (190.00 micron phytoplankton)","mmol P m^-3",0.00241634738631546
"Greenland",20,28,19.5,"eco2D_Plankton_P_006","P Biomass - Popn. #006 (190.00 micron phytoplankton)","mmol P m^-3",0.00292576593346894
"Greenland",20,28,49.5,"eco2D_Plankton_P_006","P Biomass - Popn. #006 (190.00 micron phytoplankton)","mmol P m^-3",0.0027316000778228
"Greenland",20,28,99.5,"eco2D_Plankton_P_006","P Biomass - Popn. #006 (190.00 micron phytoplankton)","mmol P m^-3",0.00210914085619152
"Greenland",20,28,199.5,"eco2D_Plankton_P_006","P Biomass - Popn. #006 (190.00 micron phytoplankton)","mmol P m^-3",0.00081743038026616
"Greenland",20,28,499.5,"eco2D_Plankton_P_006","P Biomass - Popn. #006 (190.00 micron phytoplankton)","mmol P m^-3",0.000171446386957541
"Greenland",20,28,999.5,"eco2D_Plankton_P_006","P Biomass - Popn. #006 (190.00 micron phytoplankton)","mmol P m^-3",5.50110174427076e-12
"Greenland",20,28,1999.5,"eco2D_Plankton_P_006","P Biomass - Popn. #006 (190.00 micron phytoplankton)","mmol P m^-3",2.14662556935648e-13
"Greenland",20,28,4999.5,"eco2D_Plankton_P_006","P Biomass - Popn. #006 (190.00 micron phytoplankton)","mmol P m^-3",2.03305674704134e-13
"Greenland",20,28,9999.5,"eco2D_Plankton_P_006","P Biomass - Popn. #006 (190.00 micron phytoplankton)","mmol P m^-3",2.0186153096291e-13
"Greenland",20,28,0.5,"eco2D_xGamma_P_006","P Limitation - Popn. #006 (190.00 micron phytoplankton)","mmol P m^-3",0.864691317081451
"Greenland",20,28,1.5,"eco2D_xGamma_P_006","P Limitation - Popn. #006 (190.00 micron phytoplankton)","mmol P m^-3",0.717899680137634
"Greenland",20,28,4.5,"eco2D_xGamma_P_006","P Limitation - Popn. #006 (190.00 micron phytoplankton)","mmol P m^-3",0.698122382164001
"Greenland",20,28,9.5,"eco2D_xGamma_P_006","P Limitation - Popn. #006 (190.00 micron phytoplankton)","mmol P m^-3",0.810727834701538
"Greenland",20,28,19.5,"eco2D_xGamma_P_006","P Limitation - Popn. #006 (190.00 micron phytoplankton)","mmol P m^-3",0.905586421489716
"Greenland",20,28,49.5,"eco2D_xGamma_P_006","P Limitation - Popn. #006 (190.00 micron phytoplankton)","mmol P m^-3",0.876927971839905
"Greenland",20,28,99.5,"eco2D_xGamma_P_006","P Limitation - Popn. #006 (190.00 micron phytoplankton)","mmol P m^-3",0.746741414070129
"Greenland",20,28,199.5,"eco2D_xGamma_P_006","P Limitation - Popn. #006 (190.00 micron phytoplankton)","mmol P m^-3",0.370871633291245
"Greenland",20,28,499.5,"eco2D_xGamma_P_006","P Limitation - Popn. #006 (190.00 micron phytoplankton)","mmol P m^-3",0.231640532612801
"Greenland",20,28,999.5,"eco2D_xGamma_P_006","P Limitation - Popn. #006 (190.00 micron phytoplankton)","mmol P m^-3",0.146224707365036
"Greenland",20,28,1999.5,"eco2D_xGamma_P_006","P Limitation - Popn. #006 (190.00 micron phytoplankton)","mmol P m^-3",0.0711759105324745
"Greenland",20,28,4999.5,"eco2D_xGamma_P_006","P Limitation - Popn. #006 (190.00 micron phytoplankton)","mmol P m^-3",0.0693338066339493
"Greenland",20,28,9999.5,"eco2D_xGamma_P_006","P Limitation - Popn. #006 (190.00 micron phytoplankton)","mmol P m^-3",0.0690607130527496
"Greenland",20,28,0.5,"eco2D_Plankton_P_007","P Biomass - Popn. #007 (600.00 micron phytoplankton)","mmol P m^-3",0.00294249947182834
"Greenland",20,28,1.5,"eco2D_Plankton_P_007","P Biomass - Popn. #007 (600.00 micron phytoplankton)","mmol P m^-3",0.00131762051023543
"Greenland",20,28,4.5,"eco2D_Plankton_P_007","P Biomass - Popn. #007 (600.00 micron phytoplankton)","mmol P m^-3",0.00116448639892042
"Greenland",20,28,9.5,"eco2D_Plankton_P_007","P Biomass - Popn. #007 (600.00 micron phytoplankton)","mmol P m^-3",0.00205572717823088
"Greenland",20,28,19.5,"eco2D_Plankton_P_007","P Biomass - Popn. #007 (600.00 micron phytoplankton)","mmol P m^-3",0.00323217222467065
"Greenland",20,28,49.5,"eco2D_Plankton_P_007","P Biomass - Popn. #007 (600.00 micron phytoplankton)","mmol P m^-3",0.00281220232136548
"Greenland",20,28,99.5,"eco2D_Plankton_P_007","P Biomass - Popn. #007 (600.00 micron phytoplankton)","mmol P m^-3",0.00172085082158446
"Greenland",20,28,199.5,"eco2D_Plankton_P_007","P Biomass - Popn. #007 (600.00 micron phytoplankton)","mmol P m^-3",1.40755787469971e-06
"Greenland",20,28,499.5,"eco2D_Plankton_P_007","P Biomass - Popn. #007 (600.00 micron phytoplankton)","mmol P m^-3",5.29997053189124e-13
"Greenland",20,28,999.5,"eco2D_Plankton_P_007","P Biomass - Popn. #007 (600.00 micron phytoplankton)","mmol P m^-3",1.42614151282631e-13
"Greenland",20,28,1999.5,"eco2D_Plankton_P_007","P Biomass - Popn. #007 (600.00 micron phytoplankton)","mmol P m^-3",4.92643611722885e-14
"Greenland",20,28,4999.5,"eco2D_Plankton_P_007","P Biomass - Popn. #007 (600.00 micron phytoplankton)","mmol P m^-3",4.76346562292441e-14
"Greenland",20,28,9999.5,"eco2D_Plankton_P_007","P Biomass - Popn. #007 (600.00 micron phytoplankton)","mmol P m^-3",4.74202688021622e-14
"Greenland",20,28,0.5,"eco2D_xGamma_P_007","P Limitation - Popn. #007 (600.00 micron phytoplankton)","mmol P m^-3",0.731577694416046
"Greenland",20,28,1.5,"eco2D_xGamma_P_007","P Limitation - Popn. #007 (600.00 micron phytoplankton)","mmol P m^-3",0.51322466135025
"Greenland",20,28,4.5,"eco2D_xGamma_P_007","P Limitation - Popn. #007 (600.00 micron phytoplankton)","mmol P m^-3",0.484068334102631
"Greenland",20,28,9.5,"eco2D_xGamma_P_007","P Limitation - Popn. #007 (600.00 micron phytoplankton)","mmol P m^-3",0.635979831218719
"Greenland",20,28,19.5,"eco2D_xGamma_P_007","P Limitation - Popn. #007 (600.00 micron phytoplankton)","mmol P m^-3",0.802570223808289
"Greenland",20,28,49.5,"eco2D_xGamma_P_007","P Limitation - Popn. #007 (600.00 micron phytoplankton)","mmol P m^-3",0.748759925365448
"Greenland",20,28,99.5,"eco2D_xGamma_P_007","P Limitation - Popn. #007 (600.00 micron phytoplankton)","mmol P m^-3",0.558700442314148
"Greenland",20,28,199.5,"eco2D_xGamma_P_007","P Limitation - Popn. #007 (600.00 micron phytoplankton)","mmol P m^-3",0.237974360585213
"Greenland",20,28,499.5,"eco2D_xGamma_P_007","P Limitation - Popn. #007 (600.00 micron phytoplankton)","mmol P m^-3",0.138146460056305
"Greenland",20,28,999.5,"eco2D_xGamma_P_007","P Limitation - Popn. #007 (600.00 micron phytoplankton)","mmol P m^-3",0.0804616585373878
"Greenland",20,28,1999.5,"eco2D_xGamma_P_007","P Limitation - Popn. #007 (600.00 micron phytoplankton)","mmol P m^-3",0.0349390618503094
"Greenland",20,28,4999.5,"eco2D_xGamma_P_007","P Limitation - Popn. #007 (600.00 micron phytoplankton)","mmol P m^-3",0.0339076519012451
"Greenland",20,28,9999.5,"eco2D_xGamma_P_007","P Limitation - Popn. #007 (600.00 micron phytoplankton)","mmol P m^-3",0.0337544344365597
"Greenland",20,28,0.5,"eco2D_Plankton_P_008","P Biomass - Popn. #008 (1900.00 micron phytoplankton)","mmol P m^-3",0.00133059243671596
"Greenland",20,28,1.5,"eco2D_Plankton_P_008","P Biomass - Popn. #008 (1900.00 micron phytoplankton)","mmol P m^-3",0.000178443646291271
"Greenland",20,28,4.5,"eco2D_Plankton_P_008","P Biomass - Popn. #008 (1900.00 micron phytoplankton)","mmol P m^-3",9.11413583493115e-11
"Greenland",20,28,9.5,"eco2D_Plankton_P_008","P Biomass - Popn. #008 (1900.00 micron phytoplankton)","mmol P m^-3",5.97661742318678e-09
"Greenland",20,28,19.5,"eco2D_Plankton_P_008","P Biomass - Popn. #008 (1900.00 micron phytoplankton)","mmol P m^-3",0.00365490722469985
"Greenland",20,28,49.5,"eco2D_Plankton_P_008","P Biomass - Popn. #008 (1900.00 micron phytoplankton)","mmol P m^-3",0.00265353522263467
"Greenland",20,28,99.5,"eco2D_Plankton_P_008","P Biomass - Popn. #008 (1900.00 micron phytoplankton)","mmol P m^-3",0.000338060955982655
"Greenland",20,28,199.5,"eco2D_Plankton_P_008","P Biomass - Popn. #008 (1900.00 micron phytoplankton)","mmol P m^-3",2.19024546221046e-13
"Greenland",20,28,499.5,"eco2D_Plankton_P_008","P Biomass - Popn. #008 (1900.00 micron phytoplankton)","mmol P m^-3",8.20330877337148e-14
"Greenland",20,28,999.5,"eco2D_Plankton_P_008","P Biomass - Popn. #008 (1900.00 micron phytoplankton)","mmol P m^-3",3.80179794709414e-14
"Greenland",20,28,1999.5,"eco2D_Plankton_P_008","P Biomass - Popn. #008 (1900.00 micron phytoplankton)","mmol P m^-3",1.46930333026242e-14
"Greenland",20,28,4999.5,"eco2D_Plankton_P_008","P Biomass - Popn. #008 (1900.00 micron phytoplankton)","mmol P m^-3",1.42188811994102e-14
"Greenland",20,28,9999.5,"eco2D_Plankton_P_008","P Biomass - Popn. #008 (1900.00 micron phytoplankton)","mmol P m^-3",1.41561473982377e-14
"Greenland",20,28,0.5,"eco2D_xGamma_P_008","P Limitation - Popn. #008 (1900.00 micron phytoplankton)","mmol P m^-3",0.511961042881012
"Greenland",20,28,1.5,"eco2D_xGamma_P_008","P Limitation - Popn. #008 (1900.00 micron phytoplankton)","mmol P m^-3",0.288119465112686
"Greenland",20,28,4.5,"eco2D_xGamma_P_008","P Limitation - Popn. #008 (1900.00 micron phytoplankton)","mmol P m^-3",0.260397404432297
"Greenland",20,28,9.5,"eco2D_xGamma_P_008","P Limitation - Popn. #008 (1900.00 micron phytoplankton)","mmol P m^-3",0.392154604196548
"Greenland",20,28,19.5,"eco2D_xGamma_P_008","P Limitation - Popn. #008 (1900.00 micron phytoplankton)","mmol P m^-3",0.604735851287842
"Greenland",20,28,49.5,"eco2D_xGamma_P_008","P Limitation - Popn. #008 (1900.00 micron phytoplankton)","mmol P m^-3",0.530052959918976
"Greenland",20,28,99.5,"eco2D_xGamma_P_008","P Limitation - Popn. #008 (1900.00 micron phytoplankton)","mmol P m^-3",0.34105259180069
"Greenland",20,28,199.5,"eco2D_xGamma_P_008","P Limitation - Popn. #008 (1900.00 micron phytoplankton)","mmol P m^-3",0.126582726836205
"Greenland",20,28,499.5,"eco2D_xGamma_P_008","P Limitation - Popn. #008 (1900.00 micron phytoplankton)","mmol P m^-3",0.0674740597605705
"Greenland",20,28,999.5,"eco2D_xGamma_P_008","P Limitation - Popn. #008 (1900.00 micron phytoplankton)","mmol P m^-3",0.0362910889089108
"Greenland",20,28,1999.5,"eco2D_xGamma_P_008","P Limitation - Popn. #008 (1900.00 micron phytoplankton)","mmol P m^-3",0.014570047147572
"Greenland",20,28,4999.5,"eco2D_xGamma_P_008","P Limitation - Popn. #008 (1900.00 micron phytoplankton)","mmol P m^-3",0.0141226528212428
"Greenland",20,28,9999.5,"eco2D_xGamma_P_008","P Limitation - Popn. #008 (1900.00 micron phytoplankton)","mmol P m^-3",0.014056078158319
"Greenland",20,28,0.5,"eco2D_Plankton_P_009","P Biomass - Popn. #009 (0.60 micron zooplankton)","mmol P m^-3",1.58686798386043e-05
"Greenland",20,28,1.5,"eco2D_Plankton_P_009","P Biomass - Popn. #009 (0.60 micron zooplankton)","mmol P m^-3",3.1203835959559e-08
"Greenland",20,28,4.5,"eco2D_Plankton_P_009","P Biomass - Popn. #009 (0.60 micron zooplankton)","mmol P m^-3",1.22609225289977e-12
"Greenland",20,28,9.5,"eco2D_Plankton_P_009","P Biomass - Popn. #009 (0.60 micron zooplankton)","mmol P m^-3",1.24493048248714e-12
"Greenland",20,28,19.5,"eco2D_Plankton_P_009","P Biomass - Popn. #009 (0.60 micron zooplankton)","mmol P m^-3",1.19736219637151e-12
"Greenland",20,28,49.5,"eco2D_Plankton_P_009","P Biomass - Popn. #009 (0.60 micron zooplankton)","mmol P m^-3",1.25768124213665e-12
"Greenland",20,28,99.5,"eco2D_Plankton_P_009","P Biomass - Popn. #009 (0.60 micron zooplankton)","mmol P m^-3",1.34220640244515e-12
"Greenland",20,28,199.5,"eco2D_Plankton_P_009","P Biomass - Popn. #009 (0.60 micron zooplankton)","mmol P m^-3",1.3300777580022e-12
"Greenland",20,28,499.5,"eco2D_Plankton_P_009","P Biomass - Popn. #009 (0.60 micron zooplankton)","mmol P m^-3",1.10689745130149e-12
"Greenland",20,28,999.5,"eco2D_Plankton_P_009","P Biomass - Popn. #009 (0.60 micron zooplankton)","mmol P m^-3",8.36605199179552e-13
"Greenland",20,28,1999.5,"eco2D_Plankton_P_009","P Biomass - Popn. #009 (0.60 micron zooplankton)","mmol P m^-3",6.50200162807812e-13
"Greenland",20,28,4999.5,"eco2D_Plankton_P_009","P Biomass - Popn. #009 (0.60 micron zooplankton)","mmol P m^-3",6.42632811114624e-13
"Greenland",20,28,9999.5,"eco2D_Plankton_P_009","P Biomass - Popn. #009 (0.60 micron zooplankton)","mmol P m^-3",6.41864762295635e-13
"Greenland",20,28,0.5,"eco2D_Plankton_P_010","P Biomass - Popn. #010 (1.90 micron zooplankton)","mmol P m^-3",0.000299161678412929
"Greenland",20,28,1.5,"eco2D_Plankton_P_010","P Biomass - Popn. #010 (1.90 micron zooplankton)","mmol P m^-3",0.000304184795822948
"Greenland",20,28,4.5,"eco2D_Plankton_P_010","P Biomass - Popn. #010 (1.90 micron zooplankton)","mmol P m^-3",0.000302946078591049
"Greenland",20,28,9.5,"eco2D_Plankton_P_010","P Biomass - Popn. #010 (1.90 micron zooplankton)","mmol P m^-3",0.000292997399810702
"Greenland",20,28,19.5,"eco2D_Plankton_P_010","P Biomass - Popn. #010 (1.90 micron zooplankton)","mmol P m^-3",0.000276792910881341
"Greenland",20,28,49.5,"eco2D_Plankton_P_010","P Biomass - Popn. #010 (1.90 micron zooplankton)","mmol P m^-3",0.000277210696367547
"Greenland",20,28,99.5,"eco2D_Plankton_P_010","P Biomass - Popn. #010 (1.90 micron zooplankton)","mmol P m^-3",0.000282445544144139
"Greenland",20,28,199.5,"eco2D_Plankton_P_010","P Biomass - Popn. #010 (1.90 micron zooplankton)","mmol P m^-3",0.000283386878436431
"Greenland",20,28,499.5,"eco2D_Plankton_P_010","P Biomass - Popn. #010 (1.90 micron zooplankton)","mmol P m^-3",0.000277151440968737
"Greenland",20,28,999.5,"eco2D_Plankton_P_010","P Biomass - Popn. #010 (1.90 micron zooplankton)","mmol P m^-3",0.000248049182118848
"Greenland",20,28,1999.5,"eco2D_Plankton_P_010","P Biomass - Popn. #010 (1.90 micron zooplankton)","mmol P m^-3",0.000199444228201173
"Greenland",20,28,4999.5,"eco2D_Plankton_P_010","P Biomass - Popn. #010 (1.90 micron zooplankton)","mmol P m^-3",0.000197156448848546
"Greenland",20,28,9999.5,"eco2D_Plankton_P_010","P Biomass - Popn. #010 (1.90 micron zooplankton)","mmol P m^-3",0.000196843087906018
"Greenland",20,28,0.5,"eco2D_Plankton_P_011","P Biomass - Popn. #011 (6.00 micron zooplankton)","mmol P m^-3",0.00101442693267018
"Greenland",20,28,1.5,"eco2D_Plankton_P_011","P Biomass - Popn. #011 (6.00 micron zooplankton)","mmol P m^-3",0.00101909262593836
"Greenland",20,28,4.5,"eco2D_Plankton_P_011","P Biomass - Popn. #011 (6.00 micron zooplankton)","mmol P m^-3",0.000981480698101223
"Greenland",20,28,9.5,"eco2D_Plankton_P_011","P Biomass - Popn. #011 (6.00 micron zooplankton)","mmol P m^-3",0.000954165821895003
"Greenland",20,28,19.5,"eco2D_Plankton_P_011","P Biomass - Popn. #011 (6.00 micron zooplankton)","mmol P m^-3",0.000906831934116781
"Greenland",20,28,49.5,"eco2D_Plankton_P_011","P Biomass - Popn. #011 (6.00 micron zooplankton)","mmol P m^-3",0.000903142441529781
"Greenland",20,28,99.5,"eco2D_Plankton_P_011","P Biomass - Popn. #011 (6.00 micron zooplankton)","mmol P m^-3",0.000910322763957083
"Greenland",20,28,199.5,"eco2D_Plankton_P_011","P Biomass - Popn. #011 (6.00 micron zooplankton)","mmol P m^-3",0.000852336117532104
"Greenland",20,28,499.5,"eco2D_Plankton_P_011","P Biomass - Popn. #011 (6.00 micron zooplankton)","mmol P m^-3",0.000793468323536217
"Greenland",20,28,999.5,"eco2D_Plankton_P_011","P Biomass - Popn. #011 (6.00 micron zooplankton)","mmol P m^-3",0.000704977486748248
"Greenland",20,28,1999.5,"eco2D_Plankton_P_011","P Biomass - Popn. #011 (6.00 micron zooplankton)","mmol P m^-3",0.000575036043301225
"Greenland",20,28,4999.5,"eco2D_Plankton_P_011","P Biomass - Popn. #011 (6.00 micron zooplankton)","mmol P m^-3",0.000571089971344918
"Greenland",20,28,9999.5,"eco2D_Plankton_P_011","P Biomass - Popn. #011 (6.00 micron zooplankton)","mmol P m^-3",0.000570452946703881
"Greenland",20,28,0.5,"eco2D_Plankton_P_012","P Biomass - Popn. #012 (19.00 micron zooplankton)","mmol P m^-3",0.00195169984363019
"Greenland",20,28,1.5,"eco2D_Plankton_P_012","P Biomass - Popn. #012 (19.00 micron zooplankton)","mmol P m^-3",0.00193282461259514
"Greenland",20,28,4.5,"eco2D_Plankton_P_012","P Biomass - Popn. #012 (19.00 micron zooplankton)","mmol P m^-3",0.00184919475577772
"Greenland",20,28,9.5,"eco2D_Plankton_P_012","P Biomass - Popn. #012 (19.00 micron zooplankton)","mmol P m^-3",0.00181472208350897
"Greenland",20,28,19.5,"eco2D_Plankton_P_012","P Biomass - Popn. #012 (19.00 micron zooplankton)","mmol P m^-3",0.00172770523931831
"Greenland",20,28,49.5,"eco2D_Plankton_P_012","P Biomass - Popn. #012 (19.00 micron zooplankton)","mmol P m^-3",0.00171697116456926
"Greenland",20,28,99.5,"eco2D_Plankton_P_012","P Biomass - Popn. #012 (19.00 micron zooplankton)","mmol P m^-3",0.00171789573505521
"Greenland",20,28,199.5,"eco2D_Plankton_P_012","P Biomass - Popn. #012 (19.00 micron zooplankton)","mmol P m^-3",0.00150408665649593
"Greenland",20,28,499.5,"eco2D_Plankton_P_012","P Biomass - Popn. #012 (19.00 micron zooplankton)","mmol P m^-3",0.00131520326249301
"Greenland",20,28,999.5,"eco2D_Plankton_P_012","P Biomass - Popn. #012 (19.00 micron zooplankton)","mmol P m^-3",0.00116194330621511
"Greenland",20,28,1999.5,"eco2D_Plankton_P_012","P Biomass - Popn. #012 (19.00 micron zooplankton)","mmol P m^-3",0.00097255379660055
"Greenland",20,28,4999.5,"eco2D_Plankton_P_012","P Biomass - Popn. #012 (19.00 micron zooplankton)","mmol P m^-3",0.000969648419413716
"Greenland",20,28,9999.5,"eco2D_Plankton_P_012","P Biomass - Popn. #012 (19.00 micron zooplankton)","mmol P m^-3",0.00096905801910907
"Greenland",20,28,0.5,"eco2D_Plankton_P_013","P Biomass - Popn. #013 (60.00 micron zooplankton)","mmol P m^-3",0.00274594803340733
"Greenland",20,28,1.5,"eco2D_Plankton_P_013","P Biomass - Popn. #013 (60.00 micron zooplankton)","mmol P m^-3",0.00263294903561473
"Greenland",20,28,4.5,"eco2D_Plankton_P_013","P Biomass - Popn. #013 (60.00 micron zooplankton)","mmol P m^-3",0.00251482450403273
"Greenland",20,28,9.5,"eco2D_Plankton_P_013","P Biomass - Popn. #013 (60.00 micron zooplankton)","mmol P m^-3",0.00249796290881932
"Greenland",20,28,19.5,"eco2D_Plankton_P_013","P Biomass - Popn. #013 (60.00 micron zooplankton)","mmol P m^-3",0.00240070046856999
"Greenland",20,28,49.5,"eco2D_Plankton_P_013","P Biomass - Popn. #013 (60.00 micron zooplankton)","mmol P m^-3",0.00237601390108466
"Greenland",20,28,99.5,"eco2D_Plankton_P_013","P Biomass - Popn. #013 (60.00 micron zooplankton)","mmol P m^-3",0.00235228380188346
"Greenland",20,28,199.5,"eco2D_Plankton_P_013","P Biomass - Popn. #013 (60.00 micron zooplankton)","mmol P m^-3",0.00199694326147437
"Greenland",20,28,499.5,"eco2D_Plankton_P_013","P Biomass - Popn. #013 (60.00 micron zooplankton)","mmol P m^-3",0.00171557907015085
"Greenland",20,28,999.5,"eco2D_Plankton_P_013","P Biomass - Popn. #013 (60.00 micron zooplankton)","mmol P m^-3",0.00157971994485706
"Greenland",20,28,1999.5,"eco2D_Plankton_P_013","P Biomass - Popn. #013 (60.00 micron zooplankton)","mmol P m^-3",0.00139553262852132
"Greenland",20,28,4999.5,"eco2D_Plankton_P_013","P Biomass - Popn. #013 (60.00 micron zooplankton)","mmol P m^-3",0.00139320094604045
"Greenland",20,28,9999.5,"eco2D_Plankton_P_013","P Biomass - Popn. #013 (60.00 micron zooplankton)","mmol P m^-3",0.00139266101177782
"Greenland",20,28,0.5,"eco2D_Plankton_P_014","P Biomass - Popn. #014 (190.00 micron zooplankton)","mmol P m^-3",0.00341171119362116
"Greenland",20,28,1.5,"eco2D_Plankton_P_014","P Biomass - Popn. #014 (190.00 micron zooplankton)","mmol P m^-3",0.00308330496773124
"Greenland",20,28,4.5,"eco2D_Plankton_P_014","P Biomass - Popn. #014 (190.00 micron zooplankton)","mmol P m^-3",0.00294501520693302
"Greenland",20,28,9.5,"eco2D_Plankton_P_014","P Biomass - Popn. #014 (190.00 micron zooplankton)","mmol P m^-3",0.00297364173457026
"Greenland",20,28,19.5,"eco2D_Plankton_P_014","P Biomass - Popn. #014 (190.00 micron zooplankton)","mmol P m^-3",0.00291810790076852
"Greenland",20,28,49.5,"eco2D_Plankton_P_014","P Biomass - Popn. #014 (190.00 micron zooplankton)","mmol P m^-3",0.00286605604924262
"Greenland",20,28,99.5,"eco2D_Plankton_P_014","P Biomass - Popn. #014 (190.00 micron zooplankton)","mmol P m^-3",0.00278905918821692
"Greenland",20,28,199.5,"eco2D_Plankton_P_014","P Biomass - Popn. #014 (190.00 micron zooplankton)","mmol P m^-3",0.00241174083203077
"Greenland",20,28,499.5,"eco2D_Plankton_P_014","P Biomass - Popn. #014 (190.00 micron zooplankton)","mmol P m^-3",0.00219613127410412
"Greenland",20,28,999.5,"eco2D_Plankton_P_014","P Biomass - Popn. #014 (190.00 micron zooplankton)","mmol P m^-3",0.00203808257356286
"Greenland",20,28,1999.5,"eco2D_Plankton_P_014","P Biomass - Popn. #014 (190.00 micron zooplankton)","mmol P m^-3",0.00130644871387631
"Greenland",20,28,4999.5,"eco2D_Plankton_P_014","P Biomass - Popn. #014 (190.00 micron zooplankton)","mmol P m^-3",0.00125055515673012
"Greenland",20,28,9999.5,"eco2D_Plankton_P_014","P Biomass - Popn. #014 (190.00 micron zooplankton)","mmol P m^-3",0.00124270736705512
"Greenland",20,28,0.5,"eco2D_Plankton_P_015","P Biomass - Popn. #015 (600.00 micron zooplankton)","mmol P m^-3",0.00417293375357985
"Greenland",20,28,1.5,"eco2D_Plankton_P_015","P Biomass - Popn. #015 (600.00 micron zooplankton)","mmol P m^-3",0.00370720098726451
"Greenland",20,28,4.5,"eco2D_Plankton_P_015","P Biomass - Popn. #015 (600.00 micron zooplankton)","mmol P m^-3",0.00357318692840636
"Greenland",20,28,9.5,"eco2D_Plankton_P_015","P Biomass - Popn. #015 (600.00 micron zooplankton)","mmol P m^-3",0.00371878105215728
"Greenland",20,28,19.5,"eco2D_Plankton_P_015","P Biomass - Popn. #015 (600.00 micron zooplankton)","mmol P m^-3",0.00384084903635085
"Greenland",20,28,49.5,"eco2D_Plankton_P_015","P Biomass - Popn. #015 (600.00 micron zooplankton)","mmol P m^-3",0.00371949328109622
"Greenland",20,28,99.5,"eco2D_Plankton_P_015","P Biomass - Popn. #015 (600.00 micron zooplankton)","mmol P m^-3",0.00346972420811653
"Greenland",20,28,199.5,"eco2D_Plankton_P_015","P Biomass - Popn. #015 (600.00 micron zooplankton)","mmol P m^-3",0.00292182783596218
"Greenland",20,28,499.5,"eco2D_Plankton_P_015","P Biomass - Popn. #015 (600.00 micron zooplankton)","mmol P m^-3",0.00266704219393432
"Greenland",20,28,999.5,"eco2D_Plankton_P_015","P Biomass - Popn. #015 (600.00 micron zooplankton)","mmol P m^-3",0.00114209367893636
"Greenland",20,28,1999.5,"eco2D_Plankton_P_015","P Biomass - Popn. #015 (600.00 micron zooplankton)","mmol P m^-3",1.06163884107391e-12
"Greenland",20,28,4999.5,"eco2D_Plankton_P_015","P Biomass - Popn. #015 (600.00 micron zooplankton)","mmol P m^-3",9.86987509950243e-13
"Greenland",20,28,9999.5,"eco2D_Plankton_P_015","P Biomass - Popn. #015 (600.00 micron zooplankton)","mmol P m^-3",9.78125024551912e-13
"Greenland",20,28,0.5,"eco2D_Plankton_P_016","P Biomass - Popn. #016 (1900.00 micron zooplankton)","mmol P m^-3",0.00406820420175791
"Greenland",20,28,1.5,"eco2D_Plankton_P_016","P Biomass - Popn. #016 (1900.00 micron zooplankton)","mmol P m^-3",0.00454358663409948
"Greenland",20,28,4.5,"eco2D_Plankton_P_016","P Biomass - Popn. #016 (1900.00 micron zooplankton)","mmol P m^-3",0.00457198731601238
"Greenland",20,28,9.5,"eco2D_Plankton_P_016","P Biomass - Popn. #016 (1900.00 micron zooplankton)","mmol P m^-3",0.0052178711630404
"Greenland",20,28,19.5,"eco2D_Plankton_P_016","P Biomass - Popn. #016 (1900.00 micron zooplankton)","mmol P m^-3",0.00616604834794998
"Greenland",20,28,49.5,"eco2D_Plankton_P_016","P Biomass - Popn. #016 (1900.00 micron zooplankton)","mmol P m^-3",0.00579801294952631
"Greenland",20,28,99.5,"eco2D_Plankton_P_016","P Biomass - Popn. #016 (1900.00 micron zooplankton)","mmol P m^-3",0.00473627028986812
"Greenland",20,28,199.5,"eco2D_Plankton_P_016","P Biomass - Popn. #016 (1900.00 micron zooplankton)","mmol P m^-3",0.00185465952381492
"Greenland",20,28,499.5,"eco2D_Plankton_P_016","P Biomass - Popn. #016 (1900.00 micron zooplankton)","mmol P m^-3",2.75476625018201e-12
"Greenland",20,28,999.5,"eco2D_Plankton_P_016","P Biomass - Popn. #016 (1900.00 micron zooplankton)","mmol P m^-3",5.61401457006144e-13
"Greenland",20,28,1999.5,"eco2D_Plankton_P_016","P Biomass - Popn. #016 (1900.00 micron zooplankton)","mmol P m^-3",1.84736178177741e-13
"Greenland",20,28,4999.5,"eco2D_Plankton_P_016","P Biomass - Popn. #016 (1900.00 micron zooplankton)","mmol P m^-3",1.78229203314298e-13
"Greenland",20,28,9999.5,"eco2D_Plankton_P_016","P Biomass - Popn. #016 (1900.00 micron zooplankton)","mmol P m^-3",1.77382576942858e-13
"Greenland",20,28,0.5,"eco2D_Plankton_P_Total","P Biomass - Total","mmol P m^-3",0.0389641113579273
"Greenland",20,28,1.5,"eco2D_Plankton_P_Total","P Biomass - Total","mmol P m^-3",0.0333000235259533
"Greenland",20,28,4.5,"eco2D_Plankton_P_Total","P Biomass - Total","mmol P m^-3",0.0318105295300484
"Greenland",20,28,9.5,"eco2D_Plankton_P_Total","P Biomass - Total","mmol P m^-3",0.0345540083944798
"Greenland",20,28,19.5,"eco2D_Plankton_P_Total","P Biomass - Total","mmol P m^-3",0.0410479046404362
"Greenland",20,28,49.5,"eco2D_Plankton_P_Total","P Biomass - Total","mmol P m^-3",0.038569625467062
"Greenland",20,28,99.5,"eco2D_Plankton_P_Total","P Biomass - Total","mmol P m^-3",0.0322191268205643
"Greenland",20,28,199.5,"eco2D_Plankton_P_Total","P Biomass - Total","mmol P m^-3",0.0209541544318199
"Greenland",20,28,499.5,"eco2D_Plankton_P_Total","P Biomass - Total","mmol P m^-3",0.0155978770926595
"Greenland",20,28,999.5,"eco2D_Plankton_P_Total","P Biomass - Total","mmol P m^-3",0.0119191380217671
"Greenland",20,28,1999.5,"eco2D_Plankton_P_Total","P Biomass - Total","mmol P m^-3",0.00790368765592575
"Greenland",20,28,4999.5,"eco2D_Plankton_P_Total","P Biomass - Total","mmol P m^-3",0.00780000258237123
"Greenland",20,28,9999.5,"eco2D_Plankton_P_Total","P Biomass - Total","mmol P m^-3",0.0077846348285675
"Greenland",20,28,0.5,"eco2D_Uptake_Fluxes_P","Uptake Fluxes P","mmol P m^-3 d^-1",0.00773327518254519
"Greenland",20,28,1.5,"eco2D_Uptake_Fluxes_P","Uptake Fluxes P","mmol P m^-3 d^-1",0.00702491495758295
"Greenland",20,28,4.5,"eco2D_Uptake_Fluxes_P","Uptake Fluxes P","mmol P m^-3 d^-1",0.00708026718348265
"Greenland",20,28,9.5,"eco2D_Uptake_Fluxes_P","Uptake Fluxes P","mmol P m^-3 d^-1",0.00779342604801059
"Greenland",20,28,19.5,"eco2D_Uptake_Fluxes_P","Uptake Fluxes P","mmol P m^-3 d^-1",0.0085871210321784
"Greenland",20,28,49.5,"eco2D_Uptake_Fluxes_P","Uptake Fluxes P","mmol P m^-3 d^-1",0.00822759792208672
"Greenland",20,28,99.5,"eco2D_Uptake_Fluxes_P","Uptake Fluxes P","mmol P m^-3 d^-1",0.00723959086462855
"Greenland",20,28,199.5,"eco2D_Uptake_Fluxes_P","Uptake Fluxes P","mmol P m^-3 d^-1",0.0041674692183733
"Greenland",20,28,499.5,"eco2D_Uptake_Fluxes_P","Uptake Fluxes P","mmol P m^-3 d^-1",0.00266556302085519
"Greenland",20,28,999.5,"eco2D_Uptake_Fluxes_P","Uptake Fluxes P","mmol P m^-3 d^-1",0.00171118334401399
"Greenland",20,28,1999.5,"eco2D_Uptake_Fluxes_P","Uptake Fluxes P","mmol P m^-3 d^-1",0.000901391846127808
"Greenland",20,28,4999.5,"eco2D_Uptake_Fluxes_P","Uptake Fluxes P","mmol P m^-3 d^-1",0.000881575339008123
"Greenland",20,28,9999.5,"eco2D_Uptake_Fluxes_P","Uptake Fluxes P","mmol P m^-3 d^-1",0.000878747552633286
"Greenland",20,28,0.5,"eco2D_Plankton_Chl_001","Chl Biomass - Popn. #001 (0.60 micron phytoplankton)","mg Chl m^-3",0.00569902779534459
"Greenland",20,28,1.5,"eco2D_Plankton_Chl_001","Chl Biomass - Popn. #001 (0.60 micron phytoplankton)","mg Chl m^-3",0.00574319297447801
"Greenland",20,28,4.5,"eco2D_Plankton_Chl_001","Chl Biomass - Popn. #001 (0.60 micron phytoplankton)","mg Chl m^-3",0.00643978081643581
"Greenland",20,28,9.5,"eco2D_Plankton_Chl_001","Chl Biomass - Popn. #001 (0.60 micron phytoplankton)","mg Chl m^-3",0.00695958267897367
"Greenland",20,28,19.5,"eco2D_Plankton_Chl_001","Chl Biomass - Popn. #001 (0.60 micron phytoplankton)","mg Chl m^-3",0.00766725605353713
"Greenland",20,28,49.5,"eco2D_Plankton_Chl_001","Chl Biomass - Popn. #001 (0.60 micron phytoplankton)","mg Chl m^-3",0.00776085304096341
"Greenland",20,28,99.5,"eco2D_Plankton_Chl_001","Chl Biomass - Popn. #001 (0.60 micron phytoplankton)","mg Chl m^-3",0.00760272098705173
"Greenland",20,28,199.5,"eco2D_Plankton_Chl_001","Chl Biomass - Popn. #001 (0.60 micron phytoplankton)","mg Chl m^-3",0.00756992865353823
"Greenland",20,28,499.5,"eco2D_Plankton_Chl_001","Chl Biomass - Popn. #001 (0.60 micron phytoplankton)","mg Chl m^-3",0.00767500326037407
"Greenland",20,28,999.5,"eco2D_Plankton_Chl_001","Chl Biomass - Popn. #001 (0.60 micron phytoplankton)","mg Chl m^-3",0.007882927544415
"Greenland",20,28,1999.5,"eco2D_Plankton_Chl_001","Chl Biomass - Popn. #001 (0.60 micron phytoplankton)","mg Chl m^-3",0.00872904900461435
"Greenland",20,28,4999.5,"eco2D_Plankton_Chl_001","Chl Biomass - Popn. #001 (0.60 micron phytoplankton)","mg Chl m^-3",0.00874626077711582
"Greenland",20,28,9999.5,"eco2D_Plankton_Chl_001","Chl Biomass - Popn. #001 (0.60 micron phytoplankton)","mg Chl m^-3",0.00875219609588385
"Greenland",20,28,0.5,"eco2D_Plankton_Chl_002","Chl Biomass - Popn. #002 (1.90 micron phytoplankton)","mg Chl m^-3",0.0543020814657211
"Greenland",20,28,1.5,"eco2D_Plankton_Chl_002","Chl Biomass - Popn. #002 (1.90 micron phytoplankton)","mg Chl m^-3",0.0551792867481709
"Greenland",20,28,4.5,"eco2D_Plankton_Chl_002","Chl Biomass - Popn. #002 (1.90 micron phytoplankton)","mg Chl m^-3",0.0564292408525944
"Greenland",20,28,9.5,"eco2D_Plankton_Chl_002","Chl Biomass - Popn. #002 (1.90 micron phytoplankton)","mg Chl m^-3",0.0570125058293343
"Greenland",20,28,19.5,"eco2D_Plankton_Chl_002","Chl Biomass - Popn. #002 (1.90 micron phytoplankton)","mg Chl m^-3",0.0583297833800316
"Greenland",20,28,49.5,"eco2D_Plankton_Chl_002","Chl Biomass - Popn. #002 (1.90 micron phytoplankton)","mg Chl m^-3",0.058690182864666
"Greenland",20,28,99.5,"eco2D_Plankton_Chl_002","Chl Biomass - Popn. #002 (1.90 micron phytoplankton)","mg Chl m^-3",0.0574549995362759
"Greenland",20,28,199.5,"eco2D_Plankton_Chl_002","Chl Biomass - Popn. #002 (1.90 micron phytoplankton)","mg Chl m^-3",0.0544932708144188
"Greenland",20,28,499.5,"eco2D_Plankton_Chl_002","Chl Biomass - Popn. #002 (1.90 micron phytoplankton)","mg Chl m^-3",0.0510251820087433
"Greenland",20,28,999.5,"eco2D_Plankton_Chl_002","Chl Biomass - Popn. #002 (1.90 micron phytoplankton)","mg Chl m^-3",0.0461680442094803
"Greenland",20,28,1999.5,"eco2D_Plankton_Chl_002","Chl Biomass - Popn. #002 (1.90 micron phytoplankton)","mg Chl m^-3",0.0374233238399029
"Greenland",20,28,4999.5,"eco2D_Plankton_Chl_002","Chl Biomass - Popn. #002 (1.90 micron phytoplankton)","mg Chl m^-3",0.0370946675539017
"Greenland",20,28,9999.5,"eco2D_Plankton_Chl_002","Chl Biomass - Popn. #002 (1.90 micron phytoplankton)","mg Chl m^-3",0.0370475947856903
"Greenland",20,28,0.5,"eco2D_Plankton_Chl_003","Chl Biomass - Popn. #003 (6.00 micron phytoplankton)","mg Chl m^-3",0.162489607930183
"Greenland",20,28,1.5,"eco2D_Plankton_Chl_003","Chl Biomass - Popn. #003 (6.00 micron phytoplankton)","mg Chl m^-3",0.151450395584106
"Greenland",20,28,4.5,"eco2D_Plankton_Chl_003","Chl Biomass - Popn. #003 (6.00 micron phytoplankton)","mg Chl m^-3",0.148486882448196
"Greenland",20,28,9.5,"eco2D_Plankton_Chl_003","Chl Biomass - Popn. #003 (6.00 micron phytoplankton)","mg Chl m^-3",0.153778061270714
"Greenland",20,28,19.5,"eco2D_Plankton_Chl_003","Chl Biomass - Popn. #003 (6.00 micron phytoplankton)","mg Chl m^-3",0.159412652254105
"Greenland",20,28,49.5,"eco2D_Plankton_Chl_003","Chl Biomass - Popn. #003 (6.00 micron phytoplankton)","mg Chl m^-3",0.155321791768074
"Greenland",20,28,99.5,"eco2D_Plankton_Chl_003","Chl Biomass - Popn. #003 (6.00 micron phytoplankton)","mg Chl m^-3",0.144993022084236
"Greenland",20,28,199.5,"eco2D_Plankton_Chl_003","Chl Biomass - Popn. #003 (6.00 micron phytoplankton)","mg Chl m^-3",0.104435697197914
"Greenland",20,28,499.5,"eco2D_Plankton_Chl_003","Chl Biomass - Popn. #003 (6.00 micron phytoplankton)","mg Chl m^-3",0.0777738466858864
"Greenland",20,28,999.5,"eco2D_Plankton_Chl_003","Chl Biomass - Popn. #003 (6.00 micron phytoplankton)","mg Chl m^-3",0.0565190203487873
"Greenland",20,28,1999.5,"eco2D_Plankton_Chl_003","Chl Biomass - Popn. #003 (6.00 micron phytoplankton)","mg Chl m^-3",0.0343602299690247
"Greenland",20,28,4999.5,"eco2D_Plankton_Chl_003","Chl Biomass - Popn. #003 (6.00 micron phytoplankton)","mg Chl m^-3",0.0337642394006252
"Greenland",20,28,9999.5,"eco2D_Plankton_Chl_003","Chl Biomass - Popn. #003 (6.00 micron phytoplankton)","mg Chl m^-3",0.0336762107908726
"Greenland",20,28,0.5,"eco2D_Plankton_Chl_004","Chl Biomass - Popn. #004 (19.00 micron phytoplankton)","mg Chl m^-3",0.123020827770233
"Greenland",20,28,1.5,"eco2D_Plankton_Chl_004","Chl Biomass - Popn. #004 (19.00 micron phytoplankton)","mg Chl m^-3",0.111641697585583
"Greenland",20,28,4.5,"eco2D_Plankton_Chl_004","Chl Biomass - Popn. #004 (19.00 micron phytoplankton)","mg Chl m^-3",0.108438938856125
"Greenland",20,28,9.5,"eco2D_Plankton_Chl_004","Chl Biomass - Popn. #004 (19.00 micron phytoplankton)","mg Chl m^-3",0.11514850705862
"Greenland",20,28,19.5,"eco2D_Plankton_Chl_004","Chl Biomass - Popn. #004 (19.00 micron phytoplankton)","mg Chl m^-3",0.123381979763508
"Greenland",20,28,49.5,"eco2D_Plankton_Chl_004","Chl Biomass - Popn. #004 (19.00 micron phytoplankton)","mg Chl m^-3",0.120283558964729
"Greenland",20,28,99.5,"eco2D_Plankton_Chl_004","Chl Biomass - Popn. #004 (19.00 micron phytoplankton)","mg Chl m^-3",0.108953706920147
"Greenland",20,28,199.5,"eco2D_Plankton_Chl_004","Chl Biomass - Popn. #004 (19.00 micron phytoplankton)","mg Chl m^-3",0.0653676465153694
"Greenland",20,28,499.5,"eco2D_Plankton_Chl_004","Chl Biomass - Popn. #004 (19.00 micron phytoplankton)","mg Chl m^-3",0.0430328920483589
"Greenland",20,28,999.5,"eco2D_Plankton_Chl_004","Chl Biomass - Popn. #004 (19.00 micron phytoplankton)","mg Chl m^-3",0.0283564142882824
"Greenland",20,28,1999.5,"eco2D_Plankton_Chl_004","Chl Biomass - Popn. #004 (19.00 micron phytoplankton)","mg Chl m^-3",0.0146589642390609
"Greenland",20,28,4999.5,"eco2D_Plankton_Chl_004","Chl Biomass - Popn. #004 (19.00 micron phytoplankton)","mg Chl m^-3",0.0142716998234391
"Greenland",20,28,9999.5,"eco2D_Plankton_Chl_004","Chl Biomass - Popn. #004 (19.00 micron phytoplankton)","mg Chl m^-3",0.0142199629917741
"Greenland",20,28,0.5,"eco2D_Plankton_Chl_005","Chl Biomass - Popn. #005 (60.00 micron phytoplankton)","mg Chl m^-3",0.0807629525661469
"Greenland",20,28,1.5,"eco2D_Plankton_Chl_005","Chl Biomass - Popn. #005 (60.00 micron phytoplankton)","mg Chl m^-3",0.0654081776738167
"Greenland",20,28,4.5,"eco2D_Plankton_Chl_005","Chl Biomass - Popn. #005 (60.00 micron phytoplankton)","mg Chl m^-3",0.0643240287899971
"Greenland",20,28,9.5,"eco2D_Plankton_Chl_005","Chl Biomass - Popn. #005 (60.00 micron phytoplankton)","mg Chl m^-3",0.0746840983629227
"Greenland",20,28,19.5,"eco2D_Plankton_Chl_005","Chl Biomass - Popn. #005 (60.00 micron phytoplankton)","mg Chl m^-3",0.081836462020874
"Greenland",20,28,49.5,"eco2D_Plankton_Chl_005","Chl Biomass - Popn. #005 (60.00 micron phytoplankton)","mg Chl m^-3",0.0795878246426582
"Greenland",20,28,99.5,"eco2D_Plankton_Chl_005","Chl Biomass - Popn. #005 (60.00 micron phytoplankton)","mg Chl m^-3",0.0689236372709274
"Greenland",20,28,199.5,"eco2D_Plankton_Chl_005","Chl Biomass - Popn. #005 (60.00 micron phytoplankton)","mg Chl m^-3",0.0344257690012455
"Greenland",20,28,499.5,"eco2D_Plankton_Chl_005","Chl Biomass - Popn. #005 (60.00 micron phytoplankton)","mg Chl m^-3",0.020268153399229
"Greenland",20,28,999.5,"eco2D_Plankton_Chl_005","Chl Biomass - Popn. #005 (60.00 micron phytoplankton)","mg Chl m^-3",0.00971457920968533
"Greenland",20,28,1999.5,"eco2D_Plankton_Chl_005","Chl Biomass - Popn. #005 (60.00 micron phytoplankton)","mg Chl m^-3",1.39294024847914e-05
"Greenland",20,28,4999.5,"eco2D_Plankton_Chl_005","Chl Biomass - Popn. #005 (60.00 micron phytoplankton)","mg Chl m^-3",1.3932457409993e-09
"Greenland",20,28,9999.5,"eco2D_Plankton_Chl_005","Chl Biomass - Popn. #005 (60.00 micron phytoplankton)","mg Chl m^-3",1.29430877127135e-09
"Greenland",20,28,0.5,"eco2D_Plankton_Chl_006","Chl Biomass - Popn. #006 (190.00 micron phytoplankton)","mg Chl m^-3",0.0618645809590816
"Greenland",20,28,1.5,"eco2D_Plankton_Chl_006","Chl Biomass - Popn. #006 (190.00 micron phytoplankton)","mg Chl m^-3",0.0399482287466526
"Greenland",20,28,4.5,"eco2D_Plankton_Chl_006","Chl Biomass - Popn. #006 (190.00 micron phytoplankton)","mg Chl m^-3",0.0389685072004795
"Greenland",20,28,9.5,"eco2D_Plankton_Chl_006","Chl Biomass - Popn. #006 (190.00 micron phytoplankton)","mg Chl m^-3",0.0526301153004169
"Greenland",20,28,19.5,"eco2D_Plankton_Chl_006","Chl Biomass - Popn. #006 (190.00 micron phytoplankton)","mg Chl m^-3",0.0654139518737793
"Greenland",20,28,49.5,"eco2D_Plankton_Chl_006","Chl Biomass - Popn. #006 (190.00 micron phytoplankton)","mg Chl m^-3",0.0614903755486012
"Greenland",20,28,99.5,"eco2D_Plankton_Chl_006","Chl Biomass - Popn. #006 (190.00 micron phytoplankton)","mg Chl m^-3",0.0468646250665188
"Greenland",20,28,199.5,"eco2D_Plankton_Chl_006","Chl Biomass - Popn. #006 (190.00 micron phytoplankton)","mg Chl m^-3",0.0167437326163054
"Greenland",20,28,499.5,"eco2D_Plankton_Chl_006","Chl Biomass - Popn. #006 (190.00 micron phytoplankton)","mg Chl m^-3",0.00276241800747812
"Greenland",20,28,999.5,"eco2D_Plankton_Chl_006","Chl Biomass - Popn. #006 (190.00 micron phytoplankton)","mg Chl m^-3",7.28469229382966e-11
"Greenland",20,28,1999.5,"eco2D_Plankton_Chl_006","Chl Biomass - Popn. #006 (190.00 micron phytoplankton)","mg Chl m^-3",2.65064727979214e-12
"Greenland",20,28,4999.5,"eco2D_Plankton_Chl_006","Chl Biomass - Popn. #006 (190.00 micron phytoplankton)","mg Chl m^-3",2.48631041969982e-12
"Greenland",20,28,9999.5,"eco2D_Plankton_Chl_006","Chl Biomass - Popn. #006 (190.00 micron phytoplankton)","mg Chl m^-3",2.46574115292386e-12
"Greenland",20,28,0.5,"eco2D_Plankton_Chl_007","Chl Biomass - Popn. #007 (600.00 micron phytoplankton)","mg Chl m^-3",0.0492609590291977
"Greenland",20,28,1.5,"eco2D_Plankton_Chl_007","Chl Biomass - Popn. #007 (600.00 micron phytoplankton)","mg Chl m^-3",0.0216003246605396
"Greenland",20,28,4.5,"eco2D_Plankton_Chl_007","Chl Biomass - Popn. #007 (600.00 micron phytoplankton)","mg Chl m^-3",0.0200009495019913
"Greenland",20,28,9.5,"eco2D_Plankton_Chl_007","Chl Biomass - Popn. #007 (600.00 micron phytoplankton)","mg Chl m^-3",0.0383422374725342
"Greenland",20,28,19.5,"eco2D_Plankton_Chl_007","Chl Biomass - Popn. #007 (600.00 micron phytoplankton)","mg Chl m^-3",0.0631197839975357
"Greenland",20,28,49.5,"eco2D_Plankton_Chl_007","Chl Biomass - Popn. #007 (600.00 micron phytoplankton)","mg Chl m^-3",0.0549857094883919
"Greenland",20,28,99.5,"eco2D_Plankton_Chl_007","Chl Biomass - Popn. #007 (600.00 micron phytoplankton)","mg Chl m^-3",0.0317633971571922
"Greenland",20,28,199.5,"eco2D_Plankton_Chl_007","Chl Biomass - Popn. #007 (600.00 micron phytoplankton)","mg Chl m^-3",1.71500414580805e-05
"Greenland",20,28,499.5,"eco2D_Plankton_Chl_007","Chl Biomass - Popn. #007 (600.00 micron phytoplankton)","mg Chl m^-3",6.71060906495824e-12
"Greenland",20,28,999.5,"eco2D_Plankton_Chl_007","Chl Biomass - Popn. #007 (600.00 micron phytoplankton)","mg Chl m^-3",1.51948701017368e-12
"Greenland",20,28,1999.5,"eco2D_Plankton_Chl_007","Chl Biomass - Popn. #007 (600.00 micron phytoplankton)","mg Chl m^-3",4.4708171626634e-13
"Greenland",20,28,4999.5,"eco2D_Plankton_Chl_007","Chl Biomass - Popn. #007 (600.00 micron phytoplankton)","mg Chl m^-3",4.30095439514847e-13
"Greenland",20,28,9999.5,"eco2D_Plankton_Chl_007","Chl Biomass - Popn. #007 (600.00 micron phytoplankton)","mg Chl m^-3",4.27908603732943e-13
"Greenland",20,28,0.5,"eco2D_Plankton_Chl_008","Chl Biomass - Popn. #008 (1900.00 micron phytoplankton)","mg Chl m^-3",0.019242575392127
"Greenland",20,28,1.5,"eco2D_Plankton_Chl_008","Chl Biomass - Popn. #008 (1900.00 micron phytoplankton)","mg Chl m^-3",0.00231427093967795
"Greenland",20,28,4.5,"eco2D_Plankton_Chl_008","Chl Biomass - Popn. #008 (1900.00 micron phytoplankton)","mg Chl m^-3",1.16168330510646e-09
"Greenland",20,28,9.5,"eco2D_Plankton_Chl_008","Chl Biomass - Popn. #008 (1900.00 micron phytoplankton)","mg Chl m^-3",9.80538317207902e-08
"Greenland",20,28,19.5,"eco2D_Plankton_Chl_008","Chl Biomass - Popn. #008 (1900.00 micron phytoplankton)","mg Chl m^-3",0.0618272610008717
"Greenland",20,28,49.5,"eco2D_Plankton_Chl_008","Chl Biomass - Popn. #008 (1900.00 micron phytoplankton)","mg Chl m^-3",0.0434248670935631
"Greenland",20,28,99.5,"eco2D_Plankton_Chl_008","Chl Biomass - Popn. #008 (1900.00 micron phytoplankton)","mg Chl m^-3",0.00447245687246323
"Greenland",20,28,199.5,"eco2D_Plankton_Chl_008","Chl Biomass - Popn. #008 (1900.00 micron phytoplankton)","mg Chl m^-3",2.31882156705165e-12
"Greenland",20,28,499.5,"eco2D_Plankton_Chl_008","Chl Biomass - Popn. #008 (1900.00 micron phytoplankton)","mg Chl m^-3",7.28481728065611e-13
"Greenland",20,28,999.5,"eco2D_Plankton_Chl_008","Chl Biomass - Popn. #008 (1900.00 micron phytoplankton)","mg Chl m^-3",3.03755881125162e-13
"Greenland",20,28,1999.5,"eco2D_Plankton_Chl_008","Chl Biomass - Popn. #008 (1900.00 micron phytoplankton)","mg Chl m^-3",9.32545869952034e-14
"Greenland",20,28,4999.5,"eco2D_Plankton_Chl_008","Chl Biomass - Popn. #008 (1900.00 micron phytoplankton)","mg Chl m^-3",8.91999012630693e-14
"Greenland",20,28,9999.5,"eco2D_Plankton_Chl_008","Chl Biomass - Popn. #008 (1900.00 micron phytoplankton)","mg Chl m^-3",8.86783390317315e-14
"Greenland",20,28,0.5,"eco2D_Plankton_Chl_Total","Chl Biomass - Total","mg Chl m^-3",0.556642591953278
"Greenland",20,28,1.5,"eco2D_Plankton_Chl_Total","Chl Biomass - Total","mg Chl m^-3",0.453285574913025
"Greenland",20,28,4.5,"eco2D_Plankton_Chl_Total","Chl Biomass - Total","mg Chl m^-3",0.443088322877884
"Greenland",20,28,9.5,"eco2D_Plankton_Chl_Total","Chl Biomass - Total","mg Chl m^-3",0.498555213212967
"Greenland",20,28,19.5,"eco2D_Plankton_Chl_Total","Chl Biomass - Total","mg Chl m^-3",0.620989143848419
"Greenland",20,28,49.5,"eco2D_Plankton_Chl_Total","Chl Biomass - Total","mg Chl m^-3",0.581545174121857
"Greenland",20,28,99.5,"eco2D_Plankton_Chl_Total","Chl Biomass - Total","mg Chl m^-3",0.471028566360474
"Greenland",20,28,199.5,"eco2D_Plankton_Chl_Total","Chl Biomass - Total","mg Chl m^-3",0.283053189516068
"Greenland",20,28,499.5,"eco2D_Plankton_Chl_Total","Chl Biomass - Total","mg Chl m^-3",0.20253749191761
"Greenland",20,28,999.5,"eco2D_Plankton_Chl_Total","Chl Biomass - Total","mg Chl m^-3",0.148640990257263
"Greenland",20,28,1999.5,"eco2D_Plankton_Chl_Total","Chl Biomass - Total","mg Chl m^-3",0.0951854959130287
"Greenland",20,28,4999.5,"eco2D_Plankton_Chl_Total","Chl Biomass - Total","mg Chl m^-3",0.0938768684864044
"Greenland",20,28,9999.5,"eco2D_Plankton_Chl_Total","Chl Biomass - Total","mg Chl m^-3",0.0936959683895111
"Greenland",20,28,0.5,"eco2D_xGamma_T","Temperature Limitation","@",0.719716131687164
"Greenland",20,28,1.5,"eco2D_xGamma_T","Temperature Limitation","@",0.799902439117432
"Greenland",20,28,4.5,"eco2D_xGamma_T","Temperature Limitation","@",0.888995707035065
"Greenland",20,28,9.5,"eco2D_xGamma_T","Temperature Limitation","@",0.930937647819519
"Greenland",20,28,19.5,"eco2D_xGamma_T","Temperature Limitation","@",0.961481690406799
"Greenland",20,28,49.5,"eco2D_xGamma_T","Temperature Limitation","@",0.976137459278107
"Greenland",20,28,99.5,"eco2D_xGamma_T","Temperature Limitation","@",0.973428785800934
"Greenland",20,28,199.5,"eco2D_xGamma_T","Temperature Limitation","@",0.952521800994873
"Greenland",20,28,499.5,"eco2D_xGamma_T","Temperature Limitation","@",0.90548449754715
"Greenland",20,28,999.5,"eco2D_xGamma_T","Temperature Limitation","@",0.852523863315582
"Greenland",20,28,1999.5,"eco2D_xGamma_T","Temperature Limitation","@",0.830376863479614
"Greenland",20,28,4999.5,"eco2D_xGamma_T","Temperature Limitation","@",0.828712999820709
"Greenland",20,28,9999.5,"eco2D_xGamma_T","Temperature Limitation","@",0.828794836997986
"Greenland",20,28,0.5,"eco2D_Nutrients_DIC","Nutrients DIC","mmol DIC m^-3",1975.48742675781
"Greenland",20,28,1.5,"eco2D_Nutrients_DIC","Nutrients DIC","mmol DIC m^-3",1921.70385742188
"Greenland",20,28,4.5,"eco2D_Nutrients_DIC","Nutrients DIC","mmol DIC m^-3",1927.54541015625
"Greenland",20,28,9.5,"eco2D_Nutrients_DIC","Nutrients DIC","mmol DIC m^-3",1922.62536621094
"Greenland",20,28,19.5,"eco2D_Nutrients_DIC","Nutrients DIC","mmol DIC m^-3",1895.64270019531
"Greenland",20,28,49.5,"eco2D_Nutrients_DIC","Nutrients DIC","mmol DIC m^-3",1931.70715332031
"Greenland",20,28,99.5,"eco2D_Nutrients_DIC","Nutrients DIC","mmol DIC m^-3",1996.59826660156
"Greenland",20,28,199.5,"eco2D_Nutrients_DIC","Nutrients DIC","mmol DIC m^-3",2076.92041015625
"Greenland",20,28,499.5,"eco2D_Nutrients_DIC","Nutrients DIC","mmol DIC m^-3",2094.67504882812
"Greenland",20,28,999.5,"eco2D_Nutrients_DIC","Nutrients DIC","mmol DIC m^-3",2095.19458007812
"Greenland",20,28,1999.5,"eco2D_Nutrients_DIC","Nutrients DIC","mmol DIC m^-3",2074.08666992188
"Greenland",20,28,4999.5,"eco2D_Nutrients_DIC","Nutrients DIC","mmol DIC m^-3",2072.31884765625
"Greenland",20,28,9999.5,"eco2D_Nutrients_DIC","Nutrients DIC","mmol DIC m^-3",2072.33032226562
"Greenland",20,28,0.5,"eco2D_Nutrients_PO4","Nutrients PO4","mmol PO4 m^-3",1.28060078620911
"Greenland",20,28,1.5,"eco2D_Nutrients_PO4","Nutrients PO4","mmol PO4 m^-3",0.474282324314117
"Greenland",20,28,4.5,"eco2D_Nutrients_PO4","Nutrients PO4","mmol PO4 m^-3",0.402338713407516
"Greenland",20,28,9.5,"eco2D_Nutrients_PO4","Nutrients PO4","mmol PO4 m^-3",0.721002876758575
"Greenland",20,28,19.5,"eco2D_Nutrients_PO4","Nutrients PO4","mmol PO4 m^-3",1.69978642463684
"Greenland",20,28,49.5,"eco2D_Nutrients_PO4","Nutrients PO4","mmol PO4 m^-3",1.30449426174164
"Greenland",20,28,99.5,"eco2D_Nutrients_PO4","Nutrients PO4","mmol PO4 m^-3",0.666591823101044
"Greenland",20,28,199.5,"eco2D_Nutrients_PO4","Nutrients PO4","mmol PO4 m^-3",0.189389705657959
"Greenland",20,28,499.5,"eco2D_Nutrients_PO4","Nutrients PO4","mmol PO4 m^-3",0.0881504043936729
"Greenland",20,28,999.5,"eco2D_Nutrients_PO4","Nutrients PO4","mmol PO4 m^-3",0.0431818440556526
"Greenland",20,28,1999.5,"eco2D_Nutrients_PO4","Nutrients PO4","mmol PO4 m^-3",0.0157356318086386
"Greenland",20,28,4999.5,"eco2D_Nutrients_PO4","Nutrients PO4","mmol PO4 m^-3",0.0152056496590376
"Greenland",20,28,9999.5,"eco2D_Nutrients_PO4","Nutrients PO4","mmol PO4 m^-3",0.0151263624429703
"Greenland",20,28,0.5,"eco2D_Size_Mean","Geometric Mean of Cell Diameter","µm",59.0056076049805
"Greenland",20,28,1.5,"eco2D_Size_Mean","Geometric Mean of Cell Diameter","µm",31.8188076019287
"Greenland",20,28,4.5,"eco2D_Size_Mean","Geometric Mean of Cell Diameter","µm",28.6651058197021
"Greenland",20,28,9.5,"eco2D_Size_Mean","Geometric Mean of Cell Diameter","µm",35.9641609191895
"Greenland",20,28,19.5,"eco2D_Size_Mean","Geometric Mean of Cell Diameter","µm",103.478576660156
"Greenland",20,28,49.5,"eco2D_Size_Mean","Geometric Mean of Cell Diameter","µm",86.4761123657227
"Greenland",20,28,99.5,"eco2D_Size_Mean","Geometric Mean of Cell Diameter","µm",38.680419921875
"Greenland",20,28,199.5,"eco2D_Size_Mean","Geometric Mean of Cell Diameter","µm",13.1388111114502
"Greenland",20,28,499.5,"eco2D_Size_Mean","Geometric Mean of Cell Diameter","µm",8.66689777374268
"Greenland",20,28,999.5,"eco2D_Size_Mean","Geometric Mean of Cell Diameter","µm",6.0437479019165
"Greenland",20,28,1999.5,"eco2D_Size_Mean","Geometric Mean of Cell Diameter","µm",3.73765277862549
"Greenland",20,28,4999.5,"eco2D_Size_Mean","Geometric Mean of Cell Diameter","µm",3.69924259185791
"Greenland",20,28,9999.5,"eco2D_Size_Mean","Geometric Mean of Cell Diameter","µm",3.69435358047485
"Greenland",20,28,0.5,"eco2D_Size_Stdev","Geometric Standard Deviation of Cell Diameter","Relative magnitude",10.1859312057495
"Greenland",20,28,1.5,"eco2D_Size_Stdev","Geometric Standard Deviation of Cell Diameter","Relative magnitude",7.80688810348511
"Greenland",20,28,4.5,"eco2D_Size_Stdev","Geometric Standard Deviation of Cell Diameter","Relative magnitude",7.25034189224243
"Greenland",20,28,9.5,"eco2D_Size_Stdev","Geometric Standard Deviation of Cell Diameter","Relative magnitude",7.87879133224487
"Greenland",20,28,19.5,"eco2D_Size_Stdev","Geometric Standard Deviation of Cell Diameter","Relative magnitude",12.6199502944946
"Greenland",20,28,49.5,"eco2D_Size_Stdev","Geometric Standard Deviation of Cell Diameter","Relative magnitude",12.2180480957031
"Greenland",20,28,99.5,"eco2D_Size_Stdev","Geometric Standard Deviation of Cell Diameter","Relative magnitude",8.87879753112793
"Greenland",20,28,199.5,"eco2D_Size_Stdev","Geometric Standard Deviation of Cell Diameter","Relative magnitude",5.09281873703003
"Greenland",20,28,499.5,"eco2D_Size_Stdev","Geometric Standard Deviation of Cell Diameter","Relative magnitude",4.36000537872314
"Greenland",20,28,999.5,"eco2D_Size_Stdev","Geometric Standard Deviation of Cell Diameter","Relative magnitude",3.67952609062195
"Greenland",20,28,1999.5,"eco2D_Size_Stdev","Geometric Standard Deviation of Cell Diameter","Relative magnitude",2.98952078819275
"Greenland",20,28,4999.5,"eco2D_Size_Stdev","Geometric Standard Deviation of Cell Diameter","Relative magnitude",2.98193645477295
"Greenland",20,28,9999.5,"eco2D_Size_Stdev","Geometric Standard Deviation of Cell Diameter","Relative magnitude",2.9818069934845
"Greenland",20,28,0.5,"eco2D_Size_Minimum","Minimum Cell Diameter","µm",0.600000023841858
"Greenland",20,28,1.5,"eco2D_Size_Minimum","Minimum Cell Diameter","µm",0.600000023841858
"Greenland",20,28,4.5,"eco2D_Size_Minimum","Minimum Cell Diameter","µm",0.600000023841858
"Greenland",20,28,9.5,"eco2D_Size_Minimum","Minimum Cell Diameter","µm",0.600000023841858
"Greenland",20,28,19.5,"eco2D_Size_Minimum","Minimum Cell Diameter","µm",0.600000023841858
"Greenland",20,28,49.5,"eco2D_Size_Minimum","Minimum Cell Diameter","µm",0.600000023841858
"Greenland",20,28,99.5,"eco2D_Size_Minimum","Minimum Cell Diameter","µm",0.600000023841858
"Greenland",20,28,199.5,"eco2D_Size_Minimum","Minimum Cell Diameter","µm",0.600000023841858
"Greenland",20,28,499.5,"eco2D_Size_Minimum","Minimum Cell Diameter","µm",0.600000023841858
"Greenland",20,28,999.5,"eco2D_Size_Minimum","Minimum Cell Diameter","µm",0.600000023841858
"Greenland",20,28,1999.5,"eco2D_Size_Minimum","Minimum Cell Diameter","µm",0.600000023841858
"Greenland",20,28,4999.5,"eco2D_Size_Minimum","Minimum Cell Diameter","µm",0.600000023841858
"Greenland",20,28,9999.5,"eco2D_Size_Minimum","Minimum Cell Diameter","µm",0.600000023841858
"Greenland",20,28,0.5,"eco2D_Size_Maximum","Maximum Cell Diameter","µm",1900
"Greenland",20,28,1.5,"eco2D_Size_Maximum","Maximum Cell Diameter","µm",1900
"Greenland",20,28,4.5,"eco2D_Size_Maximum","Maximum Cell Diameter","µm",600
"Greenland",20,28,9.5,"eco2D_Size_Maximum","Maximum Cell Diameter","µm",600
"Greenland",20,28,19.5,"eco2D_Size_Maximum","Maximum Cell Diameter","µm",1900
"Greenland",20,28,49.5,"eco2D_Size_Maximum","Maximum Cell Diameter","µm",1900
"Greenland",20,28,99.5,"eco2D_Size_Maximum","Maximum Cell Diameter","µm",1900
"Greenland",20,28,199.5,"eco2D_Size_Maximum","Maximum Cell Diameter","µm",190
"Greenland",20,28,499.5,"eco2D_Size_Maximum","Maximum Cell Diameter","µm",190
"Greenland",20,28,999.5,"eco2D_Size_Maximum","Maximum Cell Diameter","µm",60
"Greenland",20,28,1999.5,"eco2D_Size_Maximum","Maximum Cell Diameter","µm",19
"Greenland",20,28,4999.5,"eco2D_Size_Maximum","Maximum Cell Diameter","µm",19
"Greenland",20,28,9999.5,"eco2D_Size_Maximum","Maximum Cell Diameter","µm",19
"Greenland",20,28,0.5,"eco2D_Diversity_Threshold","Threshold Diversity Index","-",8
"Greenland",20,28,1.5,"eco2D_Diversity_Threshold","Threshold Diversity Index","-",8
"Greenland",20,28,4.5,"eco2D_Diversity_Threshold","Threshold Diversity Index","-",7
"Greenland",20,28,9.5,"eco2D_Diversity_Threshold","Threshold Diversity Index","-",7
"Greenland",20,28,19.5,"eco2D_Diversity_Threshold","Threshold Diversity Index","-",8
"Greenland",20,28,49.5,"eco2D_Diversity_Threshold","Threshold Diversity Index","-",8
"Greenland",20,28,99.5,"eco2D_Diversity_Threshold","Threshold Diversity Index","-",8
"Greenland",20,28,199.5,"eco2D_Diversity_Threshold","Threshold Diversity Index","-",6
"Greenland",20,28,499.5,"eco2D_Diversity_Threshold","Threshold Diversity Index","-",6
"Greenland",20,28,999.5,"eco2D_Diversity_Threshold","Threshold Diversity Index","-",5
"Greenland",20,28,1999.5,"eco2D_Diversity_Threshold","Threshold Diversity Index","-",4
"Greenland",20,28,4999.5,"eco2D_Diversity_Threshold","Threshold Diversity Index","-",4
"Greenland",20,28,9999.5,"eco2D_Diversity_Threshold","Threshold Diversity Index","-",4
"Greenland",20,28,0.5,"eco2D_Diversity_Shannon","Shannon Diversity Index","-",1.95964050292969
"Greenland",20,28,1.5,"eco2D_Diversity_Shannon","Shannon Diversity Index","-",1.87937557697296
"Greenland",20,28,4.5,"eco2D_Diversity_Shannon","Shannon Diversity Index","-",1.82271122932434
"Greenland",20,28,9.5,"eco2D_Diversity_Shannon","Shannon Diversity Index","-",1.83022046089172
"Greenland",20,28,19.5,"eco2D_Diversity_Shannon","Shannon Diversity Index","-",1.93997967243195
"Greenland",20,28,49.5,"eco2D_Diversity_Shannon","Shannon Diversity Index","-",1.96428918838501
"Greenland",20,28,99.5,"eco2D_Diversity_Shannon","Shannon Diversity Index","-",1.93142771720886
"Greenland",20,28,199.5,"eco2D_Diversity_Shannon","Shannon Diversity Index","-",1.65671825408936
"Greenland",20,28,499.5,"eco2D_Diversity_Shannon","Shannon Diversity Index","-",1.57773244380951
"Greenland",20,28,999.5,"eco2D_Diversity_Shannon","Shannon Diversity Index","-",1.45134055614471
"Greenland",20,28,1999.5,"eco2D_Diversity_Shannon","Shannon Diversity Index","-",1.27554225921631
"Greenland",20,28,4999.5,"eco2D_Diversity_Shannon","Shannon Diversity Index","-",1.27151882648468
"Greenland",20,28,9999.5,"eco2D_Diversity_Shannon","Shannon Diversity Index","-",1.27150976657867
"Greenland",20,28,0.5,"eco2D_Diversity_Simpson","Simpson Diversity Index","-",0.852453470230103
"Greenland",20,28,1.5,"eco2D_Diversity_Simpson","Simpson Diversity Index","-",0.834582805633545
"Greenland",20,28,4.5,"eco2D_Diversity_Simpson","Simpson Diversity Index","-",0.829122006893158
"Greenland",20,28,9.5,"eco2D_Diversity_Simpson","Simpson Diversity Index","-",0.832440555095673
"Greenland",20,28,19.5,"eco2D_Diversity_Simpson","Simpson Diversity Index","-",0.845252871513367
"Greenland",20,28,49.5,"eco2D_Diversity_Simpson","Simpson Diversity Index","-",0.852579176425934
"Greenland",20,28,99.5,"eco2D_Diversity_Simpson","Simpson Diversity Index","-",0.8448686003685
"Greenland",20,28,199.5,"eco2D_Diversity_Simpson","Simpson Diversity Index","-",0.793048977851868
"Greenland",20,28,499.5,"eco2D_Diversity_Simpson","Simpson Diversity Index","-",0.768476486206055
"Greenland",20,28,999.5,"eco2D_Diversity_Simpson","Simpson Diversity Index","-",0.741267383098602
"Greenland",20,28,1999.5,"eco2D_Diversity_Simpson","Simpson Diversity Index","-",0.696734070777893
"Greenland",20,28,4999.5,"eco2D_Diversity_Simpson","Simpson Diversity Index","-",0.696041226387024
"Greenland",20,28,9999.5,"eco2D_Diversity_Simpson","Simpson Diversity Index","-",0.696008622646332
"Greenland",20,28,0.5,"eco2D_Diversity_Berger","Berger Diversity Index","-",0.821065664291382
"Greenland",20,28,1.5,"eco2D_Diversity_Berger","Berger Diversity Index","-",0.780220806598663
"Greenland",20,28,4.5,"eco2D_Diversity_Berger","Berger Diversity Index","-",0.778040170669556
"Greenland",20,28,9.5,"eco2D_Diversity_Berger","Berger Diversity Index","-",0.798241257667542
"Greenland",20,28,19.5,"eco2D_Diversity_Berger","Berger Diversity Index","-",0.762311100959778
"Greenland",20,28,49.5,"eco2D_Diversity_Berger","Berger Diversity Index","-",0.80077999830246
"Greenland",20,28,99.5,"eco2D_Diversity_Berger","Berger Diversity Index","-",0.802130818367004
"Greenland",20,28,199.5,"eco2D_Diversity_Berger","Berger Diversity Index","-",0.712011158466339
"Greenland",20,28,499.5,"eco2D_Diversity_Berger","Berger Diversity Index","-",0.669273972511292
"Greenland",20,28,999.5,"eco2D_Diversity_Berger","Berger Diversity Index","-",0.646039962768555
"Greenland",20,28,1999.5,"eco2D_Diversity_Berger","Berger Diversity Index","-",0.627936005592346
"Greenland",20,28,4999.5,"eco2D_Diversity_Berger","Berger Diversity Index","-",0.625294148921967
"Greenland",20,28,9999.5,"eco2D_Diversity_Berger","Berger Diversity Index","-",0.62495881319046
"Greenland",20,28,0.5,"eco2D_Size_Frac_Pico_Chl","Pico chlorophyll biomass","mg Chl m^-3",0.0600011087954044
"Greenland",20,28,1.5,"eco2D_Size_Frac_Pico_Chl","Pico chlorophyll biomass","mg Chl m^-3",0.0609224811196327
"Greenland",20,28,4.5,"eco2D_Size_Frac_Pico_Chl","Pico chlorophyll biomass","mg Chl m^-3",0.062869019806385
"Greenland",20,28,9.5,"eco2D_Size_Frac_Pico_Chl","Pico chlorophyll biomass","mg Chl m^-3",0.0639720857143402
"Greenland",20,28,19.5,"eco2D_Size_Frac_Pico_Chl","Pico chlorophyll biomass","mg Chl m^-3",0.0659970417618752
"Greenland",20,28,49.5,"eco2D_Size_Frac_Pico_Chl","Pico chlorophyll biomass","mg Chl m^-3",0.0664510354399681
"Greenland",20,28,99.5,"eco2D_Size_Frac_Pico_Chl","Pico chlorophyll biomass","mg Chl m^-3",0.0650577172636986
"Greenland",20,28,199.5,"eco2D_Size_Frac_Pico_Chl","Pico chlorophyll biomass","mg Chl m^-3",0.0620632022619247
"Greenland",20,28,499.5,"eco2D_Size_Frac_Pico_Chl","Pico chlorophyll biomass","mg Chl m^-3",0.0587001815438271
"Greenland",20,28,999.5,"eco2D_Size_Frac_Pico_Chl","Pico chlorophyll biomass","mg Chl m^-3",0.054050974547863
"Greenland",20,28,1999.5,"eco2D_Size_Frac_Pico_Chl","Pico chlorophyll biomass","mg Chl m^-3",0.0461523719131947
"Greenland",20,28,4999.5,"eco2D_Size_Frac_Pico_Chl","Pico chlorophyll biomass","mg Chl m^-3",0.0458409301936626
"Greenland",20,28,9999.5,"eco2D_Size_Frac_Pico_Chl","Pico chlorophyll biomass","mg Chl m^-3",0.0457997918128967
"Greenland",20,28,0.5,"eco2D_Size_Frac_Nano_Chl","Nano chlorophyll biomass","mg Chl m^-3",0.285510450601578
"Greenland",20,28,1.5,"eco2D_Size_Frac_Nano_Chl","Nano chlorophyll biomass","mg Chl m^-3",0.26309210062027
"Greenland",20,28,4.5,"eco2D_Size_Frac_Nano_Chl","Nano chlorophyll biomass","mg Chl m^-3",0.256925821304321
"Greenland",20,28,9.5,"eco2D_Size_Frac_Nano_Chl","Nano chlorophyll biomass","mg Chl m^-3",0.268926560878754
"Greenland",20,28,19.5,"eco2D_Size_Frac_Nano_Chl","Nano chlorophyll biomass","mg Chl m^-3",0.282794624567032
"Greenland",20,28,49.5,"eco2D_Size_Frac_Nano_Chl","Nano chlorophyll biomass","mg Chl m^-3",0.275605350732803
"Greenland",20,28,99.5,"eco2D_Size_Frac_Nano_Chl","Nano chlorophyll biomass","mg Chl m^-3",0.253946721553802
"Greenland",20,28,199.5,"eco2D_Size_Frac_Nano_Chl","Nano chlorophyll biomass","mg Chl m^-3",0.169803336262703
"Greenland",20,28,499.5,"eco2D_Size_Frac_Nano_Chl","Nano chlorophyll biomass","mg Chl m^-3",0.120806738734245
"Greenland",20,28,999.5,"eco2D_Size_Frac_Nano_Chl","Nano chlorophyll biomass","mg Chl m^-3",0.0848754346370697
"Greenland",20,28,1999.5,"eco2D_Size_Frac_Nano_Chl","Nano chlorophyll biomass","mg Chl m^-3",0.0490191951394081
"Greenland",20,28,4999.5,"eco2D_Size_Frac_Nano_Chl","Nano chlorophyll biomass","mg Chl m^-3",0.0480359382927418
"Greenland",20,28,9999.5,"eco2D_Size_Frac_Nano_Chl","Nano chlorophyll biomass","mg Chl m^-3",0.0478961728513241
"Greenland",20,28,0.5,"eco2D_Size_Frac_Micro_Chl","Micro chlorophyll biomass","mg Chl m^-3",0.211131066083908
"Greenland",20,28,1.5,"eco2D_Size_Frac_Micro_Chl","Micro chlorophyll biomass","mg Chl m^-3",0.129271000623703
"Greenland",20,28,4.5,"eco2D_Size_Frac_Micro_Chl","Micro chlorophyll biomass","mg Chl m^-3",0.123293489217758
"Greenland",20,28,9.5,"eco2D_Size_Frac_Micro_Chl","Micro chlorophyll biomass","mg Chl m^-3",0.165656551718712
"Greenland",20,28,19.5,"eco2D_Size_Frac_Micro_Chl","Micro chlorophyll biomass","mg Chl m^-3",0.27219745516777
"Greenland",20,28,49.5,"eco2D_Size_Frac_Micro_Chl","Micro chlorophyll biomass","mg Chl m^-3",0.239488765597343
"Greenland",20,28,99.5,"eco2D_Size_Frac_Micro_Chl","Micro chlorophyll biomass","mg Chl m^-3",0.152024120092392
"Greenland",20,28,199.5,"eco2D_Size_Frac_Micro_Chl","Micro chlorophyll biomass","mg Chl m^-3",0.0511866547167301
"Greenland",20,28,499.5,"eco2D_Size_Frac_Micro_Chl","Micro chlorophyll biomass","mg Chl m^-3",0.0230305716395378
"Greenland",20,28,999.5,"eco2D_Size_Frac_Micro_Chl","Micro chlorophyll biomass","mg Chl m^-3",0.00971457920968533
"Greenland",20,28,1999.5,"eco2D_Size_Frac_Micro_Chl","Micro chlorophyll biomass","mg Chl m^-3",1.39294052132755e-05
"Greenland",20,28,4999.5,"eco2D_Size_Frac_Micro_Chl","Micro chlorophyll biomass","mg Chl m^-3",1.39625133677157e-09
"Greenland",20,28,9999.5,"eco2D_Size_Frac_Micro_Chl","Micro chlorophyll biomass","mg Chl m^-3",1.29729105236009e-09
"Dolomites",21,20,0.5,"grid_level","grid definition","n/a",1
"Dolomites",21,20,1.5,"grid_level","grid definition","n/a",1
"Dolomites",21,20,4.5,"grid_level","grid definition","n/a",1
"Dolomites",21,20,9.5,"grid_level","grid definition","n/a",1
"Dolomites",21,20,19.5,"grid_level","grid definition","n/a",1
"Dolomites",21,20,49.5,"grid_level","grid definition","n/a",1
"Dolomites",21,20,99.5,"grid_level","grid definition","n/a",1
"Dolomites",21,20,199.5,"grid_level","grid definition","n/a",1
"Dolomites",21,20,499.5,"grid_level","grid definition","n/a",1
"Dolomites",21,20,999.5,"grid_level","grid definition","n/a",1
"Dolomites",21,20,1999.5,"grid_level","grid definition","n/a",1
"Dolomites",21,20,4999.5,"grid_level","grid definition","n/a",1
"Dolomites",21,20,9999.5,"grid_level","grid definition","n/a",1
"Dolomites",21,20,0.5,"grid_mask","land-sea mask","n/a",1
"Dolomites",21,20,1.5,"grid_mask","land-sea mask","n/a",1
"Dolomites",21,20,4.5,"grid_mask","land-sea mask","n/a",1
"Dolomites",21,20,9.5,"grid_mask","land-sea mask","n/a",1
"Dolomites",21,20,19.5,"grid_mask","land-sea mask","n/a",1
"Dolomites",21,20,49.5,"grid_mask","land-sea mask","n/a",1
"Dolomites",21,20,99.5,"grid_mask","land-sea mask","n/a",1
"Dolomites",21,20,199.5,"grid_mask","land-sea mask","n/a",1
"Dolomites",21,20,499.5,"grid_mask","land-sea mask","n/a",1
"Dolomites",21,20,999.5,"grid_mask","land-sea mask","n/a",1
"Dolomites",21,20,1999.5,"grid_mask","land-sea mask","n/a",1
"Dolomites",21,20,4999.5,"grid_mask","land-sea mask","n/a",1
"Dolomites",21,20,9999.5,"grid_mask","land-sea mask","n/a",1
"Dolomites",21,20,0.5,"grid_topo","ocean depth","m",5000
"Dolomites",21,20,1.5,"grid_topo","ocean depth","m",5000
"Dolomites",21,20,4.5,"grid_topo","ocean depth","m",5000
"Dolomites",21,20,9.5,"grid_topo","ocean depth","m",5000
"Dolomites",21,20,19.5,"grid_topo","ocean depth","m",5000
"Dolomites",21,20,49.5,"grid_topo","ocean depth","m",5000
"Dolomites",21,20,99.5,"grid_topo","ocean depth","m",5000
"Dolomites",21,20,199.5,"grid_topo","ocean depth","m",5000
"Dolomites",21,20,499.5,"grid_topo","ocean depth","m",5000
"Dolomites",21,20,999.5,"grid_topo","ocean depth","m",5000
"Dolomites",21,20,1999.5,"grid_topo","ocean depth","m",5000
"Dolomites",21,20,4999.5,"grid_topo","ocean depth","m",5000
"Dolomites",21,20,9999.5,"grid_topo","ocean depth","m",5000
"Dolomites",21,20,0.5,"eco2D_Plankton_C_001","C Biomass - Popn. #001 (0.60 micron phytoplankton)","mmol C m^-3",0.0339354686439037
"Dolomites",21,20,1.5,"eco2D_Plankton_C_001","C Biomass - Popn. #001 (0.60 micron phytoplankton)","mmol C m^-3",0.0419115573167801
"Dolomites",21,20,4.5,"eco2D_Plankton_C_001","C Biomass - Popn. #001 (0.60 micron phytoplankton)","mmol C m^-3",0.0589124672114849
"Dolomites",21,20,9.5,"eco2D_Plankton_C_001","C Biomass - Popn. #001 (0.60 micron phytoplankton)","mmol C m^-3",0.069811686873436
"Dolomites",21,20,19.5,"eco2D_Plankton_C_001","C Biomass - Popn. #001 (0.60 micron phytoplankton)","mmol C m^-3",0.0807998701930046
"Dolomites",21,20,49.5,"eco2D_Plankton_C_001","C Biomass - Popn. #001 (0.60 micron phytoplankton)","mmol C m^-3",0.0994365140795708
"Dolomites",21,20,99.5,"eco2D_Plankton_C_001","C Biomass - Popn. #001 (0.60 micron phytoplankton)","mmol C m^-3",0.111055180430412
"Dolomites",21,20,199.5,"eco2D_Plankton_C_001","C Biomass - Popn. #001 (0.60 micron phytoplankton)","mmol C m^-3",0.113172627985477
"Dolomites",21,20,499.5,"eco2D_Plankton_C_001","C Biomass - Popn. #001 (0.60 micron phytoplankton)","mmol C m^-3",0.11863186955452
"Dolomites",21,20,999.5,"eco2D_Plankton_C_001","C Biomass - Popn. #001 (0.60 micron phytoplankton)","mmol C m^-3",0.1154939904809
"Dolomites",21,20,1999.5,"eco2D_Plankton_C_001","C Biomass - Popn. #001 (0.60 micron phytoplankton)","mmol C m^-3",0.118111848831177
"Dolomites",21,20,4999.5,"eco2D_Plankton_C_001","C Biomass - Popn. #001 (0.60 micron phytoplankton)","mmol C m^-3",0.115922093391418
"Dolomites",21,20,9999.5,"eco2D_Plankton_C_001","C Biomass - Popn. #001 (0.60 micron phytoplankton)","mmol C m^-3",0.115910559892654
"Dolomites",21,20,0.5,"eco2D_Plankton_C_002","C Biomass - Popn. #002 (1.90 micron phytoplankton)","mmol C m^-3",0.200094401836395
"Dolomites",21,20,1.5,"eco2D_Plankton_C_002","C Biomass - Popn. #002 (1.90 micron phytoplankton)","mmol C m^-3",0.20855937898159
"Dolomites",21,20,4.5,"eco2D_Plankton_C_002","C Biomass - Popn. #002 (1.90 micron phytoplankton)","mmol C m^-3",0.217864483594894
"Dolomites",21,20,9.5,"eco2D_Plankton_C_002","C Biomass - Popn. #002 (1.90 micron phytoplankton)","mmol C m^-3",0.208251476287842
"Dolomites",21,20,19.5,"eco2D_Plankton_C_002","C Biomass - Popn. #002 (1.90 micron phytoplankton)","mmol C m^-3",0.187818452715874
"Dolomites",21,20,49.5,"eco2D_Plankton_C_002","C Biomass - Popn. #002 (1.90 micron phytoplankton)","mmol C m^-3",0.133201256394386
"Dolomites",21,20,99.5,"eco2D_Plankton_C_002","C Biomass - Popn. #002 (1.90 micron phytoplankton)","mmol C m^-3",0.112748339772224
"Dolomites",21,20,199.5,"eco2D_Plankton_C_002","C Biomass - Popn. #002 (1.90 micron phytoplankton)","mmol C m^-3",0.112839885056019
"Dolomites",21,20,499.5,"eco2D_Plankton_C_002","C Biomass - Popn. #002 (1.90 micron phytoplankton)","mmol C m^-3",0.110839687287807
"Dolomites",21,20,999.5,"eco2D_Plankton_C_002","C Biomass - Popn. #002 (1.90 micron phytoplankton)","mmol C m^-3",0.112939320504665
"Dolomites",21,20,1999.5,"eco2D_Plankton_C_002","C Biomass - Popn. #002 (1.90 micron phytoplankton)","mmol C m^-3",0.111566871404648
"Dolomites",21,20,4999.5,"eco2D_Plankton_C_002","C Biomass - Popn. #002 (1.90 micron phytoplankton)","mmol C m^-3",0.115143992006779
"Dolomites",21,20,9999.5,"eco2D_Plankton_C_002","C Biomass - Popn. #002 (1.90 micron phytoplankton)","mmol C m^-3",0.115128390491009
"Dolomites",21,20,0.5,"eco2D_Plankton_C_003","C Biomass - Popn. #003 (6.00 micron phytoplankton)","mmol C m^-3",0.505448460578918
"Dolomites",21,20,1.5,"eco2D_Plankton_C_003","C Biomass - Popn. #003 (6.00 micron phytoplankton)","mmol C m^-3",0.410925716161728
"Dolomites",21,20,4.5,"eco2D_Plankton_C_003","C Biomass - Popn. #003 (6.00 micron phytoplankton)","mmol C m^-3",0.241765856742859
"Dolomites",21,20,9.5,"eco2D_Plankton_C_003","C Biomass - Popn. #003 (6.00 micron phytoplankton)","mmol C m^-3",0.170302093029022
"Dolomites",21,20,19.5,"eco2D_Plankton_C_003","C Biomass - Popn. #003 (6.00 micron phytoplankton)","mmol C m^-3",0.119601748883724
"Dolomites",21,20,49.5,"eco2D_Plankton_C_003","C Biomass - Popn. #003 (6.00 micron phytoplankton)","mmol C m^-3",0.0535439066588879
"Dolomites",21,20,99.5,"eco2D_Plankton_C_003","C Biomass - Popn. #003 (6.00 micron phytoplankton)","mmol C m^-3",0.0208334792405367
"Dolomites",21,20,199.5,"eco2D_Plankton_C_003","C Biomass - Popn. #003 (6.00 micron phytoplankton)","mmol C m^-3",0.0158058591187
"Dolomites",21,20,499.5,"eco2D_Plankton_C_003","C Biomass - Popn. #003 (6.00 micron phytoplankton)","mmol C m^-3",3.89658361132916e-10
"Dolomites",21,20,999.5,"eco2D_Plankton_C_003","C Biomass - Popn. #003 (6.00 micron phytoplankton)","mmol C m^-3",1.70638531082901e-10
"Dolomites",21,20,1999.5,"eco2D_Plankton_C_003","C Biomass - Popn. #003 (6.00 micron phytoplankton)","mmol C m^-3",1.49576184771405e-10
"Dolomites",21,20,4999.5,"eco2D_Plankton_C_003","C Biomass - Popn. #003 (6.00 micron phytoplankton)","mmol C m^-3",1.68163108438257e-10
"Dolomites",21,20,9999.5,"eco2D_Plankton_C_003","C Biomass - Popn. #003 (6.00 micron phytoplankton)","mmol C m^-3",1.67356073443869e-10
"Dolomites",21,20,0.5,"eco2D_Plankton_C_004","C Biomass - Popn. #004 (19.00 micron phytoplankton)","mmol C m^-3",0.452048629522324
"Dolomites",21,20,1.5,"eco2D_Plankton_C_004","C Biomass - Popn. #004 (19.00 micron phytoplankton)","mmol C m^-3",0.330775856971741
"Dolomites",21,20,4.5,"eco2D_Plankton_C_004","C Biomass - Popn. #004 (19.00 micron phytoplankton)","mmol C m^-3",0.122160725295544
"Dolomites",21,20,9.5,"eco2D_Plankton_C_004","C Biomass - Popn. #004 (19.00 micron phytoplankton)","mmol C m^-3",0.0725656971335411
"Dolomites",21,20,19.5,"eco2D_Plankton_C_004","C Biomass - Popn. #004 (19.00 micron phytoplankton)","mmol C m^-3",0.036127146333456
"Dolomites",21,20,49.5,"eco2D_Plankton_C_004","C Biomass - Popn. #004 (19.00 micron phytoplankton)","mmol C m^-3",9.4654860338661e-11
"Dolomites",21,20,99.5,"eco2D_Plankton_C_004","C Biomass - Popn. #004 (19.00 micron phytoplankton)","mmol C m^-3",4.76540473748344e-11
"Dolomites",21,20,199.5,"eco2D_Plankton_C_004","C Biomass - Popn. #004 (19.00 micron phytoplankton)","mmol C m^-3",4.40292975689704e-11
"Dolomites",21,20,499.5,"eco2D_Plankton_C_004","C Biomass - Popn. #004 (19.00 micron phytoplankton)","mmol C m^-3",3.20993717717322e-11
"Dolomites",21,20,999.5,"eco2D_Plankton_C_004","C Biomass - Popn. #004 (19.00 micron phytoplankton)","mmol C m^-3",2.68168057204754e-11
"Dolomites",21,20,1999.5,"eco2D_Plankton_C_004","C Biomass - Popn. #004 (19.00 micron phytoplankton)","mmol C m^-3",2.55225892503708e-11
"Dolomites",21,20,4999.5,"eco2D_Plankton_C_004","C Biomass - Popn. #004 (19.00 micron phytoplankton)","mmol C m^-3",2.67359155647906e-11
"Dolomites",21,20,9999.5,"eco2D_Plankton_C_004","C Biomass - Popn. #004 (19.00 micron phytoplankton)","mmol C m^-3",2.67140337628646e-11
"Dolomites",21,20,0.5,"eco2D_Plankton_C_005","C Biomass - Popn. #005 (60.00 micron phytoplankton)","mmol C m^-3",0.369559526443481
"Dolomites",21,20,1.5,"eco2D_Plankton_C_005","C Biomass - Popn. #005 (60.00 micron phytoplankton)","mmol C m^-3",0.21503122150898
"Dolomites",21,20,4.5,"eco2D_Plankton_C_005","C Biomass - Popn. #005 (60.00 micron phytoplankton)","mmol C m^-3",0.0297949872910976
"Dolomites",21,20,9.5,"eco2D_Plankton_C_005","C Biomass - Popn. #005 (60.00 micron phytoplankton)","mmol C m^-3",0.000158330643898807
"Dolomites",21,20,19.5,"eco2D_Plankton_C_005","C Biomass - Popn. #005 (60.00 micron phytoplankton)","mmol C m^-3",7.99501020942728e-11
"Dolomites",21,20,49.5,"eco2D_Plankton_C_005","C Biomass - Popn. #005 (60.00 micron phytoplankton)","mmol C m^-3",2.010936209218e-11
"Dolomites",21,20,99.5,"eco2D_Plankton_C_005","C Biomass - Popn. #005 (60.00 micron phytoplankton)","mmol C m^-3",1.2167788478179e-11
"Dolomites",21,20,199.5,"eco2D_Plankton_C_005","C Biomass - Popn. #005 (60.00 micron phytoplankton)","mmol C m^-3",1.13604629176089e-11
"Dolomites",21,20,499.5,"eco2D_Plankton_C_005","C Biomass - Popn. #005 (60.00 micron phytoplankton)","mmol C m^-3",8.66440252877965e-12
"Dolomites",21,20,999.5,"eco2D_Plankton_C_005","C Biomass - Popn. #005 (60.00 micron phytoplankton)","mmol C m^-3",7.36580501453643e-12
"Dolomites",21,20,1999.5,"eco2D_Plankton_C_005","C Biomass - Popn. #005 (60.00 micron phytoplankton)","mmol C m^-3",7.04434644296925e-12
"Dolomites",21,20,4999.5,"eco2D_Plankton_C_005","C Biomass - Popn. #005 (60.00 micron phytoplankton)","mmol C m^-3",7.34482266673275e-12
"Dolomites",21,20,9999.5,"eco2D_Plankton_C_005","C Biomass - Popn. #005 (60.00 micron phytoplankton)","mmol C m^-3",7.33846143574635e-12
"Dolomites",21,20,0.5,"eco2D_Plankton_C_006","C Biomass - Popn. #006 (190.00 micron phytoplankton)","mmol C m^-3",0.352481842041016
"Dolomites",21,20,1.5,"eco2D_Plankton_C_006","C Biomass - Popn. #006 (190.00 micron phytoplankton)","mmol C m^-3",0.111096456646919
"Dolomites",21,20,4.5,"eco2D_Plankton_C_006","C Biomass - Popn. #006 (190.00 micron phytoplankton)","mmol C m^-3",8.03018025408164e-08
"Dolomites",21,20,9.5,"eco2D_Plankton_C_006","C Biomass - Popn. #006 (190.00 micron phytoplankton)","mmol C m^-3",3.25175164572755e-11
"Dolomites",21,20,19.5,"eco2D_Plankton_C_006","C Biomass - Popn. #006 (190.00 micron phytoplankton)","mmol C m^-3",1.85274781627776e-11
"Dolomites",21,20,49.5,"eco2D_Plankton_C_006","C Biomass - Popn. #006 (190.00 micron phytoplankton)","mmol C m^-3",5.61419357184012e-12
"Dolomites",21,20,99.5,"eco2D_Plankton_C_006","C Biomass - Popn. #006 (190.00 micron phytoplankton)","mmol C m^-3",3.52570576900302e-12
"Dolomites",21,20,199.5,"eco2D_Plankton_C_006","C Biomass - Popn. #006 (190.00 micron phytoplankton)","mmol C m^-3",3.28142417752031e-12
"Dolomites",21,20,499.5,"eco2D_Plankton_C_006","C Biomass - Popn. #006 (190.00 micron phytoplankton)","mmol C m^-3",2.52360068606072e-12
"Dolomites",21,20,999.5,"eco2D_Plankton_C_006","C Biomass - Popn. #006 (190.00 micron phytoplankton)","mmol C m^-3",2.15106968695644e-12
"Dolomites",21,20,1999.5,"eco2D_Plankton_C_006","C Biomass - Popn. #006 (190.00 micron phytoplankton)","mmol C m^-3",2.05598277118468e-12
"Dolomites",21,20,4999.5,"eco2D_Plankton_C_006","C Biomass - Popn. #006 (190.00 micron phytoplankton)","mmol C m^-3",2.13864646478323e-12
"Dolomites",21,20,9999.5,"eco2D_Plankton_C_006","C Biomass - Popn. #006 (190.00 micron phytoplankton)","mmol C m^-3",2.13990804243114e-12
"Dolomites",21,20,0.5,"eco2D_Plankton_C_007","C Biomass - Popn. #007 (600.00 micron phytoplankton)","mmol C m^-3",0.365429937839508
"Dolomites",21,20,1.5,"eco2D_Plankton_C_007","C Biomass - Popn. #007 (600.00 micron phytoplankton)","mmol C m^-3",0.0355690680444241
"Dolomites",21,20,4.5,"eco2D_Plankton_C_007","C Biomass - Popn. #007 (600.00 micron phytoplankton)","mmol C m^-3",1.68448432286139e-11
"Dolomites",21,20,9.5,"eco2D_Plankton_C_007","C Biomass - Popn. #007 (600.00 micron phytoplankton)","mmol C m^-3",9.03387000622535e-12
"Dolomites",21,20,19.5,"eco2D_Plankton_C_007","C Biomass - Popn. #007 (600.00 micron phytoplankton)","mmol C m^-3",5.55516396771871e-12
"Dolomites",21,20,49.5,"eco2D_Plankton_C_007","C Biomass - Popn. #007 (600.00 micron phytoplankton)","mmol C m^-3",1.65532214671527e-12
"Dolomites",21,20,99.5,"eco2D_Plankton_C_007","C Biomass - Popn. #007 (600.00 micron phytoplankton)","mmol C m^-3",1.07505053036777e-12
"Dolomites",21,20,199.5,"eco2D_Plankton_C_007","C Biomass - Popn. #007 (600.00 micron phytoplankton)","mmol C m^-3",9.75923877301332e-13
"Dolomites",21,20,499.5,"eco2D_Plankton_C_007","C Biomass - Popn. #007 (600.00 micron phytoplankton)","mmol C m^-3",7.51492130243031e-13
"Dolomites",21,20,999.5,"eco2D_Plankton_C_007","C Biomass - Popn. #007 (600.00 micron phytoplankton)","mmol C m^-3",6.40804087310293e-13
"Dolomites",21,20,1999.5,"eco2D_Plankton_C_007","C Biomass - Popn. #007 (600.00 micron phytoplankton)","mmol C m^-3",6.10979962369779e-13
"Dolomites",21,20,4999.5,"eco2D_Plankton_C_007","C Biomass - Popn. #007 (600.00 micron phytoplankton)","mmol C m^-3",6.34619201807241e-13
"Dolomites",21,20,9999.5,"eco2D_Plankton_C_007","C Biomass - Popn. #007 (600.00 micron phytoplankton)","mmol C m^-3",6.36164840424336e-13
"Dolomites",21,20,0.5,"eco2D_Plankton_C_008","C Biomass - Popn. #008 (1900.00 micron phytoplankton)","mmol C m^-3",0.198145002126694
"Dolomites",21,20,1.5,"eco2D_Plankton_C_008","C Biomass - Popn. #008 (1900.00 micron phytoplankton)","mmol C m^-3",0.00300957448780537
"Dolomites",21,20,4.5,"eco2D_Plankton_C_008","C Biomass - Popn. #008 (1900.00 micron phytoplankton)","mmol C m^-3",6.12880189307385e-12
"Dolomites",21,20,9.5,"eco2D_Plankton_C_008","C Biomass - Popn. #008 (1900.00 micron phytoplankton)","mmol C m^-3",2.9125701416638e-12
"Dolomites",21,20,19.5,"eco2D_Plankton_C_008","C Biomass - Popn. #008 (1900.00 micron phytoplankton)","mmol C m^-3",1.85731508298148e-12
"Dolomites",21,20,49.5,"eco2D_Plankton_C_008","C Biomass - Popn. #008 (1900.00 micron phytoplankton)","mmol C m^-3",5.51563460703119e-13
"Dolomites",21,20,99.5,"eco2D_Plankton_C_008","C Biomass - Popn. #008 (1900.00 micron phytoplankton)","mmol C m^-3",3.55401445035694e-13
"Dolomites",21,20,199.5,"eco2D_Plankton_C_008","C Biomass - Popn. #008 (1900.00 micron phytoplankton)","mmol C m^-3",2.92020666545559e-13
"Dolomites",21,20,499.5,"eco2D_Plankton_C_008","C Biomass - Popn. #008 (1900.00 micron phytoplankton)","mmol C m^-3",2.26084315114658e-13
"Dolomites",21,20,999.5,"eco2D_Plankton_C_008","C Biomass - Popn. #008 (1900.00 micron phytoplankton)","mmol C m^-3",1.91533271990015e-13
"Dolomites",21,20,1999.5,"eco2D_Plankton_C_008","C Biomass - Popn. #008 (1900.00 micron phytoplankton)","mmol C m^-3",1.81737478256554e-13
"Dolomites",21,20,4999.5,"eco2D_Plankton_C_008","C Biomass - Popn. #008 (1900.00 micron phytoplankton)","mmol C m^-3",1.88835763432343e-13
"Dolomites",21,20,9999.5,"eco2D_Plankton_C_008","C Biomass - Popn. #008 (1900.00 micron phytoplankton)","mmol C m^-3",1.89434107506284e-13
"Dolomites",21,20,0.5,"eco2D_Plankton_C_009","C Biomass - Popn. #009 (0.60 micron zooplankton)","mmol C m^-3",0.00329748634248972
"Dolomites",21,20,1.5,"eco2D_Plankton_C_009","C Biomass - Popn. #009 (0.60 micron zooplankton)","mmol C m^-3",6.7645829403773e-05
"Dolomites",21,20,4.5,"eco2D_Plankton_C_009","C Biomass - Popn. #009 (0.60 micron zooplankton)","mmol C m^-3",2.4060273062787e-05
"Dolomites",21,20,9.5,"eco2D_Plankton_C_009","C Biomass - Popn. #009 (0.60 micron zooplankton)","mmol C m^-3",8.28595489110739e-07
"Dolomites",21,20,19.5,"eco2D_Plankton_C_009","C Biomass - Popn. #009 (0.60 micron zooplankton)","mmol C m^-3",2.29109411997719e-10
"Dolomites",21,20,49.5,"eco2D_Plankton_C_009","C Biomass - Popn. #009 (0.60 micron zooplankton)","mmol C m^-3",1.15234780051487e-10
"Dolomites",21,20,99.5,"eco2D_Plankton_C_009","C Biomass - Popn. #009 (0.60 micron zooplankton)","mmol C m^-3",1.02121540390687e-10
"Dolomites",21,20,199.5,"eco2D_Plankton_C_009","C Biomass - Popn. #009 (0.60 micron zooplankton)","mmol C m^-3",1.01369135308005e-10
"Dolomites",21,20,499.5,"eco2D_Plankton_C_009","C Biomass - Popn. #009 (0.60 micron zooplankton)","mmol C m^-3",9.67866412016072e-11
"Dolomites",21,20,999.5,"eco2D_Plankton_C_009","C Biomass - Popn. #009 (0.60 micron zooplankton)","mmol C m^-3",8.5994746046314e-11
"Dolomites",21,20,1999.5,"eco2D_Plankton_C_009","C Biomass - Popn. #009 (0.60 micron zooplankton)","mmol C m^-3",8.51635914567161e-11
"Dolomites",21,20,4999.5,"eco2D_Plankton_C_009","C Biomass - Popn. #009 (0.60 micron zooplankton)","mmol C m^-3",8.52881723578669e-11
"Dolomites",21,20,9999.5,"eco2D_Plankton_C_009","C Biomass - Popn. #009 (0.60 micron zooplankton)","mmol C m^-3",8.52681189544846e-11
"Dolomites",21,20,0.5,"eco2D_Plankton_C_010","C Biomass - Popn. #010 (1.90 micron zooplankton)","mmol C m^-3",0.0517381578683853
"Dolomites",21,20,1.5,"eco2D_Plankton_C_010","C Biomass - Popn. #010 (1.90 micron zooplankton)","mmol C m^-3",0.0505943298339844
"Dolomites",21,20,4.5,"eco2D_Plankton_C_010","C Biomass - Popn. #010 (1.90 micron zooplankton)","mmol C m^-3",0.0462529510259628
"Dolomites",21,20,9.5,"eco2D_Plankton_C_010","C Biomass - Popn. #010 (1.90 micron zooplankton)","mmol C m^-3",0.0417475551366806
"Dolomites",21,20,19.5,"eco2D_Plankton_C_010","C Biomass - Popn. #010 (1.90 micron zooplankton)","mmol C m^-3",0.0361997112631798
"Dolomites",21,20,49.5,"eco2D_Plankton_C_010","C Biomass - Popn. #010 (1.90 micron zooplankton)","mmol C m^-3",0.0221952609717846
"Dolomites",21,20,99.5,"eco2D_Plankton_C_010","C Biomass - Popn. #010 (1.90 micron zooplankton)","mmol C m^-3",0.0191043950617313
"Dolomites",21,20,199.5,"eco2D_Plankton_C_010","C Biomass - Popn. #010 (1.90 micron zooplankton)","mmol C m^-3",0.0194630213081837
"Dolomites",21,20,499.5,"eco2D_Plankton_C_010","C Biomass - Popn. #010 (1.90 micron zooplankton)","mmol C m^-3",0.0205743983387947
"Dolomites",21,20,999.5,"eco2D_Plankton_C_010","C Biomass - Popn. #010 (1.90 micron zooplankton)","mmol C m^-3",0.0176300965249538
"Dolomites",21,20,1999.5,"eco2D_Plankton_C_010","C Biomass - Popn. #010 (1.90 micron zooplankton)","mmol C m^-3",0.0169536992907524
"Dolomites",21,20,4999.5,"eco2D_Plankton_C_010","C Biomass - Popn. #010 (1.90 micron zooplankton)","mmol C m^-3",0.0174266453832388
"Dolomites",21,20,9999.5,"eco2D_Plankton_C_010","C Biomass - Popn. #010 (1.90 micron zooplankton)","mmol C m^-3",0.0174176786094904
"Dolomites",21,20,0.5,"eco2D_Plankton_C_011","C Biomass - Popn. #011 (6.00 micron zooplankton)","mmol C m^-3",0.168056204915047
"Dolomites",21,20,1.5,"eco2D_Plankton_C_011","C Biomass - Popn. #011 (6.00 micron zooplankton)","mmol C m^-3",0.150415614247322
"Dolomites",21,20,4.5,"eco2D_Plankton_C_011","C Biomass - Popn. #011 (6.00 micron zooplankton)","mmol C m^-3",0.115483574569225
"Dolomites",21,20,9.5,"eco2D_Plankton_C_011","C Biomass - Popn. #011 (6.00 micron zooplankton)","mmol C m^-3",0.0965707078576088
"Dolomites",21,20,19.5,"eco2D_Plankton_C_011","C Biomass - Popn. #011 (6.00 micron zooplankton)","mmol C m^-3",0.0832056477665901
"Dolomites",21,20,49.5,"eco2D_Plankton_C_011","C Biomass - Popn. #011 (6.00 micron zooplankton)","mmol C m^-3",0.0676680579781532
"Dolomites",21,20,99.5,"eco2D_Plankton_C_011","C Biomass - Popn. #011 (6.00 micron zooplankton)","mmol C m^-3",0.0676797330379486
"Dolomites",21,20,199.5,"eco2D_Plankton_C_011","C Biomass - Popn. #011 (6.00 micron zooplankton)","mmol C m^-3",0.069695346057415
"Dolomites",21,20,499.5,"eco2D_Plankton_C_011","C Biomass - Popn. #011 (6.00 micron zooplankton)","mmol C m^-3",0.0822399407625198
"Dolomites",21,20,999.5,"eco2D_Plankton_C_011","C Biomass - Popn. #011 (6.00 micron zooplankton)","mmol C m^-3",0.106168061494827
"Dolomites",21,20,1999.5,"eco2D_Plankton_C_011","C Biomass - Popn. #011 (6.00 micron zooplankton)","mmol C m^-3",0.103164441883564
"Dolomites",21,20,4999.5,"eco2D_Plankton_C_011","C Biomass - Popn. #011 (6.00 micron zooplankton)","mmol C m^-3",0.106330066919327
"Dolomites",21,20,9999.5,"eco2D_Plankton_C_011","C Biomass - Popn. #011 (6.00 micron zooplankton)","mmol C m^-3",0.106309287250042
"Dolomites",21,20,0.5,"eco2D_Plankton_C_012","C Biomass - Popn. #012 (19.00 micron zooplankton)","mmol C m^-3",0.320270508527756
"Dolomites",21,20,1.5,"eco2D_Plankton_C_012","C Biomass - Popn. #012 (19.00 micron zooplankton)","mmol C m^-3",0.268400579690933
"Dolomites",21,20,4.5,"eco2D_Plankton_C_012","C Biomass - Popn. #012 (19.00 micron zooplankton)","mmol C m^-3",0.178408101201057
"Dolomites",21,20,9.5,"eco2D_Plankton_C_012","C Biomass - Popn. #012 (19.00 micron zooplankton)","mmol C m^-3",0.146361470222473
"Dolomites",21,20,19.5,"eco2D_Plankton_C_012","C Biomass - Popn. #012 (19.00 micron zooplankton)","mmol C m^-3",0.127343162894249
"Dolomites",21,20,49.5,"eco2D_Plankton_C_012","C Biomass - Popn. #012 (19.00 micron zooplankton)","mmol C m^-3",0.122087381780148
"Dolomites",21,20,99.5,"eco2D_Plankton_C_012","C Biomass - Popn. #012 (19.00 micron zooplankton)","mmol C m^-3",0.0984415337443352
"Dolomites",21,20,199.5,"eco2D_Plankton_C_012","C Biomass - Popn. #012 (19.00 micron zooplankton)","mmol C m^-3",0.0892287194728851
"Dolomites",21,20,499.5,"eco2D_Plankton_C_012","C Biomass - Popn. #012 (19.00 micron zooplankton)","mmol C m^-3",0.0461385026574135
"Dolomites",21,20,999.5,"eco2D_Plankton_C_012","C Biomass - Popn. #012 (19.00 micron zooplankton)","mmol C m^-3",4.11726114180055e-06
"Dolomites",21,20,1999.5,"eco2D_Plankton_C_012","C Biomass - Popn. #012 (19.00 micron zooplankton)","mmol C m^-3",4.11041450876226e-10
"Dolomites",21,20,4999.5,"eco2D_Plankton_C_012","C Biomass - Popn. #012 (19.00 micron zooplankton)","mmol C m^-3",5.64867097541111e-10
"Dolomites",21,20,9999.5,"eco2D_Plankton_C_012","C Biomass - Popn. #012 (19.00 micron zooplankton)","mmol C m^-3",5.57652868327096e-10
"Dolomites",21,20,0.5,"eco2D_Plankton_C_013","C Biomass - Popn. #013 (60.00 micron zooplankton)","mmol C m^-3",0.450609415769577
"Dolomites",21,20,1.5,"eco2D_Plankton_C_013","C Biomass - Popn. #013 (60.00 micron zooplankton)","mmol C m^-3",0.351290702819824
"Dolomites",21,20,4.5,"eco2D_Plankton_C_013","C Biomass - Popn. #013 (60.00 micron zooplankton)","mmol C m^-3",0.221466317772865
"Dolomites",21,20,9.5,"eco2D_Plankton_C_013","C Biomass - Popn. #013 (60.00 micron zooplankton)","mmol C m^-3",0.198918715119362
"Dolomites",21,20,19.5,"eco2D_Plankton_C_013","C Biomass - Popn. #013 (60.00 micron zooplankton)","mmol C m^-3",0.168969765305519
"Dolomites",21,20,49.5,"eco2D_Plankton_C_013","C Biomass - Popn. #013 (60.00 micron zooplankton)","mmol C m^-3",0.0484639331698418
"Dolomites",21,20,99.5,"eco2D_Plankton_C_013","C Biomass - Popn. #013 (60.00 micron zooplankton)","mmol C m^-3",1.38356909262782e-10
"Dolomites",21,20,199.5,"eco2D_Plankton_C_013","C Biomass - Popn. #013 (60.00 micron zooplankton)","mmol C m^-3",1.19557960753802e-10
"Dolomites",21,20,499.5,"eco2D_Plankton_C_013","C Biomass - Popn. #013 (60.00 micron zooplankton)","mmol C m^-3",7.45531275603284e-11
"Dolomites",21,20,999.5,"eco2D_Plankton_C_013","C Biomass - Popn. #013 (60.00 micron zooplankton)","mmol C m^-3",5.95564847438723e-11
"Dolomites",21,20,1999.5,"eco2D_Plankton_C_013","C Biomass - Popn. #013 (60.00 micron zooplankton)","mmol C m^-3",5.62714042029455e-11
"Dolomites",21,20,4999.5,"eco2D_Plankton_C_013","C Biomass - Popn. #013 (60.00 micron zooplankton)","mmol C m^-3",5.89593721067594e-11
"Dolomites",21,20,9999.5,"eco2D_Plankton_C_013","C Biomass - Popn. #013 (60.00 micron zooplankton)","mmol C m^-3",5.8916073408799e-11
"Dolomites",21,20,0.5,"eco2D_Plankton_C_014","C Biomass - Popn. #014 (190.00 micron zooplankton)","mmol C m^-3",0.5517498254776
"Dolomites",21,20,1.5,"eco2D_Plankton_C_014","C Biomass - Popn. #014 (190.00 micron zooplankton)","mmol C m^-3",0.399931609630585
"Dolomites",21,20,4.5,"eco2D_Plankton_C_014","C Biomass - Popn. #014 (190.00 micron zooplankton)","mmol C m^-3",0.263471513986588
"Dolomites",21,20,9.5,"eco2D_Plankton_C_014","C Biomass - Popn. #014 (190.00 micron zooplankton)","mmol C m^-3",0.265945255756378
"Dolomites",21,20,19.5,"eco2D_Plankton_C_014","C Biomass - Popn. #014 (190.00 micron zooplankton)","mmol C m^-3",0.150783374905586
"Dolomites",21,20,49.5,"eco2D_Plankton_C_014","C Biomass - Popn. #014 (190.00 micron zooplankton)","mmol C m^-3",6.67419314259732e-11
"Dolomites",21,20,99.5,"eco2D_Plankton_C_014","C Biomass - Popn. #014 (190.00 micron zooplankton)","mmol C m^-3",3.20418795662913e-11
"Dolomites",21,20,199.5,"eco2D_Plankton_C_014","C Biomass - Popn. #014 (190.00 micron zooplankton)","mmol C m^-3",2.86245315644917e-11
"Dolomites",21,20,499.5,"eco2D_Plankton_C_014","C Biomass - Popn. #014 (190.00 micron zooplankton)","mmol C m^-3",1.79991681281688e-11
"Dolomites",21,20,999.5,"eco2D_Plankton_C_014","C Biomass - Popn. #014 (190.00 micron zooplankton)","mmol C m^-3",1.30033327855328e-11
"Dolomites",21,20,1999.5,"eco2D_Plankton_C_014","C Biomass - Popn. #014 (190.00 micron zooplankton)","mmol C m^-3",1.23404394342108e-11
"Dolomites",21,20,4999.5,"eco2D_Plankton_C_014","C Biomass - Popn. #014 (190.00 micron zooplankton)","mmol C m^-3",1.28986170702672e-11
"Dolomites",21,20,9999.5,"eco2D_Plankton_C_014","C Biomass - Popn. #014 (190.00 micron zooplankton)","mmol C m^-3",1.28888635875235e-11
"Dolomites",21,20,0.5,"eco2D_Plankton_C_015","C Biomass - Popn. #015 (600.00 micron zooplankton)","mmol C m^-3",0.678776025772095
"Dolomites",21,20,1.5,"eco2D_Plankton_C_015","C Biomass - Popn. #015 (600.00 micron zooplankton)","mmol C m^-3",0.462064385414124
"Dolomites",21,20,4.5,"eco2D_Plankton_C_015","C Biomass - Popn. #015 (600.00 micron zooplankton)","mmol C m^-3",0.244261860847473
"Dolomites",21,20,9.5,"eco2D_Plankton_C_015","C Biomass - Popn. #015 (600.00 micron zooplankton)","mmol C m^-3",0.0277400035411119
"Dolomites",21,20,19.5,"eco2D_Plankton_C_015","C Biomass - Popn. #015 (600.00 micron zooplankton)","mmol C m^-3",1.02979430538497e-10
"Dolomites",21,20,49.5,"eco2D_Plankton_C_015","C Biomass - Popn. #015 (600.00 micron zooplankton)","mmol C m^-3",1.57318498505976e-11
"Dolomites",21,20,99.5,"eco2D_Plankton_C_015","C Biomass - Popn. #015 (600.00 micron zooplankton)","mmol C m^-3",6.96835297797627e-12
"Dolomites",21,20,199.5,"eco2D_Plankton_C_015","C Biomass - Popn. #015 (600.00 micron zooplankton)","mmol C m^-3",6.11253582472049e-12
"Dolomites",21,20,499.5,"eco2D_Plankton_C_015","C Biomass - Popn. #015 (600.00 micron zooplankton)","mmol C m^-3",3.40021608959129e-12
"Dolomites",21,20,999.5,"eco2D_Plankton_C_015","C Biomass - Popn. #015 (600.00 micron zooplankton)","mmol C m^-3",1.94900779543206e-12
"Dolomites",21,20,1999.5,"eco2D_Plankton_C_015","C Biomass - Popn. #015 (600.00 micron zooplankton)","mmol C m^-3",1.83841288546593e-12
"Dolomites",21,20,4999.5,"eco2D_Plankton_C_015","C Biomass - Popn. #015 (600.00 micron zooplankton)","mmol C m^-3",1.92470648793797e-12
"Dolomites",21,20,9999.5,"eco2D_Plankton_C_015","C Biomass - Popn. #015 (600.00 micron zooplankton)","mmol C m^-3",1.92659256603722e-12
"Dolomites",21,20,0.5,"eco2D_Plankton_C_016","C Biomass - Popn. #016 (1900.00 micron zooplankton)","mmol C m^-3",0.756733059883118
"Dolomites",21,20,1.5,"eco2D_Plankton_C_016","C Biomass - Popn. #016 (1900.00 micron zooplankton)","mmol C m^-3",0.489534258842468
"Dolomites",21,20,4.5,"eco2D_Plankton_C_016","C Biomass - Popn. #016 (1900.00 micron zooplankton)","mmol C m^-3",0.000208708937861957
"Dolomites",21,20,9.5,"eco2D_Plankton_C_016","C Biomass - Popn. #016 (1900.00 micron zooplankton)","mmol C m^-3",4.96790039661299e-11
"Dolomites",21,20,19.5,"eco2D_Plankton_C_016","C Biomass - Popn. #016 (1900.00 micron zooplankton)","mmol C m^-3",2.52647399529016e-11
"Dolomites",21,20,49.5,"eco2D_Plankton_C_016","C Biomass - Popn. #016 (1900.00 micron zooplankton)","mmol C m^-3",2.83421289909436e-12
"Dolomites",21,20,99.5,"eco2D_Plankton_C_016","C Biomass - Popn. #016 (1900.00 micron zooplankton)","mmol C m^-3",1.06432712036059e-12
"Dolomites",21,20,199.5,"eco2D_Plankton_C_016","C Biomass - Popn. #016 (1900.00 micron zooplankton)","mmol C m^-3",8.69587171367647e-13
"Dolomites",21,20,499.5,"eco2D_Plankton_C_016","C Biomass - Popn. #016 (1900.00 micron zooplankton)","mmol C m^-3",4.19709053752979e-13
"Dolomites",21,20,999.5,"eco2D_Plankton_C_016","C Biomass - Popn. #016 (1900.00 micron zooplankton)","mmol C m^-3",1.7074181153133e-13
"Dolomites",21,20,1999.5,"eco2D_Plankton_C_016","C Biomass - Popn. #016 (1900.00 micron zooplankton)","mmol C m^-3",1.56568632841622e-13
"Dolomites",21,20,4999.5,"eco2D_Plankton_C_016","C Biomass - Popn. #016 (1900.00 micron zooplankton)","mmol C m^-3",1.64395325694469e-13
"Dolomites",21,20,9999.5,"eco2D_Plankton_C_016","C Biomass - Popn. #016 (1900.00 micron zooplankton)","mmol C m^-3",1.65063370415573e-13
"Dolomites",21,20,0.5,"eco2D_Plankton_C_Total","C Biomass - Total","mmol C m^-3",5.4583740234375
"Dolomites",21,20,1.5,"eco2D_Plankton_C_Total","C Biomass - Total","mmol C m^-3",3.52917790412903
"Dolomites",21,20,4.5,"eco2D_Plankton_C_Total","C Biomass - Total","mmol C m^-3",1.74007570743561
"Dolomites",21,20,9.5,"eco2D_Plankton_C_Total","C Biomass - Total","mmol C m^-3",1.29837381839752
"Dolomites",21,20,19.5,"eco2D_Plankton_C_Total","C Biomass - Total","mmol C m^-3",0.990848898887634
"Dolomites",21,20,49.5,"eco2D_Plankton_C_Total","C Biomass - Total","mmol C m^-3",0.54659628868103
"Dolomites",21,20,99.5,"eco2D_Plankton_C_Total","C Biomass - Total","mmol C m^-3",0.429862678050995
"Dolomites",21,20,199.5,"eco2D_Plankton_C_Total","C Biomass - Total","mmol C m^-3",0.420205444097519
"Dolomites",21,20,499.5,"eco2D_Plankton_C_Total","C Biomass - Total","mmol C m^-3",0.378424406051636
"Dolomites",21,20,999.5,"eco2D_Plankton_C_Total","C Biomass - Total","mmol C m^-3",0.352235585451126
"Dolomites",21,20,1999.5,"eco2D_Plankton_C_Total","C Biomass - Total","mmol C m^-3",0.349796861410141
"Dolomites",21,20,4999.5,"eco2D_Plankton_C_Total","C Biomass - Total","mmol C m^-3",0.354822814464569
"Dolomites",21,20,9999.5,"eco2D_Plankton_C_Total","C Biomass - Total","mmol C m^-3",0.354765921831131
"Dolomites",21,20,0.5,"eco2D_Uptake_Fluxes_C","Uptake Fluxes C","mmol C m^-3 d^-1",0.970568001270294
"Dolomites",21,20,1.5,"eco2D_Uptake_Fluxes_C","Uptake Fluxes C","mmol C m^-3 d^-1",0.669028580188751
"Dolomites",21,20,4.5,"eco2D_Uptake_Fluxes_C","Uptake Fluxes C","mmol C m^-3 d^-1",0.239233389496803
"Dolomites",21,20,9.5,"eco2D_Uptake_Fluxes_C","Uptake Fluxes C","mmol C m^-3 d^-1",0.150987848639488
"Dolomites",21,20,19.5,"eco2D_Uptake_Fluxes_C","Uptake Fluxes C","mmol C m^-3 d^-1",0.0949488133192062
"Dolomites",21,20,49.5,"eco2D_Uptake_Fluxes_C","Uptake Fluxes C","mmol C m^-3 d^-1",0.0360042452812195
"Dolomites",21,20,99.5,"eco2D_Uptake_Fluxes_C","Uptake Fluxes C","mmol C m^-3 d^-1",0.0253268517553806
"Dolomites",21,20,199.5,"eco2D_Uptake_Fluxes_C","Uptake Fluxes C","mmol C m^-3 d^-1",0.0245900116860867
"Dolomites",21,20,499.5,"eco2D_Uptake_Fluxes_C","Uptake Fluxes C","mmol C m^-3 d^-1",0.0212460532784462
"Dolomites",21,20,999.5,"eco2D_Uptake_Fluxes_C","Uptake Fluxes C","mmol C m^-3 d^-1",0.0193286277353764
"Dolomites",21,20,1999.5,"eco2D_Uptake_Fluxes_C","Uptake Fluxes C","mmol C m^-3 d^-1",0.0190565045922995
"Dolomites",21,20,4999.5,"eco2D_Uptake_Fluxes_C","Uptake Fluxes C","mmol C m^-3 d^-1",0.0195061583071947
"Dolomites",21,20,9999.5,"eco2D_Uptake_Fluxes_C","Uptake Fluxes C","mmol C m^-3 d^-1",0.0194974821060896
"Dolomites",21,20,0.5,"eco2D_Plankton_P_001","P Biomass - Popn. #001 (0.60 micron phytoplankton)","mmol P m^-3",0.000361915299436077
"Dolomites",21,20,1.5,"eco2D_Plankton_P_001","P Biomass - Popn. #001 (0.60 micron phytoplankton)","mmol P m^-3",0.00044349383097142
"Dolomites",21,20,4.5,"eco2D_Plankton_P_001","P Biomass - Popn. #001 (0.60 micron phytoplankton)","mmol P m^-3",0.000586316164117306
"Dolomites",21,20,9.5,"eco2D_Plankton_P_001","P Biomass - Popn. #001 (0.60 micron phytoplankton)","mmol P m^-3",0.000654059869702905
"Dolomites",21,20,19.5,"eco2D_Plankton_P_001","P Biomass - Popn. #001 (0.60 micron phytoplankton)","mmol P m^-3",0.000682878831867129
"Dolomites",21,20,49.5,"eco2D_Plankton_P_001","P Biomass - Popn. #001 (0.60 micron phytoplankton)","mmol P m^-3",0.000642163446173072
"Dolomites",21,20,99.5,"eco2D_Plankton_P_001","P Biomass - Popn. #001 (0.60 micron phytoplankton)","mmol P m^-3",0.000621096987742931
"Dolomites",21,20,199.5,"eco2D_Plankton_P_001","P Biomass - Popn. #001 (0.60 micron phytoplankton)","mmol P m^-3",0.000624646083451807
"Dolomites",21,20,499.5,"eco2D_Plankton_P_001","P Biomass - Popn. #001 (0.60 micron phytoplankton)","mmol P m^-3",0.000618830730672926
"Dolomites",21,20,999.5,"eco2D_Plankton_P_001","P Biomass - Popn. #001 (0.60 micron phytoplankton)","mmol P m^-3",0.000594096956774592
"Dolomites",21,20,1999.5,"eco2D_Plankton_P_001","P Biomass - Popn. #001 (0.60 micron phytoplankton)","mmol P m^-3",0.000604579807259142
"Dolomites",21,20,4999.5,"eco2D_Plankton_P_001","P Biomass - Popn. #001 (0.60 micron phytoplankton)","mmol P m^-3",0.000601594569161534
"Dolomites",21,20,9999.5,"eco2D_Plankton_P_001","P Biomass - Popn. #001 (0.60 micron phytoplankton)","mmol P m^-3",0.000601509993430227
"Dolomites",21,20,0.5,"eco2D_xGamma_P_001","P Limitation - Popn. #001 (0.60 micron phytoplankton)","mmol P m^-3",0.986366629600525
"Dolomites",21,20,1.5,"eco2D_xGamma_P_001","P Limitation - Popn. #001 (0.60 micron phytoplankton)","mmol P m^-3",0.983012914657593
"Dolomites",21,20,4.5,"eco2D_xGamma_P_001","P Limitation - Popn. #001 (0.60 micron phytoplankton)","mmol P m^-3",0.955989420413971
"Dolomites",21,20,9.5,"eco2D_xGamma_P_001","P Limitation - Popn. #001 (0.60 micron phytoplankton)","mmol P m^-3",0.928090572357178
"Dolomites",21,20,19.5,"eco2D_xGamma_P_001","P Limitation - Popn. #001 (0.60 micron phytoplankton)","mmol P m^-3",0.876547753810883
"Dolomites",21,20,49.5,"eco2D_xGamma_P_001","P Limitation - Popn. #001 (0.60 micron phytoplankton)","mmol P m^-3",0.71085798740387
"Dolomites",21,20,99.5,"eco2D_xGamma_P_001","P Limitation - Popn. #001 (0.60 micron phytoplankton)","mmol P m^-3",0.600178599357605
"Dolomites",21,20,199.5,"eco2D_xGamma_P_001","P Limitation - Popn. #001 (0.60 micron phytoplankton)","mmol P m^-3",0.588911533355713
"Dolomites",21,20,499.5,"eco2D_xGamma_P_001","P Limitation - Popn. #001 (0.60 micron phytoplankton)","mmol P m^-3",0.539888322353363
"Dolomites",21,20,999.5,"eco2D_xGamma_P_001","P Limitation - Popn. #001 (0.60 micron phytoplankton)","mmol P m^-3",0.525752782821655
"Dolomites",21,20,1999.5,"eco2D_xGamma_P_001","P Limitation - Popn. #001 (0.60 micron phytoplankton)","mmol P m^-3",0.521203100681305
"Dolomites",21,20,4999.5,"eco2D_xGamma_P_001","P Limitation - Popn. #001 (0.60 micron phytoplankton)","mmol P m^-3",0.533581793308258
"Dolomites",21,20,9999.5,"eco2D_xGamma_P_001","P Limitation - Popn. #001 (0.60 micron phytoplankton)","mmol P m^-3",0.533532440662384
"Dolomites",21,20,0.5,"eco2D_Plankton_P_002","P Biomass - Popn. #002 (1.90 micron phytoplankton)","mmol P m^-3",0.00200604321435094
"Dolomites",21,20,1.5,"eco2D_Plankton_P_002","P Biomass - Popn. #002 (1.90 micron phytoplankton)","mmol P m^-3",0.00191689759958535
"Dolomites",21,20,4.5,"eco2D_Plankton_P_002","P Biomass - Popn. #002 (1.90 micron phytoplankton)","mmol P m^-3",0.00136291864328086
"Dolomites",21,20,9.5,"eco2D_Plankton_P_002","P Biomass - Popn. #002 (1.90 micron phytoplankton)","mmol P m^-3",0.00107014377135783
"Dolomites",21,20,19.5,"eco2D_Plankton_P_002","P Biomass - Popn. #002 (1.90 micron phytoplankton)","mmol P m^-3",0.000804630981292576
"Dolomites",21,20,49.5,"eco2D_Plankton_P_002","P Biomass - Popn. #002 (1.90 micron phytoplankton)","mmol P m^-3",0.000474028056487441
"Dolomites",21,20,99.5,"eco2D_Plankton_P_002","P Biomass - Popn. #002 (1.90 micron phytoplankton)","mmol P m^-3",0.000389003602322191
"Dolomites",21,20,199.5,"eco2D_Plankton_P_002","P Biomass - Popn. #002 (1.90 micron phytoplankton)","mmol P m^-3",0.000388856191420928
"Dolomites",21,20,499.5,"eco2D_Plankton_P_002","P Biomass - Popn. #002 (1.90 micron phytoplankton)","mmol P m^-3",0.000378977420041338
"Dolomites",21,20,999.5,"eco2D_Plankton_P_002","P Biomass - Popn. #002 (1.90 micron phytoplankton)","mmol P m^-3",0.000385244347853586
"Dolomites",21,20,1999.5,"eco2D_Plankton_P_002","P Biomass - Popn. #002 (1.90 micron phytoplankton)","mmol P m^-3",0.000380334968212992
"Dolomites",21,20,4999.5,"eco2D_Plankton_P_002","P Biomass - Popn. #002 (1.90 micron phytoplankton)","mmol P m^-3",0.000393124821130186
"Dolomites",21,20,9999.5,"eco2D_Plankton_P_002","P Biomass - Popn. #002 (1.90 micron phytoplankton)","mmol P m^-3",0.000393049325793982
"Dolomites",21,20,0.5,"eco2D_xGamma_P_002","P Limitation - Popn. #002 (1.90 micron phytoplankton)","mmol P m^-3",0.951012134552002
"Dolomites",21,20,1.5,"eco2D_xGamma_P_002","P Limitation - Popn. #002 (1.90 micron phytoplankton)","mmol P m^-3",0.915650606155396
"Dolomites",21,20,4.5,"eco2D_xGamma_P_002","P Limitation - Popn. #002 (1.90 micron phytoplankton)","mmol P m^-3",0.682040154933929
"Dolomites",21,20,9.5,"eco2D_xGamma_P_002","P Limitation - Popn. #002 (1.90 micron phytoplankton)","mmol P m^-3",0.522362589836121
"Dolomites",21,20,19.5,"eco2D_xGamma_P_002","P Limitation - Popn. #002 (1.90 micron phytoplankton)","mmol P m^-3",0.332403123378754
"Dolomites",21,20,49.5,"eco2D_xGamma_P_002","P Limitation - Popn. #002 (1.90 micron phytoplankton)","mmol P m^-3",0.0972685441374779
"Dolomites",21,20,99.5,"eco2D_xGamma_P_002","P Limitation - Popn. #002 (1.90 micron phytoplankton)","mmol P m^-3",0.0523351579904556
"Dolomites",21,20,199.5,"eco2D_xGamma_P_002","P Limitation - Popn. #002 (1.90 micron phytoplankton)","mmol P m^-3",0.0499409958720207
"Dolomites",21,20,499.5,"eco2D_xGamma_P_002","P Limitation - Popn. #002 (1.90 micron phytoplankton)","mmol P m^-3",0.0383039116859436
"Dolomites",21,20,999.5,"eco2D_xGamma_P_002","P Limitation - Popn. #002 (1.90 micron phytoplankton)","mmol P m^-3",0.0353957526385784
"Dolomites",21,20,1999.5,"eco2D_xGamma_P_002","P Limitation - Popn. #002 (1.90 micron phytoplankton)","mmol P m^-3",0.0345141962170601
"Dolomites",21,20,4999.5,"eco2D_xGamma_P_002","P Limitation - Popn. #002 (1.90 micron phytoplankton)","mmol P m^-3",0.0367745347321033
"Dolomites",21,20,9999.5,"eco2D_xGamma_P_002","P Limitation - Popn. #002 (1.90 micron phytoplankton)","mmol P m^-3",0.0367299690842628
"Dolomites",21,20,0.5,"eco2D_Plankton_P_003","P Biomass - Popn. #003 (6.00 micron phytoplankton)","mmol P m^-3",0.00475933682173491
"Dolomites",21,20,1.5,"eco2D_Plankton_P_003","P Biomass - Popn. #003 (6.00 micron phytoplankton)","mmol P m^-3",0.00283422786742449
"Dolomites",21,20,4.5,"eco2D_Plankton_P_003","P Biomass - Popn. #003 (6.00 micron phytoplankton)","mmol P m^-3",0.000909675960429013
"Dolomites",21,20,9.5,"eco2D_Plankton_P_003","P Biomass - Popn. #003 (6.00 micron phytoplankton)","mmol P m^-3",0.000594037468545139
"Dolomites",21,20,19.5,"eco2D_Plankton_P_003","P Biomass - Popn. #003 (6.00 micron phytoplankton)","mmol P m^-3",0.000407024373998865
"Dolomites",21,20,49.5,"eco2D_Plankton_P_003","P Biomass - Popn. #003 (6.00 micron phytoplankton)","mmol P m^-3",0.000179374997969717
"Dolomites",21,20,99.5,"eco2D_Plankton_P_003","P Biomass - Popn. #003 (6.00 micron phytoplankton)","mmol P m^-3",6.96181596140377e-05
"Dolomites",21,20,199.5,"eco2D_Plankton_P_003","P Biomass - Popn. #003 (6.00 micron phytoplankton)","mmol P m^-3",5.28086311533116e-05
"Dolomites",21,20,499.5,"eco2D_Plankton_P_003","P Biomass - Popn. #003 (6.00 micron phytoplankton)","mmol P m^-3",1.30051915417373e-12
"Dolomites",21,20,999.5,"eco2D_Plankton_P_003","P Biomass - Popn. #003 (6.00 micron phytoplankton)","mmol P m^-3",5.69441520846536e-13
"Dolomites",21,20,1999.5,"eco2D_Plankton_P_003","P Biomass - Popn. #003 (6.00 micron phytoplankton)","mmol P m^-3",4.99119842678475e-13
"Dolomites",21,20,4999.5,"eco2D_Plankton_P_003","P Biomass - Popn. #003 (6.00 micron phytoplankton)","mmol P m^-3",5.61224135740834e-13
"Dolomites",21,20,9999.5,"eco2D_Plankton_P_003","P Biomass - Popn. #003 (6.00 micron phytoplankton)","mmol P m^-3",5.58526532315473e-13
"Dolomites",21,20,0.5,"eco2D_xGamma_P_003","P Limitation - Popn. #003 (6.00 micron phytoplankton)","mmol P m^-3",0.90113639831543
"Dolomites",21,20,1.5,"eco2D_xGamma_P_003","P Limitation - Popn. #003 (6.00 micron phytoplankton)","mmol P m^-3",0.731046676635742
"Dolomites",21,20,4.5,"eco2D_xGamma_P_003","P Limitation - Popn. #003 (6.00 micron phytoplankton)","mmol P m^-3",0.176731124520302
"Dolomites",21,20,9.5,"eco2D_xGamma_P_003","P Limitation - Popn. #003 (6.00 micron phytoplankton)","mmol P m^-3",0.0705243721604347
"Dolomites",21,20,19.5,"eco2D_xGamma_P_003","P Limitation - Popn. #003 (6.00 micron phytoplankton)","mmol P m^-3",0.0319106429815292
"Dolomites",21,20,49.5,"eco2D_xGamma_P_003","P Limitation - Popn. #003 (6.00 micron phytoplankton)","mmol P m^-3",0.00837582163512707
"Dolomites",21,20,99.5,"eco2D_xGamma_P_003","P Limitation - Popn. #003 (6.00 micron phytoplankton)","mmol P m^-3",0.00451099453493953
"Dolomites",21,20,199.5,"eco2D_xGamma_P_003","P Limitation - Popn. #003 (6.00 micron phytoplankton)","mmol P m^-3",0.00431467592716217
"Dolomites",21,20,499.5,"eco2D_xGamma_P_003","P Limitation - Popn. #003 (6.00 micron phytoplankton)","mmol P m^-3",0.00330048287287354
"Dolomites",21,20,999.5,"eco2D_xGamma_P_003","P Limitation - Popn. #003 (6.00 micron phytoplankton)","mmol P m^-3",0.00301882671192288
"Dolomites",21,20,1999.5,"eco2D_xGamma_P_003","P Limitation - Popn. #003 (6.00 micron phytoplankton)","mmol P m^-3",0.00293474015779793
"Dolomites",21,20,4999.5,"eco2D_xGamma_P_003","P Limitation - Popn. #003 (6.00 micron phytoplankton)","mmol P m^-3",0.00313561572693288
"Dolomites",21,20,9999.5,"eco2D_xGamma_P_003","P Limitation - Popn. #003 (6.00 micron phytoplankton)","mmol P m^-3",0.00313165946863592
"Dolomites",21,20,0.5,"eco2D_Plankton_P_004","P Biomass - Popn. #004 (19.00 micron phytoplankton)","mmol P m^-3",0.00417455565184355
"Dolomites",21,20,1.5,"eco2D_Plankton_P_004","P Biomass - Popn. #004 (19.00 micron phytoplankton)","mmol P m^-3",0.00192168657667935
"Dolomites",21,20,4.5,"eco2D_Plankton_P_004","P Biomass - Popn. #004 (19.00 micron phytoplankton)","mmol P m^-3",0.000432352651841938
"Dolomites",21,20,9.5,"eco2D_Plankton_P_004","P Biomass - Popn. #004 (19.00 micron phytoplankton)","mmol P m^-3",0.00024866676540114
"Dolomites",21,20,19.5,"eco2D_Plankton_P_004","P Biomass - Popn. #004 (19.00 micron phytoplankton)","mmol P m^-3",0.000122183817438781
"Dolomites",21,20,49.5,"eco2D_Plankton_P_004","P Biomass - Popn. #004 (19.00 micron phytoplankton)","mmol P m^-3",3.16500921608218e-13
"Dolomites",21,20,99.5,"eco2D_Plankton_P_004","P Biomass - Popn. #004 (19.00 micron phytoplankton)","mmol P m^-3",1.59035802647749e-13
"Dolomites",21,20,199.5,"eco2D_Plankton_P_004","P Biomass - Popn. #004 (19.00 micron phytoplankton)","mmol P m^-3",1.46925874244808e-13
"Dolomites",21,20,499.5,"eco2D_Plankton_P_004","P Biomass - Popn. #004 (19.00 micron phytoplankton)","mmol P m^-3",1.07058323794637e-13
"Dolomites",21,20,999.5,"eco2D_Plankton_P_004","P Biomass - Popn. #004 (19.00 micron phytoplankton)","mmol P m^-3",8.94271093808408e-14
"Dolomites",21,20,1999.5,"eco2D_Plankton_P_004","P Biomass - Popn. #004 (19.00 micron phytoplankton)","mmol P m^-3",8.51078376610387e-14
"Dolomites",21,20,4999.5,"eco2D_Plankton_P_004","P Biomass - Popn. #004 (19.00 micron phytoplankton)","mmol P m^-3",8.91624149729556e-14
"Dolomites",21,20,9999.5,"eco2D_Plankton_P_004","P Biomass - Popn. #004 (19.00 micron phytoplankton)","mmol P m^-3",8.90891906687313e-14
"Dolomites",21,20,0.5,"eco2D_xGamma_P_004","P Limitation - Popn. #004 (19.00 micron phytoplankton)","mmol P m^-3",0.913783311843872
"Dolomites",21,20,1.5,"eco2D_xGamma_P_004","P Limitation - Popn. #004 (19.00 micron phytoplankton)","mmol P m^-3",0.579199552536011
"Dolomites",21,20,4.5,"eco2D_xGamma_P_004","P Limitation - Popn. #004 (19.00 micron phytoplankton)","mmol P m^-3",0.0896101072430611
"Dolomites",21,20,9.5,"eco2D_xGamma_P_004","P Limitation - Popn. #004 (19.00 micron phytoplankton)","mmol P m^-3",0.0432248339056969
"Dolomites",21,20,19.5,"eco2D_xGamma_P_004","P Limitation - Popn. #004 (19.00 micron phytoplankton)","mmol P m^-3",0.0216219332069159
"Dolomites",21,20,49.5,"eco2D_xGamma_P_004","P Limitation - Popn. #004 (19.00 micron phytoplankton)","mmol P m^-3",0.00600311486050487
"Dolomites",21,20,99.5,"eco2D_xGamma_P_004","P Limitation - Popn. #004 (19.00 micron phytoplankton)","mmol P m^-3",0.0032524571288377
"Dolomites",21,20,199.5,"eco2D_xGamma_P_004","P Limitation - Popn. #004 (19.00 micron phytoplankton)","mmol P m^-3",0.00310017867013812
"Dolomites",21,20,499.5,"eco2D_xGamma_P_004","P Limitation - Popn. #004 (19.00 micron phytoplankton)","mmol P m^-3",0.00237038638442755
"Dolomites",21,20,999.5,"eco2D_xGamma_P_004","P Limitation - Popn. #004 (19.00 micron phytoplankton)","mmol P m^-3",0.00218726810999215
"Dolomites",21,20,1999.5,"eco2D_xGamma_P_004","P Limitation - Popn. #004 (19.00 micron phytoplankton)","mmol P m^-3",0.00213011121377349
"Dolomites",21,20,4999.5,"eco2D_xGamma_P_004","P Limitation - Popn. #004 (19.00 micron phytoplankton)","mmol P m^-3",0.00227400963194668
"Dolomites",21,20,9999.5,"eco2D_xGamma_P_004","P Limitation - Popn. #004 (19.00 micron phytoplankton)","mmol P m^-3",0.00227117957547307
"Dolomites",21,20,0.5,"eco2D_Plankton_P_005","P Biomass - Popn. #005 (60.00 micron phytoplankton)","mmol P m^-3",0.00327832414768636
"Dolomites",21,20,1.5,"eco2D_Plankton_P_005","P Biomass - Popn. #005 (60.00 micron phytoplankton)","mmol P m^-3",0.00108436588197947
"Dolomites",21,20,4.5,"eco2D_Plankton_P_005","P Biomass - Popn. #005 (60.00 micron phytoplankton)","mmol P m^-3",0.00010359372390667
"Dolomites",21,20,9.5,"eco2D_Plankton_P_005","P Biomass - Popn. #005 (60.00 micron phytoplankton)","mmol P m^-3",5.38658184723317e-07
"Dolomites",21,20,19.5,"eco2D_Plankton_P_005","P Biomass - Popn. #005 (60.00 micron phytoplankton)","mmol P m^-3",2.69226915067255e-13
"Dolomites",21,20,49.5,"eco2D_Plankton_P_005","P Biomass - Popn. #005 (60.00 micron phytoplankton)","mmol P m^-3",6.71655114338476e-14
"Dolomites",21,20,99.5,"eco2D_Plankton_P_005","P Biomass - Popn. #005 (60.00 micron phytoplankton)","mmol P m^-3",4.05848213380373e-14
"Dolomites",21,20,199.5,"eco2D_Plankton_P_005","P Biomass - Popn. #005 (60.00 micron phytoplankton)","mmol P m^-3",3.7889338883176e-14
"Dolomites",21,20,499.5,"eco2D_Plankton_P_005","P Biomass - Popn. #005 (60.00 micron phytoplankton)","mmol P m^-3",2.88870049571215e-14
"Dolomites",21,20,999.5,"eco2D_Plankton_P_005","P Biomass - Popn. #005 (60.00 micron phytoplankton)","mmol P m^-3",2.45552903233243e-14
"Dolomites",21,20,1999.5,"eco2D_Plankton_P_005","P Biomass - Popn. #005 (60.00 micron phytoplankton)","mmol P m^-3",2.34830414797904e-14
"Dolomites",21,20,4999.5,"eco2D_Plankton_P_005","P Biomass - Popn. #005 (60.00 micron phytoplankton)","mmol P m^-3",2.4486467202294e-14
"Dolomites",21,20,9999.5,"eco2D_Plankton_P_005","P Biomass - Popn. #005 (60.00 micron phytoplankton)","mmol P m^-3",2.4465221921911e-14
"Dolomites",21,20,0.5,"eco2D_xGamma_P_005","P Limitation - Popn. #005 (60.00 micron phytoplankton)","mmol P m^-3",0.887363851070404
"Dolomites",21,20,1.5,"eco2D_xGamma_P_005","P Limitation - Popn. #005 (60.00 micron phytoplankton)","mmol P m^-3",0.432264029979706
"Dolomites",21,20,4.5,"eco2D_xGamma_P_005","P Limitation - Popn. #005 (60.00 micron phytoplankton)","mmol P m^-3",0.0631801933050156
"Dolomites",21,20,9.5,"eco2D_xGamma_P_005","P Limitation - Popn. #005 (60.00 micron phytoplankton)","mmol P m^-3",0.032103031873703
"Dolomites",21,20,19.5,"eco2D_xGamma_P_005","P Limitation - Popn. #005 (60.00 micron phytoplankton)","mmol P m^-3",0.0163732804358006
"Dolomites",21,20,49.5,"eco2D_xGamma_P_005","P Limitation - Popn. #005 (60.00 micron phytoplankton)","mmol P m^-3",0.00464008515700698
"Dolomites",21,20,99.5,"eco2D_xGamma_P_005","P Limitation - Popn. #005 (60.00 micron phytoplankton)","mmol P m^-3",0.00255291489884257
"Dolomites",21,20,199.5,"eco2D_xGamma_P_005","P Limitation - Popn. #005 (60.00 micron phytoplankton)","mmol P m^-3",0.0024393443018198
"Dolomites",21,20,499.5,"eco2D_xGamma_P_005","P Limitation - Popn. #005 (60.00 micron phytoplankton)","mmol P m^-3",0.0018874421948567
"Dolomites",21,20,999.5,"eco2D_xGamma_P_005","P Limitation - Popn. #005 (60.00 micron phytoplankton)","mmol P m^-3",0.00174498197156936
"Dolomites",21,20,1999.5,"eco2D_xGamma_P_005","P Limitation - Popn. #005 (60.00 micron phytoplankton)","mmol P m^-3",0.00170436676125973
"Dolomites",21,20,4999.5,"eco2D_xGamma_P_005","P Limitation - Popn. #005 (60.00 micron phytoplankton)","mmol P m^-3",0.00181455770507455
"Dolomites",21,20,9999.5,"eco2D_xGamma_P_005","P Limitation - Popn. #005 (60.00 micron phytoplankton)","mmol P m^-3",0.00181240413803607
"Dolomites",21,20,0.5,"eco2D_Plankton_P_006","P Biomass - Popn. #006 (190.00 micron phytoplankton)","mmol P m^-3",0.00278731225989759
"Dolomites",21,20,1.5,"eco2D_Plankton_P_006","P Biomass - Popn. #006 (190.00 micron phytoplankton)","mmol P m^-3",0.000494233390782028
"Dolomites",21,20,4.5,"eco2D_Plankton_P_006","P Biomass - Popn. #006 (190.00 micron phytoplankton)","mmol P m^-3",2.75098499535886e-10
"Dolomites",21,20,9.5,"eco2D_Plankton_P_006","P Biomass - Popn. #006 (190.00 micron phytoplankton)","mmol P m^-3",1.09656702392425e-13
"Dolomites",21,20,19.5,"eco2D_Plankton_P_006","P Biomass - Popn. #006 (190.00 micron phytoplankton)","mmol P m^-3",6.2099996911251e-14
"Dolomites",21,20,49.5,"eco2D_Plankton_P_006","P Biomass - Popn. #006 (190.00 micron phytoplankton)","mmol P m^-3",1.87297737947378e-14
"Dolomites",21,20,99.5,"eco2D_Plankton_P_006","P Biomass - Popn. #006 (190.00 micron phytoplankton)","mmol P m^-3",1.17526973396342e-14
"Dolomites",21,20,199.5,"eco2D_Plankton_P_006","P Biomass - Popn. #006 (190.00 micron phytoplankton)","mmol P m^-3",1.09379338065715e-14
"Dolomites",21,20,499.5,"eco2D_Plankton_P_006","P Biomass - Popn. #006 (190.00 micron phytoplankton)","mmol P m^-3",8.41009865372964e-15
"Dolomites",21,20,999.5,"eco2D_Plankton_P_006","P Biomass - Popn. #006 (190.00 micron phytoplankton)","mmol P m^-3",7.16821028668444e-15
"Dolomites",21,20,1999.5,"eco2D_Plankton_P_006","P Biomass - Popn. #006 (190.00 micron phytoplankton)","mmol P m^-3",6.85124420507477e-15
"Dolomites",21,20,4999.5,"eco2D_Plankton_P_006","P Biomass - Popn. #006 (190.00 micron phytoplankton)","mmol P m^-3",7.12701738039357e-15
"Dolomites",21,20,9999.5,"eco2D_Plankton_P_006","P Biomass - Popn. #006 (190.00 micron phytoplankton)","mmol P m^-3",7.13121527568016e-15
"Dolomites",21,20,0.5,"eco2D_xGamma_P_006","P Limitation - Popn. #006 (190.00 micron phytoplankton)","mmol P m^-3",0.804899454116821
"Dolomites",21,20,1.5,"eco2D_xGamma_P_006","P Limitation - Popn. #006 (190.00 micron phytoplankton)","mmol P m^-3",0.275615572929382
"Dolomites",21,20,4.5,"eco2D_xGamma_P_006","P Limitation - Popn. #006 (190.00 micron phytoplankton)","mmol P m^-3",0.0368297509849072
"Dolomites",21,20,9.5,"eco2D_xGamma_P_006","P Limitation - Popn. #006 (190.00 micron phytoplankton)","mmol P m^-3",0.0191042535007
"Dolomites",21,20,19.5,"eco2D_xGamma_P_006","P Limitation - Popn. #006 (190.00 micron phytoplankton)","mmol P m^-3",0.0098885353654623
"Dolomites",21,20,49.5,"eco2D_xGamma_P_006","P Limitation - Popn. #006 (190.00 micron phytoplankton)","mmol P m^-3",0.00287664448842406
"Dolomites",21,20,99.5,"eco2D_xGamma_P_006","P Limitation - Popn. #006 (190.00 micron phytoplankton)","mmol P m^-3",0.00162049580831081
"Dolomites",21,20,199.5,"eco2D_xGamma_P_006","P Limitation - Popn. #006 (190.00 micron phytoplankton)","mmol P m^-3",0.0015528965741396
"Dolomites",21,20,499.5,"eco2D_xGamma_P_006","P Limitation - Popn. #006 (190.00 micron phytoplankton)","mmol P m^-3",0.00122107053175569
"Dolomites",21,20,999.5,"eco2D_xGamma_P_006","P Limitation - Popn. #006 (190.00 micron phytoplankton)","mmol P m^-3",0.00112961733248085
"Dolomites",21,20,1999.5,"eco2D_xGamma_P_006","P Limitation - Popn. #006 (190.00 micron phytoplankton)","mmol P m^-3",0.00110647326800972
"Dolomites",21,20,4999.5,"eco2D_xGamma_P_006","P Limitation - Popn. #006 (190.00 micron phytoplankton)","mmol P m^-3",0.00117294664960355
"Dolomites",21,20,9999.5,"eco2D_xGamma_P_006","P Limitation - Popn. #006 (190.00 micron phytoplankton)","mmol P m^-3",0.00117166072595865
"Dolomites",21,20,0.5,"eco2D_Plankton_P_007","P Biomass - Popn. #007 (600.00 micron phytoplankton)","mmol P m^-3",0.00237701111473143
"Dolomites",21,20,1.5,"eco2D_Plankton_P_007","P Biomass - Popn. #007 (600.00 micron phytoplankton)","mmol P m^-3",0.000144519697641954
"Dolomites",21,20,4.5,"eco2D_Plankton_P_007","P Biomass - Popn. #007 (600.00 micron phytoplankton)","mmol P m^-3",5.67886090528571e-14
"Dolomites",21,20,9.5,"eco2D_Plankton_P_007","P Biomass - Popn. #007 (600.00 micron phytoplankton)","mmol P m^-3",3.02746854820811e-14
"Dolomites",21,20,19.5,"eco2D_Plankton_P_007","P Biomass - Popn. #007 (600.00 micron phytoplankton)","mmol P m^-3",1.85603282417714e-14
"Dolomites",21,20,49.5,"eco2D_Plankton_P_007","P Biomass - Popn. #007 (600.00 micron phytoplankton)","mmol P m^-3",5.51761242896303e-15
"Dolomites",21,20,99.5,"eco2D_Plankton_P_007","P Biomass - Popn. #007 (600.00 micron phytoplankton)","mmol P m^-3",3.58192233943714e-15
"Dolomites",21,20,199.5,"eco2D_Plankton_P_007","P Biomass - Popn. #007 (600.00 micron phytoplankton)","mmol P m^-3",3.25157186671144e-15
"Dolomites",21,20,499.5,"eco2D_Plankton_P_007","P Biomass - Popn. #007 (600.00 micron phytoplankton)","mmol P m^-3",2.50353525989278e-15
"Dolomites",21,20,999.5,"eco2D_Plankton_P_007","P Biomass - Popn. #007 (600.00 micron phytoplankton)","mmol P m^-3",2.13471763290047e-15
"Dolomites",21,20,1999.5,"eco2D_Plankton_P_007","P Biomass - Popn. #007 (600.00 micron phytoplankton)","mmol P m^-3",2.0353483862098e-15
"Dolomites",21,20,4999.5,"eco2D_Plankton_P_007","P Biomass - Popn. #007 (600.00 micron phytoplankton)","mmol P m^-3",2.11414383788637e-15
"Dolomites",21,20,9999.5,"eco2D_Plankton_P_007","P Biomass - Popn. #007 (600.00 micron phytoplankton)","mmol P m^-3",2.11929210413978e-15
"Dolomites",21,20,0.5,"eco2D_xGamma_P_007","P Limitation - Popn. #007 (600.00 micron phytoplankton)","mmol P m^-3",0.648222744464874
"Dolomites",21,20,1.5,"eco2D_xGamma_P_007","P Limitation - Popn. #007 (600.00 micron phytoplankton)","mmol P m^-3",0.147038012742996
"Dolomites",21,20,4.5,"eco2D_xGamma_P_007","P Limitation - Popn. #007 (600.00 micron phytoplankton)","mmol P m^-3",0.0182613451033831
"Dolomites",21,20,9.5,"eco2D_xGamma_P_007","P Limitation - Popn. #007 (600.00 micron phytoplankton)","mmol P m^-3",0.00960645731538534
"Dolomites",21,20,19.5,"eco2D_xGamma_P_007","P Limitation - Popn. #007 (600.00 micron phytoplankton)","mmol P m^-3",0.00505701079964638
"Dolomites",21,20,49.5,"eco2D_xGamma_P_007","P Limitation - Popn. #007 (600.00 micron phytoplankton)","mmol P m^-3",0.00151057390030473
"Dolomites",21,20,99.5,"eco2D_xGamma_P_007","P Limitation - Popn. #007 (600.00 micron phytoplankton)","mmol P m^-3",0.000871223921421915
"Dolomites",21,20,199.5,"eco2D_xGamma_P_007","P Limitation - Popn. #007 (600.00 micron phytoplankton)","mmol P m^-3",0.000835555023513734
"Dolomites",21,20,499.5,"eco2D_xGamma_P_007","P Limitation - Popn. #007 (600.00 micron phytoplankton)","mmol P m^-3",0.000663541082758456
"Dolomites",21,20,999.5,"eco2D_xGamma_P_007","P Limitation - Popn. #007 (600.00 micron phytoplankton)","mmol P m^-3",0.000610769784543663
"Dolomites",21,20,1999.5,"eco2D_xGamma_P_007","P Limitation - Popn. #007 (600.00 micron phytoplankton)","mmol P m^-3",0.000598247279413044
"Dolomites",21,20,4999.5,"eco2D_xGamma_P_007","P Limitation - Popn. #007 (600.00 micron phytoplankton)","mmol P m^-3",0.000631614122539759
"Dolomites",21,20,9999.5,"eco2D_xGamma_P_007","P Limitation - Popn. #007 (600.00 micron phytoplankton)","mmol P m^-3",0.000630983617156744
"Dolomites",21,20,0.5,"eco2D_Plankton_P_008","P Biomass - Popn. #008 (1900.00 micron phytoplankton)","mmol P m^-3",0.000992411863990128
"Dolomites",21,20,1.5,"eco2D_Plankton_P_008","P Biomass - Popn. #008 (1900.00 micron phytoplankton)","mmol P m^-3",1.1144132258778e-05
"Dolomites",21,20,4.5,"eco2D_Plankton_P_008","P Biomass - Popn. #008 (1900.00 micron phytoplankton)","mmol P m^-3",2.05187175437343e-14
"Dolomites",21,20,9.5,"eco2D_Plankton_P_008","P Biomass - Popn. #008 (1900.00 micron phytoplankton)","mmol P m^-3",9.72623284673348e-15
"Dolomites",21,20,19.5,"eco2D_Plankton_P_008","P Biomass - Popn. #008 (1900.00 micron phytoplankton)","mmol P m^-3",6.1941207032761e-15
"Dolomites",21,20,49.5,"eco2D_Plankton_P_008","P Biomass - Popn. #008 (1900.00 micron phytoplankton)","mmol P m^-3",1.83753464104864e-15
"Dolomites",21,20,99.5,"eco2D_Plankton_P_008","P Biomass - Popn. #008 (1900.00 micron phytoplankton)","mmol P m^-3",1.18379810636868e-15
"Dolomites",21,20,199.5,"eco2D_Plankton_P_008","P Biomass - Popn. #008 (1900.00 micron phytoplankton)","mmol P m^-3",9.72673979595241e-16
"Dolomites",21,20,499.5,"eco2D_Plankton_P_008","P Biomass - Popn. #008 (1900.00 micron phytoplankton)","mmol P m^-3",7.53012078350836e-16
"Dolomites",21,20,999.5,"eco2D_Plankton_P_008","P Biomass - Popn. #008 (1900.00 micron phytoplankton)","mmol P m^-3",6.37923435406349e-16
"Dolomites",21,20,1999.5,"eco2D_Plankton_P_008","P Biomass - Popn. #008 (1900.00 micron phytoplankton)","mmol P m^-3",6.05295091003403e-16
"Dolomites",21,20,4999.5,"eco2D_Plankton_P_008","P Biomass - Popn. #008 (1900.00 micron phytoplankton)","mmol P m^-3",6.28942768583085e-16
"Dolomites",21,20,9999.5,"eco2D_Plankton_P_008","P Biomass - Popn. #008 (1900.00 micron phytoplankton)","mmol P m^-3",6.30935519470619e-16
"Dolomites",21,20,0.5,"eco2D_xGamma_P_008","P Limitation - Popn. #008 (1900.00 micron phytoplankton)","mmol P m^-3",0.431850373744965
"Dolomites",21,20,1.5,"eco2D_xGamma_P_008","P Limitation - Popn. #008 (1900.00 micron phytoplankton)","mmol P m^-3",0.067017637193203
"Dolomites",21,20,4.5,"eco2D_xGamma_P_008","P Limitation - Popn. #008 (1900.00 micron phytoplankton)","mmol P m^-3",0.00793511420488358
"Dolomites",21,20,9.5,"eco2D_xGamma_P_008","P Limitation - Popn. #008 (1900.00 micron phytoplankton)","mmol P m^-3",0.00423091603443027
"Dolomites",21,20,19.5,"eco2D_xGamma_P_008","P Limitation - Popn. #008 (1900.00 micron phytoplankton)","mmol P m^-3",0.00225938274525106
"Dolomites",21,20,49.5,"eco2D_xGamma_P_008","P Limitation - Popn. #008 (1900.00 micron phytoplankton)","mmol P m^-3",0.000688543426804245
"Dolomites",21,20,99.5,"eco2D_xGamma_P_008","P Limitation - Popn. #008 (1900.00 micron phytoplankton)","mmol P m^-3",0.000403972051572055
"Dolomites",21,20,199.5,"eco2D_xGamma_P_008","P Limitation - Popn. #008 (1900.00 micron phytoplankton)","mmol P m^-3",0.000387208681786433
"Dolomites",21,20,499.5,"eco2D_xGamma_P_008","P Limitation - Popn. #008 (1900.00 micron phytoplankton)","mmol P m^-3",0.000308692338876426
"Dolomites",21,20,999.5,"eco2D_xGamma_P_008","P Limitation - Popn. #008 (1900.00 micron phytoplankton)","mmol P m^-3",0.000282364984741434
"Dolomites",21,20,1999.5,"eco2D_xGamma_P_008","P Limitation - Popn. #008 (1900.00 micron phytoplankton)","mmol P m^-3",0.000276247097644955
"Dolomites",21,20,4999.5,"eco2D_xGamma_P_008","P Limitation - Popn. #008 (1900.00 micron phytoplankton)","mmol P m^-3",0.000290840194793418
"Dolomites",21,20,9999.5,"eco2D_xGamma_P_008","P Limitation - Popn. #008 (1900.00 micron phytoplankton)","mmol P m^-3",0.000290570984361693
"Dolomites",21,20,0.5,"eco2D_Plankton_P_009","P Biomass - Popn. #009 (0.60 micron zooplankton)","mmol P m^-3",2.18494769796962e-05
"Dolomites",21,20,1.5,"eco2D_Plankton_P_009","P Biomass - Popn. #009 (0.60 micron zooplankton)","mmol P m^-3",4.57107546480984e-07
"Dolomites",21,20,4.5,"eco2D_Plankton_P_009","P Biomass - Popn. #009 (0.60 micron zooplankton)","mmol P m^-3",1.54721107037403e-07
"Dolomites",21,20,9.5,"eco2D_Plankton_P_009","P Biomass - Popn. #009 (0.60 micron zooplankton)","mmol P m^-3",5.25572030340982e-09
"Dolomites",21,20,19.5,"eco2D_Plankton_P_009","P Biomass - Popn. #009 (0.60 micron zooplankton)","mmol P m^-3",1.4366653483186e-12
"Dolomites",21,20,49.5,"eco2D_Plankton_P_009","P Biomass - Popn. #009 (0.60 micron zooplankton)","mmol P m^-3",7.11245678238631e-13
"Dolomites",21,20,99.5,"eco2D_Plankton_P_009","P Biomass - Popn. #009 (0.60 micron zooplankton)","mmol P m^-3",6.20660044626381e-13
"Dolomites",21,20,199.5,"eco2D_Plankton_P_009","P Biomass - Popn. #009 (0.60 micron zooplankton)","mmol P m^-3",6.14273605939464e-13
"Dolomites",21,20,499.5,"eco2D_Plankton_P_009","P Biomass - Popn. #009 (0.60 micron zooplankton)","mmol P m^-3",5.78871531872055e-13
"Dolomites",21,20,999.5,"eco2D_Plankton_P_009","P Biomass - Popn. #009 (0.60 micron zooplankton)","mmol P m^-3",5.10360850802805e-13
"Dolomites",21,20,1999.5,"eco2D_Plankton_P_009","P Biomass - Popn. #009 (0.60 micron zooplankton)","mmol P m^-3",5.05155054071615e-13
"Dolomites",21,20,4999.5,"eco2D_Plankton_P_009","P Biomass - Popn. #009 (0.60 micron zooplankton)","mmol P m^-3",5.06587610402121e-13
"Dolomites",21,20,9999.5,"eco2D_Plankton_P_009","P Biomass - Popn. #009 (0.60 micron zooplankton)","mmol P m^-3",5.06475829158137e-13
"Dolomites",21,20,0.5,"eco2D_Plankton_P_010","P Biomass - Popn. #010 (1.90 micron zooplankton)","mmol P m^-3",0.000354512216290459
"Dolomites",21,20,1.5,"eco2D_Plankton_P_010","P Biomass - Popn. #010 (1.90 micron zooplankton)","mmol P m^-3",0.000334443699102849
"Dolomites",21,20,4.5,"eco2D_Plankton_P_010","P Biomass - Popn. #010 (1.90 micron zooplankton)","mmol P m^-3",0.000287486182060093
"Dolomites",21,20,9.5,"eco2D_Plankton_P_010","P Biomass - Popn. #010 (1.90 micron zooplankton)","mmol P m^-3",0.000255150836892426
"Dolomites",21,20,19.5,"eco2D_Plankton_P_010","P Biomass - Popn. #010 (1.90 micron zooplankton)","mmol P m^-3",0.000218036249862053
"Dolomites",21,20,49.5,"eco2D_Plankton_P_010","P Biomass - Popn. #010 (1.90 micron zooplankton)","mmol P m^-3",0.000132510700495914
"Dolomites",21,20,99.5,"eco2D_Plankton_P_010","P Biomass - Popn. #010 (1.90 micron zooplankton)","mmol P m^-3",0.000113309950393159
"Dolomites",21,20,199.5,"eco2D_Plankton_P_010","P Biomass - Popn. #010 (1.90 micron zooplankton)","mmol P m^-3",0.000115206901682541
"Dolomites",21,20,499.5,"eco2D_Plankton_P_010","P Biomass - Popn. #010 (1.90 micron zooplankton)","mmol P m^-3",0.000120613462058827
"Dolomites",21,20,999.5,"eco2D_Plankton_P_010","P Biomass - Popn. #010 (1.90 micron zooplankton)","mmol P m^-3",0.000102634134236723
"Dolomites",21,20,1999.5,"eco2D_Plankton_P_010","P Biomass - Popn. #010 (1.90 micron zooplankton)","mmol P m^-3",9.87258317763917e-05
"Dolomites",21,20,4999.5,"eco2D_Plankton_P_010","P Biomass - Popn. #010 (1.90 micron zooplankton)","mmol P m^-3",0.000101505152997561
"Dolomites",21,20,9999.5,"eco2D_Plankton_P_010","P Biomass - Popn. #010 (1.90 micron zooplankton)","mmol P m^-3",0.000101455196272582
"Dolomites",21,20,0.5,"eco2D_Plankton_P_011","P Biomass - Popn. #011 (6.00 micron zooplankton)","mmol P m^-3",0.00114533037412912
"Dolomites",21,20,1.5,"eco2D_Plankton_P_011","P Biomass - Popn. #011 (6.00 micron zooplankton)","mmol P m^-3",0.000974137394223362
"Dolomites",21,20,4.5,"eco2D_Plankton_P_011","P Biomass - Popn. #011 (6.00 micron zooplankton)","mmol P m^-3",0.000695102848112583
"Dolomites",21,20,9.5,"eco2D_Plankton_P_011","P Biomass - Popn. #011 (6.00 micron zooplankton)","mmol P m^-3",0.000571538344956934
"Dolomites",21,20,19.5,"eco2D_Plankton_P_011","P Biomass - Popn. #011 (6.00 micron zooplankton)","mmol P m^-3",0.000484461168525741
"Dolomites",21,20,49.5,"eco2D_Plankton_P_011","P Biomass - Popn. #011 (6.00 micron zooplankton)","mmol P m^-3",0.000391120120184496
"Dolomites",21,20,99.5,"eco2D_Plankton_P_011","P Biomass - Popn. #011 (6.00 micron zooplankton)","mmol P m^-3",0.000391546782338992
"Dolomites",21,20,199.5,"eco2D_Plankton_P_011","P Biomass - Popn. #011 (6.00 micron zooplankton)","mmol P m^-3",0.000402815348934382
"Dolomites",21,20,499.5,"eco2D_Plankton_P_011","P Biomass - Popn. #011 (6.00 micron zooplankton)","mmol P m^-3",0.000472519168397412
"Dolomites",21,20,999.5,"eco2D_Plankton_P_011","P Biomass - Popn. #011 (6.00 micron zooplankton)","mmol P m^-3",0.000607143330853432
"Dolomites",21,20,1999.5,"eco2D_Plankton_P_011","P Biomass - Popn. #011 (6.00 micron zooplankton)","mmol P m^-3",0.000590347743127495
"Dolomites",21,20,4999.5,"eco2D_Plankton_P_011","P Biomass - Popn. #011 (6.00 micron zooplankton)","mmol P m^-3",0.00060816400218755
"Dolomites",21,20,9999.5,"eco2D_Plankton_P_011","P Biomass - Popn. #011 (6.00 micron zooplankton)","mmol P m^-3",0.000608053058385849
"Dolomites",21,20,0.5,"eco2D_Plankton_P_012","P Biomass - Popn. #012 (19.00 micron zooplankton)","mmol P m^-3",0.00216635596007109
"Dolomites",21,20,1.5,"eco2D_Plankton_P_012","P Biomass - Popn. #012 (19.00 micron zooplankton)","mmol P m^-3",0.00170413427986205
"Dolomites",21,20,4.5,"eco2D_Plankton_P_012","P Biomass - Popn. #012 (19.00 micron zooplankton)","mmol P m^-3",0.0010460444027558
"Dolomites",21,20,9.5,"eco2D_Plankton_P_012","P Biomass - Popn. #012 (19.00 micron zooplankton)","mmol P m^-3",0.000847431772854179
"Dolomites",21,20,19.5,"eco2D_Plankton_P_012","P Biomass - Popn. #012 (19.00 micron zooplankton)","mmol P m^-3",0.000727558042854071
"Dolomites",21,20,49.5,"eco2D_Plankton_P_012","P Biomass - Popn. #012 (19.00 micron zooplankton)","mmol P m^-3",0.000692749687004834
"Dolomites",21,20,99.5,"eco2D_Plankton_P_012","P Biomass - Popn. #012 (19.00 micron zooplankton)","mmol P m^-3",0.000560900953132659
"Dolomites",21,20,199.5,"eco2D_Plankton_P_012","P Biomass - Popn. #012 (19.00 micron zooplankton)","mmol P m^-3",0.000508262543007731
"Dolomites",21,20,499.5,"eco2D_Plankton_P_012","P Biomass - Popn. #012 (19.00 micron zooplankton)","mmol P m^-3",0.000261950015556067
"Dolomites",21,20,999.5,"eco2D_Plankton_P_012","P Biomass - Popn. #012 (19.00 micron zooplankton)","mmol P m^-3",2.33380763603463e-08
"Dolomites",21,20,1999.5,"eco2D_Plankton_P_012","P Biomass - Popn. #012 (19.00 micron zooplankton)","mmol P m^-3",2.33027984929135e-12
"Dolomites",21,20,4999.5,"eco2D_Plankton_P_012","P Biomass - Popn. #012 (19.00 micron zooplankton)","mmol P m^-3",3.20098765202448e-12
"Dolomites",21,20,9999.5,"eco2D_Plankton_P_012","P Biomass - Popn. #012 (19.00 micron zooplankton)","mmol P m^-3",3.16012298794133e-12
"Dolomites",21,20,0.5,"eco2D_Plankton_P_013","P Biomass - Popn. #013 (60.00 micron zooplankton)","mmol P m^-3",0.00301245017908514
"Dolomites",21,20,1.5,"eco2D_Plankton_P_013","P Biomass - Popn. #013 (60.00 micron zooplankton)","mmol P m^-3",0.00219028629362583
"Dolomites",21,20,4.5,"eco2D_Plankton_P_013","P Biomass - Popn. #013 (60.00 micron zooplankton)","mmol P m^-3",0.00127912184689194
"Dolomites",21,20,9.5,"eco2D_Plankton_P_013","P Biomass - Popn. #013 (60.00 micron zooplankton)","mmol P m^-3",0.00114222802221775
"Dolomites",21,20,19.5,"eco2D_Plankton_P_013","P Biomass - Popn. #013 (60.00 micron zooplankton)","mmol P m^-3",0.000964630686212331
"Dolomites",21,20,49.5,"eco2D_Plankton_P_013","P Biomass - Popn. #013 (60.00 micron zooplankton)","mmol P m^-3",0.000275829603197053
"Dolomites",21,20,99.5,"eco2D_Plankton_P_013","P Biomass - Popn. #013 (60.00 micron zooplankton)","mmol P m^-3",7.91525265469994e-13
"Dolomites",21,20,199.5,"eco2D_Plankton_P_013","P Biomass - Popn. #013 (60.00 micron zooplankton)","mmol P m^-3",6.83430579923733e-13
"Dolomites",21,20,499.5,"eco2D_Plankton_P_013","P Biomass - Popn. #013 (60.00 micron zooplankton)","mmol P m^-3",4.23909740860165e-13
"Dolomites",21,20,999.5,"eco2D_Plankton_P_013","P Biomass - Popn. #013 (60.00 micron zooplankton)","mmol P m^-3",3.39130416457389e-13
"Dolomites",21,20,1999.5,"eco2D_Plankton_P_013","P Biomass - Popn. #013 (60.00 micron zooplankton)","mmol P m^-3",3.2029571052708e-13
"Dolomites",21,20,4999.5,"eco2D_Plankton_P_013","P Biomass - Popn. #013 (60.00 micron zooplankton)","mmol P m^-3",3.35526392910776e-13
"Dolomites",21,20,9999.5,"eco2D_Plankton_P_013","P Biomass - Popn. #013 (60.00 micron zooplankton)","mmol P m^-3",3.35276213259475e-13
"Dolomites",21,20,0.5,"eco2D_Plankton_P_014","P Biomass - Popn. #014 (190.00 micron zooplankton)","mmol P m^-3",0.00362578104250133
"Dolomites",21,20,1.5,"eco2D_Plankton_P_014","P Biomass - Popn. #014 (190.00 micron zooplankton)","mmol P m^-3",0.00245596119202673
"Dolomites",21,20,4.5,"eco2D_Plankton_P_014","P Biomass - Popn. #014 (190.00 micron zooplankton)","mmol P m^-3",0.00152773840818554
"Dolomites",21,20,9.5,"eco2D_Plankton_P_014","P Biomass - Popn. #014 (190.00 micron zooplankton)","mmol P m^-3",0.00154370127711445
"Dolomites",21,20,19.5,"eco2D_Plankton_P_014","P Biomass - Popn. #014 (190.00 micron zooplankton)","mmol P m^-3",0.000874611374456435
"Dolomites",21,20,49.5,"eco2D_Plankton_P_014","P Biomass - Popn. #014 (190.00 micron zooplankton)","mmol P m^-3",3.86979348305366e-13
"Dolomites",21,20,99.5,"eco2D_Plankton_P_014","P Biomass - Popn. #014 (190.00 micron zooplankton)","mmol P m^-3",1.86459775028923e-13
"Dolomites",21,20,199.5,"eco2D_Plankton_P_014","P Biomass - Popn. #014 (190.00 micron zooplankton)","mmol P m^-3",1.66362976454677e-13
"Dolomites",21,20,499.5,"eco2D_Plankton_P_014","P Biomass - Popn. #014 (190.00 micron zooplankton)","mmol P m^-3",1.03775183433498e-13
"Dolomites",21,20,999.5,"eco2D_Plankton_P_014","P Biomass - Popn. #014 (190.00 micron zooplankton)","mmol P m^-3",7.49435710429951e-14
"Dolomites",21,20,1999.5,"eco2D_Plankton_P_014","P Biomass - Popn. #014 (190.00 micron zooplankton)","mmol P m^-3",7.10780582611689e-14
"Dolomites",21,20,4999.5,"eco2D_Plankton_P_014","P Biomass - Popn. #014 (190.00 micron zooplankton)","mmol P m^-3",7.42913082397642e-14
"Dolomites",21,20,9999.5,"eco2D_Plankton_P_014","P Biomass - Popn. #014 (190.00 micron zooplankton)","mmol P m^-3",7.42344079544995e-14
"Dolomites",21,20,0.5,"eco2D_Plankton_P_015","P Biomass - Popn. #015 (600.00 micron zooplankton)","mmol P m^-3",0.00435821246355772
"Dolomites",21,20,1.5,"eco2D_Plankton_P_015","P Biomass - Popn. #015 (600.00 micron zooplankton)","mmol P m^-3",0.00281080836430192
"Dolomites",21,20,4.5,"eco2D_Plankton_P_015","P Biomass - Popn. #015 (600.00 micron zooplankton)","mmol P m^-3",0.00144020072184503
"Dolomites",21,20,9.5,"eco2D_Plankton_P_015","P Biomass - Popn. #015 (600.00 micron zooplankton)","mmol P m^-3",0.000163965843967162
"Dolomites",21,20,19.5,"eco2D_Plankton_P_015","P Biomass - Popn. #015 (600.00 micron zooplankton)","mmol P m^-3",6.08262084363792e-13
"Dolomites",21,20,49.5,"eco2D_Plankton_P_015","P Biomass - Popn. #015 (600.00 micron zooplankton)","mmol P m^-3",9.26064644890187e-14
"Dolomites",21,20,99.5,"eco2D_Plankton_P_015","P Biomass - Popn. #015 (600.00 micron zooplankton)","mmol P m^-3",4.1122843113606e-14
"Dolomites",21,20,199.5,"eco2D_Plankton_P_015","P Biomass - Popn. #015 (600.00 micron zooplankton)","mmol P m^-3",3.60493461525144e-14
"Dolomites",21,20,499.5,"eco2D_Plankton_P_015","P Biomass - Popn. #015 (600.00 micron zooplankton)","mmol P m^-3",1.99173800553582e-14
"Dolomites",21,20,999.5,"eco2D_Plankton_P_015","P Biomass - Popn. #015 (600.00 micron zooplankton)","mmol P m^-3",1.1376026023155e-14
"Dolomites",21,20,1999.5,"eco2D_Plankton_P_015","P Biomass - Popn. #015 (600.00 micron zooplankton)","mmol P m^-3",1.07251997878027e-14
"Dolomites",21,20,4999.5,"eco2D_Plankton_P_015","P Biomass - Popn. #015 (600.00 micron zooplankton)","mmol P m^-3",1.12284212147335e-14
"Dolomites",21,20,9999.5,"eco2D_Plankton_P_015","P Biomass - Popn. #015 (600.00 micron zooplankton)","mmol P m^-3",1.12393030470069e-14
"Dolomites",21,20,0.5,"eco2D_Plankton_P_016","P Biomass - Popn. #016 (1900.00 micron zooplankton)","mmol P m^-3",0.00473785726353526
"Dolomites",21,20,1.5,"eco2D_Plankton_P_016","P Biomass - Popn. #016 (1900.00 micron zooplankton)","mmol P m^-3",0.00296957744285464
"Dolomites",21,20,4.5,"eco2D_Plankton_P_016","P Biomass - Popn. #016 (1900.00 micron zooplankton)","mmol P m^-3",1.245819930773e-06
"Dolomites",21,20,9.5,"eco2D_Plankton_P_016","P Biomass - Popn. #016 (1900.00 micron zooplankton)","mmol P m^-3",2.96401981734681e-13
"Dolomites",21,20,19.5,"eco2D_Plankton_P_016","P Biomass - Popn. #016 (1900.00 micron zooplankton)","mmol P m^-3",1.50528393460907e-13
"Dolomites",21,20,49.5,"eco2D_Plankton_P_016","P Biomass - Popn. #016 (1900.00 micron zooplankton)","mmol P m^-3",1.68038004436663e-14
"Dolomites",21,20,99.5,"eco2D_Plankton_P_016","P Biomass - Popn. #016 (1900.00 micron zooplankton)","mmol P m^-3",6.32053613548907e-15
"Dolomites",21,20,199.5,"eco2D_Plankton_P_016","P Biomass - Popn. #016 (1900.00 micron zooplankton)","mmol P m^-3",5.16322654932604e-15
"Dolomites",21,20,499.5,"eco2D_Plankton_P_016","P Biomass - Popn. #016 (1900.00 micron zooplankton)","mmol P m^-3",2.48269549653324e-15
"Dolomites",21,20,999.5,"eco2D_Plankton_P_016","P Biomass - Popn. #016 (1900.00 micron zooplankton)","mmol P m^-3",1.00582176695309e-15
"Dolomites",21,20,1999.5,"eco2D_Plankton_P_016","P Biomass - Popn. #016 (1900.00 micron zooplankton)","mmol P m^-3",9.22076466491006e-16
"Dolomites",21,20,4999.5,"eco2D_Plankton_P_016","P Biomass - Popn. #016 (1900.00 micron zooplankton)","mmol P m^-3",9.68103707449212e-16
"Dolomites",21,20,9999.5,"eco2D_Plankton_P_016","P Biomass - Popn. #016 (1900.00 micron zooplankton)","mmol P m^-3",9.72031822742104e-16
"Dolomites",21,20,0.5,"eco2D_Plankton_P_Total","P Biomass - Total","mmol P m^-3",0.0401592589914799
"Dolomites",21,20,1.5,"eco2D_Plankton_P_Total","P Biomass - Total","mmol P m^-3",0.0222903750836849
"Dolomites",21,20,4.5,"eco2D_Plankton_P_Total","P Biomass - Total","mmol P m^-3",0.00967195257544518
"Dolomites",21,20,9.5,"eco2D_Plankton_P_Total","P Biomass - Total","mmol P m^-3",0.00709146773442626
"Dolomites",21,20,19.5,"eco2D_Plankton_P_Total","P Biomass - Total","mmol P m^-3",0.00528601557016373
"Dolomites",21,20,49.5,"eco2D_Plankton_P_Total","P Biomass - Total","mmol P m^-3",0.00278777652420104
"Dolomites",21,20,99.5,"eco2D_Plankton_P_Total","P Biomass - Total","mmol P m^-3",0.00214547640644014
"Dolomites",21,20,199.5,"eco2D_Plankton_P_Total","P Biomass - Total","mmol P m^-3",0.00209259567782283
"Dolomites",21,20,499.5,"eco2D_Plankton_P_Total","P Biomass - Total","mmol P m^-3",0.0018528908258304
"Dolomites",21,20,999.5,"eco2D_Plankton_P_Total","P Biomass - Total","mmol P m^-3",0.00168914208188653
"Dolomites",21,20,1999.5,"eco2D_Plankton_P_Total","P Biomass - Total","mmol P m^-3",0.00167398829944432
"Dolomites",21,20,4999.5,"eco2D_Plankton_P_Total","P Biomass - Total","mmol P m^-3",0.00170438853092492
"Dolomites",21,20,9999.5,"eco2D_Plankton_P_Total","P Biomass - Total","mmol P m^-3",0.00170406757388264
"Dolomites",21,20,0.5,"eco2D_Uptake_Fluxes_P","Uptake Fluxes P","mmol P m^-3 d^-1",0.0088063795119524
"Dolomites",21,20,1.5,"eco2D_Uptake_Fluxes_P","Uptake Fluxes P","mmol P m^-3 d^-1",0.00453263334929943
"Dolomites",21,20,4.5,"eco2D_Uptake_Fluxes_P","Uptake Fluxes P","mmol P m^-3 d^-1",0.00113541644532233
"Dolomites",21,20,9.5,"eco2D_Uptake_Fluxes_P","Uptake Fluxes P","mmol P m^-3 d^-1",0.00066809676354751
"Dolomites",21,20,19.5,"eco2D_Uptake_Fluxes_P","Uptake Fluxes P","mmol P m^-3 d^-1",0.000381757563445717
"Dolomites",21,20,49.5,"eco2D_Uptake_Fluxes_P","Uptake Fluxes P","mmol P m^-3 d^-1",0.000122634126455523
"Dolomites",21,20,99.5,"eco2D_Uptake_Fluxes_P","Uptake Fluxes P","mmol P m^-3 d^-1",7.2388123953715e-05
"Dolomites",21,20,199.5,"eco2D_Uptake_Fluxes_P","Uptake Fluxes P","mmol P m^-3 d^-1",6.87358624418266e-05
"Dolomites",21,20,499.5,"eco2D_Uptake_Fluxes_P","Uptake Fluxes P","mmol P m^-3 d^-1",5.33416314283386e-05
"Dolomites",21,20,999.5,"eco2D_Uptake_Fluxes_P","Uptake Fluxes P","mmol P m^-3 d^-1",4.76446948596276e-05
"Dolomites",21,20,1999.5,"eco2D_Uptake_Fluxes_P","Uptake Fluxes P","mmol P m^-3 d^-1",4.62626958324108e-05
"Dolomites",21,20,4999.5,"eco2D_Uptake_Fluxes_P","Uptake Fluxes P","mmol P m^-3 d^-1",4.87475408590399e-05
"Dolomites",21,20,9999.5,"eco2D_Uptake_Fluxes_P","Uptake Fluxes P","mmol P m^-3 d^-1",4.87100514874328e-05
"Dolomites",21,20,0.5,"eco2D_Plankton_Chl_001","Chl Biomass - Popn. #001 (0.60 micron phytoplankton)","mg Chl m^-3",0.00494705745950341
"Dolomites",21,20,1.5,"eco2D_Plankton_Chl_001","Chl Biomass - Popn. #001 (0.60 micron phytoplankton)","mg Chl m^-3",0.00604668585583568
"Dolomites",21,20,4.5,"eco2D_Plankton_Chl_001","Chl Biomass - Popn. #001 (0.60 micron phytoplankton)","mg Chl m^-3",0.00839130766689777
"Dolomites",21,20,9.5,"eco2D_Plankton_Chl_001","Chl Biomass - Popn. #001 (0.60 micron phytoplankton)","mg Chl m^-3",0.00969295110553503
"Dolomites",21,20,19.5,"eco2D_Plankton_Chl_001","Chl Biomass - Popn. #001 (0.60 micron phytoplankton)","mg Chl m^-3",0.0105120716616511
"Dolomites",21,20,49.5,"eco2D_Plankton_Chl_001","Chl Biomass - Popn. #001 (0.60 micron phytoplankton)","mg Chl m^-3",0.0101895341649652
"Dolomites",21,20,99.5,"eco2D_Plankton_Chl_001","Chl Biomass - Popn. #001 (0.60 micron phytoplankton)","mg Chl m^-3",0.00991378165781498
"Dolomites",21,20,199.5,"eco2D_Plankton_Chl_001","Chl Biomass - Popn. #001 (0.60 micron phytoplankton)","mg Chl m^-3",0.00991189386695623
"Dolomites",21,20,499.5,"eco2D_Plankton_Chl_001","Chl Biomass - Popn. #001 (0.60 micron phytoplankton)","mg Chl m^-3",0.00962063949555159
"Dolomites",21,20,999.5,"eco2D_Plankton_Chl_001","Chl Biomass - Popn. #001 (0.60 micron phytoplankton)","mg Chl m^-3",0.00905765127390623
"Dolomites",21,20,1999.5,"eco2D_Plankton_Chl_001","Chl Biomass - Popn. #001 (0.60 micron phytoplankton)","mg Chl m^-3",0.00914200581610203
"Dolomites",21,20,4999.5,"eco2D_Plankton_Chl_001","Chl Biomass - Popn. #001 (0.60 micron phytoplankton)","mg Chl m^-3",0.0091014513745904
"Dolomites",21,20,9999.5,"eco2D_Plankton_Chl_001","Chl Biomass - Popn. #001 (0.60 micron phytoplankton)","mg Chl m^-3",0.00909971073269844
"Dolomites",21,20,0.5,"eco2D_Plankton_Chl_002","Chl Biomass - Popn. #002 (1.90 micron phytoplankton)","mg Chl m^-3",0.0530527755618095
"Dolomites",21,20,1.5,"eco2D_Plankton_Chl_002","Chl Biomass - Popn. #002 (1.90 micron phytoplankton)","mg Chl m^-3",0.0522920340299606
"Dolomites",21,20,4.5,"eco2D_Plankton_Chl_002","Chl Biomass - Popn. #002 (1.90 micron phytoplankton)","mg Chl m^-3",0.0391368754208088
"Dolomites",21,20,9.5,"eco2D_Plankton_Chl_002","Chl Biomass - Popn. #002 (1.90 micron phytoplankton)","mg Chl m^-3",0.0309356264770031
"Dolomites",21,20,19.5,"eco2D_Plankton_Chl_002","Chl Biomass - Popn. #002 (1.90 micron phytoplankton)","mg Chl m^-3",0.022593792527914
"Dolomites",21,20,49.5,"eco2D_Plankton_Chl_002","Chl Biomass - Popn. #002 (1.90 micron phytoplankton)","mg Chl m^-3",0.0110223311930895
"Dolomites",21,20,99.5,"eco2D_Plankton_Chl_002","Chl Biomass - Popn. #002 (1.90 micron phytoplankton)","mg Chl m^-3",0.00807871762663126
"Dolomites",21,20,199.5,"eco2D_Plankton_Chl_002","Chl Biomass - Popn. #002 (1.90 micron phytoplankton)","mg Chl m^-3",0.00795331969857216
"Dolomites",21,20,499.5,"eco2D_Plankton_Chl_002","Chl Biomass - Popn. #002 (1.90 micron phytoplankton)","mg Chl m^-3",0.00720058474689722
"Dolomites",21,20,999.5,"eco2D_Plankton_Chl_002","Chl Biomass - Popn. #002 (1.90 micron phytoplankton)","mg Chl m^-3",0.00693683186545968
"Dolomites",21,20,1999.5,"eco2D_Plankton_Chl_002","Chl Biomass - Popn. #002 (1.90 micron phytoplankton)","mg Chl m^-3",0.00674323504790664
"Dolomites",21,20,4999.5,"eco2D_Plankton_Chl_002","Chl Biomass - Popn. #002 (1.90 micron phytoplankton)","mg Chl m^-3",0.00705299898982048
"Dolomites",21,20,9999.5,"eco2D_Plankton_Chl_002","Chl Biomass - Popn. #002 (1.90 micron phytoplankton)","mg Chl m^-3",0.00704916520044208
"Dolomites",21,20,0.5,"eco2D_Plankton_Chl_003","Chl Biomass - Popn. #003 (6.00 micron phytoplankton)","mg Chl m^-3",0.174873679876328
"Dolomites",21,20,1.5,"eco2D_Plankton_Chl_003","Chl Biomass - Popn. #003 (6.00 micron phytoplankton)","mg Chl m^-3",0.106451407074928
"Dolomites",21,20,4.5,"eco2D_Plankton_Chl_003","Chl Biomass - Popn. #003 (6.00 micron phytoplankton)","mg Chl m^-3",0.0305479783564806
"Dolomites",21,20,9.5,"eco2D_Plankton_Chl_003","Chl Biomass - Popn. #003 (6.00 micron phytoplankton)","mg Chl m^-3",0.0172088053077459
"Dolomites",21,20,19.5,"eco2D_Plankton_Chl_003","Chl Biomass - Popn. #003 (6.00 micron phytoplankton)","mg Chl m^-3",0.0101379314437509
"Dolomites",21,20,49.5,"eco2D_Plankton_Chl_003","Chl Biomass - Popn. #003 (6.00 micron phytoplankton)","mg Chl m^-3",0.0031688769813627
"Dolomites",21,20,99.5,"eco2D_Plankton_Chl_003","Chl Biomass - Popn. #003 (6.00 micron phytoplankton)","mg Chl m^-3",0.00103728950489312
"Dolomites",21,20,199.5,"eco2D_Plankton_Chl_003","Chl Biomass - Popn. #003 (6.00 micron phytoplankton)","mg Chl m^-3",0.000764157623052597
"Dolomites",21,20,499.5,"eco2D_Plankton_Chl_003","Chl Biomass - Popn. #003 (6.00 micron phytoplankton)","mg Chl m^-3",1.65946388575033e-11
"Dolomites",21,20,999.5,"eco2D_Plankton_Chl_003","Chl Biomass - Popn. #003 (6.00 micron phytoplankton)","mg Chl m^-3",6.81602864427422e-12
"Dolomites",21,20,1999.5,"eco2D_Plankton_Chl_003","Chl Biomass - Popn. #003 (6.00 micron phytoplankton)","mg Chl m^-3",5.85425761687186e-12
"Dolomites",21,20,4999.5,"eco2D_Plankton_Chl_003","Chl Biomass - Popn. #003 (6.00 micron phytoplankton)","mg Chl m^-3",6.68571968620579e-12
"Dolomites",21,20,9999.5,"eco2D_Plankton_Chl_003","Chl Biomass - Popn. #003 (6.00 micron phytoplankton)","mg Chl m^-3",6.64932648872241e-12
"Dolomites",21,20,0.5,"eco2D_Plankton_Chl_004","Chl Biomass - Popn. #004 (19.00 micron phytoplankton)","mg Chl m^-3",0.122953519225121
"Dolomites",21,20,1.5,"eco2D_Plankton_Chl_004","Chl Biomass - Popn. #004 (19.00 micron phytoplankton)","mg Chl m^-3",0.0589355789124966
"Dolomites",21,20,4.5,"eco2D_Plankton_Chl_004","Chl Biomass - Popn. #004 (19.00 micron phytoplankton)","mg Chl m^-3",0.0098380520939827
"Dolomites",21,20,9.5,"eco2D_Plankton_Chl_004","Chl Biomass - Popn. #004 (19.00 micron phytoplankton)","mg Chl m^-3",0.00480226334184408
"Dolomites",21,20,19.5,"eco2D_Plankton_Chl_004","Chl Biomass - Popn. #004 (19.00 micron phytoplankton)","mg Chl m^-3",0.00199920334853232
"Dolomites",21,20,49.5,"eco2D_Plankton_Chl_004","Chl Biomass - Popn. #004 (19.00 micron phytoplankton)","mg Chl m^-3",3.24798629831868e-12
"Dolomites",21,20,99.5,"eco2D_Plankton_Chl_004","Chl Biomass - Popn. #004 (19.00 micron phytoplankton)","mg Chl m^-3",1.32345154800484e-12
"Dolomites",21,20,199.5,"eco2D_Plankton_Chl_004","Chl Biomass - Popn. #004 (19.00 micron phytoplankton)","mg Chl m^-3",1.19217060268878e-12
"Dolomites",21,20,499.5,"eco2D_Plankton_Chl_004","Chl Biomass - Popn. #004 (19.00 micron phytoplankton)","mg Chl m^-3",7.69623351593723e-13
"Dolomites",21,20,999.5,"eco2D_Plankton_Chl_004","Chl Biomass - Popn. #004 (19.00 micron phytoplankton)","mg Chl m^-3",5.91585699698249e-13
"Dolomites",21,20,1999.5,"eco2D_Plankton_Chl_004","Chl Biomass - Popn. #004 (19.00 micron phytoplankton)","mg Chl m^-3",5.50654465601708e-13
"Dolomites",21,20,4999.5,"eco2D_Plankton_Chl_004","Chl Biomass - Popn. #004 (19.00 micron phytoplankton)","mg Chl m^-3",5.86864270287618e-13
"Dolomites",21,20,9999.5,"eco2D_Plankton_Chl_004","Chl Biomass - Popn. #004 (19.00 micron phytoplankton)","mg Chl m^-3",5.85985578636927e-13
"Dolomites",21,20,0.5,"eco2D_Plankton_Chl_005","Chl Biomass - Popn. #005 (60.00 micron phytoplankton)","mg Chl m^-3",0.0730054080486298
"Dolomites",21,20,1.5,"eco2D_Plankton_Chl_005","Chl Biomass - Popn. #005 (60.00 micron phytoplankton)","mg Chl m^-3",0.0245515909045935
"Dolomites",21,20,4.5,"eco2D_Plankton_Chl_005","Chl Biomass - Popn. #005 (60.00 micron phytoplankton)","mg Chl m^-3",0.00146091950591654
"Dolomites",21,20,9.5,"eco2D_Plankton_Chl_005","Chl Biomass - Popn. #005 (60.00 micron phytoplankton)","mg Chl m^-3",6.18577041677781e-06
"Dolomites",21,20,19.5,"eco2D_Plankton_Chl_005","Chl Biomass - Popn. #005 (60.00 micron phytoplankton)","mg Chl m^-3",2.51008198601244e-12
"Dolomites",21,20,49.5,"eco2D_Plankton_Chl_005","Chl Biomass - Popn. #005 (60.00 micron phytoplankton)","mg Chl m^-3",3.75981824883923e-13
"Dolomites",21,20,99.5,"eco2D_Plankton_Chl_005","Chl Biomass - Popn. #005 (60.00 micron phytoplankton)","mg Chl m^-3",1.83570660842319e-13
"Dolomites",21,20,199.5,"eco2D_Plankton_Chl_005","Chl Biomass - Popn. #005 (60.00 micron phytoplankton)","mg Chl m^-3",1.67266360809847e-13
"Dolomites",21,20,499.5,"eco2D_Plankton_Chl_005","Chl Biomass - Popn. #005 (60.00 micron phytoplankton)","mg Chl m^-3",1.12386601489999e-13
"Dolomites",21,20,999.5,"eco2D_Plankton_Chl_005","Chl Biomass - Popn. #005 (60.00 micron phytoplankton)","mg Chl m^-3",8.7493834605764e-14
"Dolomites",21,20,1999.5,"eco2D_Plankton_Chl_005","Chl Biomass - Popn. #005 (60.00 micron phytoplankton)","mg Chl m^-3",8.17358604843915e-14
"Dolomites",21,20,4999.5,"eco2D_Plankton_Chl_005","Chl Biomass - Popn. #005 (60.00 micron phytoplankton)","mg Chl m^-3",8.67998977815282e-14
"Dolomites",21,20,9999.5,"eco2D_Plankton_Chl_005","Chl Biomass - Popn. #005 (60.00 micron phytoplankton)","mg Chl m^-3",8.66334524192609e-14
"Dolomites",21,20,0.5,"eco2D_Plankton_Chl_006","Chl Biomass - Popn. #006 (190.00 micron phytoplankton)","mg Chl m^-3",0.0502102747559547
"Dolomites",21,20,1.5,"eco2D_Plankton_Chl_006","Chl Biomass - Popn. #006 (190.00 micron phytoplankton)","mg Chl m^-3",0.00829883944243193
"Dolomites",21,20,4.5,"eco2D_Plankton_Chl_006","Chl Biomass - Popn. #006 (190.00 micron phytoplankton)","mg Chl m^-3",2.38048825096371e-09
"Dolomites",21,20,9.5,"eco2D_Plankton_Chl_006","Chl Biomass - Popn. #006 (190.00 micron phytoplankton)","mg Chl m^-3",7.05494419394465e-13
"Dolomites",21,20,19.5,"eco2D_Plankton_Chl_006","Chl Biomass - Popn. #006 (190.00 micron phytoplankton)","mg Chl m^-3",3.20126385252792e-13
"Dolomites",21,20,49.5,"eco2D_Plankton_Chl_006","Chl Biomass - Popn. #006 (190.00 micron phytoplankton)","mg Chl m^-3",5.69375479381705e-14
"Dolomites",21,20,99.5,"eco2D_Plankton_Chl_006","Chl Biomass - Popn. #006 (190.00 micron phytoplankton)","mg Chl m^-3",2.86543826047512e-14
"Dolomites",21,20,199.5,"eco2D_Plankton_Chl_006","Chl Biomass - Popn. #006 (190.00 micron phytoplankton)","mg Chl m^-3",2.60127900800601e-14
"Dolomites",21,20,499.5,"eco2D_Plankton_Chl_006","Chl Biomass - Popn. #006 (190.00 micron phytoplankton)","mg Chl m^-3",1.75145271549826e-14
"Dolomites",21,20,999.5,"eco2D_Plankton_Chl_006","Chl Biomass - Popn. #006 (190.00 micron phytoplankton)","mg Chl m^-3",1.3620533737338e-14
"Dolomites",21,20,1999.5,"eco2D_Plankton_Chl_006","Chl Biomass - Popn. #006 (190.00 micron phytoplankton)","mg Chl m^-3",1.27097403849791e-14
"Dolomites",21,20,4999.5,"eco2D_Plankton_Chl_006","Chl Biomass - Popn. #006 (190.00 micron phytoplankton)","mg Chl m^-3",1.34740834348236e-14
"Dolomites",21,20,9999.5,"eco2D_Plankton_Chl_006","Chl Biomass - Popn. #006 (190.00 micron phytoplankton)","mg Chl m^-3",1.34671335294914e-14
"Dolomites",21,20,0.5,"eco2D_Plankton_Chl_007","Chl Biomass - Popn. #007 (600.00 micron phytoplankton)","mg Chl m^-3",0.0364698320627213
"Dolomites",21,20,1.5,"eco2D_Plankton_Chl_007","Chl Biomass - Popn. #007 (600.00 micron phytoplankton)","mg Chl m^-3",0.00186373433098197
"Dolomites",21,20,4.5,"eco2D_Plankton_Chl_007","Chl Biomass - Popn. #007 (600.00 micron phytoplankton)","mg Chl m^-3",2.6467234437097e-13
"Dolomites",21,20,9.5,"eco2D_Plankton_Chl_007","Chl Biomass - Popn. #007 (600.00 micron phytoplankton)","mg Chl m^-3",1.07856344027431e-13
"Dolomites",21,20,19.5,"eco2D_Plankton_Chl_007","Chl Biomass - Popn. #007 (600.00 micron phytoplankton)","mg Chl m^-3",5.33910345405439e-14
"Dolomites",21,20,49.5,"eco2D_Plankton_Chl_007","Chl Biomass - Popn. #007 (600.00 micron phytoplankton)","mg Chl m^-3",9.06427659845424e-15
"Dolomites",21,20,99.5,"eco2D_Plankton_Chl_007","Chl Biomass - Popn. #007 (600.00 micron phytoplankton)","mg Chl m^-3",4.72905948342012e-15
"Dolomites",21,20,199.5,"eco2D_Plankton_Chl_007","Chl Biomass - Popn. #007 (600.00 micron phytoplankton)","mg Chl m^-3",4.17214506147931e-15
"Dolomites",21,20,499.5,"eco2D_Plankton_Chl_007","Chl Biomass - Popn. #007 (600.00 micron phytoplankton)","mg Chl m^-3",2.80567762965078e-15
"Dolomites",21,20,999.5,"eco2D_Plankton_Chl_007","Chl Biomass - Popn. #007 (600.00 micron phytoplankton)","mg Chl m^-3",2.1826196754083e-15
"Dolomites",21,20,1999.5,"eco2D_Plankton_Chl_007","Chl Biomass - Popn. #007 (600.00 micron phytoplankton)","mg Chl m^-3",2.02896874580932e-15
"Dolomites",21,20,4999.5,"eco2D_Plankton_Chl_007","Chl Biomass - Popn. #007 (600.00 micron phytoplankton)","mg Chl m^-3",2.14654538921769e-15
"Dolomites",21,20,9999.5,"eco2D_Plankton_Chl_007","Chl Biomass - Popn. #007 (600.00 micron phytoplankton)","mg Chl m^-3",2.15224105051327e-15
"Dolomites",21,20,0.5,"eco2D_Plankton_Chl_008","Chl Biomass - Popn. #008 (1900.00 micron phytoplankton)","mg Chl m^-3",0.0135466223582625
"Dolomites",21,20,1.5,"eco2D_Plankton_Chl_008","Chl Biomass - Popn. #008 (1900.00 micron phytoplankton)","mg Chl m^-3",0.000103930877230596
"Dolomites",21,20,4.5,"eco2D_Plankton_Chl_008","Chl Biomass - Popn. #008 (1900.00 micron phytoplankton)","mg Chl m^-3",5.67542872778343e-14
"Dolomites",21,20,9.5,"eco2D_Plankton_Chl_008","Chl Biomass - Popn. #008 (1900.00 micron phytoplankton)","mg Chl m^-3",1.93741405568344e-14
"Dolomites",21,20,19.5,"eco2D_Plankton_Chl_008","Chl Biomass - Popn. #008 (1900.00 micron phytoplankton)","mg Chl m^-3",1.01612545688832e-14
"Dolomites",21,20,49.5,"eco2D_Plankton_Chl_008","Chl Biomass - Popn. #008 (1900.00 micron phytoplankton)","mg Chl m^-3",1.66657978124932e-15
"Dolomites",21,20,99.5,"eco2D_Plankton_Chl_008","Chl Biomass - Popn. #008 (1900.00 micron phytoplankton)","mg Chl m^-3",8.68985658966968e-16
"Dolomites",21,20,199.5,"eco2D_Plankton_Chl_008","Chl Biomass - Popn. #008 (1900.00 micron phytoplankton)","mg Chl m^-3",6.77005217955307e-16
"Dolomites",21,20,499.5,"eco2D_Plankton_Chl_008","Chl Biomass - Popn. #008 (1900.00 micron phytoplankton)","mg Chl m^-3",4.57471536323293e-16
"Dolomites",21,20,999.5,"eco2D_Plankton_Chl_008","Chl Biomass - Popn. #008 (1900.00 micron phytoplankton)","mg Chl m^-3",3.53433814604277e-16
"Dolomites",21,20,1999.5,"eco2D_Plankton_Chl_008","Chl Biomass - Popn. #008 (1900.00 micron phytoplankton)","mg Chl m^-3",3.26424951471212e-16
"Dolomites",21,20,4999.5,"eco2D_Plankton_Chl_008","Chl Biomass - Popn. #008 (1900.00 micron phytoplankton)","mg Chl m^-3",3.45380278281342e-16
"Dolomites",21,20,9999.5,"eco2D_Plankton_Chl_008","Chl Biomass - Popn. #008 (1900.00 micron phytoplankton)","mg Chl m^-3",3.46891729166378e-16
"Dolomites",21,20,0.5,"eco2D_Plankton_Chl_Total","Chl Biomass - Total","mg Chl m^-3",0.529059171676636
"Dolomites",21,20,1.5,"eco2D_Plankton_Chl_Total","Chl Biomass - Total","mg Chl m^-3",0.258543819189072
"Dolomites",21,20,4.5,"eco2D_Plankton_Chl_Total","Chl Biomass - Total","mg Chl m^-3",0.0893751382827759
"Dolomites",21,20,9.5,"eco2D_Plankton_Chl_Total","Chl Biomass - Total","mg Chl m^-3",0.0626458302140236
"Dolomites",21,20,19.5,"eco2D_Plankton_Chl_Total","Chl Biomass - Total","mg Chl m^-3",0.0452429987490177
"Dolomites",21,20,49.5,"eco2D_Plankton_Chl_Total","Chl Biomass - Total","mg Chl m^-3",0.0243807416409254
"Dolomites",21,20,99.5,"eco2D_Plankton_Chl_Total","Chl Biomass - Total","mg Chl m^-3",0.019029788672924
"Dolomites",21,20,199.5,"eco2D_Plankton_Chl_Total","Chl Biomass - Total","mg Chl m^-3",0.0186293721199036
"Dolomites",21,20,499.5,"eco2D_Plankton_Chl_Total","Chl Biomass - Total","mg Chl m^-3",0.0168212242424488
"Dolomites",21,20,999.5,"eco2D_Plankton_Chl_Total","Chl Biomass - Total","mg Chl m^-3",0.0159944836050272
"Dolomites",21,20,1999.5,"eco2D_Plankton_Chl_Total","Chl Biomass - Total","mg Chl m^-3",0.01588524132967
"Dolomites",21,20,4999.5,"eco2D_Plankton_Chl_Total","Chl Biomass - Total","mg Chl m^-3",0.0161544494330883
"Dolomites",21,20,9999.5,"eco2D_Plankton_Chl_Total","Chl Biomass - Total","mg Chl m^-3",0.0161488763988018
"Dolomites",21,20,0.5,"eco2D_xGamma_T","Temperature Limitation","@",0.755512595176697
"Dolomites",21,20,1.5,"eco2D_xGamma_T","Temperature Limitation","@",0.953442573547363
"Dolomites",21,20,4.5,"eco2D_xGamma_T","Temperature Limitation","@",1.13708913326263
"Dolomites",21,20,9.5,"eco2D_xGamma_T","Temperature Limitation","@",1.21502757072449
"Dolomites",21,20,19.5,"eco2D_xGamma_T","Temperature Limitation","@",1.27170610427856
"Dolomites",21,20,49.5,"eco2D_xGamma_T","Temperature Limitation","@",1.29199266433716
"Dolomites",21,20,99.5,"eco2D_xGamma_T","Temperature Limitation","@",1.29880261421204
"Dolomites",21,20,199.5,"eco2D_xGamma_T","Temperature Limitation","@",1.2795045375824
"Dolomites",21,20,499.5,"eco2D_xGamma_T","Temperature Limitation","@",1.23176836967468
"Dolomites",21,20,999.5,"eco2D_xGamma_T","Temperature Limitation","@",1.18067026138306
"Dolomites",21,20,1999.5,"eco2D_xGamma_T","Temperature Limitation","@",1.1614236831665
"Dolomites",21,20,4999.5,"eco2D_xGamma_T","Temperature Limitation","@",1.15888011455536
"Dolomites",21,20,9999.5,"eco2D_xGamma_T","Temperature Limitation","@",1.15904998779297
"Dolomites",21,20,0.5,"eco2D_Nutrients_DIC","Nutrients DIC","mmol DIC m^-3",1983.20129394531
"Dolomites",21,20,1.5,"eco2D_Nutrients_DIC","Nutrients DIC","mmol DIC m^-3",1894.10900878906
"Dolomites",21,20,4.5,"eco2D_Nutrients_DIC","Nutrients DIC","mmol DIC m^-3",1912.44152832031
"Dolomites",21,20,9.5,"eco2D_Nutrients_DIC","Nutrients DIC","mmol DIC m^-3",1902.37182617188
"Dolomites",21,20,19.5,"eco2D_Nutrients_DIC","Nutrients DIC","mmol DIC m^-3",1892.96350097656
"Dolomites",21,20,49.5,"eco2D_Nutrients_DIC","Nutrients DIC","mmol DIC m^-3",1886.27233886719
"Dolomites",21,20,99.5,"eco2D_Nutrients_DIC","Nutrients DIC","mmol DIC m^-3",1879.57043457031
"Dolomites",21,20,199.5,"eco2D_Nutrients_DIC","Nutrients DIC","mmol DIC m^-3",1876.43859863281
"Dolomites",21,20,499.5,"eco2D_Nutrients_DIC","Nutrients DIC","mmol DIC m^-3",1878.43371582031
"Dolomites",21,20,999.5,"eco2D_Nutrients_DIC","Nutrients DIC","mmol DIC m^-3",1885.35205078125
"Dolomites",21,20,1999.5,"eco2D_Nutrients_DIC","Nutrients DIC","mmol DIC m^-3",1889.94116210938
"Dolomites",21,20,4999.5,"eco2D_Nutrients_DIC","Nutrients DIC","mmol DIC m^-3",1890.29284667969
"Dolomites",21,20,9999.5,"eco2D_Nutrients_DIC","Nutrients DIC","mmol DIC m^-3",1890.32214355469
"Dolomites",21,20,0.5,"eco2D_Nutrients_PO4","Nutrients PO4","mmol PO4 m^-3",1.00064444541931
"Dolomites",21,20,1.5,"eco2D_Nutrients_PO4","Nutrients PO4","mmol PO4 m^-3",0.0775285810232162
"Dolomites",21,20,4.5,"eco2D_Nutrients_PO4","Nutrients PO4","mmol PO4 m^-3",0.00606781570240855
"Dolomites",21,20,9.5,"eco2D_Nutrients_PO4","Nutrients PO4","mmol PO4 m^-3",0.00291252066381276
"Dolomites",21,20,19.5,"eco2D_Nutrients_PO4","Nutrients PO4","mmol PO4 m^-3",0.00141819566488266
"Dolomites",21,20,49.5,"eco2D_Nutrients_PO4","Nutrients PO4","mmol PO4 m^-3",0.00037635286571458
"Dolomites",21,20,99.5,"eco2D_Nutrients_PO4","Nutrients PO4","mmol PO4 m^-3",0.000198985057068057
"Dolomites",21,20,199.5,"eco2D_Nutrients_PO4","Nutrients PO4","mmol PO4 m^-3",0.000189384780242108
"Dolomites",21,20,499.5,"eco2D_Nutrients_PO4","Nutrients PO4","mmol PO4 m^-3",0.000143134035170078
"Dolomites",21,20,999.5,"eco2D_Nutrients_PO4","Nutrients PO4","mmol PO4 m^-3",0.000132293775095604
"Dolomites",21,20,1999.5,"eco2D_Nutrients_PO4","Nutrients PO4","mmol PO4 m^-3",0.00012857627007179
"Dolomites",21,20,4999.5,"eco2D_Nutrients_PO4","Nutrients PO4","mmol PO4 m^-3",0.00013774614490103
"Dolomites",21,20,9999.5,"eco2D_Nutrients_PO4","Nutrients PO4","mmol PO4 m^-3",0.000137559458380565
"Dolomites",21,20,0.5,"eco2D_Size_Mean","Geometric Mean of Cell Diameter","µm",47.1241073608398
"Dolomites",21,20,1.5,"eco2D_Size_Mean","Geometric Mean of Cell Diameter","µm",13.5472583770752
"Dolomites",21,20,4.5,"eco2D_Size_Mean","Geometric Mean of Cell Diameter","µm",4.60959434509277
"Dolomites",21,20,9.5,"eco2D_Size_Mean","Geometric Mean of Cell Diameter","µm",3.27048921585083
"Dolomites",21,20,19.5,"eco2D_Size_Mean","Geometric Mean of Cell Diameter","µm",2.5664005279541
"Dolomites",21,20,49.5,"eco2D_Size_Mean","Geometric Mean of Cell Diameter","µm",1.57852220535278
"Dolomites",21,20,99.5,"eco2D_Size_Mean","Geometric Mean of Cell Diameter","µm",1.24173724651337
"Dolomites",21,20,199.5,"eco2D_Size_Mean","Geometric Mean of Cell Diameter","µm",1.19429111480713
"Dolomites",21,20,499.5,"eco2D_Size_Mean","Geometric Mean of Cell Diameter","µm",1.04701507091522
"Dolomites",21,20,999.5,"eco2D_Size_Mean","Geometric Mean of Cell Diameter","µm",1.06084811687469
"Dolomites",21,20,1999.5,"eco2D_Size_Mean","Geometric Mean of Cell Diameter","µm",1.05031549930573
"Dolomites",21,20,4999.5,"eco2D_Size_Mean","Geometric Mean of Cell Diameter","µm",1.06563758850098
"Dolomites",21,20,9999.5,"eco2D_Size_Mean","Geometric Mean of Cell Diameter","µm",1.06562662124634
"Dolomites",21,20,0.5,"eco2D_Size_Stdev","Geometric Standard Deviation of Cell Diameter","Relative magnitude",9.52302360534668
"Dolomites",21,20,1.5,"eco2D_Size_Stdev","Geometric Standard Deviation of Cell Diameter","Relative magnitude",5.37507724761963
"Dolomites",21,20,4.5,"eco2D_Size_Stdev","Geometric Standard Deviation of Cell Diameter","Relative magnitude",3.38928961753845
"Dolomites",21,20,9.5,"eco2D_Size_Stdev","Geometric Standard Deviation of Cell Diameter","Relative magnitude",3.00168919563293
"Dolomites",21,20,19.5,"eco2D_Size_Stdev","Geometric Standard Deviation of Cell Diameter","Relative magnitude",2.89184260368347
"Dolomites",21,20,49.5,"eco2D_Size_Stdev","Geometric Standard Deviation of Cell Diameter","Relative magnitude",2.40635085105896
"Dolomites",21,20,99.5,"eco2D_Size_Stdev","Geometric Standard Deviation of Cell Diameter","Relative magnitude",2.18547034263611
"Dolomites",21,20,199.5,"eco2D_Size_Stdev","Geometric Standard Deviation of Cell Diameter","Relative magnitude",2.11779236793518
"Dolomites",21,20,499.5,"eco2D_Size_Stdev","Geometric Standard Deviation of Cell Diameter","Relative magnitude",1.85109579563141
"Dolomites",21,20,999.5,"eco2D_Size_Stdev","Geometric Standard Deviation of Cell Diameter","Relative magnitude",1.851682305336
"Dolomites",21,20,1999.5,"eco2D_Size_Stdev","Geometric Standard Deviation of Cell Diameter","Relative magnitude",1.85129034519196
"Dolomites",21,20,4999.5,"eco2D_Size_Stdev","Geometric Standard Deviation of Cell Diameter","Relative magnitude",1.85174715518951
"Dolomites",21,20,9999.5,"eco2D_Size_Stdev","Geometric Standard Deviation of Cell Diameter","Relative magnitude",1.85174715518951
"Dolomites",21,20,0.5,"eco2D_Size_Minimum","Minimum Cell Diameter","µm",0.600000023841858
"Dolomites",21,20,1.5,"eco2D_Size_Minimum","Minimum Cell Diameter","µm",0.600000023841858
"Dolomites",21,20,4.5,"eco2D_Size_Minimum","Minimum Cell Diameter","µm",0.600000023841858
"Dolomites",21,20,9.5,"eco2D_Size_Minimum","Minimum Cell Diameter","µm",0.600000023841858
"Dolomites",21,20,19.5,"eco2D_Size_Minimum","Minimum Cell Diameter","µm",0.600000023841858
"Dolomites",21,20,49.5,"eco2D_Size_Minimum","Minimum Cell Diameter","µm",0.600000023841858
"Dolomites",21,20,99.5,"eco2D_Size_Minimum","Minimum Cell Diameter","µm",0.600000023841858
"Dolomites",21,20,199.5,"eco2D_Size_Minimum","Minimum Cell Diameter","µm",0.600000023841858
"Dolomites",21,20,499.5,"eco2D_Size_Minimum","Minimum Cell Diameter","µm",0.600000023841858
"Dolomites",21,20,999.5,"eco2D_Size_Minimum","Minimum Cell Diameter","µm",0.600000023841858
"Dolomites",21,20,1999.5,"eco2D_Size_Minimum","Minimum Cell Diameter","µm",0.600000023841858
"Dolomites",21,20,4999.5,"eco2D_Size_Minimum","Minimum Cell Diameter","µm",0.600000023841858
"Dolomites",21,20,9999.5,"eco2D_Size_Minimum","Minimum Cell Diameter","µm",0.600000023841858
"Dolomites",21,20,0.5,"eco2D_Size_Maximum","Maximum Cell Diameter","µm",1900
"Dolomites",21,20,1.5,"eco2D_Size_Maximum","Maximum Cell Diameter","µm",1900
"Dolomites",21,20,4.5,"eco2D_Size_Maximum","Maximum Cell Diameter","µm",60
"Dolomites",21,20,9.5,"eco2D_Size_Maximum","Maximum Cell Diameter","µm",19
"Dolomites",21,20,19.5,"eco2D_Size_Maximum","Maximum Cell Diameter","µm",19
"Dolomites",21,20,49.5,"eco2D_Size_Maximum","Maximum Cell Diameter","µm",6
"Dolomites",21,20,99.5,"eco2D_Size_Maximum","Maximum Cell Diameter","µm",6
"Dolomites",21,20,199.5,"eco2D_Size_Maximum","Maximum Cell Diameter","µm",6
"Dolomites",21,20,499.5,"eco2D_Size_Maximum","Maximum Cell Diameter","µm",1.89999997615814
"Dolomites",21,20,999.5,"eco2D_Size_Maximum","Maximum Cell Diameter","µm",1.89999997615814
"Dolomites",21,20,1999.5,"eco2D_Size_Maximum","Maximum Cell Diameter","µm",1.89999997615814
"Dolomites",21,20,4999.5,"eco2D_Size_Maximum","Maximum Cell Diameter","µm",1.89999997615814
"Dolomites",21,20,9999.5,"eco2D_Size_Maximum","Maximum Cell Diameter","µm",1.89999997615814
"Dolomites",21,20,0.5,"eco2D_Diversity_Threshold","Threshold Diversity Index","-",8
"Dolomites",21,20,1.5,"eco2D_Diversity_Threshold","Threshold Diversity Index","-",8
"Dolomites",21,20,4.5,"eco2D_Diversity_Threshold","Threshold Diversity Index","-",5
"Dolomites",21,20,9.5,"eco2D_Diversity_Threshold","Threshold Diversity Index","-",4
"Dolomites",21,20,19.5,"eco2D_Diversity_Threshold","Threshold Diversity Index","-",4
"Dolomites",21,20,49.5,"eco2D_Diversity_Threshold","Threshold Diversity Index","-",3
"Dolomites",21,20,99.5,"eco2D_Diversity_Threshold","Threshold Diversity Index","-",3
"Dolomites",21,20,199.5,"eco2D_Diversity_Threshold","Threshold Diversity Index","-",3
"Dolomites",21,20,499.5,"eco2D_Diversity_Threshold","Threshold Diversity Index","-",2
"Dolomites",21,20,999.5,"eco2D_Diversity_Threshold","Threshold Diversity Index","-",2
"Dolomites",21,20,1999.5,"eco2D_Diversity_Threshold","Threshold Diversity Index","-",2
"Dolomites",21,20,4999.5,"eco2D_Diversity_Threshold","Threshold Diversity Index","-",2
"Dolomites",21,20,9999.5,"eco2D_Diversity_Threshold","Threshold Diversity Index","-",2
"Dolomites",21,20,0.5,"eco2D_Diversity_Shannon","Shannon Diversity Index","-",1.94240736961365
"Dolomites",21,20,1.5,"eco2D_Diversity_Shannon","Shannon Diversity Index","-",1.70695424079895
"Dolomites",21,20,4.5,"eco2D_Diversity_Shannon","Shannon Diversity Index","-",1.39533996582031
"Dolomites",21,20,9.5,"eco2D_Diversity_Shannon","Shannon Diversity Index","-",1.27834188938141
"Dolomites",21,20,19.5,"eco2D_Diversity_Shannon","Shannon Diversity Index","-",1.24322819709778
"Dolomites",21,20,49.5,"eco2D_Diversity_Shannon","Shannon Diversity Index","-",1.03685569763184
"Dolomites",21,20,99.5,"eco2D_Diversity_Shannon","Shannon Diversity Index","-",0.925288379192352
"Dolomites",21,20,199.5,"eco2D_Diversity_Shannon","Shannon Diversity Index","-",0.889314889907837
"Dolomites",21,20,499.5,"eco2D_Diversity_Shannon","Shannon Diversity Index","-",0.692570567131042
"Dolomites",21,20,999.5,"eco2D_Diversity_Shannon","Shannon Diversity Index","-",0.69308465719223
"Dolomites",21,20,1999.5,"eco2D_Diversity_Shannon","Shannon Diversity Index","-",0.69274115562439
"Dolomites",21,20,4999.5,"eco2D_Diversity_Shannon","Shannon Diversity Index","-",0.693141520023346
"Dolomites",21,20,9999.5,"eco2D_Diversity_Shannon","Shannon Diversity Index","-",0.693141460418701
"Dolomites",21,20,0.5,"eco2D_Diversity_Simpson","Simpson Diversity Index","-",0.847686231136322
"Dolomites",21,20,1.5,"eco2D_Diversity_Simpson","Simpson Diversity Index","-",0.791767358779907
"Dolomites",21,20,4.5,"eco2D_Diversity_Simpson","Simpson Diversity Index","-",0.721516609191895
"Dolomites",21,20,9.5,"eco2D_Diversity_Simpson","Simpson Diversity Index","-",0.696130335330963
"Dolomites",21,20,19.5,"eco2D_Diversity_Simpson","Simpson Diversity Index","-",0.681157529354095
"Dolomites",21,20,49.5,"eco2D_Diversity_Simpson","Simpson Diversity Index","-",0.627629280090332
"Dolomites",21,20,99.5,"eco2D_Diversity_Simpson","Simpson Diversity Index","-",0.574258267879486
"Dolomites",21,20,199.5,"eco2D_Diversity_Simpson","Simpson Diversity Index","-",0.558953166007996
"Dolomites",21,20,499.5,"eco2D_Diversity_Simpson","Simpson Diversity Index","-",0.49942347407341
"Dolomites",21,20,999.5,"eco2D_Diversity_Simpson","Simpson Diversity Index","-",0.499937474727631
"Dolomites",21,20,1999.5,"eco2D_Diversity_Simpson","Simpson Diversity Index","-",0.49959397315979
"Dolomites",21,20,4999.5,"eco2D_Diversity_Simpson","Simpson Diversity Index","-",0.499994337558746
"Dolomites",21,20,9999.5,"eco2D_Diversity_Simpson","Simpson Diversity Index","-",0.499994277954102
"Dolomites",21,20,0.5,"eco2D_Diversity_Berger","Berger Diversity Index","-",0.795955121517181
"Dolomites",21,20,1.5,"eco2D_Diversity_Berger","Berger Diversity Index","-",0.697153687477112
"Dolomites",21,20,4.5,"eco2D_Diversity_Berger","Berger Diversity Index","-",0.639423787593842
"Dolomites",21,20,9.5,"eco2D_Diversity_Berger","Berger Diversity Index","-",0.600353538990021
"Dolomites",21,20,19.5,"eco2D_Diversity_Berger","Berger Diversity Index","-",0.55739438533783
"Dolomites",21,20,49.5,"eco2D_Diversity_Berger","Berger Diversity Index","-",0.534557044506073
"Dolomites",21,20,99.5,"eco2D_Diversity_Berger","Berger Diversity Index","-",0.539119839668274
"Dolomites",21,20,199.5,"eco2D_Diversity_Berger","Berger Diversity Index","-",0.531993269920349
"Dolomites",21,20,499.5,"eco2D_Diversity_Berger","Berger Diversity Index","-",0.483021467924118
"Dolomites",21,20,999.5,"eco2D_Diversity_Berger","Berger Diversity Index","-",0.494408279657364
"Dolomites",21,20,1999.5,"eco2D_Diversity_Berger","Berger Diversity Index","-",0.485751897096634
"Dolomites",21,20,4999.5,"eco2D_Diversity_Berger","Berger Diversity Index","-",0.498316258192062
"Dolomites",21,20,9999.5,"eco2D_Diversity_Berger","Berger Diversity Index","-",0.498307287693024
"Dolomites",21,20,0.5,"eco2D_Size_Frac_Pico_Chl","Pico chlorophyll biomass","mg Chl m^-3",0.0579998344182968
"Dolomites",21,20,1.5,"eco2D_Size_Frac_Pico_Chl","Pico chlorophyll biomass","mg Chl m^-3",0.0583387203514576
"Dolomites",21,20,4.5,"eco2D_Size_Frac_Pico_Chl","Pico chlorophyll biomass","mg Chl m^-3",0.0475281849503517
"Dolomites",21,20,9.5,"eco2D_Size_Frac_Pico_Chl","Pico chlorophyll biomass","mg Chl m^-3",0.0406285785138607
"Dolomites",21,20,19.5,"eco2D_Size_Frac_Pico_Chl","Pico chlorophyll biomass","mg Chl m^-3",0.0331058651208878
"Dolomites",21,20,49.5,"eco2D_Size_Frac_Pico_Chl","Pico chlorophyll biomass","mg Chl m^-3",0.0212118644267321
"Dolomites",21,20,99.5,"eco2D_Size_Frac_Pico_Chl","Pico chlorophyll biomass","mg Chl m^-3",0.0179924983531237
"Dolomites",21,20,199.5,"eco2D_Size_Frac_Pico_Chl","Pico chlorophyll biomass","mg Chl m^-3",0.017865214496851
"Dolomites",21,20,499.5,"eco2D_Size_Frac_Pico_Chl","Pico chlorophyll biomass","mg Chl m^-3",0.0168212242424488
"Dolomites",21,20,999.5,"eco2D_Size_Frac_Pico_Chl","Pico chlorophyll biomass","mg Chl m^-3",0.0159944836050272
"Dolomites",21,20,1999.5,"eco2D_Size_Frac_Pico_Chl","Pico chlorophyll biomass","mg Chl m^-3",0.01588524132967
"Dolomites",21,20,4999.5,"eco2D_Size_Frac_Pico_Chl","Pico chlorophyll biomass","mg Chl m^-3",0.0161544494330883
"Dolomites",21,20,9999.5,"eco2D_Size_Frac_Pico_Chl","Pico chlorophyll biomass","mg Chl m^-3",0.0161488763988018
"Dolomites",21,20,0.5,"eco2D_Size_Frac_Nano_Chl","Nano chlorophyll biomass","mg Chl m^-3",0.297827214002609
"Dolomites",21,20,1.5,"eco2D_Size_Frac_Nano_Chl","Nano chlorophyll biomass","mg Chl m^-3",0.165386989712715
"Dolomites",21,20,4.5,"eco2D_Size_Frac_Nano_Chl","Nano chlorophyll biomass","mg Chl m^-3",0.0403860285878181
"Dolomites",21,20,9.5,"eco2D_Size_Frac_Nano_Chl","Nano chlorophyll biomass","mg Chl m^-3",0.0220110677182674
"Dolomites",21,20,19.5,"eco2D_Size_Frac_Nano_Chl","Nano chlorophyll biomass","mg Chl m^-3",0.0121371345594525
"Dolomites",21,20,49.5,"eco2D_Size_Frac_Nano_Chl","Nano chlorophyll biomass","mg Chl m^-3",0.0031688769813627
"Dolomites",21,20,99.5,"eco2D_Size_Frac_Nano_Chl","Nano chlorophyll biomass","mg Chl m^-3",0.00103728950489312
"Dolomites",21,20,199.5,"eco2D_Size_Frac_Nano_Chl","Nano chlorophyll biomass","mg Chl m^-3",0.000764157623052597
"Dolomites",21,20,499.5,"eco2D_Size_Frac_Nano_Chl","Nano chlorophyll biomass","mg Chl m^-3",1.73642628054083e-11
"Dolomites",21,20,999.5,"eco2D_Size_Frac_Nano_Chl","Nano chlorophyll biomass","mg Chl m^-3",7.40761445239269e-12
"Dolomites",21,20,1999.5,"eco2D_Size_Frac_Nano_Chl","Nano chlorophyll biomass","mg Chl m^-3",6.40491219089379e-12
"Dolomites",21,20,4999.5,"eco2D_Size_Frac_Nano_Chl","Nano chlorophyll biomass","mg Chl m^-3",7.27258401070352e-12
"Dolomites",21,20,9999.5,"eco2D_Size_Frac_Nano_Chl","Nano chlorophyll biomass","mg Chl m^-3",7.23531217577955e-12
"Dolomites",21,20,0.5,"eco2D_Size_Frac_Micro_Chl","Micro chlorophyll biomass","mg Chl m^-3",0.173232138156891
"Dolomites",21,20,1.5,"eco2D_Size_Frac_Micro_Chl","Micro chlorophyll biomass","mg Chl m^-3",0.0348180942237377
"Dolomites",21,20,4.5,"eco2D_Size_Frac_Micro_Chl","Micro chlorophyll biomass","mg Chl m^-3",0.00146092195063829
"Dolomites",21,20,9.5,"eco2D_Size_Frac_Micro_Chl","Micro chlorophyll biomass","mg Chl m^-3",6.18577132627252e-06
"Dolomites",21,20,19.5,"eco2D_Size_Frac_Micro_Chl","Micro chlorophyll biomass","mg Chl m^-3",2.89376053501378e-12
"Dolomites",21,20,49.5,"eco2D_Size_Frac_Micro_Chl","Micro chlorophyll biomass","mg Chl m^-3",4.43650243495478e-13
"Dolomites",21,20,99.5,"eco2D_Size_Frac_Micro_Chl","Micro chlorophyll biomass","mg Chl m^-3",2.17823087583606e-13
"Dolomites",21,20,199.5,"eco2D_Size_Frac_Micro_Chl","Micro chlorophyll biomass","mg Chl m^-3",1.98128297622391e-13
"Dolomites",21,20,499.5,"eco2D_Size_Frac_Micro_Chl","Micro chlorophyll biomass","mg Chl m^-3",1.33164272252302e-13
"Dolomites",21,20,999.5,"eco2D_Size_Frac_Micro_Chl","Micro chlorophyll biomass","mg Chl m^-3",1.03650425644763e-13
"Dolomites",21,20,1999.5,"eco2D_Size_Frac_Micro_Chl","Micro chlorophyll biomass","mg Chl m^-3",9.68009919726127e-14
"Dolomites",21,20,4999.5,"eco2D_Size_Frac_Micro_Chl","Micro chlorophyll biomass","mg Chl m^-3",1.02765906407395e-13
"Dolomites",21,20,9999.5,"eco2D_Size_Frac_Micro_Chl","Micro chlorophyll biomass","mg Chl m^-3",1.02599718543143e-13
"Turkiye",22,15,0.5,"grid_level","grid definition","n/a",1
"Turkiye",22,15,1.5,"grid_level","grid definition","n/a",1
"Turkiye",22,15,4.5,"grid_level","grid definition","n/a",1
"Turkiye",22,15,9.5,"grid_level","grid definition","n/a",1
"Turkiye",22,15,19.5,"grid_level","grid definition","n/a",1
"Turkiye",22,15,49.5,"grid_level","grid definition","n/a",1
"Turkiye",22,15,99.5,"grid_level","grid definition","n/a",1
"Turkiye",22,15,199.5,"grid_level","grid definition","n/a",1
"Turkiye",22,15,499.5,"grid_level","grid definition","n/a",1
"Turkiye",22,15,999.5,"grid_level","grid definition","n/a",1
"Turkiye",22,15,1999.5,"grid_level","grid definition","n/a",1
"Turkiye",22,15,4999.5,"grid_level","grid definition","n/a",1
"Turkiye",22,15,9999.5,"grid_level","grid definition","n/a",1
"Turkiye",22,15,0.5,"grid_mask","land-sea mask","n/a",1
"Turkiye",22,15,1.5,"grid_mask","land-sea mask","n/a",1
"Turkiye",22,15,4.5,"grid_mask","land-sea mask","n/a",1
"Turkiye",22,15,9.5,"grid_mask","land-sea mask","n/a",1
"Turkiye",22,15,19.5,"grid_mask","land-sea mask","n/a",1
"Turkiye",22,15,49.5,"grid_mask","land-sea mask","n/a",1
"Turkiye",22,15,99.5,"grid_mask","land-sea mask","n/a",1
"Turkiye",22,15,199.5,"grid_mask","land-sea mask","n/a",1
"Turkiye",22,15,499.5,"grid_mask","land-sea mask","n/a",1
"Turkiye",22,15,999.5,"grid_mask","land-sea mask","n/a",1
"Turkiye",22,15,1999.5,"grid_mask","land-sea mask","n/a",1
"Turkiye",22,15,4999.5,"grid_mask","land-sea mask","n/a",1
"Turkiye",22,15,9999.5,"grid_mask","land-sea mask","n/a",1
"Turkiye",22,15,0.5,"grid_topo","ocean depth","m",5000
"Turkiye",22,15,1.5,"grid_topo","ocean depth","m",5000
"Turkiye",22,15,4.5,"grid_topo","ocean depth","m",5000
"Turkiye",22,15,9.5,"grid_topo","ocean depth","m",5000
"Turkiye",22,15,19.5,"grid_topo","ocean depth","m",5000
"Turkiye",22,15,49.5,"grid_topo","ocean depth","m",5000
"Turkiye",22,15,99.5,"grid_topo","ocean depth","m",5000
"Turkiye",22,15,199.5,"grid_topo","ocean depth","m",5000
"Turkiye",22,15,499.5,"grid_topo","ocean depth","m",5000
"Turkiye",22,15,999.5,"grid_topo","ocean depth","m",5000
"Turkiye",22,15,1999.5,"grid_topo","ocean depth","m",5000
"Turkiye",22,15,4999.5,"grid_topo","ocean depth","m",5000
"Turkiye",22,15,9999.5,"grid_topo","ocean depth","m",5000
"Turkiye",22,15,0.5,"eco2D_Plankton_C_001","C Biomass - Popn. #001 (0.60 micron phytoplankton)","mmol C m^-3",0.0326774902641773
"Turkiye",22,15,1.5,"eco2D_Plankton_C_001","C Biomass - Popn. #001 (0.60 micron phytoplankton)","mmol C m^-3",0.0408109724521637
"Turkiye",22,15,4.5,"eco2D_Plankton_C_001","C Biomass - Popn. #001 (0.60 micron phytoplankton)","mmol C m^-3",0.0577665716409683
"Turkiye",22,15,9.5,"eco2D_Plankton_C_001","C Biomass - Popn. #001 (0.60 micron phytoplankton)","mmol C m^-3",0.0720335617661476
"Turkiye",22,15,19.5,"eco2D_Plankton_C_001","C Biomass - Popn. #001 (0.60 micron phytoplankton)","mmol C m^-3",0.0710336863994598
"Turkiye",22,15,49.5,"eco2D_Plankton_C_001","C Biomass - Popn. #001 (0.60 micron phytoplankton)","mmol C m^-3",0.0947435349225998
"Turkiye",22,15,99.5,"eco2D_Plankton_C_001","C Biomass - Popn. #001 (0.60 micron phytoplankton)","mmol C m^-3",0.103914648294449
"Turkiye",22,15,199.5,"eco2D_Plankton_C_001","C Biomass - Popn. #001 (0.60 micron phytoplankton)","mmol C m^-3",0.104855060577393
"Turkiye",22,15,499.5,"eco2D_Plankton_C_001","C Biomass - Popn. #001 (0.60 micron phytoplankton)","mmol C m^-3",0.11070916056633
"Turkiye",22,15,999.5,"eco2D_Plankton_C_001","C Biomass - Popn. #001 (0.60 micron phytoplankton)","mmol C m^-3",0.118243955075741
"Turkiye",22,15,1999.5,"eco2D_Plankton_C_001","C Biomass - Popn. #001 (0.60 micron phytoplankton)","mmol C m^-3",0.119932554662228
"Turkiye",22,15,4999.5,"eco2D_Plankton_C_001","C Biomass - Popn. #001 (0.60 micron phytoplankton)","mmol C m^-3",0.118833646178246
"Turkiye",22,15,9999.5,"eco2D_Plankton_C_001","C Biomass - Popn. #001 (0.60 micron phytoplankton)","mmol C m^-3",0.118739023804665
"Turkiye",22,15,0.5,"eco2D_Plankton_C_002","C Biomass - Popn. #002 (1.90 micron phytoplankton)","mmol C m^-3",0.202464774250984
"Turkiye",22,15,1.5,"eco2D_Plankton_C_002","C Biomass - Popn. #002 (1.90 micron phytoplankton)","mmol C m^-3",0.212222650647163
"Turkiye",22,15,4.5,"eco2D_Plankton_C_002","C Biomass - Popn. #002 (1.90 micron phytoplankton)","mmol C m^-3",0.221442192792892
"Turkiye",22,15,9.5,"eco2D_Plankton_C_002","C Biomass - Popn. #002 (1.90 micron phytoplankton)","mmol C m^-3",0.208905205130577
"Turkiye",22,15,19.5,"eco2D_Plankton_C_002","C Biomass - Popn. #002 (1.90 micron phytoplankton)","mmol C m^-3",0.190442353487015
"Turkiye",22,15,49.5,"eco2D_Plankton_C_002","C Biomass - Popn. #002 (1.90 micron phytoplankton)","mmol C m^-3",0.141645550727844
"Turkiye",22,15,99.5,"eco2D_Plankton_C_002","C Biomass - Popn. #002 (1.90 micron phytoplankton)","mmol C m^-3",0.124692410230637
"Turkiye",22,15,199.5,"eco2D_Plankton_C_002","C Biomass - Popn. #002 (1.90 micron phytoplankton)","mmol C m^-3",0.122430078685284
"Turkiye",22,15,499.5,"eco2D_Plankton_C_002","C Biomass - Popn. #002 (1.90 micron phytoplankton)","mmol C m^-3",0.116567820310593
"Turkiye",22,15,999.5,"eco2D_Plankton_C_002","C Biomass - Popn. #002 (1.90 micron phytoplankton)","mmol C m^-3",0.115500673651695
"Turkiye",22,15,1999.5,"eco2D_Plankton_C_002","C Biomass - Popn. #002 (1.90 micron phytoplankton)","mmol C m^-3",0.114945106208324
"Turkiye",22,15,4999.5,"eco2D_Plankton_C_002","C Biomass - Popn. #002 (1.90 micron phytoplankton)","mmol C m^-3",0.11664055287838
"Turkiye",22,15,9999.5,"eco2D_Plankton_C_002","C Biomass - Popn. #002 (1.90 micron phytoplankton)","mmol C m^-3",0.116619065403938
"Turkiye",22,15,0.5,"eco2D_Plankton_C_003","C Biomass - Popn. #003 (6.00 micron phytoplankton)","mmol C m^-3",0.523689866065979
"Turkiye",22,15,1.5,"eco2D_Plankton_C_003","C Biomass - Popn. #003 (6.00 micron phytoplankton)","mmol C m^-3",0.421425491571426
"Turkiye",22,15,4.5,"eco2D_Plankton_C_003","C Biomass - Popn. #003 (6.00 micron phytoplankton)","mmol C m^-3",0.251265674829483
"Turkiye",22,15,9.5,"eco2D_Plankton_C_003","C Biomass - Popn. #003 (6.00 micron phytoplankton)","mmol C m^-3",0.160095006227493
"Turkiye",22,15,19.5,"eco2D_Plankton_C_003","C Biomass - Popn. #003 (6.00 micron phytoplankton)","mmol C m^-3",0.169151097536087
"Turkiye",22,15,49.5,"eco2D_Plankton_C_003","C Biomass - Popn. #003 (6.00 micron phytoplankton)","mmol C m^-3",0.0833344385027885
"Turkiye",22,15,99.5,"eco2D_Plankton_C_003","C Biomass - Popn. #003 (6.00 micron phytoplankton)","mmol C m^-3",0.0563904978334904
"Turkiye",22,15,199.5,"eco2D_Plankton_C_003","C Biomass - Popn. #003 (6.00 micron phytoplankton)","mmol C m^-3",0.0535175502300262
"Turkiye",22,15,499.5,"eco2D_Plankton_C_003","C Biomass - Popn. #003 (6.00 micron phytoplankton)","mmol C m^-3",0.043011486530304
"Turkiye",22,15,999.5,"eco2D_Plankton_C_003","C Biomass - Popn. #003 (6.00 micron phytoplankton)","mmol C m^-3",0.0310379508882761
"Turkiye",22,15,1999.5,"eco2D_Plankton_C_003","C Biomass - Popn. #003 (6.00 micron phytoplankton)","mmol C m^-3",0.0291983354836702
"Turkiye",22,15,4999.5,"eco2D_Plankton_C_003","C Biomass - Popn. #003 (6.00 micron phytoplankton)","mmol C m^-3",0.0308297444134951
"Turkiye",22,15,9999.5,"eco2D_Plankton_C_003","C Biomass - Popn. #003 (6.00 micron phytoplankton)","mmol C m^-3",0.030984940007329
"Turkiye",22,15,0.5,"eco2D_Plankton_C_004","C Biomass - Popn. #004 (19.00 micron phytoplankton)","mmol C m^-3",0.46383935213089
"Turkiye",22,15,1.5,"eco2D_Plankton_C_004","C Biomass - Popn. #004 (19.00 micron phytoplankton)","mmol C m^-3",0.333668559789658
"Turkiye",22,15,4.5,"eco2D_Plankton_C_004","C Biomass - Popn. #004 (19.00 micron phytoplankton)","mmol C m^-3",0.128092408180237
"Turkiye",22,15,9.5,"eco2D_Plankton_C_004","C Biomass - Popn. #004 (19.00 micron phytoplankton)","mmol C m^-3",0.0622527860105038
"Turkiye",22,15,19.5,"eco2D_Plankton_C_004","C Biomass - Popn. #004 (19.00 micron phytoplankton)","mmol C m^-3",0.0937221348285675
"Turkiye",22,15,49.5,"eco2D_Plankton_C_004","C Biomass - Popn. #004 (19.00 micron phytoplankton)","mmol C m^-3",0.0190517008304596
"Turkiye",22,15,99.5,"eco2D_Plankton_C_004","C Biomass - Popn. #004 (19.00 micron phytoplankton)","mmol C m^-3",1.16362040003537e-08
"Turkiye",22,15,199.5,"eco2D_Plankton_C_004","C Biomass - Popn. #004 (19.00 micron phytoplankton)","mmol C m^-3",4.20184997906858e-09
"Turkiye",22,15,499.5,"eco2D_Plankton_C_004","C Biomass - Popn. #004 (19.00 micron phytoplankton)","mmol C m^-3",6.40252462158486e-10
"Turkiye",22,15,999.5,"eco2D_Plankton_C_004","C Biomass - Popn. #004 (19.00 micron phytoplankton)","mmol C m^-3",1.65619365444236e-10
"Turkiye",22,15,1999.5,"eco2D_Plankton_C_004","C Biomass - Popn. #004 (19.00 micron phytoplankton)","mmol C m^-3",1.39647876595816e-10
"Turkiye",22,15,4999.5,"eco2D_Plankton_C_004","C Biomass - Popn. #004 (19.00 micron phytoplankton)","mmol C m^-3",1.5701172306759e-10
"Turkiye",22,15,9999.5,"eco2D_Plankton_C_004","C Biomass - Popn. #004 (19.00 micron phytoplankton)","mmol C m^-3",1.59856100578892e-10
"Turkiye",22,15,0.5,"eco2D_Plankton_C_005","C Biomass - Popn. #005 (60.00 micron phytoplankton)","mmol C m^-3",0.373877644538879
"Turkiye",22,15,1.5,"eco2D_Plankton_C_005","C Biomass - Popn. #005 (60.00 micron phytoplankton)","mmol C m^-3",0.214110627770424
"Turkiye",22,15,4.5,"eco2D_Plankton_C_005","C Biomass - Popn. #005 (60.00 micron phytoplankton)","mmol C m^-3",0.0320870243012905
"Turkiye",22,15,9.5,"eco2D_Plankton_C_005","C Biomass - Popn. #005 (60.00 micron phytoplankton)","mmol C m^-3",3.25922769661702e-06
"Turkiye",22,15,19.5,"eco2D_Plankton_C_005","C Biomass - Popn. #005 (60.00 micron phytoplankton)","mmol C m^-3",0.0352672152221203
"Turkiye",22,15,49.5,"eco2D_Plankton_C_005","C Biomass - Popn. #005 (60.00 micron phytoplankton)","mmol C m^-3",1.33321687023624e-10
"Turkiye",22,15,99.5,"eco2D_Plankton_C_005","C Biomass - Popn. #005 (60.00 micron phytoplankton)","mmol C m^-3",3.77966824505194e-11
"Turkiye",22,15,199.5,"eco2D_Plankton_C_005","C Biomass - Popn. #005 (60.00 micron phytoplankton)","mmol C m^-3",3.29821760181037e-11
"Turkiye",22,15,499.5,"eco2D_Plankton_C_005","C Biomass - Popn. #005 (60.00 micron phytoplankton)","mmol C m^-3",2.47909279910141e-11
"Turkiye",22,15,999.5,"eco2D_Plankton_C_005","C Biomass - Popn. #005 (60.00 micron phytoplankton)","mmol C m^-3",1.86944227459351e-11
"Turkiye",22,15,1999.5,"eco2D_Plankton_C_005","C Biomass - Popn. #005 (60.00 micron phytoplankton)","mmol C m^-3",1.79413168349685e-11
"Turkiye",22,15,4999.5,"eco2D_Plankton_C_005","C Biomass - Popn. #005 (60.00 micron phytoplankton)","mmol C m^-3",1.84974709160901e-11
"Turkiye",22,15,9999.5,"eco2D_Plankton_C_005","C Biomass - Popn. #005 (60.00 micron phytoplankton)","mmol C m^-3",1.85882073622246e-11
"Turkiye",22,15,0.5,"eco2D_Plankton_C_006","C Biomass - Popn. #006 (190.00 micron phytoplankton)","mmol C m^-3",0.35429060459137
"Turkiye",22,15,1.5,"eco2D_Plankton_C_006","C Biomass - Popn. #006 (190.00 micron phytoplankton)","mmol C m^-3",0.108270481228828
"Turkiye",22,15,4.5,"eco2D_Plankton_C_006","C Biomass - Popn. #006 (190.00 micron phytoplankton)","mmol C m^-3",4.43013767892353e-08
"Turkiye",22,15,9.5,"eco2D_Plankton_C_006","C Biomass - Popn. #006 (190.00 micron phytoplankton)","mmol C m^-3",2.70680439867776e-11
"Turkiye",22,15,19.5,"eco2D_Plankton_C_006","C Biomass - Popn. #006 (190.00 micron phytoplankton)","mmol C m^-3",1.23635612858664e-09
"Turkiye",22,15,49.5,"eco2D_Plankton_C_006","C Biomass - Popn. #006 (190.00 micron phytoplankton)","mmol C m^-3",1.77593668937437e-11
"Turkiye",22,15,99.5,"eco2D_Plankton_C_006","C Biomass - Popn. #006 (190.00 micron phytoplankton)","mmol C m^-3",9.81167664476645e-12
"Turkiye",22,15,199.5,"eco2D_Plankton_C_006","C Biomass - Popn. #006 (190.00 micron phytoplankton)","mmol C m^-3",8.80361842453548e-12
"Turkiye",22,15,499.5,"eco2D_Plankton_C_006","C Biomass - Popn. #006 (190.00 micron phytoplankton)","mmol C m^-3",6.92667971591288e-12
"Turkiye",22,15,999.5,"eco2D_Plankton_C_006","C Biomass - Popn. #006 (190.00 micron phytoplankton)","mmol C m^-3",5.35096879999974e-12
"Turkiye",22,15,1999.5,"eco2D_Plankton_C_006","C Biomass - Popn. #006 (190.00 micron phytoplankton)","mmol C m^-3",5.14807294016428e-12
"Turkiye",22,15,4999.5,"eco2D_Plankton_C_006","C Biomass - Popn. #006 (190.00 micron phytoplankton)","mmol C m^-3",5.30175773075237e-12
"Turkiye",22,15,9999.5,"eco2D_Plankton_C_006","C Biomass - Popn. #006 (190.00 micron phytoplankton)","mmol C m^-3",5.32741992881336e-12
"Turkiye",22,15,0.5,"eco2D_Plankton_C_007","C Biomass - Popn. #007 (600.00 micron phytoplankton)","mmol C m^-3",0.363041251897812
"Turkiye",22,15,1.5,"eco2D_Plankton_C_007","C Biomass - Popn. #007 (600.00 micron phytoplankton)","mmol C m^-3",0.0308268181979656
"Turkiye",22,15,4.5,"eco2D_Plankton_C_007","C Biomass - Popn. #007 (600.00 micron phytoplankton)","mmol C m^-3",1.69068179595167e-11
"Turkiye",22,15,9.5,"eco2D_Plankton_C_007","C Biomass - Popn. #007 (600.00 micron phytoplankton)","mmol C m^-3",7.84279325510839e-12
"Turkiye",22,15,19.5,"eco2D_Plankton_C_007","C Biomass - Popn. #007 (600.00 micron phytoplankton)","mmol C m^-3",3.20788083596479e-11
"Turkiye",22,15,49.5,"eco2D_Plankton_C_007","C Biomass - Popn. #007 (600.00 micron phytoplankton)","mmol C m^-3",5.08778349311845e-12
"Turkiye",22,15,99.5,"eco2D_Plankton_C_007","C Biomass - Popn. #007 (600.00 micron phytoplankton)","mmol C m^-3",2.94911035696177e-12
"Turkiye",22,15,199.5,"eco2D_Plankton_C_007","C Biomass - Popn. #007 (600.00 micron phytoplankton)","mmol C m^-3",2.61587149510967e-12
"Turkiye",22,15,499.5,"eco2D_Plankton_C_007","C Biomass - Popn. #007 (600.00 micron phytoplankton)","mmol C m^-3",2.06301946012455e-12
"Turkiye",22,15,999.5,"eco2D_Plankton_C_007","C Biomass - Popn. #007 (600.00 micron phytoplankton)","mmol C m^-3",1.59520964146398e-12
"Turkiye",22,15,1999.5,"eco2D_Plankton_C_007","C Biomass - Popn. #007 (600.00 micron phytoplankton)","mmol C m^-3",1.53391936739272e-12
"Turkiye",22,15,4999.5,"eco2D_Plankton_C_007","C Biomass - Popn. #007 (600.00 micron phytoplankton)","mmol C m^-3",1.58180825209076e-12
"Turkiye",22,15,9999.5,"eco2D_Plankton_C_007","C Biomass - Popn. #007 (600.00 micron phytoplankton)","mmol C m^-3",1.58797215828177e-12
"Turkiye",22,15,0.5,"eco2D_Plankton_C_008","C Biomass - Popn. #008 (1900.00 micron phytoplankton)","mmol C m^-3",0.187371626496315
"Turkiye",22,15,1.5,"eco2D_Plankton_C_008","C Biomass - Popn. #008 (1900.00 micron phytoplankton)","mmol C m^-3",0.00243177334778011
"Turkiye",22,15,4.5,"eco2D_Plankton_C_008","C Biomass - Popn. #008 (1900.00 micron phytoplankton)","mmol C m^-3",6.11128855854126e-12
"Turkiye",22,15,9.5,"eco2D_Plankton_C_008","C Biomass - Popn. #008 (1900.00 micron phytoplankton)","mmol C m^-3",2.68001528087869e-12
"Turkiye",22,15,19.5,"eco2D_Plankton_C_008","C Biomass - Popn. #008 (1900.00 micron phytoplankton)","mmol C m^-3",9.28519153925444e-12
"Turkiye",22,15,49.5,"eco2D_Plankton_C_008","C Biomass - Popn. #008 (1900.00 micron phytoplankton)","mmol C m^-3",1.51383029375896e-12
"Turkiye",22,15,99.5,"eco2D_Plankton_C_008","C Biomass - Popn. #008 (1900.00 micron phytoplankton)","mmol C m^-3",9.22066351223549e-13
"Turkiye",22,15,199.5,"eco2D_Plankton_C_008","C Biomass - Popn. #008 (1900.00 micron phytoplankton)","mmol C m^-3",7.82699642945528e-13
"Turkiye",22,15,499.5,"eco2D_Plankton_C_008","C Biomass - Popn. #008 (1900.00 micron phytoplankton)","mmol C m^-3",6.17911971589891e-13
"Turkiye",22,15,999.5,"eco2D_Plankton_C_008","C Biomass - Popn. #008 (1900.00 micron phytoplankton)","mmol C m^-3",4.76430635394653e-13
"Turkiye",22,15,1999.5,"eco2D_Plankton_C_008","C Biomass - Popn. #008 (1900.00 micron phytoplankton)","mmol C m^-3",4.57548332988972e-13
"Turkiye",22,15,4999.5,"eco2D_Plankton_C_008","C Biomass - Popn. #008 (1900.00 micron phytoplankton)","mmol C m^-3",4.72241061359735e-13
"Turkiye",22,15,9999.5,"eco2D_Plankton_C_008","C Biomass - Popn. #008 (1900.00 micron phytoplankton)","mmol C m^-3",4.73756288105892e-13
"Turkiye",22,15,0.5,"eco2D_Plankton_C_009","C Biomass - Popn. #009 (0.60 micron zooplankton)","mmol C m^-3",0.0033746100962162
"Turkiye",22,15,1.5,"eco2D_Plankton_C_009","C Biomass - Popn. #009 (0.60 micron zooplankton)","mmol C m^-3",2.72518227575347e-05
"Turkiye",22,15,4.5,"eco2D_Plankton_C_009","C Biomass - Popn. #009 (0.60 micron zooplankton)","mmol C m^-3",9.19543197142048e-07
"Turkiye",22,15,9.5,"eco2D_Plankton_C_009","C Biomass - Popn. #009 (0.60 micron zooplankton)","mmol C m^-3",1.01588659706664e-09
"Turkiye",22,15,19.5,"eco2D_Plankton_C_009","C Biomass - Popn. #009 (0.60 micron zooplankton)","mmol C m^-3",2.55301946250341e-10
"Turkiye",22,15,49.5,"eco2D_Plankton_C_009","C Biomass - Popn. #009 (0.60 micron zooplankton)","mmol C m^-3",1.26509108744344e-10
"Turkiye",22,15,99.5,"eco2D_Plankton_C_009","C Biomass - Popn. #009 (0.60 micron zooplankton)","mmol C m^-3",1.14552006769131e-10
"Turkiye",22,15,199.5,"eco2D_Plankton_C_009","C Biomass - Popn. #009 (0.60 micron zooplankton)","mmol C m^-3",1.09591599684045e-10
"Turkiye",22,15,499.5,"eco2D_Plankton_C_009","C Biomass - Popn. #009 (0.60 micron zooplankton)","mmol C m^-3",1.03863639910884e-10
"Turkiye",22,15,999.5,"eco2D_Plankton_C_009","C Biomass - Popn. #009 (0.60 micron zooplankton)","mmol C m^-3",1.0255852417318e-10
"Turkiye",22,15,1999.5,"eco2D_Plankton_C_009","C Biomass - Popn. #009 (0.60 micron zooplankton)","mmol C m^-3",1.02310833416386e-10
"Turkiye",22,15,4999.5,"eco2D_Plankton_C_009","C Biomass - Popn. #009 (0.60 micron zooplankton)","mmol C m^-3",1.01832563215165e-10
"Turkiye",22,15,9999.5,"eco2D_Plankton_C_009","C Biomass - Popn. #009 (0.60 micron zooplankton)","mmol C m^-3",1.01837857591214e-10
"Turkiye",22,15,0.5,"eco2D_Plankton_C_010","C Biomass - Popn. #010 (1.90 micron zooplankton)","mmol C m^-3",0.051917277276516
"Turkiye",22,15,1.5,"eco2D_Plankton_C_010","C Biomass - Popn. #010 (1.90 micron zooplankton)","mmol C m^-3",0.0505591183900833
"Turkiye",22,15,4.5,"eco2D_Plankton_C_010","C Biomass - Popn. #010 (1.90 micron zooplankton)","mmol C m^-3",0.0458939373493195
"Turkiye",22,15,9.5,"eco2D_Plankton_C_010","C Biomass - Popn. #010 (1.90 micron zooplankton)","mmol C m^-3",0.0399916246533394
"Turkiye",22,15,19.5,"eco2D_Plankton_C_010","C Biomass - Popn. #010 (1.90 micron zooplankton)","mmol C m^-3",0.0382681153714657
"Turkiye",22,15,49.5,"eco2D_Plankton_C_010","C Biomass - Popn. #010 (1.90 micron zooplankton)","mmol C m^-3",0.0247143711894751
"Turkiye",22,15,99.5,"eco2D_Plankton_C_010","C Biomass - Popn. #010 (1.90 micron zooplankton)","mmol C m^-3",0.0224360041320324
"Turkiye",22,15,199.5,"eco2D_Plankton_C_010","C Biomass - Popn. #010 (1.90 micron zooplankton)","mmol C m^-3",0.0209458339959383
"Turkiye",22,15,499.5,"eco2D_Plankton_C_010","C Biomass - Popn. #010 (1.90 micron zooplankton)","mmol C m^-3",0.0190277025103569
"Turkiye",22,15,999.5,"eco2D_Plankton_C_010","C Biomass - Popn. #010 (1.90 micron zooplankton)","mmol C m^-3",0.0190755818039179
"Turkiye",22,15,1999.5,"eco2D_Plankton_C_010","C Biomass - Popn. #010 (1.90 micron zooplankton)","mmol C m^-3",0.0190828368067741
"Turkiye",22,15,4999.5,"eco2D_Plankton_C_010","C Biomass - Popn. #010 (1.90 micron zooplankton)","mmol C m^-3",0.0190077424049377
"Turkiye",22,15,9999.5,"eco2D_Plankton_C_010","C Biomass - Popn. #010 (1.90 micron zooplankton)","mmol C m^-3",0.0190030671656132
"Turkiye",22,15,0.5,"eco2D_Plankton_C_011","C Biomass - Popn. #011 (6.00 micron zooplankton)","mmol C m^-3",0.171953052282333
"Turkiye",22,15,1.5,"eco2D_Plankton_C_011","C Biomass - Popn. #011 (6.00 micron zooplankton)","mmol C m^-3",0.152381122112274
"Turkiye",22,15,4.5,"eco2D_Plankton_C_011","C Biomass - Popn. #011 (6.00 micron zooplankton)","mmol C m^-3",0.116411782801151
"Turkiye",22,15,9.5,"eco2D_Plankton_C_011","C Biomass - Popn. #011 (6.00 micron zooplankton)","mmol C m^-3",0.0930659100413322
"Turkiye",22,15,19.5,"eco2D_Plankton_C_011","C Biomass - Popn. #011 (6.00 micron zooplankton)","mmol C m^-3",0.0916268154978752
"Turkiye",22,15,49.5,"eco2D_Plankton_C_011","C Biomass - Popn. #011 (6.00 micron zooplankton)","mmol C m^-3",0.0687787383794785
"Turkiye",22,15,99.5,"eco2D_Plankton_C_011","C Biomass - Popn. #011 (6.00 micron zooplankton)","mmol C m^-3",0.0711454302072525
"Turkiye",22,15,199.5,"eco2D_Plankton_C_011","C Biomass - Popn. #011 (6.00 micron zooplankton)","mmol C m^-3",0.0717667564749718
"Turkiye",22,15,499.5,"eco2D_Plankton_C_011","C Biomass - Popn. #011 (6.00 micron zooplankton)","mmol C m^-3",0.0723351538181305
"Turkiye",22,15,999.5,"eco2D_Plankton_C_011","C Biomass - Popn. #011 (6.00 micron zooplankton)","mmol C m^-3",0.0749981850385666
"Turkiye",22,15,1999.5,"eco2D_Plankton_C_011","C Biomass - Popn. #011 (6.00 micron zooplankton)","mmol C m^-3",0.0755991190671921
"Turkiye",22,15,4999.5,"eco2D_Plankton_C_011","C Biomass - Popn. #011 (6.00 micron zooplankton)","mmol C m^-3",0.0754433050751686
"Turkiye",22,15,9999.5,"eco2D_Plankton_C_011","C Biomass - Popn. #011 (6.00 micron zooplankton)","mmol C m^-3",0.0753970742225647
"Turkiye",22,15,0.5,"eco2D_Plankton_C_012","C Biomass - Popn. #012 (19.00 micron zooplankton)","mmol C m^-3",0.326514929533005
"Turkiye",22,15,1.5,"eco2D_Plankton_C_012","C Biomass - Popn. #012 (19.00 micron zooplankton)","mmol C m^-3",0.271615236997604
"Turkiye",22,15,4.5,"eco2D_Plankton_C_012","C Biomass - Popn. #012 (19.00 micron zooplankton)","mmol C m^-3",0.181125313043594
"Turkiye",22,15,9.5,"eco2D_Plankton_C_012","C Biomass - Popn. #012 (19.00 micron zooplankton)","mmol C m^-3",0.140997394919395
"Turkiye",22,15,19.5,"eco2D_Plankton_C_012","C Biomass - Popn. #012 (19.00 micron zooplankton)","mmol C m^-3",0.144237369298935
"Turkiye",22,15,49.5,"eco2D_Plankton_C_012","C Biomass - Popn. #012 (19.00 micron zooplankton)","mmol C m^-3",0.120861478149891
"Turkiye",22,15,99.5,"eco2D_Plankton_C_012","C Biomass - Popn. #012 (19.00 micron zooplankton)","mmol C m^-3",0.116723395884037
"Turkiye",22,15,199.5,"eco2D_Plankton_C_012","C Biomass - Popn. #012 (19.00 micron zooplankton)","mmol C m^-3",0.120638385415077
"Turkiye",22,15,499.5,"eco2D_Plankton_C_012","C Biomass - Popn. #012 (19.00 micron zooplankton)","mmol C m^-3",0.107534267008305
"Turkiye",22,15,999.5,"eco2D_Plankton_C_012","C Biomass - Popn. #012 (19.00 micron zooplankton)","mmol C m^-3",0.0806739777326584
"Turkiye",22,15,1999.5,"eco2D_Plankton_C_012","C Biomass - Popn. #012 (19.00 micron zooplankton)","mmol C m^-3",0.0752742812037468
"Turkiye",22,15,4999.5,"eco2D_Plankton_C_012","C Biomass - Popn. #012 (19.00 micron zooplankton)","mmol C m^-3",0.0790064632892609
"Turkiye",22,15,9999.5,"eco2D_Plankton_C_012","C Biomass - Popn. #012 (19.00 micron zooplankton)","mmol C m^-3",0.0793166980147362
"Turkiye",22,15,0.5,"eco2D_Plankton_C_013","C Biomass - Popn. #013 (60.00 micron zooplankton)","mmol C m^-3",0.457818925380707
"Turkiye",22,15,1.5,"eco2D_Plankton_C_013","C Biomass - Popn. #013 (60.00 micron zooplankton)","mmol C m^-3",0.355407863855362
"Turkiye",22,15,4.5,"eco2D_Plankton_C_013","C Biomass - Popn. #013 (60.00 micron zooplankton)","mmol C m^-3",0.226287946105003
"Turkiye",22,15,9.5,"eco2D_Plankton_C_013","C Biomass - Popn. #013 (60.00 micron zooplankton)","mmol C m^-3",0.19168446958065
"Turkiye",22,15,19.5,"eco2D_Plankton_C_013","C Biomass - Popn. #013 (60.00 micron zooplankton)","mmol C m^-3",0.201292127370834
"Turkiye",22,15,49.5,"eco2D_Plankton_C_013","C Biomass - Popn. #013 (60.00 micron zooplankton)","mmol C m^-3",0.126384019851685
"Turkiye",22,15,99.5,"eco2D_Plankton_C_013","C Biomass - Popn. #013 (60.00 micron zooplankton)","mmol C m^-3",0.0384911336004734
"Turkiye",22,15,199.5,"eco2D_Plankton_C_013","C Biomass - Popn. #013 (60.00 micron zooplankton)","mmol C m^-3",0.0182854868471622
"Turkiye",22,15,499.5,"eco2D_Plankton_C_013","C Biomass - Popn. #013 (60.00 micron zooplankton)","mmol C m^-3",1.46351064600481e-09
"Turkiye",22,15,999.5,"eco2D_Plankton_C_013","C Biomass - Popn. #013 (60.00 micron zooplankton)","mmol C m^-3",3.44817785435936e-10
"Turkiye",22,15,1999.5,"eco2D_Plankton_C_013","C Biomass - Popn. #013 (60.00 micron zooplankton)","mmol C m^-3",2.73669253925135e-10
"Turkiye",22,15,4999.5,"eco2D_Plankton_C_013","C Biomass - Popn. #013 (60.00 micron zooplankton)","mmol C m^-3",3.12725290108062e-10
"Turkiye",22,15,9999.5,"eco2D_Plankton_C_013","C Biomass - Popn. #013 (60.00 micron zooplankton)","mmol C m^-3",3.17400022931125e-10
"Turkiye",22,15,0.5,"eco2D_Plankton_C_014","C Biomass - Popn. #014 (190.00 micron zooplankton)","mmol C m^-3",0.559950292110443
"Turkiye",22,15,1.5,"eco2D_Plankton_C_014","C Biomass - Popn. #014 (190.00 micron zooplankton)","mmol C m^-3",0.40714356303215
"Turkiye",22,15,4.5,"eco2D_Plankton_C_014","C Biomass - Popn. #014 (190.00 micron zooplankton)","mmol C m^-3",0.269540756940842
"Turkiye",22,15,9.5,"eco2D_Plankton_C_014","C Biomass - Popn. #014 (190.00 micron zooplankton)","mmol C m^-3",0.244470670819283
"Turkiye",22,15,19.5,"eco2D_Plankton_C_014","C Biomass - Popn. #014 (190.00 micron zooplankton)","mmol C m^-3",0.270115375518799
"Turkiye",22,15,49.5,"eco2D_Plankton_C_014","C Biomass - Popn. #014 (190.00 micron zooplankton)","mmol C m^-3",7.22273074682533e-10
"Turkiye",22,15,99.5,"eco2D_Plankton_C_014","C Biomass - Popn. #014 (190.00 micron zooplankton)","mmol C m^-3",8.60252286072338e-11
"Turkiye",22,15,199.5,"eco2D_Plankton_C_014","C Biomass - Popn. #014 (190.00 micron zooplankton)","mmol C m^-3",7.02401678487341e-11
"Turkiye",22,15,499.5,"eco2D_Plankton_C_014","C Biomass - Popn. #014 (190.00 micron zooplankton)","mmol C m^-3",4.68999422631455e-11
"Turkiye",22,15,999.5,"eco2D_Plankton_C_014","C Biomass - Popn. #014 (190.00 micron zooplankton)","mmol C m^-3",3.3072634908482e-11
"Turkiye",22,15,1999.5,"eco2D_Plankton_C_014","C Biomass - Popn. #014 (190.00 micron zooplankton)","mmol C m^-3",3.08093515977159e-11
"Turkiye",22,15,4999.5,"eco2D_Plankton_C_014","C Biomass - Popn. #014 (190.00 micron zooplankton)","mmol C m^-3",3.21684796855681e-11
"Turkiye",22,15,9999.5,"eco2D_Plankton_C_014","C Biomass - Popn. #014 (190.00 micron zooplankton)","mmol C m^-3",3.2307274910881e-11
"Turkiye",22,15,0.5,"eco2D_Plankton_C_015","C Biomass - Popn. #015 (600.00 micron zooplankton)","mmol C m^-3",0.681994080543518
"Turkiye",22,15,1.5,"eco2D_Plankton_C_015","C Biomass - Popn. #015 (600.00 micron zooplankton)","mmol C m^-3",0.468667536973953
"Turkiye",22,15,4.5,"eco2D_Plankton_C_015","C Biomass - Popn. #015 (600.00 micron zooplankton)","mmol C m^-3",0.242074862122536
"Turkiye",22,15,9.5,"eco2D_Plankton_C_015","C Biomass - Popn. #015 (600.00 micron zooplankton)","mmol C m^-3",0.00125891994684935
"Turkiye",22,15,19.5,"eco2D_Plankton_C_015","C Biomass - Popn. #015 (600.00 micron zooplankton)","mmol C m^-3",0.0413796417415142
"Turkiye",22,15,49.5,"eco2D_Plankton_C_015","C Biomass - Popn. #015 (600.00 micron zooplankton)","mmol C m^-3",3.77615230751083e-11
"Turkiye",22,15,99.5,"eco2D_Plankton_C_015","C Biomass - Popn. #015 (600.00 micron zooplankton)","mmol C m^-3",1.65555295167374e-11
"Turkiye",22,15,199.5,"eco2D_Plankton_C_015","C Biomass - Popn. #015 (600.00 micron zooplankton)","mmol C m^-3",1.38981421857198e-11
"Turkiye",22,15,499.5,"eco2D_Plankton_C_015","C Biomass - Popn. #015 (600.00 micron zooplankton)","mmol C m^-3",9.80983697052018e-12
"Turkiye",22,15,999.5,"eco2D_Plankton_C_015","C Biomass - Popn. #015 (600.00 micron zooplankton)","mmol C m^-3",7.05517979107673e-12
"Turkiye",22,15,1999.5,"eco2D_Plankton_C_015","C Biomass - Popn. #015 (600.00 micron zooplankton)","mmol C m^-3",6.54330192459418e-12
"Turkiye",22,15,4999.5,"eco2D_Plankton_C_015","C Biomass - Popn. #015 (600.00 micron zooplankton)","mmol C m^-3",6.85476805525886e-12
"Turkiye",22,15,9999.5,"eco2D_Plankton_C_015","C Biomass - Popn. #015 (600.00 micron zooplankton)","mmol C m^-3",6.890430500478e-12
"Turkiye",22,15,0.5,"eco2D_Plankton_C_016","C Biomass - Popn. #016 (1900.00 micron zooplankton)","mmol C m^-3",0.729008436203003
"Turkiye",22,15,1.5,"eco2D_Plankton_C_016","C Biomass - Popn. #016 (1900.00 micron zooplankton)","mmol C m^-3",0.451763153076172
"Turkiye",22,15,4.5,"eco2D_Plankton_C_016","C Biomass - Popn. #016 (1900.00 micron zooplankton)","mmol C m^-3",7.52599808038212e-05
"Turkiye",22,15,9.5,"eco2D_Plankton_C_016","C Biomass - Popn. #016 (1900.00 micron zooplankton)","mmol C m^-3",3.94486769639268e-11
"Turkiye",22,15,19.5,"eco2D_Plankton_C_016","C Biomass - Popn. #016 (1900.00 micron zooplankton)","mmol C m^-3",7.30609461818688e-11
"Turkiye",22,15,49.5,"eco2D_Plankton_C_016","C Biomass - Popn. #016 (1900.00 micron zooplankton)","mmol C m^-3",8.00930068795003e-12
"Turkiye",22,15,99.5,"eco2D_Plankton_C_016","C Biomass - Popn. #016 (1900.00 micron zooplankton)","mmol C m^-3",3.18478446739712e-12
"Turkiye",22,15,199.5,"eco2D_Plankton_C_016","C Biomass - Popn. #016 (1900.00 micron zooplankton)","mmol C m^-3",2.37462111606079e-12
"Turkiye",22,15,499.5,"eco2D_Plankton_C_016","C Biomass - Popn. #016 (1900.00 micron zooplankton)","mmol C m^-3",1.51902112850016e-12
"Turkiye",22,15,999.5,"eco2D_Plankton_C_016","C Biomass - Popn. #016 (1900.00 micron zooplankton)","mmol C m^-3",1.04581035671736e-12
"Turkiye",22,15,1999.5,"eco2D_Plankton_C_016","C Biomass - Popn. #016 (1900.00 micron zooplankton)","mmol C m^-3",9.53353173314964e-13
"Turkiye",22,15,4999.5,"eco2D_Plankton_C_016","C Biomass - Popn. #016 (1900.00 micron zooplankton)","mmol C m^-3",1.00939655939269e-12
"Turkiye",22,15,9999.5,"eco2D_Plankton_C_016","C Biomass - Popn. #016 (1900.00 micron zooplankton)","mmol C m^-3",1.01541843509911e-12
"Turkiye",22,15,0.5,"eco2D_Plankton_C_Total","C Biomass - Total","mmol C m^-3",5.48378419876099
"Turkiye",22,15,1.5,"eco2D_Plankton_C_Total","C Biomass - Total","mmol C m^-3",3.52133226394653
"Turkiye",22,15,4.5,"eco2D_Plankton_C_Total","C Biomass - Total","mmol C m^-3",1.77206468582153
"Turkiye",22,15,9.5,"eco2D_Plankton_C_Total","C Biomass - Total","mmol C m^-3",1.21475887298584
"Turkiye",22,15,19.5,"eco2D_Plankton_C_Total","C Biomass - Total","mmol C m^-3",1.3465359210968
"Turkiye",22,15,49.5,"eco2D_Plankton_C_Total","C Biomass - Total","mmol C m^-3",0.679513812065125
"Turkiye",22,15,99.5,"eco2D_Plankton_C_Total","C Biomass - Total","mmol C m^-3",0.5337935090065
"Turkiye",22,15,199.5,"eco2D_Plankton_C_Total","C Biomass - Total","mmol C m^-3",0.512439131736755
"Turkiye",22,15,499.5,"eco2D_Plankton_C_Total","C Biomass - Total","mmol C m^-3",0.469185590744019
"Turkiye",22,15,999.5,"eco2D_Plankton_C_Total","C Biomass - Total","mmol C m^-3",0.439530313014984
"Turkiye",22,15,1999.5,"eco2D_Plankton_C_Total","C Biomass - Total","mmol C m^-3",0.43403223156929
"Turkiye",22,15,4999.5,"eco2D_Plankton_C_Total","C Biomass - Total","mmol C m^-3",0.439761459827423
"Turkiye",22,15,9999.5,"eco2D_Plankton_C_Total","C Biomass - Total","mmol C m^-3",0.440059870481491
"Turkiye",22,15,0.5,"eco2D_Uptake_Fluxes_C","Uptake Fluxes C","mmol C m^-3 d^-1",0.951959133148193
"Turkiye",22,15,1.5,"eco2D_Uptake_Fluxes_C","Uptake Fluxes C","mmol C m^-3 d^-1",0.649454712867737
"Turkiye",22,15,4.5,"eco2D_Uptake_Fluxes_C","Uptake Fluxes C","mmol C m^-3 d^-1",0.244875177741051
"Turkiye",22,15,9.5,"eco2D_Uptake_Fluxes_C","Uptake Fluxes C","mmol C m^-3 d^-1",0.133677542209625
"Turkiye",22,15,19.5,"eco2D_Uptake_Fluxes_C","Uptake Fluxes C","mmol C m^-3 d^-1",0.186127051711082
"Turkiye",22,15,49.5,"eco2D_Uptake_Fluxes_C","Uptake Fluxes C","mmol C m^-3 d^-1",0.0661789625883102
"Turkiye",22,15,99.5,"eco2D_Uptake_Fluxes_C","Uptake Fluxes C","mmol C m^-3 d^-1",0.0469511821866035
"Turkiye",22,15,199.5,"eco2D_Uptake_Fluxes_C","Uptake Fluxes C","mmol C m^-3 d^-1",0.0442677959799767
"Turkiye",22,15,499.5,"eco2D_Uptake_Fluxes_C","Uptake Fluxes C","mmol C m^-3 d^-1",0.0380277223885059
"Turkiye",22,15,999.5,"eco2D_Uptake_Fluxes_C","Uptake Fluxes C","mmol C m^-3 d^-1",0.0338831096887589
"Turkiye",22,15,1999.5,"eco2D_Uptake_Fluxes_C","Uptake Fluxes C","mmol C m^-3 d^-1",0.0329959280788898
"Turkiye",22,15,4999.5,"eco2D_Uptake_Fluxes_C","Uptake Fluxes C","mmol C m^-3 d^-1",0.0336936004459858
"Turkiye",22,15,9999.5,"eco2D_Uptake_Fluxes_C","Uptake Fluxes C","mmol C m^-3 d^-1",0.0337269119918346
"Turkiye",22,15,0.5,"eco2D_Plankton_P_001","P Biomass - Popn. #001 (0.60 micron phytoplankton)","mmol P m^-3",0.000348498637322336
"Turkiye",22,15,1.5,"eco2D_Plankton_P_001","P Biomass - Popn. #001 (0.60 micron phytoplankton)","mmol P m^-3",0.000431777501944453
"Turkiye",22,15,4.5,"eco2D_Plankton_P_001","P Biomass - Popn. #001 (0.60 micron phytoplankton)","mmol P m^-3",0.00057787069818005
"Turkiye",22,15,9.5,"eco2D_Plankton_P_001","P Biomass - Popn. #001 (0.60 micron phytoplankton)","mmol P m^-3",0.000663871353026479
"Turkiye",22,15,19.5,"eco2D_Plankton_P_001","P Biomass - Popn. #001 (0.60 micron phytoplankton)","mmol P m^-3",0.000641468679532409
"Turkiye",22,15,49.5,"eco2D_Plankton_P_001","P Biomass - Popn. #001 (0.60 micron phytoplankton)","mmol P m^-3",0.000649048073682934
"Turkiye",22,15,99.5,"eco2D_Plankton_P_001","P Biomass - Popn. #001 (0.60 micron phytoplankton)","mmol P m^-3",0.000622003804892302
"Turkiye",22,15,199.5,"eco2D_Plankton_P_001","P Biomass - Popn. #001 (0.60 micron phytoplankton)","mmol P m^-3",0.000617767043877393
"Turkiye",22,15,499.5,"eco2D_Plankton_P_001","P Biomass - Popn. #001 (0.60 micron phytoplankton)","mmol P m^-3",0.000623462139628828
"Turkiye",22,15,999.5,"eco2D_Plankton_P_001","P Biomass - Popn. #001 (0.60 micron phytoplankton)","mmol P m^-3",0.000643131323158741
"Turkiye",22,15,1999.5,"eco2D_Plankton_P_001","P Biomass - Popn. #001 (0.60 micron phytoplankton)","mmol P m^-3",0.000648868328426033
"Turkiye",22,15,4999.5,"eco2D_Plankton_P_001","P Biomass - Popn. #001 (0.60 micron phytoplankton)","mmol P m^-3",0.000648690038360655
"Turkiye",22,15,9999.5,"eco2D_Plankton_P_001","P Biomass - Popn. #001 (0.60 micron phytoplankton)","mmol P m^-3",0.000648408371489495
"Turkiye",22,15,0.5,"eco2D_xGamma_P_001","P Limitation - Popn. #001 (0.60 micron phytoplankton)","mmol P m^-3",0.986360907554626
"Turkiye",22,15,1.5,"eco2D_xGamma_P_001","P Limitation - Popn. #001 (0.60 micron phytoplankton)","mmol P m^-3",0.982920110225677
"Turkiye",22,15,4.5,"eco2D_xGamma_P_001","P Limitation - Popn. #001 (0.60 micron phytoplankton)","mmol P m^-3",0.958257675170898
"Turkiye",22,15,9.5,"eco2D_xGamma_P_001","P Limitation - Popn. #001 (0.60 micron phytoplankton)","mmol P m^-3",0.920099020004272
"Turkiye",22,15,19.5,"eco2D_xGamma_P_001","P Limitation - Popn. #001 (0.60 micron phytoplankton)","mmol P m^-3",0.914030969142914
"Turkiye",22,15,49.5,"eco2D_xGamma_P_001","P Limitation - Popn. #001 (0.60 micron phytoplankton)","mmol P m^-3",0.751718640327454
"Turkiye",22,15,99.5,"eco2D_xGamma_P_001","P Limitation - Popn. #001 (0.60 micron phytoplankton)","mmol P m^-3",0.652725577354431
"Turkiye",22,15,199.5,"eco2D_xGamma_P_001","P Limitation - Popn. #001 (0.60 micron phytoplankton)","mmol P m^-3",0.640551507472992
"Turkiye",22,15,499.5,"eco2D_xGamma_P_001","P Limitation - Popn. #001 (0.60 micron phytoplankton)","mmol P m^-3",0.602619171142578
"Turkiye",22,15,999.5,"eco2D_xGamma_P_001","P Limitation - Popn. #001 (0.60 micron phytoplankton)","mmol P m^-3",0.572075843811035
"Turkiye",22,15,1999.5,"eco2D_xGamma_P_001","P Limitation - Popn. #001 (0.60 micron phytoplankton)","mmol P m^-3",0.567752003669739
"Turkiye",22,15,4999.5,"eco2D_xGamma_P_001","P Limitation - Popn. #001 (0.60 micron phytoplankton)","mmol P m^-3",0.575985133647919
"Turkiye",22,15,9999.5,"eco2D_xGamma_P_001","P Limitation - Popn. #001 (0.60 micron phytoplankton)","mmol P m^-3",0.576335370540619
"Turkiye",22,15,0.5,"eco2D_Plankton_P_002","P Biomass - Popn. #002 (1.90 micron phytoplankton)","mmol P m^-3",0.00201716809533536
"Turkiye",22,15,1.5,"eco2D_Plankton_P_002","P Biomass - Popn. #002 (1.90 micron phytoplankton)","mmol P m^-3",0.00194180954713374
"Turkiye",22,15,4.5,"eco2D_Plankton_P_002","P Biomass - Popn. #002 (1.90 micron phytoplankton)","mmol P m^-3",0.00141594384331256
"Turkiye",22,15,9.5,"eco2D_Plankton_P_002","P Biomass - Popn. #002 (1.90 micron phytoplankton)","mmol P m^-3",0.00103243556804955
"Turkiye",22,15,19.5,"eco2D_Plankton_P_002","P Biomass - Popn. #002 (1.90 micron phytoplankton)","mmol P m^-3",0.00107100745663047
"Turkiye",22,15,49.5,"eco2D_Plankton_P_002","P Biomass - Popn. #002 (1.90 micron phytoplankton)","mmol P m^-3",0.000648473913315684
"Turkiye",22,15,99.5,"eco2D_Plankton_P_002","P Biomass - Popn. #002 (1.90 micron phytoplankton)","mmol P m^-3",0.000546948693227023
"Turkiye",22,15,199.5,"eco2D_Plankton_P_002","P Biomass - Popn. #002 (1.90 micron phytoplankton)","mmol P m^-3",0.000534890918061137
"Turkiye",22,15,499.5,"eco2D_Plankton_P_002","P Biomass - Popn. #002 (1.90 micron phytoplankton)","mmol P m^-3",0.00050434295553714
"Turkiye",22,15,999.5,"eco2D_Plankton_P_002","P Biomass - Popn. #002 (1.90 micron phytoplankton)","mmol P m^-3",0.000491653103381395
"Turkiye",22,15,1999.5,"eco2D_Plankton_P_002","P Biomass - Popn. #002 (1.90 micron phytoplankton)","mmol P m^-3",0.000489594356622547
"Turkiye",22,15,4999.5,"eco2D_Plankton_P_002","P Biomass - Popn. #002 (1.90 micron phytoplankton)","mmol P m^-3",0.000497244414873421
"Turkiye",22,15,9999.5,"eco2D_Plankton_P_002","P Biomass - Popn. #002 (1.90 micron phytoplankton)","mmol P m^-3",0.00049736478831619
"Turkiye",22,15,0.5,"eco2D_xGamma_P_002","P Limitation - Popn. #002 (1.90 micron phytoplankton)","mmol P m^-3",0.952578842639923
"Turkiye",22,15,1.5,"eco2D_xGamma_P_002","P Limitation - Popn. #002 (1.90 micron phytoplankton)","mmol P m^-3",0.913759052753448
"Turkiye",22,15,4.5,"eco2D_xGamma_P_002","P Limitation - Popn. #002 (1.90 micron phytoplankton)","mmol P m^-3",0.696390151977539
"Turkiye",22,15,9.5,"eco2D_xGamma_P_002","P Limitation - Popn. #002 (1.90 micron phytoplankton)","mmol P m^-3",0.483689844608307
"Turkiye",22,15,19.5,"eco2D_xGamma_P_002","P Limitation - Popn. #002 (1.90 micron phytoplankton)","mmol P m^-3",0.508590817451477
"Turkiye",22,15,49.5,"eco2D_xGamma_P_002","P Limitation - Popn. #002 (1.90 micron phytoplankton)","mmol P m^-3",0.227516189217567
"Turkiye",22,15,99.5,"eco2D_xGamma_P_002","P Limitation - Popn. #002 (1.90 micron phytoplankton)","mmol P m^-3",0.166535615921021
"Turkiye",22,15,199.5,"eco2D_xGamma_P_002","P Limitation - Popn. #002 (1.90 micron phytoplankton)","mmol P m^-3",0.16031639277935
"Turkiye",22,15,499.5,"eco2D_xGamma_P_002","P Limitation - Popn. #002 (1.90 micron phytoplankton)","mmol P m^-3",0.143928065896034
"Turkiye",22,15,999.5,"eco2D_xGamma_P_002","P Limitation - Popn. #002 (1.90 micron phytoplankton)","mmol P m^-3",0.123443074524403
"Turkiye",22,15,1999.5,"eco2D_xGamma_P_002","P Limitation - Popn. #002 (1.90 micron phytoplankton)","mmol P m^-3",0.121161490678787
"Turkiye",22,15,4999.5,"eco2D_xGamma_P_002","P Limitation - Popn. #002 (1.90 micron phytoplankton)","mmol P m^-3",0.12386566400528
"Turkiye",22,15,9999.5,"eco2D_xGamma_P_002","P Limitation - Popn. #002 (1.90 micron phytoplankton)","mmol P m^-3",0.124063193798065
"Turkiye",22,15,0.5,"eco2D_Plankton_P_003","P Biomass - Popn. #003 (6.00 micron phytoplankton)","mmol P m^-3",0.00486706709489226
"Turkiye",22,15,1.5,"eco2D_Plankton_P_003","P Biomass - Popn. #003 (6.00 micron phytoplankton)","mmol P m^-3",0.00288149015977979
"Turkiye",22,15,4.5,"eco2D_Plankton_P_003","P Biomass - Popn. #003 (6.00 micron phytoplankton)","mmol P m^-3",0.000967806321568787
"Turkiye",22,15,9.5,"eco2D_Plankton_P_003","P Biomass - Popn. #003 (6.00 micron phytoplankton)","mmol P m^-3",0.000554969708900899
"Turkiye",22,15,19.5,"eco2D_Plankton_P_003","P Biomass - Popn. #003 (6.00 micron phytoplankton)","mmol P m^-3",0.000855131249409169
"Turkiye",22,15,49.5,"eco2D_Plankton_P_003","P Biomass - Popn. #003 (6.00 micron phytoplankton)","mmol P m^-3",0.000368551351130009
"Turkiye",22,15,99.5,"eco2D_Plankton_P_003","P Biomass - Popn. #003 (6.00 micron phytoplankton)","mmol P m^-3",0.000218205328565091
"Turkiye",22,15,199.5,"eco2D_Plankton_P_003","P Biomass - Popn. #003 (6.00 micron phytoplankton)","mmol P m^-3",0.000200456677703187
"Turkiye",22,15,499.5,"eco2D_Plankton_P_003","P Biomass - Popn. #003 (6.00 micron phytoplankton)","mmol P m^-3",0.000152869150042534
"Turkiye",22,15,999.5,"eco2D_Plankton_P_003","P Biomass - Popn. #003 (6.00 micron phytoplankton)","mmol P m^-3",0.000107503634353634
"Turkiye",22,15,1999.5,"eco2D_Plankton_P_003","P Biomass - Popn. #003 (6.00 micron phytoplankton)","mmol P m^-3",0.000100653196568601
"Turkiye",22,15,4999.5,"eco2D_Plankton_P_003","P Biomass - Popn. #003 (6.00 micron phytoplankton)","mmol P m^-3",0.000106723608041648
"Turkiye",22,15,9999.5,"eco2D_Plankton_P_003","P Biomass - Popn. #003 (6.00 micron phytoplankton)","mmol P m^-3",0.0001073158782674
"Turkiye",22,15,0.5,"eco2D_xGamma_P_003","P Limitation - Popn. #003 (6.00 micron phytoplankton)","mmol P m^-3",0.901921272277832
"Turkiye",22,15,1.5,"eco2D_xGamma_P_003","P Limitation - Popn. #003 (6.00 micron phytoplankton)","mmol P m^-3",0.722166478633881
"Turkiye",22,15,4.5,"eco2D_xGamma_P_003","P Limitation - Popn. #003 (6.00 micron phytoplankton)","mmol P m^-3",0.202383995056152
"Turkiye",22,15,9.5,"eco2D_xGamma_P_003","P Limitation - Popn. #003 (6.00 micron phytoplankton)","mmol P m^-3",0.060481995344162
"Turkiye",22,15,19.5,"eco2D_xGamma_P_003","P Limitation - Popn. #003 (6.00 micron phytoplankton)","mmol P m^-3",0.208164244890213
"Turkiye",22,15,49.5,"eco2D_xGamma_P_003","P Limitation - Popn. #003 (6.00 micron phytoplankton)","mmol P m^-3",0.0944727808237076
"Turkiye",22,15,99.5,"eco2D_xGamma_P_003","P Limitation - Popn. #003 (6.00 micron phytoplankton)","mmol P m^-3",0.0542308054864407
"Turkiye",22,15,199.5,"eco2D_xGamma_P_003","P Limitation - Popn. #003 (6.00 micron phytoplankton)","mmol P m^-3",0.0483766421675682
"Turkiye",22,15,499.5,"eco2D_xGamma_P_003","P Limitation - Popn. #003 (6.00 micron phytoplankton)","mmol P m^-3",0.0368444621562958
"Turkiye",22,15,999.5,"eco2D_xGamma_P_003","P Limitation - Popn. #003 (6.00 micron phytoplankton)","mmol P m^-3",0.0263530202209949
"Turkiye",22,15,1999.5,"eco2D_xGamma_P_003","P Limitation - Popn. #003 (6.00 micron phytoplankton)","mmol P m^-3",0.0253366995602846
"Turkiye",22,15,4999.5,"eco2D_xGamma_P_003","P Limitation - Popn. #003 (6.00 micron phytoplankton)","mmol P m^-3",0.0264534708112478
"Turkiye",22,15,9999.5,"eco2D_xGamma_P_003","P Limitation - Popn. #003 (6.00 micron phytoplankton)","mmol P m^-3",0.0266370978206396
"Turkiye",22,15,0.5,"eco2D_Plankton_P_004","P Biomass - Popn. #004 (19.00 micron phytoplankton)","mmol P m^-3",0.00428314320743084
"Turkiye",22,15,1.5,"eco2D_Plankton_P_004","P Biomass - Popn. #004 (19.00 micron phytoplankton)","mmol P m^-3",0.00193248107098043
"Turkiye",22,15,4.5,"eco2D_Plankton_P_004","P Biomass - Popn. #004 (19.00 micron phytoplankton)","mmol P m^-3",0.000457383983302861
"Turkiye",22,15,9.5,"eco2D_Plankton_P_004","P Biomass - Popn. #004 (19.00 micron phytoplankton)","mmol P m^-3",0.000212610728340223
"Turkiye",22,15,19.5,"eco2D_Plankton_P_004","P Biomass - Popn. #004 (19.00 micron phytoplankton)","mmol P m^-3",0.000504085852298886
"Turkiye",22,15,49.5,"eco2D_Plankton_P_004","P Biomass - Popn. #004 (19.00 micron phytoplankton)","mmol P m^-3",6.83054240653291e-05
"Turkiye",22,15,99.5,"eco2D_Plankton_P_004","P Biomass - Popn. #004 (19.00 micron phytoplankton)","mmol P m^-3",3.92573439034205e-11
"Turkiye",22,15,199.5,"eco2D_Plankton_P_004","P Biomass - Popn. #004 (19.00 micron phytoplankton)","mmol P m^-3",1.41814416113051e-11
"Turkiye",22,15,499.5,"eco2D_Plankton_P_004","P Biomass - Popn. #004 (19.00 micron phytoplankton)","mmol P m^-3",2.16287903385959e-12
"Turkiye",22,15,999.5,"eco2D_Plankton_P_004","P Biomass - Popn. #004 (19.00 micron phytoplankton)","mmol P m^-3",5.59330359806154e-13
"Turkiye",22,15,1999.5,"eco2D_Plankton_P_004","P Biomass - Popn. #004 (19.00 micron phytoplankton)","mmol P m^-3",4.7160252049025e-13
"Turkiye",22,15,4999.5,"eco2D_Plankton_P_004","P Biomass - Popn. #004 (19.00 micron phytoplankton)","mmol P m^-3",5.30443419223536e-13
"Turkiye",22,15,9999.5,"eco2D_Plankton_P_004","P Biomass - Popn. #004 (19.00 micron phytoplankton)","mmol P m^-3",5.40086638606274e-13
"Turkiye",22,15,0.5,"eco2D_xGamma_P_004","P Limitation - Popn. #004 (19.00 micron phytoplankton)","mmol P m^-3",0.914458572864532
"Turkiye",22,15,1.5,"eco2D_xGamma_P_004","P Limitation - Popn. #004 (19.00 micron phytoplankton)","mmol P m^-3",0.576261758804321
"Turkiye",22,15,4.5,"eco2D_xGamma_P_004","P Limitation - Popn. #004 (19.00 micron phytoplankton)","mmol P m^-3",0.100527442991734
"Turkiye",22,15,9.5,"eco2D_xGamma_P_004","P Limitation - Popn. #004 (19.00 micron phytoplankton)","mmol P m^-3",0.0379006676375866
"Turkiye",22,15,19.5,"eco2D_xGamma_P_004","P Limitation - Popn. #004 (19.00 micron phytoplankton)","mmol P m^-3",0.167343109846115
"Turkiye",22,15,49.5,"eco2D_xGamma_P_004","P Limitation - Popn. #004 (19.00 micron phytoplankton)","mmol P m^-3",0.0518652386963367
"Turkiye",22,15,99.5,"eco2D_xGamma_P_004","P Limitation - Popn. #004 (19.00 micron phytoplankton)","mmol P m^-3",0.0246639829128981
"Turkiye",22,15,199.5,"eco2D_xGamma_P_004","P Limitation - Popn. #004 (19.00 micron phytoplankton)","mmol P m^-3",0.0220203250646591
"Turkiye",22,15,499.5,"eco2D_xGamma_P_004","P Limitation - Popn. #004 (19.00 micron phytoplankton)","mmol P m^-3",0.0174456983804703
"Turkiye",22,15,999.5,"eco2D_xGamma_P_004","P Limitation - Popn. #004 (19.00 micron phytoplankton)","mmol P m^-3",0.0129219274967909
"Turkiye",22,15,1999.5,"eco2D_xGamma_P_004","P Limitation - Popn. #004 (19.00 micron phytoplankton)","mmol P m^-3",0.0128141883760691
"Turkiye",22,15,4999.5,"eco2D_xGamma_P_004","P Limitation - Popn. #004 (19.00 micron phytoplankton)","mmol P m^-3",0.0132639901712537
"Turkiye",22,15,9999.5,"eco2D_xGamma_P_004","P Limitation - Popn. #004 (19.00 micron phytoplankton)","mmol P m^-3",0.0133719518780708
"Turkiye",22,15,0.5,"eco2D_Plankton_P_005","P Biomass - Popn. #005 (60.00 micron phytoplankton)","mmol P m^-3",0.00332861160859466
"Turkiye",22,15,1.5,"eco2D_Plankton_P_005","P Biomass - Popn. #005 (60.00 micron phytoplankton)","mmol P m^-3",0.00107267685234547
"Turkiye",22,15,4.5,"eco2D_Plankton_P_005","P Biomass - Popn. #005 (60.00 micron phytoplankton)","mmol P m^-3",0.000112183370220009
"Turkiye",22,15,9.5,"eco2D_Plankton_P_005","P Biomass - Popn. #005 (60.00 micron phytoplankton)","mmol P m^-3",1.10484759119345e-08
"Turkiye",22,15,19.5,"eco2D_Plankton_P_005","P Biomass - Popn. #005 (60.00 micron phytoplankton)","mmol P m^-3",0.000162959098815918
"Turkiye",22,15,49.5,"eco2D_Plankton_P_005","P Biomass - Popn. #005 (60.00 micron phytoplankton)","mmol P m^-3",4.60045413222532e-13
"Turkiye",22,15,99.5,"eco2D_Plankton_P_005","P Biomass - Popn. #005 (60.00 micron phytoplankton)","mmol P m^-3",1.27728163874623e-13
"Turkiye",22,15,199.5,"eco2D_Plankton_P_005","P Biomass - Popn. #005 (60.00 micron phytoplankton)","mmol P m^-3",1.11236337523891e-13
"Turkiye",22,15,499.5,"eco2D_Plankton_P_005","P Biomass - Popn. #005 (60.00 micron phytoplankton)","mmol P m^-3",8.33370644628267e-14
"Turkiye",22,15,999.5,"eco2D_Plankton_P_005","P Biomass - Popn. #005 (60.00 micron phytoplankton)","mmol P m^-3",6.2675078072328e-14
"Turkiye",22,15,1999.5,"eco2D_Plankton_P_005","P Biomass - Popn. #005 (60.00 micron phytoplankton)","mmol P m^-3",6.01419006826878e-14
"Turkiye",22,15,4999.5,"eco2D_Plankton_P_005","P Biomass - Popn. #005 (60.00 micron phytoplankton)","mmol P m^-3",6.20241840743399e-14
"Turkiye",22,15,9999.5,"eco2D_Plankton_P_005","P Biomass - Popn. #005 (60.00 micron phytoplankton)","mmol P m^-3",6.23320026236357e-14
"Turkiye",22,15,0.5,"eco2D_xGamma_P_005","P Limitation - Popn. #005 (60.00 micron phytoplankton)","mmol P m^-3",0.890964388847351
"Turkiye",22,15,1.5,"eco2D_xGamma_P_005","P Limitation - Popn. #005 (60.00 micron phytoplankton)","mmol P m^-3",0.433542400598526
"Turkiye",22,15,4.5,"eco2D_xGamma_P_005","P Limitation - Popn. #005 (60.00 micron phytoplankton)","mmol P m^-3",0.0695395097136497
"Turkiye",22,15,9.5,"eco2D_xGamma_P_005","P Limitation - Popn. #005 (60.00 micron phytoplankton)","mmol P m^-3",0.0282496809959412
"Turkiye",22,15,19.5,"eco2D_xGamma_P_005","P Limitation - Popn. #005 (60.00 micron phytoplankton)","mmol P m^-3",0.13019859790802
"Turkiye",22,15,49.5,"eco2D_xGamma_P_005","P Limitation - Popn. #005 (60.00 micron phytoplankton)","mmol P m^-3",0.02914809435606
"Turkiye",22,15,99.5,"eco2D_xGamma_P_005","P Limitation - Popn. #005 (60.00 micron phytoplankton)","mmol P m^-3",0.0149691049009562
"Turkiye",22,15,199.5,"eco2D_xGamma_P_005","P Limitation - Popn. #005 (60.00 micron phytoplankton)","mmol P m^-3",0.0135776568204165
"Turkiye",22,15,499.5,"eco2D_xGamma_P_005","P Limitation - Popn. #005 (60.00 micron phytoplankton)","mmol P m^-3",0.0109703503549099
"Turkiye",22,15,999.5,"eco2D_xGamma_P_005","P Limitation - Popn. #005 (60.00 micron phytoplankton)","mmol P m^-3",0.00830220710486174
"Turkiye",22,15,1999.5,"eco2D_xGamma_P_005","P Limitation - Popn. #005 (60.00 micron phytoplankton)","mmol P m^-3",0.00821240898221731
"Turkiye",22,15,4999.5,"eco2D_xGamma_P_005","P Limitation - Popn. #005 (60.00 micron phytoplankton)","mmol P m^-3",0.0085075031965971
"Turkiye",22,15,9999.5,"eco2D_xGamma_P_005","P Limitation - Popn. #005 (60.00 micron phytoplankton)","mmol P m^-3",0.00856793858110905
"Turkiye",22,15,0.5,"eco2D_Plankton_P_006","P Biomass - Popn. #006 (190.00 micron phytoplankton)","mmol P m^-3",0.00281836558133364
"Turkiye",22,15,1.5,"eco2D_Plankton_P_006","P Biomass - Popn. #006 (190.00 micron phytoplankton)","mmol P m^-3",0.000473406194942072
"Turkiye",22,15,4.5,"eco2D_Plankton_P_006","P Biomass - Popn. #006 (190.00 micron phytoplankton)","mmol P m^-3",1.51532217329553e-10
"Turkiye",22,15,9.5,"eco2D_Plankton_P_006","P Biomass - Popn. #006 (190.00 micron phytoplankton)","mmol P m^-3",9.1146938629473e-14
"Turkiye",22,15,19.5,"eco2D_Plankton_P_006","P Biomass - Popn. #006 (190.00 micron phytoplankton)","mmol P m^-3",4.51455929931233e-12
"Turkiye",22,15,49.5,"eco2D_Plankton_P_006","P Biomass - Popn. #006 (190.00 micron phytoplankton)","mmol P m^-3",5.98982262444217e-14
"Turkiye",22,15,99.5,"eco2D_Plankton_P_006","P Biomass - Popn. #006 (190.00 micron phytoplankton)","mmol P m^-3",3.28592506665653e-14
"Turkiye",22,15,199.5,"eco2D_Plankton_P_006","P Biomass - Popn. #006 (190.00 micron phytoplankton)","mmol P m^-3",2.94654132636154e-14
"Turkiye",22,15,499.5,"eco2D_Plankton_P_006","P Biomass - Popn. #006 (190.00 micron phytoplankton)","mmol P m^-3",2.31584279612165e-14
"Turkiye",22,15,999.5,"eco2D_Plankton_P_006","P Biomass - Popn. #006 (190.00 micron phytoplankton)","mmol P m^-3",1.78730575668305e-14
"Turkiye",22,15,1999.5,"eco2D_Plankton_P_006","P Biomass - Popn. #006 (190.00 micron phytoplankton)","mmol P m^-3",1.71946163633318e-14
"Turkiye",22,15,4999.5,"eco2D_Plankton_P_006","P Biomass - Popn. #006 (190.00 micron phytoplankton)","mmol P m^-3",1.77099207152552e-14
"Turkiye",22,15,9999.5,"eco2D_Plankton_P_006","P Biomass - Popn. #006 (190.00 micron phytoplankton)","mmol P m^-3",1.77960046736847e-14
"Turkiye",22,15,0.5,"eco2D_xGamma_P_006","P Limitation - Popn. #006 (190.00 micron phytoplankton)","mmol P m^-3",0.812720477581024
"Turkiye",22,15,1.5,"eco2D_xGamma_P_006","P Limitation - Popn. #006 (190.00 micron phytoplankton)","mmol P m^-3",0.274479001760483
"Turkiye",22,15,4.5,"eco2D_xGamma_P_006","P Limitation - Popn. #006 (190.00 micron phytoplankton)","mmol P m^-3",0.0402528531849384
"Turkiye",22,15,9.5,"eco2D_xGamma_P_006","P Limitation - Popn. #006 (190.00 micron phytoplankton)","mmol P m^-3",0.0168310515582561
"Turkiye",22,15,19.5,"eco2D_xGamma_P_006","P Limitation - Popn. #006 (190.00 micron phytoplankton)","mmol P m^-3",0.0837960690259933
"Turkiye",22,15,49.5,"eco2D_xGamma_P_006","P Limitation - Popn. #006 (190.00 micron phytoplankton)","mmol P m^-3",0.0151881463825703
"Turkiye",22,15,99.5,"eco2D_xGamma_P_006","P Limitation - Popn. #006 (190.00 micron phytoplankton)","mmol P m^-3",0.00776329031214118
"Turkiye",22,15,199.5,"eco2D_xGamma_P_006","P Limitation - Popn. #006 (190.00 micron phytoplankton)","mmol P m^-3",0.00703151477500796
"Turkiye",22,15,499.5,"eco2D_xGamma_P_006","P Limitation - Popn. #006 (190.00 micron phytoplankton)","mmol P m^-3",0.00566374743357301
"Turkiye",22,15,999.5,"eco2D_xGamma_P_006","P Limitation - Popn. #006 (190.00 micron phytoplankton)","mmol P m^-3",0.00438549416139722
"Turkiye",22,15,1999.5,"eco2D_xGamma_P_006","P Limitation - Popn. #006 (190.00 micron phytoplankton)","mmol P m^-3",0.00432573119178414
"Turkiye",22,15,4999.5,"eco2D_xGamma_P_006","P Limitation - Popn. #006 (190.00 micron phytoplankton)","mmol P m^-3",0.00448020966723561
"Turkiye",22,15,9999.5,"eco2D_xGamma_P_006","P Limitation - Popn. #006 (190.00 micron phytoplankton)","mmol P m^-3",0.00450730416923761
"Turkiye",22,15,0.5,"eco2D_Plankton_P_007","P Biomass - Popn. #007 (600.00 micron phytoplankton)","mmol P m^-3",0.00237539457157254
"Turkiye",22,15,1.5,"eco2D_Plankton_P_007","P Biomass - Popn. #007 (600.00 micron phytoplankton)","mmol P m^-3",0.000123307196190581
"Turkiye",22,15,4.5,"eco2D_Plankton_P_007","P Biomass - Popn. #007 (600.00 micron phytoplankton)","mmol P m^-3",5.70628003941469e-14
"Turkiye",22,15,9.5,"eco2D_Plankton_P_007","P Biomass - Popn. #007 (600.00 micron phytoplankton)","mmol P m^-3",2.62631747133344e-14
"Turkiye",22,15,19.5,"eco2D_Plankton_P_007","P Biomass - Popn. #007 (600.00 micron phytoplankton)","mmol P m^-3",1.12179532427582e-13
"Turkiye",22,15,49.5,"eco2D_Plankton_P_007","P Biomass - Popn. #007 (600.00 micron phytoplankton)","mmol P m^-3",1.70251403171793e-14
"Turkiye",22,15,99.5,"eco2D_Plankton_P_007","P Biomass - Popn. #007 (600.00 micron phytoplankton)","mmol P m^-3",9.84456334946491e-15
"Turkiye",22,15,199.5,"eco2D_Plankton_P_007","P Biomass - Popn. #007 (600.00 micron phytoplankton)","mmol P m^-3",8.73020087482652e-15
"Turkiye",22,15,499.5,"eco2D_Plankton_P_007","P Biomass - Popn. #007 (600.00 micron phytoplankton)","mmol P m^-3",6.88222062347234e-15
"Turkiye",22,15,999.5,"eco2D_Plankton_P_007","P Biomass - Popn. #007 (600.00 micron phytoplankton)","mmol P m^-3",5.31955240897245e-15
"Turkiye",22,15,1999.5,"eco2D_Plankton_P_007","P Biomass - Popn. #007 (600.00 micron phytoplankton)","mmol P m^-3",5.11506425594516e-15
"Turkiye",22,15,4999.5,"eco2D_Plankton_P_007","P Biomass - Popn. #007 (600.00 micron phytoplankton)","mmol P m^-3",5.27501372253993e-15
"Turkiye",22,15,9999.5,"eco2D_Plankton_P_007","P Biomass - Popn. #007 (600.00 micron phytoplankton)","mmol P m^-3",5.29561271678421e-15
"Turkiye",22,15,0.5,"eco2D_xGamma_P_007","P Limitation - Popn. #007 (600.00 micron phytoplankton)","mmol P m^-3",0.660264015197754
"Turkiye",22,15,1.5,"eco2D_xGamma_P_007","P Limitation - Popn. #007 (600.00 micron phytoplankton)","mmol P m^-3",0.144505262374878
"Turkiye",22,15,4.5,"eco2D_xGamma_P_007","P Limitation - Popn. #007 (600.00 micron phytoplankton)","mmol P m^-3",0.0198322124779224
"Turkiye",22,15,9.5,"eco2D_xGamma_P_007","P Limitation - Popn. #007 (600.00 micron phytoplankton)","mmol P m^-3",0.00844429060816765
"Turkiye",22,15,19.5,"eco2D_xGamma_P_007","P Limitation - Popn. #007 (600.00 micron phytoplankton)","mmol P m^-3",0.0432831235229969
"Turkiye",22,15,49.5,"eco2D_xGamma_P_007","P Limitation - Popn. #007 (600.00 micron phytoplankton)","mmol P m^-3",0.00687770824879408
"Turkiye",22,15,99.5,"eco2D_xGamma_P_007","P Limitation - Popn. #007 (600.00 micron phytoplankton)","mmol P m^-3",0.00357177574187517
"Turkiye",22,15,199.5,"eco2D_xGamma_P_007","P Limitation - Popn. #007 (600.00 micron phytoplankton)","mmol P m^-3",0.00325181311927736
"Turkiye",22,15,499.5,"eco2D_xGamma_P_007","P Limitation - Popn. #007 (600.00 micron phytoplankton)","mmol P m^-3",0.0026485335547477
"Turkiye",22,15,999.5,"eco2D_xGamma_P_007","P Limitation - Popn. #007 (600.00 micron phytoplankton)","mmol P m^-3",0.00209337798878551
"Turkiye",22,15,1999.5,"eco2D_xGamma_P_007","P Limitation - Popn. #007 (600.00 micron phytoplankton)","mmol P m^-3",0.00206174422055483
"Turkiye",22,15,4999.5,"eco2D_xGamma_P_007","P Limitation - Popn. #007 (600.00 micron phytoplankton)","mmol P m^-3",0.00213289516977966
"Turkiye",22,15,9999.5,"eco2D_xGamma_P_007","P Limitation - Popn. #007 (600.00 micron phytoplankton)","mmol P m^-3",0.00214437418617308
"Turkiye",22,15,0.5,"eco2D_Plankton_P_008","P Biomass - Popn. #008 (1900.00 micron phytoplankton)","mmol P m^-3",0.000952454283833504
"Turkiye",22,15,1.5,"eco2D_Plankton_P_008","P Biomass - Popn. #008 (1900.00 micron phytoplankton)","mmol P m^-3",8.91654326551361e-06
"Turkiye",22,15,4.5,"eco2D_Plankton_P_008","P Biomass - Popn. #008 (1900.00 micron phytoplankton)","mmol P m^-3",2.04694168380723e-14
"Turkiye",22,15,9.5,"eco2D_Plankton_P_008","P Biomass - Popn. #008 (1900.00 micron phytoplankton)","mmol P m^-3",8.94655595944484e-15
"Turkiye",22,15,19.5,"eco2D_Plankton_P_008","P Biomass - Popn. #008 (1900.00 micron phytoplankton)","mmol P m^-3",3.13679780121565e-14
"Turkiye",22,15,49.5,"eco2D_Plankton_P_008","P Biomass - Popn. #008 (1900.00 micron phytoplankton)","mmol P m^-3",5.05108319875784e-15
"Turkiye",22,15,99.5,"eco2D_Plankton_P_008","P Biomass - Popn. #008 (1900.00 micron phytoplankton)","mmol P m^-3",3.07365492548128e-15
"Turkiye",22,15,199.5,"eco2D_Plankton_P_008","P Biomass - Popn. #008 (1900.00 micron phytoplankton)","mmol P m^-3",2.60884644270843e-15
"Turkiye",22,15,499.5,"eco2D_Plankton_P_008","P Biomass - Popn. #008 (1900.00 micron phytoplankton)","mmol P m^-3",2.05922899784998e-15
"Turkiye",22,15,999.5,"eco2D_Plankton_P_008","P Biomass - Popn. #008 (1900.00 micron phytoplankton)","mmol P m^-3",1.5874808800194e-15
"Turkiye",22,15,1999.5,"eco2D_Plankton_P_008","P Biomass - Popn. #008 (1900.00 micron phytoplankton)","mmol P m^-3",1.52455014368666e-15
"Turkiye",22,15,4999.5,"eco2D_Plankton_P_008","P Biomass - Popn. #008 (1900.00 micron phytoplankton)","mmol P m^-3",1.57353840007023e-15
"Turkiye",22,15,9999.5,"eco2D_Plankton_P_008","P Biomass - Popn. #008 (1900.00 micron phytoplankton)","mmol P m^-3",1.57859253978738e-15
"Turkiye",22,15,0.5,"eco2D_xGamma_P_008","P Limitation - Popn. #008 (1900.00 micron phytoplankton)","mmol P m^-3",0.443122744560242
"Turkiye",22,15,1.5,"eco2D_xGamma_P_008","P Limitation - Popn. #008 (1900.00 micron phytoplankton)","mmol P m^-3",0.065300278365612
"Turkiye",22,15,4.5,"eco2D_xGamma_P_008","P Limitation - Popn. #008 (1900.00 micron phytoplankton)","mmol P m^-3",0.00857315491884947
"Turkiye",22,15,9.5,"eco2D_xGamma_P_008","P Limitation - Popn. #008 (1900.00 micron phytoplankton)","mmol P m^-3",0.00370934652164578
"Turkiye",22,15,19.5,"eco2D_xGamma_P_008","P Limitation - Popn. #008 (1900.00 micron phytoplankton)","mmol P m^-3",0.0185761209577322
"Turkiye",22,15,49.5,"eco2D_xGamma_P_008","P Limitation - Popn. #008 (1900.00 micron phytoplankton)","mmol P m^-3",0.00289744511246681
"Turkiye",22,15,99.5,"eco2D_xGamma_P_008","P Limitation - Popn. #008 (1900.00 micron phytoplankton)","mmol P m^-3",0.00152743118815124
"Turkiye",22,15,199.5,"eco2D_xGamma_P_008","P Limitation - Popn. #008 (1900.00 micron phytoplankton)","mmol P m^-3",0.0013929606648162
"Turkiye",22,15,499.5,"eco2D_xGamma_P_008","P Limitation - Popn. #008 (1900.00 micron phytoplankton)","mmol P m^-3",0.00113797711674124
"Turkiye",22,15,999.5,"eco2D_xGamma_P_008","P Limitation - Popn. #008 (1900.00 micron phytoplankton)","mmol P m^-3",0.000904975167941302
"Turkiye",22,15,1999.5,"eco2D_xGamma_P_008","P Limitation - Popn. #008 (1900.00 micron phytoplankton)","mmol P m^-3",0.000890232448000461
"Turkiye",22,15,4999.5,"eco2D_xGamma_P_008","P Limitation - Popn. #008 (1900.00 micron phytoplankton)","mmol P m^-3",0.000920305785257369
"Turkiye",22,15,9999.5,"eco2D_xGamma_P_008","P Limitation - Popn. #008 (1900.00 micron phytoplankton)","mmol P m^-3",0.000925022992305458
"Turkiye",22,15,0.5,"eco2D_Plankton_P_009","P Biomass - Popn. #009 (0.60 micron zooplankton)","mmol P m^-3",2.25277708523208e-05
"Turkiye",22,15,1.5,"eco2D_Plankton_P_009","P Biomass - Popn. #009 (0.60 micron zooplankton)","mmol P m^-3",1.84442768613735e-07
"Turkiye",22,15,4.5,"eco2D_Plankton_P_009","P Biomass - Popn. #009 (0.60 micron zooplankton)","mmol P m^-3",5.93330851117457e-09
"Turkiye",22,15,9.5,"eco2D_Plankton_P_009","P Biomass - Popn. #009 (0.60 micron zooplankton)","mmol P m^-3",6.42791635890871e-12
"Turkiye",22,15,19.5,"eco2D_Plankton_P_009","P Biomass - Popn. #009 (0.60 micron zooplankton)","mmol P m^-3",1.63143760653628e-12
"Turkiye",22,15,49.5,"eco2D_Plankton_P_009","P Biomass - Popn. #009 (0.60 micron zooplankton)","mmol P m^-3",7.94409189038697e-13
"Turkiye",22,15,99.5,"eco2D_Plankton_P_009","P Biomass - Popn. #009 (0.60 micron zooplankton)","mmol P m^-3",7.06288543275702e-13
"Turkiye",22,15,199.5,"eco2D_Plankton_P_009","P Biomass - Popn. #009 (0.60 micron zooplankton)","mmol P m^-3",6.73934324145475e-13
"Turkiye",22,15,499.5,"eco2D_Plankton_P_009","P Biomass - Popn. #009 (0.60 micron zooplankton)","mmol P m^-3",6.3379406974387e-13
"Turkiye",22,15,999.5,"eco2D_Plankton_P_009","P Biomass - Popn. #009 (0.60 micron zooplankton)","mmol P m^-3",6.20941991401336e-13
"Turkiye",22,15,1999.5,"eco2D_Plankton_P_009","P Biomass - Popn. #009 (0.60 micron zooplankton)","mmol P m^-3",6.18414228246295e-13
"Turkiye",22,15,4999.5,"eco2D_Plankton_P_009","P Biomass - Popn. #009 (0.60 micron zooplankton)","mmol P m^-3",6.16521644934004e-13
"Turkiye",22,15,9999.5,"eco2D_Plankton_P_009","P Biomass - Popn. #009 (0.60 micron zooplankton)","mmol P m^-3",6.16607188485413e-13
"Turkiye",22,15,0.5,"eco2D_Plankton_P_010","P Biomass - Popn. #010 (1.90 micron zooplankton)","mmol P m^-3",0.000355061609297991
"Turkiye",22,15,1.5,"eco2D_Plankton_P_010","P Biomass - Popn. #010 (1.90 micron zooplankton)","mmol P m^-3",0.000333445757860318
"Turkiye",22,15,4.5,"eco2D_Plankton_P_010","P Biomass - Popn. #010 (1.90 micron zooplankton)","mmol P m^-3",0.000285848538624123
"Turkiye",22,15,9.5,"eco2D_Plankton_P_010","P Biomass - Popn. #010 (1.90 micron zooplankton)","mmol P m^-3",0.000243348200456239
"Turkiye",22,15,19.5,"eco2D_Plankton_P_010","P Biomass - Popn. #010 (1.90 micron zooplankton)","mmol P m^-3",0.000237265572650358
"Turkiye",22,15,49.5,"eco2D_Plankton_P_010","P Biomass - Popn. #010 (1.90 micron zooplankton)","mmol P m^-3",0.000150729407323524
"Turkiye",22,15,99.5,"eco2D_Plankton_P_010","P Biomass - Popn. #010 (1.90 micron zooplankton)","mmol P m^-3",0.000134976740810089
"Turkiye",22,15,199.5,"eco2D_Plankton_P_010","P Biomass - Popn. #010 (1.90 micron zooplankton)","mmol P m^-3",0.000125859543913975
"Turkiye",22,15,499.5,"eco2D_Plankton_P_010","P Biomass - Popn. #010 (1.90 micron zooplankton)","mmol P m^-3",0.000113999958557542
"Turkiye",22,15,999.5,"eco2D_Plankton_P_010","P Biomass - Popn. #010 (1.90 micron zooplankton)","mmol P m^-3",0.000113875910756178
"Turkiye",22,15,1999.5,"eco2D_Plankton_P_010","P Biomass - Popn. #010 (1.90 micron zooplankton)","mmol P m^-3",0.000113793073978741
"Turkiye",22,15,4999.5,"eco2D_Plankton_P_010","P Biomass - Popn. #010 (1.90 micron zooplankton)","mmol P m^-3",0.000113465903268661
"Turkiye",22,15,9999.5,"eco2D_Plankton_P_010","P Biomass - Popn. #010 (1.90 micron zooplankton)","mmol P m^-3",0.000113440444692969
"Turkiye",22,15,0.5,"eco2D_Plankton_P_011","P Biomass - Popn. #011 (6.00 micron zooplankton)","mmol P m^-3",0.0011694977292791
"Turkiye",22,15,1.5,"eco2D_Plankton_P_011","P Biomass - Popn. #011 (6.00 micron zooplankton)","mmol P m^-3",0.000984695856459439
"Turkiye",22,15,4.5,"eco2D_Plankton_P_011","P Biomass - Popn. #011 (6.00 micron zooplankton)","mmol P m^-3",0.000702608493156731
"Turkiye",22,15,9.5,"eco2D_Plankton_P_011","P Biomass - Popn. #011 (6.00 micron zooplankton)","mmol P m^-3",0.000548613723367453
"Turkiye",22,15,19.5,"eco2D_Plankton_P_011","P Biomass - Popn. #011 (6.00 micron zooplankton)","mmol P m^-3",0.00055460719158873
"Turkiye",22,15,49.5,"eco2D_Plankton_P_011","P Biomass - Popn. #011 (6.00 micron zooplankton)","mmol P m^-3",0.000408472638810053
"Turkiye",22,15,99.5,"eco2D_Plankton_P_011","P Biomass - Popn. #011 (6.00 micron zooplankton)","mmol P m^-3",0.000418473180616274
"Turkiye",22,15,199.5,"eco2D_Plankton_P_011","P Biomass - Popn. #011 (6.00 micron zooplankton)","mmol P m^-3",0.000421583565184847
"Turkiye",22,15,499.5,"eco2D_Plankton_P_011","P Biomass - Popn. #011 (6.00 micron zooplankton)","mmol P m^-3",0.000424833444412798
"Turkiye",22,15,999.5,"eco2D_Plankton_P_011","P Biomass - Popn. #011 (6.00 micron zooplankton)","mmol P m^-3",0.000440955744124949
"Turkiye",22,15,1999.5,"eco2D_Plankton_P_011","P Biomass - Popn. #011 (6.00 micron zooplankton)","mmol P m^-3",0.000444264645921066
"Turkiye",22,15,4999.5,"eco2D_Plankton_P_011","P Biomass - Popn. #011 (6.00 micron zooplankton)","mmol P m^-3",0.000443484110292047
"Turkiye",22,15,9999.5,"eco2D_Plankton_P_011","P Biomass - Popn. #011 (6.00 micron zooplankton)","mmol P m^-3",0.000443185213953257
"Turkiye",22,15,0.5,"eco2D_Plankton_P_012","P Biomass - Popn. #012 (19.00 micron zooplankton)","mmol P m^-3",0.00220433971844614
"Turkiye",22,15,1.5,"eco2D_Plankton_P_012","P Biomass - Popn. #012 (19.00 micron zooplankton)","mmol P m^-3",0.00172138912603259
"Turkiye",22,15,4.5,"eco2D_Plankton_P_012","P Biomass - Popn. #012 (19.00 micron zooplankton)","mmol P m^-3",0.00106489716563374
"Turkiye",22,15,9.5,"eco2D_Plankton_P_012","P Biomass - Popn. #012 (19.00 micron zooplankton)","mmol P m^-3",0.000814176804851741
"Turkiye",22,15,19.5,"eco2D_Plankton_P_012","P Biomass - Popn. #012 (19.00 micron zooplankton)","mmol P m^-3",0.000861217034980655
"Turkiye",22,15,49.5,"eco2D_Plankton_P_012","P Biomass - Popn. #012 (19.00 micron zooplankton)","mmol P m^-3",0.000706985942088068
"Turkiye",22,15,99.5,"eco2D_Plankton_P_012","P Biomass - Popn. #012 (19.00 micron zooplankton)","mmol P m^-3",0.000677314994391054
"Turkiye",22,15,199.5,"eco2D_Plankton_P_012","P Biomass - Popn. #012 (19.00 micron zooplankton)","mmol P m^-3",0.000697810726705939
"Turkiye",22,15,499.5,"eco2D_Plankton_P_012","P Biomass - Popn. #012 (19.00 micron zooplankton)","mmol P m^-3",0.000619798607658595
"Turkiye",22,15,999.5,"eco2D_Plankton_P_012","P Biomass - Popn. #012 (19.00 micron zooplankton)","mmol P m^-3",0.000463853735709563
"Turkiye",22,15,1999.5,"eco2D_Plankton_P_012","P Biomass - Popn. #012 (19.00 micron zooplankton)","mmol P m^-3",0.000432362197898328
"Turkiye",22,15,4999.5,"eco2D_Plankton_P_012","P Biomass - Popn. #012 (19.00 micron zooplankton)","mmol P m^-3",0.000453994201961905
"Turkiye",22,15,9999.5,"eco2D_Plankton_P_012","P Biomass - Popn. #012 (19.00 micron zooplankton)","mmol P m^-3",0.000455783039797097
"Turkiye",22,15,0.5,"eco2D_Plankton_P_013","P Biomass - Popn. #013 (60.00 micron zooplankton)","mmol P m^-3",0.00305652292445302
"Turkiye",22,15,1.5,"eco2D_Plankton_P_013","P Biomass - Popn. #013 (60.00 micron zooplankton)","mmol P m^-3",0.00221283477731049
"Turkiye",22,15,4.5,"eco2D_Plankton_P_013","P Biomass - Popn. #013 (60.00 micron zooplankton)","mmol P m^-3",0.00130986061412841
"Turkiye",22,15,9.5,"eco2D_Plankton_P_013","P Biomass - Popn. #013 (60.00 micron zooplankton)","mmol P m^-3",0.00109964562579989
"Turkiye",22,15,19.5,"eco2D_Plankton_P_013","P Biomass - Popn. #013 (60.00 micron zooplankton)","mmol P m^-3",0.00119865266606212
"Turkiye",22,15,49.5,"eco2D_Plankton_P_013","P Biomass - Popn. #013 (60.00 micron zooplankton)","mmol P m^-3",0.000737018883228302
"Turkiye",22,15,99.5,"eco2D_Plankton_P_013","P Biomass - Popn. #013 (60.00 micron zooplankton)","mmol P m^-3",0.000219885681872256
"Turkiye",22,15,199.5,"eco2D_Plankton_P_013","P Biomass - Popn. #013 (60.00 micron zooplankton)","mmol P m^-3",0.000104323080449831
"Turkiye",22,15,499.5,"eco2D_Plankton_P_013","P Biomass - Popn. #013 (60.00 micron zooplankton)","mmol P m^-3",8.38371646411096e-12
"Turkiye",22,15,999.5,"eco2D_Plankton_P_013","P Biomass - Popn. #013 (60.00 micron zooplankton)","mmol P m^-3",1.97549702291022e-12
"Turkiye",22,15,1999.5,"eco2D_Plankton_P_013","P Biomass - Popn. #013 (60.00 micron zooplankton)","mmol P m^-3",1.56788265096713e-12
"Turkiye",22,15,4999.5,"eco2D_Plankton_P_013","P Biomass - Popn. #013 (60.00 micron zooplankton)","mmol P m^-3",1.79103845469875e-12
"Turkiye",22,15,9999.5,"eco2D_Plankton_P_013","P Biomass - Popn. #013 (60.00 micron zooplankton)","mmol P m^-3",1.81776664033573e-12
"Turkiye",22,15,0.5,"eco2D_Plankton_P_014","P Biomass - Popn. #014 (190.00 micron zooplankton)","mmol P m^-3",0.00367782264947891
"Turkiye",22,15,1.5,"eco2D_Plankton_P_014","P Biomass - Popn. #014 (190.00 micron zooplankton)","mmol P m^-3",0.00249740830622613
"Turkiye",22,15,4.5,"eco2D_Plankton_P_014","P Biomass - Popn. #014 (190.00 micron zooplankton)","mmol P m^-3",0.00156491552479565
"Turkiye",22,15,9.5,"eco2D_Plankton_P_014","P Biomass - Popn. #014 (190.00 micron zooplankton)","mmol P m^-3",0.00141926889773458
"Turkiye",22,15,19.5,"eco2D_Plankton_P_014","P Biomass - Popn. #014 (190.00 micron zooplankton)","mmol P m^-3",0.00161765003576875
"Turkiye",22,15,49.5,"eco2D_Plankton_P_014","P Biomass - Popn. #014 (190.00 micron zooplankton)","mmol P m^-3",4.21754298152166e-12
"Turkiye",22,15,99.5,"eco2D_Plankton_P_014","P Biomass - Popn. #014 (190.00 micron zooplankton)","mmol P m^-3",5.01387993623315e-13
"Turkiye",22,15,199.5,"eco2D_Plankton_P_014","P Biomass - Popn. #014 (190.00 micron zooplankton)","mmol P m^-3",4.08980060104605e-13
"Turkiye",22,15,499.5,"eco2D_Plankton_P_014","P Biomass - Popn. #014 (190.00 micron zooplankton)","mmol P m^-3",2.73229003441497e-13
"Turkiye",22,15,999.5,"eco2D_Plankton_P_014","P Biomass - Popn. #014 (190.00 micron zooplankton)","mmol P m^-3",1.92235916312948e-13
"Turkiye",22,15,1999.5,"eco2D_Plankton_P_014","P Biomass - Popn. #014 (190.00 micron zooplankton)","mmol P m^-3",1.78972234168157e-13
"Turkiye",22,15,4999.5,"eco2D_Plankton_P_014","P Biomass - Popn. #014 (190.00 micron zooplankton)","mmol P m^-3",1.86875173538784e-13
"Turkiye",22,15,9999.5,"eco2D_Plankton_P_014","P Biomass - Popn. #014 (190.00 micron zooplankton)","mmol P m^-3",1.87682714421905e-13
"Turkiye",22,15,0.5,"eco2D_Plankton_P_015","P Biomass - Popn. #015 (600.00 micron zooplankton)","mmol P m^-3",0.00438082125037909
"Turkiye",22,15,1.5,"eco2D_Plankton_P_015","P Biomass - Popn. #015 (600.00 micron zooplankton)","mmol P m^-3",0.00284863379783928
"Turkiye",22,15,4.5,"eco2D_Plankton_P_015","P Biomass - Popn. #015 (600.00 micron zooplankton)","mmol P m^-3",0.00142817385494709
"Turkiye",22,15,9.5,"eco2D_Plankton_P_015","P Biomass - Popn. #015 (600.00 micron zooplankton)","mmol P m^-3",7.44534054319956e-06
"Turkiye",22,15,19.5,"eco2D_Plankton_P_015","P Biomass - Popn. #015 (600.00 micron zooplankton)","mmol P m^-3",0.000244650931563228
"Turkiye",22,15,49.5,"eco2D_Plankton_P_015","P Biomass - Popn. #015 (600.00 micron zooplankton)","mmol P m^-3",2.23800931129295e-13
"Turkiye",22,15,99.5,"eco2D_Plankton_P_015","P Biomass - Popn. #015 (600.00 micron zooplankton)","mmol P m^-3",9.78037773382082e-14
"Turkiye",22,15,199.5,"eco2D_Plankton_P_015","P Biomass - Popn. #015 (600.00 micron zooplankton)","mmol P m^-3",8.1981472934041e-14
"Turkiye",22,15,499.5,"eco2D_Plankton_P_015","P Biomass - Popn. #015 (600.00 micron zooplankton)","mmol P m^-3",5.78672038672318e-14
"Turkiye",22,15,999.5,"eco2D_Plankton_P_015","P Biomass - Popn. #015 (600.00 micron zooplankton)","mmol P m^-3",4.15642184298931e-14
"Turkiye",22,15,1999.5,"eco2D_Plankton_P_015","P Biomass - Popn. #015 (600.00 micron zooplankton)","mmol P m^-3",3.8536011268955e-14
"Turkiye",22,15,4999.5,"eco2D_Plankton_P_015","P Biomass - Popn. #015 (600.00 micron zooplankton)","mmol P m^-3",4.03698274353652e-14
"Turkiye",22,15,9999.5,"eco2D_Plankton_P_015","P Biomass - Popn. #015 (600.00 micron zooplankton)","mmol P m^-3",4.0579654437059e-14
"Turkiye",22,15,0.5,"eco2D_Plankton_P_016","P Biomass - Popn. #016 (1900.00 micron zooplankton)","mmol P m^-3",0.00457210326567292
"Turkiye",22,15,1.5,"eco2D_Plankton_P_016","P Biomass - Popn. #016 (1900.00 micron zooplankton)","mmol P m^-3",0.00274058803915977
"Turkiye",22,15,4.5,"eco2D_Plankton_P_016","P Biomass - Popn. #016 (1900.00 micron zooplankton)","mmol P m^-3",4.49292912207966e-07
"Turkiye",22,15,9.5,"eco2D_Plankton_P_016","P Biomass - Popn. #016 (1900.00 micron zooplankton)","mmol P m^-3",2.35340365901601e-13
"Turkiye",22,15,19.5,"eco2D_Plankton_P_016","P Biomass - Popn. #016 (1900.00 micron zooplankton)","mmol P m^-3",4.37906926432224e-13
"Turkiye",22,15,49.5,"eco2D_Plankton_P_016","P Biomass - Popn. #016 (1900.00 micron zooplankton)","mmol P m^-3",4.77767409239483e-14
"Turkiye",22,15,99.5,"eco2D_Plankton_P_016","P Biomass - Popn. #016 (1900.00 micron zooplankton)","mmol P m^-3",1.89684727614717e-14
"Turkiye",22,15,199.5,"eco2D_Plankton_P_016","P Biomass - Popn. #016 (1900.00 micron zooplankton)","mmol P m^-3",1.4131557184746e-14
"Turkiye",22,15,499.5,"eco2D_Plankton_P_016","P Biomass - Popn. #016 (1900.00 micron zooplankton)","mmol P m^-3",9.03488879034926e-15
"Turkiye",22,15,999.5,"eco2D_Plankton_P_016","P Biomass - Popn. #016 (1900.00 micron zooplankton)","mmol P m^-3",6.21382014853039e-15
"Turkiye",22,15,1999.5,"eco2D_Plankton_P_016","P Biomass - Popn. #016 (1900.00 micron zooplankton)","mmol P m^-3",5.66274940689269e-15
"Turkiye",22,15,4999.5,"eco2D_Plankton_P_016","P Biomass - Popn. #016 (1900.00 micron zooplankton)","mmol P m^-3",5.99581123208255e-15
"Turkiye",22,15,9999.5,"eco2D_Plankton_P_016","P Biomass - Popn. #016 (1900.00 micron zooplankton)","mmol P m^-3",6.03150816509516e-15
"Turkiye",22,15,0.5,"eco2D_Plankton_P_Total","P Biomass - Total","mmol P m^-3",0.0404293984174728
"Turkiye",22,15,1.5,"eco2D_Plankton_P_Total","P Biomass - Total","mmol P m^-3",0.0222050454467535
"Turkiye",22,15,4.5,"eco2D_Plankton_P_Total","P Biomass - Total","mmol P m^-3",0.00988794770091772
"Turkiye",22,15,9.5,"eco2D_Plankton_P_Total","P Biomass - Total","mmol P m^-3",0.00659639714285731
"Turkiye",22,15,19.5,"eco2D_Plankton_P_Total","P Biomass - Total","mmol P m^-3",0.00794869568198919
"Turkiye",22,15,49.5,"eco2D_Plankton_P_Total","P Biomass - Total","mmol P m^-3",0.00373758561909199
"Turkiye",22,15,99.5,"eco2D_Plankton_P_Total","P Biomass - Total","mmol P m^-3",0.00283780856989324
"Turkiye",22,15,199.5,"eco2D_Plankton_P_Total","P Biomass - Total","mmol P m^-3",0.0027026915922761
"Turkiye",22,15,499.5,"eco2D_Plankton_P_Total","P Biomass - Total","mmol P m^-3",0.00243930635042489
"Turkiye",22,15,999.5,"eco2D_Plankton_P_Total","P Biomass - Total","mmol P m^-3",0.0022609734442085
"Turkiye",22,15,1999.5,"eco2D_Plankton_P_Total","P Biomass - Total","mmol P m^-3",0.00222953595221043
"Turkiye",22,15,4999.5,"eco2D_Plankton_P_Total","P Biomass - Total","mmol P m^-3",0.002263602335006
"Turkiye",22,15,9999.5,"eco2D_Plankton_P_Total","P Biomass - Total","mmol P m^-3",0.00226549780927598
"Turkiye",22,15,0.5,"eco2D_Uptake_Fluxes_P","Uptake Fluxes P","mmol P m^-3 d^-1",0.00858698226511478
"Turkiye",22,15,1.5,"eco2D_Uptake_Fluxes_P","Uptake Fluxes P","mmol P m^-3 d^-1",0.00438345037400723
"Turkiye",22,15,4.5,"eco2D_Uptake_Fluxes_P","Uptake Fluxes P","mmol P m^-3 d^-1",0.00117687275633216
"Turkiye",22,15,9.5,"eco2D_Uptake_Fluxes_P","Uptake Fluxes P","mmol P m^-3 d^-1",0.00057972181821242
"Turkiye",22,15,19.5,"eco2D_Uptake_Fluxes_P","Uptake Fluxes P","mmol P m^-3 d^-1",0.00114134466275573
"Turkiye",22,15,49.5,"eco2D_Uptake_Fluxes_P","Uptake Fluxes P","mmol P m^-3 d^-1",0.000327410234604031
"Turkiye",22,15,99.5,"eco2D_Uptake_Fluxes_P","Uptake Fluxes P","mmol P m^-3 d^-1",0.000201299946638756
"Turkiye",22,15,199.5,"eco2D_Uptake_Fluxes_P","Uptake Fluxes P","mmol P m^-3 d^-1",0.000185918703209609
"Turkiye",22,15,499.5,"eco2D_Uptake_Fluxes_P","Uptake Fluxes P","mmol P m^-3 d^-1",0.000153319153469056
"Turkiye",22,15,999.5,"eco2D_Uptake_Fluxes_P","Uptake Fluxes P","mmol P m^-3 d^-1",0.00013115705223754
"Turkiye",22,15,1999.5,"eco2D_Uptake_Fluxes_P","Uptake Fluxes P","mmol P m^-3 d^-1",0.000127557694213465
"Turkiye",22,15,4999.5,"eco2D_Uptake_Fluxes_P","Uptake Fluxes P","mmol P m^-3 d^-1",0.000131171807879582
"Turkiye",22,15,9999.5,"eco2D_Uptake_Fluxes_P","Uptake Fluxes P","mmol P m^-3 d^-1",0.00013147309073247
"Turkiye",22,15,0.5,"eco2D_Plankton_Chl_001","Chl Biomass - Popn. #001 (0.60 micron phytoplankton)","mg Chl m^-3",0.00467799371108413
"Turkiye",22,15,1.5,"eco2D_Plankton_Chl_001","Chl Biomass - Popn. #001 (0.60 micron phytoplankton)","mg Chl m^-3",0.00575467757880688
"Turkiye",22,15,4.5,"eco2D_Plankton_Chl_001","Chl Biomass - Popn. #001 (0.60 micron phytoplankton)","mg Chl m^-3",0.00815760437399149
"Turkiye",22,15,9.5,"eco2D_Plankton_Chl_001","Chl Biomass - Popn. #001 (0.60 micron phytoplankton)","mg Chl m^-3",0.00976872723549604
"Turkiye",22,15,19.5,"eco2D_Plankton_Chl_001","Chl Biomass - Popn. #001 (0.60 micron phytoplankton)","mg Chl m^-3",0.0103538921102881
"Turkiye",22,15,49.5,"eco2D_Plankton_Chl_001","Chl Biomass - Popn. #001 (0.60 micron phytoplankton)","mg Chl m^-3",0.0107723101973534
"Turkiye",22,15,99.5,"eco2D_Plankton_Chl_001","Chl Biomass - Popn. #001 (0.60 micron phytoplankton)","mg Chl m^-3",0.0103859398514032
"Turkiye",22,15,199.5,"eco2D_Plankton_Chl_001","Chl Biomass - Popn. #001 (0.60 micron phytoplankton)","mg Chl m^-3",0.0102811334654689
"Turkiye",22,15,499.5,"eco2D_Plankton_Chl_001","Chl Biomass - Popn. #001 (0.60 micron phytoplankton)","mg Chl m^-3",0.0101939411833882
"Turkiye",22,15,999.5,"eco2D_Plankton_Chl_001","Chl Biomass - Popn. #001 (0.60 micron phytoplankton)","mg Chl m^-3",0.0103399641811848
"Turkiye",22,15,1999.5,"eco2D_Plankton_Chl_001","Chl Biomass - Popn. #001 (0.60 micron phytoplankton)","mg Chl m^-3",0.0103524960577488
"Turkiye",22,15,4999.5,"eco2D_Plankton_Chl_001","Chl Biomass - Popn. #001 (0.60 micron phytoplankton)","mg Chl m^-3",0.010345128364861
"Turkiye",22,15,9999.5,"eco2D_Plankton_Chl_001","Chl Biomass - Popn. #001 (0.60 micron phytoplankton)","mg Chl m^-3",0.0103402659296989
"Turkiye",22,15,0.5,"eco2D_Plankton_Chl_002","Chl Biomass - Popn. #002 (1.90 micron phytoplankton)","mg Chl m^-3",0.0520170964300632
"Turkiye",22,15,1.5,"eco2D_Plankton_Chl_002","Chl Biomass - Popn. #002 (1.90 micron phytoplankton)","mg Chl m^-3",0.0520320199429989
"Turkiye",22,15,4.5,"eco2D_Plankton_Chl_002","Chl Biomass - Popn. #002 (1.90 micron phytoplankton)","mg Chl m^-3",0.0402679890394211
"Turkiye",22,15,9.5,"eco2D_Plankton_Chl_002","Chl Biomass - Popn. #002 (1.90 micron phytoplankton)","mg Chl m^-3",0.0294303316622972
"Turkiye",22,15,19.5,"eco2D_Plankton_Chl_002","Chl Biomass - Popn. #002 (1.90 micron phytoplankton)","mg Chl m^-3",0.0322775393724442
"Turkiye",22,15,49.5,"eco2D_Plankton_Chl_002","Chl Biomass - Popn. #002 (1.90 micron phytoplankton)","mg Chl m^-3",0.018036212772131
"Turkiye",22,15,99.5,"eco2D_Plankton_Chl_002","Chl Biomass - Popn. #002 (1.90 micron phytoplankton)","mg Chl m^-3",0.0145840980112553
"Turkiye",22,15,199.5,"eco2D_Plankton_Chl_002","Chl Biomass - Popn. #002 (1.90 micron phytoplankton)","mg Chl m^-3",0.0141466669738293
"Turkiye",22,15,499.5,"eco2D_Plankton_Chl_002","Chl Biomass - Popn. #002 (1.90 micron phytoplankton)","mg Chl m^-3",0.0130094513297081
"Turkiye",22,15,999.5,"eco2D_Plankton_Chl_002","Chl Biomass - Popn. #002 (1.90 micron phytoplankton)","mg Chl m^-3",0.0124187795445323
"Turkiye",22,15,1999.5,"eco2D_Plankton_Chl_002","Chl Biomass - Popn. #002 (1.90 micron phytoplankton)","mg Chl m^-3",0.0122763654217124
"Turkiye",22,15,4999.5,"eco2D_Plankton_Chl_002","Chl Biomass - Popn. #002 (1.90 micron phytoplankton)","mg Chl m^-3",0.0124722374603152
"Turkiye",22,15,9999.5,"eco2D_Plankton_Chl_002","Chl Biomass - Popn. #002 (1.90 micron phytoplankton)","mg Chl m^-3",0.0124714523553848
"Turkiye",22,15,0.5,"eco2D_Plankton_Chl_003","Chl Biomass - Popn. #003 (6.00 micron phytoplankton)","mg Chl m^-3",0.176888838410378
"Turkiye",22,15,1.5,"eco2D_Plankton_Chl_003","Chl Biomass - Popn. #003 (6.00 micron phytoplankton)","mg Chl m^-3",0.107157878577709
"Turkiye",22,15,4.5,"eco2D_Plankton_Chl_003","Chl Biomass - Popn. #003 (6.00 micron phytoplankton)","mg Chl m^-3",0.0327500253915787
"Turkiye",22,15,9.5,"eco2D_Plankton_Chl_003","Chl Biomass - Popn. #003 (6.00 micron phytoplankton)","mg Chl m^-3",0.015453876927495
"Turkiye",22,15,19.5,"eco2D_Plankton_Chl_003","Chl Biomass - Popn. #003 (6.00 micron phytoplankton)","mg Chl m^-3",0.0299553461372852
"Turkiye",22,15,49.5,"eco2D_Plankton_Chl_003","Chl Biomass - Popn. #003 (6.00 micron phytoplankton)","mg Chl m^-3",0.0120765510946512
"Turkiye",22,15,99.5,"eco2D_Plankton_Chl_003","Chl Biomass - Popn. #003 (6.00 micron phytoplankton)","mg Chl m^-3",0.00701306341215968
"Turkiye",22,15,199.5,"eco2D_Plankton_Chl_003","Chl Biomass - Popn. #003 (6.00 micron phytoplankton)","mg Chl m^-3",0.00625992799177766
"Turkiye",22,15,499.5,"eco2D_Plankton_Chl_003","Chl Biomass - Popn. #003 (6.00 micron phytoplankton)","mg Chl m^-3",0.00444122450426221
"Turkiye",22,15,999.5,"eco2D_Plankton_Chl_003","Chl Biomass - Popn. #003 (6.00 micron phytoplankton)","mg Chl m^-3",0.00275559397414327
"Turkiye",22,15,1999.5,"eco2D_Plankton_Chl_003","Chl Biomass - Popn. #003 (6.00 micron phytoplankton)","mg Chl m^-3",0.00249331956729293
"Turkiye",22,15,4999.5,"eco2D_Plankton_Chl_003","Chl Biomass - Popn. #003 (6.00 micron phytoplankton)","mg Chl m^-3",0.00270469044335186
"Turkiye",22,15,9999.5,"eco2D_Plankton_Chl_003","Chl Biomass - Popn. #003 (6.00 micron phytoplankton)","mg Chl m^-3",0.00272644776850939
"Turkiye",22,15,0.5,"eco2D_Plankton_Chl_004","Chl Biomass - Popn. #004 (19.00 micron phytoplankton)","mg Chl m^-3",0.124378852546215
"Turkiye",22,15,1.5,"eco2D_Plankton_Chl_004","Chl Biomass - Popn. #004 (19.00 micron phytoplankton)","mg Chl m^-3",0.0585551112890244
"Turkiye",22,15,4.5,"eco2D_Plankton_Chl_004","Chl Biomass - Popn. #004 (19.00 micron phytoplankton)","mg Chl m^-3",0.0106120007112622
"Turkiye",22,15,9.5,"eco2D_Plankton_Chl_004","Chl Biomass - Popn. #004 (19.00 micron phytoplankton)","mg Chl m^-3",0.00391211733222008
"Turkiye",22,15,19.5,"eco2D_Plankton_Chl_004","Chl Biomass - Popn. #004 (19.00 micron phytoplankton)","mg Chl m^-3",0.0157954804599285
"Turkiye",22,15,49.5,"eco2D_Plankton_Chl_004","Chl Biomass - Popn. #004 (19.00 micron phytoplankton)","mg Chl m^-3",0.00163935835007578
"Turkiye",22,15,99.5,"eco2D_Plankton_Chl_004","Chl Biomass - Popn. #004 (19.00 micron phytoplankton)","mg Chl m^-3",5.84182313634329e-10
"Turkiye",22,15,199.5,"eco2D_Plankton_Chl_004","Chl Biomass - Popn. #004 (19.00 micron phytoplankton)","mg Chl m^-3",2.13424569683873e-10
"Turkiye",22,15,499.5,"eco2D_Plankton_Chl_004","Chl Biomass - Popn. #004 (19.00 micron phytoplankton)","mg Chl m^-3",3.3636884944066e-11
"Turkiye",22,15,999.5,"eco2D_Plankton_Chl_004","Chl Biomass - Popn. #004 (19.00 micron phytoplankton)","mg Chl m^-3",8.31055016470295e-12
"Turkiye",22,15,1999.5,"eco2D_Plankton_Chl_004","Chl Biomass - Popn. #004 (19.00 micron phytoplankton)","mg Chl m^-3",6.91146488998595e-12
"Turkiye",22,15,4999.5,"eco2D_Plankton_Chl_004","Chl Biomass - Popn. #004 (19.00 micron phytoplankton)","mg Chl m^-3",7.83853450897487e-12
"Turkiye",22,15,9999.5,"eco2D_Plankton_Chl_004","Chl Biomass - Popn. #004 (19.00 micron phytoplankton)","mg Chl m^-3",7.99163860087937e-12
"Turkiye",22,15,0.5,"eco2D_Plankton_Chl_005","Chl Biomass - Popn. #005 (60.00 micron phytoplankton)","mg Chl m^-3",0.0729239359498024
"Turkiye",22,15,1.5,"eco2D_Plankton_Chl_005","Chl Biomass - Popn. #005 (60.00 micron phytoplankton)","mg Chl m^-3",0.0240285247564316
"Turkiye",22,15,4.5,"eco2D_Plankton_Chl_005","Chl Biomass - Popn. #005 (60.00 micron phytoplankton)","mg Chl m^-3",0.00163486786186695
"Turkiye",22,15,9.5,"eco2D_Plankton_Chl_005","Chl Biomass - Popn. #005 (60.00 micron phytoplankton)","mg Chl m^-3",1.18998173093132e-07
"Turkiye",22,15,19.5,"eco2D_Plankton_Chl_005","Chl Biomass - Popn. #005 (60.00 micron phytoplankton)","mg Chl m^-3",0.0039140060544014
"Turkiye",22,15,49.5,"eco2D_Plankton_Chl_005","Chl Biomass - Popn. #005 (60.00 micron phytoplankton)","mg Chl m^-3",7.02671688196377e-12
"Turkiye",22,15,99.5,"eco2D_Plankton_Chl_005","Chl Biomass - Popn. #005 (60.00 micron phytoplankton)","mg Chl m^-3",1.50272004041663e-12
"Turkiye",22,15,199.5,"eco2D_Plankton_Chl_005","Chl Biomass - Popn. #005 (60.00 micron phytoplankton)","mg Chl m^-3",1.24569235135374e-12
"Turkiye",22,15,499.5,"eco2D_Plankton_Chl_005","Chl Biomass - Popn. #005 (60.00 micron phytoplankton)","mg Chl m^-3",8.59778285892954e-13
"Turkiye",22,15,999.5,"eco2D_Plankton_Chl_005","Chl Biomass - Popn. #005 (60.00 micron phytoplankton)","mg Chl m^-3",5.90723000029603e-13
"Turkiye",22,15,1999.5,"eco2D_Plankton_Chl_005","Chl Biomass - Popn. #005 (60.00 micron phytoplankton)","mg Chl m^-3",5.62543663994858e-13
"Turkiye",22,15,4999.5,"eco2D_Plankton_Chl_005","Chl Biomass - Popn. #005 (60.00 micron phytoplankton)","mg Chl m^-3",5.83970534689254e-13
"Turkiye",22,15,9999.5,"eco2D_Plankton_Chl_005","Chl Biomass - Popn. #005 (60.00 micron phytoplankton)","mg Chl m^-3",5.8806800574962e-13
"Turkiye",22,15,0.5,"eco2D_Plankton_Chl_006","Chl Biomass - Popn. #006 (190.00 micron phytoplankton)","mg Chl m^-3",0.0501469783484936
"Turkiye",22,15,1.5,"eco2D_Plankton_Chl_006","Chl Biomass - Popn. #006 (190.00 micron phytoplankton)","mg Chl m^-3",0.00780252739787102
"Turkiye",22,15,4.5,"eco2D_Plankton_Chl_006","Chl Biomass - Popn. #006 (190.00 micron phytoplankton)","mg Chl m^-3",1.21920962214972e-09
"Turkiye",22,15,9.5,"eco2D_Plankton_Chl_006","Chl Biomass - Popn. #006 (190.00 micron phytoplankton)","mg Chl m^-3",5.50620530073709e-13
"Turkiye",22,15,19.5,"eco2D_Plankton_Chl_006","Chl Biomass - Popn. #006 (190.00 micron phytoplankton)","mg Chl m^-3",6.3827318430576e-11
"Turkiye",22,15,49.5,"eco2D_Plankton_Chl_006","Chl Biomass - Popn. #006 (190.00 micron phytoplankton)","mg Chl m^-3",5.94440458228512e-13
"Turkiye",22,15,99.5,"eco2D_Plankton_Chl_006","Chl Biomass - Popn. #006 (190.00 micron phytoplankton)","mg Chl m^-3",2.76361832723948e-13
"Turkiye",22,15,199.5,"eco2D_Plankton_Chl_006","Chl Biomass - Popn. #006 (190.00 micron phytoplankton)","mg Chl m^-3",2.38027371250726e-13
"Turkiye",22,15,499.5,"eco2D_Plankton_Chl_006","Chl Biomass - Popn. #006 (190.00 micron phytoplankton)","mg Chl m^-3",1.73126703945092e-13
"Turkiye",22,15,999.5,"eco2D_Plankton_Chl_006","Chl Biomass - Popn. #006 (190.00 micron phytoplankton)","mg Chl m^-3",1.18470459679366e-13
"Turkiye",22,15,1999.5,"eco2D_Plankton_Chl_006","Chl Biomass - Popn. #006 (190.00 micron phytoplankton)","mg Chl m^-3",1.12973710518927e-13
"Turkiye",22,15,4999.5,"eco2D_Plankton_Chl_006","Chl Biomass - Popn. #006 (190.00 micron phytoplankton)","mg Chl m^-3",1.17583351909312e-13
"Turkiye",22,15,9999.5,"eco2D_Plankton_Chl_006","Chl Biomass - Popn. #006 (190.00 micron phytoplankton)","mg Chl m^-3",1.18578581741018e-13
"Turkiye",22,15,0.5,"eco2D_Plankton_Chl_007","Chl Biomass - Popn. #007 (600.00 micron phytoplankton)","mg Chl m^-3",0.0364720113575459
"Turkiye",22,15,1.5,"eco2D_Plankton_Chl_007","Chl Biomass - Popn. #007 (600.00 micron phytoplankton)","mg Chl m^-3",0.00149894470814615
"Turkiye",22,15,4.5,"eco2D_Plankton_Chl_007","Chl Biomass - Popn. #007 (600.00 micron phytoplankton)","mg Chl m^-3",2.72059149297385e-13
"Turkiye",22,15,9.5,"eco2D_Plankton_Chl_007","Chl Biomass - Popn. #007 (600.00 micron phytoplankton)","mg Chl m^-3",8.83778862809451e-14
"Turkiye",22,15,19.5,"eco2D_Plankton_Chl_007","Chl Biomass - Popn. #007 (600.00 micron phytoplankton)","mg Chl m^-3",1.24595158409319e-12
"Turkiye",22,15,49.5,"eco2D_Plankton_Chl_007","Chl Biomass - Popn. #007 (600.00 micron phytoplankton)","mg Chl m^-3",1.16090771436032e-13
"Turkiye",22,15,99.5,"eco2D_Plankton_Chl_007","Chl Biomass - Popn. #007 (600.00 micron phytoplankton)","mg Chl m^-3",5.31368907750497e-14
"Turkiye",22,15,199.5,"eco2D_Plankton_Chl_007","Chl Biomass - Popn. #007 (600.00 micron phytoplankton)","mg Chl m^-3",4.44404306106441e-14
"Turkiye",22,15,499.5,"eco2D_Plankton_Chl_007","Chl Biomass - Popn. #007 (600.00 micron phytoplankton)","mg Chl m^-3",3.13996807613064e-14
"Turkiye",22,15,999.5,"eco2D_Plankton_Chl_007","Chl Biomass - Popn. #007 (600.00 micron phytoplankton)","mg Chl m^-3",2.07684059159259e-14
"Turkiye",22,15,1999.5,"eco2D_Plankton_Chl_007","Chl Biomass - Popn. #007 (600.00 micron phytoplankton)","mg Chl m^-3",1.9720936174231e-14
"Turkiye",22,15,4999.5,"eco2D_Plankton_Chl_007","Chl Biomass - Popn. #007 (600.00 micron phytoplankton)","mg Chl m^-3",2.06414949694388e-14
"Turkiye",22,15,9999.5,"eco2D_Plankton_Chl_007","Chl Biomass - Popn. #007 (600.00 micron phytoplankton)","mg Chl m^-3",2.07919331030688e-14
"Turkiye",22,15,0.5,"eco2D_Plankton_Chl_008","Chl Biomass - Popn. #008 (1900.00 micron phytoplankton)","mg Chl m^-3",0.0133634014055133
"Turkiye",22,15,1.5,"eco2D_Plankton_Chl_008","Chl Biomass - Popn. #008 (1900.00 micron phytoplankton)","mg Chl m^-3",7.56285662646405e-05
"Turkiye",22,15,4.5,"eco2D_Plankton_Chl_008","Chl Biomass - Popn. #008 (1900.00 micron phytoplankton)","mg Chl m^-3",5.79162843443275e-14
"Turkiye",22,15,9.5,"eco2D_Plankton_Chl_008","Chl Biomass - Popn. #008 (1900.00 micron phytoplankton)","mg Chl m^-3",1.72586181728263e-14
"Turkiye",22,15,19.5,"eco2D_Plankton_Chl_008","Chl Biomass - Popn. #008 (1900.00 micron phytoplankton)","mg Chl m^-3",2.59330588687351e-13
"Turkiye",22,15,49.5,"eco2D_Plankton_Chl_008","Chl Biomass - Popn. #008 (1900.00 micron phytoplankton)","mg Chl m^-3",2.00036740779586e-14
"Turkiye",22,15,99.5,"eco2D_Plankton_Chl_008","Chl Biomass - Popn. #008 (1900.00 micron phytoplankton)","mg Chl m^-3",9.48575934597504e-15
"Turkiye",22,15,199.5,"eco2D_Plankton_Chl_008","Chl Biomass - Popn. #008 (1900.00 micron phytoplankton)","mg Chl m^-3",7.46883244406036e-15
"Turkiye",22,15,499.5,"eco2D_Plankton_Chl_008","Chl Biomass - Popn. #008 (1900.00 micron phytoplankton)","mg Chl m^-3",5.22680653641285e-15
"Turkiye",22,15,999.5,"eco2D_Plankton_Chl_008","Chl Biomass - Popn. #008 (1900.00 micron phytoplankton)","mg Chl m^-3",3.40454644050204e-15
"Turkiye",22,15,1999.5,"eco2D_Plankton_Chl_008","Chl Biomass - Popn. #008 (1900.00 micron phytoplankton)","mg Chl m^-3",3.22491150469661e-15
"Turkiye",22,15,4999.5,"eco2D_Plankton_Chl_008","Chl Biomass - Popn. #008 (1900.00 micron phytoplankton)","mg Chl m^-3",3.38562245391096e-15
"Turkiye",22,15,9999.5,"eco2D_Plankton_Chl_008","Chl Biomass - Popn. #008 (1900.00 micron phytoplankton)","mg Chl m^-3",3.40376229975112e-15
"Turkiye",22,15,0.5,"eco2D_Plankton_Chl_Total","Chl Biomass - Total","mg Chl m^-3",0.530869126319885
"Turkiye",22,15,1.5,"eco2D_Plankton_Chl_Total","Chl Biomass - Total","mg Chl m^-3",0.256905317306519
"Turkiye",22,15,4.5,"eco2D_Plankton_Chl_Total","Chl Biomass - Total","mg Chl m^-3",0.0934224873781204
"Turkiye",22,15,9.5,"eco2D_Plankton_Chl_Total","Chl Biomass - Total","mg Chl m^-3",0.0585651732981205
"Turkiye",22,15,19.5,"eco2D_Plankton_Chl_Total","Chl Biomass - Total","mg Chl m^-3",0.09229626506567
"Turkiye",22,15,49.5,"eco2D_Plankton_Chl_Total","Chl Biomass - Total","mg Chl m^-3",0.0425244309008121
"Turkiye",22,15,99.5,"eco2D_Plankton_Chl_Total","Chl Biomass - Total","mg Chl m^-3",0.0319831036031246
"Turkiye",22,15,199.5,"eco2D_Plankton_Chl_Total","Chl Biomass - Total","mg Chl m^-3",0.0306877288967371
"Turkiye",22,15,499.5,"eco2D_Plankton_Chl_Total","Chl Biomass - Total","mg Chl m^-3",0.0276446174830198
"Turkiye",22,15,999.5,"eco2D_Plankton_Chl_Total","Chl Biomass - Total","mg Chl m^-3",0.0255143381655216
"Turkiye",22,15,1999.5,"eco2D_Plankton_Chl_Total","Chl Biomass - Total","mg Chl m^-3",0.0251221805810928
"Turkiye",22,15,4999.5,"eco2D_Plankton_Chl_Total","Chl Biomass - Total","mg Chl m^-3",0.02552205696702
"Turkiye",22,15,9999.5,"eco2D_Plankton_Chl_Total","Chl Biomass - Total","mg Chl m^-3",0.0255381669849157
"Turkiye",22,15,0.5,"eco2D_xGamma_T","Temperature Limitation","@",0.705847263336182
"Turkiye",22,15,1.5,"eco2D_xGamma_T","Temperature Limitation","@",0.892725110054016
"Turkiye",22,15,4.5,"eco2D_xGamma_T","Temperature Limitation","@",1.08691954612732
"Turkiye",22,15,9.5,"eco2D_xGamma_T","Temperature Limitation","@",1.17592144012451
"Turkiye",22,15,19.5,"eco2D_xGamma_T","Temperature Limitation","@",1.24847424030304
"Turkiye",22,15,49.5,"eco2D_xGamma_T","Temperature Limitation","@",1.27432978153229
"Turkiye",22,15,99.5,"eco2D_xGamma_T","Temperature Limitation","@",1.28420639038086
"Turkiye",22,15,199.5,"eco2D_xGamma_T","Temperature Limitation","@",1.26761341094971
"Turkiye",22,15,499.5,"eco2D_xGamma_T","Temperature Limitation","@",1.22337257862091
"Turkiye",22,15,999.5,"eco2D_xGamma_T","Temperature Limitation","@",1.17704808712006
"Turkiye",22,15,1999.5,"eco2D_xGamma_T","Temperature Limitation","@",1.16013944149017
"Turkiye",22,15,4999.5,"eco2D_xGamma_T","Temperature Limitation","@",1.15720558166504
"Turkiye",22,15,9999.5,"eco2D_xGamma_T","Temperature Limitation","@",1.15748190879822
"Turkiye",22,15,0.5,"eco2D_Nutrients_DIC","Nutrients DIC","mmol DIC m^-3",1937.36047363281
"Turkiye",22,15,1.5,"eco2D_Nutrients_DIC","Nutrients DIC","mmol DIC m^-3",1920.29846191406
"Turkiye",22,15,4.5,"eco2D_Nutrients_DIC","Nutrients DIC","mmol DIC m^-3",1894.81945800781
"Turkiye",22,15,9.5,"eco2D_Nutrients_DIC","Nutrients DIC","mmol DIC m^-3",1880.61694335938
"Turkiye",22,15,19.5,"eco2D_Nutrients_DIC","Nutrients DIC","mmol DIC m^-3",1873.12573242188
"Turkiye",22,15,49.5,"eco2D_Nutrients_DIC","Nutrients DIC","mmol DIC m^-3",1872.30419921875
"Turkiye",22,15,99.5,"eco2D_Nutrients_DIC","Nutrients DIC","mmol DIC m^-3",1861.64819335938
"Turkiye",22,15,199.5,"eco2D_Nutrients_DIC","Nutrients DIC","mmol DIC m^-3",1857.98901367188
"Turkiye",22,15,499.5,"eco2D_Nutrients_DIC","Nutrients DIC","mmol DIC m^-3",1859.572265625
"Turkiye",22,15,999.5,"eco2D_Nutrients_DIC","Nutrients DIC","mmol DIC m^-3",1866.46508789062
"Turkiye",22,15,1999.5,"eco2D_Nutrients_DIC","Nutrients DIC","mmol DIC m^-3",1870.6943359375
"Turkiye",22,15,4999.5,"eco2D_Nutrients_DIC","Nutrients DIC","mmol DIC m^-3",1870.81359863281
"Turkiye",22,15,9999.5,"eco2D_Nutrients_DIC","Nutrients DIC","mmol DIC m^-3",1870.80432128906
"Turkiye",22,15,0.5,"eco2D_Nutrients_PO4","Nutrients PO4","mmol PO4 m^-3",1.02451920509338
"Turkiye",22,15,1.5,"eco2D_Nutrients_PO4","Nutrients PO4","mmol PO4 m^-3",0.0745935961604118
"Turkiye",22,15,4.5,"eco2D_Nutrients_PO4","Nutrients PO4","mmol PO4 m^-3",0.00673839030787349
"Turkiye",22,15,9.5,"eco2D_Nutrients_PO4","Nutrients PO4","mmol PO4 m^-3",0.00254164775833488
"Turkiye",22,15,19.5,"eco2D_Nutrients_PO4","Nutrients PO4","mmol PO4 m^-3",0.0210380125790834
"Turkiye",22,15,49.5,"eco2D_Nutrients_PO4","Nutrients PO4","mmol PO4 m^-3",0.00262629147619009
"Turkiye",22,15,99.5,"eco2D_Nutrients_PO4","Nutrients PO4","mmol PO4 m^-3",0.00126360787544399
"Turkiye",22,15,199.5,"eco2D_Nutrients_PO4","Nutrients PO4","mmol PO4 m^-3",0.00113774591591209
"Turkiye",22,15,499.5,"eco2D_Nutrients_PO4","Nutrients PO4","mmol PO4 m^-3",0.000908492773305625
"Turkiye",22,15,999.5,"eco2D_Nutrients_PO4","Nutrients PO4","mmol PO4 m^-3",0.000678702082950622
"Turkiye",22,15,1999.5,"eco2D_Nutrients_PO4","Nutrients PO4","mmol PO4 m^-3",0.000671072979457676
"Turkiye",22,15,4999.5,"eco2D_Nutrients_PO4","Nutrients PO4","mmol PO4 m^-3",0.000696708855684847
"Turkiye",22,15,9999.5,"eco2D_Nutrients_PO4","Nutrients PO4","mmol PO4 m^-3",0.000701908254995942
"Turkiye",22,15,0.5,"eco2D_Size_Mean","Geometric Mean of Cell Diameter","µm",45.4083633422852
"Turkiye",22,15,1.5,"eco2D_Size_Mean","Geometric Mean of Cell Diameter","µm",13.1459989547729
"Turkiye",22,15,4.5,"eco2D_Size_Mean","Geometric Mean of Cell Diameter","µm",4.71730518341064
"Turkiye",22,15,9.5,"eco2D_Size_Mean","Geometric Mean of Cell Diameter","µm",3.08789873123169
"Turkiye",22,15,19.5,"eco2D_Size_Mean","Geometric Mean of Cell Diameter","µm",4.24744844436646
"Turkiye",22,15,49.5,"eco2D_Size_Mean","Geometric Mean of Cell Diameter","µm",2.07890772819519
"Turkiye",22,15,99.5,"eco2D_Size_Mean","Geometric Mean of Cell Diameter","µm",1.56688964366913
"Turkiye",22,15,199.5,"eco2D_Size_Mean","Geometric Mean of Cell Diameter","µm",1.53816103935242
"Turkiye",22,15,499.5,"eco2D_Size_Mean","Geometric Mean of Cell Diameter","µm",1.42291438579559
"Turkiye",22,15,999.5,"eco2D_Size_Mean","Geometric Mean of Cell Diameter","µm",1.29938924312592
"Turkiye",22,15,1999.5,"eco2D_Size_Mean","Geometric Mean of Cell Diameter","µm",1.27825582027435
"Turkiye",22,15,4999.5,"eco2D_Size_Mean","Geometric Mean of Cell Diameter","µm",1.2977260351181
"Turkiye",22,15,9999.5,"eco2D_Size_Mean","Geometric Mean of Cell Diameter","µm",1.29920041561127
"Turkiye",22,15,0.5,"eco2D_Size_Stdev","Geometric Standard Deviation of Cell Diameter","Relative magnitude",9.34840393066406
"Turkiye",22,15,1.5,"eco2D_Size_Stdev","Geometric Standard Deviation of Cell Diameter","Relative magnitude",5.22652101516724
"Turkiye",22,15,4.5,"eco2D_Size_Stdev","Geometric Standard Deviation of Cell Diameter","Relative magnitude",3.38711643218994
"Turkiye",22,15,9.5,"eco2D_Size_Stdev","Geometric Standard Deviation of Cell Diameter","Relative magnitude",2.96059894561768
"Turkiye",22,15,19.5,"eco2D_Size_Stdev","Geometric Standard Deviation of Cell Diameter","Relative magnitude",3.80136227607727
"Turkiye",22,15,49.5,"eco2D_Size_Stdev","Geometric Standard Deviation of Cell Diameter","Relative magnitude",2.89222526550293
"Turkiye",22,15,99.5,"eco2D_Size_Stdev","Geometric Standard Deviation of Cell Diameter","Relative magnitude",2.45988178253174
"Turkiye",22,15,199.5,"eco2D_Size_Stdev","Geometric Standard Deviation of Cell Diameter","Relative magnitude",2.45143222808838
"Turkiye",22,15,499.5,"eco2D_Size_Stdev","Geometric Standard Deviation of Cell Diameter","Relative magnitude",2.40061092376709
"Turkiye",22,15,999.5,"eco2D_Size_Stdev","Geometric Standard Deviation of Cell Diameter","Relative magnitude",2.29519128799438
"Turkiye",22,15,1999.5,"eco2D_Size_Stdev","Geometric Standard Deviation of Cell Diameter","Relative magnitude",2.27711248397827
"Turkiye",22,15,4999.5,"eco2D_Size_Stdev","Geometric Standard Deviation of Cell Diameter","Relative magnitude",2.28991460800171
"Turkiye",22,15,9999.5,"eco2D_Size_Stdev","Geometric Standard Deviation of Cell Diameter","Relative magnitude",2.29157829284668
"Turkiye",22,15,0.5,"eco2D_Size_Minimum","Minimum Cell Diameter","µm",0.600000023841858
"Turkiye",22,15,1.5,"eco2D_Size_Minimum","Minimum Cell Diameter","µm",0.600000023841858
"Turkiye",22,15,4.5,"eco2D_Size_Minimum","Minimum Cell Diameter","µm",0.600000023841858
"Turkiye",22,15,9.5,"eco2D_Size_Minimum","Minimum Cell Diameter","µm",0.600000023841858
"Turkiye",22,15,19.5,"eco2D_Size_Minimum","Minimum Cell Diameter","µm",0.600000023841858
"Turkiye",22,15,49.5,"eco2D_Size_Minimum","Minimum Cell Diameter","µm",0.600000023841858
"Turkiye",22,15,99.5,"eco2D_Size_Minimum","Minimum Cell Diameter","µm",0.600000023841858
"Turkiye",22,15,199.5,"eco2D_Size_Minimum","Minimum Cell Diameter","µm",0.600000023841858
"Turkiye",22,15,499.5,"eco2D_Size_Minimum","Minimum Cell Diameter","µm",0.600000023841858
"Turkiye",22,15,999.5,"eco2D_Size_Minimum","Minimum Cell Diameter","µm",0.600000023841858
"Turkiye",22,15,1999.5,"eco2D_Size_Minimum","Minimum Cell Diameter","µm",0.600000023841858
"Turkiye",22,15,4999.5,"eco2D_Size_Minimum","Minimum Cell Diameter","µm",0.600000023841858
"Turkiye",22,15,9999.5,"eco2D_Size_Minimum","Minimum Cell Diameter","µm",0.600000023841858
"Turkiye",22,15,0.5,"eco2D_Size_Maximum","Maximum Cell Diameter","µm",1900
"Turkiye",22,15,1.5,"eco2D_Size_Maximum","Maximum Cell Diameter","µm",1900
"Turkiye",22,15,4.5,"eco2D_Size_Maximum","Maximum Cell Diameter","µm",60
"Turkiye",22,15,9.5,"eco2D_Size_Maximum","Maximum Cell Diameter","µm",19
"Turkiye",22,15,19.5,"eco2D_Size_Maximum","Maximum Cell Diameter","µm",60
"Turkiye",22,15,49.5,"eco2D_Size_Maximum","Maximum Cell Diameter","µm",19
"Turkiye",22,15,99.5,"eco2D_Size_Maximum","Maximum Cell Diameter","µm",6
"Turkiye",22,15,199.5,"eco2D_Size_Maximum","Maximum Cell Diameter","µm",6
"Turkiye",22,15,499.5,"eco2D_Size_Maximum","Maximum Cell Diameter","µm",6
"Turkiye",22,15,999.5,"eco2D_Size_Maximum","Maximum Cell Diameter","µm",6
"Turkiye",22,15,1999.5,"eco2D_Size_Maximum","Maximum Cell Diameter","µm",6
"Turkiye",22,15,4999.5,"eco2D_Size_Maximum","Maximum Cell Diameter","µm",6
"Turkiye",22,15,9999.5,"eco2D_Size_Maximum","Maximum Cell Diameter","µm",6
"Turkiye",22,15,0.5,"eco2D_Diversity_Threshold","Threshold Diversity Index","-",8
"Turkiye",22,15,1.5,"eco2D_Diversity_Threshold","Threshold Diversity Index","-",8
"Turkiye",22,15,4.5,"eco2D_Diversity_Threshold","Threshold Diversity Index","-",5
"Turkiye",22,15,9.5,"eco2D_Diversity_Threshold","Threshold Diversity Index","-",4
"Turkiye",22,15,19.5,"eco2D_Diversity_Threshold","Threshold Diversity Index","-",5
"Turkiye",22,15,49.5,"eco2D_Diversity_Threshold","Threshold Diversity Index","-",4
"Turkiye",22,15,99.5,"eco2D_Diversity_Threshold","Threshold Diversity Index","-",3
"Turkiye",22,15,199.5,"eco2D_Diversity_Threshold","Threshold Diversity Index","-",3
"Turkiye",22,15,499.5,"eco2D_Diversity_Threshold","Threshold Diversity Index","-",3
"Turkiye",22,15,999.5,"eco2D_Diversity_Threshold","Threshold Diversity Index","-",3
"Turkiye",22,15,1999.5,"eco2D_Diversity_Threshold","Threshold Diversity Index","-",3
"Turkiye",22,15,4999.5,"eco2D_Diversity_Threshold","Threshold Diversity Index","-",3
"Turkiye",22,15,9999.5,"eco2D_Diversity_Threshold","Threshold Diversity Index","-",3
"Turkiye",22,15,0.5,"eco2D_Diversity_Shannon","Shannon Diversity Index","-",1.93521547317505
"Turkiye",22,15,1.5,"eco2D_Diversity_Shannon","Shannon Diversity Index","-",1.69062352180481
"Turkiye",22,15,4.5,"eco2D_Diversity_Shannon","Shannon Diversity Index","-",1.39517390727997
"Turkiye",22,15,9.5,"eco2D_Diversity_Shannon","Shannon Diversity Index","-",1.26615035533905
"Turkiye",22,15,19.5,"eco2D_Diversity_Shannon","Shannon Diversity Index","-",1.46393811702728
"Turkiye",22,15,49.5,"eco2D_Diversity_Shannon","Shannon Diversity Index","-",1.22778642177582
"Turkiye",22,15,99.5,"eco2D_Diversity_Shannon","Shannon Diversity Index","-",1.05010771751404
"Turkiye",22,15,199.5,"eco2D_Diversity_Shannon","Shannon Diversity Index","-",1.04569387435913
"Turkiye",22,15,499.5,"eco2D_Diversity_Shannon","Shannon Diversity Index","-",1.02079343795776
"Turkiye",22,15,999.5,"eco2D_Diversity_Shannon","Shannon Diversity Index","-",0.97318559885025
"Turkiye",22,15,1999.5,"eco2D_Diversity_Shannon","Shannon Diversity Index","-",0.964007914066315
"Turkiye",22,15,4999.5,"eco2D_Diversity_Shannon","Shannon Diversity Index","-",0.971273303031921
"Turkiye",22,15,9999.5,"eco2D_Diversity_Shannon","Shannon Diversity Index","-",0.972032248973846
"Turkiye",22,15,0.5,"eco2D_Diversity_Simpson","Simpson Diversity Index","-",0.845966994762421
"Turkiye",22,15,1.5,"eco2D_Diversity_Simpson","Simpson Diversity Index","-",0.788070142269135
"Turkiye",22,15,4.5,"eco2D_Diversity_Simpson","Simpson Diversity Index","-",0.721290349960327
"Turkiye",22,15,9.5,"eco2D_Diversity_Simpson","Simpson Diversity Index","-",0.69073885679245
"Turkiye",22,15,19.5,"eco2D_Diversity_Simpson","Simpson Diversity Index","-",0.744695782661438
"Turkiye",22,15,49.5,"eco2D_Diversity_Simpson","Simpson Diversity Index","-",0.683298587799072
"Turkiye",22,15,99.5,"eco2D_Diversity_Simpson","Simpson Diversity Index","-",0.636480867862701
"Turkiye",22,15,199.5,"eco2D_Diversity_Simpson","Simpson Diversity Index","-",0.634143590927124
"Turkiye",22,15,499.5,"eco2D_Diversity_Simpson","Simpson Diversity Index","-",0.620912492275238
"Turkiye",22,15,999.5,"eco2D_Diversity_Simpson","Simpson Diversity Index","-",0.596555888652802
"Turkiye",22,15,1999.5,"eco2D_Diversity_Simpson","Simpson Diversity Index","-",0.592051684856415
"Turkiye",22,15,4999.5,"eco2D_Diversity_Simpson","Simpson Diversity Index","-",0.595631420612335
"Turkiye",22,15,9999.5,"eco2D_Diversity_Simpson","Simpson Diversity Index","-",0.596002399921417
"Turkiye",22,15,0.5,"eco2D_Diversity_Berger","Berger Diversity Index","-",0.790628969669342
"Turkiye",22,15,1.5,"eco2D_Diversity_Berger","Berger Diversity Index","-",0.690984308719635
"Turkiye",22,15,4.5,"eco2D_Diversity_Berger","Berger Diversity Index","-",0.636191606521606
"Turkiye",22,15,9.5,"eco2D_Diversity_Berger","Berger Diversity Index","-",0.584920644760132
"Turkiye",22,15,19.5,"eco2D_Diversity_Berger","Berger Diversity Index","-",0.659691333770752
"Turkiye",22,15,49.5,"eco2D_Diversity_Berger","Berger Diversity Index","-",0.581889271736145
"Turkiye",22,15,99.5,"eco2D_Diversity_Berger","Berger Diversity Index","-",0.562479019165039
"Turkiye",22,15,199.5,"eco2D_Diversity_Berger","Berger Diversity Index","-",0.563999652862549
"Turkiye",22,15,499.5,"eco2D_Diversity_Berger","Berger Diversity Index","-",0.568728089332581
"Turkiye",22,15,999.5,"eco2D_Diversity_Berger","Berger Diversity Index","-",0.553430020809174
"Turkiye",22,15,1999.5,"eco2D_Diversity_Berger","Berger Diversity Index","-",0.545840740203857
"Turkiye",22,15,4999.5,"eco2D_Diversity_Berger","Berger Diversity Index","-",0.553766846656799
"Turkiye",22,15,9999.5,"eco2D_Diversity_Berger","Berger Diversity Index","-",0.554187595844269
"Turkiye",22,15,0.5,"eco2D_Size_Frac_Pico_Chl","Pico chlorophyll biomass","mg Chl m^-3",0.0566950887441635
"Turkiye",22,15,1.5,"eco2D_Size_Frac_Pico_Chl","Pico chlorophyll biomass","mg Chl m^-3",0.0577866993844509
"Turkiye",22,15,4.5,"eco2D_Size_Frac_Pico_Chl","Pico chlorophyll biomass","mg Chl m^-3",0.0484255962073803
"Turkiye",22,15,9.5,"eco2D_Size_Frac_Pico_Chl","Pico chlorophyll biomass","mg Chl m^-3",0.0391990579664707
"Turkiye",22,15,19.5,"eco2D_Size_Frac_Pico_Chl","Pico chlorophyll biomass","mg Chl m^-3",0.0426314324140549
"Turkiye",22,15,49.5,"eco2D_Size_Frac_Pico_Chl","Pico chlorophyll biomass","mg Chl m^-3",0.0288085229694843
"Turkiye",22,15,99.5,"eco2D_Size_Frac_Pico_Chl","Pico chlorophyll biomass","mg Chl m^-3",0.0249700378626585
"Turkiye",22,15,199.5,"eco2D_Size_Frac_Pico_Chl","Pico chlorophyll biomass","mg Chl m^-3",0.0244278013706207
"Turkiye",22,15,499.5,"eco2D_Size_Frac_Pico_Chl","Pico chlorophyll biomass","mg Chl m^-3",0.0232033934444189
"Turkiye",22,15,999.5,"eco2D_Size_Frac_Pico_Chl","Pico chlorophyll biomass","mg Chl m^-3",0.0227587446570396
"Turkiye",22,15,1999.5,"eco2D_Size_Frac_Pico_Chl","Pico chlorophyll biomass","mg Chl m^-3",0.0226288605481386
"Turkiye",22,15,4999.5,"eco2D_Size_Frac_Pico_Chl","Pico chlorophyll biomass","mg Chl m^-3",0.0228173658251762
"Turkiye",22,15,9999.5,"eco2D_Size_Frac_Pico_Chl","Pico chlorophyll biomass","mg Chl m^-3",0.0228117182850838
"Turkiye",22,15,0.5,"eco2D_Size_Frac_Nano_Chl","Nano chlorophyll biomass","mg Chl m^-3",0.301267683506012
"Turkiye",22,15,1.5,"eco2D_Size_Frac_Nano_Chl","Nano chlorophyll biomass","mg Chl m^-3",0.165712982416153
"Turkiye",22,15,4.5,"eco2D_Size_Frac_Nano_Chl","Nano chlorophyll biomass","mg Chl m^-3",0.0433620251715183
"Turkiye",22,15,9.5,"eco2D_Size_Frac_Nano_Chl","Nano chlorophyll biomass","mg Chl m^-3",0.0193659942597151
"Turkiye",22,15,19.5,"eco2D_Size_Frac_Nano_Chl","Nano chlorophyll biomass","mg Chl m^-3",0.0457508265972137
"Turkiye",22,15,49.5,"eco2D_Size_Frac_Nano_Chl","Nano chlorophyll biomass","mg Chl m^-3",0.0137159088626504
"Turkiye",22,15,99.5,"eco2D_Size_Frac_Nano_Chl","Nano chlorophyll biomass","mg Chl m^-3",0.00701306387782097
"Turkiye",22,15,199.5,"eco2D_Size_Frac_Nano_Chl","Nano chlorophyll biomass","mg Chl m^-3",0.00625992845743895
"Turkiye",22,15,499.5,"eco2D_Size_Frac_Nano_Chl","Nano chlorophyll biomass","mg Chl m^-3",0.0044412249699235
"Turkiye",22,15,999.5,"eco2D_Size_Frac_Nano_Chl","Nano chlorophyll biomass","mg Chl m^-3",0.00275559397414327
"Turkiye",22,15,1999.5,"eco2D_Size_Frac_Nano_Chl","Nano chlorophyll biomass","mg Chl m^-3",0.00249331956729293
"Turkiye",22,15,4999.5,"eco2D_Size_Frac_Nano_Chl","Nano chlorophyll biomass","mg Chl m^-3",0.00270469044335186
"Turkiye",22,15,9999.5,"eco2D_Size_Frac_Nano_Chl","Nano chlorophyll biomass","mg Chl m^-3",0.00272644776850939
"Turkiye",22,15,0.5,"eco2D_Size_Frac_Micro_Chl","Micro chlorophyll biomass","mg Chl m^-3",0.172906324267387
"Turkiye",22,15,1.5,"eco2D_Size_Frac_Micro_Chl","Micro chlorophyll biomass","mg Chl m^-3",0.0334056243300438
"Turkiye",22,15,4.5,"eco2D_Size_Frac_Micro_Chl","Micro chlorophyll biomass","mg Chl m^-3",0.00163486902602017
"Turkiye",22,15,9.5,"eco2D_Size_Frac_Micro_Chl","Micro chlorophyll biomass","mg Chl m^-3",1.18998826792449e-07
"Turkiye",22,15,19.5,"eco2D_Size_Frac_Micro_Chl","Micro chlorophyll biomass","mg Chl m^-3",0.0039140060544014
"Turkiye",22,15,49.5,"eco2D_Size_Frac_Micro_Chl","Micro chlorophyll biomass","mg Chl m^-3",7.75725143842276e-12
"Turkiye",22,15,99.5,"eco2D_Size_Frac_Micro_Chl","Micro chlorophyll biomass","mg Chl m^-3",1.8417045232616e-12
"Turkiye",22,15,199.5,"eco2D_Size_Frac_Micro_Chl","Micro chlorophyll biomass","mg Chl m^-3",1.5356289373783e-12
"Turkiye",22,15,499.5,"eco2D_Size_Frac_Micro_Chl","Micro chlorophyll biomass","mg Chl m^-3",1.06953150762895e-12
"Turkiye",22,15,999.5,"eco2D_Size_Frac_Micro_Chl","Micro chlorophyll biomass","mg Chl m^-3",7.33366438323418e-13
"Turkiye",22,15,1999.5,"eco2D_Size_Frac_Micro_Chl","Micro chlorophyll biomass","mg Chl m^-3",6.9846320567557e-13
"Turkiye",22,15,4999.5,"eco2D_Size_Frac_Micro_Chl","Micro chlorophyll biomass","mg Chl m^-3",7.25580999363235e-13
"Turkiye",22,15,9999.5,"eco2D_Size_Frac_Micro_Chl","Micro chlorophyll biomass","mg Chl m^-3",7.30842307245655e-13
"Russia",22,36,0.5,"grid_level","grid definition","n/a",1
"Russia",22,36,1.5,"grid_level","grid definition","n/a",1
"Russia",22,36,4.5,"grid_level","grid definition","n/a",1
"Russia",22,36,9.5,"grid_level","grid definition","n/a",1
"Russia",22,36,19.5,"grid_level","grid definition","n/a",1
"Russia",22,36,49.5,"grid_level","grid definition","n/a",1
"Russia",22,36,99.5,"grid_level","grid definition","n/a",1
"Russia",22,36,199.5,"grid_level","grid definition","n/a",1
"Russia",22,36,499.5,"grid_level","grid definition","n/a",1
"Russia",22,36,999.5,"grid_level","grid definition","n/a",1
"Russia",22,36,1999.5,"grid_level","grid definition","n/a",1
"Russia",22,36,4999.5,"grid_level","grid definition","n/a",1
"Russia",22,36,9999.5,"grid_level","grid definition","n/a",1
"Russia",22,36,0.5,"grid_mask","land-sea mask","n/a",1
"Russia",22,36,1.5,"grid_mask","land-sea mask","n/a",1
"Russia",22,36,4.5,"grid_mask","land-sea mask","n/a",1
"Russia",22,36,9.5,"grid_mask","land-sea mask","n/a",1
"Russia",22,36,19.5,"grid_mask","land-sea mask","n/a",1
"Russia",22,36,49.5,"grid_mask","land-sea mask","n/a",1
"Russia",22,36,99.5,"grid_mask","land-sea mask","n/a",1
"Russia",22,36,199.5,"grid_mask","land-sea mask","n/a",1
"Russia",22,36,499.5,"grid_mask","land-sea mask","n/a",1
"Russia",22,36,999.5,"grid_mask","land-sea mask","n/a",1
"Russia",22,36,1999.5,"grid_mask","land-sea mask","n/a",1
"Russia",22,36,4999.5,"grid_mask","land-sea mask","n/a",1
"Russia",22,36,9999.5,"grid_mask","land-sea mask","n/a",1
"Russia",22,36,0.5,"grid_topo","ocean depth","m",5000
"Russia",22,36,1.5,"grid_topo","ocean depth","m",5000
"Russia",22,36,4.5,"grid_topo","ocean depth","m",5000
"Russia",22,36,9.5,"grid_topo","ocean depth","m",5000
"Russia",22,36,19.5,"grid_topo","ocean depth","m",5000
"Russia",22,36,49.5,"grid_topo","ocean depth","m",5000
"Russia",22,36,99.5,"grid_topo","ocean depth","m",5000
"Russia",22,36,199.5,"grid_topo","ocean depth","m",5000
"Russia",22,36,499.5,"grid_topo","ocean depth","m",5000
"Russia",22,36,999.5,"grid_topo","ocean depth","m",5000
"Russia",22,36,1999.5,"grid_topo","ocean depth","m",5000
"Russia",22,36,4999.5,"grid_topo","ocean depth","m",5000
"Russia",22,36,9999.5,"grid_topo","ocean depth","m",5000
"Russia",22,36,0.5,"eco2D_Plankton_C_001","C Biomass - Popn. #001 (0.60 micron phytoplankton)","mmol C m^-3",0.00867880880832672
"Russia",22,36,1.5,"eco2D_Plankton_C_001","C Biomass - Popn. #001 (0.60 micron phytoplankton)","mmol C m^-3",0.000201079994440079
"Russia",22,36,4.5,"eco2D_Plankton_C_001","C Biomass - Popn. #001 (0.60 micron phytoplankton)","mmol C m^-3",3.12241859035112e-08
"Russia",22,36,9.5,"eco2D_Plankton_C_001","C Biomass - Popn. #001 (0.60 micron phytoplankton)","mmol C m^-3",3.06110914394253e-09
"Russia",22,36,19.5,"eco2D_Plankton_C_001","C Biomass - Popn. #001 (0.60 micron phytoplankton)","mmol C m^-3",1.6635792743358e-09
"Russia",22,36,49.5,"eco2D_Plankton_C_001","C Biomass - Popn. #001 (0.60 micron phytoplankton)","mmol C m^-3",1.59620294759577e-09
"Russia",22,36,99.5,"eco2D_Plankton_C_001","C Biomass - Popn. #001 (0.60 micron phytoplankton)","mmol C m^-3",7.98435650928297e-10
"Russia",22,36,199.5,"eco2D_Plankton_C_001","C Biomass - Popn. #001 (0.60 micron phytoplankton)","mmol C m^-3",2.20538531880976e-10
"Russia",22,36,499.5,"eco2D_Plankton_C_001","C Biomass - Popn. #001 (0.60 micron phytoplankton)","mmol C m^-3",1.12978314203982e-10
"Russia",22,36,999.5,"eco2D_Plankton_C_001","C Biomass - Popn. #001 (0.60 micron phytoplankton)","mmol C m^-3",7.08861094822488e-11
"Russia",22,36,1999.5,"eco2D_Plankton_C_001","C Biomass - Popn. #001 (0.60 micron phytoplankton)","mmol C m^-3",6.24852530828335e-11
"Russia",22,36,4999.5,"eco2D_Plankton_C_001","C Biomass - Popn. #001 (0.60 micron phytoplankton)","mmol C m^-3",5.95852742146796e-11
"Russia",22,36,9999.5,"eco2D_Plankton_C_001","C Biomass - Popn. #001 (0.60 micron phytoplankton)","mmol C m^-3",6.2351623864032e-11
"Russia",22,36,0.5,"eco2D_Plankton_C_002","C Biomass - Popn. #002 (1.90 micron phytoplankton)","mmol C m^-3",0.0746906250715256
"Russia",22,36,1.5,"eco2D_Plankton_C_002","C Biomass - Popn. #002 (1.90 micron phytoplankton)","mmol C m^-3",0.0628531873226166
"Russia",22,36,4.5,"eco2D_Plankton_C_002","C Biomass - Popn. #002 (1.90 micron phytoplankton)","mmol C m^-3",0.067962646484375
"Russia",22,36,9.5,"eco2D_Plankton_C_002","C Biomass - Popn. #002 (1.90 micron phytoplankton)","mmol C m^-3",0.0702315047383308
"Russia",22,36,19.5,"eco2D_Plankton_C_002","C Biomass - Popn. #002 (1.90 micron phytoplankton)","mmol C m^-3",0.0704132094979286
"Russia",22,36,49.5,"eco2D_Plankton_C_002","C Biomass - Popn. #002 (1.90 micron phytoplankton)","mmol C m^-3",0.0705074891448021
"Russia",22,36,99.5,"eco2D_Plankton_C_002","C Biomass - Popn. #002 (1.90 micron phytoplankton)","mmol C m^-3",0.0894078463315964
"Russia",22,36,199.5,"eco2D_Plankton_C_002","C Biomass - Popn. #002 (1.90 micron phytoplankton)","mmol C m^-3",0.0668648481369019
"Russia",22,36,499.5,"eco2D_Plankton_C_002","C Biomass - Popn. #002 (1.90 micron phytoplankton)","mmol C m^-3",0.0475371889770031
"Russia",22,36,999.5,"eco2D_Plankton_C_002","C Biomass - Popn. #002 (1.90 micron phytoplankton)","mmol C m^-3",0.026630250737071
"Russia",22,36,1999.5,"eco2D_Plankton_C_002","C Biomass - Popn. #002 (1.90 micron phytoplankton)","mmol C m^-3",0.0221868883818388
"Russia",22,36,4999.5,"eco2D_Plankton_C_002","C Biomass - Popn. #002 (1.90 micron phytoplankton)","mmol C m^-3",0.0205789674073458
"Russia",22,36,9999.5,"eco2D_Plankton_C_002","C Biomass - Popn. #002 (1.90 micron phytoplankton)","mmol C m^-3",0.0224248599261045
"Russia",22,36,0.5,"eco2D_Plankton_C_003","C Biomass - Popn. #003 (6.00 micron phytoplankton)","mmol C m^-3",0.292175710201263
"Russia",22,36,1.5,"eco2D_Plankton_C_003","C Biomass - Popn. #003 (6.00 micron phytoplankton)","mmol C m^-3",0.867232620716095
"Russia",22,36,4.5,"eco2D_Plankton_C_003","C Biomass - Popn. #003 (6.00 micron phytoplankton)","mmol C m^-3",0.724124491214752
"Russia",22,36,9.5,"eco2D_Plankton_C_003","C Biomass - Popn. #003 (6.00 micron phytoplankton)","mmol C m^-3",0.904748260974884
"Russia",22,36,19.5,"eco2D_Plankton_C_003","C Biomass - Popn. #003 (6.00 micron phytoplankton)","mmol C m^-3",0.596082091331482
"Russia",22,36,49.5,"eco2D_Plankton_C_003","C Biomass - Popn. #003 (6.00 micron phytoplankton)","mmol C m^-3",0.623292982578278
"Russia",22,36,99.5,"eco2D_Plankton_C_003","C Biomass - Popn. #003 (6.00 micron phytoplankton)","mmol C m^-3",0.758817553520203
"Russia",22,36,199.5,"eco2D_Plankton_C_003","C Biomass - Popn. #003 (6.00 micron phytoplankton)","mmol C m^-3",0.885552823543549
"Russia",22,36,499.5,"eco2D_Plankton_C_003","C Biomass - Popn. #003 (6.00 micron phytoplankton)","mmol C m^-3",0.994568169116974
"Russia",22,36,999.5,"eco2D_Plankton_C_003","C Biomass - Popn. #003 (6.00 micron phytoplankton)","mmol C m^-3",1.55362343788147
"Russia",22,36,1999.5,"eco2D_Plankton_C_003","C Biomass - Popn. #003 (6.00 micron phytoplankton)","mmol C m^-3",1.52556216716766
"Russia",22,36,4999.5,"eco2D_Plankton_C_003","C Biomass - Popn. #003 (6.00 micron phytoplankton)","mmol C m^-3",1.48612105846405
"Russia",22,36,9999.5,"eco2D_Plankton_C_003","C Biomass - Popn. #003 (6.00 micron phytoplankton)","mmol C m^-3",1.49637818336487
"Russia",22,36,0.5,"eco2D_Plankton_C_004","C Biomass - Popn. #004 (19.00 micron phytoplankton)","mmol C m^-3",0.178688406944275
"Russia",22,36,1.5,"eco2D_Plankton_C_004","C Biomass - Popn. #004 (19.00 micron phytoplankton)","mmol C m^-3",0.170125499367714
"Russia",22,36,4.5,"eco2D_Plankton_C_004","C Biomass - Popn. #004 (19.00 micron phytoplankton)","mmol C m^-3",0.178603172302246
"Russia",22,36,9.5,"eco2D_Plankton_C_004","C Biomass - Popn. #004 (19.00 micron phytoplankton)","mmol C m^-3",0.188619121909142
"Russia",22,36,19.5,"eco2D_Plankton_C_004","C Biomass - Popn. #004 (19.00 micron phytoplankton)","mmol C m^-3",0.193675592541695
"Russia",22,36,49.5,"eco2D_Plankton_C_004","C Biomass - Popn. #004 (19.00 micron phytoplankton)","mmol C m^-3",0.193864062428474
"Russia",22,36,99.5,"eco2D_Plankton_C_004","C Biomass - Popn. #004 (19.00 micron phytoplankton)","mmol C m^-3",0.253433376550674
"Russia",22,36,199.5,"eco2D_Plankton_C_004","C Biomass - Popn. #004 (19.00 micron phytoplankton)","mmol C m^-3",0.210197448730469
"Russia",22,36,499.5,"eco2D_Plankton_C_004","C Biomass - Popn. #004 (19.00 micron phytoplankton)","mmol C m^-3",0.136147990822792
"Russia",22,36,999.5,"eco2D_Plankton_C_004","C Biomass - Popn. #004 (19.00 micron phytoplankton)","mmol C m^-3",0.079842247068882
"Russia",22,36,1999.5,"eco2D_Plankton_C_004","C Biomass - Popn. #004 (19.00 micron phytoplankton)","mmol C m^-3",0.0142126958817244
"Russia",22,36,4999.5,"eco2D_Plankton_C_004","C Biomass - Popn. #004 (19.00 micron phytoplankton)","mmol C m^-3",0.00712387729436159
"Russia",22,36,9999.5,"eco2D_Plankton_C_004","C Biomass - Popn. #004 (19.00 micron phytoplankton)","mmol C m^-3",0.00919302739202976
"Russia",22,36,0.5,"eco2D_Plankton_C_005","C Biomass - Popn. #005 (60.00 micron phytoplankton)","mmol C m^-3",0.154895856976509
"Russia",22,36,1.5,"eco2D_Plankton_C_005","C Biomass - Popn. #005 (60.00 micron phytoplankton)","mmol C m^-3",0.136833667755127
"Russia",22,36,4.5,"eco2D_Plankton_C_005","C Biomass - Popn. #005 (60.00 micron phytoplankton)","mmol C m^-3",0.143459141254425
"Russia",22,36,9.5,"eco2D_Plankton_C_005","C Biomass - Popn. #005 (60.00 micron phytoplankton)","mmol C m^-3",0.14991720020771
"Russia",22,36,19.5,"eco2D_Plankton_C_005","C Biomass - Popn. #005 (60.00 micron phytoplankton)","mmol C m^-3",0.147645398974419
"Russia",22,36,49.5,"eco2D_Plankton_C_005","C Biomass - Popn. #005 (60.00 micron phytoplankton)","mmol C m^-3",0.146653383970261
"Russia",22,36,99.5,"eco2D_Plankton_C_005","C Biomass - Popn. #005 (60.00 micron phytoplankton)","mmol C m^-3",0.189544454216957
"Russia",22,36,199.5,"eco2D_Plankton_C_005","C Biomass - Popn. #005 (60.00 micron phytoplankton)","mmol C m^-3",0.102437742054462
"Russia",22,36,499.5,"eco2D_Plankton_C_005","C Biomass - Popn. #005 (60.00 micron phytoplankton)","mmol C m^-3",1.96973104493736e-08
"Russia",22,36,999.5,"eco2D_Plankton_C_005","C Biomass - Popn. #005 (60.00 micron phytoplankton)","mmol C m^-3",4.82614892494126e-10
"Russia",22,36,1999.5,"eco2D_Plankton_C_005","C Biomass - Popn. #005 (60.00 micron phytoplankton)","mmol C m^-3",2.031751433762e-10
"Russia",22,36,4999.5,"eco2D_Plankton_C_005","C Biomass - Popn. #005 (60.00 micron phytoplankton)","mmol C m^-3",1.92419649658326e-10
"Russia",22,36,9999.5,"eco2D_Plankton_C_005","C Biomass - Popn. #005 (60.00 micron phytoplankton)","mmol C m^-3",1.93587978980503e-10
"Russia",22,36,0.5,"eco2D_Plankton_C_006","C Biomass - Popn. #006 (190.00 micron phytoplankton)","mmol C m^-3",0.157057836651802
"Russia",22,36,1.5,"eco2D_Plankton_C_006","C Biomass - Popn. #006 (190.00 micron phytoplankton)","mmol C m^-3",0.106371574103832
"Russia",22,36,4.5,"eco2D_Plankton_C_006","C Biomass - Popn. #006 (190.00 micron phytoplankton)","mmol C m^-3",0.130566015839577
"Russia",22,36,9.5,"eco2D_Plankton_C_006","C Biomass - Popn. #006 (190.00 micron phytoplankton)","mmol C m^-3",0.128868833184242
"Russia",22,36,19.5,"eco2D_Plankton_C_006","C Biomass - Popn. #006 (190.00 micron phytoplankton)","mmol C m^-3",0.111645452678204
"Russia",22,36,49.5,"eco2D_Plankton_C_006","C Biomass - Popn. #006 (190.00 micron phytoplankton)","mmol C m^-3",0.10586503893137
"Russia",22,36,99.5,"eco2D_Plankton_C_006","C Biomass - Popn. #006 (190.00 micron phytoplankton)","mmol C m^-3",0.126253947615623
"Russia",22,36,199.5,"eco2D_Plankton_C_006","C Biomass - Popn. #006 (190.00 micron phytoplankton)","mmol C m^-3",1.27581067932425e-09
"Russia",22,36,499.5,"eco2D_Plankton_C_006","C Biomass - Popn. #006 (190.00 micron phytoplankton)","mmol C m^-3",7.88741988388963e-11
"Russia",22,36,999.5,"eco2D_Plankton_C_006","C Biomass - Popn. #006 (190.00 micron phytoplankton)","mmol C m^-3",4.32277651174484e-11
"Russia",22,36,1999.5,"eco2D_Plankton_C_006","C Biomass - Popn. #006 (190.00 micron phytoplankton)","mmol C m^-3",3.2111372588739e-11
"Russia",22,36,4999.5,"eco2D_Plankton_C_006","C Biomass - Popn. #006 (190.00 micron phytoplankton)","mmol C m^-3",3.12261501378419e-11
"Russia",22,36,9999.5,"eco2D_Plankton_C_006","C Biomass - Popn. #006 (190.00 micron phytoplankton)","mmol C m^-3",3.15129727868069e-11
"Russia",22,36,0.5,"eco2D_Plankton_C_007","C Biomass - Popn. #007 (600.00 micron phytoplankton)","mmol C m^-3",0.0894615948200226
"Russia",22,36,1.5,"eco2D_Plankton_C_007","C Biomass - Popn. #007 (600.00 micron phytoplankton)","mmol C m^-3",0.00524545973166823
"Russia",22,36,4.5,"eco2D_Plankton_C_007","C Biomass - Popn. #007 (600.00 micron phytoplankton)","mmol C m^-3",1.42674125527265e-05
"Russia",22,36,9.5,"eco2D_Plankton_C_007","C Biomass - Popn. #007 (600.00 micron phytoplankton)","mmol C m^-3",7.42019024002616e-09
"Russia",22,36,19.5,"eco2D_Plankton_C_007","C Biomass - Popn. #007 (600.00 micron phytoplankton)","mmol C m^-3",3.47490858310096e-09
"Russia",22,36,49.5,"eco2D_Plankton_C_007","C Biomass - Popn. #007 (600.00 micron phytoplankton)","mmol C m^-3",2.46905629275318e-09
"Russia",22,36,99.5,"eco2D_Plankton_C_007","C Biomass - Popn. #007 (600.00 micron phytoplankton)","mmol C m^-3",5.32873245528975e-10
"Russia",22,36,199.5,"eco2D_Plankton_C_007","C Biomass - Popn. #007 (600.00 micron phytoplankton)","mmol C m^-3",6.08536623869504e-11
"Russia",22,36,499.5,"eco2D_Plankton_C_007","C Biomass - Popn. #007 (600.00 micron phytoplankton)","mmol C m^-3",2.78067412845528e-11
"Russia",22,36,999.5,"eco2D_Plankton_C_007","C Biomass - Popn. #007 (600.00 micron phytoplankton)","mmol C m^-3",1.8211526037204e-11
"Russia",22,36,1999.5,"eco2D_Plankton_C_007","C Biomass - Popn. #007 (600.00 micron phytoplankton)","mmol C m^-3",1.44781651945092e-11
"Russia",22,36,4999.5,"eco2D_Plankton_C_007","C Biomass - Popn. #007 (600.00 micron phytoplankton)","mmol C m^-3",1.42222110824375e-11
"Russia",22,36,9999.5,"eco2D_Plankton_C_007","C Biomass - Popn. #007 (600.00 micron phytoplankton)","mmol C m^-3",1.42693348456624e-11
"Russia",22,36,0.5,"eco2D_Plankton_C_008","C Biomass - Popn. #008 (1900.00 micron phytoplankton)","mmol C m^-3",0.00623347703367472
"Russia",22,36,1.5,"eco2D_Plankton_C_008","C Biomass - Popn. #008 (1900.00 micron phytoplankton)","mmol C m^-3",3.07037385027797e-06
"Russia",22,36,4.5,"eco2D_Plankton_C_008","C Biomass - Popn. #008 (1900.00 micron phytoplankton)","mmol C m^-3",1.34364186443747e-10
"Russia",22,36,9.5,"eco2D_Plankton_C_008","C Biomass - Popn. #008 (1900.00 micron phytoplankton)","mmol C m^-3",1.16353537915614e-10
"Russia",22,36,19.5,"eco2D_Plankton_C_008","C Biomass - Popn. #008 (1900.00 micron phytoplankton)","mmol C m^-3",9.85772644068739e-11
"Russia",22,36,49.5,"eco2D_Plankton_C_008","C Biomass - Popn. #008 (1900.00 micron phytoplankton)","mmol C m^-3",8.68814395427187e-11
"Russia",22,36,99.5,"eco2D_Plankton_C_008","C Biomass - Popn. #008 (1900.00 micron phytoplankton)","mmol C m^-3",6.3065712374577e-11
"Russia",22,36,199.5,"eco2D_Plankton_C_008","C Biomass - Popn. #008 (1900.00 micron phytoplankton)","mmol C m^-3",2.32297341085097e-11
"Russia",22,36,499.5,"eco2D_Plankton_C_008","C Biomass - Popn. #008 (1900.00 micron phytoplankton)","mmol C m^-3",1.31674419631689e-11
"Russia",22,36,999.5,"eco2D_Plankton_C_008","C Biomass - Popn. #008 (1900.00 micron phytoplankton)","mmol C m^-3",9.46173781685156e-12
"Russia",22,36,1999.5,"eco2D_Plankton_C_008","C Biomass - Popn. #008 (1900.00 micron phytoplankton)","mmol C m^-3",7.60573288377531e-12
"Russia",22,36,4999.5,"eco2D_Plankton_C_008","C Biomass - Popn. #008 (1900.00 micron phytoplankton)","mmol C m^-3",7.50781728453553e-12
"Russia",22,36,9999.5,"eco2D_Plankton_C_008","C Biomass - Popn. #008 (1900.00 micron phytoplankton)","mmol C m^-3",7.48807092720849e-12
"Russia",22,36,0.5,"eco2D_Plankton_C_009","C Biomass - Popn. #009 (0.60 micron zooplankton)","mmol C m^-3",0.00316922250203788
"Russia",22,36,1.5,"eco2D_Plankton_C_009","C Biomass - Popn. #009 (0.60 micron zooplankton)","mmol C m^-3",4.83830008306541e-05
"Russia",22,36,4.5,"eco2D_Plankton_C_009","C Biomass - Popn. #009 (0.60 micron zooplankton)","mmol C m^-3",8.02121121523669e-07
"Russia",22,36,9.5,"eco2D_Plankton_C_009","C Biomass - Popn. #009 (0.60 micron zooplankton)","mmol C m^-3",6.4217147155432e-07
"Russia",22,36,19.5,"eco2D_Plankton_C_009","C Biomass - Popn. #009 (0.60 micron zooplankton)","mmol C m^-3",6.3736479205545e-07
"Russia",22,36,49.5,"eco2D_Plankton_C_009","C Biomass - Popn. #009 (0.60 micron zooplankton)","mmol C m^-3",6.50601350571378e-07
"Russia",22,36,99.5,"eco2D_Plankton_C_009","C Biomass - Popn. #009 (0.60 micron zooplankton)","mmol C m^-3",9.87604575897194e-09
"Russia",22,36,199.5,"eco2D_Plankton_C_009","C Biomass - Popn. #009 (0.60 micron zooplankton)","mmol C m^-3",7.8992279668455e-06
"Russia",22,36,499.5,"eco2D_Plankton_C_009","C Biomass - Popn. #009 (0.60 micron zooplankton)","mmol C m^-3",0.00146155036054552
"Russia",22,36,999.5,"eco2D_Plankton_C_009","C Biomass - Popn. #009 (0.60 micron zooplankton)","mmol C m^-3",0.00063732493435964
"Russia",22,36,1999.5,"eco2D_Plankton_C_009","C Biomass - Popn. #009 (0.60 micron zooplankton)","mmol C m^-3",0.000124310929095373
"Russia",22,36,4999.5,"eco2D_Plankton_C_009","C Biomass - Popn. #009 (0.60 micron zooplankton)","mmol C m^-3",0.000113946887722705
"Russia",22,36,9999.5,"eco2D_Plankton_C_009","C Biomass - Popn. #009 (0.60 micron zooplankton)","mmol C m^-3",0.000105603066913318
"Russia",22,36,0.5,"eco2D_Plankton_C_010","C Biomass - Popn. #010 (1.90 micron zooplankton)","mmol C m^-3",0.0590091906487942
"Russia",22,36,1.5,"eco2D_Plankton_C_010","C Biomass - Popn. #010 (1.90 micron zooplankton)","mmol C m^-3",0.0170836392790079
"Russia",22,36,4.5,"eco2D_Plankton_C_010","C Biomass - Popn. #010 (1.90 micron zooplankton)","mmol C m^-3",0.0141627537086606
"Russia",22,36,9.5,"eco2D_Plankton_C_010","C Biomass - Popn. #010 (1.90 micron zooplankton)","mmol C m^-3",0.0305009000003338
"Russia",22,36,19.5,"eco2D_Plankton_C_010","C Biomass - Popn. #010 (1.90 micron zooplankton)","mmol C m^-3",0.0905708149075508
"Russia",22,36,49.5,"eco2D_Plankton_C_010","C Biomass - Popn. #010 (1.90 micron zooplankton)","mmol C m^-3",0.100301757454872
"Russia",22,36,99.5,"eco2D_Plankton_C_010","C Biomass - Popn. #010 (1.90 micron zooplankton)","mmol C m^-3",0.0391143672168255
"Russia",22,36,199.5,"eco2D_Plankton_C_010","C Biomass - Popn. #010 (1.90 micron zooplankton)","mmol C m^-3",0.0703132823109627
"Russia",22,36,499.5,"eco2D_Plankton_C_010","C Biomass - Popn. #010 (1.90 micron zooplankton)","mmol C m^-3",0.0567001737654209
"Russia",22,36,999.5,"eco2D_Plankton_C_010","C Biomass - Popn. #010 (1.90 micron zooplankton)","mmol C m^-3",0.0205391943454742
"Russia",22,36,1999.5,"eco2D_Plankton_C_010","C Biomass - Popn. #010 (1.90 micron zooplankton)","mmol C m^-3",0.0157511737197638
"Russia",22,36,4999.5,"eco2D_Plankton_C_010","C Biomass - Popn. #010 (1.90 micron zooplankton)","mmol C m^-3",0.0157724563032389
"Russia",22,36,9999.5,"eco2D_Plankton_C_010","C Biomass - Popn. #010 (1.90 micron zooplankton)","mmol C m^-3",0.0157843623310328
"Russia",22,36,0.5,"eco2D_Plankton_C_011","C Biomass - Popn. #011 (6.00 micron zooplankton)","mmol C m^-3",0.159793689846992
"Russia",22,36,1.5,"eco2D_Plankton_C_011","C Biomass - Popn. #011 (6.00 micron zooplankton)","mmol C m^-3",0.0603804439306259
"Russia",22,36,4.5,"eco2D_Plankton_C_011","C Biomass - Popn. #011 (6.00 micron zooplankton)","mmol C m^-3",0.0550264976918697
"Russia",22,36,9.5,"eco2D_Plankton_C_011","C Biomass - Popn. #011 (6.00 micron zooplankton)","mmol C m^-3",0.0950004830956459
"Russia",22,36,19.5,"eco2D_Plankton_C_011","C Biomass - Popn. #011 (6.00 micron zooplankton)","mmol C m^-3",0.219530358910561
"Russia",22,36,49.5,"eco2D_Plankton_C_011","C Biomass - Popn. #011 (6.00 micron zooplankton)","mmol C m^-3",0.218083679676056
"Russia",22,36,99.5,"eco2D_Plankton_C_011","C Biomass - Popn. #011 (6.00 micron zooplankton)","mmol C m^-3",0.184958532452583
"Russia",22,36,199.5,"eco2D_Plankton_C_011","C Biomass - Popn. #011 (6.00 micron zooplankton)","mmol C m^-3",0.217190235853195
"Russia",22,36,499.5,"eco2D_Plankton_C_011","C Biomass - Popn. #011 (6.00 micron zooplankton)","mmol C m^-3",0.173794031143188
"Russia",22,36,999.5,"eco2D_Plankton_C_011","C Biomass - Popn. #011 (6.00 micron zooplankton)","mmol C m^-3",0.0534152314066887
"Russia",22,36,1999.5,"eco2D_Plankton_C_011","C Biomass - Popn. #011 (6.00 micron zooplankton)","mmol C m^-3",0.0566239170730114
"Russia",22,36,4999.5,"eco2D_Plankton_C_011","C Biomass - Popn. #011 (6.00 micron zooplankton)","mmol C m^-3",0.058867909014225
"Russia",22,36,9999.5,"eco2D_Plankton_C_011","C Biomass - Popn. #011 (6.00 micron zooplankton)","mmol C m^-3",0.0590641908347607
"Russia",22,36,0.5,"eco2D_Plankton_C_012","C Biomass - Popn. #012 (19.00 micron zooplankton)","mmol C m^-3",0.129273429512978
"Russia",22,36,1.5,"eco2D_Plankton_C_012","C Biomass - Popn. #012 (19.00 micron zooplankton)","mmol C m^-3",0.133690536022186
"Russia",22,36,4.5,"eco2D_Plankton_C_012","C Biomass - Popn. #012 (19.00 micron zooplankton)","mmol C m^-3",0.14285571873188
"Russia",22,36,9.5,"eco2D_Plankton_C_012","C Biomass - Popn. #012 (19.00 micron zooplankton)","mmol C m^-3",0.143281817436218
"Russia",22,36,19.5,"eco2D_Plankton_C_012","C Biomass - Popn. #012 (19.00 micron zooplankton)","mmol C m^-3",0.152006059885025
"Russia",22,36,49.5,"eco2D_Plankton_C_012","C Biomass - Popn. #012 (19.00 micron zooplankton)","mmol C m^-3",0.152135401964188
"Russia",22,36,99.5,"eco2D_Plankton_C_012","C Biomass - Popn. #012 (19.00 micron zooplankton)","mmol C m^-3",0.186304196715355
"Russia",22,36,199.5,"eco2D_Plankton_C_012","C Biomass - Popn. #012 (19.00 micron zooplankton)","mmol C m^-3",0.179557085037231
"Russia",22,36,499.5,"eco2D_Plankton_C_012","C Biomass - Popn. #012 (19.00 micron zooplankton)","mmol C m^-3",0.139951929450035
"Russia",22,36,999.5,"eco2D_Plankton_C_012","C Biomass - Popn. #012 (19.00 micron zooplankton)","mmol C m^-3",0.127036646008492
"Russia",22,36,1999.5,"eco2D_Plankton_C_012","C Biomass - Popn. #012 (19.00 micron zooplankton)","mmol C m^-3",0.0847545936703682
"Russia",22,36,4999.5,"eco2D_Plankton_C_012","C Biomass - Popn. #012 (19.00 micron zooplankton)","mmol C m^-3",0.0813073441386223
"Russia",22,36,9999.5,"eco2D_Plankton_C_012","C Biomass - Popn. #012 (19.00 micron zooplankton)","mmol C m^-3",0.0831648409366608
"Russia",22,36,0.5,"eco2D_Plankton_C_013","C Biomass - Popn. #013 (60.00 micron zooplankton)","mmol C m^-3",0.198535263538361
"Russia",22,36,1.5,"eco2D_Plankton_C_013","C Biomass - Popn. #013 (60.00 micron zooplankton)","mmol C m^-3",0.201105043292046
"Russia",22,36,4.5,"eco2D_Plankton_C_013","C Biomass - Popn. #013 (60.00 micron zooplankton)","mmol C m^-3",0.21108503639698
"Russia",22,36,9.5,"eco2D_Plankton_C_013","C Biomass - Popn. #013 (60.00 micron zooplankton)","mmol C m^-3",0.22030483186245
"Russia",22,36,19.5,"eco2D_Plankton_C_013","C Biomass - Popn. #013 (60.00 micron zooplankton)","mmol C m^-3",0.227589383721352
"Russia",22,36,49.5,"eco2D_Plankton_C_013","C Biomass - Popn. #013 (60.00 micron zooplankton)","mmol C m^-3",0.227448999881744
"Russia",22,36,99.5,"eco2D_Plankton_C_013","C Biomass - Popn. #013 (60.00 micron zooplankton)","mmol C m^-3",0.280711501836777
"Russia",22,36,199.5,"eco2D_Plankton_C_013","C Biomass - Popn. #013 (60.00 micron zooplankton)","mmol C m^-3",0.232807621359825
"Russia",22,36,499.5,"eco2D_Plankton_C_013","C Biomass - Popn. #013 (60.00 micron zooplankton)","mmol C m^-3",0.126385807991028
"Russia",22,36,999.5,"eco2D_Plankton_C_013","C Biomass - Popn. #013 (60.00 micron zooplankton)","mmol C m^-3",6.48471882414015e-07
"Russia",22,36,1999.5,"eco2D_Plankton_C_013","C Biomass - Popn. #013 (60.00 micron zooplankton)","mmol C m^-3",4.97180288050458e-08
"Russia",22,36,4999.5,"eco2D_Plankton_C_013","C Biomass - Popn. #013 (60.00 micron zooplankton)","mmol C m^-3",4.28846327338306e-08
"Russia",22,36,9999.5,"eco2D_Plankton_C_013","C Biomass - Popn. #013 (60.00 micron zooplankton)","mmol C m^-3",4.44895817963697e-08
"Russia",22,36,0.5,"eco2D_Plankton_C_014","C Biomass - Popn. #014 (190.00 micron zooplankton)","mmol C m^-3",0.246547967195511
"Russia",22,36,1.5,"eco2D_Plankton_C_014","C Biomass - Popn. #014 (190.00 micron zooplankton)","mmol C m^-3",0.208729818463326
"Russia",22,36,4.5,"eco2D_Plankton_C_014","C Biomass - Popn. #014 (190.00 micron zooplankton)","mmol C m^-3",0.250995397567749
"Russia",22,36,9.5,"eco2D_Plankton_C_014","C Biomass - Popn. #014 (190.00 micron zooplankton)","mmol C m^-3",0.254228681325912
"Russia",22,36,19.5,"eco2D_Plankton_C_014","C Biomass - Popn. #014 (190.00 micron zooplankton)","mmol C m^-3",0.245080053806305
"Russia",22,36,49.5,"eco2D_Plankton_C_014","C Biomass - Popn. #014 (190.00 micron zooplankton)","mmol C m^-3",0.241312623023987
"Russia",22,36,99.5,"eco2D_Plankton_C_014","C Biomass - Popn. #014 (190.00 micron zooplankton)","mmol C m^-3",0.29708456993103
"Russia",22,36,199.5,"eco2D_Plankton_C_014","C Biomass - Popn. #014 (190.00 micron zooplankton)","mmol C m^-3",0.0985791385173798
"Russia",22,36,499.5,"eco2D_Plankton_C_014","C Biomass - Popn. #014 (190.00 micron zooplankton)","mmol C m^-3",6.04722805164215e-09
"Russia",22,36,999.5,"eco2D_Plankton_C_014","C Biomass - Popn. #014 (190.00 micron zooplankton)","mmol C m^-3",3.08689129813189e-10
"Russia",22,36,1999.5,"eco2D_Plankton_C_014","C Biomass - Popn. #014 (190.00 micron zooplankton)","mmol C m^-3",1.34088504188945e-10
"Russia",22,36,4999.5,"eco2D_Plankton_C_014","C Biomass - Popn. #014 (190.00 micron zooplankton)","mmol C m^-3",1.28108496033619e-10
"Russia",22,36,9999.5,"eco2D_Plankton_C_014","C Biomass - Popn. #014 (190.00 micron zooplankton)","mmol C m^-3",1.28849431124678e-10
"Russia",22,36,0.5,"eco2D_Plankton_C_015","C Biomass - Popn. #015 (600.00 micron zooplankton)","mmol C m^-3",0.125296741724014
"Russia",22,36,1.5,"eco2D_Plankton_C_015","C Biomass - Popn. #015 (600.00 micron zooplankton)","mmol C m^-3",0.00761266192421317
"Russia",22,36,4.5,"eco2D_Plankton_C_015","C Biomass - Popn. #015 (600.00 micron zooplankton)","mmol C m^-3",0.000138805073220283
"Russia",22,36,9.5,"eco2D_Plankton_C_015","C Biomass - Popn. #015 (600.00 micron zooplankton)","mmol C m^-3",8.78214336808014e-08
"Russia",22,36,19.5,"eco2D_Plankton_C_015","C Biomass - Popn. #015 (600.00 micron zooplankton)","mmol C m^-3",2.14750190963287e-08
"Russia",22,36,49.5,"eco2D_Plankton_C_015","C Biomass - Popn. #015 (600.00 micron zooplankton)","mmol C m^-3",1.76420833497559e-08
"Russia",22,36,99.5,"eco2D_Plankton_C_015","C Biomass - Popn. #015 (600.00 micron zooplankton)","mmol C m^-3",1.06860200688175e-08
"Russia",22,36,199.5,"eco2D_Plankton_C_015","C Biomass - Popn. #015 (600.00 micron zooplankton)","mmol C m^-3",2.47919795803853e-10
"Russia",22,36,499.5,"eco2D_Plankton_C_015","C Biomass - Popn. #015 (600.00 micron zooplankton)","mmol C m^-3",5.26902479980329e-11
"Russia",22,36,999.5,"eco2D_Plankton_C_015","C Biomass - Popn. #015 (600.00 micron zooplankton)","mmol C m^-3",2.8562126622167e-11
"Russia",22,36,1999.5,"eco2D_Plankton_C_015","C Biomass - Popn. #015 (600.00 micron zooplankton)","mmol C m^-3",2.18220753966936e-11
"Russia",22,36,4999.5,"eco2D_Plankton_C_015","C Biomass - Popn. #015 (600.00 micron zooplankton)","mmol C m^-3",2.13763937106926e-11
"Russia",22,36,9999.5,"eco2D_Plankton_C_015","C Biomass - Popn. #015 (600.00 micron zooplankton)","mmol C m^-3",2.14714340057709e-11
"Russia",22,36,0.5,"eco2D_Plankton_C_016","C Biomass - Popn. #016 (1900.00 micron zooplankton)","mmol C m^-3",0.00477088568732142
"Russia",22,36,1.5,"eco2D_Plankton_C_016","C Biomass - Popn. #016 (1900.00 micron zooplankton)","mmol C m^-3",5.60129137738841e-07
"Russia",22,36,4.5,"eco2D_Plankton_C_016","C Biomass - Popn. #016 (1900.00 micron zooplankton)","mmol C m^-3",8.6584989178462e-11
"Russia",22,36,9.5,"eco2D_Plankton_C_016","C Biomass - Popn. #016 (1900.00 micron zooplankton)","mmol C m^-3",7.93567503376558e-11
"Russia",22,36,19.5,"eco2D_Plankton_C_016","C Biomass - Popn. #016 (1900.00 micron zooplankton)","mmol C m^-3",6.81392234302969e-11
"Russia",22,36,49.5,"eco2D_Plankton_C_016","C Biomass - Popn. #016 (1900.00 micron zooplankton)","mmol C m^-3",6.58868237746191e-11
"Russia",22,36,99.5,"eco2D_Plankton_C_016","C Biomass - Popn. #016 (1900.00 micron zooplankton)","mmol C m^-3",6.58932214347985e-11
"Russia",22,36,199.5,"eco2D_Plankton_C_016","C Biomass - Popn. #016 (1900.00 micron zooplankton)","mmol C m^-3",2.86729962689636e-11
"Russia",22,36,499.5,"eco2D_Plankton_C_016","C Biomass - Popn. #016 (1900.00 micron zooplankton)","mmol C m^-3",1.31207423398338e-11
"Russia",22,36,999.5,"eco2D_Plankton_C_016","C Biomass - Popn. #016 (1900.00 micron zooplankton)","mmol C m^-3",7.99356587866118e-12
"Russia",22,36,1999.5,"eco2D_Plankton_C_016","C Biomass - Popn. #016 (1900.00 micron zooplankton)","mmol C m^-3",6.59454348767019e-12
"Russia",22,36,4999.5,"eco2D_Plankton_C_016","C Biomass - Popn. #016 (1900.00 micron zooplankton)","mmol C m^-3",6.51368238860361e-12
"Russia",22,36,9999.5,"eco2D_Plankton_C_016","C Biomass - Popn. #016 (1900.00 micron zooplankton)","mmol C m^-3",6.51465340006929e-12
"Russia",22,36,0.5,"eco2D_Plankton_C_Total","C Biomass - Total","mmol C m^-3",1.88827872276306
"Russia",22,36,1.5,"eco2D_Plankton_C_Total","C Biomass - Total","mmol C m^-3",1.97751724720001
"Russia",22,36,4.5,"eco2D_Plankton_C_Total","C Biomass - Total","mmol C m^-3",1.91899478435516
"Russia",22,36,9.5,"eco2D_Plankton_C_Total","C Biomass - Total","mmol C m^-3",2.18570232391357
"Russia",22,36,19.5,"eco2D_Plankton_C_Total","C Biomass - Total","mmol C m^-3",2.05423903465271
"Russia",22,36,49.5,"eco2D_Plankton_C_Total","C Biomass - Total","mmol C m^-3",2.07946610450745
"Russia",22,36,99.5,"eco2D_Plankton_C_Total","C Biomass - Total","mmol C m^-3",2.40563035011292
"Russia",22,36,199.5,"eco2D_Plankton_C_Total","C Biomass - Total","mmol C m^-3",2.06350803375244
"Russia",22,36,499.5,"eco2D_Plankton_C_Total","C Biomass - Total","mmol C m^-3",1.67654693126678
"Russia",22,36,999.5,"eco2D_Plankton_C_Total","C Biomass - Total","mmol C m^-3",1.86172497272491
"Russia",22,36,1999.5,"eco2D_Plankton_C_Total","C Biomass - Total","mmol C m^-3",1.71921575069427
"Russia",22,36,4999.5,"eco2D_Plankton_C_Total","C Biomass - Total","mmol C m^-3",1.66988551616669
"Russia",22,36,9999.5,"eco2D_Plankton_C_Total","C Biomass - Total","mmol C m^-3",1.68611514568329
"Russia",22,36,0.5,"eco2D_Uptake_Fluxes_C","Uptake Fluxes C","mmol C m^-3 d^-1",0.333707720041275
"Russia",22,36,1.5,"eco2D_Uptake_Fluxes_C","Uptake Fluxes C","mmol C m^-3 d^-1",0.351874798536301
"Russia",22,36,4.5,"eco2D_Uptake_Fluxes_C","Uptake Fluxes C","mmol C m^-3 d^-1",0.339872777462006
"Russia",22,36,9.5,"eco2D_Uptake_Fluxes_C","Uptake Fluxes C","mmol C m^-3 d^-1",0.36700963973999
"Russia",22,36,19.5,"eco2D_Uptake_Fluxes_C","Uptake Fluxes C","mmol C m^-3 d^-1",0.366871535778046
"Russia",22,36,49.5,"eco2D_Uptake_Fluxes_C","Uptake Fluxes C","mmol C m^-3 d^-1",0.368148595094681
"Russia",22,36,99.5,"eco2D_Uptake_Fluxes_C","Uptake Fluxes C","mmol C m^-3 d^-1",0.36052942276001
"Russia",22,36,199.5,"eco2D_Uptake_Fluxes_C","Uptake Fluxes C","mmol C m^-3 d^-1",0.344271272420883
"Russia",22,36,499.5,"eco2D_Uptake_Fluxes_C","Uptake Fluxes C","mmol C m^-3 d^-1",0.28084871172905
"Russia",22,36,999.5,"eco2D_Uptake_Fluxes_C","Uptake Fluxes C","mmol C m^-3 d^-1",0.263816624879837
"Russia",22,36,1999.5,"eco2D_Uptake_Fluxes_C","Uptake Fluxes C","mmol C m^-3 d^-1",0.226254850625992
"Russia",22,36,4999.5,"eco2D_Uptake_Fluxes_C","Uptake Fluxes C","mmol C m^-3 d^-1",0.221432864665985
"Russia",22,36,9999.5,"eco2D_Uptake_Fluxes_C","Uptake Fluxes C","mmol C m^-3 d^-1",0.222156062722206
"Russia",22,36,0.5,"eco2D_Plankton_P_001","P Biomass - Popn. #001 (0.60 micron phytoplankton)","mmol P m^-3",9.37832010095008e-05
"Russia",22,36,1.5,"eco2D_Plankton_P_001","P Biomass - Popn. #001 (0.60 micron phytoplankton)","mmol P m^-3",2.17502861232788e-06
"Russia",22,36,4.5,"eco2D_Plankton_P_001","P Biomass - Popn. #001 (0.60 micron phytoplankton)","mmol P m^-3",3.3764022133731e-10
"Russia",22,36,9.5,"eco2D_Plankton_P_001","P Biomass - Popn. #001 (0.60 micron phytoplankton)","mmol P m^-3",3.3040143537777e-11
"Russia",22,36,19.5,"eco2D_Plankton_P_001","P Biomass - Popn. #001 (0.60 micron phytoplankton)","mmol P m^-3",1.79434037073101e-11
"Russia",22,36,49.5,"eco2D_Plankton_P_001","P Biomass - Popn. #001 (0.60 micron phytoplankton)","mmol P m^-3",1.72151251587316e-11
"Russia",22,36,99.5,"eco2D_Plankton_P_001","P Biomass - Popn. #001 (0.60 micron phytoplankton)","mmol P m^-3",8.59334652048016e-12
"Russia",22,36,199.5,"eco2D_Plankton_P_001","P Biomass - Popn. #001 (0.60 micron phytoplankton)","mmol P m^-3",2.36956071084093e-12
"Russia",22,36,499.5,"eco2D_Plankton_P_001","P Biomass - Popn. #001 (0.60 micron phytoplankton)","mmol P m^-3",1.21152588829221e-12
"Russia",22,36,999.5,"eco2D_Plankton_P_001","P Biomass - Popn. #001 (0.60 micron phytoplankton)","mmol P m^-3",7.48164713775673e-13
"Russia",22,36,1999.5,"eco2D_Plankton_P_001","P Biomass - Popn. #001 (0.60 micron phytoplankton)","mmol P m^-3",6.52214773074616e-13
"Russia",22,36,4999.5,"eco2D_Plankton_P_001","P Biomass - Popn. #001 (0.60 micron phytoplankton)","mmol P m^-3",6.21504312858095e-13
"Russia",22,36,9999.5,"eco2D_Plankton_P_001","P Biomass - Popn. #001 (0.60 micron phytoplankton)","mmol P m^-3",6.50605871260757e-13
"Russia",22,36,0.5,"eco2D_xGamma_P_001","P Limitation - Popn. #001 (0.60 micron phytoplankton)","mmol P m^-3",0.993898749351501
"Russia",22,36,1.5,"eco2D_xGamma_P_001","P Limitation - Popn. #001 (0.60 micron phytoplankton)","mmol P m^-3",0.993971884250641
"Russia",22,36,4.5,"eco2D_xGamma_P_001","P Limitation - Popn. #001 (0.60 micron phytoplankton)","mmol P m^-3",0.993664801120758
"Russia",22,36,9.5,"eco2D_xGamma_P_001","P Limitation - Popn. #001 (0.60 micron phytoplankton)","mmol P m^-3",0.993471205234528
"Russia",22,36,19.5,"eco2D_xGamma_P_001","P Limitation - Popn. #001 (0.60 micron phytoplankton)","mmol P m^-3",0.993387997150421
"Russia",22,36,49.5,"eco2D_xGamma_P_001","P Limitation - Popn. #001 (0.60 micron phytoplankton)","mmol P m^-3",0.993381083011627
"Russia",22,36,99.5,"eco2D_xGamma_P_001","P Limitation - Popn. #001 (0.60 micron phytoplankton)","mmol P m^-3",0.991764843463898
"Russia",22,36,199.5,"eco2D_xGamma_P_001","P Limitation - Popn. #001 (0.60 micron phytoplankton)","mmol P m^-3",0.992702722549438
"Russia",22,36,499.5,"eco2D_xGamma_P_001","P Limitation - Popn. #001 (0.60 micron phytoplankton)","mmol P m^-3",0.992976605892181
"Russia",22,36,999.5,"eco2D_xGamma_P_001","P Limitation - Popn. #001 (0.60 micron phytoplankton)","mmol P m^-3",0.986741602420807
"Russia",22,36,1999.5,"eco2D_xGamma_P_001","P Limitation - Popn. #001 (0.60 micron phytoplankton)","mmol P m^-3",0.98362272977829
"Russia",22,36,4999.5,"eco2D_xGamma_P_001","P Limitation - Popn. #001 (0.60 micron phytoplankton)","mmol P m^-3",0.983985245227814
"Russia",22,36,9999.5,"eco2D_xGamma_P_001","P Limitation - Popn. #001 (0.60 micron phytoplankton)","mmol P m^-3",0.983610272407532
"Russia",22,36,0.5,"eco2D_Plankton_P_002","P Biomass - Popn. #002 (1.90 micron phytoplankton)","mmol P m^-3",0.000764674274250865
"Russia",22,36,1.5,"eco2D_Plankton_P_002","P Biomass - Popn. #002 (1.90 micron phytoplankton)","mmol P m^-3",0.000640726357232779
"Russia",22,36,4.5,"eco2D_Plankton_P_002","P Biomass - Popn. #002 (1.90 micron phytoplankton)","mmol P m^-3",0.000691347115207464
"Russia",22,36,9.5,"eco2D_Plankton_P_002","P Biomass - Popn. #002 (1.90 micron phytoplankton)","mmol P m^-3",0.000713498040568084
"Russia",22,36,19.5,"eco2D_Plankton_P_002","P Biomass - Popn. #002 (1.90 micron phytoplankton)","mmol P m^-3",0.000714150897692889
"Russia",22,36,49.5,"eco2D_Plankton_P_002","P Biomass - Popn. #002 (1.90 micron phytoplankton)","mmol P m^-3",0.000714675872586668
"Russia",22,36,99.5,"eco2D_Plankton_P_002","P Biomass - Popn. #002 (1.90 micron phytoplankton)","mmol P m^-3",0.0009001882863231
"Russia",22,36,199.5,"eco2D_Plankton_P_002","P Biomass - Popn. #002 (1.90 micron phytoplankton)","mmol P m^-3",0.000663665647152811
"Russia",22,36,499.5,"eco2D_Plankton_P_002","P Biomass - Popn. #002 (1.90 micron phytoplankton)","mmol P m^-3",0.000452818407211453
"Russia",22,36,999.5,"eco2D_Plankton_P_002","P Biomass - Popn. #002 (1.90 micron phytoplankton)","mmol P m^-3",0.000247284187935293
"Russia",22,36,1999.5,"eco2D_Plankton_P_002","P Biomass - Popn. #002 (1.90 micron phytoplankton)","mmol P m^-3",0.000201818329514936
"Russia",22,36,4999.5,"eco2D_Plankton_P_002","P Biomass - Popn. #002 (1.90 micron phytoplankton)","mmol P m^-3",0.000185216369573027
"Russia",22,36,9999.5,"eco2D_Plankton_P_002","P Biomass - Popn. #002 (1.90 micron phytoplankton)","mmol P m^-3",0.000203500705538318
"Russia",22,36,0.5,"eco2D_xGamma_P_002","P Limitation - Popn. #002 (1.90 micron phytoplankton)","mmol P m^-3",0.983605742454529
"Russia",22,36,1.5,"eco2D_xGamma_P_002","P Limitation - Popn. #002 (1.90 micron phytoplankton)","mmol P m^-3",0.983517646789551
"Russia",22,36,4.5,"eco2D_xGamma_P_002","P Limitation - Popn. #002 (1.90 micron phytoplankton)","mmol P m^-3",0.98221617937088
"Russia",22,36,9.5,"eco2D_xGamma_P_002","P Limitation - Popn. #002 (1.90 micron phytoplankton)","mmol P m^-3",0.981550812721252
"Russia",22,36,19.5,"eco2D_xGamma_P_002","P Limitation - Popn. #002 (1.90 micron phytoplankton)","mmol P m^-3",0.980921447277069
"Russia",22,36,49.5,"eco2D_xGamma_P_002","P Limitation - Popn. #002 (1.90 micron phytoplankton)","mmol P m^-3",0.980792999267578
"Russia",22,36,99.5,"eco2D_xGamma_P_002","P Limitation - Popn. #002 (1.90 micron phytoplankton)","mmol P m^-3",0.975402414798737
"Russia",22,36,199.5,"eco2D_xGamma_P_002","P Limitation - Popn. #002 (1.90 micron phytoplankton)","mmol P m^-3",0.975015223026276
"Russia",22,36,499.5,"eco2D_xGamma_P_002","P Limitation - Popn. #002 (1.90 micron phytoplankton)","mmol P m^-3",0.968093514442444
"Russia",22,36,999.5,"eco2D_xGamma_P_002","P Limitation - Popn. #002 (1.90 micron phytoplankton)","mmol P m^-3",0.945292532444
"Russia",22,36,1999.5,"eco2D_xGamma_P_002","P Limitation - Popn. #002 (1.90 micron phytoplankton)","mmol P m^-3",0.935289919376373
"Russia",22,36,4999.5,"eco2D_xGamma_P_002","P Limitation - Popn. #002 (1.90 micron phytoplankton)","mmol P m^-3",0.935707211494446
"Russia",22,36,9999.5,"eco2D_xGamma_P_002","P Limitation - Popn. #002 (1.90 micron phytoplankton)","mmol P m^-3",0.934601724147797
"Russia",22,36,0.5,"eco2D_Plankton_P_003","P Biomass - Popn. #003 (6.00 micron phytoplankton)","mmol P m^-3",0.00284809665754437
"Russia",22,36,1.5,"eco2D_Plankton_P_003","P Biomass - Popn. #003 (6.00 micron phytoplankton)","mmol P m^-3",0.00896805245429277
"Russia",22,36,4.5,"eco2D_Plankton_P_003","P Biomass - Popn. #003 (6.00 micron phytoplankton)","mmol P m^-3",0.00740371365100145
"Russia",22,36,9.5,"eco2D_Plankton_P_003","P Biomass - Popn. #003 (6.00 micron phytoplankton)","mmol P m^-3",0.00928362552076578
"Russia",22,36,19.5,"eco2D_Plankton_P_003","P Biomass - Popn. #003 (6.00 micron phytoplankton)","mmol P m^-3",0.00592024344950914
"Russia",22,36,49.5,"eco2D_Plankton_P_003","P Biomass - Popn. #003 (6.00 micron phytoplankton)","mmol P m^-3",0.00619821064174175
"Russia",22,36,99.5,"eco2D_Plankton_P_003","P Biomass - Popn. #003 (6.00 micron phytoplankton)","mmol P m^-3",0.00752578722313046
"Russia",22,36,199.5,"eco2D_Plankton_P_003","P Biomass - Popn. #003 (6.00 micron phytoplankton)","mmol P m^-3",0.00838604476302862
"Russia",22,36,499.5,"eco2D_Plankton_P_003","P Biomass - Popn. #003 (6.00 micron phytoplankton)","mmol P m^-3",0.00893366895616055
"Russia",22,36,999.5,"eco2D_Plankton_P_003","P Biomass - Popn. #003 (6.00 micron phytoplankton)","mmol P m^-3",0.0113518182188272
"Russia",22,36,1999.5,"eco2D_Plankton_P_003","P Biomass - Popn. #003 (6.00 micron phytoplankton)","mmol P m^-3",0.00883130077272654
"Russia",22,36,4999.5,"eco2D_Plankton_P_003","P Biomass - Popn. #003 (6.00 micron phytoplankton)","mmol P m^-3",0.00855392310768366
"Russia",22,36,9999.5,"eco2D_Plankton_P_003","P Biomass - Popn. #003 (6.00 micron phytoplankton)","mmol P m^-3",0.008576943539083
"Russia",22,36,0.5,"eco2D_xGamma_P_003","P Limitation - Popn. #003 (6.00 micron phytoplankton)","mmol P m^-3",0.972665429115295
"Russia",22,36,1.5,"eco2D_xGamma_P_003","P Limitation - Popn. #003 (6.00 micron phytoplankton)","mmol P m^-3",0.970747888088226
"Russia",22,36,4.5,"eco2D_xGamma_P_003","P Limitation - Popn. #003 (6.00 micron phytoplankton)","mmol P m^-3",0.971180081367493
"Russia",22,36,9.5,"eco2D_xGamma_P_003","P Limitation - Popn. #003 (6.00 micron phytoplankton)","mmol P m^-3",0.970020413398743
"Russia",22,36,19.5,"eco2D_xGamma_P_003","P Limitation - Popn. #003 (6.00 micron phytoplankton)","mmol P m^-3",0.968416392803192
"Russia",22,36,49.5,"eco2D_xGamma_P_003","P Limitation - Popn. #003 (6.00 micron phytoplankton)","mmol P m^-3",0.967729985713959
"Russia",22,36,99.5,"eco2D_xGamma_P_003","P Limitation - Popn. #003 (6.00 micron phytoplankton)","mmol P m^-3",0.956255733966827
"Russia",22,36,199.5,"eco2D_xGamma_P_003","P Limitation - Popn. #003 (6.00 micron phytoplankton)","mmol P m^-3",0.941379845142365
"Russia",22,36,499.5,"eco2D_xGamma_P_003","P Limitation - Popn. #003 (6.00 micron phytoplankton)","mmol P m^-3",0.903751313686371
"Russia",22,36,999.5,"eco2D_xGamma_P_003","P Limitation - Popn. #003 (6.00 micron phytoplankton)","mmol P m^-3",0.881972253322601
"Russia",22,36,1999.5,"eco2D_xGamma_P_003","P Limitation - Popn. #003 (6.00 micron phytoplankton)","mmol P m^-3",0.863928139209747
"Russia",22,36,4999.5,"eco2D_xGamma_P_003","P Limitation - Popn. #003 (6.00 micron phytoplankton)","mmol P m^-3",0.864898264408112
"Russia",22,36,9999.5,"eco2D_xGamma_P_003","P Limitation - Popn. #003 (6.00 micron phytoplankton)","mmol P m^-3",0.86225438117981
"Russia",22,36,0.5,"eco2D_Plankton_P_004","P Biomass - Popn. #004 (19.00 micron phytoplankton)","mmol P m^-3",0.00177334877662361
"Russia",22,36,1.5,"eco2D_Plankton_P_004","P Biomass - Popn. #004 (19.00 micron phytoplankton)","mmol P m^-3",0.00166893762070686
"Russia",22,36,4.5,"eco2D_Plankton_P_004","P Biomass - Popn. #004 (19.00 micron phytoplankton)","mmol P m^-3",0.00174728082492948
"Russia",22,36,9.5,"eco2D_Plankton_P_004","P Biomass - Popn. #004 (19.00 micron phytoplankton)","mmol P m^-3",0.00184259796515107
"Russia",22,36,19.5,"eco2D_Plankton_P_004","P Biomass - Popn. #004 (19.00 micron phytoplankton)","mmol P m^-3",0.00188297044951469
"Russia",22,36,49.5,"eco2D_Plankton_P_004","P Biomass - Popn. #004 (19.00 micron phytoplankton)","mmol P m^-3",0.00187190470751375
"Russia",22,36,99.5,"eco2D_Plankton_P_004","P Biomass - Popn. #004 (19.00 micron phytoplankton)","mmol P m^-3",0.00238597230054438
"Russia",22,36,199.5,"eco2D_Plankton_P_004","P Biomass - Popn. #004 (19.00 micron phytoplankton)","mmol P m^-3",0.00164477422367781
"Russia",22,36,499.5,"eco2D_Plankton_P_004","P Biomass - Popn. #004 (19.00 micron phytoplankton)","mmol P m^-3",0.000845957431010902
"Russia",22,36,999.5,"eco2D_Plankton_P_004","P Biomass - Popn. #004 (19.00 micron phytoplankton)","mmol P m^-3",0.000516612897627056
"Russia",22,36,1999.5,"eco2D_Plankton_P_004","P Biomass - Popn. #004 (19.00 micron phytoplankton)","mmol P m^-3",9.67162995948456e-05
"Russia",22,36,4999.5,"eco2D_Plankton_P_004","P Biomass - Popn. #004 (19.00 micron phytoplankton)","mmol P m^-3",4.7948971769074e-05
"Russia",22,36,9999.5,"eco2D_Plankton_P_004","P Biomass - Popn. #004 (19.00 micron phytoplankton)","mmol P m^-3",6.28828711342067e-05
"Russia",22,36,0.5,"eco2D_xGamma_P_004","P Limitation - Popn. #004 (19.00 micron phytoplankton)","mmol P m^-3",0.978648543357849
"Russia",22,36,1.5,"eco2D_xGamma_P_004","P Limitation - Popn. #004 (19.00 micron phytoplankton)","mmol P m^-3",0.978152990341187
"Russia",22,36,4.5,"eco2D_xGamma_P_004","P Limitation - Popn. #004 (19.00 micron phytoplankton)","mmol P m^-3",0.976239919662476
"Russia",22,36,9.5,"eco2D_xGamma_P_004","P Limitation - Popn. #004 (19.00 micron phytoplankton)","mmol P m^-3",0.975206315517426
"Russia",22,36,19.5,"eco2D_xGamma_P_004","P Limitation - Popn. #004 (19.00 micron phytoplankton)","mmol P m^-3",0.974077880382538
"Russia",22,36,49.5,"eco2D_xGamma_P_004","P Limitation - Popn. #004 (19.00 micron phytoplankton)","mmol P m^-3",0.972558438777924
"Russia",22,36,99.5,"eco2D_xGamma_P_004","P Limitation - Popn. #004 (19.00 micron phytoplankton)","mmol P m^-3",0.959210753440857
"Russia",22,36,199.5,"eco2D_xGamma_P_004","P Limitation - Popn. #004 (19.00 micron phytoplankton)","mmol P m^-3",0.92631858587265
"Russia",22,36,499.5,"eco2D_xGamma_P_004","P Limitation - Popn. #004 (19.00 micron phytoplankton)","mmol P m^-3",0.869964182376862
"Russia",22,36,999.5,"eco2D_xGamma_P_004","P Limitation - Popn. #004 (19.00 micron phytoplankton)","mmol P m^-3",0.845492482185364
"Russia",22,36,1999.5,"eco2D_xGamma_P_004","P Limitation - Popn. #004 (19.00 micron phytoplankton)","mmol P m^-3",0.824587106704712
"Russia",22,36,4999.5,"eco2D_xGamma_P_004","P Limitation - Popn. #004 (19.00 micron phytoplankton)","mmol P m^-3",0.827044010162354
"Russia",22,36,9999.5,"eco2D_xGamma_P_004","P Limitation - Popn. #004 (19.00 micron phytoplankton)","mmol P m^-3",0.822503209114075
"Russia",22,36,0.5,"eco2D_Plankton_P_005","P Biomass - Popn. #005 (60.00 micron phytoplankton)","mmol P m^-3",0.00151475006714463
"Russia",22,36,1.5,"eco2D_Plankton_P_005","P Biomass - Popn. #005 (60.00 micron phytoplankton)","mmol P m^-3",0.00132975610904396
"Russia",22,36,4.5,"eco2D_Plankton_P_005","P Biomass - Popn. #005 (60.00 micron phytoplankton)","mmol P m^-3",0.00139164691790938
"Russia",22,36,9.5,"eco2D_Plankton_P_005","P Biomass - Popn. #005 (60.00 micron phytoplankton)","mmol P m^-3",0.00144962314516306
"Russia",22,36,19.5,"eco2D_Plankton_P_005","P Biomass - Popn. #005 (60.00 micron phytoplankton)","mmol P m^-3",0.00142343842890114
"Russia",22,36,49.5,"eco2D_Plankton_P_005","P Biomass - Popn. #005 (60.00 micron phytoplankton)","mmol P m^-3",0.00139501376543194
"Russia",22,36,99.5,"eco2D_Plankton_P_005","P Biomass - Popn. #005 (60.00 micron phytoplankton)","mmol P m^-3",0.00171720189973712
"Russia",22,36,199.5,"eco2D_Plankton_P_005","P Biomass - Popn. #005 (60.00 micron phytoplankton)","mmol P m^-3",0.000754049222450703
"Russia",22,36,499.5,"eco2D_Plankton_P_005","P Biomass - Popn. #005 (60.00 micron phytoplankton)","mmol P m^-3",1.51945886428528e-10
"Russia",22,36,999.5,"eco2D_Plankton_P_005","P Biomass - Popn. #005 (60.00 micron phytoplankton)","mmol P m^-3",2.77210155871788e-12
"Russia",22,36,1999.5,"eco2D_Plankton_P_005","P Biomass - Popn. #005 (60.00 micron phytoplankton)","mmol P m^-3",1.08834545108766e-12
"Russia",22,36,4999.5,"eco2D_Plankton_P_005","P Biomass - Popn. #005 (60.00 micron phytoplankton)","mmol P m^-3",1.03024674295155e-12
"Russia",22,36,9999.5,"eco2D_Plankton_P_005","P Biomass - Popn. #005 (60.00 micron phytoplankton)","mmol P m^-3",1.03372800770718e-12
"Russia",22,36,0.5,"eco2D_xGamma_P_005","P Limitation - Popn. #005 (60.00 micron phytoplankton)","mmol P m^-3",0.975797474384308
"Russia",22,36,1.5,"eco2D_xGamma_P_005","P Limitation - Popn. #005 (60.00 micron phytoplankton)","mmol P m^-3",0.975000560283661
"Russia",22,36,4.5,"eco2D_xGamma_P_005","P Limitation - Popn. #005 (60.00 micron phytoplankton)","mmol P m^-3",0.973050951957703
"Russia",22,36,9.5,"eco2D_xGamma_P_005","P Limitation - Popn. #005 (60.00 micron phytoplankton)","mmol P m^-3",0.971888422966003
"Russia",22,36,19.5,"eco2D_xGamma_P_005","P Limitation - Popn. #005 (60.00 micron phytoplankton)","mmol P m^-3",0.970834136009216
"Russia",22,36,49.5,"eco2D_xGamma_P_005","P Limitation - Popn. #005 (60.00 micron phytoplankton)","mmol P m^-3",0.967883825302124
"Russia",22,36,99.5,"eco2D_xGamma_P_005","P Limitation - Popn. #005 (60.00 micron phytoplankton)","mmol P m^-3",0.948062062263489
"Russia",22,36,199.5,"eco2D_xGamma_P_005","P Limitation - Popn. #005 (60.00 micron phytoplankton)","mmol P m^-3",0.892042458057404
"Russia",22,36,499.5,"eco2D_xGamma_P_005","P Limitation - Popn. #005 (60.00 micron phytoplankton)","mmol P m^-3",0.826750457286835
"Russia",22,36,999.5,"eco2D_xGamma_P_005","P Limitation - Popn. #005 (60.00 micron phytoplankton)","mmol P m^-3",0.80182147026062
"Russia",22,36,1999.5,"eco2D_xGamma_P_005","P Limitation - Popn. #005 (60.00 micron phytoplankton)","mmol P m^-3",0.777545094490051
"Russia",22,36,4999.5,"eco2D_xGamma_P_005","P Limitation - Popn. #005 (60.00 micron phytoplankton)","mmol P m^-3",0.78174889087677
"Russia",22,36,9999.5,"eco2D_xGamma_P_005","P Limitation - Popn. #005 (60.00 micron phytoplankton)","mmol P m^-3",0.775080800056458
"Russia",22,36,0.5,"eco2D_Plankton_P_006","P Biomass - Popn. #006 (190.00 micron phytoplankton)","mmol P m^-3",0.00142529478762299
"Russia",22,36,1.5,"eco2D_Plankton_P_006","P Biomass - Popn. #006 (190.00 micron phytoplankton)","mmol P m^-3",0.000981592922471464
"Russia",22,36,4.5,"eco2D_Plankton_P_006","P Biomass - Popn. #006 (190.00 micron phytoplankton)","mmol P m^-3",0.00119362387340516
"Russia",22,36,9.5,"eco2D_Plankton_P_006","P Biomass - Popn. #006 (190.00 micron phytoplankton)","mmol P m^-3",0.00117395771667361
"Russia",22,36,19.5,"eco2D_Plankton_P_006","P Biomass - Popn. #006 (190.00 micron phytoplankton)","mmol P m^-3",0.0010191168403253
"Russia",22,36,49.5,"eco2D_Plankton_P_006","P Biomass - Popn. #006 (190.00 micron phytoplankton)","mmol P m^-3",0.000947228341829032
"Russia",22,36,99.5,"eco2D_Plankton_P_006","P Biomass - Popn. #006 (190.00 micron phytoplankton)","mmol P m^-3",0.00104417919646949
"Russia",22,36,199.5,"eco2D_Plankton_P_006","P Biomass - Popn. #006 (190.00 micron phytoplankton)","mmol P m^-3",8.98174590258094e-12
"Russia",22,36,499.5,"eco2D_Plankton_P_006","P Biomass - Popn. #006 (190.00 micron phytoplankton)","mmol P m^-3",4.84084885891967e-13
"Russia",22,36,999.5,"eco2D_Plankton_P_006","P Biomass - Popn. #006 (190.00 micron phytoplankton)","mmol P m^-3",2.57786711898786e-13
"Russia",22,36,1999.5,"eco2D_Plankton_P_006","P Biomass - Popn. #006 (190.00 micron phytoplankton)","mmol P m^-3",1.85798669201723e-13
"Russia",22,36,4999.5,"eco2D_Plankton_P_006","P Biomass - Popn. #006 (190.00 micron phytoplankton)","mmol P m^-3",1.81759501113182e-13
"Russia",22,36,9999.5,"eco2D_Plankton_P_006","P Biomass - Popn. #006 (190.00 micron phytoplankton)","mmol P m^-3",1.8188165004044e-13
"Russia",22,36,0.5,"eco2D_xGamma_P_006","P Limitation - Popn. #006 (190.00 micron phytoplankton)","mmol P m^-3",0.957141160964966
"Russia",22,36,1.5,"eco2D_xGamma_P_006","P Limitation - Popn. #006 (190.00 micron phytoplankton)","mmol P m^-3",0.955502927303314
"Russia",22,36,4.5,"eco2D_xGamma_P_006","P Limitation - Popn. #006 (190.00 micron phytoplankton)","mmol P m^-3",0.95237809419632
"Russia",22,36,9.5,"eco2D_xGamma_P_006","P Limitation - Popn. #006 (190.00 micron phytoplankton)","mmol P m^-3",0.950361013412476
"Russia",22,36,19.5,"eco2D_xGamma_P_006","P Limitation - Popn. #006 (190.00 micron phytoplankton)","mmol P m^-3",0.948825657367706
"Russia",22,36,49.5,"eco2D_xGamma_P_006","P Limitation - Popn. #006 (190.00 micron phytoplankton)","mmol P m^-3",0.942771911621094
"Russia",22,36,99.5,"eco2D_xGamma_P_006","P Limitation - Popn. #006 (190.00 micron phytoplankton)","mmol P m^-3",0.905645072460175
"Russia",22,36,199.5,"eco2D_xGamma_P_006","P Limitation - Popn. #006 (190.00 micron phytoplankton)","mmol P m^-3",0.817008256912231
"Russia",22,36,499.5,"eco2D_xGamma_P_006","P Limitation - Popn. #006 (190.00 micron phytoplankton)","mmol P m^-3",0.755359590053558
"Russia",22,36,999.5,"eco2D_xGamma_P_006","P Limitation - Popn. #006 (190.00 micron phytoplankton)","mmol P m^-3",0.728889286518097
"Russia",22,36,1999.5,"eco2D_xGamma_P_006","P Limitation - Popn. #006 (190.00 micron phytoplankton)","mmol P m^-3",0.698403716087341
"Russia",22,36,4999.5,"eco2D_xGamma_P_006","P Limitation - Popn. #006 (190.00 micron phytoplankton)","mmol P m^-3",0.703626692295074
"Russia",22,36,9999.5,"eco2D_xGamma_P_006","P Limitation - Popn. #006 (190.00 micron phytoplankton)","mmol P m^-3",0.695363581180573
"Russia",22,36,0.5,"eco2D_Plankton_P_007","P Biomass - Popn. #007 (600.00 micron phytoplankton)","mmol P m^-3",0.000729742634575814
"Russia",22,36,1.5,"eco2D_Plankton_P_007","P Biomass - Popn. #007 (600.00 micron phytoplankton)","mmol P m^-3",4.49716535513289e-05
"Russia",22,36,4.5,"eco2D_Plankton_P_007","P Biomass - Popn. #007 (600.00 micron phytoplankton)","mmol P m^-3",1.21387259355288e-07
"Russia",22,36,9.5,"eco2D_Plankton_P_007","P Biomass - Popn. #007 (600.00 micron phytoplankton)","mmol P m^-3",6.19066187201867e-11
"Russia",22,36,19.5,"eco2D_Plankton_P_007","P Biomass - Popn. #007 (600.00 micron phytoplankton)","mmol P m^-3",2.860237741098e-11
"Russia",22,36,49.5,"eco2D_Plankton_P_007","P Biomass - Popn. #007 (600.00 micron phytoplankton)","mmol P m^-3",1.96055602308398e-11
"Russia",22,36,99.5,"eco2D_Plankton_P_007","P Biomass - Popn. #007 (600.00 micron phytoplankton)","mmol P m^-3",3.75342769018405e-12
"Russia",22,36,199.5,"eco2D_Plankton_P_007","P Biomass - Popn. #007 (600.00 micron phytoplankton)","mmol P m^-3",3.585343014232e-13
"Russia",22,36,499.5,"eco2D_Plankton_P_007","P Biomass - Popn. #007 (600.00 micron phytoplankton)","mmol P m^-3",1.6200498516479e-13
"Russia",22,36,999.5,"eco2D_Plankton_P_007","P Biomass - Popn. #007 (600.00 micron phytoplankton)","mmol P m^-3",1.02552230487989e-13
"Russia",22,36,1999.5,"eco2D_Plankton_P_007","P Biomass - Popn. #007 (600.00 micron phytoplankton)","mmol P m^-3",7.84445072917958e-14
"Russia",22,36,4999.5,"eco2D_Plankton_P_007","P Biomass - Popn. #007 (600.00 micron phytoplankton)","mmol P m^-3",7.74408477881988e-14
"Russia",22,36,9999.5,"eco2D_Plankton_P_007","P Biomass - Popn. #007 (600.00 micron phytoplankton)","mmol P m^-3",7.70251714515315e-14
"Russia",22,36,0.5,"eco2D_xGamma_P_007","P Limitation - Popn. #007 (600.00 micron phytoplankton)","mmol P m^-3",0.907523453235626
"Russia",22,36,1.5,"eco2D_xGamma_P_007","P Limitation - Popn. #007 (600.00 micron phytoplankton)","mmol P m^-3",0.905207812786102
"Russia",22,36,4.5,"eco2D_xGamma_P_007","P Limitation - Popn. #007 (600.00 micron phytoplankton)","mmol P m^-3",0.899453938007355
"Russia",22,36,9.5,"eco2D_xGamma_P_007","P Limitation - Popn. #007 (600.00 micron phytoplankton)","mmol P m^-3",0.895139634609222
"Russia",22,36,19.5,"eco2D_xGamma_P_007","P Limitation - Popn. #007 (600.00 micron phytoplankton)","mmol P m^-3",0.892529308795929
"Russia",22,36,49.5,"eco2D_xGamma_P_007","P Limitation - Popn. #007 (600.00 micron phytoplankton)","mmol P m^-3",0.88058203458786
"Russia",22,36,99.5,"eco2D_xGamma_P_007","P Limitation - Popn. #007 (600.00 micron phytoplankton)","mmol P m^-3",0.810551822185516
"Russia",22,36,199.5,"eco2D_xGamma_P_007","P Limitation - Popn. #007 (600.00 micron phytoplankton)","mmol P m^-3",0.697621941566467
"Russia",22,36,499.5,"eco2D_xGamma_P_007","P Limitation - Popn. #007 (600.00 micron phytoplankton)","mmol P m^-3",0.651468455791473
"Russia",22,36,999.5,"eco2D_xGamma_P_007","P Limitation - Popn. #007 (600.00 micron phytoplankton)","mmol P m^-3",0.61448073387146
"Russia",22,36,1999.5,"eco2D_xGamma_P_007","P Limitation - Popn. #007 (600.00 micron phytoplankton)","mmol P m^-3",0.571918308734894
"Russia",22,36,4999.5,"eco2D_xGamma_P_007","P Limitation - Popn. #007 (600.00 micron phytoplankton)","mmol P m^-3",0.576111078262329
"Russia",22,36,9999.5,"eco2D_xGamma_P_007","P Limitation - Popn. #007 (600.00 micron phytoplankton)","mmol P m^-3",0.567846238613129
"Russia",22,36,0.5,"eco2D_Plankton_P_008","P Biomass - Popn. #008 (1900.00 micron phytoplankton)","mmol P m^-3",5.12234691996127e-05
"Russia",22,36,1.5,"eco2D_Plankton_P_008","P Biomass - Popn. #008 (1900.00 micron phytoplankton)","mmol P m^-3",3.04417682173153e-08
"Russia",22,36,4.5,"eco2D_Plankton_P_008","P Biomass - Popn. #008 (1900.00 micron phytoplankton)","mmol P m^-3",8.59732424141058e-13
"Russia",22,36,9.5,"eco2D_Plankton_P_008","P Biomass - Popn. #008 (1900.00 micron phytoplankton)","mmol P m^-3",7.41992892908799e-13
"Russia",22,36,19.5,"eco2D_Plankton_P_008","P Biomass - Popn. #008 (1900.00 micron phytoplankton)","mmol P m^-3",6.3005140384445e-13
"Russia",22,36,49.5,"eco2D_Plankton_P_008","P Biomass - Popn. #008 (1900.00 micron phytoplankton)","mmol P m^-3",5.40452936310248e-13
"Russia",22,36,99.5,"eco2D_Plankton_P_008","P Biomass - Popn. #008 (1900.00 micron phytoplankton)","mmol P m^-3",3.59431939506855e-13
"Russia",22,36,199.5,"eco2D_Plankton_P_008","P Biomass - Popn. #008 (1900.00 micron phytoplankton)","mmol P m^-3",1.22091085071746e-13
"Russia",22,36,499.5,"eco2D_Plankton_P_008","P Biomass - Popn. #008 (1900.00 micron phytoplankton)","mmol P m^-3",6.73607220350037e-14
"Russia",22,36,999.5,"eco2D_Plankton_P_008","P Biomass - Popn. #008 (1900.00 micron phytoplankton)","mmol P m^-3",4.54924556955293e-14
"Russia",22,36,1999.5,"eco2D_Plankton_P_008","P Biomass - Popn. #008 (1900.00 micron phytoplankton)","mmol P m^-3",3.454637766717e-14
"Russia",22,36,4999.5,"eco2D_Plankton_P_008","P Biomass - Popn. #008 (1900.00 micron phytoplankton)","mmol P m^-3",3.41149228007612e-14
"Russia",22,36,9999.5,"eco2D_Plankton_P_008","P Biomass - Popn. #008 (1900.00 micron phytoplankton)","mmol P m^-3",3.38527627154542e-14
"Russia",22,36,0.5,"eco2D_xGamma_P_008","P Limitation - Popn. #008 (1900.00 micron phytoplankton)","mmol P m^-3",0.797084808349609
"Russia",22,36,1.5,"eco2D_xGamma_P_008","P Limitation - Popn. #008 (1900.00 micron phytoplankton)","mmol P m^-3",0.802391946315765
"Russia",22,36,4.5,"eco2D_xGamma_P_008","P Limitation - Popn. #008 (1900.00 micron phytoplankton)","mmol P m^-3",0.792106449604034
"Russia",22,36,9.5,"eco2D_xGamma_P_008","P Limitation - Popn. #008 (1900.00 micron phytoplankton)","mmol P m^-3",0.783406615257263
"Russia",22,36,19.5,"eco2D_xGamma_P_008","P Limitation - Popn. #008 (1900.00 micron phytoplankton)","mmol P m^-3",0.779013574123383
"Russia",22,36,49.5,"eco2D_xGamma_P_008","P Limitation - Popn. #008 (1900.00 micron phytoplankton)","mmol P m^-3",0.759805858135223
"Russia",22,36,99.5,"eco2D_xGamma_P_008","P Limitation - Popn. #008 (1900.00 micron phytoplankton)","mmol P m^-3",0.649570345878601
"Russia",22,36,199.5,"eco2D_xGamma_P_008","P Limitation - Popn. #008 (1900.00 micron phytoplankton)","mmol P m^-3",0.540360152721405
"Russia",22,36,499.5,"eco2D_xGamma_P_008","P Limitation - Popn. #008 (1900.00 micron phytoplankton)","mmol P m^-3",0.499497920274734
"Russia",22,36,999.5,"eco2D_xGamma_P_008","P Limitation - Popn. #008 (1900.00 micron phytoplankton)","mmol P m^-3",0.440614640712738
"Russia",22,36,1999.5,"eco2D_xGamma_P_008","P Limitation - Popn. #008 (1900.00 micron phytoplankton)","mmol P m^-3",0.383012801408768
"Russia",22,36,4999.5,"eco2D_xGamma_P_008","P Limitation - Popn. #008 (1900.00 micron phytoplankton)","mmol P m^-3",0.383674591779709
"Russia",22,36,9999.5,"eco2D_xGamma_P_008","P Limitation - Popn. #008 (1900.00 micron phytoplankton)","mmol P m^-3",0.378043234348297
"Russia",22,36,0.5,"eco2D_Plankton_P_009","P Biomass - Popn. #009 (0.60 micron zooplankton)","mmol P m^-3",1.75812401721487e-05
"Russia",22,36,1.5,"eco2D_Plankton_P_009","P Biomass - Popn. #009 (0.60 micron zooplankton)","mmol P m^-3",3.24911042071108e-07
"Russia",22,36,4.5,"eco2D_Plankton_P_009","P Biomass - Popn. #009 (0.60 micron zooplankton)","mmol P m^-3",5.3595727855793e-09
"Russia",22,36,9.5,"eco2D_Plankton_P_009","P Biomass - Popn. #009 (0.60 micron zooplankton)","mmol P m^-3",4.30210711499512e-09
"Russia",22,36,19.5,"eco2D_Plankton_P_009","P Biomass - Popn. #009 (0.60 micron zooplankton)","mmol P m^-3",4.25551238691924e-09
"Russia",22,36,49.5,"eco2D_Plankton_P_009","P Biomass - Popn. #009 (0.60 micron zooplankton)","mmol P m^-3",4.34735536458675e-09
"Russia",22,36,99.5,"eco2D_Plankton_P_009","P Biomass - Popn. #009 (0.60 micron zooplankton)","mmol P m^-3",6.57843848839157e-11
"Russia",22,36,199.5,"eco2D_Plankton_P_009","P Biomass - Popn. #009 (0.60 micron zooplankton)","mmol P m^-3",5.11722433316208e-08
"Russia",22,36,499.5,"eco2D_Plankton_P_009","P Biomass - Popn. #009 (0.60 micron zooplankton)","mmol P m^-3",8.93906235432951e-06
"Russia",22,36,999.5,"eco2D_Plankton_P_009","P Biomass - Popn. #009 (0.60 micron zooplankton)","mmol P m^-3",3.79625703317288e-06
"Russia",22,36,1999.5,"eco2D_Plankton_P_009","P Biomass - Popn. #009 (0.60 micron zooplankton)","mmol P m^-3",7.32343607978692e-07
"Russia",22,36,4999.5,"eco2D_Plankton_P_009","P Biomass - Popn. #009 (0.60 micron zooplankton)","mmol P m^-3",6.70661393087357e-07
"Russia",22,36,9999.5,"eco2D_Plankton_P_009","P Biomass - Popn. #009 (0.60 micron zooplankton)","mmol P m^-3",6.21611263795785e-07
"Russia",22,36,0.5,"eco2D_Plankton_P_010","P Biomass - Popn. #010 (1.90 micron zooplankton)","mmol P m^-3",0.000387234787922353
"Russia",22,36,1.5,"eco2D_Plankton_P_010","P Biomass - Popn. #010 (1.90 micron zooplankton)","mmol P m^-3",0.000117568517453037
"Russia",22,36,4.5,"eco2D_Plankton_P_010","P Biomass - Popn. #010 (1.90 micron zooplankton)","mmol P m^-3",9.57829834078439e-05
"Russia",22,36,9.5,"eco2D_Plankton_P_010","P Biomass - Popn. #010 (1.90 micron zooplankton)","mmol P m^-3",0.000212282087886706
"Russia",22,36,19.5,"eco2D_Plankton_P_010","P Biomass - Popn. #010 (1.90 micron zooplankton)","mmol P m^-3",0.000582085747737437
"Russia",22,36,49.5,"eco2D_Plankton_P_010","P Biomass - Popn. #010 (1.90 micron zooplankton)","mmol P m^-3",0.000667048268951476
"Russia",22,36,99.5,"eco2D_Plankton_P_010","P Biomass - Popn. #010 (1.90 micron zooplankton)","mmol P m^-3",0.000269117794232443
"Russia",22,36,199.5,"eco2D_Plankton_P_010","P Biomass - Popn. #010 (1.90 micron zooplankton)","mmol P m^-3",0.000458829250419512
"Russia",22,36,499.5,"eco2D_Plankton_P_010","P Biomass - Popn. #010 (1.90 micron zooplankton)","mmol P m^-3",0.000342305254889652
"Russia",22,36,999.5,"eco2D_Plankton_P_010","P Biomass - Popn. #010 (1.90 micron zooplankton)","mmol P m^-3",0.000125232851132751
"Russia",22,36,1999.5,"eco2D_Plankton_P_010","P Biomass - Popn. #010 (1.90 micron zooplankton)","mmol P m^-3",9.23915358725935e-05
"Russia",22,36,4999.5,"eco2D_Plankton_P_010","P Biomass - Popn. #010 (1.90 micron zooplankton)","mmol P m^-3",9.2773356300313e-05
"Russia",22,36,9999.5,"eco2D_Plankton_P_010","P Biomass - Popn. #010 (1.90 micron zooplankton)","mmol P m^-3",9.28250374272466e-05
"Russia",22,36,0.5,"eco2D_Plankton_P_011","P Biomass - Popn. #011 (6.00 micron zooplankton)","mmol P m^-3",0.00107219011988491
"Russia",22,36,1.5,"eco2D_Plankton_P_011","P Biomass - Popn. #011 (6.00 micron zooplankton)","mmol P m^-3",0.000413273781305179
"Russia",22,36,4.5,"eco2D_Plankton_P_011","P Biomass - Popn. #011 (6.00 micron zooplankton)","mmol P m^-3",0.000372240639990196
"Russia",22,36,9.5,"eco2D_Plankton_P_011","P Biomass - Popn. #011 (6.00 micron zooplankton)","mmol P m^-3",0.000657142489217222
"Russia",22,36,19.5,"eco2D_Plankton_P_011","P Biomass - Popn. #011 (6.00 micron zooplankton)","mmol P m^-3",0.00146752048749477
"Russia",22,36,49.5,"eco2D_Plankton_P_011","P Biomass - Popn. #011 (6.00 micron zooplankton)","mmol P m^-3",0.00148140825331211
"Russia",22,36,99.5,"eco2D_Plankton_P_011","P Biomass - Popn. #011 (6.00 micron zooplankton)","mmol P m^-3",0.00127427489496768
"Russia",22,36,199.5,"eco2D_Plankton_P_011","P Biomass - Popn. #011 (6.00 micron zooplankton)","mmol P m^-3",0.00139446801040322
"Russia",22,36,499.5,"eco2D_Plankton_P_011","P Biomass - Popn. #011 (6.00 micron zooplankton)","mmol P m^-3",0.00106673990376294
"Russia",22,36,999.5,"eco2D_Plankton_P_011","P Biomass - Popn. #011 (6.00 micron zooplankton)","mmol P m^-3",0.000326262088492513
"Russia",22,36,1999.5,"eco2D_Plankton_P_011","P Biomass - Popn. #011 (6.00 micron zooplankton)","mmol P m^-3",0.000336846569553018
"Russia",22,36,4999.5,"eco2D_Plankton_P_011","P Biomass - Popn. #011 (6.00 micron zooplankton)","mmol P m^-3",0.000349591980921105
"Russia",22,36,9999.5,"eco2D_Plankton_P_011","P Biomass - Popn. #011 (6.00 micron zooplankton)","mmol P m^-3",0.000351088616298512
"Russia",22,36,0.5,"eco2D_Plankton_P_012","P Biomass - Popn. #012 (19.00 micron zooplankton)","mmol P m^-3",0.000874880526680499
"Russia",22,36,1.5,"eco2D_Plankton_P_012","P Biomass - Popn. #012 (19.00 micron zooplankton)","mmol P m^-3",0.000897430174518377
"Russia",22,36,4.5,"eco2D_Plankton_P_012","P Biomass - Popn. #012 (19.00 micron zooplankton)","mmol P m^-3",0.00095684255938977
"Russia",22,36,9.5,"eco2D_Plankton_P_012","P Biomass - Popn. #012 (19.00 micron zooplankton)","mmol P m^-3",0.000962718448136002
"Russia",22,36,19.5,"eco2D_Plankton_P_012","P Biomass - Popn. #012 (19.00 micron zooplankton)","mmol P m^-3",0.00102075410541147
"Russia",22,36,49.5,"eco2D_Plankton_P_012","P Biomass - Popn. #012 (19.00 micron zooplankton)","mmol P m^-3",0.00102084432728589
"Russia",22,36,99.5,"eco2D_Plankton_P_012","P Biomass - Popn. #012 (19.00 micron zooplankton)","mmol P m^-3",0.00124515686184168
"Russia",22,36,199.5,"eco2D_Plankton_P_012","P Biomass - Popn. #012 (19.00 micron zooplankton)","mmol P m^-3",0.00116135727148503
"Russia",22,36,499.5,"eco2D_Plankton_P_012","P Biomass - Popn. #012 (19.00 micron zooplankton)","mmol P m^-3",0.000862782821059227
"Russia",22,36,999.5,"eco2D_Plankton_P_012","P Biomass - Popn. #012 (19.00 micron zooplankton)","mmol P m^-3",0.000782724469900131
"Russia",22,36,1999.5,"eco2D_Plankton_P_012","P Biomass - Popn. #012 (19.00 micron zooplankton)","mmol P m^-3",0.00051912188064307
"Russia",22,36,4999.5,"eco2D_Plankton_P_012","P Biomass - Popn. #012 (19.00 micron zooplankton)","mmol P m^-3",0.000496338587254286
"Russia",22,36,9999.5,"eco2D_Plankton_P_012","P Biomass - Popn. #012 (19.00 micron zooplankton)","mmol P m^-3",0.000509183504618704
"Russia",22,36,0.5,"eco2D_Plankton_P_013","P Biomass - Popn. #013 (60.00 micron zooplankton)","mmol P m^-3",0.00132529402617365
"Russia",22,36,1.5,"eco2D_Plankton_P_013","P Biomass - Popn. #013 (60.00 micron zooplankton)","mmol P m^-3",0.00133954314514995
"Russia",22,36,4.5,"eco2D_Plankton_P_013","P Biomass - Popn. #013 (60.00 micron zooplankton)","mmol P m^-3",0.00140638009179384
"Russia",22,36,9.5,"eco2D_Plankton_P_013","P Biomass - Popn. #013 (60.00 micron zooplankton)","mmol P m^-3",0.00146685005165637
"Russia",22,36,19.5,"eco2D_Plankton_P_013","P Biomass - Popn. #013 (60.00 micron zooplankton)","mmol P m^-3",0.0015140762552619
"Russia",22,36,49.5,"eco2D_Plankton_P_013","P Biomass - Popn. #013 (60.00 micron zooplankton)","mmol P m^-3",0.00151120056398213
"Russia",22,36,99.5,"eco2D_Plankton_P_013","P Biomass - Popn. #013 (60.00 micron zooplankton)","mmol P m^-3",0.00185572553891689
"Russia",22,36,199.5,"eco2D_Plankton_P_013","P Biomass - Popn. #013 (60.00 micron zooplankton)","mmol P m^-3",0.00149765645619482
"Russia",22,36,499.5,"eco2D_Plankton_P_013","P Biomass - Popn. #013 (60.00 micron zooplankton)","mmol P m^-3",0.000804550189059228
"Russia",22,36,999.5,"eco2D_Plankton_P_013","P Biomass - Popn. #013 (60.00 micron zooplankton)","mmol P m^-3",4.16297973870883e-09
"Russia",22,36,1999.5,"eco2D_Plankton_P_013","P Biomass - Popn. #013 (60.00 micron zooplankton)","mmol P m^-3",3.09517134144954e-10
"Russia",22,36,4999.5,"eco2D_Plankton_P_013","P Biomass - Popn. #013 (60.00 micron zooplankton)","mmol P m^-3",2.65145266853395e-10
"Russia",22,36,9999.5,"eco2D_Plankton_P_013","P Biomass - Popn. #013 (60.00 micron zooplankton)","mmol P m^-3",2.76308004254489e-10
"Russia",22,36,0.5,"eco2D_Plankton_P_014","P Biomass - Popn. #014 (190.00 micron zooplankton)","mmol P m^-3",0.00162027846090496
"Russia",22,36,1.5,"eco2D_Plankton_P_014","P Biomass - Popn. #014 (190.00 micron zooplankton)","mmol P m^-3",0.00137653108686209
"Russia",22,36,4.5,"eco2D_Plankton_P_014","P Biomass - Popn. #014 (190.00 micron zooplankton)","mmol P m^-3",0.00165228534024209
"Russia",22,36,9.5,"eco2D_Plankton_P_014","P Biomass - Popn. #014 (190.00 micron zooplankton)","mmol P m^-3",0.0016730532515794
"Russia",22,36,19.5,"eco2D_Plankton_P_014","P Biomass - Popn. #014 (190.00 micron zooplankton)","mmol P m^-3",0.00161293242126703
"Russia",22,36,49.5,"eco2D_Plankton_P_014","P Biomass - Popn. #014 (190.00 micron zooplankton)","mmol P m^-3",0.00158557016402483
"Russia",22,36,99.5,"eco2D_Plankton_P_014","P Biomass - Popn. #014 (190.00 micron zooplankton)","mmol P m^-3",0.00193821499124169
"Russia",22,36,199.5,"eco2D_Plankton_P_014","P Biomass - Popn. #014 (190.00 micron zooplankton)","mmol P m^-3",0.000638408586382866
"Russia",22,36,499.5,"eco2D_Plankton_P_014","P Biomass - Popn. #014 (190.00 micron zooplankton)","mmol P m^-3",3.83607832998845e-11
"Russia",22,36,999.5,"eco2D_Plankton_P_014","P Biomass - Popn. #014 (190.00 micron zooplankton)","mmol P m^-3",1.90562713178744e-12
"Russia",22,36,1999.5,"eco2D_Plankton_P_014","P Biomass - Popn. #014 (190.00 micron zooplankton)","mmol P m^-3",8.02051513312113e-13
"Russia",22,36,4999.5,"eco2D_Plankton_P_014","P Biomass - Popn. #014 (190.00 micron zooplankton)","mmol P m^-3",7.63414559432768e-13
"Russia",22,36,9999.5,"eco2D_Plankton_P_014","P Biomass - Popn. #014 (190.00 micron zooplankton)","mmol P m^-3",7.68929407993224e-13
"Russia",22,36,0.5,"eco2D_Plankton_P_015","P Biomass - Popn. #015 (600.00 micron zooplankton)","mmol P m^-3",0.000810984696727246
"Russia",22,36,1.5,"eco2D_Plankton_P_015","P Biomass - Popn. #015 (600.00 micron zooplankton)","mmol P m^-3",5.00904498039745e-05
"Russia",22,36,4.5,"eco2D_Plankton_P_015","P Biomass - Popn. #015 (600.00 micron zooplankton)","mmol P m^-3",9.1242213784426e-07
"Russia",22,36,9.5,"eco2D_Plankton_P_015","P Biomass - Popn. #015 (600.00 micron zooplankton)","mmol P m^-3",5.76618752745617e-10
"Russia",22,36,19.5,"eco2D_Plankton_P_015","P Biomass - Popn. #015 (600.00 micron zooplankton)","mmol P m^-3",1.40771616585766e-10
"Russia",22,36,49.5,"eco2D_Plankton_P_015","P Biomass - Popn. #015 (600.00 micron zooplankton)","mmol P m^-3",1.15352886964626e-10
"Russia",22,36,99.5,"eco2D_Plankton_P_015","P Biomass - Popn. #015 (600.00 micron zooplankton)","mmol P m^-3",6.92967766502406e-11
"Russia",22,36,199.5,"eco2D_Plankton_P_015","P Biomass - Popn. #015 (600.00 micron zooplankton)","mmol P m^-3",1.57147710642958e-12
"Russia",22,36,499.5,"eco2D_Plankton_P_015","P Biomass - Popn. #015 (600.00 micron zooplankton)","mmol P m^-3",3.27912339209008e-13
"Russia",22,36,999.5,"eco2D_Plankton_P_015","P Biomass - Popn. #015 (600.00 micron zooplankton)","mmol P m^-3",1.76637716497834e-13
"Russia",22,36,1999.5,"eco2D_Plankton_P_015","P Biomass - Popn. #015 (600.00 micron zooplankton)","mmol P m^-3",1.30085178740025e-13
"Russia",22,36,4999.5,"eco2D_Plankton_P_015","P Biomass - Popn. #015 (600.00 micron zooplankton)","mmol P m^-3",1.26871698368468e-13
"Russia",22,36,9999.5,"eco2D_Plankton_P_015","P Biomass - Popn. #015 (600.00 micron zooplankton)","mmol P m^-3",1.27580102515443e-13
"Russia",22,36,0.5,"eco2D_Plankton_P_016","P Biomass - Popn. #016 (1900.00 micron zooplankton)","mmol P m^-3",2.1128837033757e-05
"Russia",22,36,1.5,"eco2D_Plankton_P_016","P Biomass - Popn. #016 (1900.00 micron zooplankton)","mmol P m^-3",3.66759311809517e-09
"Russia",22,36,4.5,"eco2D_Plankton_P_016","P Biomass - Popn. #016 (1900.00 micron zooplankton)","mmol P m^-3",5.61081237894501e-13
"Russia",22,36,9.5,"eco2D_Plankton_P_016","P Biomass - Popn. #016 (1900.00 micron zooplankton)","mmol P m^-3",5.13860004894284e-13
"Russia",22,36,19.5,"eco2D_Plankton_P_016","P Biomass - Popn. #016 (1900.00 micron zooplankton)","mmol P m^-3",4.40802396754064e-13
"Russia",22,36,49.5,"eco2D_Plankton_P_016","P Biomass - Popn. #016 (1900.00 micron zooplankton)","mmol P m^-3",4.25210837677256e-13
"Russia",22,36,99.5,"eco2D_Plankton_P_016","P Biomass - Popn. #016 (1900.00 micron zooplankton)","mmol P m^-3",4.21768577094778e-13
"Russia",22,36,199.5,"eco2D_Plankton_P_016","P Biomass - Popn. #016 (1900.00 micron zooplankton)","mmol P m^-3",1.80555643678436e-13
"Russia",22,36,499.5,"eco2D_Plankton_P_016","P Biomass - Popn. #016 (1900.00 micron zooplankton)","mmol P m^-3",8.18031487817214e-14
"Russia",22,36,999.5,"eco2D_Plankton_P_016","P Biomass - Popn. #016 (1900.00 micron zooplankton)","mmol P m^-3",4.92054042910278e-14
"Russia",22,36,1999.5,"eco2D_Plankton_P_016","P Biomass - Popn. #016 (1900.00 micron zooplankton)","mmol P m^-3",3.82498496580546e-14
"Russia",22,36,4999.5,"eco2D_Plankton_P_016","P Biomass - Popn. #016 (1900.00 micron zooplankton)","mmol P m^-3",3.75832076235112e-14
"Russia",22,36,9999.5,"eco2D_Plankton_P_016","P Biomass - Popn. #016 (1900.00 micron zooplankton)","mmol P m^-3",3.75898788550037e-14
"Russia",22,36,0.5,"eco2D_Plankton_P_Total","P Biomass - Total","mmol P m^-3",0.0153304869309068
"Russia",22,36,1.5,"eco2D_Plankton_P_Total","P Biomass - Total","mmol P m^-3",0.0178310088813305
"Russia",22,36,4.5,"eco2D_Plankton_P_Total","P Biomass - Total","mmol P m^-3",0.0169121827930212
"Russia",22,36,9.5,"eco2D_Plankton_P_Total","P Biomass - Total","mmol P m^-3",0.019435353577137
"Russia",22,36,19.5,"eco2D_Plankton_P_Total","P Biomass - Total","mmol P m^-3",0.017157293856144
"Russia",22,36,49.5,"eco2D_Plankton_P_Total","P Biomass - Total","mmol P m^-3",0.017393110319972
"Russia",22,36,99.5,"eco2D_Plankton_P_Total","P Biomass - Total","mmol P m^-3",0.0201558191329241
"Russia",22,36,199.5,"eco2D_Plankton_P_Total","P Biomass - Total","mmol P m^-3",0.0165993049740791
"Russia",22,36,499.5,"eco2D_Plankton_P_Total","P Biomass - Total","mmol P m^-3",0.0133177619427443
"Russia",22,36,999.5,"eco2D_Plankton_P_Total","P Biomass - Total","mmol P m^-3",0.0133537352085114
"Russia",22,36,1999.5,"eco2D_Plankton_P_Total","P Biomass - Total","mmol P m^-3",0.0100789284333587
"Russia",22,36,4999.5,"eco2D_Plankton_P_Total","P Biomass - Total","mmol P m^-3",0.00972646288573742
"Russia",22,36,9999.5,"eco2D_Plankton_P_Total","P Biomass - Total","mmol P m^-3",0.00979704596102238
"Russia",22,36,0.5,"eco2D_Uptake_Fluxes_P","Uptake Fluxes P","mmol P m^-3 d^-1",0.00309612206183374
"Russia",22,36,1.5,"eco2D_Uptake_Fluxes_P","Uptake Fluxes P","mmol P m^-3 d^-1",0.00355913094244897
"Russia",22,36,4.5,"eco2D_Uptake_Fluxes_P","Uptake Fluxes P","mmol P m^-3 d^-1",0.00335789285600185
"Russia",22,36,9.5,"eco2D_Uptake_Fluxes_P","Uptake Fluxes P","mmol P m^-3 d^-1",0.00362154562026262
"Russia",22,36,19.5,"eco2D_Uptake_Fluxes_P","Uptake Fluxes P","mmol P m^-3 d^-1",0.00343399005942047
"Russia",22,36,49.5,"eco2D_Uptake_Fluxes_P","Uptake Fluxes P","mmol P m^-3 d^-1",0.00344284065067768
"Russia",22,36,99.5,"eco2D_Uptake_Fluxes_P","Uptake Fluxes P","mmol P m^-3 d^-1",0.00335863023065031
"Russia",22,36,199.5,"eco2D_Uptake_Fluxes_P","Uptake Fluxes P","mmol P m^-3 d^-1",0.00289714732207358
"Russia",22,36,499.5,"eco2D_Uptake_Fluxes_P","Uptake Fluxes P","mmol P m^-3 d^-1",0.00208041653968394
"Russia",22,36,999.5,"eco2D_Uptake_Fluxes_P","Uptake Fluxes P","mmol P m^-3 d^-1",0.00128198508173227
"Russia",22,36,1999.5,"eco2D_Uptake_Fluxes_P","Uptake Fluxes P","mmol P m^-3 d^-1",0.000982838100753725
"Russia",22,36,4999.5,"eco2D_Uptake_Fluxes_P","Uptake Fluxes P","mmol P m^-3 d^-1",0.000950746238231659
"Russia",22,36,9999.5,"eco2D_Uptake_Fluxes_P","Uptake Fluxes P","mmol P m^-3 d^-1",0.000954974559135735
"Russia",22,36,0.5,"eco2D_Plankton_Chl_001","Chl Biomass - Popn. #001 (0.60 micron phytoplankton)","mg Chl m^-3",0.00240100873634219
"Russia",22,36,1.5,"eco2D_Plankton_Chl_001","Chl Biomass - Popn. #001 (0.60 micron phytoplankton)","mg Chl m^-3",5.47097661183216e-05
"Russia",22,36,4.5,"eco2D_Plankton_Chl_001","Chl Biomass - Popn. #001 (0.60 micron phytoplankton)","mg Chl m^-3",8.41739655754736e-09
"Russia",22,36,9.5,"eco2D_Plankton_Chl_001","Chl Biomass - Popn. #001 (0.60 micron phytoplankton)","mg Chl m^-3",7.81327447185731e-10
"Russia",22,36,19.5,"eco2D_Plankton_Chl_001","Chl Biomass - Popn. #001 (0.60 micron phytoplankton)","mg Chl m^-3",4.08934164308761e-10
"Russia",22,36,49.5,"eco2D_Plankton_Chl_001","Chl Biomass - Popn. #001 (0.60 micron phytoplankton)","mg Chl m^-3",3.90919213666407e-10
"Russia",22,36,99.5,"eco2D_Plankton_Chl_001","Chl Biomass - Popn. #001 (0.60 micron phytoplankton)","mg Chl m^-3",1.75497005816538e-10
"Russia",22,36,199.5,"eco2D_Plankton_Chl_001","Chl Biomass - Popn. #001 (0.60 micron phytoplankton)","mg Chl m^-3",4.4153677242198e-11
"Russia",22,36,499.5,"eco2D_Plankton_Chl_001","Chl Biomass - Popn. #001 (0.60 micron phytoplankton)","mg Chl m^-3",2.24355638234197e-11
"Russia",22,36,999.5,"eco2D_Plankton_Chl_001","Chl Biomass - Popn. #001 (0.60 micron phytoplankton)","mg Chl m^-3",1.40373771634339e-11
"Russia",22,36,1999.5,"eco2D_Plankton_Chl_001","Chl Biomass - Popn. #001 (0.60 micron phytoplankton)","mg Chl m^-3",1.1530007851257e-11
"Russia",22,36,4999.5,"eco2D_Plankton_Chl_001","Chl Biomass - Popn. #001 (0.60 micron phytoplankton)","mg Chl m^-3",1.03706418452809e-11
"Russia",22,36,9999.5,"eco2D_Plankton_Chl_001","Chl Biomass - Popn. #001 (0.60 micron phytoplankton)","mg Chl m^-3",1.14870049236493e-11
"Russia",22,36,0.5,"eco2D_Plankton_Chl_002","Chl Biomass - Popn. #002 (1.90 micron phytoplankton)","mg Chl m^-3",0.0234587658196688
"Russia",22,36,1.5,"eco2D_Plankton_Chl_002","Chl Biomass - Popn. #002 (1.90 micron phytoplankton)","mg Chl m^-3",0.0196677818894386
"Russia",22,36,4.5,"eco2D_Plankton_Chl_002","Chl Biomass - Popn. #002 (1.90 micron phytoplankton)","mg Chl m^-3",0.0208516977727413
"Russia",22,36,9.5,"eco2D_Plankton_Chl_002","Chl Biomass - Popn. #002 (1.90 micron phytoplankton)","mg Chl m^-3",0.0211776662617922
"Russia",22,36,19.5,"eco2D_Plankton_Chl_002","Chl Biomass - Popn. #002 (1.90 micron phytoplankton)","mg Chl m^-3",0.0208767224103212
"Russia",22,36,49.5,"eco2D_Plankton_Chl_002","Chl Biomass - Popn. #002 (1.90 micron phytoplankton)","mg Chl m^-3",0.0208618063479662
"Russia",22,36,99.5,"eco2D_Plankton_Chl_002","Chl Biomass - Popn. #002 (1.90 micron phytoplankton)","mg Chl m^-3",0.0248361490666866
"Russia",22,36,199.5,"eco2D_Plankton_Chl_002","Chl Biomass - Popn. #002 (1.90 micron phytoplankton)","mg Chl m^-3",0.0182770509272814
"Russia",22,36,499.5,"eco2D_Plankton_Chl_002","Chl Biomass - Popn. #002 (1.90 micron phytoplankton)","mg Chl m^-3",0.0131481597200036
"Russia",22,36,999.5,"eco2D_Plankton_Chl_002","Chl Biomass - Popn. #002 (1.90 micron phytoplankton)","mg Chl m^-3",0.00791545119136572
"Russia",22,36,1999.5,"eco2D_Plankton_Chl_002","Chl Biomass - Popn. #002 (1.90 micron phytoplankton)","mg Chl m^-3",0.00658905878663063
"Russia",22,36,4999.5,"eco2D_Plankton_Chl_002","Chl Biomass - Popn. #002 (1.90 micron phytoplankton)","mg Chl m^-3",0.00579090695828199
"Russia",22,36,9999.5,"eco2D_Plankton_Chl_002","Chl Biomass - Popn. #002 (1.90 micron phytoplankton)","mg Chl m^-3",0.00664826622232795
"Russia",22,36,0.5,"eco2D_Plankton_Chl_003","Chl Biomass - Popn. #003 (6.00 micron phytoplankton)","mg Chl m^-3",0.111744977533817
"Russia",22,36,1.5,"eco2D_Plankton_Chl_003","Chl Biomass - Popn. #003 (6.00 micron phytoplankton)","mg Chl m^-3",0.375228822231293
"Russia",22,36,4.5,"eco2D_Plankton_Chl_003","Chl Biomass - Popn. #003 (6.00 micron phytoplankton)","mg Chl m^-3",0.304131001234055
"Russia",22,36,9.5,"eco2D_Plankton_Chl_003","Chl Biomass - Popn. #003 (6.00 micron phytoplankton)","mg Chl m^-3",0.385377466678619
"Russia",22,36,19.5,"eco2D_Plankton_Chl_003","Chl Biomass - Popn. #003 (6.00 micron phytoplankton)","mg Chl m^-3",0.236122667789459
"Russia",22,36,49.5,"eco2D_Plankton_Chl_003","Chl Biomass - Popn. #003 (6.00 micron phytoplankton)","mg Chl m^-3",0.248213320970535
"Russia",22,36,99.5,"eco2D_Plankton_Chl_003","Chl Biomass - Popn. #003 (6.00 micron phytoplankton)","mg Chl m^-3",0.303560078144073
"Russia",22,36,199.5,"eco2D_Plankton_Chl_003","Chl Biomass - Popn. #003 (6.00 micron phytoplankton)","mg Chl m^-3",0.325409471988678
"Russia",22,36,499.5,"eco2D_Plankton_Chl_003","Chl Biomass - Popn. #003 (6.00 micron phytoplankton)","mg Chl m^-3",0.347411155700684
"Russia",22,36,999.5,"eco2D_Plankton_Chl_003","Chl Biomass - Popn. #003 (6.00 micron phytoplankton)","mg Chl m^-3",0.452468544244766
"Russia",22,36,1999.5,"eco2D_Plankton_Chl_003","Chl Biomass - Popn. #003 (6.00 micron phytoplankton)","mg Chl m^-3",0.345940321683884
"Russia",22,36,4999.5,"eco2D_Plankton_Chl_003","Chl Biomass - Popn. #003 (6.00 micron phytoplankton)","mg Chl m^-3",0.333676636219025
"Russia",22,36,9999.5,"eco2D_Plankton_Chl_003","Chl Biomass - Popn. #003 (6.00 micron phytoplankton)","mg Chl m^-3",0.335117310285568
"Russia",22,36,0.5,"eco2D_Plankton_Chl_004","Chl Biomass - Popn. #004 (19.00 micron phytoplankton)","mg Chl m^-3",0.0576212704181671
"Russia",22,36,1.5,"eco2D_Plankton_Chl_004","Chl Biomass - Popn. #004 (19.00 micron phytoplankton)","mg Chl m^-3",0.0524393990635872
"Russia",22,36,4.5,"eco2D_Plankton_Chl_004","Chl Biomass - Popn. #004 (19.00 micron phytoplankton)","mg Chl m^-3",0.0542925484478474
"Russia",22,36,9.5,"eco2D_Plankton_Chl_004","Chl Biomass - Popn. #004 (19.00 micron phytoplankton)","mg Chl m^-3",0.0565156191587448
"Russia",22,36,19.5,"eco2D_Plankton_Chl_004","Chl Biomass - Popn. #004 (19.00 micron phytoplankton)","mg Chl m^-3",0.0567224435508251
"Russia",22,36,49.5,"eco2D_Plankton_Chl_004","Chl Biomass - Popn. #004 (19.00 micron phytoplankton)","mg Chl m^-3",0.0563414953649044
"Russia",22,36,99.5,"eco2D_Plankton_Chl_004","Chl Biomass - Popn. #004 (19.00 micron phytoplankton)","mg Chl m^-3",0.0702114254236221
"Russia",22,36,199.5,"eco2D_Plankton_Chl_004","Chl Biomass - Popn. #004 (19.00 micron phytoplankton)","mg Chl m^-3",0.0471020378172398
"Russia",22,36,499.5,"eco2D_Plankton_Chl_004","Chl Biomass - Popn. #004 (19.00 micron phytoplankton)","mg Chl m^-3",0.0268103927373886
"Russia",22,36,999.5,"eco2D_Plankton_Chl_004","Chl Biomass - Popn. #004 (19.00 micron phytoplankton)","mg Chl m^-3",0.0184052884578705
"Russia",22,36,1999.5,"eco2D_Plankton_Chl_004","Chl Biomass - Popn. #004 (19.00 micron phytoplankton)","mg Chl m^-3",0.00309753348119557
"Russia",22,36,4999.5,"eco2D_Plankton_Chl_004","Chl Biomass - Popn. #004 (19.00 micron phytoplankton)","mg Chl m^-3",0.00133361131884158
"Russia",22,36,9999.5,"eco2D_Plankton_Chl_004","Chl Biomass - Popn. #004 (19.00 micron phytoplankton)","mg Chl m^-3",0.00199816119857132
"Russia",22,36,0.5,"eco2D_Plankton_Chl_005","Chl Biomass - Popn. #005 (60.00 micron phytoplankton)","mg Chl m^-3",0.0382443256676197
"Russia",22,36,1.5,"eco2D_Plankton_Chl_005","Chl Biomass - Popn. #005 (60.00 micron phytoplankton)","mg Chl m^-3",0.0345487482845783
"Russia",22,36,4.5,"eco2D_Plankton_Chl_005","Chl Biomass - Popn. #005 (60.00 micron phytoplankton)","mg Chl m^-3",0.0355764664709568
"Russia",22,36,9.5,"eco2D_Plankton_Chl_005","Chl Biomass - Popn. #005 (60.00 micron phytoplankton)","mg Chl m^-3",0.0362148955464363
"Russia",22,36,19.5,"eco2D_Plankton_Chl_005","Chl Biomass - Popn. #005 (60.00 micron phytoplankton)","mg Chl m^-3",0.035140335559845
"Russia",22,36,49.5,"eco2D_Plankton_Chl_005","Chl Biomass - Popn. #005 (60.00 micron phytoplankton)","mg Chl m^-3",0.0344878025352955
"Russia",22,36,99.5,"eco2D_Plankton_Chl_005","Chl Biomass - Popn. #005 (60.00 micron phytoplankton)","mg Chl m^-3",0.0388721488416195
"Russia",22,36,199.5,"eco2D_Plankton_Chl_005","Chl Biomass - Popn. #005 (60.00 micron phytoplankton)","mg Chl m^-3",0.0199813414365053
"Russia",22,36,499.5,"eco2D_Plankton_Chl_005","Chl Biomass - Popn. #005 (60.00 micron phytoplankton)","mg Chl m^-3",5.17308684777618e-09
"Russia",22,36,999.5,"eco2D_Plankton_Chl_005","Chl Biomass - Popn. #005 (60.00 micron phytoplankton)","mg Chl m^-3",6.9910681410601e-11
"Russia",22,36,1999.5,"eco2D_Plankton_Chl_005","Chl Biomass - Popn. #005 (60.00 micron phytoplankton)","mg Chl m^-3",2.25615186255634e-11
"Russia",22,36,4999.5,"eco2D_Plankton_Chl_005","Chl Biomass - Popn. #005 (60.00 micron phytoplankton)","mg Chl m^-3",2.01836672375499e-11
"Russia",22,36,9999.5,"eco2D_Plankton_Chl_005","Chl Biomass - Popn. #005 (60.00 micron phytoplankton)","mg Chl m^-3",2.12336138255553e-11
"Russia",22,36,0.5,"eco2D_Plankton_Chl_006","Chl Biomass - Popn. #006 (190.00 micron phytoplankton)","mg Chl m^-3",0.0323450043797493
"Russia",22,36,1.5,"eco2D_Plankton_Chl_006","Chl Biomass - Popn. #006 (190.00 micron phytoplankton)","mg Chl m^-3",0.0267284698784351
"Russia",22,36,4.5,"eco2D_Plankton_Chl_006","Chl Biomass - Popn. #006 (190.00 micron phytoplankton)","mg Chl m^-3",0.0311759877949953
"Russia",22,36,9.5,"eco2D_Plankton_Chl_006","Chl Biomass - Popn. #006 (190.00 micron phytoplankton)","mg Chl m^-3",0.0302704498171806
"Russia",22,36,19.5,"eco2D_Plankton_Chl_006","Chl Biomass - Popn. #006 (190.00 micron phytoplankton)","mg Chl m^-3",0.0267291478812695
"Russia",22,36,49.5,"eco2D_Plankton_Chl_006","Chl Biomass - Popn. #006 (190.00 micron phytoplankton)","mg Chl m^-3",0.0250927116721869
"Russia",22,36,99.5,"eco2D_Plankton_Chl_006","Chl Biomass - Popn. #006 (190.00 micron phytoplankton)","mg Chl m^-3",0.0251583233475685
"Russia",22,36,199.5,"eco2D_Plankton_Chl_006","Chl Biomass - Popn. #006 (190.00 micron phytoplankton)","mg Chl m^-3",2.44168157914615e-10
"Russia",22,36,499.5,"eco2D_Plankton_Chl_006","Chl Biomass - Popn. #006 (190.00 micron phytoplankton)","mg Chl m^-3",1.10080720580608e-11
"Russia",22,36,999.5,"eco2D_Plankton_Chl_006","Chl Biomass - Popn. #006 (190.00 micron phytoplankton)","mg Chl m^-3",4.22239196731788e-12
"Russia",22,36,1999.5,"eco2D_Plankton_Chl_006","Chl Biomass - Popn. #006 (190.00 micron phytoplankton)","mg Chl m^-3",2.27795711980894e-12
"Russia",22,36,4999.5,"eco2D_Plankton_Chl_006","Chl Biomass - Popn. #006 (190.00 micron phytoplankton)","mg Chl m^-3",2.08761393588608e-12
"Russia",22,36,9999.5,"eco2D_Plankton_Chl_006","Chl Biomass - Popn. #006 (190.00 micron phytoplankton)","mg Chl m^-3",2.2006502523042e-12
"Russia",22,36,0.5,"eco2D_Plankton_Chl_007","Chl Biomass - Popn. #007 (600.00 micron phytoplankton)","mg Chl m^-3",0.0191202815622091
"Russia",22,36,1.5,"eco2D_Plankton_Chl_007","Chl Biomass - Popn. #007 (600.00 micron phytoplankton)","mg Chl m^-3",0.00130118464585394
"Russia",22,36,4.5,"eco2D_Plankton_Chl_007","Chl Biomass - Popn. #007 (600.00 micron phytoplankton)","mg Chl m^-3",3.46805541084905e-06
"Russia",22,36,9.5,"eco2D_Plankton_Chl_007","Chl Biomass - Popn. #007 (600.00 micron phytoplankton)","mg Chl m^-3",1.70646174968425e-09
"Russia",22,36,19.5,"eco2D_Plankton_Chl_007","Chl Biomass - Popn. #007 (600.00 micron phytoplankton)","mg Chl m^-3",7.63297813843877e-10
"Russia",22,36,49.5,"eco2D_Plankton_Chl_007","Chl Biomass - Popn. #007 (600.00 micron phytoplankton)","mg Chl m^-3",5.16143849882411e-10
"Russia",22,36,99.5,"eco2D_Plankton_Chl_007","Chl Biomass - Popn. #007 (600.00 micron phytoplankton)","mg Chl m^-3",8.57256279851448e-11
"Russia",22,36,199.5,"eco2D_Plankton_Chl_007","Chl Biomass - Popn. #007 (600.00 micron phytoplankton)","mg Chl m^-3",6.87079690017689e-12
"Russia",22,36,499.5,"eco2D_Plankton_Chl_007","Chl Biomass - Popn. #007 (600.00 micron phytoplankton)","mg Chl m^-3",2.52560017170722e-12
"Russia",22,36,999.5,"eco2D_Plankton_Chl_007","Chl Biomass - Popn. #007 (600.00 micron phytoplankton)","mg Chl m^-3",1.02030211536486e-12
"Russia",22,36,1999.5,"eco2D_Plankton_Chl_007","Chl Biomass - Popn. #007 (600.00 micron phytoplankton)","mg Chl m^-3",5.97570983581347e-13
"Russia",22,36,4999.5,"eco2D_Plankton_Chl_007","Chl Biomass - Popn. #007 (600.00 micron phytoplankton)","mg Chl m^-3",5.68362848105131e-13
"Russia",22,36,9999.5,"eco2D_Plankton_Chl_007","Chl Biomass - Popn. #007 (600.00 micron phytoplankton)","mg Chl m^-3",5.80519410754016e-13
"Russia",22,36,0.5,"eco2D_Plankton_Chl_008","Chl Biomass - Popn. #008 (1900.00 micron phytoplankton)","mg Chl m^-3",0.00223326263949275
"Russia",22,36,1.5,"eco2D_Plankton_Chl_008","Chl Biomass - Popn. #008 (1900.00 micron phytoplankton)","mg Chl m^-3",8.73964495440305e-07
"Russia",22,36,4.5,"eco2D_Plankton_Chl_008","Chl Biomass - Popn. #008 (1900.00 micron phytoplankton)","mg Chl m^-3",1.79808858774555e-11
"Russia",22,36,9.5,"eco2D_Plankton_Chl_008","Chl Biomass - Popn. #008 (1900.00 micron phytoplankton)","mg Chl m^-3",1.50188004394147e-11
"Russia",22,36,19.5,"eco2D_Plankton_Chl_008","Chl Biomass - Popn. #008 (1900.00 micron phytoplankton)","mg Chl m^-3",1.25120322089223e-11
"Russia",22,36,49.5,"eco2D_Plankton_Chl_008","Chl Biomass - Popn. #008 (1900.00 micron phytoplankton)","mg Chl m^-3",1.05225862745417e-11
"Russia",22,36,99.5,"eco2D_Plankton_Chl_008","Chl Biomass - Popn. #008 (1900.00 micron phytoplankton)","mg Chl m^-3",6.25500519435551e-12
"Russia",22,36,199.5,"eco2D_Plankton_Chl_008","Chl Biomass - Popn. #008 (1900.00 micron phytoplankton)","mg Chl m^-3",1.6044555007505e-12
"Russia",22,36,499.5,"eco2D_Plankton_Chl_008","Chl Biomass - Popn. #008 (1900.00 micron phytoplankton)","mg Chl m^-3",6.51985139054484e-13
"Russia",22,36,999.5,"eco2D_Plankton_Chl_008","Chl Biomass - Popn. #008 (1900.00 micron phytoplankton)","mg Chl m^-3",3.05661989859554e-13
"Russia",22,36,1999.5,"eco2D_Plankton_Chl_008","Chl Biomass - Popn. #008 (1900.00 micron phytoplankton)","mg Chl m^-3",1.97298313754299e-13
"Russia",22,36,4999.5,"eco2D_Plankton_Chl_008","Chl Biomass - Popn. #008 (1900.00 micron phytoplankton)","mg Chl m^-3",1.92292349036026e-13
"Russia",22,36,9999.5,"eco2D_Plankton_Chl_008","Chl Biomass - Popn. #008 (1900.00 micron phytoplankton)","mg Chl m^-3",1.92558629089588e-13
"Russia",22,36,0.5,"eco2D_Plankton_Chl_Total","Chl Biomass - Total","mg Chl m^-3",0.287168890237808
"Russia",22,36,1.5,"eco2D_Plankton_Chl_Total","Chl Biomass - Total","mg Chl m^-3",0.509970009326935
"Russia",22,36,4.5,"eco2D_Plankton_Chl_Total","Chl Biomass - Total","mg Chl m^-3",0.446031183004379
"Russia",22,36,9.5,"eco2D_Plankton_Chl_Total","Chl Biomass - Total","mg Chl m^-3",0.529556095600128
"Russia",22,36,19.5,"eco2D_Plankton_Chl_Total","Chl Biomass - Total","mg Chl m^-3",0.375591307878494
"Russia",22,36,49.5,"eco2D_Plankton_Chl_Total","Chl Biomass - Total","mg Chl m^-3",0.384997129440308
"Russia",22,36,99.5,"eco2D_Plankton_Chl_Total","Chl Biomass - Total","mg Chl m^-3",0.462638139724731
"Russia",22,36,199.5,"eco2D_Plankton_Chl_Total","Chl Biomass - Total","mg Chl m^-3",0.410769879817963
"Russia",22,36,499.5,"eco2D_Plankton_Chl_Total","Chl Biomass - Total","mg Chl m^-3",0.387369722127914
"Russia",22,36,999.5,"eco2D_Plankton_Chl_Total","Chl Biomass - Total","mg Chl m^-3",0.478789299726486
"Russia",22,36,1999.5,"eco2D_Plankton_Chl_Total","Chl Biomass - Total","mg Chl m^-3",0.355626910924911
"Russia",22,36,4999.5,"eco2D_Plankton_Chl_Total","Chl Biomass - Total","mg Chl m^-3",0.340801149606705
"Russia",22,36,9999.5,"eco2D_Plankton_Chl_Total","Chl Biomass - Total","mg Chl m^-3",0.343763738870621
"Russia",22,36,0.5,"eco2D_xGamma_T","Temperature Limitation","@",0.608385682106018
"Russia",22,36,1.5,"eco2D_xGamma_T","Temperature Limitation","@",0.595820665359497
"Russia",22,36,4.5,"eco2D_xGamma_T","Temperature Limitation","@",0.566945552825928
"Russia",22,36,9.5,"eco2D_xGamma_T","Temperature Limitation","@",0.531122505664825
"Russia",22,36,19.5,"eco2D_xGamma_T","Temperature Limitation","@",0.496569484472275
"Russia",22,36,49.5,"eco2D_xGamma_T","Temperature Limitation","@",0.49663895368576
"Russia",22,36,99.5,"eco2D_xGamma_T","Temperature Limitation","@",0.428717374801636
"Russia",22,36,199.5,"eco2D_xGamma_T","Temperature Limitation","@",0.38325247168541
"Russia",22,36,499.5,"eco2D_xGamma_T","Temperature Limitation","@",0.360752403736115
"Russia",22,36,999.5,"eco2D_xGamma_T","Temperature Limitation","@",0.34531557559967
"Russia",22,36,1999.5,"eco2D_xGamma_T","Temperature Limitation","@",0.342602670192719
"Russia",22,36,4999.5,"eco2D_xGamma_T","Temperature Limitation","@",0.342464596033096
"Russia",22,36,9999.5,"eco2D_xGamma_T","Temperature Limitation","@",0.34248086810112
"Russia",22,36,0.5,"eco2D_Nutrients_DIC","Nutrients DIC","mmol DIC m^-3",2047.03002929688
"Russia",22,36,1.5,"eco2D_Nutrients_DIC","Nutrients DIC","mmol DIC m^-3",2012.24597167969
"Russia",22,36,4.5,"eco2D_Nutrients_DIC","Nutrients DIC","mmol DIC m^-3",1976.23474121094
"Russia",22,36,9.5,"eco2D_Nutrients_DIC","Nutrients DIC","mmol DIC m^-3",1962.43530273438
"Russia",22,36,19.5,"eco2D_Nutrients_DIC","Nutrients DIC","mmol DIC m^-3",1959.64916992188
"Russia",22,36,49.5,"eco2D_Nutrients_DIC","Nutrients DIC","mmol DIC m^-3",1959.8193359375
"Russia",22,36,99.5,"eco2D_Nutrients_DIC","Nutrients DIC","mmol DIC m^-3",1935.62316894531
"Russia",22,36,199.5,"eco2D_Nutrients_DIC","Nutrients DIC","mmol DIC m^-3",1893.35375976562
"Russia",22,36,499.5,"eco2D_Nutrients_DIC","Nutrients DIC","mmol DIC m^-3",1901.4521484375
"Russia",22,36,999.5,"eco2D_Nutrients_DIC","Nutrients DIC","mmol DIC m^-3",1907.58032226562
"Russia",22,36,1999.5,"eco2D_Nutrients_DIC","Nutrients DIC","mmol DIC m^-3",1899.28515625
"Russia",22,36,4999.5,"eco2D_Nutrients_DIC","Nutrients DIC","mmol DIC m^-3",1898.76574707031
"Russia",22,36,9999.5,"eco2D_Nutrients_DIC","Nutrients DIC","mmol DIC m^-3",1898.57153320312
"Russia",22,36,0.5,"eco2D_Nutrients_PO4","Nutrients PO4","mmol PO4 m^-3",1.90753781795502
"Russia",22,36,1.5,"eco2D_Nutrients_PO4","Nutrients PO4","mmol PO4 m^-3",1.85662746429443
"Russia",22,36,4.5,"eco2D_Nutrients_PO4","Nutrients PO4","mmol PO4 m^-3",1.79658401012421
"Russia",22,36,9.5,"eco2D_Nutrients_PO4","Nutrients PO4","mmol PO4 m^-3",1.73065721988678
"Russia",22,36,19.5,"eco2D_Nutrients_PO4","Nutrients PO4","mmol PO4 m^-3",1.64738273620605
"Russia",22,36,49.5,"eco2D_Nutrients_PO4","Nutrients PO4","mmol PO4 m^-3",1.48106646537781
"Russia",22,36,99.5,"eco2D_Nutrients_PO4","Nutrients PO4","mmol PO4 m^-3",1.02157998085022
"Russia",22,36,199.5,"eco2D_Nutrients_PO4","Nutrients PO4","mmol PO4 m^-3",0.493759334087372
"Russia",22,36,499.5,"eco2D_Nutrients_PO4","Nutrients PO4","mmol PO4 m^-3",0.333708435297012
"Russia",22,36,999.5,"eco2D_Nutrients_PO4","Nutrients PO4","mmol PO4 m^-3",0.215595543384552
"Russia",22,36,1999.5,"eco2D_Nutrients_PO4","Nutrients PO4","mmol PO4 m^-3",0.149124175310135
"Russia",22,36,4999.5,"eco2D_Nutrients_PO4","Nutrients PO4","mmol PO4 m^-3",0.146375596523285
"Russia",22,36,9999.5,"eco2D_Nutrients_PO4","Nutrients PO4","mmol PO4 m^-3",0.145063444972038
"Russia",22,36,0.5,"eco2D_Size_Mean","Geometric Mean of Cell Diameter","µm",27.0159702301025
"Russia",22,36,1.5,"eco2D_Size_Mean","Geometric Mean of Cell Diameter","µm",11.1028461456299
"Russia",22,36,4.5,"eco2D_Size_Mean","Geometric Mean of Cell Diameter","µm",12.4565019607544
"Russia",22,36,9.5,"eco2D_Size_Mean","Geometric Mean of Cell Diameter","µm",11.4105205535889
"Russia",22,36,19.5,"eco2D_Size_Mean","Geometric Mean of Cell Diameter","µm",13.0285005569458
"Russia",22,36,49.5,"eco2D_Size_Mean","Geometric Mean of Cell Diameter","µm",12.5990657806396
"Russia",22,36,99.5,"eco2D_Size_Mean","Geometric Mean of Cell Diameter","µm",12.6922092437744
"Russia",22,36,199.5,"eco2D_Size_Mean","Geometric Mean of Cell Diameter","µm",8.23965644836426
"Russia",22,36,499.5,"eco2D_Size_Mean","Geometric Mean of Cell Diameter","µm",6.54406785964966
"Russia",22,36,999.5,"eco2D_Size_Mean","Geometric Mean of Cell Diameter","µm",6.22610807418823
"Russia",22,36,1999.5,"eco2D_Size_Mean","Geometric Mean of Cell Diameter","µm",5.96503067016602
"Russia",22,36,4999.5,"eco2D_Size_Mean","Geometric Mean of Cell Diameter","µm",5.93906688690186
"Russia",22,36,9999.5,"eco2D_Size_Mean","Geometric Mean of Cell Diameter","µm",5.94064950942993
"Russia",22,36,0.5,"eco2D_Size_Stdev","Geometric Standard Deviation of Cell Diameter","Relative magnitude",6.61577701568604
"Russia",22,36,1.5,"eco2D_Size_Stdev","Geometric Standard Deviation of Cell Diameter","Relative magnitude",3.56376051902771
"Russia",22,36,4.5,"eco2D_Size_Stdev","Geometric Standard Deviation of Cell Diameter","Relative magnitude",3.85445809364319
"Russia",22,36,9.5,"eco2D_Size_Stdev","Geometric Standard Deviation of Cell Diameter","Relative magnitude",3.61126208305359
"Russia",22,36,19.5,"eco2D_Size_Stdev","Geometric Standard Deviation of Cell Diameter","Relative magnitude",3.86899495124817
"Russia",22,36,49.5,"eco2D_Size_Stdev","Geometric Standard Deviation of Cell Diameter","Relative magnitude",3.78102564811707
"Russia",22,36,99.5,"eco2D_Size_Stdev","Geometric Standard Deviation of Cell Diameter","Relative magnitude",3.75541687011719
"Russia",22,36,199.5,"eco2D_Size_Stdev","Geometric Standard Deviation of Cell Diameter","Relative magnitude",2.31946134567261
"Russia",22,36,499.5,"eco2D_Size_Stdev","Geometric Standard Deviation of Cell Diameter","Relative magnitude",1.61172544956207
"Russia",22,36,999.5,"eco2D_Size_Stdev","Geometric Standard Deviation of Cell Diameter","Relative magnitude",1.36256420612335
"Russia",22,36,1999.5,"eco2D_Size_Stdev","Geometric Standard Deviation of Cell Diameter","Relative magnitude",1.20651090145111
"Russia",22,36,4999.5,"eco2D_Size_Stdev","Geometric Standard Deviation of Cell Diameter","Relative magnitude",1.18062198162079
"Russia",22,36,9999.5,"eco2D_Size_Stdev","Geometric Standard Deviation of Cell Diameter","Relative magnitude",1.19319880008698
"Russia",22,36,0.5,"eco2D_Size_Minimum","Minimum Cell Diameter","µm",0.600000023841858
"Russia",22,36,1.5,"eco2D_Size_Minimum","Minimum Cell Diameter","µm",1.89999997615814
"Russia",22,36,4.5,"eco2D_Size_Minimum","Minimum Cell Diameter","µm",1.89999997615814
"Russia",22,36,9.5,"eco2D_Size_Minimum","Minimum Cell Diameter","µm",1.89999997615814
"Russia",22,36,19.5,"eco2D_Size_Minimum","Minimum Cell Diameter","µm",1.89999997615814
"Russia",22,36,49.5,"eco2D_Size_Minimum","Minimum Cell Diameter","µm",1.89999997615814
"Russia",22,36,99.5,"eco2D_Size_Minimum","Minimum Cell Diameter","µm",1.89999997615814
"Russia",22,36,199.5,"eco2D_Size_Minimum","Minimum Cell Diameter","µm",1.89999997615814
"Russia",22,36,499.5,"eco2D_Size_Minimum","Minimum Cell Diameter","µm",1.89999997615814
"Russia",22,36,999.5,"eco2D_Size_Minimum","Minimum Cell Diameter","µm",1.89999997615814
"Russia",22,36,1999.5,"eco2D_Size_Minimum","Minimum Cell Diameter","µm",1.89999997615814
"Russia",22,36,4999.5,"eco2D_Size_Minimum","Minimum Cell Diameter","µm",1.89999997615814
"Russia",22,36,9999.5,"eco2D_Size_Minimum","Minimum Cell Diameter","µm",1.89999997615814
"Russia",22,36,0.5,"eco2D_Size_Maximum","Maximum Cell Diameter","µm",1900
"Russia",22,36,1.5,"eco2D_Size_Maximum","Maximum Cell Diameter","µm",600
"Russia",22,36,4.5,"eco2D_Size_Maximum","Maximum Cell Diameter","µm",190
"Russia",22,36,9.5,"eco2D_Size_Maximum","Maximum Cell Diameter","µm",190
"Russia",22,36,19.5,"eco2D_Size_Maximum","Maximum Cell Diameter","µm",190
"Russia",22,36,49.5,"eco2D_Size_Maximum","Maximum Cell Diameter","µm",190
"Russia",22,36,99.5,"eco2D_Size_Maximum","Maximum Cell Diameter","µm",190
"Russia",22,36,199.5,"eco2D_Size_Maximum","Maximum Cell Diameter","µm",60
"Russia",22,36,499.5,"eco2D_Size_Maximum","Maximum Cell Diameter","µm",19
"Russia",22,36,999.5,"eco2D_Size_Maximum","Maximum Cell Diameter","µm",19
"Russia",22,36,1999.5,"eco2D_Size_Maximum","Maximum Cell Diameter","µm",19
"Russia",22,36,4999.5,"eco2D_Size_Maximum","Maximum Cell Diameter","µm",19
"Russia",22,36,9999.5,"eco2D_Size_Maximum","Maximum Cell Diameter","µm",19
"Russia",22,36,0.5,"eco2D_Diversity_Threshold","Threshold Diversity Index","-",8
"Russia",22,36,1.5,"eco2D_Diversity_Threshold","Threshold Diversity Index","-",6
"Russia",22,36,4.5,"eco2D_Diversity_Threshold","Threshold Diversity Index","-",5
"Russia",22,36,9.5,"eco2D_Diversity_Threshold","Threshold Diversity Index","-",5
"Russia",22,36,19.5,"eco2D_Diversity_Threshold","Threshold Diversity Index","-",5
"Russia",22,36,49.5,"eco2D_Diversity_Threshold","Threshold Diversity Index","-",5
"Russia",22,36,99.5,"eco2D_Diversity_Threshold","Threshold Diversity Index","-",5
"Russia",22,36,199.5,"eco2D_Diversity_Threshold","Threshold Diversity Index","-",4
"Russia",22,36,499.5,"eco2D_Diversity_Threshold","Threshold Diversity Index","-",3
"Russia",22,36,999.5,"eco2D_Diversity_Threshold","Threshold Diversity Index","-",3
"Russia",22,36,1999.5,"eco2D_Diversity_Threshold","Threshold Diversity Index","-",3
"Russia",22,36,4999.5,"eco2D_Diversity_Threshold","Threshold Diversity Index","-",3
"Russia",22,36,9999.5,"eco2D_Diversity_Threshold","Threshold Diversity Index","-",3
"Russia",22,36,0.5,"eco2D_Diversity_Shannon","Shannon Diversity Index","-",1.75908470153809
"Russia",22,36,1.5,"eco2D_Diversity_Shannon","Shannon Diversity Index","-",1.14337193965912
"Russia",22,36,4.5,"eco2D_Diversity_Shannon","Shannon Diversity Index","-",1.23815214633942
"Russia",22,36,9.5,"eco2D_Diversity_Shannon","Shannon Diversity Index","-",1.15683484077454
"Russia",22,36,19.5,"eco2D_Diversity_Shannon","Shannon Diversity Index","-",1.31018733978271
"Russia",22,36,49.5,"eco2D_Diversity_Shannon","Shannon Diversity Index","-",1.28798007965088
"Russia",22,36,99.5,"eco2D_Diversity_Shannon","Shannon Diversity Index","-",1.30106246471405
"Russia",22,36,199.5,"eco2D_Diversity_Shannon","Shannon Diversity Index","-",0.906831979751587
"Russia",22,36,499.5,"eco2D_Diversity_Shannon","Shannon Diversity Index","-",0.521942675113678
"Russia",22,36,999.5,"eco2D_Diversity_Shannon","Shannon Diversity Index","-",0.274274468421936
"Russia",22,36,1999.5,"eco2D_Diversity_Shannon","Shannon Diversity Index","-",0.126221373677254
"Russia",22,36,4999.5,"eco2D_Diversity_Shannon","Shannon Diversity Index","-",0.101778827607632
"Russia",22,36,9999.5,"eco2D_Diversity_Shannon","Shannon Diversity Index","-",0.113195568323135
"Russia",22,36,0.5,"eco2D_Diversity_Simpson","Simpson Diversity Index","-",0.805826961994171
"Russia",22,36,1.5,"eco2D_Diversity_Simpson","Simpson Diversity Index","-",0.552031636238098
"Russia",22,36,4.5,"eco2D_Diversity_Simpson","Simpson Diversity Index","-",0.613708019256592
"Russia",22,36,9.5,"eco2D_Diversity_Simpson","Simpson Diversity Index","-",0.568290054798126
"Russia",22,36,19.5,"eco2D_Diversity_Simpson","Simpson Diversity Index","-",0.655244290828705
"Russia",22,36,49.5,"eco2D_Diversity_Simpson","Simpson Diversity Index","-",0.643263697624207
"Russia",22,36,99.5,"eco2D_Diversity_Simpson","Simpson Diversity Index","-",0.651652991771698
"Russia",22,36,199.5,"eco2D_Diversity_Simpson","Simpson Diversity Index","-",0.473023682832718
"Russia",22,36,499.5,"eco2D_Diversity_Simpson","Simpson Diversity Index","-",0.272509038448334
"Russia",22,36,999.5,"eco2D_Diversity_Simpson","Simpson Diversity Index","-",0.121588788926601
"Russia",22,36,1999.5,"eco2D_Diversity_Simpson","Simpson Diversity Index","-",0.0457798950374126
"Russia",22,36,4999.5,"eco2D_Diversity_Simpson","Simpson Diversity Index","-",0.036057997494936
"Russia",22,36,9999.5,"eco2D_Diversity_Simpson","Simpson Diversity Index","-",0.0407050214707851
"Russia",22,36,0.5,"eco2D_Diversity_Berger","Berger Diversity Index","-",0.696245908737183
"Russia",22,36,1.5,"eco2D_Diversity_Berger","Berger Diversity Index","-",0.357065469026566
"Russia",22,36,4.5,"eco2D_Diversity_Berger","Berger Diversity Index","-",0.418247640132904
"Russia",22,36,9.5,"eco2D_Diversity_Berger","Berger Diversity Index","-",0.372741460800171
"Russia",22,36,19.5,"eco2D_Diversity_Berger","Berger Diversity Index","-",0.467527955770493
"Russia",22,36,49.5,"eco2D_Diversity_Berger","Berger Diversity Index","-",0.453339517116547
"Russia",22,36,99.5,"eco2D_Diversity_Berger","Berger Diversity Index","-",0.464662790298462
"Russia",22,36,199.5,"eco2D_Diversity_Berger","Berger Diversity Index","-",0.299987494945526
"Russia",22,36,499.5,"eco2D_Diversity_Berger","Berger Diversity Index","-",0.155896186828613
"Russia",22,36,999.5,"eco2D_Diversity_Berger","Berger Diversity Index","-",0.0641363561153412
"Russia",22,36,1999.5,"eco2D_Diversity_Berger","Berger Diversity Index","-",0.0233037620782852
"Russia",22,36,4999.5,"eco2D_Diversity_Berger","Berger Diversity Index","-",0.018299913033843
"Russia",22,36,9999.5,"eco2D_Diversity_Berger","Berger Diversity Index","-",0.0206923875957727
"Russia",22,36,0.5,"eco2D_Size_Frac_Pico_Chl","Pico chlorophyll biomass","mg Chl m^-3",0.0258597750216722
"Russia",22,36,1.5,"eco2D_Size_Frac_Pico_Chl","Pico chlorophyll biomass","mg Chl m^-3",0.0197224915027618
"Russia",22,36,4.5,"eco2D_Size_Frac_Pico_Chl","Pico chlorophyll biomass","mg Chl m^-3",0.0208517070859671
"Russia",22,36,9.5,"eco2D_Size_Frac_Pico_Chl","Pico chlorophyll biomass","mg Chl m^-3",0.0211776662617922
"Russia",22,36,19.5,"eco2D_Size_Frac_Pico_Chl","Pico chlorophyll biomass","mg Chl m^-3",0.0208767242729664
"Russia",22,36,49.5,"eco2D_Size_Frac_Pico_Chl","Pico chlorophyll biomass","mg Chl m^-3",0.0208618063479662
"Russia",22,36,99.5,"eco2D_Size_Frac_Pico_Chl","Pico chlorophyll biomass","mg Chl m^-3",0.0248361490666866
"Russia",22,36,199.5,"eco2D_Size_Frac_Pico_Chl","Pico chlorophyll biomass","mg Chl m^-3",0.0182770509272814
"Russia",22,36,499.5,"eco2D_Size_Frac_Pico_Chl","Pico chlorophyll biomass","mg Chl m^-3",0.0131481597200036
"Russia",22,36,999.5,"eco2D_Size_Frac_Pico_Chl","Pico chlorophyll biomass","mg Chl m^-3",0.00791545119136572
"Russia",22,36,1999.5,"eco2D_Size_Frac_Pico_Chl","Pico chlorophyll biomass","mg Chl m^-3",0.00658905878663063
"Russia",22,36,4999.5,"eco2D_Size_Frac_Pico_Chl","Pico chlorophyll biomass","mg Chl m^-3",0.00579090742394328
"Russia",22,36,9999.5,"eco2D_Size_Frac_Pico_Chl","Pico chlorophyll biomass","mg Chl m^-3",0.00664826622232795
"Russia",22,36,0.5,"eco2D_Size_Frac_Nano_Chl","Nano chlorophyll biomass","mg Chl m^-3",0.169366240501404
"Russia",22,36,1.5,"eco2D_Size_Frac_Nano_Chl","Nano chlorophyll biomass","mg Chl m^-3",0.427668213844299
"Russia",22,36,4.5,"eco2D_Size_Frac_Nano_Chl","Nano chlorophyll biomass","mg Chl m^-3",0.358423560857773
"Russia",22,36,9.5,"eco2D_Size_Frac_Nano_Chl","Nano chlorophyll biomass","mg Chl m^-3",0.441893070936203
"Russia",22,36,19.5,"eco2D_Size_Frac_Nano_Chl","Nano chlorophyll biomass","mg Chl m^-3",0.292845100164413
"Russia",22,36,49.5,"eco2D_Size_Frac_Nano_Chl","Nano chlorophyll biomass","mg Chl m^-3",0.30455482006073
"Russia",22,36,99.5,"eco2D_Size_Frac_Nano_Chl","Nano chlorophyll biomass","mg Chl m^-3",0.373771518468857
"Russia",22,36,199.5,"eco2D_Size_Frac_Nano_Chl","Nano chlorophyll biomass","mg Chl m^-3",0.372511506080627
"Russia",22,36,499.5,"eco2D_Size_Frac_Nano_Chl","Nano chlorophyll biomass","mg Chl m^-3",0.374221533536911
"Russia",22,36,999.5,"eco2D_Size_Frac_Nano_Chl","Nano chlorophyll biomass","mg Chl m^-3",0.470873832702637
"Russia",22,36,1999.5,"eco2D_Size_Frac_Nano_Chl","Nano chlorophyll biomass","mg Chl m^-3",0.349037855863571
"Russia",22,36,4999.5,"eco2D_Size_Frac_Nano_Chl","Nano chlorophyll biomass","mg Chl m^-3",0.335010230541229
"Russia",22,36,9999.5,"eco2D_Size_Frac_Nano_Chl","Nano chlorophyll biomass","mg Chl m^-3",0.337115466594696
"Russia",22,36,0.5,"eco2D_Size_Frac_Micro_Chl","Micro chlorophyll biomass","mg Chl m^-3",0.0919428765773773
"Russia",22,36,1.5,"eco2D_Size_Frac_Micro_Chl","Micro chlorophyll biomass","mg Chl m^-3",0.0625792741775513
"Russia",22,36,4.5,"eco2D_Size_Frac_Micro_Chl","Micro chlorophyll biomass","mg Chl m^-3",0.0667559206485748
"Russia",22,36,9.5,"eco2D_Size_Frac_Micro_Chl","Micro chlorophyll biomass","mg Chl m^-3",0.0664853453636169
"Russia",22,36,19.5,"eco2D_Size_Frac_Micro_Chl","Micro chlorophyll biomass","mg Chl m^-3",0.0618694834411144
"Russia",22,36,49.5,"eco2D_Size_Frac_Micro_Chl","Micro chlorophyll biomass","mg Chl m^-3",0.0595805160701275
"Russia",22,36,99.5,"eco2D_Size_Frac_Micro_Chl","Micro chlorophyll biomass","mg Chl m^-3",0.0640304759144783
"Russia",22,36,199.5,"eco2D_Size_Frac_Micro_Chl","Micro chlorophyll biomass","mg Chl m^-3",0.0199813414365053
"Russia",22,36,499.5,"eco2D_Size_Frac_Micro_Chl","Micro chlorophyll biomass","mg Chl m^-3",5.18727238940642e-09
"Russia",22,36,999.5,"eco2D_Size_Frac_Micro_Chl","Micro chlorophyll biomass","mg Chl m^-3",7.5459034853953e-11
"Russia",22,36,1999.5,"eco2D_Size_Frac_Micro_Chl","Micro chlorophyll biomass","mg Chl m^-3",2.56343436061401e-11
"Russia",22,36,4999.5,"eco2D_Size_Frac_Micro_Chl","Micro chlorophyll biomass","mg Chl m^-3",2.30319357336084e-11
"Russia",22,36,9999.5,"eco2D_Size_Frac_Micro_Chl","Micro chlorophyll biomass","mg Chl m^-3",2.42073427275669e-11
"Kashmir",24,7,0.5,"grid_level","grid definition","n/a",1
"Kashmir",24,7,1.5,"grid_level","grid definition","n/a",1
"Kashmir",24,7,4.5,"grid_level","grid definition","n/a",1
"Kashmir",24,7,9.5,"grid_level","grid definition","n/a",1
"Kashmir",24,7,19.5,"grid_level","grid definition","n/a",1
"Kashmir",24,7,49.5,"grid_level","grid definition","n/a",1
"Kashmir",24,7,99.5,"grid_level","grid definition","n/a",1
"Kashmir",24,7,199.5,"grid_level","grid definition","n/a",1
"Kashmir",24,7,499.5,"grid_level","grid definition","n/a",1
"Kashmir",24,7,999.5,"grid_level","grid definition","n/a",1
"Kashmir",24,7,1999.5,"grid_level","grid definition","n/a",1
"Kashmir",24,7,4999.5,"grid_level","grid definition","n/a",1
"Kashmir",24,7,9999.5,"grid_level","grid definition","n/a",1
"Kashmir",24,7,0.5,"grid_mask","land-sea mask","n/a",1
"Kashmir",24,7,1.5,"grid_mask","land-sea mask","n/a",1
"Kashmir",24,7,4.5,"grid_mask","land-sea mask","n/a",1
"Kashmir",24,7,9.5,"grid_mask","land-sea mask","n/a",1
"Kashmir",24,7,19.5,"grid_mask","land-sea mask","n/a",1
"Kashmir",24,7,49.5,"grid_mask","land-sea mask","n/a",1
"Kashmir",24,7,99.5,"grid_mask","land-sea mask","n/a",1
"Kashmir",24,7,199.5,"grid_mask","land-sea mask","n/a",1
"Kashmir",24,7,499.5,"grid_mask","land-sea mask","n/a",1
"Kashmir",24,7,999.5,"grid_mask","land-sea mask","n/a",1
"Kashmir",24,7,1999.5,"grid_mask","land-sea mask","n/a",1
"Kashmir",24,7,4999.5,"grid_mask","land-sea mask","n/a",1
"Kashmir",24,7,9999.5,"grid_mask","land-sea mask","n/a",1
"Kashmir",24,7,0.5,"grid_topo","ocean depth","m",5000
"Kashmir",24,7,1.5,"grid_topo","ocean depth","m",5000
"Kashmir",24,7,4.5,"grid_topo","ocean depth","m",5000
"Kashmir",24,7,9.5,"grid_topo","ocean depth","m",5000
"Kashmir",24,7,19.5,"grid_topo","ocean depth","m",5000
"Kashmir",24,7,49.5,"grid_topo","ocean depth","m",5000
"Kashmir",24,7,99.5,"grid_topo","ocean depth","m",5000
"Kashmir",24,7,199.5,"grid_topo","ocean depth","m",5000
"Kashmir",24,7,499.5,"grid_topo","ocean depth","m",5000
"Kashmir",24,7,999.5,"grid_topo","ocean depth","m",5000
"Kashmir",24,7,1999.5,"grid_topo","ocean depth","m",5000
"Kashmir",24,7,4999.5,"grid_topo","ocean depth","m",5000
"Kashmir",24,7,9999.5,"grid_topo","ocean depth","m",5000
"Kashmir",24,7,0.5,"eco2D_Plankton_C_001","C Biomass - Popn. #001 (0.60 micron phytoplankton)","mmol C m^-3",0.0310279279947281
"Kashmir",24,7,1.5,"eco2D_Plankton_C_001","C Biomass - Popn. #001 (0.60 micron phytoplankton)","mmol C m^-3",0.0303891263902187
"Kashmir",24,7,4.5,"eco2D_Plankton_C_001","C Biomass - Popn. #001 (0.60 micron phytoplankton)","mmol C m^-3",0.0343644581735134
"Kashmir",24,7,9.5,"eco2D_Plankton_C_001","C Biomass - Popn. #001 (0.60 micron phytoplankton)","mmol C m^-3",0.0376228466629982
"Kashmir",24,7,19.5,"eco2D_Plankton_C_001","C Biomass - Popn. #001 (0.60 micron phytoplankton)","mmol C m^-3",0.043489933013916
"Kashmir",24,7,49.5,"eco2D_Plankton_C_001","C Biomass - Popn. #001 (0.60 micron phytoplankton)","mmol C m^-3",0.0454448834061623
"Kashmir",24,7,99.5,"eco2D_Plankton_C_001","C Biomass - Popn. #001 (0.60 micron phytoplankton)","mmol C m^-3",0.0520601123571396
"Kashmir",24,7,199.5,"eco2D_Plankton_C_001","C Biomass - Popn. #001 (0.60 micron phytoplankton)","mmol C m^-3",0.0530506484210491
"Kashmir",24,7,499.5,"eco2D_Plankton_C_001","C Biomass - Popn. #001 (0.60 micron phytoplankton)","mmol C m^-3",0.0555766969919205
"Kashmir",24,7,999.5,"eco2D_Plankton_C_001","C Biomass - Popn. #001 (0.60 micron phytoplankton)","mmol C m^-3",0.0568997599184513
"Kashmir",24,7,1999.5,"eco2D_Plankton_C_001","C Biomass - Popn. #001 (0.60 micron phytoplankton)","mmol C m^-3",0.0573498494923115
"Kashmir",24,7,4999.5,"eco2D_Plankton_C_001","C Biomass - Popn. #001 (0.60 micron phytoplankton)","mmol C m^-3",0.0569667890667915
"Kashmir",24,7,9999.5,"eco2D_Plankton_C_001","C Biomass - Popn. #001 (0.60 micron phytoplankton)","mmol C m^-3",0.0569893307983875
"Kashmir",24,7,0.5,"eco2D_Plankton_C_002","C Biomass - Popn. #002 (1.90 micron phytoplankton)","mmol C m^-3",0.195242837071419
"Kashmir",24,7,1.5,"eco2D_Plankton_C_002","C Biomass - Popn. #002 (1.90 micron phytoplankton)","mmol C m^-3",0.195475459098816
"Kashmir",24,7,4.5,"eco2D_Plankton_C_002","C Biomass - Popn. #002 (1.90 micron phytoplankton)","mmol C m^-3",0.190499767661095
"Kashmir",24,7,9.5,"eco2D_Plankton_C_002","C Biomass - Popn. #002 (1.90 micron phytoplankton)","mmol C m^-3",0.189185112714767
"Kashmir",24,7,19.5,"eco2D_Plankton_C_002","C Biomass - Popn. #002 (1.90 micron phytoplankton)","mmol C m^-3",0.203321814537048
"Kashmir",24,7,49.5,"eco2D_Plankton_C_002","C Biomass - Popn. #002 (1.90 micron phytoplankton)","mmol C m^-3",0.202247515320778
"Kashmir",24,7,99.5,"eco2D_Plankton_C_002","C Biomass - Popn. #002 (1.90 micron phytoplankton)","mmol C m^-3",0.21050038933754
"Kashmir",24,7,199.5,"eco2D_Plankton_C_002","C Biomass - Popn. #002 (1.90 micron phytoplankton)","mmol C m^-3",0.212506398558617
"Kashmir",24,7,499.5,"eco2D_Plankton_C_002","C Biomass - Popn. #002 (1.90 micron phytoplankton)","mmol C m^-3",0.217223927378654
"Kashmir",24,7,999.5,"eco2D_Plankton_C_002","C Biomass - Popn. #002 (1.90 micron phytoplankton)","mmol C m^-3",0.220129206776619
"Kashmir",24,7,1999.5,"eco2D_Plankton_C_002","C Biomass - Popn. #002 (1.90 micron phytoplankton)","mmol C m^-3",0.221003815531731
"Kashmir",24,7,4999.5,"eco2D_Plankton_C_002","C Biomass - Popn. #002 (1.90 micron phytoplankton)","mmol C m^-3",0.221520349383354
"Kashmir",24,7,9999.5,"eco2D_Plankton_C_002","C Biomass - Popn. #002 (1.90 micron phytoplankton)","mmol C m^-3",0.221456691622734
"Kashmir",24,7,0.5,"eco2D_Plankton_C_003","C Biomass - Popn. #003 (6.00 micron phytoplankton)","mmol C m^-3",0.448209881782532
"Kashmir",24,7,1.5,"eco2D_Plankton_C_003","C Biomass - Popn. #003 (6.00 micron phytoplankton)","mmol C m^-3",0.440882116556168
"Kashmir",24,7,4.5,"eco2D_Plankton_C_003","C Biomass - Popn. #003 (6.00 micron phytoplankton)","mmol C m^-3",0.414698451757431
"Kashmir",24,7,9.5,"eco2D_Plankton_C_003","C Biomass - Popn. #003 (6.00 micron phytoplankton)","mmol C m^-3",0.393925964832306
"Kashmir",24,7,19.5,"eco2D_Plankton_C_003","C Biomass - Popn. #003 (6.00 micron phytoplankton)","mmol C m^-3",0.345575839281082
"Kashmir",24,7,49.5,"eco2D_Plankton_C_003","C Biomass - Popn. #003 (6.00 micron phytoplankton)","mmol C m^-3",0.327196449041367
"Kashmir",24,7,99.5,"eco2D_Plankton_C_003","C Biomass - Popn. #003 (6.00 micron phytoplankton)","mmol C m^-3",0.270515620708466
"Kashmir",24,7,199.5,"eco2D_Plankton_C_003","C Biomass - Popn. #003 (6.00 micron phytoplankton)","mmol C m^-3",0.264249265193939
"Kashmir",24,7,499.5,"eco2D_Plankton_C_003","C Biomass - Popn. #003 (6.00 micron phytoplankton)","mmol C m^-3",0.246897369623184
"Kashmir",24,7,999.5,"eco2D_Plankton_C_003","C Biomass - Popn. #003 (6.00 micron phytoplankton)","mmol C m^-3",0.236372023820877
"Kashmir",24,7,1999.5,"eco2D_Plankton_C_003","C Biomass - Popn. #003 (6.00 micron phytoplankton)","mmol C m^-3",0.232898607850075
"Kashmir",24,7,4999.5,"eco2D_Plankton_C_003","C Biomass - Popn. #003 (6.00 micron phytoplankton)","mmol C m^-3",0.235117256641388
"Kashmir",24,7,9999.5,"eco2D_Plankton_C_003","C Biomass - Popn. #003 (6.00 micron phytoplankton)","mmol C m^-3",0.235037729144096
"Kashmir",24,7,0.5,"eco2D_Plankton_C_004","C Biomass - Popn. #004 (19.00 micron phytoplankton)","mmol C m^-3",0.395765990018845
"Kashmir",24,7,1.5,"eco2D_Plankton_C_004","C Biomass - Popn. #004 (19.00 micron phytoplankton)","mmol C m^-3",0.401927143335342
"Kashmir",24,7,4.5,"eco2D_Plankton_C_004","C Biomass - Popn. #004 (19.00 micron phytoplankton)","mmol C m^-3",0.384615451097488
"Kashmir",24,7,9.5,"eco2D_Plankton_C_004","C Biomass - Popn. #004 (19.00 micron phytoplankton)","mmol C m^-3",0.360745638608932
"Kashmir",24,7,19.5,"eco2D_Plankton_C_004","C Biomass - Popn. #004 (19.00 micron phytoplankton)","mmol C m^-3",0.264958322048187
"Kashmir",24,7,49.5,"eco2D_Plankton_C_004","C Biomass - Popn. #004 (19.00 micron phytoplankton)","mmol C m^-3",0.246376261115074
"Kashmir",24,7,99.5,"eco2D_Plankton_C_004","C Biomass - Popn. #004 (19.00 micron phytoplankton)","mmol C m^-3",0.17892150580883
"Kashmir",24,7,199.5,"eco2D_Plankton_C_004","C Biomass - Popn. #004 (19.00 micron phytoplankton)","mmol C m^-3",0.171745806932449
"Kashmir",24,7,499.5,"eco2D_Plankton_C_004","C Biomass - Popn. #004 (19.00 micron phytoplankton)","mmol C m^-3",0.149423480033875
"Kashmir",24,7,999.5,"eco2D_Plankton_C_004","C Biomass - Popn. #004 (19.00 micron phytoplankton)","mmol C m^-3",0.134980112314224
"Kashmir",24,7,1999.5,"eco2D_Plankton_C_004","C Biomass - Popn. #004 (19.00 micron phytoplankton)","mmol C m^-3",0.130117490887642
"Kashmir",24,7,4999.5,"eco2D_Plankton_C_004","C Biomass - Popn. #004 (19.00 micron phytoplankton)","mmol C m^-3",0.131883099675179
"Kashmir",24,7,9999.5,"eco2D_Plankton_C_004","C Biomass - Popn. #004 (19.00 micron phytoplankton)","mmol C m^-3",0.131892949342728
"Kashmir",24,7,0.5,"eco2D_Plankton_C_005","C Biomass - Popn. #005 (60.00 micron phytoplankton)","mmol C m^-3",0.335582882165909
"Kashmir",24,7,1.5,"eco2D_Plankton_C_005","C Biomass - Popn. #005 (60.00 micron phytoplankton)","mmol C m^-3",0.338829427957535
"Kashmir",24,7,4.5,"eco2D_Plankton_C_005","C Biomass - Popn. #005 (60.00 micron phytoplankton)","mmol C m^-3",0.328045397996902
"Kashmir",24,7,9.5,"eco2D_Plankton_C_005","C Biomass - Popn. #005 (60.00 micron phytoplankton)","mmol C m^-3",0.301030516624451
"Kashmir",24,7,19.5,"eco2D_Plankton_C_005","C Biomass - Popn. #005 (60.00 micron phytoplankton)","mmol C m^-3",0.181197598576546
"Kashmir",24,7,49.5,"eco2D_Plankton_C_005","C Biomass - Popn. #005 (60.00 micron phytoplankton)","mmol C m^-3",0.165755569934845
"Kashmir",24,7,99.5,"eco2D_Plankton_C_005","C Biomass - Popn. #005 (60.00 micron phytoplankton)","mmol C m^-3",0.0892672091722488
"Kashmir",24,7,199.5,"eco2D_Plankton_C_005","C Biomass - Popn. #005 (60.00 micron phytoplankton)","mmol C m^-3",0.0798056349158287
"Kashmir",24,7,499.5,"eco2D_Plankton_C_005","C Biomass - Popn. #005 (60.00 micron phytoplankton)","mmol C m^-3",0.0427988059818745
"Kashmir",24,7,999.5,"eco2D_Plankton_C_005","C Biomass - Popn. #005 (60.00 micron phytoplankton)","mmol C m^-3",0.0168517958372831
"Kashmir",24,7,1999.5,"eco2D_Plankton_C_005","C Biomass - Popn. #005 (60.00 micron phytoplankton)","mmol C m^-3",0.00768406270071864
"Kashmir",24,7,4999.5,"eco2D_Plankton_C_005","C Biomass - Popn. #005 (60.00 micron phytoplankton)","mmol C m^-3",0.00920779909938574
"Kashmir",24,7,9999.5,"eco2D_Plankton_C_005","C Biomass - Popn. #005 (60.00 micron phytoplankton)","mmol C m^-3",0.00960666593164206
"Kashmir",24,7,0.5,"eco2D_Plankton_C_006","C Biomass - Popn. #006 (190.00 micron phytoplankton)","mmol C m^-3",0.360273510217667
"Kashmir",24,7,1.5,"eco2D_Plankton_C_006","C Biomass - Popn. #006 (190.00 micron phytoplankton)","mmol C m^-3",0.349309206008911
"Kashmir",24,7,4.5,"eco2D_Plankton_C_006","C Biomass - Popn. #006 (190.00 micron phytoplankton)","mmol C m^-3",0.333687245845795
"Kashmir",24,7,9.5,"eco2D_Plankton_C_006","C Biomass - Popn. #006 (190.00 micron phytoplankton)","mmol C m^-3",0.28060182929039
"Kashmir",24,7,19.5,"eco2D_Plankton_C_006","C Biomass - Popn. #006 (190.00 micron phytoplankton)","mmol C m^-3",0.0765499845147133
"Kashmir",24,7,49.5,"eco2D_Plankton_C_006","C Biomass - Popn. #006 (190.00 micron phytoplankton)","mmol C m^-3",0.0555884800851345
"Kashmir",24,7,99.5,"eco2D_Plankton_C_006","C Biomass - Popn. #006 (190.00 micron phytoplankton)","mmol C m^-3",6.73675559781373e-10
"Kashmir",24,7,199.5,"eco2D_Plankton_C_006","C Biomass - Popn. #006 (190.00 micron phytoplankton)","mmol C m^-3",3.97200217161497e-10
"Kashmir",24,7,499.5,"eco2D_Plankton_C_006","C Biomass - Popn. #006 (190.00 micron phytoplankton)","mmol C m^-3",1.12211913372295e-10
"Kashmir",24,7,999.5,"eco2D_Plankton_C_006","C Biomass - Popn. #006 (190.00 micron phytoplankton)","mmol C m^-3",6.84244536031109e-11
"Kashmir",24,7,1999.5,"eco2D_Plankton_C_006","C Biomass - Popn. #006 (190.00 micron phytoplankton)","mmol C m^-3",5.94702551093285e-11
"Kashmir",24,7,4999.5,"eco2D_Plankton_C_006","C Biomass - Popn. #006 (190.00 micron phytoplankton)","mmol C m^-3",6.06503319788843e-11
"Kashmir",24,7,9999.5,"eco2D_Plankton_C_006","C Biomass - Popn. #006 (190.00 micron phytoplankton)","mmol C m^-3",6.09351319402762e-11
"Kashmir",24,7,0.5,"eco2D_Plankton_C_007","C Biomass - Popn. #007 (600.00 micron phytoplankton)","mmol C m^-3",0.440346270799637
"Kashmir",24,7,1.5,"eco2D_Plankton_C_007","C Biomass - Popn. #007 (600.00 micron phytoplankton)","mmol C m^-3",0.417127937078476
"Kashmir",24,7,4.5,"eco2D_Plankton_C_007","C Biomass - Popn. #007 (600.00 micron phytoplankton)","mmol C m^-3",0.384153217077255
"Kashmir",24,7,9.5,"eco2D_Plankton_C_007","C Biomass - Popn. #007 (600.00 micron phytoplankton)","mmol C m^-3",0.202574163675308
"Kashmir",24,7,19.5,"eco2D_Plankton_C_007","C Biomass - Popn. #007 (600.00 micron phytoplankton)","mmol C m^-3",1.3391684983155e-10
"Kashmir",24,7,49.5,"eco2D_Plankton_C_007","C Biomass - Popn. #007 (600.00 micron phytoplankton)","mmol C m^-3",1.12877741875739e-10
"Kashmir",24,7,99.5,"eco2D_Plankton_C_007","C Biomass - Popn. #007 (600.00 micron phytoplankton)","mmol C m^-3",3.6338279607584e-11
"Kashmir",24,7,199.5,"eco2D_Plankton_C_007","C Biomass - Popn. #007 (600.00 micron phytoplankton)","mmol C m^-3",3.22461432555876e-11
"Kashmir",24,7,499.5,"eco2D_Plankton_C_007","C Biomass - Popn. #007 (600.00 micron phytoplankton)","mmol C m^-3",2.16728700958013e-11
"Kashmir",24,7,999.5,"eco2D_Plankton_C_007","C Biomass - Popn. #007 (600.00 micron phytoplankton)","mmol C m^-3",1.65668746082703e-11
"Kashmir",24,7,1999.5,"eco2D_Plankton_C_007","C Biomass - Popn. #007 (600.00 micron phytoplankton)","mmol C m^-3",1.50451838487609e-11
"Kashmir",24,7,4999.5,"eco2D_Plankton_C_007","C Biomass - Popn. #007 (600.00 micron phytoplankton)","mmol C m^-3",1.52614292731057e-11
"Kashmir",24,7,9999.5,"eco2D_Plankton_C_007","C Biomass - Popn. #007 (600.00 micron phytoplankton)","mmol C m^-3",1.53287313398032e-11
"Kashmir",24,7,0.5,"eco2D_Plankton_C_008","C Biomass - Popn. #008 (1900.00 micron phytoplankton)","mmol C m^-3",0.189215183258057
"Kashmir",24,7,1.5,"eco2D_Plankton_C_008","C Biomass - Popn. #008 (1900.00 micron phytoplankton)","mmol C m^-3",0.164943620562553
"Kashmir",24,7,4.5,"eco2D_Plankton_C_008","C Biomass - Popn. #008 (1900.00 micron phytoplankton)","mmol C m^-3",0.12919083237648
"Kashmir",24,7,9.5,"eco2D_Plankton_C_008","C Biomass - Popn. #008 (1900.00 micron phytoplankton)","mmol C m^-3",5.66940798307769e-06
"Kashmir",24,7,19.5,"eco2D_Plankton_C_008","C Biomass - Popn. #008 (1900.00 micron phytoplankton)","mmol C m^-3",2.69106507910788e-11
"Kashmir",24,7,49.5,"eco2D_Plankton_C_008","C Biomass - Popn. #008 (1900.00 micron phytoplankton)","mmol C m^-3",2.39791641404308e-11
"Kashmir",24,7,99.5,"eco2D_Plankton_C_008","C Biomass - Popn. #008 (1900.00 micron phytoplankton)","mmol C m^-3",1.04208360690583e-11
"Kashmir",24,7,199.5,"eco2D_Plankton_C_008","C Biomass - Popn. #008 (1900.00 micron phytoplankton)","mmol C m^-3",9.33801560382141e-12
"Kashmir",24,7,499.5,"eco2D_Plankton_C_008","C Biomass - Popn. #008 (1900.00 micron phytoplankton)","mmol C m^-3",6.43762300411854e-12
"Kashmir",24,7,999.5,"eco2D_Plankton_C_008","C Biomass - Popn. #008 (1900.00 micron phytoplankton)","mmol C m^-3",4.96819946294025e-12
"Kashmir",24,7,1999.5,"eco2D_Plankton_C_008","C Biomass - Popn. #008 (1900.00 micron phytoplankton)","mmol C m^-3",4.50791183895238e-12
"Kashmir",24,7,4999.5,"eco2D_Plankton_C_008","C Biomass - Popn. #008 (1900.00 micron phytoplankton)","mmol C m^-3",4.57519395632988e-12
"Kashmir",24,7,9999.5,"eco2D_Plankton_C_008","C Biomass - Popn. #008 (1900.00 micron phytoplankton)","mmol C m^-3",4.60157259518645e-12
"Kashmir",24,7,0.5,"eco2D_Plankton_C_009","C Biomass - Popn. #009 (0.60 micron zooplankton)","mmol C m^-3",0.00302211777307093
"Kashmir",24,7,1.5,"eco2D_Plankton_C_009","C Biomass - Popn. #009 (0.60 micron zooplankton)","mmol C m^-3",7.66755903214289e-08
"Kashmir",24,7,4.5,"eco2D_Plankton_C_009","C Biomass - Popn. #009 (0.60 micron zooplankton)","mmol C m^-3",8.44112210685033e-11
"Kashmir",24,7,9.5,"eco2D_Plankton_C_009","C Biomass - Popn. #009 (0.60 micron zooplankton)","mmol C m^-3",9.86368348110389e-11
"Kashmir",24,7,19.5,"eco2D_Plankton_C_009","C Biomass - Popn. #009 (0.60 micron zooplankton)","mmol C m^-3",1.11017077475406e-10
"Kashmir",24,7,49.5,"eco2D_Plankton_C_009","C Biomass - Popn. #009 (0.60 micron zooplankton)","mmol C m^-3",1.13792551770242e-10
"Kashmir",24,7,99.5,"eco2D_Plankton_C_009","C Biomass - Popn. #009 (0.60 micron zooplankton)","mmol C m^-3",9.91658491433789e-11
"Kashmir",24,7,199.5,"eco2D_Plankton_C_009","C Biomass - Popn. #009 (0.60 micron zooplankton)","mmol C m^-3",9.62014842786907e-11
"Kashmir",24,7,499.5,"eco2D_Plankton_C_009","C Biomass - Popn. #009 (0.60 micron zooplankton)","mmol C m^-3",8.73785280242068e-11
"Kashmir",24,7,999.5,"eco2D_Plankton_C_009","C Biomass - Popn. #009 (0.60 micron zooplankton)","mmol C m^-3",7.97690177800625e-11
"Kashmir",24,7,1999.5,"eco2D_Plankton_C_009","C Biomass - Popn. #009 (0.60 micron zooplankton)","mmol C m^-3",7.72534258786095e-11
"Kashmir",24,7,4999.5,"eco2D_Plankton_C_009","C Biomass - Popn. #009 (0.60 micron zooplankton)","mmol C m^-3",7.71053360049123e-11
"Kashmir",24,7,9999.5,"eco2D_Plankton_C_009","C Biomass - Popn. #009 (0.60 micron zooplankton)","mmol C m^-3",7.7258664743507e-11
"Kashmir",24,7,0.5,"eco2D_Plankton_C_010","C Biomass - Popn. #010 (1.90 micron zooplankton)","mmol C m^-3",0.0293886624276638
"Kashmir",24,7,1.5,"eco2D_Plankton_C_010","C Biomass - Popn. #010 (1.90 micron zooplankton)","mmol C m^-3",0.0317661426961422
"Kashmir",24,7,4.5,"eco2D_Plankton_C_010","C Biomass - Popn. #010 (1.90 micron zooplankton)","mmol C m^-3",0.0332869738340378
"Kashmir",24,7,9.5,"eco2D_Plankton_C_010","C Biomass - Popn. #010 (1.90 micron zooplankton)","mmol C m^-3",0.0341996476054192
"Kashmir",24,7,19.5,"eco2D_Plankton_C_010","C Biomass - Popn. #010 (1.90 micron zooplankton)","mmol C m^-3",0.0355536825954914
"Kashmir",24,7,49.5,"eco2D_Plankton_C_010","C Biomass - Popn. #010 (1.90 micron zooplankton)","mmol C m^-3",0.0349641554057598
"Kashmir",24,7,99.5,"eco2D_Plankton_C_010","C Biomass - Popn. #010 (1.90 micron zooplankton)","mmol C m^-3",0.03134810552001
"Kashmir",24,7,199.5,"eco2D_Plankton_C_010","C Biomass - Popn. #010 (1.90 micron zooplankton)","mmol C m^-3",0.0306906420737505
"Kashmir",24,7,499.5,"eco2D_Plankton_C_010","C Biomass - Popn. #010 (1.90 micron zooplankton)","mmol C m^-3",0.0286349896341562
"Kashmir",24,7,999.5,"eco2D_Plankton_C_010","C Biomass - Popn. #010 (1.90 micron zooplankton)","mmol C m^-3",0.0263539031147957
"Kashmir",24,7,1999.5,"eco2D_Plankton_C_010","C Biomass - Popn. #010 (1.90 micron zooplankton)","mmol C m^-3",0.0254598669707775
"Kashmir",24,7,4999.5,"eco2D_Plankton_C_010","C Biomass - Popn. #010 (1.90 micron zooplankton)","mmol C m^-3",0.025546507909894
"Kashmir",24,7,9999.5,"eco2D_Plankton_C_010","C Biomass - Popn. #010 (1.90 micron zooplankton)","mmol C m^-3",0.0255875922739506
"Kashmir",24,7,0.5,"eco2D_Plankton_C_011","C Biomass - Popn. #011 (6.00 micron zooplankton)","mmol C m^-3",0.129882514476776
"Kashmir",24,7,1.5,"eco2D_Plankton_C_011","C Biomass - Popn. #011 (6.00 micron zooplankton)","mmol C m^-3",0.136593371629715
"Kashmir",24,7,4.5,"eco2D_Plankton_C_011","C Biomass - Popn. #011 (6.00 micron zooplankton)","mmol C m^-3",0.132814899086952
"Kashmir",24,7,9.5,"eco2D_Plankton_C_011","C Biomass - Popn. #011 (6.00 micron zooplankton)","mmol C m^-3",0.128488853573799
"Kashmir",24,7,19.5,"eco2D_Plankton_C_011","C Biomass - Popn. #011 (6.00 micron zooplankton)","mmol C m^-3",0.118629224598408
"Kashmir",24,7,49.5,"eco2D_Plankton_C_011","C Biomass - Popn. #011 (6.00 micron zooplankton)","mmol C m^-3",0.114546664059162
"Kashmir",24,7,99.5,"eco2D_Plankton_C_011","C Biomass - Popn. #011 (6.00 micron zooplankton)","mmol C m^-3",0.0997287333011627
"Kashmir",24,7,199.5,"eco2D_Plankton_C_011","C Biomass - Popn. #011 (6.00 micron zooplankton)","mmol C m^-3",0.0972697511315346
"Kashmir",24,7,499.5,"eco2D_Plankton_C_011","C Biomass - Popn. #011 (6.00 micron zooplankton)","mmol C m^-3",0.0933371856808662
"Kashmir",24,7,999.5,"eco2D_Plankton_C_011","C Biomass - Popn. #011 (6.00 micron zooplankton)","mmol C m^-3",0.0909412205219269
"Kashmir",24,7,1999.5,"eco2D_Plankton_C_011","C Biomass - Popn. #011 (6.00 micron zooplankton)","mmol C m^-3",0.0901026055216789
"Kashmir",24,7,4999.5,"eco2D_Plankton_C_011","C Biomass - Popn. #011 (6.00 micron zooplankton)","mmol C m^-3",0.0904896557331085
"Kashmir",24,7,9999.5,"eco2D_Plankton_C_011","C Biomass - Popn. #011 (6.00 micron zooplankton)","mmol C m^-3",0.0904931277036667
"Kashmir",24,7,0.5,"eco2D_Plankton_C_012","C Biomass - Popn. #012 (19.00 micron zooplankton)","mmol C m^-3",0.254729330539703
"Kashmir",24,7,1.5,"eco2D_Plankton_C_012","C Biomass - Popn. #012 (19.00 micron zooplankton)","mmol C m^-3",0.27055498957634
"Kashmir",24,7,4.5,"eco2D_Plankton_C_012","C Biomass - Popn. #012 (19.00 micron zooplankton)","mmol C m^-3",0.260827302932739
"Kashmir",24,7,9.5,"eco2D_Plankton_C_012","C Biomass - Popn. #012 (19.00 micron zooplankton)","mmol C m^-3",0.247383877635002
"Kashmir",24,7,19.5,"eco2D_Plankton_C_012","C Biomass - Popn. #012 (19.00 micron zooplankton)","mmol C m^-3",0.209478214383125
"Kashmir",24,7,49.5,"eco2D_Plankton_C_012","C Biomass - Popn. #012 (19.00 micron zooplankton)","mmol C m^-3",0.200889900326729
"Kashmir",24,7,99.5,"eco2D_Plankton_C_012","C Biomass - Popn. #012 (19.00 micron zooplankton)","mmol C m^-3",0.173717007040977
"Kashmir",24,7,199.5,"eco2D_Plankton_C_012","C Biomass - Popn. #012 (19.00 micron zooplankton)","mmol C m^-3",0.169628262519836
"Kashmir",24,7,499.5,"eco2D_Plankton_C_012","C Biomass - Popn. #012 (19.00 micron zooplankton)","mmol C m^-3",0.163756847381592
"Kashmir",24,7,999.5,"eco2D_Plankton_C_012","C Biomass - Popn. #012 (19.00 micron zooplankton)","mmol C m^-3",0.163543209433556
"Kashmir",24,7,1999.5,"eco2D_Plankton_C_012","C Biomass - Popn. #012 (19.00 micron zooplankton)","mmol C m^-3",0.164164051413536
"Kashmir",24,7,4999.5,"eco2D_Plankton_C_012","C Biomass - Popn. #012 (19.00 micron zooplankton)","mmol C m^-3",0.16467459499836
"Kashmir",24,7,9999.5,"eco2D_Plankton_C_012","C Biomass - Popn. #012 (19.00 micron zooplankton)","mmol C m^-3",0.164565697312355
"Kashmir",24,7,0.5,"eco2D_Plankton_C_013","C Biomass - Popn. #013 (60.00 micron zooplankton)","mmol C m^-3",0.374132663011551
"Kashmir",24,7,1.5,"eco2D_Plankton_C_013","C Biomass - Popn. #013 (60.00 micron zooplankton)","mmol C m^-3",0.386275947093964
"Kashmir",24,7,4.5,"eco2D_Plankton_C_013","C Biomass - Popn. #013 (60.00 micron zooplankton)","mmol C m^-3",0.370063334703445
"Kashmir",24,7,9.5,"eco2D_Plankton_C_013","C Biomass - Popn. #013 (60.00 micron zooplankton)","mmol C m^-3",0.348290294408798
"Kashmir",24,7,19.5,"eco2D_Plankton_C_013","C Biomass - Popn. #013 (60.00 micron zooplankton)","mmol C m^-3",0.286627918481827
"Kashmir",24,7,49.5,"eco2D_Plankton_C_013","C Biomass - Popn. #013 (60.00 micron zooplankton)","mmol C m^-3",0.275249779224396
"Kashmir",24,7,99.5,"eco2D_Plankton_C_013","C Biomass - Popn. #013 (60.00 micron zooplankton)","mmol C m^-3",0.25361967086792
"Kashmir",24,7,199.5,"eco2D_Plankton_C_013","C Biomass - Popn. #013 (60.00 micron zooplankton)","mmol C m^-3",0.254121541976929
"Kashmir",24,7,499.5,"eco2D_Plankton_C_013","C Biomass - Popn. #013 (60.00 micron zooplankton)","mmol C m^-3",0.244833663105965
"Kashmir",24,7,999.5,"eco2D_Plankton_C_013","C Biomass - Popn. #013 (60.00 micron zooplankton)","mmol C m^-3",0.244173809885979
"Kashmir",24,7,1999.5,"eco2D_Plankton_C_013","C Biomass - Popn. #013 (60.00 micron zooplankton)","mmol C m^-3",0.246229603886604
"Kashmir",24,7,4999.5,"eco2D_Plankton_C_013","C Biomass - Popn. #013 (60.00 micron zooplankton)","mmol C m^-3",0.246878981590271
"Kashmir",24,7,9999.5,"eco2D_Plankton_C_013","C Biomass - Popn. #013 (60.00 micron zooplankton)","mmol C m^-3",0.246628478169441
"Kashmir",24,7,0.5,"eco2D_Plankton_C_014","C Biomass - Popn. #014 (190.00 micron zooplankton)","mmol C m^-3",0.500249743461609
"Kashmir",24,7,1.5,"eco2D_Plankton_C_014","C Biomass - Popn. #014 (190.00 micron zooplankton)","mmol C m^-3",0.496323496103287
"Kashmir",24,7,4.5,"eco2D_Plankton_C_014","C Biomass - Popn. #014 (190.00 micron zooplankton)","mmol C m^-3",0.467403888702393
"Kashmir",24,7,9.5,"eco2D_Plankton_C_014","C Biomass - Popn. #014 (190.00 micron zooplankton)","mmol C m^-3",0.440826624631882
"Kashmir",24,7,19.5,"eco2D_Plankton_C_014","C Biomass - Popn. #014 (190.00 micron zooplankton)","mmol C m^-3",0.377910375595093
"Kashmir",24,7,49.5,"eco2D_Plankton_C_014","C Biomass - Popn. #014 (190.00 micron zooplankton)","mmol C m^-3",0.361599177122116
"Kashmir",24,7,99.5,"eco2D_Plankton_C_014","C Biomass - Popn. #014 (190.00 micron zooplankton)","mmol C m^-3",0.342801541090012
"Kashmir",24,7,199.5,"eco2D_Plankton_C_014","C Biomass - Popn. #014 (190.00 micron zooplankton)","mmol C m^-3",0.355904966592789
"Kashmir",24,7,499.5,"eco2D_Plankton_C_014","C Biomass - Popn. #014 (190.00 micron zooplankton)","mmol C m^-3",0.298790067434311
"Kashmir",24,7,999.5,"eco2D_Plankton_C_014","C Biomass - Popn. #014 (190.00 micron zooplankton)","mmol C m^-3",0.228854268789291
"Kashmir",24,7,1999.5,"eco2D_Plankton_C_014","C Biomass - Popn. #014 (190.00 micron zooplankton)","mmol C m^-3",0.202612280845642
"Kashmir",24,7,4999.5,"eco2D_Plankton_C_014","C Biomass - Popn. #014 (190.00 micron zooplankton)","mmol C m^-3",0.207972586154938
"Kashmir",24,7,9999.5,"eco2D_Plankton_C_014","C Biomass - Popn. #014 (190.00 micron zooplankton)","mmol C m^-3",0.208786219358444
"Kashmir",24,7,0.5,"eco2D_Plankton_C_015","C Biomass - Popn. #015 (600.00 micron zooplankton)","mmol C m^-3",0.620843052864075
"Kashmir",24,7,1.5,"eco2D_Plankton_C_015","C Biomass - Popn. #015 (600.00 micron zooplankton)","mmol C m^-3",0.632363677024841
"Kashmir",24,7,4.5,"eco2D_Plankton_C_015","C Biomass - Popn. #015 (600.00 micron zooplankton)","mmol C m^-3",0.593983829021454
"Kashmir",24,7,9.5,"eco2D_Plankton_C_015","C Biomass - Popn. #015 (600.00 micron zooplankton)","mmol C m^-3",0.552631497383118
"Kashmir",24,7,19.5,"eco2D_Plankton_C_015","C Biomass - Popn. #015 (600.00 micron zooplankton)","mmol C m^-3",0.436240792274475
"Kashmir",24,7,49.5,"eco2D_Plankton_C_015","C Biomass - Popn. #015 (600.00 micron zooplankton)","mmol C m^-3",0.386756986379623
"Kashmir",24,7,99.5,"eco2D_Plankton_C_015","C Biomass - Popn. #015 (600.00 micron zooplankton)","mmol C m^-3",0.0943567156791687
"Kashmir",24,7,199.5,"eco2D_Plankton_C_015","C Biomass - Popn. #015 (600.00 micron zooplankton)","mmol C m^-3",0.0398163236677647
"Kashmir",24,7,499.5,"eco2D_Plankton_C_015","C Biomass - Popn. #015 (600.00 micron zooplankton)","mmol C m^-3",3.12494197185487e-10
"Kashmir",24,7,999.5,"eco2D_Plankton_C_015","C Biomass - Popn. #015 (600.00 micron zooplankton)","mmol C m^-3",1.4584757013214e-10
"Kashmir",24,7,1999.5,"eco2D_Plankton_C_015","C Biomass - Popn. #015 (600.00 micron zooplankton)","mmol C m^-3",1.21551019249821e-10
"Kashmir",24,7,4999.5,"eco2D_Plankton_C_015","C Biomass - Popn. #015 (600.00 micron zooplankton)","mmol C m^-3",1.24667068335249e-10
"Kashmir",24,7,9999.5,"eco2D_Plankton_C_015","C Biomass - Popn. #015 (600.00 micron zooplankton)","mmol C m^-3",1.25455867916457e-10
"Kashmir",24,7,0.5,"eco2D_Plankton_C_016","C Biomass - Popn. #016 (1900.00 micron zooplankton)","mmol C m^-3",0.256639361381531
"Kashmir",24,7,1.5,"eco2D_Plankton_C_016","C Biomass - Popn. #016 (1900.00 micron zooplankton)","mmol C m^-3",0.473575234413147
"Kashmir",24,7,4.5,"eco2D_Plankton_C_016","C Biomass - Popn. #016 (1900.00 micron zooplankton)","mmol C m^-3",0.555013716220856
"Kashmir",24,7,9.5,"eco2D_Plankton_C_016","C Biomass - Popn. #016 (1900.00 micron zooplankton)","mmol C m^-3",0.405667155981064
"Kashmir",24,7,19.5,"eco2D_Plankton_C_016","C Biomass - Popn. #016 (1900.00 micron zooplankton)","mmol C m^-3",7.68297759350389e-05
"Kashmir",24,7,49.5,"eco2D_Plankton_C_016","C Biomass - Popn. #016 (1900.00 micron zooplankton)","mmol C m^-3",2.02157318662799e-10
"Kashmir",24,7,99.5,"eco2D_Plankton_C_016","C Biomass - Popn. #016 (1900.00 micron zooplankton)","mmol C m^-3",6.73624420133301e-11
"Kashmir",24,7,199.5,"eco2D_Plankton_C_016","C Biomass - Popn. #016 (1900.00 micron zooplankton)","mmol C m^-3",5.95473323428131e-11
"Kashmir",24,7,499.5,"eco2D_Plankton_C_016","C Biomass - Popn. #016 (1900.00 micron zooplankton)","mmol C m^-3",4.06265472652212e-11
"Kashmir",24,7,999.5,"eco2D_Plankton_C_016","C Biomass - Popn. #016 (1900.00 micron zooplankton)","mmol C m^-3",3.00951624732093e-11
"Kashmir",24,7,1999.5,"eco2D_Plankton_C_016","C Biomass - Popn. #016 (1900.00 micron zooplankton)","mmol C m^-3",2.69603766395177e-11
"Kashmir",24,7,4999.5,"eco2D_Plankton_C_016","C Biomass - Popn. #016 (1900.00 micron zooplankton)","mmol C m^-3",2.74564676550071e-11
"Kashmir",24,7,9999.5,"eco2D_Plankton_C_016","C Biomass - Popn. #016 (1900.00 micron zooplankton)","mmol C m^-3",2.75805437516263e-11
"Kashmir",24,7,0.5,"eco2D_Plankton_C_Total","C Biomass - Total","mmol C m^-3",4.56455183029175
"Kashmir",24,7,1.5,"eco2D_Plankton_C_Total","C Biomass - Total","mmol C m^-3",4.7663369178772
"Kashmir",24,7,4.5,"eco2D_Plankton_C_Total","C Biomass - Total","mmol C m^-3",4.61264848709106
"Kashmir",24,7,9.5,"eco2D_Plankton_C_Total","C Biomass - Total","mmol C m^-3",3.92317962646484
"Kashmir",24,7,19.5,"eco2D_Plankton_C_Total","C Biomass - Total","mmol C m^-3",2.57961058616638
"Kashmir",24,7,49.5,"eco2D_Plankton_C_Total","C Biomass - Total","mmol C m^-3",2.4166157245636
"Kashmir",24,7,99.5,"eco2D_Plankton_C_Total","C Biomass - Total","mmol C m^-3",1.79683661460876
"Kashmir",24,7,199.5,"eco2D_Plankton_C_Total","C Biomass - Total","mmol C m^-3",1.72878921031952
"Kashmir",24,7,499.5,"eco2D_Plankton_C_Total","C Biomass - Total","mmol C m^-3",1.54127299785614
"Kashmir",24,7,999.5,"eco2D_Plankton_C_Total","C Biomass - Total","mmol C m^-3",1.4190993309021
"Kashmir",24,7,1999.5,"eco2D_Plankton_C_Total","C Biomass - Total","mmol C m^-3",1.37762224674225
"Kashmir",24,7,4999.5,"eco2D_Plankton_C_Total","C Biomass - Total","mmol C m^-3",1.3902575969696
"Kashmir",24,7,9999.5,"eco2D_Plankton_C_Total","C Biomass - Total","mmol C m^-3",1.39104449748993
"Kashmir",24,7,0.5,"eco2D_Uptake_Fluxes_C","Uptake Fluxes C","mmol C m^-3 d^-1",0.634089827537537
"Kashmir",24,7,1.5,"eco2D_Uptake_Fluxes_C","Uptake Fluxes C","mmol C m^-3 d^-1",0.664088368415833
"Kashmir",24,7,4.5,"eco2D_Uptake_Fluxes_C","Uptake Fluxes C","mmol C m^-3 d^-1",0.674094438552856
"Kashmir",24,7,9.5,"eco2D_Uptake_Fluxes_C","Uptake Fluxes C","mmol C m^-3 d^-1",0.620753943920135
"Kashmir",24,7,19.5,"eco2D_Uptake_Fluxes_C","Uptake Fluxes C","mmol C m^-3 d^-1",0.390462726354599
"Kashmir",24,7,49.5,"eco2D_Uptake_Fluxes_C","Uptake Fluxes C","mmol C m^-3 d^-1",0.360310822725296
"Kashmir",24,7,99.5,"eco2D_Uptake_Fluxes_C","Uptake Fluxes C","mmol C m^-3 d^-1",0.23588515818119
"Kashmir",24,7,199.5,"eco2D_Uptake_Fluxes_C","Uptake Fluxes C","mmol C m^-3 d^-1",0.223855033516884
"Kashmir",24,7,499.5,"eco2D_Uptake_Fluxes_C","Uptake Fluxes C","mmol C m^-3 d^-1",0.185596913099289
"Kashmir",24,7,999.5,"eco2D_Uptake_Fluxes_C","Uptake Fluxes C","mmol C m^-3 d^-1",0.161458358168602
"Kashmir",24,7,1999.5,"eco2D_Uptake_Fluxes_C","Uptake Fluxes C","mmol C m^-3 d^-1",0.154263004660606
"Kashmir",24,7,4999.5,"eco2D_Uptake_Fluxes_C","Uptake Fluxes C","mmol C m^-3 d^-1",0.156032741069794
"Kashmir",24,7,9999.5,"eco2D_Uptake_Fluxes_C","Uptake Fluxes C","mmol C m^-3 d^-1",0.15617810189724
"Kashmir",24,7,0.5,"eco2D_Plankton_P_001","P Biomass - Popn. #001 (0.60 micron phytoplankton)","mmol P m^-3",0.000331605930114165
"Kashmir",24,7,1.5,"eco2D_Plankton_P_001","P Biomass - Popn. #001 (0.60 micron phytoplankton)","mmol P m^-3",0.000324620574247092
"Kashmir",24,7,4.5,"eco2D_Plankton_P_001","P Biomass - Popn. #001 (0.60 micron phytoplankton)","mmol P m^-3",0.00036713169538416
"Kashmir",24,7,9.5,"eco2D_Plankton_P_001","P Biomass - Popn. #001 (0.60 micron phytoplankton)","mmol P m^-3",0.000401669705752283
"Kashmir",24,7,19.5,"eco2D_Plankton_P_001","P Biomass - Popn. #001 (0.60 micron phytoplankton)","mmol P m^-3",0.000458693219115958
"Kashmir",24,7,49.5,"eco2D_Plankton_P_001","P Biomass - Popn. #001 (0.60 micron phytoplankton)","mmol P m^-3",0.000477338064229116
"Kashmir",24,7,99.5,"eco2D_Plankton_P_001","P Biomass - Popn. #001 (0.60 micron phytoplankton)","mmol P m^-3",0.000530927674844861
"Kashmir",24,7,199.5,"eco2D_Plankton_P_001","P Biomass - Popn. #001 (0.60 micron phytoplankton)","mmol P m^-3",0.000538521504495293
"Kashmir",24,7,499.5,"eco2D_Plankton_P_001","P Biomass - Popn. #001 (0.60 micron phytoplankton)","mmol P m^-3",0.000553357123862952
"Kashmir",24,7,999.5,"eco2D_Plankton_P_001","P Biomass - Popn. #001 (0.60 micron phytoplankton)","mmol P m^-3",0.000558099651243538
"Kashmir",24,7,1999.5,"eco2D_Plankton_P_001","P Biomass - Popn. #001 (0.60 micron phytoplankton)","mmol P m^-3",0.000559513864573091
"Kashmir",24,7,4999.5,"eco2D_Plankton_P_001","P Biomass - Popn. #001 (0.60 micron phytoplankton)","mmol P m^-3",0.000556893646717072
"Kashmir",24,7,9999.5,"eco2D_Plankton_P_001","P Biomass - Popn. #001 (0.60 micron phytoplankton)","mmol P m^-3",0.000557130493689328
"Kashmir",24,7,0.5,"eco2D_xGamma_P_001","P Limitation - Popn. #001 (0.60 micron phytoplankton)","mmol P m^-3",0.987257838249207
"Kashmir",24,7,1.5,"eco2D_xGamma_P_001","P Limitation - Popn. #001 (0.60 micron phytoplankton)","mmol P m^-3",0.987041413784027
"Kashmir",24,7,4.5,"eco2D_xGamma_P_001","P Limitation - Popn. #001 (0.60 micron phytoplankton)","mmol P m^-3",0.9870885014534
"Kashmir",24,7,9.5,"eco2D_xGamma_P_001","P Limitation - Popn. #001 (0.60 micron phytoplankton)","mmol P m^-3",0.986788213253021
"Kashmir",24,7,19.5,"eco2D_xGamma_P_001","P Limitation - Popn. #001 (0.60 micron phytoplankton)","mmol P m^-3",0.981748819351196
"Kashmir",24,7,49.5,"eco2D_xGamma_P_001","P Limitation - Popn. #001 (0.60 micron phytoplankton)","mmol P m^-3",0.980100810527802
"Kashmir",24,7,99.5,"eco2D_xGamma_P_001","P Limitation - Popn. #001 (0.60 micron phytoplankton)","mmol P m^-3",0.968141198158264
"Kashmir",24,7,199.5,"eco2D_xGamma_P_001","P Limitation - Popn. #001 (0.60 micron phytoplankton)","mmol P m^-3",0.966376602649689
"Kashmir",24,7,499.5,"eco2D_xGamma_P_001","P Limitation - Popn. #001 (0.60 micron phytoplankton)","mmol P m^-3",0.958595514297485
"Kashmir",24,7,999.5,"eco2D_xGamma_P_001","P Limitation - Popn. #001 (0.60 micron phytoplankton)","mmol P m^-3",0.952391028404236
"Kashmir",24,7,1999.5,"eco2D_xGamma_P_001","P Limitation - Popn. #001 (0.60 micron phytoplankton)","mmol P m^-3",0.950140714645386
"Kashmir",24,7,4999.5,"eco2D_xGamma_P_001","P Limitation - Popn. #001 (0.60 micron phytoplankton)","mmol P m^-3",0.951012551784515
"Kashmir",24,7,9999.5,"eco2D_xGamma_P_001","P Limitation - Popn. #001 (0.60 micron phytoplankton)","mmol P m^-3",0.951017439365387
"Kashmir",24,7,0.5,"eco2D_Plankton_P_002","P Biomass - Popn. #002 (1.90 micron phytoplankton)","mmol P m^-3",0.0019763617310673
"Kashmir",24,7,1.5,"eco2D_Plankton_P_002","P Biomass - Popn. #002 (1.90 micron phytoplankton)","mmol P m^-3",0.00197232281789184
"Kashmir",24,7,4.5,"eco2D_Plankton_P_002","P Biomass - Popn. #002 (1.90 micron phytoplankton)","mmol P m^-3",0.0019275073427707
"Kashmir",24,7,9.5,"eco2D_Plankton_P_002","P Biomass - Popn. #002 (1.90 micron phytoplankton)","mmol P m^-3",0.00189911411143839
"Kashmir",24,7,19.5,"eco2D_Plankton_P_002","P Biomass - Popn. #002 (1.90 micron phytoplankton)","mmol P m^-3",0.00182878086343408
"Kashmir",24,7,49.5,"eco2D_Plankton_P_002","P Biomass - Popn. #002 (1.90 micron phytoplankton)","mmol P m^-3",0.00177205016370863
"Kashmir",24,7,99.5,"eco2D_Plankton_P_002","P Biomass - Popn. #002 (1.90 micron phytoplankton)","mmol P m^-3",0.00159805279690772
"Kashmir",24,7,199.5,"eco2D_Plankton_P_002","P Biomass - Popn. #002 (1.90 micron phytoplankton)","mmol P m^-3",0.0015860281419009
"Kashmir",24,7,499.5,"eco2D_Plankton_P_002","P Biomass - Popn. #002 (1.90 micron phytoplankton)","mmol P m^-3",0.0015211378922686
"Kashmir",24,7,999.5,"eco2D_Plankton_P_002","P Biomass - Popn. #002 (1.90 micron phytoplankton)","mmol P m^-3",0.00147358258254826
"Kashmir",24,7,1999.5,"eco2D_Plankton_P_002","P Biomass - Popn. #002 (1.90 micron phytoplankton)","mmol P m^-3",0.00145644752774388
"Kashmir",24,7,4999.5,"eco2D_Plankton_P_002","P Biomass - Popn. #002 (1.90 micron phytoplankton)","mmol P m^-3",0.00146703340578824
"Kashmir",24,7,9999.5,"eco2D_Plankton_P_002","P Biomass - Popn. #002 (1.90 micron phytoplankton)","mmol P m^-3",0.00146666553337127
"Kashmir",24,7,0.5,"eco2D_xGamma_P_002","P Limitation - Popn. #002 (1.90 micron phytoplankton)","mmol P m^-3",0.963134765625
"Kashmir",24,7,1.5,"eco2D_xGamma_P_002","P Limitation - Popn. #002 (1.90 micron phytoplankton)","mmol P m^-3",0.961228430271149
"Kashmir",24,7,4.5,"eco2D_xGamma_P_002","P Limitation - Popn. #002 (1.90 micron phytoplankton)","mmol P m^-3",0.961330592632294
"Kashmir",24,7,9.5,"eco2D_xGamma_P_002","P Limitation - Popn. #002 (1.90 micron phytoplankton)","mmol P m^-3",0.957297682762146
"Kashmir",24,7,19.5,"eco2D_xGamma_P_002","P Limitation - Popn. #002 (1.90 micron phytoplankton)","mmol P m^-3",0.904745757579803
"Kashmir",24,7,49.5,"eco2D_xGamma_P_002","P Limitation - Popn. #002 (1.90 micron phytoplankton)","mmol P m^-3",0.889724731445312
"Kashmir",24,7,99.5,"eco2D_xGamma_P_002","P Limitation - Popn. #002 (1.90 micron phytoplankton)","mmol P m^-3",0.793785810470581
"Kashmir",24,7,199.5,"eco2D_xGamma_P_002","P Limitation - Popn. #002 (1.90 micron phytoplankton)","mmol P m^-3",0.781105041503906
"Kashmir",24,7,499.5,"eco2D_xGamma_P_002","P Limitation - Popn. #002 (1.90 micron phytoplankton)","mmol P m^-3",0.729681015014648
"Kashmir",24,7,999.5,"eco2D_xGamma_P_002","P Limitation - Popn. #002 (1.90 micron phytoplankton)","mmol P m^-3",0.691893815994263
"Kashmir",24,7,1999.5,"eco2D_xGamma_P_002","P Limitation - Popn. #002 (1.90 micron phytoplankton)","mmol P m^-3",0.678785741329193
"Kashmir",24,7,4999.5,"eco2D_xGamma_P_002","P Limitation - Popn. #002 (1.90 micron phytoplankton)","mmol P m^-3",0.683274388313293
"Kashmir",24,7,9999.5,"eco2D_xGamma_P_002","P Limitation - Popn. #002 (1.90 micron phytoplankton)","mmol P m^-3",0.683308243751526
"Kashmir",24,7,0.5,"eco2D_Plankton_P_003","P Biomass - Popn. #003 (6.00 micron phytoplankton)","mmol P m^-3",0.00429869024083018
"Kashmir",24,7,1.5,"eco2D_Plankton_P_003","P Biomass - Popn. #003 (6.00 micron phytoplankton)","mmol P m^-3",0.00419962266460061
"Kashmir",24,7,4.5,"eco2D_Plankton_P_003","P Biomass - Popn. #003 (6.00 micron phytoplankton)","mmol P m^-3",0.00401611858978868
"Kashmir",24,7,9.5,"eco2D_Plankton_P_003","P Biomass - Popn. #003 (6.00 micron phytoplankton)","mmol P m^-3",0.00358629273250699
"Kashmir",24,7,19.5,"eco2D_Plankton_P_003","P Biomass - Popn. #003 (6.00 micron phytoplankton)","mmol P m^-3",0.0024098118301481
"Kashmir",24,7,49.5,"eco2D_Plankton_P_003","P Biomass - Popn. #003 (6.00 micron phytoplankton)","mmol P m^-3",0.00221723434515297
"Kashmir",24,7,99.5,"eco2D_Plankton_P_003","P Biomass - Popn. #003 (6.00 micron phytoplankton)","mmol P m^-3",0.00157866906374693
"Kashmir",24,7,199.5,"eco2D_Plankton_P_003","P Biomass - Popn. #003 (6.00 micron phytoplankton)","mmol P m^-3",0.00152332079596817
"Kashmir",24,7,499.5,"eco2D_Plankton_P_003","P Biomass - Popn. #003 (6.00 micron phytoplankton)","mmol P m^-3",0.00135724281426519
"Kashmir",24,7,999.5,"eco2D_Plankton_P_003","P Biomass - Popn. #003 (6.00 micron phytoplankton)","mmol P m^-3",0.00125319790095091
"Kashmir",24,7,1999.5,"eco2D_Plankton_P_003","P Biomass - Popn. #003 (6.00 micron phytoplankton)","mmol P m^-3",0.00121827283874154
"Kashmir",24,7,4999.5,"eco2D_Plankton_P_003","P Biomass - Popn. #003 (6.00 micron phytoplankton)","mmol P m^-3",0.00123266119044274
"Kashmir",24,7,9999.5,"eco2D_Plankton_P_003","P Biomass - Popn. #003 (6.00 micron phytoplankton)","mmol P m^-3",0.00123258377425373
"Kashmir",24,7,0.5,"eco2D_xGamma_P_003","P Limitation - Popn. #003 (6.00 micron phytoplankton)","mmol P m^-3",0.938983559608459
"Kashmir",24,7,1.5,"eco2D_xGamma_P_003","P Limitation - Popn. #003 (6.00 micron phytoplankton)","mmol P m^-3",0.933690905570984
"Kashmir",24,7,4.5,"eco2D_xGamma_P_003","P Limitation - Popn. #003 (6.00 micron phytoplankton)","mmol P m^-3",0.929469347000122
"Kashmir",24,7,9.5,"eco2D_xGamma_P_003","P Limitation - Popn. #003 (6.00 micron phytoplankton)","mmol P m^-3",0.914850354194641
"Kashmir",24,7,19.5,"eco2D_xGamma_P_003","P Limitation - Popn. #003 (6.00 micron phytoplankton)","mmol P m^-3",0.708828628063202
"Kashmir",24,7,49.5,"eco2D_xGamma_P_003","P Limitation - Popn. #003 (6.00 micron phytoplankton)","mmol P m^-3",0.670187532901764
"Kashmir",24,7,99.5,"eco2D_xGamma_P_003","P Limitation - Popn. #003 (6.00 micron phytoplankton)","mmol P m^-3",0.480018019676208
"Kashmir",24,7,199.5,"eco2D_xGamma_P_003","P Limitation - Popn. #003 (6.00 micron phytoplankton)","mmol P m^-3",0.460790991783142
"Kashmir",24,7,499.5,"eco2D_xGamma_P_003","P Limitation - Popn. #003 (6.00 micron phytoplankton)","mmol P m^-3",0.395674049854279
"Kashmir",24,7,999.5,"eco2D_xGamma_P_003","P Limitation - Popn. #003 (6.00 micron phytoplankton)","mmol P m^-3",0.3541060090065
"Kashmir",24,7,1999.5,"eco2D_xGamma_P_003","P Limitation - Popn. #003 (6.00 micron phytoplankton)","mmol P m^-3",0.340250104665756
"Kashmir",24,7,4999.5,"eco2D_xGamma_P_003","P Limitation - Popn. #003 (6.00 micron phytoplankton)","mmol P m^-3",0.344033867120743
"Kashmir",24,7,9999.5,"eco2D_xGamma_P_003","P Limitation - Popn. #003 (6.00 micron phytoplankton)","mmol P m^-3",0.34403532743454
"Kashmir",24,7,0.5,"eco2D_Plankton_P_004","P Biomass - Popn. #004 (19.00 micron phytoplankton)","mmol P m^-3",0.00390370958484709
"Kashmir",24,7,1.5,"eco2D_Plankton_P_004","P Biomass - Popn. #004 (19.00 micron phytoplankton)","mmol P m^-3",0.00391944870352745
"Kashmir",24,7,4.5,"eco2D_Plankton_P_004","P Biomass - Popn. #004 (19.00 micron phytoplankton)","mmol P m^-3",0.00371155724860728
"Kashmir",24,7,9.5,"eco2D_Plankton_P_004","P Biomass - Popn. #004 (19.00 micron phytoplankton)","mmol P m^-3",0.00315268943086267
"Kashmir",24,7,19.5,"eco2D_Plankton_P_004","P Biomass - Popn. #004 (19.00 micron phytoplankton)","mmol P m^-3",0.00171077717095613
"Kashmir",24,7,49.5,"eco2D_Plankton_P_004","P Biomass - Popn. #004 (19.00 micron phytoplankton)","mmol P m^-3",0.00156841578427702
"Kashmir",24,7,99.5,"eco2D_Plankton_P_004","P Biomass - Popn. #004 (19.00 micron phytoplankton)","mmol P m^-3",0.00101338268723339
"Kashmir",24,7,199.5,"eco2D_Plankton_P_004","P Biomass - Popn. #004 (19.00 micron phytoplankton)","mmol P m^-3",0.000963538070209324
"Kashmir",24,7,499.5,"eco2D_Plankton_P_004","P Biomass - Popn. #004 (19.00 micron phytoplankton)","mmol P m^-3",0.000807754753623158
"Kashmir",24,7,999.5,"eco2D_Plankton_P_004","P Biomass - Popn. #004 (19.00 micron phytoplankton)","mmol P m^-3",0.000708817970007658
"Kashmir",24,7,1999.5,"eco2D_Plankton_P_004","P Biomass - Popn. #004 (19.00 micron phytoplankton)","mmol P m^-3",0.000673831847961992
"Kashmir",24,7,4999.5,"eco2D_Plankton_P_004","P Biomass - Popn. #004 (19.00 micron phytoplankton)","mmol P m^-3",0.000684327445924282
"Kashmir",24,7,9999.5,"eco2D_Plankton_P_004","P Biomass - Popn. #004 (19.00 micron phytoplankton)","mmol P m^-3",0.000684704340528697
"Kashmir",24,7,0.5,"eco2D_xGamma_P_004","P Limitation - Popn. #004 (19.00 micron phytoplankton)","mmol P m^-3",0.953319311141968
"Kashmir",24,7,1.5,"eco2D_xGamma_P_004","P Limitation - Popn. #004 (19.00 micron phytoplankton)","mmol P m^-3",0.946812629699707
"Kashmir",24,7,4.5,"eco2D_xGamma_P_004","P Limitation - Popn. #004 (19.00 micron phytoplankton)","mmol P m^-3",0.941750526428223
"Kashmir",24,7,9.5,"eco2D_xGamma_P_004","P Limitation - Popn. #004 (19.00 micron phytoplankton)","mmol P m^-3",0.889131724834442
"Kashmir",24,7,19.5,"eco2D_xGamma_P_004","P Limitation - Popn. #004 (19.00 micron phytoplankton)","mmol P m^-3",0.577300250530243
"Kashmir",24,7,49.5,"eco2D_xGamma_P_004","P Limitation - Popn. #004 (19.00 micron phytoplankton)","mmol P m^-3",0.53992760181427
"Kashmir",24,7,99.5,"eco2D_xGamma_P_004","P Limitation - Popn. #004 (19.00 micron phytoplankton)","mmol P m^-3",0.362866044044495
"Kashmir",24,7,199.5,"eco2D_xGamma_P_004","P Limitation - Popn. #004 (19.00 micron phytoplankton)","mmol P m^-3",0.346098124980927
"Kashmir",24,7,499.5,"eco2D_xGamma_P_004","P Limitation - Popn. #004 (19.00 micron phytoplankton)","mmol P m^-3",0.291063338518143
"Kashmir",24,7,999.5,"eco2D_xGamma_P_004","P Limitation - Popn. #004 (19.00 micron phytoplankton)","mmol P m^-3",0.256454169750214
"Kashmir",24,7,1999.5,"eco2D_xGamma_P_004","P Limitation - Popn. #004 (19.00 micron phytoplankton)","mmol P m^-3",0.244518414139748
"Kashmir",24,7,4999.5,"eco2D_xGamma_P_004","P Limitation - Popn. #004 (19.00 micron phytoplankton)","mmol P m^-3",0.247562482953072
"Kashmir",24,7,9999.5,"eco2D_xGamma_P_004","P Limitation - Popn. #004 (19.00 micron phytoplankton)","mmol P m^-3",0.247618436813354
"Kashmir",24,7,0.5,"eco2D_Plankton_P_005","P Biomass - Popn. #005 (60.00 micron phytoplankton)","mmol P m^-3",0.00330101791769266
"Kashmir",24,7,1.5,"eco2D_Plankton_P_005","P Biomass - Popn. #005 (60.00 micron phytoplankton)","mmol P m^-3",0.00326812546700239
"Kashmir",24,7,4.5,"eco2D_Plankton_P_005","P Biomass - Popn. #005 (60.00 micron phytoplankton)","mmol P m^-3",0.00308540393598378
"Kashmir",24,7,9.5,"eco2D_Plankton_P_005","P Biomass - Popn. #005 (60.00 micron phytoplankton)","mmol P m^-3",0.00241132639348507
"Kashmir",24,7,19.5,"eco2D_Plankton_P_005","P Biomass - Popn. #005 (60.00 micron phytoplankton)","mmol P m^-3",0.00111974857281893
"Kashmir",24,7,49.5,"eco2D_Plankton_P_005","P Biomass - Popn. #005 (60.00 micron phytoplankton)","mmol P m^-3",0.00102411862462759
"Kashmir",24,7,99.5,"eco2D_Plankton_P_005","P Biomass - Popn. #005 (60.00 micron phytoplankton)","mmol P m^-3",0.00046999822370708
"Kashmir",24,7,199.5,"eco2D_Plankton_P_005","P Biomass - Popn. #005 (60.00 micron phytoplankton)","mmol P m^-3",0.000404283811803907
"Kashmir",24,7,499.5,"eco2D_Plankton_P_005","P Biomass - Popn. #005 (60.00 micron phytoplankton)","mmol P m^-3",0.000185397060704418
"Kashmir",24,7,999.5,"eco2D_Plankton_P_005","P Biomass - Popn. #005 (60.00 micron phytoplankton)","mmol P m^-3",6.50749279884622e-05
"Kashmir",24,7,1999.5,"eco2D_Plankton_P_005","P Biomass - Popn. #005 (60.00 micron phytoplankton)","mmol P m^-3",2.87488892354304e-05
"Kashmir",24,7,4999.5,"eco2D_Plankton_P_005","P Biomass - Popn. #005 (60.00 micron phytoplankton)","mmol P m^-3",3.46279812220018e-05
"Kashmir",24,7,9999.5,"eco2D_Plankton_P_005","P Biomass - Popn. #005 (60.00 micron phytoplankton)","mmol P m^-3",3.61715428880416e-05
"Kashmir",24,7,0.5,"eco2D_xGamma_P_005","P Limitation - Popn. #005 (60.00 micron phytoplankton)","mmol P m^-3",0.950585186481476
"Kashmir",24,7,1.5,"eco2D_xGamma_P_005","P Limitation - Popn. #005 (60.00 micron phytoplankton)","mmol P m^-3",0.939909517765045
"Kashmir",24,7,4.5,"eco2D_xGamma_P_005","P Limitation - Popn. #005 (60.00 micron phytoplankton)","mmol P m^-3",0.926976144313812
"Kashmir",24,7,9.5,"eco2D_xGamma_P_005","P Limitation - Popn. #005 (60.00 micron phytoplankton)","mmol P m^-3",0.828082501888275
"Kashmir",24,7,19.5,"eco2D_xGamma_P_005","P Limitation - Popn. #005 (60.00 micron phytoplankton)","mmol P m^-3",0.462098211050034
"Kashmir",24,7,49.5,"eco2D_xGamma_P_005","P Limitation - Popn. #005 (60.00 micron phytoplankton)","mmol P m^-3",0.432088732719421
"Kashmir",24,7,99.5,"eco2D_xGamma_P_005","P Limitation - Popn. #005 (60.00 micron phytoplankton)","mmol P m^-3",0.273553490638733
"Kashmir",24,7,199.5,"eco2D_xGamma_P_005","P Limitation - Popn. #005 (60.00 micron phytoplankton)","mmol P m^-3",0.258733540773392
"Kashmir",24,7,499.5,"eco2D_xGamma_P_005","P Limitation - Popn. #005 (60.00 micron phytoplankton)","mmol P m^-3",0.209887400269508
"Kashmir",24,7,999.5,"eco2D_xGamma_P_005","P Limitation - Popn. #005 (60.00 micron phytoplankton)","mmol P m^-3",0.179566994309425
"Kashmir",24,7,1999.5,"eco2D_xGamma_P_005","P Limitation - Popn. #005 (60.00 micron phytoplankton)","mmol P m^-3",0.169057384133339
"Kashmir",24,7,4999.5,"eco2D_xGamma_P_005","P Limitation - Popn. #005 (60.00 micron phytoplankton)","mmol P m^-3",0.171525433659554
"Kashmir",24,7,9999.5,"eco2D_xGamma_P_005","P Limitation - Popn. #005 (60.00 micron phytoplankton)","mmol P m^-3",0.171707421541214
"Kashmir",24,7,0.5,"eco2D_Plankton_P_006","P Biomass - Popn. #006 (190.00 micron phytoplankton)","mmol P m^-3",0.00330713856965303
"Kashmir",24,7,1.5,"eco2D_Plankton_P_006","P Biomass - Popn. #006 (190.00 micron phytoplankton)","mmol P m^-3",0.003099454799667
"Kashmir",24,7,4.5,"eco2D_Plankton_P_006","P Biomass - Popn. #006 (190.00 micron phytoplankton)","mmol P m^-3",0.00282731931656599
"Kashmir",24,7,9.5,"eco2D_Plankton_P_006","P Biomass - Popn. #006 (190.00 micron phytoplankton)","mmol P m^-3",0.00192117970436811
"Kashmir",24,7,19.5,"eco2D_Plankton_P_006","P Biomass - Popn. #006 (190.00 micron phytoplankton)","mmol P m^-3",0.000387356762075797
"Kashmir",24,7,49.5,"eco2D_Plankton_P_006","P Biomass - Popn. #006 (190.00 micron phytoplankton)","mmol P m^-3",0.000265197246335447
"Kashmir",24,7,99.5,"eco2D_Plankton_P_006","P Biomass - Popn. #006 (190.00 micron phytoplankton)","mmol P m^-3",2.65151203944491e-12
"Kashmir",24,7,199.5,"eco2D_Plankton_P_006","P Biomass - Popn. #006 (190.00 micron phytoplankton)","mmol P m^-3",1.56420373615546e-12
"Kashmir",24,7,499.5,"eco2D_Plankton_P_006","P Biomass - Popn. #006 (190.00 micron phytoplankton)","mmol P m^-3",4.30368007941009e-13
"Kashmir",24,7,999.5,"eco2D_Plankton_P_006","P Biomass - Popn. #006 (190.00 micron phytoplankton)","mmol P m^-3",2.54444008180796e-13
"Kashmir",24,7,1999.5,"eco2D_Plankton_P_006","P Biomass - Popn. #006 (190.00 micron phytoplankton)","mmol P m^-3",2.18812503381162e-13
"Kashmir",24,7,4999.5,"eco2D_Plankton_P_006","P Biomass - Popn. #006 (190.00 micron phytoplankton)","mmol P m^-3",2.23608173535554e-13
"Kashmir",24,7,9999.5,"eco2D_Plankton_P_006","P Biomass - Popn. #006 (190.00 micron phytoplankton)","mmol P m^-3",2.24726013080441e-13
"Kashmir",24,7,0.5,"eco2D_xGamma_P_006","P Limitation - Popn. #006 (190.00 micron phytoplankton)","mmol P m^-3",0.91612720489502
"Kashmir",24,7,1.5,"eco2D_xGamma_P_006","P Limitation - Popn. #006 (190.00 micron phytoplankton)","mmol P m^-3",0.895397961139679
"Kashmir",24,7,4.5,"eco2D_xGamma_P_006","P Limitation - Popn. #006 (190.00 micron phytoplankton)","mmol P m^-3",0.867892920970917
"Kashmir",24,7,9.5,"eco2D_xGamma_P_006","P Limitation - Popn. #006 (190.00 micron phytoplankton)","mmol P m^-3",0.697174727916718
"Kashmir",24,7,19.5,"eco2D_xGamma_P_006","P Limitation - Popn. #006 (190.00 micron phytoplankton)","mmol P m^-3",0.327428698539734
"Kashmir",24,7,49.5,"eco2D_xGamma_P_006","P Limitation - Popn. #006 (190.00 micron phytoplankton)","mmol P m^-3",0.305482566356659
"Kashmir",24,7,99.5,"eco2D_xGamma_P_006","P Limitation - Popn. #006 (190.00 micron phytoplankton)","mmol P m^-3",0.17335607111454
"Kashmir",24,7,199.5,"eco2D_xGamma_P_006","P Limitation - Popn. #006 (190.00 micron phytoplankton)","mmol P m^-3",0.16138631105423
"Kashmir",24,7,499.5,"eco2D_xGamma_P_006","P Limitation - Popn. #006 (190.00 micron phytoplankton)","mmol P m^-3",0.123199127614498
"Kashmir",24,7,999.5,"eco2D_xGamma_P_006","P Limitation - Popn. #006 (190.00 micron phytoplankton)","mmol P m^-3",0.101750023663044
"Kashmir",24,7,1999.5,"eco2D_xGamma_P_006","P Limitation - Popn. #006 (190.00 micron phytoplankton)","mmol P m^-3",0.0945298001170158
"Kashmir",24,7,4999.5,"eco2D_xGamma_P_006","P Limitation - Popn. #006 (190.00 micron phytoplankton)","mmol P m^-3",0.0961417630314827
"Kashmir",24,7,9999.5,"eco2D_xGamma_P_006","P Limitation - Popn. #006 (190.00 micron phytoplankton)","mmol P m^-3",0.0963191539049149
"Kashmir",24,7,0.5,"eco2D_Plankton_P_007","P Biomass - Popn. #007 (600.00 micron phytoplankton)","mmol P m^-3",0.00342642655596137
"Kashmir",24,7,1.5,"eco2D_Plankton_P_007","P Biomass - Popn. #007 (600.00 micron phytoplankton)","mmol P m^-3",0.00307662389241159
"Kashmir",24,7,4.5,"eco2D_Plankton_P_007","P Biomass - Popn. #007 (600.00 micron phytoplankton)","mmol P m^-3",0.00264897895976901
"Kashmir",24,7,9.5,"eco2D_Plankton_P_007","P Biomass - Popn. #007 (600.00 micron phytoplankton)","mmol P m^-3",0.00109123985748738
"Kashmir",24,7,19.5,"eco2D_Plankton_P_007","P Biomass - Popn. #007 (600.00 micron phytoplankton)","mmol P m^-3",5.51715736898245e-13
"Kashmir",24,7,49.5,"eco2D_Plankton_P_007","P Biomass - Popn. #007 (600.00 micron phytoplankton)","mmol P m^-3",4.58757652092162e-13
"Kashmir",24,7,99.5,"eco2D_Plankton_P_007","P Biomass - Popn. #007 (600.00 micron phytoplankton)","mmol P m^-3",1.31765529477051e-13
"Kashmir",24,7,199.5,"eco2D_Plankton_P_007","P Biomass - Popn. #007 (600.00 micron phytoplankton)","mmol P m^-3",1.15866056983258e-13
"Kashmir",24,7,499.5,"eco2D_Plankton_P_007","P Biomass - Popn. #007 (600.00 micron phytoplankton)","mmol P m^-3",7.58885142226884e-14
"Kashmir",24,7,999.5,"eco2D_Plankton_P_007","P Biomass - Popn. #007 (600.00 micron phytoplankton)","mmol P m^-3",5.73211996531681e-14
"Kashmir",24,7,1999.5,"eco2D_Plankton_P_007","P Biomass - Popn. #007 (600.00 micron phytoplankton)","mmol P m^-3",5.18683403519238e-14
"Kashmir",24,7,4999.5,"eco2D_Plankton_P_007","P Biomass - Popn. #007 (600.00 micron phytoplankton)","mmol P m^-3",5.26530248979966e-14
"Kashmir",24,7,9999.5,"eco2D_Plankton_P_007","P Biomass - Popn. #007 (600.00 micron phytoplankton)","mmol P m^-3",5.28901229724602e-14
"Kashmir",24,7,0.5,"eco2D_xGamma_P_007","P Limitation - Popn. #007 (600.00 micron phytoplankton)","mmol P m^-3",0.824894368648529
"Kashmir",24,7,1.5,"eco2D_xGamma_P_007","P Limitation - Popn. #007 (600.00 micron phytoplankton)","mmol P m^-3",0.785164594650269
"Kashmir",24,7,4.5,"eco2D_xGamma_P_007","P Limitation - Popn. #007 (600.00 micron phytoplankton)","mmol P m^-3",0.733470022678375
"Kashmir",24,7,9.5,"eco2D_xGamma_P_007","P Limitation - Popn. #007 (600.00 micron phytoplankton)","mmol P m^-3",0.495792746543884
"Kashmir",24,7,19.5,"eco2D_xGamma_P_007","P Limitation - Popn. #007 (600.00 micron phytoplankton)","mmol P m^-3",0.193921759724617
"Kashmir",24,7,49.5,"eco2D_xGamma_P_007","P Limitation - Popn. #007 (600.00 micron phytoplankton)","mmol P m^-3",0.178474873304367
"Kashmir",24,7,99.5,"eco2D_xGamma_P_007","P Limitation - Popn. #007 (600.00 micron phytoplankton)","mmol P m^-3",0.0880839377641678
"Kashmir",24,7,199.5,"eco2D_xGamma_P_007","P Limitation - Popn. #007 (600.00 micron phytoplankton)","mmol P m^-3",0.0808492824435234
"Kashmir",24,7,499.5,"eco2D_xGamma_P_007","P Limitation - Popn. #007 (600.00 micron phytoplankton)","mmol P m^-3",0.0588117018342018
"Kashmir",24,7,999.5,"eco2D_xGamma_P_007","P Limitation - Popn. #007 (600.00 micron phytoplankton)","mmol P m^-3",0.0474461391568184
"Kashmir",24,7,1999.5,"eco2D_xGamma_P_007","P Limitation - Popn. #007 (600.00 micron phytoplankton)","mmol P m^-3",0.0437044762074947
"Kashmir",24,7,4999.5,"eco2D_xGamma_P_007","P Limitation - Popn. #007 (600.00 micron phytoplankton)","mmol P m^-3",0.0445341318845749
"Kashmir",24,7,9999.5,"eco2D_xGamma_P_007","P Limitation - Popn. #007 (600.00 micron phytoplankton)","mmol P m^-3",0.0446336716413498
"Kashmir",24,7,0.5,"eco2D_Plankton_P_008","P Biomass - Popn. #008 (1900.00 micron phytoplankton)","mmol P m^-3",0.00113905116450042
"Kashmir",24,7,1.5,"eco2D_Plankton_P_008","P Biomass - Popn. #008 (1900.00 micron phytoplankton)","mmol P m^-3",0.000908364076167345
"Kashmir",24,7,4.5,"eco2D_Plankton_P_008","P Biomass - Popn. #008 (1900.00 micron phytoplankton)","mmol P m^-3",0.000656539225019515
"Kashmir",24,7,9.5,"eco2D_Plankton_P_008","P Biomass - Popn. #008 (1900.00 micron phytoplankton)","mmol P m^-3",2.19410267732201e-08
"Kashmir",24,7,19.5,"eco2D_Plankton_P_008","P Biomass - Popn. #008 (1900.00 micron phytoplankton)","mmol P m^-3",9.7143328808575e-14
"Kashmir",24,7,49.5,"eco2D_Plankton_P_008","P Biomass - Popn. #008 (1900.00 micron phytoplankton)","mmol P m^-3",8.5854534473493e-14
"Kashmir",24,7,99.5,"eco2D_Plankton_P_008","P Biomass - Popn. #008 (1900.00 micron phytoplankton)","mmol P m^-3",3.57018796850236e-14
"Kashmir",24,7,199.5,"eco2D_Plankton_P_008","P Biomass - Popn. #008 (1900.00 micron phytoplankton)","mmol P m^-3",3.19023101122071e-14
"Kashmir",24,7,499.5,"eco2D_Plankton_P_008","P Biomass - Popn. #008 (1900.00 micron phytoplankton)","mmol P m^-3",2.18183744048151e-14
"Kashmir",24,7,999.5,"eco2D_Plankton_P_008","P Biomass - Popn. #008 (1900.00 micron phytoplankton)","mmol P m^-3",1.67748098940136e-14
"Kashmir",24,7,1999.5,"eco2D_Plankton_P_008","P Biomass - Popn. #008 (1900.00 micron phytoplankton)","mmol P m^-3",1.520293527841e-14
"Kashmir",24,7,4999.5,"eco2D_Plankton_P_008","P Biomass - Popn. #008 (1900.00 micron phytoplankton)","mmol P m^-3",1.54338466242269e-14
"Kashmir",24,7,9999.5,"eco2D_Plankton_P_008","P Biomass - Popn. #008 (1900.00 micron phytoplankton)","mmol P m^-3",1.55232628102709e-14
"Kashmir",24,7,0.5,"eco2D_xGamma_P_008","P Limitation - Popn. #008 (1900.00 micron phytoplankton)","mmol P m^-3",0.638627111911774
"Kashmir",24,7,1.5,"eco2D_xGamma_P_008","P Limitation - Popn. #008 (1900.00 micron phytoplankton)","mmol P m^-3",0.579612851142883
"Kashmir",24,7,4.5,"eco2D_xGamma_P_008","P Limitation - Popn. #008 (1900.00 micron phytoplankton)","mmol P m^-3",0.508592665195465
"Kashmir",24,7,9.5,"eco2D_xGamma_P_008","P Limitation - Popn. #008 (1900.00 micron phytoplankton)","mmol P m^-3",0.282544493675232
"Kashmir",24,7,19.5,"eco2D_xGamma_P_008","P Limitation - Popn. #008 (1900.00 micron phytoplankton)","mmol P m^-3",0.0929776355624199
"Kashmir",24,7,49.5,"eco2D_xGamma_P_008","P Limitation - Popn. #008 (1900.00 micron phytoplankton)","mmol P m^-3",0.08384158462286
"Kashmir",24,7,99.5,"eco2D_xGamma_P_008","P Limitation - Popn. #008 (1900.00 micron phytoplankton)","mmol P m^-3",0.0373186841607094
"Kashmir",24,7,199.5,"eco2D_xGamma_P_008","P Limitation - Popn. #008 (1900.00 micron phytoplankton)","mmol P m^-3",0.0339832939207554
"Kashmir",24,7,499.5,"eco2D_xGamma_P_008","P Limitation - Popn. #008 (1900.00 micron phytoplankton)","mmol P m^-3",0.0241355001926422
"Kashmir",24,7,999.5,"eco2D_xGamma_P_008","P Limitation - Popn. #008 (1900.00 micron phytoplankton)","mmol P m^-3",0.0192463397979736
"Kashmir",24,7,1999.5,"eco2D_xGamma_P_008","P Limitation - Popn. #008 (1900.00 micron phytoplankton)","mmol P m^-3",0.017699746415019
"Kashmir",24,7,4999.5,"eco2D_xGamma_P_008","P Limitation - Popn. #008 (1900.00 micron phytoplankton)","mmol P m^-3",0.0180495213717222
"Kashmir",24,7,9999.5,"eco2D_xGamma_P_008","P Limitation - Popn. #008 (1900.00 micron phytoplankton)","mmol P m^-3",0.0180886369198561
"Kashmir",24,7,0.5,"eco2D_Plankton_P_009","P Biomass - Popn. #009 (0.60 micron zooplankton)","mmol P m^-3",2.01259445020696e-05
"Kashmir",24,7,1.5,"eco2D_Plankton_P_009","P Biomass - Popn. #009 (0.60 micron zooplankton)","mmol P m^-3",5.29198629362071e-10
"Kashmir",24,7,4.5,"eco2D_Plankton_P_009","P Biomass - Popn. #009 (0.60 micron zooplankton)","mmol P m^-3",5.86368789894792e-13
"Kashmir",24,7,9.5,"eco2D_Plankton_P_009","P Biomass - Popn. #009 (0.60 micron zooplankton)","mmol P m^-3",6.81471209757617e-13
"Kashmir",24,7,19.5,"eco2D_Plankton_P_009","P Biomass - Popn. #009 (0.60 micron zooplankton)","mmol P m^-3",7.44724865543028e-13
"Kashmir",24,7,49.5,"eco2D_Plankton_P_009","P Biomass - Popn. #009 (0.60 micron zooplankton)","mmol P m^-3",7.60196755805048e-13
"Kashmir",24,7,99.5,"eco2D_Plankton_P_009","P Biomass - Popn. #009 (0.60 micron zooplankton)","mmol P m^-3",6.49408478381464e-13
"Kashmir",24,7,199.5,"eco2D_Plankton_P_009","P Biomass - Popn. #009 (0.60 micron zooplankton)","mmol P m^-3",6.28854010965157e-13
"Kashmir",24,7,499.5,"eco2D_Plankton_P_009","P Biomass - Popn. #009 (0.60 micron zooplankton)","mmol P m^-3",5.65934452079198e-13
"Kashmir",24,7,999.5,"eco2D_Plankton_P_009","P Biomass - Popn. #009 (0.60 micron zooplankton)","mmol P m^-3",5.12957569216016e-13
"Kashmir",24,7,1999.5,"eco2D_Plankton_P_009","P Biomass - Popn. #009 (0.60 micron zooplankton)","mmol P m^-3",4.95575748406946e-13
"Kashmir",24,7,4999.5,"eco2D_Plankton_P_009","P Biomass - Popn. #009 (0.60 micron zooplankton)","mmol P m^-3",4.94842014586716e-13
"Kashmir",24,7,9999.5,"eco2D_Plankton_P_009","P Biomass - Popn. #009 (0.60 micron zooplankton)","mmol P m^-3",4.95851948910386e-13
"Kashmir",24,7,0.5,"eco2D_Plankton_P_010","P Biomass - Popn. #010 (1.90 micron zooplankton)","mmol P m^-3",0.000202138049644418
"Kashmir",24,7,1.5,"eco2D_Plankton_P_010","P Biomass - Popn. #010 (1.90 micron zooplankton)","mmol P m^-3",0.000218623739783652
"Kashmir",24,7,4.5,"eco2D_Plankton_P_010","P Biomass - Popn. #010 (1.90 micron zooplankton)","mmol P m^-3",0.000229472265345976
"Kashmir",24,7,9.5,"eco2D_Plankton_P_010","P Biomass - Popn. #010 (1.90 micron zooplankton)","mmol P m^-3",0.000233819751883857
"Kashmir",24,7,19.5,"eco2D_Plankton_P_010","P Biomass - Popn. #010 (1.90 micron zooplankton)","mmol P m^-3",0.000233446728088893
"Kashmir",24,7,49.5,"eco2D_Plankton_P_010","P Biomass - Popn. #010 (1.90 micron zooplankton)","mmol P m^-3",0.000228398275794461
"Kashmir",24,7,99.5,"eco2D_Plankton_P_010","P Biomass - Popn. #010 (1.90 micron zooplankton)","mmol P m^-3",0.00019970910216216
"Kashmir",24,7,199.5,"eco2D_Plankton_P_010","P Biomass - Popn. #010 (1.90 micron zooplankton)","mmol P m^-3",0.000195132539374754
"Kashmir",24,7,499.5,"eco2D_Plankton_P_010","P Biomass - Popn. #010 (1.90 micron zooplankton)","mmol P m^-3",0.000180096685653552
"Kashmir",24,7,999.5,"eco2D_Plankton_P_010","P Biomass - Popn. #010 (1.90 micron zooplankton)","mmol P m^-3",0.000164263561600819
"Kashmir",24,7,1999.5,"eco2D_Plankton_P_010","P Biomass - Popn. #010 (1.90 micron zooplankton)","mmol P m^-3",0.000158206792548299
"Kashmir",24,7,4999.5,"eco2D_Plankton_P_010","P Biomass - Popn. #010 (1.90 micron zooplankton)","mmol P m^-3",0.000158839757204987
"Kashmir",24,7,9999.5,"eco2D_Plankton_P_010","P Biomass - Popn. #010 (1.90 micron zooplankton)","mmol P m^-3",0.000159106813953258
"Kashmir",24,7,0.5,"eco2D_Plankton_P_011","P Biomass - Popn. #011 (6.00 micron zooplankton)","mmol P m^-3",0.000891883042640984
"Kashmir",24,7,1.5,"eco2D_Plankton_P_011","P Biomass - Popn. #011 (6.00 micron zooplankton)","mmol P m^-3",0.00093675876269117
"Kashmir",24,7,4.5,"eco2D_Plankton_P_011","P Biomass - Popn. #011 (6.00 micron zooplankton)","mmol P m^-3",0.000911777548026294
"Kashmir",24,7,9.5,"eco2D_Plankton_P_011","P Biomass - Popn. #011 (6.00 micron zooplankton)","mmol P m^-3",0.000872678530868143
"Kashmir",24,7,19.5,"eco2D_Plankton_P_011","P Biomass - Popn. #011 (6.00 micron zooplankton)","mmol P m^-3",0.000769268430303782
"Kashmir",24,7,49.5,"eco2D_Plankton_P_011","P Biomass - Popn. #011 (6.00 micron zooplankton)","mmol P m^-3",0.000738952599931508
"Kashmir",24,7,99.5,"eco2D_Plankton_P_011","P Biomass - Popn. #011 (6.00 micron zooplankton)","mmol P m^-3",0.000627135101240128
"Kashmir",24,7,199.5,"eco2D_Plankton_P_011","P Biomass - Popn. #011 (6.00 micron zooplankton)","mmol P m^-3",0.000610798655543476
"Kashmir",24,7,499.5,"eco2D_Plankton_P_011","P Biomass - Popn. #011 (6.00 micron zooplankton)","mmol P m^-3",0.000580393068958074
"Kashmir",24,7,999.5,"eco2D_Plankton_P_011","P Biomass - Popn. #011 (6.00 micron zooplankton)","mmol P m^-3",0.000560712127480656
"Kashmir",24,7,1999.5,"eco2D_Plankton_P_011","P Biomass - Popn. #011 (6.00 micron zooplankton)","mmol P m^-3",0.000553831050638109
"Kashmir",24,7,4999.5,"eco2D_Plankton_P_011","P Biomass - Popn. #011 (6.00 micron zooplankton)","mmol P m^-3",0.000556588172912598
"Kashmir",24,7,9999.5,"eco2D_Plankton_P_011","P Biomass - Popn. #011 (6.00 micron zooplankton)","mmol P m^-3",0.000556642014998943
"Kashmir",24,7,0.5,"eco2D_Plankton_P_012","P Biomass - Popn. #012 (19.00 micron zooplankton)","mmol P m^-3",0.00174033956136554
"Kashmir",24,7,1.5,"eco2D_Plankton_P_012","P Biomass - Popn. #012 (19.00 micron zooplankton)","mmol P m^-3",0.00184538296889514
"Kashmir",24,7,4.5,"eco2D_Plankton_P_012","P Biomass - Popn. #012 (19.00 micron zooplankton)","mmol P m^-3",0.00177943042945117
"Kashmir",24,7,9.5,"eco2D_Plankton_P_012","P Biomass - Popn. #012 (19.00 micron zooplankton)","mmol P m^-3",0.00166440615430474
"Kashmir",24,7,19.5,"eco2D_Plankton_P_012","P Biomass - Popn. #012 (19.00 micron zooplankton)","mmol P m^-3",0.00133796711452305
"Kashmir",24,7,49.5,"eco2D_Plankton_P_012","P Biomass - Popn. #012 (19.00 micron zooplankton)","mmol P m^-3",0.00127646629698575
"Kashmir",24,7,99.5,"eco2D_Plankton_P_012","P Biomass - Popn. #012 (19.00 micron zooplankton)","mmol P m^-3",0.00107574264984578
"Kashmir",24,7,199.5,"eco2D_Plankton_P_012","P Biomass - Popn. #012 (19.00 micron zooplankton)","mmol P m^-3",0.00104911345988512
"Kashmir",24,7,499.5,"eco2D_Plankton_P_012","P Biomass - Popn. #012 (19.00 micron zooplankton)","mmol P m^-3",0.0010044981027022
"Kashmir",24,7,999.5,"eco2D_Plankton_P_012","P Biomass - Popn. #012 (19.00 micron zooplankton)","mmol P m^-3",0.000996113871224225
"Kashmir",24,7,1999.5,"eco2D_Plankton_P_012","P Biomass - Popn. #012 (19.00 micron zooplankton)","mmol P m^-3",0.000997240073047578
"Kashmir",24,7,4999.5,"eco2D_Plankton_P_012","P Biomass - Popn. #012 (19.00 micron zooplankton)","mmol P m^-3",0.00100092333741486
"Kashmir",24,7,9999.5,"eco2D_Plankton_P_012","P Biomass - Popn. #012 (19.00 micron zooplankton)","mmol P m^-3",0.00100030947942287
"Kashmir",24,7,0.5,"eco2D_Plankton_P_013","P Biomass - Popn. #013 (60.00 micron zooplankton)","mmol P m^-3",0.00253244768828154
"Kashmir",24,7,1.5,"eco2D_Plankton_P_013","P Biomass - Popn. #013 (60.00 micron zooplankton)","mmol P m^-3",0.00261144060641527
"Kashmir",24,7,4.5,"eco2D_Plankton_P_013","P Biomass - Popn. #013 (60.00 micron zooplankton)","mmol P m^-3",0.00249979924410582
"Kashmir",24,7,9.5,"eco2D_Plankton_P_013","P Biomass - Popn. #013 (60.00 micron zooplankton)","mmol P m^-3",0.0023138178512454
"Kashmir",24,7,19.5,"eco2D_Plankton_P_013","P Biomass - Popn. #013 (60.00 micron zooplankton)","mmol P m^-3",0.00180641713086516
"Kashmir",24,7,49.5,"eco2D_Plankton_P_013","P Biomass - Popn. #013 (60.00 micron zooplankton)","mmol P m^-3",0.00172685494180769
"Kashmir",24,7,99.5,"eco2D_Plankton_P_013","P Biomass - Popn. #013 (60.00 micron zooplankton)","mmol P m^-3",0.0015523195033893
"Kashmir",24,7,199.5,"eco2D_Plankton_P_013","P Biomass - Popn. #013 (60.00 micron zooplankton)","mmol P m^-3",0.00155177607666701
"Kashmir",24,7,499.5,"eco2D_Plankton_P_013","P Biomass - Popn. #013 (60.00 micron zooplankton)","mmol P m^-3",0.00148496124893427
"Kashmir",24,7,999.5,"eco2D_Plankton_P_013","P Biomass - Popn. #013 (60.00 micron zooplankton)","mmol P m^-3",0.00147398433182389
"Kashmir",24,7,1999.5,"eco2D_Plankton_P_013","P Biomass - Popn. #013 (60.00 micron zooplankton)","mmol P m^-3",0.00148357427679002
"Kashmir",24,7,4999.5,"eco2D_Plankton_P_013","P Biomass - Popn. #013 (60.00 micron zooplankton)","mmol P m^-3",0.00148803449701518
"Kashmir",24,7,9999.5,"eco2D_Plankton_P_013","P Biomass - Popn. #013 (60.00 micron zooplankton)","mmol P m^-3",0.00148657627869397
"Kashmir",24,7,0.5,"eco2D_Plankton_P_014","P Biomass - Popn. #014 (190.00 micron zooplankton)","mmol P m^-3",0.00333434413187206
"Kashmir",24,7,1.5,"eco2D_Plankton_P_014","P Biomass - Popn. #014 (190.00 micron zooplankton)","mmol P m^-3",0.00330394366756082
"Kashmir",24,7,4.5,"eco2D_Plankton_P_014","P Biomass - Popn. #014 (190.00 micron zooplankton)","mmol P m^-3",0.00310575915500522
"Kashmir",24,7,9.5,"eco2D_Plankton_P_014","P Biomass - Popn. #014 (190.00 micron zooplankton)","mmol P m^-3",0.00287470314651728
"Kashmir",24,7,19.5,"eco2D_Plankton_P_014","P Biomass - Popn. #014 (190.00 micron zooplankton)","mmol P m^-3",0.00234971893951297
"Kashmir",24,7,49.5,"eco2D_Plankton_P_014","P Biomass - Popn. #014 (190.00 micron zooplankton)","mmol P m^-3",0.0022414920385927
"Kashmir",24,7,99.5,"eco2D_Plankton_P_014","P Biomass - Popn. #014 (190.00 micron zooplankton)","mmol P m^-3",0.00207896437495947
"Kashmir",24,7,199.5,"eco2D_Plankton_P_014","P Biomass - Popn. #014 (190.00 micron zooplankton)","mmol P m^-3",0.00215012021362782
"Kashmir",24,7,499.5,"eco2D_Plankton_P_014","P Biomass - Popn. #014 (190.00 micron zooplankton)","mmol P m^-3",0.0017898865044117
"Kashmir",24,7,999.5,"eco2D_Plankton_P_014","P Biomass - Popn. #014 (190.00 micron zooplankton)","mmol P m^-3",0.0013606803258881
"Kashmir",24,7,1999.5,"eco2D_Plankton_P_014","P Biomass - Popn. #014 (190.00 micron zooplankton)","mmol P m^-3",0.00120026699732989
"Kashmir",24,7,4999.5,"eco2D_Plankton_P_014","P Biomass - Popn. #014 (190.00 micron zooplankton)","mmol P m^-3",0.00123270892072469
"Kashmir",24,7,9999.5,"eco2D_Plankton_P_014","P Biomass - Popn. #014 (190.00 micron zooplankton)","mmol P m^-3",0.00123770604841411
"Kashmir",24,7,0.5,"eco2D_Plankton_P_015","P Biomass - Popn. #015 (600.00 micron zooplankton)","mmol P m^-3",0.00404891511425376
"Kashmir",24,7,1.5,"eco2D_Plankton_P_015","P Biomass - Popn. #015 (600.00 micron zooplankton)","mmol P m^-3",0.00411486066877842
"Kashmir",24,7,4.5,"eco2D_Plankton_P_015","P Biomass - Popn. #015 (600.00 micron zooplankton)","mmol P m^-3",0.00385484006255865
"Kashmir",24,7,9.5,"eco2D_Plankton_P_015","P Biomass - Popn. #015 (600.00 micron zooplankton)","mmol P m^-3",0.0035151254851371
"Kashmir",24,7,19.5,"eco2D_Plankton_P_015","P Biomass - Popn. #015 (600.00 micron zooplankton)","mmol P m^-3",0.00266207358799875
"Kashmir",24,7,49.5,"eco2D_Plankton_P_015","P Biomass - Popn. #015 (600.00 micron zooplankton)","mmol P m^-3",0.00235397298820317
"Kashmir",24,7,99.5,"eco2D_Plankton_P_015","P Biomass - Popn. #015 (600.00 micron zooplankton)","mmol P m^-3",0.000560178537853062
"Kashmir",24,7,199.5,"eco2D_Plankton_P_015","P Biomass - Popn. #015 (600.00 micron zooplankton)","mmol P m^-3",0.000236316613154486
"Kashmir",24,7,499.5,"eco2D_Plankton_P_015","P Biomass - Popn. #015 (600.00 micron zooplankton)","mmol P m^-3",1.86100050300619e-12
"Kashmir",24,7,999.5,"eco2D_Plankton_P_015","P Biomass - Popn. #015 (600.00 micron zooplankton)","mmol P m^-3",8.70071376057879e-13
"Kashmir",24,7,1999.5,"eco2D_Plankton_P_015","P Biomass - Popn. #015 (600.00 micron zooplankton)","mmol P m^-3",7.25021334201797e-13
"Kashmir",24,7,4999.5,"eco2D_Plankton_P_015","P Biomass - Popn. #015 (600.00 micron zooplankton)","mmol P m^-3",7.43648957517162e-13
"Kashmir",24,7,9999.5,"eco2D_Plankton_P_015","P Biomass - Popn. #015 (600.00 micron zooplankton)","mmol P m^-3",7.48351792860535e-13
"Kashmir",24,7,0.5,"eco2D_Plankton_P_016","P Biomass - Popn. #016 (1900.00 micron zooplankton)","mmol P m^-3",0.00164647214114666
"Kashmir",24,7,1.5,"eco2D_Plankton_P_016","P Biomass - Popn. #016 (1900.00 micron zooplankton)","mmol P m^-3",0.00301382783800364
"Kashmir",24,7,4.5,"eco2D_Plankton_P_016","P Biomass - Popn. #016 (1900.00 micron zooplankton)","mmol P m^-3",0.00351294316351414
"Kashmir",24,7,9.5,"eco2D_Plankton_P_016","P Biomass - Popn. #016 (1900.00 micron zooplankton)","mmol P m^-3",0.00251372717320919
"Kashmir",24,7,19.5,"eco2D_Plankton_P_016","P Biomass - Popn. #016 (1900.00 micron zooplankton)","mmol P m^-3",4.61747816871139e-07
"Kashmir",24,7,49.5,"eco2D_Plankton_P_016","P Biomass - Popn. #016 (1900.00 micron zooplankton)","mmol P m^-3",1.22286610091532e-12
"Kashmir",24,7,99.5,"eco2D_Plankton_P_016","P Biomass - Popn. #016 (1900.00 micron zooplankton)","mmol P m^-3",4.05473533438352e-13
"Kashmir",24,7,199.5,"eco2D_Plankton_P_016","P Biomass - Popn. #016 (1900.00 micron zooplankton)","mmol P m^-3",3.5834377999644e-13
"Kashmir",24,7,499.5,"eco2D_Plankton_P_016","P Biomass - Popn. #016 (1900.00 micron zooplankton)","mmol P m^-3",2.44104487057833e-13
"Kashmir",24,7,999.5,"eco2D_Plankton_P_016","P Biomass - Popn. #016 (1900.00 micron zooplankton)","mmol P m^-3",1.80601464772751e-13
"Kashmir",24,7,1999.5,"eco2D_Plankton_P_016","P Biomass - Popn. #016 (1900.00 micron zooplankton)","mmol P m^-3",1.61704119061926e-13
"Kashmir",24,7,4999.5,"eco2D_Plankton_P_016","P Biomass - Popn. #016 (1900.00 micron zooplankton)","mmol P m^-3",1.64696096929644e-13
"Kashmir",24,7,9999.5,"eco2D_Plankton_P_016","P Biomass - Popn. #016 (1900.00 micron zooplankton)","mmol P m^-3",1.65441743421244e-13
"Kashmir",24,7,0.5,"eco2D_Plankton_P_Total","P Biomass - Total","mmol P m^-3",0.0361006669700146
"Kashmir",24,7,1.5,"eco2D_Plankton_P_Total","P Biomass - Total","mmol P m^-3",0.036813423037529
"Kashmir",24,7,4.5,"eco2D_Plankton_P_Total","P Biomass - Total","mmol P m^-3",0.0351345762610435
"Kashmir",24,7,9.5,"eco2D_Plankton_P_Total","P Biomass - Total","mmol P m^-3",0.0284518115222454
"Kashmir",24,7,19.5,"eco2D_Plankton_P_Total","P Biomass - Total","mmol P m^-3",0.0170745216310024
"Kashmir",24,7,49.5,"eco2D_Plankton_P_Total","P Biomass - Total","mmol P m^-3",0.0158904921263456
"Kashmir",24,7,99.5,"eco2D_Plankton_P_Total","P Biomass - Total","mmol P m^-3",0.0112850796431303
"Kashmir",24,7,199.5,"eco2D_Plankton_P_Total","P Biomass - Total","mmol P m^-3",0.0108089493587613
"Kashmir",24,7,499.5,"eco2D_Plankton_P_Total","P Biomass - Total","mmol P m^-3",0.00946472492069006
"Kashmir",24,7,999.5,"eco2D_Plankton_P_Total","P Biomass - Total","mmol P m^-3",0.00861452706158161
"Kashmir",24,7,1999.5,"eco2D_Plankton_P_Total","P Biomass - Total","mmol P m^-3",0.00832993444055319
"Kashmir",24,7,4999.5,"eco2D_Plankton_P_Total","P Biomass - Total","mmol P m^-3",0.00841263867914677
"Kashmir",24,7,9999.5,"eco2D_Plankton_P_Total","P Biomass - Total","mmol P m^-3",0.00841759610921144
"Kashmir",24,7,0.5,"eco2D_Uptake_Fluxes_P","Uptake Fluxes P","mmol P m^-3 d^-1",0.00597536470741034
"Kashmir",24,7,1.5,"eco2D_Uptake_Fluxes_P","Uptake Fluxes P","mmol P m^-3 d^-1",0.0061611719429493
"Kashmir",24,7,4.5,"eco2D_Uptake_Fluxes_P","Uptake Fluxes P","mmol P m^-3 d^-1",0.00636134948581457
"Kashmir",24,7,9.5,"eco2D_Uptake_Fluxes_P","Uptake Fluxes P","mmol P m^-3 d^-1",0.00535446312278509
"Kashmir",24,7,19.5,"eco2D_Uptake_Fluxes_P","Uptake Fluxes P","mmol P m^-3 d^-1",0.00272151408717036
"Kashmir",24,7,49.5,"eco2D_Uptake_Fluxes_P","Uptake Fluxes P","mmol P m^-3 d^-1",0.00247555715031922
"Kashmir",24,7,99.5,"eco2D_Uptake_Fluxes_P","Uptake Fluxes P","mmol P m^-3 d^-1",0.00147489039227366
"Kashmir",24,7,199.5,"eco2D_Uptake_Fluxes_P","Uptake Fluxes P","mmol P m^-3 d^-1",0.00138603069353849
"Kashmir",24,7,499.5,"eco2D_Uptake_Fluxes_P","Uptake Fluxes P","mmol P m^-3 d^-1",0.0011070609325543
"Kashmir",24,7,999.5,"eco2D_Uptake_Fluxes_P","Uptake Fluxes P","mmol P m^-3 d^-1",0.000936650729272515
"Kashmir",24,7,1999.5,"eco2D_Uptake_Fluxes_P","Uptake Fluxes P","mmol P m^-3 d^-1",0.000885400979313999
"Kashmir",24,7,4999.5,"eco2D_Uptake_Fluxes_P","Uptake Fluxes P","mmol P m^-3 d^-1",0.000897272489964962
"Kashmir",24,7,9999.5,"eco2D_Uptake_Fluxes_P","Uptake Fluxes P","mmol P m^-3 d^-1",0.000898335070814937
"Kashmir",24,7,0.5,"eco2D_Plankton_Chl_001","Chl Biomass - Popn. #001 (0.60 micron phytoplankton)","mg Chl m^-3",0.00572871509939432
"Kashmir",24,7,1.5,"eco2D_Plankton_Chl_001","Chl Biomass - Popn. #001 (0.60 micron phytoplankton)","mg Chl m^-3",0.00510005839169025
"Kashmir",24,7,4.5,"eco2D_Plankton_Chl_001","Chl Biomass - Popn. #001 (0.60 micron phytoplankton)","mg Chl m^-3",0.00601392658427358
"Kashmir",24,7,9.5,"eco2D_Plankton_Chl_001","Chl Biomass - Popn. #001 (0.60 micron phytoplankton)","mg Chl m^-3",0.0067780246026814
"Kashmir",24,7,19.5,"eco2D_Plankton_Chl_001","Chl Biomass - Popn. #001 (0.60 micron phytoplankton)","mg Chl m^-3",0.00767518300563097
"Kashmir",24,7,49.5,"eco2D_Plankton_Chl_001","Chl Biomass - Popn. #001 (0.60 micron phytoplankton)","mg Chl m^-3",0.00812620297074318
"Kashmir",24,7,99.5,"eco2D_Plankton_Chl_001","Chl Biomass - Popn. #001 (0.60 micron phytoplankton)","mg Chl m^-3",0.00884119607508183
"Kashmir",24,7,199.5,"eco2D_Plankton_Chl_001","Chl Biomass - Popn. #001 (0.60 micron phytoplankton)","mg Chl m^-3",0.00889496318995953
"Kashmir",24,7,499.5,"eco2D_Plankton_Chl_001","Chl Biomass - Popn. #001 (0.60 micron phytoplankton)","mg Chl m^-3",0.00895271264016628
"Kashmir",24,7,999.5,"eco2D_Plankton_Chl_001","Chl Biomass - Popn. #001 (0.60 micron phytoplankton)","mg Chl m^-3",0.00887268595397472
"Kashmir",24,7,1999.5,"eco2D_Plankton_Chl_001","Chl Biomass - Popn. #001 (0.60 micron phytoplankton)","mg Chl m^-3",0.00883774366229773
"Kashmir",24,7,4999.5,"eco2D_Plankton_Chl_001","Chl Biomass - Popn. #001 (0.60 micron phytoplankton)","mg Chl m^-3",0.00878430437296629
"Kashmir",24,7,9999.5,"eco2D_Plankton_Chl_001","Chl Biomass - Popn. #001 (0.60 micron phytoplankton)","mg Chl m^-3",0.00879049208015203
"Kashmir",24,7,0.5,"eco2D_Plankton_Chl_002","Chl Biomass - Popn. #002 (1.90 micron phytoplankton)","mg Chl m^-3",0.0574516952037811
"Kashmir",24,7,1.5,"eco2D_Plankton_Chl_002","Chl Biomass - Popn. #002 (1.90 micron phytoplankton)","mg Chl m^-3",0.0560440123081207
"Kashmir",24,7,4.5,"eco2D_Plankton_Chl_002","Chl Biomass - Popn. #002 (1.90 micron phytoplankton)","mg Chl m^-3",0.0566561780869961
"Kashmir",24,7,9.5,"eco2D_Plankton_Chl_002","Chl Biomass - Popn. #002 (1.90 micron phytoplankton)","mg Chl m^-3",0.0565566308796406
"Kashmir",24,7,19.5,"eco2D_Plankton_Chl_002","Chl Biomass - Popn. #002 (1.90 micron phytoplankton)","mg Chl m^-3",0.0547451041638851
"Kashmir",24,7,49.5,"eco2D_Plankton_Chl_002","Chl Biomass - Popn. #002 (1.90 micron phytoplankton)","mg Chl m^-3",0.0537115149199963
"Kashmir",24,7,99.5,"eco2D_Plankton_Chl_002","Chl Biomass - Popn. #002 (1.90 micron phytoplankton)","mg Chl m^-3",0.0485953241586685
"Kashmir",24,7,199.5,"eco2D_Plankton_Chl_002","Chl Biomass - Popn. #002 (1.90 micron phytoplankton)","mg Chl m^-3",0.048078864812851
"Kashmir",24,7,499.5,"eco2D_Plankton_Chl_002","Chl Biomass - Popn. #002 (1.90 micron phytoplankton)","mg Chl m^-3",0.0456611923873425
"Kashmir",24,7,999.5,"eco2D_Plankton_Chl_002","Chl Biomass - Popn. #002 (1.90 micron phytoplankton)","mg Chl m^-3",0.0437319688498974
"Kashmir",24,7,1999.5,"eco2D_Plankton_Chl_002","Chl Biomass - Popn. #002 (1.90 micron phytoplankton)","mg Chl m^-3",0.0430261082947254
"Kashmir",24,7,4999.5,"eco2D_Plankton_Chl_002","Chl Biomass - Popn. #002 (1.90 micron phytoplankton)","mg Chl m^-3",0.0432942323386669
"Kashmir",24,7,9999.5,"eco2D_Plankton_Chl_002","Chl Biomass - Popn. #002 (1.90 micron phytoplankton)","mg Chl m^-3",0.0432942807674408
"Kashmir",24,7,0.5,"eco2D_Plankton_Chl_003","Chl Biomass - Popn. #003 (6.00 micron phytoplankton)","mg Chl m^-3",0.160954996943474
"Kashmir",24,7,1.5,"eco2D_Plankton_Chl_003","Chl Biomass - Popn. #003 (6.00 micron phytoplankton)","mg Chl m^-3",0.156814858317375
"Kashmir",24,7,4.5,"eco2D_Plankton_Chl_003","Chl Biomass - Popn. #003 (6.00 micron phytoplankton)","mg Chl m^-3",0.153020218014717
"Kashmir",24,7,9.5,"eco2D_Plankton_Chl_003","Chl Biomass - Popn. #003 (6.00 micron phytoplankton)","mg Chl m^-3",0.137712329626083
"Kashmir",24,7,19.5,"eco2D_Plankton_Chl_003","Chl Biomass - Popn. #003 (6.00 micron phytoplankton)","mg Chl m^-3",0.0933740139007568
"Kashmir",24,7,49.5,"eco2D_Plankton_Chl_003","Chl Biomass - Popn. #003 (6.00 micron phytoplankton)","mg Chl m^-3",0.0862222909927368
"Kashmir",24,7,99.5,"eco2D_Plankton_Chl_003","Chl Biomass - Popn. #003 (6.00 micron phytoplankton)","mg Chl m^-3",0.0602314546704292
"Kashmir",24,7,199.5,"eco2D_Plankton_Chl_003","Chl Biomass - Popn. #003 (6.00 micron phytoplankton)","mg Chl m^-3",0.0579087920486927
"Kashmir",24,7,499.5,"eco2D_Plankton_Chl_003","Chl Biomass - Popn. #003 (6.00 micron phytoplankton)","mg Chl m^-3",0.0507650449872017
"Kashmir",24,7,999.5,"eco2D_Plankton_Chl_003","Chl Biomass - Popn. #003 (6.00 micron phytoplankton)","mg Chl m^-3",0.046146497130394
"Kashmir",24,7,1999.5,"eco2D_Plankton_Chl_003","Chl Biomass - Popn. #003 (6.00 micron phytoplankton)","mg Chl m^-3",0.0445730164647102
"Kashmir",24,7,4999.5,"eco2D_Plankton_Chl_003","Chl Biomass - Popn. #003 (6.00 micron phytoplankton)","mg Chl m^-3",0.0451182387769222
"Kashmir",24,7,9999.5,"eco2D_Plankton_Chl_003","Chl Biomass - Popn. #003 (6.00 micron phytoplankton)","mg Chl m^-3",0.0451239719986916
"Kashmir",24,7,0.5,"eco2D_Plankton_Chl_004","Chl Biomass - Popn. #004 (19.00 micron phytoplankton)","mg Chl m^-3",0.121601603925228
"Kashmir",24,7,1.5,"eco2D_Plankton_Chl_004","Chl Biomass - Popn. #004 (19.00 micron phytoplankton)","mg Chl m^-3",0.12109437584877
"Kashmir",24,7,4.5,"eco2D_Plankton_Chl_004","Chl Biomass - Popn. #004 (19.00 micron phytoplankton)","mg Chl m^-3",0.117985792458057
"Kashmir",24,7,9.5,"eco2D_Plankton_Chl_004","Chl Biomass - Popn. #004 (19.00 micron phytoplankton)","mg Chl m^-3",0.102825313806534
"Kashmir",24,7,19.5,"eco2D_Plankton_Chl_004","Chl Biomass - Popn. #004 (19.00 micron phytoplankton)","mg Chl m^-3",0.0567843802273273
"Kashmir",24,7,49.5,"eco2D_Plankton_Chl_004","Chl Biomass - Popn. #004 (19.00 micron phytoplankton)","mg Chl m^-3",0.0525393448770046
"Kashmir",24,7,99.5,"eco2D_Plankton_Chl_004","Chl Biomass - Popn. #004 (19.00 micron phytoplankton)","mg Chl m^-3",0.0337094776332378
"Kashmir",24,7,199.5,"eco2D_Plankton_Chl_004","Chl Biomass - Popn. #004 (19.00 micron phytoplankton)","mg Chl m^-3",0.0319929346442223
"Kashmir",24,7,499.5,"eco2D_Plankton_Chl_004","Chl Biomass - Popn. #004 (19.00 micron phytoplankton)","mg Chl m^-3",0.0266892518848181
"Kashmir",24,7,999.5,"eco2D_Plankton_Chl_004","Chl Biomass - Popn. #004 (19.00 micron phytoplankton)","mg Chl m^-3",0.0233169589191675
"Kashmir",24,7,1999.5,"eco2D_Plankton_Chl_004","Chl Biomass - Popn. #004 (19.00 micron phytoplankton)","mg Chl m^-3",0.0220758356153965
"Kashmir",24,7,4999.5,"eco2D_Plankton_Chl_004","Chl Biomass - Popn. #004 (19.00 micron phytoplankton)","mg Chl m^-3",0.0224024690687656
"Kashmir",24,7,9999.5,"eco2D_Plankton_Chl_004","Chl Biomass - Popn. #004 (19.00 micron phytoplankton)","mg Chl m^-3",0.0224179681390524
"Kashmir",24,7,0.5,"eco2D_Plankton_Chl_005","Chl Biomass - Popn. #005 (60.00 micron phytoplankton)","mg Chl m^-3",0.081462450325489
"Kashmir",24,7,1.5,"eco2D_Plankton_Chl_005","Chl Biomass - Popn. #005 (60.00 micron phytoplankton)","mg Chl m^-3",0.0792841017246246
"Kashmir",24,7,4.5,"eco2D_Plankton_Chl_005","Chl Biomass - Popn. #005 (60.00 micron phytoplankton)","mg Chl m^-3",0.0777247175574303
"Kashmir",24,7,9.5,"eco2D_Plankton_Chl_005","Chl Biomass - Popn. #005 (60.00 micron phytoplankton)","mg Chl m^-3",0.0634336173534393
"Kashmir",24,7,19.5,"eco2D_Plankton_Chl_005","Chl Biomass - Popn. #005 (60.00 micron phytoplankton)","mg Chl m^-3",0.0304502677172422
"Kashmir",24,7,49.5,"eco2D_Plankton_Chl_005","Chl Biomass - Popn. #005 (60.00 micron phytoplankton)","mg Chl m^-3",0.0285351034253836
"Kashmir",24,7,99.5,"eco2D_Plankton_Chl_005","Chl Biomass - Popn. #005 (60.00 micron phytoplankton)","mg Chl m^-3",0.0124901384115219
"Kashmir",24,7,199.5,"eco2D_Plankton_Chl_005","Chl Biomass - Popn. #005 (60.00 micron phytoplankton)","mg Chl m^-3",0.010416379198432
"Kashmir",24,7,499.5,"eco2D_Plankton_Chl_005","Chl Biomass - Popn. #005 (60.00 micron phytoplankton)","mg Chl m^-3",0.00402512820437551
"Kashmir",24,7,999.5,"eco2D_Plankton_Chl_005","Chl Biomass - Popn. #005 (60.00 micron phytoplankton)","mg Chl m^-3",0.00111460988409817
"Kashmir",24,7,1999.5,"eco2D_Plankton_Chl_005","Chl Biomass - Popn. #005 (60.00 micron phytoplankton)","mg Chl m^-3",0.000445006822701544
"Kashmir",24,7,4999.5,"eco2D_Plankton_Chl_005","Chl Biomass - Popn. #005 (60.00 micron phytoplankton)","mg Chl m^-3",0.000543715548701584
"Kashmir",24,7,9999.5,"eco2D_Plankton_Chl_005","Chl Biomass - Popn. #005 (60.00 micron phytoplankton)","mg Chl m^-3",0.000570584554225206
"Kashmir",24,7,0.5,"eco2D_Plankton_Chl_006","Chl Biomass - Popn. #006 (190.00 micron phytoplankton)","mg Chl m^-3",0.0683480650186539
"Kashmir",24,7,1.5,"eco2D_Plankton_Chl_006","Chl Biomass - Popn. #006 (190.00 micron phytoplankton)","mg Chl m^-3",0.0621840059757233
"Kashmir",24,7,4.5,"eco2D_Plankton_Chl_006","Chl Biomass - Popn. #006 (190.00 micron phytoplankton)","mg Chl m^-3",0.0594191327691078
"Kashmir",24,7,9.5,"eco2D_Plankton_Chl_006","Chl Biomass - Popn. #006 (190.00 micron phytoplankton)","mg Chl m^-3",0.0421841181814671
"Kashmir",24,7,19.5,"eco2D_Plankton_Chl_006","Chl Biomass - Popn. #006 (190.00 micron phytoplankton)","mg Chl m^-3",0.00730783818289638
"Kashmir",24,7,49.5,"eco2D_Plankton_Chl_006","Chl Biomass - Popn. #006 (190.00 micron phytoplankton)","mg Chl m^-3",0.00476692384108901
"Kashmir",24,7,99.5,"eco2D_Plankton_Chl_006","Chl Biomass - Popn. #006 (190.00 micron phytoplankton)","mg Chl m^-3",4.08874149815386e-11
"Kashmir",24,7,199.5,"eco2D_Plankton_Chl_006","Chl Biomass - Popn. #006 (190.00 micron phytoplankton)","mg Chl m^-3",2.48923381906963e-11
"Kashmir",24,7,499.5,"eco2D_Plankton_Chl_006","Chl Biomass - Popn. #006 (190.00 micron phytoplankton)","mg Chl m^-3",7.01089099969243e-12
"Kashmir",24,7,999.5,"eco2D_Plankton_Chl_006","Chl Biomass - Popn. #006 (190.00 micron phytoplankton)","mg Chl m^-3",3.91643618577464e-12
"Kashmir",24,7,1999.5,"eco2D_Plankton_Chl_006","Chl Biomass - Popn. #006 (190.00 micron phytoplankton)","mg Chl m^-3",3.26453404239646e-12
"Kashmir",24,7,4999.5,"eco2D_Plankton_Chl_006","Chl Biomass - Popn. #006 (190.00 micron phytoplankton)","mg Chl m^-3",3.34728837529663e-12
"Kashmir",24,7,9999.5,"eco2D_Plankton_Chl_006","Chl Biomass - Popn. #006 (190.00 micron phytoplankton)","mg Chl m^-3",3.367548427613e-12
"Kashmir",24,7,0.5,"eco2D_Plankton_Chl_007","Chl Biomass - Popn. #007 (600.00 micron phytoplankton)","mg Chl m^-3",0.0628378465771675
"Kashmir",24,7,1.5,"eco2D_Plankton_Chl_007","Chl Biomass - Popn. #007 (600.00 micron phytoplankton)","mg Chl m^-3",0.052739642560482
"Kashmir",24,7,4.5,"eco2D_Plankton_Chl_007","Chl Biomass - Popn. #007 (600.00 micron phytoplankton)","mg Chl m^-3",0.0476279370486736
"Kashmir",24,7,9.5,"eco2D_Plankton_Chl_007","Chl Biomass - Popn. #007 (600.00 micron phytoplankton)","mg Chl m^-3",0.0184771586209536
"Kashmir",24,7,19.5,"eco2D_Plankton_Chl_007","Chl Biomass - Popn. #007 (600.00 micron phytoplankton)","mg Chl m^-3",8.11467820022171e-12
"Kashmir",24,7,49.5,"eco2D_Plankton_Chl_007","Chl Biomass - Popn. #007 (600.00 micron phytoplankton)","mg Chl m^-3",6.95268755762646e-12
"Kashmir",24,7,99.5,"eco2D_Plankton_Chl_007","Chl Biomass - Popn. #007 (600.00 micron phytoplankton)","mg Chl m^-3",1.641255490889e-12
"Kashmir",24,7,199.5,"eco2D_Plankton_Chl_007","Chl Biomass - Popn. #007 (600.00 micron phytoplankton)","mg Chl m^-3",1.40117637544707e-12
"Kashmir",24,7,499.5,"eco2D_Plankton_Chl_007","Chl Biomass - Popn. #007 (600.00 micron phytoplankton)","mg Chl m^-3",8.37708862781034e-13
"Kashmir",24,7,999.5,"eco2D_Plankton_Chl_007","Chl Biomass - Popn. #007 (600.00 micron phytoplankton)","mg Chl m^-3",6.04459462084234e-13
"Kashmir",24,7,1999.5,"eco2D_Plankton_Chl_007","Chl Biomass - Popn. #007 (600.00 micron phytoplankton)","mg Chl m^-3",5.34187982476758e-13
"Kashmir",24,7,4999.5,"eco2D_Plankton_Chl_007","Chl Biomass - Popn. #007 (600.00 micron phytoplankton)","mg Chl m^-3",5.43398117301697e-13
"Kashmir",24,7,9999.5,"eco2D_Plankton_Chl_007","Chl Biomass - Popn. #007 (600.00 micron phytoplankton)","mg Chl m^-3",5.46390948978626e-13
"Kashmir",24,7,0.5,"eco2D_Plankton_Chl_008","Chl Biomass - Popn. #008 (1900.00 micron phytoplankton)","mg Chl m^-3",0.0209891926497221
"Kashmir",24,7,1.5,"eco2D_Plankton_Chl_008","Chl Biomass - Popn. #008 (1900.00 micron phytoplankton)","mg Chl m^-3",0.0140496585518122
"Kashmir",24,7,4.5,"eco2D_Plankton_Chl_008","Chl Biomass - Popn. #008 (1900.00 micron phytoplankton)","mg Chl m^-3",0.0101110562682152
"Kashmir",24,7,9.5,"eco2D_Plankton_Chl_008","Chl Biomass - Popn. #008 (1900.00 micron phytoplankton)","mg Chl m^-3",2.23775771246437e-07
"Kashmir",24,7,19.5,"eco2D_Plankton_Chl_008","Chl Biomass - Popn. #008 (1900.00 micron phytoplankton)","mg Chl m^-3",1.00092124259016e-12
"Kashmir",24,7,49.5,"eco2D_Plankton_Chl_008","Chl Biomass - Popn. #008 (1900.00 micron phytoplankton)","mg Chl m^-3",9.06109876800537e-13
"Kashmir",24,7,99.5,"eco2D_Plankton_Chl_008","Chl Biomass - Popn. #008 (1900.00 micron phytoplankton)","mg Chl m^-3",3.17317271633991e-13
"Kashmir",24,7,199.5,"eco2D_Plankton_Chl_008","Chl Biomass - Popn. #008 (1900.00 micron phytoplankton)","mg Chl m^-3",2.75512333216751e-13
"Kashmir",24,7,499.5,"eco2D_Plankton_Chl_008","Chl Biomass - Popn. #008 (1900.00 micron phytoplankton)","mg Chl m^-3",1.68221773316768e-13
"Kashmir",24,7,999.5,"eco2D_Plankton_Chl_008","Chl Biomass - Popn. #008 (1900.00 micron phytoplankton)","mg Chl m^-3",1.20070403272776e-13
"Kashmir",24,7,1999.5,"eco2D_Plankton_Chl_008","Chl Biomass - Popn. #008 (1900.00 micron phytoplankton)","mg Chl m^-3",1.04778002680411e-13
"Kashmir",24,7,4999.5,"eco2D_Plankton_Chl_008","Chl Biomass - Popn. #008 (1900.00 micron phytoplankton)","mg Chl m^-3",1.06795086283421e-13
"Kashmir",24,7,9999.5,"eco2D_Plankton_Chl_008","Chl Biomass - Popn. #008 (1900.00 micron phytoplankton)","mg Chl m^-3",1.07664467347956e-13
"Kashmir",24,7,0.5,"eco2D_Plankton_Chl_Total","Chl Biomass - Total","mg Chl m^-3",0.579374551773071
"Kashmir",24,7,1.5,"eco2D_Plankton_Chl_Total","Chl Biomass - Total","mg Chl m^-3",0.547310709953308
"Kashmir",24,7,4.5,"eco2D_Plankton_Chl_Total","Chl Biomass - Total","mg Chl m^-3",0.528558969497681
"Kashmir",24,7,9.5,"eco2D_Plankton_Chl_Total","Chl Biomass - Total","mg Chl m^-3",0.427967399358749
"Kashmir",24,7,19.5,"eco2D_Plankton_Chl_Total","Chl Biomass - Total","mg Chl m^-3",0.250336796045303
"Kashmir",24,7,49.5,"eco2D_Plankton_Chl_Total","Chl Biomass - Total","mg Chl m^-3",0.233901381492615
"Kashmir",24,7,99.5,"eco2D_Plankton_Chl_Total","Chl Biomass - Total","mg Chl m^-3",0.163867592811584
"Kashmir",24,7,199.5,"eco2D_Plankton_Chl_Total","Chl Biomass - Total","mg Chl m^-3",0.157291933894157
"Kashmir",24,7,499.5,"eco2D_Plankton_Chl_Total","Chl Biomass - Total","mg Chl m^-3",0.136093333363533
"Kashmir",24,7,999.5,"eco2D_Plankton_Chl_Total","Chl Biomass - Total","mg Chl m^-3",0.123182721436024
"Kashmir",24,7,1999.5,"eco2D_Plankton_Chl_Total","Chl Biomass - Total","mg Chl m^-3",0.118957713246346
"Kashmir",24,7,4999.5,"eco2D_Plankton_Chl_Total","Chl Biomass - Total","mg Chl m^-3",0.120142959058285
"Kashmir",24,7,9999.5,"eco2D_Plankton_Chl_Total","Chl Biomass - Total","mg Chl m^-3",0.120197296142578
"Kashmir",24,7,0.5,"eco2D_xGamma_T","Temperature Limitation","@",0.559954881668091
"Kashmir",24,7,1.5,"eco2D_xGamma_T","Temperature Limitation","@",0.582345724105835
"Kashmir",24,7,4.5,"eco2D_xGamma_T","Temperature Limitation","@",0.660010516643524
"Kashmir",24,7,9.5,"eco2D_xGamma_T","Temperature Limitation","@",0.727844595909119
"Kashmir",24,7,19.5,"eco2D_xGamma_T","Temperature Limitation","@",0.778132498264313
"Kashmir",24,7,49.5,"eco2D_xGamma_T","Temperature Limitation","@",0.80683422088623
"Kashmir",24,7,99.5,"eco2D_xGamma_T","Temperature Limitation","@",0.809358656406403
"Kashmir",24,7,199.5,"eco2D_xGamma_T","Temperature Limitation","@",0.799965023994446
"Kashmir",24,7,499.5,"eco2D_xGamma_T","Temperature Limitation","@",0.772235453128815
"Kashmir",24,7,999.5,"eco2D_xGamma_T","Temperature Limitation","@",0.744341194629669
"Kashmir",24,7,1999.5,"eco2D_xGamma_T","Temperature Limitation","@",0.734662234783173
"Kashmir",24,7,4999.5,"eco2D_xGamma_T","Temperature Limitation","@",0.731325089931488
"Kashmir",24,7,9999.5,"eco2D_xGamma_T","Temperature Limitation","@",0.732131063938141
"Kashmir",24,7,0.5,"eco2D_Nutrients_DIC","Nutrients DIC","mmol DIC m^-3",2023.607421875
"Kashmir",24,7,1.5,"eco2D_Nutrients_DIC","Nutrients DIC","mmol DIC m^-3",1969.05224609375
"Kashmir",24,7,4.5,"eco2D_Nutrients_DIC","Nutrients DIC","mmol DIC m^-3",1958.69812011719
"Kashmir",24,7,9.5,"eco2D_Nutrients_DIC","Nutrients DIC","mmol DIC m^-3",1937.47119140625
"Kashmir",24,7,19.5,"eco2D_Nutrients_DIC","Nutrients DIC","mmol DIC m^-3",1941.22473144531
"Kashmir",24,7,49.5,"eco2D_Nutrients_DIC","Nutrients DIC","mmol DIC m^-3",1930.04541015625
"Kashmir",24,7,99.5,"eco2D_Nutrients_DIC","Nutrients DIC","mmol DIC m^-3",1929.00366210938
"Kashmir",24,7,199.5,"eco2D_Nutrients_DIC","Nutrients DIC","mmol DIC m^-3",1923.65100097656
"Kashmir",24,7,499.5,"eco2D_Nutrients_DIC","Nutrients DIC","mmol DIC m^-3",1926.86413574219
"Kashmir",24,7,999.5,"eco2D_Nutrients_DIC","Nutrients DIC","mmol DIC m^-3",1933.99951171875
"Kashmir",24,7,1999.5,"eco2D_Nutrients_DIC","Nutrients DIC","mmol DIC m^-3",1937.25817871094
"Kashmir",24,7,4999.5,"eco2D_Nutrients_DIC","Nutrients DIC","mmol DIC m^-3",1937.67211914062
"Kashmir",24,7,9999.5,"eco2D_Nutrients_DIC","Nutrients DIC","mmol DIC m^-3",1937.60827636719
"Kashmir",24,7,0.5,"eco2D_Nutrients_PO4","Nutrients PO4","mmol PO4 m^-3",1.86979496479034
"Kashmir",24,7,1.5,"eco2D_Nutrients_PO4","Nutrients PO4","mmol PO4 m^-3",1.52748739719391
"Kashmir",24,7,4.5,"eco2D_Nutrients_PO4","Nutrients PO4","mmol PO4 m^-3",1.17194998264313
"Kashmir",24,7,9.5,"eco2D_Nutrients_PO4","Nutrients PO4","mmol PO4 m^-3",0.47878286242485
"Kashmir",24,7,19.5,"eco2D_Nutrients_PO4","Nutrients PO4","mmol PO4 m^-3",0.121679358184338
"Kashmir",24,7,49.5,"eco2D_Nutrients_PO4","Nutrients PO4","mmol PO4 m^-3",0.106913544237614
"Kashmir",24,7,99.5,"eco2D_Nutrients_PO4","Nutrients PO4","mmol PO4 m^-3",0.0435588099062443
"Kashmir",24,7,199.5,"eco2D_Nutrients_PO4","Nutrients PO4","mmol PO4 m^-3",0.0393875651061535
"Kashmir",24,7,499.5,"eco2D_Nutrients_PO4","Nutrients PO4","mmol PO4 m^-3",0.0272346809506416
"Kashmir",24,7,999.5,"eco2D_Nutrients_PO4","Nutrients PO4","mmol PO4 m^-3",0.0213482528924942
"Kashmir",24,7,1999.5,"eco2D_Nutrients_PO4","Nutrients PO4","mmol PO4 m^-3",0.019507123157382
"Kashmir",24,7,4999.5,"eco2D_Nutrients_PO4","Nutrients PO4","mmol PO4 m^-3",0.0199195854365826
"Kashmir",24,7,9999.5,"eco2D_Nutrients_PO4","Nutrients PO4","mmol PO4 m^-3",0.0199680998921394
"Kashmir",24,7,0.5,"eco2D_Size_Mean","Geometric Mean of Cell Diameter","µm",54.7104682922363
"Kashmir",24,7,1.5,"eco2D_Size_Mean","Geometric Mean of Cell Diameter","µm",51.4595260620117
"Kashmir",24,7,4.5,"eco2D_Size_Mean","Geometric Mean of Cell Diameter","µm",47.8521461486816
"Kashmir",24,7,9.5,"eco2D_Size_Mean","Geometric Mean of Cell Diameter","µm",27.7996635437012
"Kashmir",24,7,19.5,"eco2D_Size_Mean","Geometric Mean of Cell Diameter","µm",10.7783088684082
"Kashmir",24,7,49.5,"eco2D_Size_Mean","Geometric Mean of Cell Diameter","µm",9.88494110107422
"Kashmir",24,7,99.5,"eco2D_Size_Mean","Geometric Mean of Cell Diameter","µm",6.38518953323364
"Kashmir",24,7,199.5,"eco2D_Size_Mean","Geometric Mean of Cell Diameter","µm",6.11795043945312
"Kashmir",24,7,499.5,"eco2D_Size_Mean","Geometric Mean of Cell Diameter","µm",5.16291522979736
"Kashmir",24,7,999.5,"eco2D_Size_Mean","Geometric Mean of Cell Diameter","µm",4.51099061965942
"Kashmir",24,7,1999.5,"eco2D_Size_Mean","Geometric Mean of Cell Diameter","µm",4.28491640090942
"Kashmir",24,7,4999.5,"eco2D_Size_Mean","Geometric Mean of Cell Diameter","µm",4.33581495285034
"Kashmir",24,7,9999.5,"eco2D_Size_Mean","Geometric Mean of Cell Diameter","µm",4.3427357673645
"Kashmir",24,7,0.5,"eco2D_Size_Stdev","Geometric Standard Deviation of Cell Diameter","Relative magnitude",9.81762409210205
"Kashmir",24,7,1.5,"eco2D_Size_Stdev","Geometric Standard Deviation of Cell Diameter","Relative magnitude",9.5628137588501
"Kashmir",24,7,4.5,"eco2D_Size_Stdev","Geometric Standard Deviation of Cell Diameter","Relative magnitude",9.3509693145752
"Kashmir",24,7,9.5,"eco2D_Size_Stdev","Geometric Standard Deviation of Cell Diameter","Relative magnitude",7.19951581954956
"Kashmir",24,7,19.5,"eco2D_Size_Stdev","Geometric Standard Deviation of Cell Diameter","Relative magnitude",4.71040916442871
"Kashmir",24,7,49.5,"eco2D_Size_Stdev","Geometric Standard Deviation of Cell Diameter","Relative magnitude",4.58970308303833
"Kashmir",24,7,99.5,"eco2D_Size_Stdev","Geometric Standard Deviation of Cell Diameter","Relative magnitude",3.82587909698486
"Kashmir",24,7,199.5,"eco2D_Size_Stdev","Geometric Standard Deviation of Cell Diameter","Relative magnitude",3.78916573524475
"Kashmir",24,7,499.5,"eco2D_Size_Stdev","Geometric Standard Deviation of Cell Diameter","Relative magnitude",3.53059983253479
"Kashmir",24,7,999.5,"eco2D_Size_Stdev","Geometric Standard Deviation of Cell Diameter","Relative magnitude",3.24686145782471
"Kashmir",24,7,1999.5,"eco2D_Size_Stdev","Geometric Standard Deviation of Cell Diameter","Relative magnitude",3.12261843681335
"Kashmir",24,7,4999.5,"eco2D_Size_Stdev","Geometric Standard Deviation of Cell Diameter","Relative magnitude",3.13974094390869
"Kashmir",24,7,9999.5,"eco2D_Size_Stdev","Geometric Standard Deviation of Cell Diameter","Relative magnitude",3.14567875862122
"Kashmir",24,7,0.5,"eco2D_Size_Minimum","Minimum Cell Diameter","µm",0.600000023841858
"Kashmir",24,7,1.5,"eco2D_Size_Minimum","Minimum Cell Diameter","µm",0.600000023841858
"Kashmir",24,7,4.5,"eco2D_Size_Minimum","Minimum Cell Diameter","µm",0.600000023841858
"Kashmir",24,7,9.5,"eco2D_Size_Minimum","Minimum Cell Diameter","µm",0.600000023841858
"Kashmir",24,7,19.5,"eco2D_Size_Minimum","Minimum Cell Diameter","µm",0.600000023841858
"Kashmir",24,7,49.5,"eco2D_Size_Minimum","Minimum Cell Diameter","µm",0.600000023841858
"Kashmir",24,7,99.5,"eco2D_Size_Minimum","Minimum Cell Diameter","µm",0.600000023841858
"Kashmir",24,7,199.5,"eco2D_Size_Minimum","Minimum Cell Diameter","µm",0.600000023841858
"Kashmir",24,7,499.5,"eco2D_Size_Minimum","Minimum Cell Diameter","µm",0.600000023841858
"Kashmir",24,7,999.5,"eco2D_Size_Minimum","Minimum Cell Diameter","µm",0.600000023841858
"Kashmir",24,7,1999.5,"eco2D_Size_Minimum","Minimum Cell Diameter","µm",0.600000023841858
"Kashmir",24,7,4999.5,"eco2D_Size_Minimum","Minimum Cell Diameter","µm",0.600000023841858
"Kashmir",24,7,9999.5,"eco2D_Size_Minimum","Minimum Cell Diameter","µm",0.600000023841858
"Kashmir",24,7,0.5,"eco2D_Size_Maximum","Maximum Cell Diameter","µm",1900
"Kashmir",24,7,1.5,"eco2D_Size_Maximum","Maximum Cell Diameter","µm",1900
"Kashmir",24,7,4.5,"eco2D_Size_Maximum","Maximum Cell Diameter","µm",1900
"Kashmir",24,7,9.5,"eco2D_Size_Maximum","Maximum Cell Diameter","µm",600
"Kashmir",24,7,19.5,"eco2D_Size_Maximum","Maximum Cell Diameter","µm",190
"Kashmir",24,7,49.5,"eco2D_Size_Maximum","Maximum Cell Diameter","µm",190
"Kashmir",24,7,99.5,"eco2D_Size_Maximum","Maximum Cell Diameter","µm",60
"Kashmir",24,7,199.5,"eco2D_Size_Maximum","Maximum Cell Diameter","µm",60
"Kashmir",24,7,499.5,"eco2D_Size_Maximum","Maximum Cell Diameter","µm",60
"Kashmir",24,7,999.5,"eco2D_Size_Maximum","Maximum Cell Diameter","µm",60
"Kashmir",24,7,1999.5,"eco2D_Size_Maximum","Maximum Cell Diameter","µm",60
"Kashmir",24,7,4999.5,"eco2D_Size_Maximum","Maximum Cell Diameter","µm",60
"Kashmir",24,7,9999.5,"eco2D_Size_Maximum","Maximum Cell Diameter","µm",60
"Kashmir",24,7,0.5,"eco2D_Diversity_Threshold","Threshold Diversity Index","-",8
"Kashmir",24,7,1.5,"eco2D_Diversity_Threshold","Threshold Diversity Index","-",8
"Kashmir",24,7,4.5,"eco2D_Diversity_Threshold","Threshold Diversity Index","-",8
"Kashmir",24,7,9.5,"eco2D_Diversity_Threshold","Threshold Diversity Index","-",7
"Kashmir",24,7,19.5,"eco2D_Diversity_Threshold","Threshold Diversity Index","-",6
"Kashmir",24,7,49.5,"eco2D_Diversity_Threshold","Threshold Diversity Index","-",6
"Kashmir",24,7,99.5,"eco2D_Diversity_Threshold","Threshold Diversity Index","-",5
"Kashmir",24,7,199.5,"eco2D_Diversity_Threshold","Threshold Diversity Index","-",5
"Kashmir",24,7,499.5,"eco2D_Diversity_Threshold","Threshold Diversity Index","-",5
"Kashmir",24,7,999.5,"eco2D_Diversity_Threshold","Threshold Diversity Index","-",5
"Kashmir",24,7,1999.5,"eco2D_Diversity_Threshold","Threshold Diversity Index","-",5
"Kashmir",24,7,4999.5,"eco2D_Diversity_Threshold","Threshold Diversity Index","-",5
"Kashmir",24,7,9999.5,"eco2D_Diversity_Threshold","Threshold Diversity Index","-",5
"Kashmir",24,7,0.5,"eco2D_Diversity_Shannon","Shannon Diversity Index","-",1.94377195835114
"Kashmir",24,7,1.5,"eco2D_Diversity_Shannon","Shannon Diversity Index","-",1.93940269947052
"Kashmir",24,7,4.5,"eco2D_Diversity_Shannon","Shannon Diversity Index","-",1.93760514259338
"Kashmir",24,7,9.5,"eco2D_Diversity_Shannon","Shannon Diversity Index","-",1.82283735275269
"Kashmir",24,7,19.5,"eco2D_Diversity_Shannon","Shannon Diversity Index","-",1.62053573131561
"Kashmir",24,7,49.5,"eco2D_Diversity_Shannon","Shannon Diversity Index","-",1.60794806480408
"Kashmir",24,7,99.5,"eco2D_Diversity_Shannon","Shannon Diversity Index","-",1.47465586662292
"Kashmir",24,7,199.5,"eco2D_Diversity_Shannon","Shannon Diversity Index","-",1.46942174434662
"Kashmir",24,7,499.5,"eco2D_Diversity_Shannon","Shannon Diversity Index","-",1.42523181438446
"Kashmir",24,7,999.5,"eco2D_Diversity_Shannon","Shannon Diversity Index","-",1.36068332195282
"Kashmir",24,7,1999.5,"eco2D_Diversity_Shannon","Shannon Diversity Index","-",1.32368803024292
"Kashmir",24,7,4999.5,"eco2D_Diversity_Shannon","Shannon Diversity Index","-",1.32962799072266
"Kashmir",24,7,9999.5,"eco2D_Diversity_Shannon","Shannon Diversity Index","-",1.33150541782379
"Kashmir",24,7,0.5,"eco2D_Diversity_Simpson","Simpson Diversity Index","-",0.848633229732513
"Kashmir",24,7,1.5,"eco2D_Diversity_Simpson","Simpson Diversity Index","-",0.84771054983139
"Kashmir",24,7,4.5,"eco2D_Diversity_Simpson","Simpson Diversity Index","-",0.846879780292511
"Kashmir",24,7,9.5,"eco2D_Diversity_Simpson","Simpson Diversity Index","-",0.829066216945648
"Kashmir",24,7,19.5,"eco2D_Diversity_Simpson","Simpson Diversity Index","-",0.781613409519196
"Kashmir",24,7,49.5,"eco2D_Diversity_Simpson","Simpson Diversity Index","-",0.778026163578033
"Kashmir",24,7,99.5,"eco2D_Diversity_Simpson","Simpson Diversity Index","-",0.75050687789917
"Kashmir",24,7,199.5,"eco2D_Diversity_Simpson","Simpson Diversity Index","-",0.748302102088928
"Kashmir",24,7,499.5,"eco2D_Diversity_Simpson","Simpson Diversity Index","-",0.732864499092102
"Kashmir",24,7,999.5,"eco2D_Diversity_Simpson","Simpson Diversity Index","-",0.715118885040283
"Kashmir",24,7,1999.5,"eco2D_Diversity_Simpson","Simpson Diversity Index","-",0.707164525985718
"Kashmir",24,7,4999.5,"eco2D_Diversity_Simpson","Simpson Diversity Index","-",0.708196520805359
"Kashmir",24,7,9999.5,"eco2D_Diversity_Simpson","Simpson Diversity Index","-",0.708576500415802
"Kashmir",24,7,0.5,"eco2D_Diversity_Berger","Berger Diversity Index","-",0.812907934188843
"Kashmir",24,7,1.5,"eco2D_Diversity_Berger","Berger Diversity Index","-",0.811498939990997
"Kashmir",24,7,4.5,"eco2D_Diversity_Berger","Berger Diversity Index","-",0.811436831951141
"Kashmir",24,7,9.5,"eco2D_Diversity_Berger","Berger Diversity Index","-",0.776899933815002
"Kashmir",24,7,19.5,"eco2D_Diversity_Berger","Berger Diversity Index","-",0.690092504024506
"Kashmir",24,7,49.5,"eco2D_Diversity_Berger","Berger Diversity Index","-",0.686175346374512
"Kashmir",24,7,99.5,"eco2D_Diversity_Berger","Berger Diversity Index","-",0.66238921880722
"Kashmir",24,7,199.5,"eco2D_Diversity_Berger","Berger Diversity Index","-",0.661807596683502
"Kashmir",24,7,499.5,"eco2D_Diversity_Berger","Berger Diversity Index","-",0.653195202350616
"Kashmir",24,7,999.5,"eco2D_Diversity_Berger","Berger Diversity Index","-",0.644677758216858
"Kashmir",24,7,1999.5,"eco2D_Diversity_Berger","Berger Diversity Index","-",0.641172111034393
"Kashmir",24,7,4999.5,"eco2D_Diversity_Berger","Berger Diversity Index","-",0.640875279903412
"Kashmir",24,7,9999.5,"eco2D_Diversity_Berger","Berger Diversity Index","-",0.641154646873474
"Kashmir",24,7,0.5,"eco2D_Size_Frac_Pico_Chl","Pico chlorophyll biomass","mg Chl m^-3",0.0631804093718529
"Kashmir",24,7,1.5,"eco2D_Size_Frac_Pico_Chl","Pico chlorophyll biomass","mg Chl m^-3",0.0611440688371658
"Kashmir",24,7,4.5,"eco2D_Size_Frac_Pico_Chl","Pico chlorophyll biomass","mg Chl m^-3",0.0626701042056084
"Kashmir",24,7,9.5,"eco2D_Size_Frac_Pico_Chl","Pico chlorophyll biomass","mg Chl m^-3",0.063334658741951
"Kashmir",24,7,19.5,"eco2D_Size_Frac_Pico_Chl","Pico chlorophyll biomass","mg Chl m^-3",0.0624202899634838
"Kashmir",24,7,49.5,"eco2D_Size_Frac_Pico_Chl","Pico chlorophyll biomass","mg Chl m^-3",0.0618377178907394
"Kashmir",24,7,99.5,"eco2D_Size_Frac_Pico_Chl","Pico chlorophyll biomass","mg Chl m^-3",0.0574365183711052
"Kashmir",24,7,199.5,"eco2D_Size_Frac_Pico_Chl","Pico chlorophyll biomass","mg Chl m^-3",0.0569738298654556
"Kashmir",24,7,499.5,"eco2D_Size_Frac_Pico_Chl","Pico chlorophyll biomass","mg Chl m^-3",0.0546139031648636
"Kashmir",24,7,999.5,"eco2D_Size_Frac_Pico_Chl","Pico chlorophyll biomass","mg Chl m^-3",0.052604652941227
"Kashmir",24,7,1999.5,"eco2D_Size_Frac_Pico_Chl","Pico chlorophyll biomass","mg Chl m^-3",0.0518638528883457
"Kashmir",24,7,4999.5,"eco2D_Size_Frac_Pico_Chl","Pico chlorophyll biomass","mg Chl m^-3",0.0520785376429558
"Kashmir",24,7,9999.5,"eco2D_Size_Frac_Pico_Chl","Pico chlorophyll biomass","mg Chl m^-3",0.0520847737789154
"Kashmir",24,7,0.5,"eco2D_Size_Frac_Nano_Chl","Nano chlorophyll biomass","mg Chl m^-3",0.282556593418121
"Kashmir",24,7,1.5,"eco2D_Size_Frac_Nano_Chl","Nano chlorophyll biomass","mg Chl m^-3",0.277909249067307
"Kashmir",24,7,4.5,"eco2D_Size_Frac_Nano_Chl","Nano chlorophyll biomass","mg Chl m^-3",0.271006017923355
"Kashmir",24,7,9.5,"eco2D_Size_Frac_Nano_Chl","Nano chlorophyll biomass","mg Chl m^-3",0.240537643432617
"Kashmir",24,7,19.5,"eco2D_Size_Frac_Nano_Chl","Nano chlorophyll biomass","mg Chl m^-3",0.150158390402794
"Kashmir",24,7,49.5,"eco2D_Size_Frac_Nano_Chl","Nano chlorophyll biomass","mg Chl m^-3",0.138761639595032
"Kashmir",24,7,99.5,"eco2D_Size_Frac_Nano_Chl","Nano chlorophyll biomass","mg Chl m^-3",0.0939409360289574
"Kashmir",24,7,199.5,"eco2D_Size_Frac_Nano_Chl","Nano chlorophyll biomass","mg Chl m^-3",0.0899017304182053
"Kashmir",24,7,499.5,"eco2D_Size_Frac_Nano_Chl","Nano chlorophyll biomass","mg Chl m^-3",0.0774542987346649
"Kashmir",24,7,999.5,"eco2D_Size_Frac_Nano_Chl","Nano chlorophyll biomass","mg Chl m^-3",0.0694634541869164
"Kashmir",24,7,1999.5,"eco2D_Size_Frac_Nano_Chl","Nano chlorophyll biomass","mg Chl m^-3",0.0666488483548164
"Kashmir",24,7,4999.5,"eco2D_Size_Frac_Nano_Chl","Nano chlorophyll biomass","mg Chl m^-3",0.0675207078456879
"Kashmir",24,7,9999.5,"eco2D_Size_Frac_Nano_Chl","Nano chlorophyll biomass","mg Chl m^-3",0.0675419420003891
"Kashmir",24,7,0.5,"eco2D_Size_Frac_Micro_Chl","Micro chlorophyll biomass","mg Chl m^-3",0.233637556433678
"Kashmir",24,7,1.5,"eco2D_Size_Frac_Micro_Chl","Micro chlorophyll biomass","mg Chl m^-3",0.208257406949997
"Kashmir",24,7,4.5,"eco2D_Size_Frac_Micro_Chl","Micro chlorophyll biomass","mg Chl m^-3",0.194882839918137
"Kashmir",24,7,9.5,"eco2D_Size_Frac_Micro_Chl","Micro chlorophyll biomass","mg Chl m^-3",0.124095112085342
"Kashmir",24,7,19.5,"eco2D_Size_Frac_Micro_Chl","Micro chlorophyll biomass","mg Chl m^-3",0.0377581082284451
"Kashmir",24,7,49.5,"eco2D_Size_Frac_Micro_Chl","Micro chlorophyll biomass","mg Chl m^-3",0.0333020277321339
"Kashmir",24,7,99.5,"eco2D_Size_Frac_Micro_Chl","Micro chlorophyll biomass","mg Chl m^-3",0.0124901384115219
"Kashmir",24,7,199.5,"eco2D_Size_Frac_Micro_Chl","Micro chlorophyll biomass","mg Chl m^-3",0.010416379198432
"Kashmir",24,7,499.5,"eco2D_Size_Frac_Micro_Chl","Micro chlorophyll biomass","mg Chl m^-3",0.00402512820437551
"Kashmir",24,7,999.5,"eco2D_Size_Frac_Micro_Chl","Micro chlorophyll biomass","mg Chl m^-3",0.00111460988409817
"Kashmir",24,7,1999.5,"eco2D_Size_Frac_Micro_Chl","Micro chlorophyll biomass","mg Chl m^-3",0.000445006822701544
"Kashmir",24,7,4999.5,"eco2D_Size_Frac_Micro_Chl","Micro chlorophyll biomass","mg Chl m^-3",0.000543715548701584
"Kashmir",24,7,9999.5,"eco2D_Size_Frac_Micro_Chl","Micro chlorophyll biomass","mg Chl m^-3",0.000570584554225206
"Tibet",25,5,0.5,"grid_level","grid definition","n/a",1
"Tibet",25,5,1.5,"grid_level","grid definition","n/a",1
"Tibet",25,5,4.5,"grid_level","grid definition","n/a",1
"Tibet",25,5,9.5,"grid_level","grid definition","n/a",1
"Tibet",25,5,19.5,"grid_level","grid definition","n/a",1
"Tibet",25,5,49.5,"grid_level","grid definition","n/a",1
"Tibet",25,5,99.5,"grid_level","grid definition","n/a",1
"Tibet",25,5,199.5,"grid_level","grid definition","n/a",1
"Tibet",25,5,499.5,"grid_level","grid definition","n/a",1
"Tibet",25,5,999.5,"grid_level","grid definition","n/a",1
"Tibet",25,5,1999.5,"grid_level","grid definition","n/a",1
"Tibet",25,5,4999.5,"grid_level","grid definition","n/a",1
"Tibet",25,5,9999.5,"grid_level","grid definition","n/a",1
"Tibet",25,5,0.5,"grid_mask","land-sea mask","n/a",1
"Tibet",25,5,1.5,"grid_mask","land-sea mask","n/a",1
"Tibet",25,5,4.5,"grid_mask","land-sea mask","n/a",1
"Tibet",25,5,9.5,"grid_mask","land-sea mask","n/a",1
"Tibet",25,5,19.5,"grid_mask","land-sea mask","n/a",1
"Tibet",25,5,49.5,"grid_mask","land-sea mask","n/a",1
"Tibet",25,5,99.5,"grid_mask","land-sea mask","n/a",1
"Tibet",25,5,199.5,"grid_mask","land-sea mask","n/a",1
"Tibet",25,5,499.5,"grid_mask","land-sea mask","n/a",1
"Tibet",25,5,999.5,"grid_mask","land-sea mask","n/a",1
"Tibet",25,5,1999.5,"grid_mask","land-sea mask","n/a",1
"Tibet",25,5,4999.5,"grid_mask","land-sea mask","n/a",1
"Tibet",25,5,9999.5,"grid_mask","land-sea mask","n/a",1
"Tibet",25,5,0.5,"grid_topo","ocean depth","m",5000
"Tibet",25,5,1.5,"grid_topo","ocean depth","m",5000
"Tibet",25,5,4.5,"grid_topo","ocean depth","m",5000
"Tibet",25,5,9.5,"grid_topo","ocean depth","m",5000
"Tibet",25,5,19.5,"grid_topo","ocean depth","m",5000
"Tibet",25,5,49.5,"grid_topo","ocean depth","m",5000
"Tibet",25,5,99.5,"grid_topo","ocean depth","m",5000
"Tibet",25,5,199.5,"grid_topo","ocean depth","m",5000
"Tibet",25,5,499.5,"grid_topo","ocean depth","m",5000
"Tibet",25,5,999.5,"grid_topo","ocean depth","m",5000
"Tibet",25,5,1999.5,"grid_topo","ocean depth","m",5000
"Tibet",25,5,4999.5,"grid_topo","ocean depth","m",5000
"Tibet",25,5,9999.5,"grid_topo","ocean depth","m",5000
"Tibet",25,5,0.5,"eco2D_Plankton_C_001","C Biomass - Popn. #001 (0.60 micron phytoplankton)","mmol C m^-3",0.0264275930821896
"Tibet",25,5,1.5,"eco2D_Plankton_C_001","C Biomass - Popn. #001 (0.60 micron phytoplankton)","mmol C m^-3",0.020991588011384
"Tibet",25,5,4.5,"eco2D_Plankton_C_001","C Biomass - Popn. #001 (0.60 micron phytoplankton)","mmol C m^-3",0.0245031639933586
"Tibet",25,5,9.5,"eco2D_Plankton_C_001","C Biomass - Popn. #001 (0.60 micron phytoplankton)","mmol C m^-3",0.0287704654037952
"Tibet",25,5,19.5,"eco2D_Plankton_C_001","C Biomass - Popn. #001 (0.60 micron phytoplankton)","mmol C m^-3",0.0315338000655174
"Tibet",25,5,49.5,"eco2D_Plankton_C_001","C Biomass - Popn. #001 (0.60 micron phytoplankton)","mmol C m^-3",0.0348009653389454
"Tibet",25,5,99.5,"eco2D_Plankton_C_001","C Biomass - Popn. #001 (0.60 micron phytoplankton)","mmol C m^-3",0.0375708639621735
"Tibet",25,5,199.5,"eco2D_Plankton_C_001","C Biomass - Popn. #001 (0.60 micron phytoplankton)","mmol C m^-3",0.0401825420558453
"Tibet",25,5,499.5,"eco2D_Plankton_C_001","C Biomass - Popn. #001 (0.60 micron phytoplankton)","mmol C m^-3",0.0406087040901184
"Tibet",25,5,999.5,"eco2D_Plankton_C_001","C Biomass - Popn. #001 (0.60 micron phytoplankton)","mmol C m^-3",0.0403953045606613
"Tibet",25,5,1999.5,"eco2D_Plankton_C_001","C Biomass - Popn. #001 (0.60 micron phytoplankton)","mmol C m^-3",0.0404310002923012
"Tibet",25,5,4999.5,"eco2D_Plankton_C_001","C Biomass - Popn. #001 (0.60 micron phytoplankton)","mmol C m^-3",0.0399888902902603
"Tibet",25,5,9999.5,"eco2D_Plankton_C_001","C Biomass - Popn. #001 (0.60 micron phytoplankton)","mmol C m^-3",0.0398296304047108
"Tibet",25,5,0.5,"eco2D_Plankton_C_002","C Biomass - Popn. #002 (1.90 micron phytoplankton)","mmol C m^-3",0.193502068519592
"Tibet",25,5,1.5,"eco2D_Plankton_C_002","C Biomass - Popn. #002 (1.90 micron phytoplankton)","mmol C m^-3",0.208518117666245
"Tibet",25,5,4.5,"eco2D_Plankton_C_002","C Biomass - Popn. #002 (1.90 micron phytoplankton)","mmol C m^-3",0.203759118914604
"Tibet",25,5,9.5,"eco2D_Plankton_C_002","C Biomass - Popn. #002 (1.90 micron phytoplankton)","mmol C m^-3",0.196397230029106
"Tibet",25,5,19.5,"eco2D_Plankton_C_002","C Biomass - Popn. #002 (1.90 micron phytoplankton)","mmol C m^-3",0.19347308576107
"Tibet",25,5,49.5,"eco2D_Plankton_C_002","C Biomass - Popn. #002 (1.90 micron phytoplankton)","mmol C m^-3",0.20964527130127
"Tibet",25,5,99.5,"eco2D_Plankton_C_002","C Biomass - Popn. #002 (1.90 micron phytoplankton)","mmol C m^-3",0.219972714781761
"Tibet",25,5,199.5,"eco2D_Plankton_C_002","C Biomass - Popn. #002 (1.90 micron phytoplankton)","mmol C m^-3",0.22836722433567
"Tibet",25,5,499.5,"eco2D_Plankton_C_002","C Biomass - Popn. #002 (1.90 micron phytoplankton)","mmol C m^-3",0.237970471382141
"Tibet",25,5,999.5,"eco2D_Plankton_C_002","C Biomass - Popn. #002 (1.90 micron phytoplankton)","mmol C m^-3",0.243983715772629
"Tibet",25,5,1999.5,"eco2D_Plankton_C_002","C Biomass - Popn. #002 (1.90 micron phytoplankton)","mmol C m^-3",0.245512500405312
"Tibet",25,5,4999.5,"eco2D_Plankton_C_002","C Biomass - Popn. #002 (1.90 micron phytoplankton)","mmol C m^-3",0.246504366397858
"Tibet",25,5,9999.5,"eco2D_Plankton_C_002","C Biomass - Popn. #002 (1.90 micron phytoplankton)","mmol C m^-3",0.245834603905678
"Tibet",25,5,0.5,"eco2D_Plankton_C_003","C Biomass - Popn. #003 (6.00 micron phytoplankton)","mmol C m^-3",0.425162762403488
"Tibet",25,5,1.5,"eco2D_Plankton_C_003","C Biomass - Popn. #003 (6.00 micron phytoplankton)","mmol C m^-3",0.488448053598404
"Tibet",25,5,4.5,"eco2D_Plankton_C_003","C Biomass - Popn. #003 (6.00 micron phytoplankton)","mmol C m^-3",0.462067276239395
"Tibet",25,5,9.5,"eco2D_Plankton_C_003","C Biomass - Popn. #003 (6.00 micron phytoplankton)","mmol C m^-3",0.434604465961456
"Tibet",25,5,19.5,"eco2D_Plankton_C_003","C Biomass - Popn. #003 (6.00 micron phytoplankton)","mmol C m^-3",0.416807264089584
"Tibet",25,5,49.5,"eco2D_Plankton_C_003","C Biomass - Popn. #003 (6.00 micron phytoplankton)","mmol C m^-3",0.399464219808578
"Tibet",25,5,99.5,"eco2D_Plankton_C_003","C Biomass - Popn. #003 (6.00 micron phytoplankton)","mmol C m^-3",0.371726363897324
"Tibet",25,5,199.5,"eco2D_Plankton_C_003","C Biomass - Popn. #003 (6.00 micron phytoplankton)","mmol C m^-3",0.348472833633423
"Tibet",25,5,499.5,"eco2D_Plankton_C_003","C Biomass - Popn. #003 (6.00 micron phytoplankton)","mmol C m^-3",0.334190964698792
"Tibet",25,5,999.5,"eco2D_Plankton_C_003","C Biomass - Popn. #003 (6.00 micron phytoplankton)","mmol C m^-3",0.321611672639847
"Tibet",25,5,1999.5,"eco2D_Plankton_C_003","C Biomass - Popn. #003 (6.00 micron phytoplankton)","mmol C m^-3",0.318771243095398
"Tibet",25,5,4999.5,"eco2D_Plankton_C_003","C Biomass - Popn. #003 (6.00 micron phytoplankton)","mmol C m^-3",0.320207566022873
"Tibet",25,5,9999.5,"eco2D_Plankton_C_003","C Biomass - Popn. #003 (6.00 micron phytoplankton)","mmol C m^-3",0.322504848241806
"Tibet",25,5,0.5,"eco2D_Plankton_C_004","C Biomass - Popn. #004 (19.00 micron phytoplankton)","mmol C m^-3",0.375341892242432
"Tibet",25,5,1.5,"eco2D_Plankton_C_004","C Biomass - Popn. #004 (19.00 micron phytoplankton)","mmol C m^-3",0.424163609743118
"Tibet",25,5,4.5,"eco2D_Plankton_C_004","C Biomass - Popn. #004 (19.00 micron phytoplankton)","mmol C m^-3",0.406747817993164
"Tibet",25,5,9.5,"eco2D_Plankton_C_004","C Biomass - Popn. #004 (19.00 micron phytoplankton)","mmol C m^-3",0.393167048692703
"Tibet",25,5,19.5,"eco2D_Plankton_C_004","C Biomass - Popn. #004 (19.00 micron phytoplankton)","mmol C m^-3",0.377926200628281
"Tibet",25,5,49.5,"eco2D_Plankton_C_004","C Biomass - Popn. #004 (19.00 micron phytoplankton)","mmol C m^-3",0.314386487007141
"Tibet",25,5,99.5,"eco2D_Plankton_C_004","C Biomass - Popn. #004 (19.00 micron phytoplankton)","mmol C m^-3",0.265580922365189
"Tibet",25,5,199.5,"eco2D_Plankton_C_004","C Biomass - Popn. #004 (19.00 micron phytoplankton)","mmol C m^-3",0.231109768152237
"Tibet",25,5,499.5,"eco2D_Plankton_C_004","C Biomass - Popn. #004 (19.00 micron phytoplankton)","mmol C m^-3",0.202522084116936
"Tibet",25,5,999.5,"eco2D_Plankton_C_004","C Biomass - Popn. #004 (19.00 micron phytoplankton)","mmol C m^-3",0.185176461935043
"Tibet",25,5,1999.5,"eco2D_Plankton_C_004","C Biomass - Popn. #004 (19.00 micron phytoplankton)","mmol C m^-3",0.180026710033417
"Tibet",25,5,4999.5,"eco2D_Plankton_C_004","C Biomass - Popn. #004 (19.00 micron phytoplankton)","mmol C m^-3",0.18002125620842
"Tibet",25,5,9999.5,"eco2D_Plankton_C_004","C Biomass - Popn. #004 (19.00 micron phytoplankton)","mmol C m^-3",0.183408603072166
"Tibet",25,5,0.5,"eco2D_Plankton_C_005","C Biomass - Popn. #005 (60.00 micron phytoplankton)","mmol C m^-3",0.331295758485794
"Tibet",25,5,1.5,"eco2D_Plankton_C_005","C Biomass - Popn. #005 (60.00 micron phytoplankton)","mmol C m^-3",0.348667621612549
"Tibet",25,5,4.5,"eco2D_Plankton_C_005","C Biomass - Popn. #005 (60.00 micron phytoplankton)","mmol C m^-3",0.339887648820877
"Tibet",25,5,9.5,"eco2D_Plankton_C_005","C Biomass - Popn. #005 (60.00 micron phytoplankton)","mmol C m^-3",0.335507422685623
"Tibet",25,5,19.5,"eco2D_Plankton_C_005","C Biomass - Popn. #005 (60.00 micron phytoplankton)","mmol C m^-3",0.323295146226883
"Tibet",25,5,49.5,"eco2D_Plankton_C_005","C Biomass - Popn. #005 (60.00 micron phytoplankton)","mmol C m^-3",0.219466716051102
"Tibet",25,5,99.5,"eco2D_Plankton_C_005","C Biomass - Popn. #005 (60.00 micron phytoplankton)","mmol C m^-3",0.156047284603119
"Tibet",25,5,199.5,"eco2D_Plankton_C_005","C Biomass - Popn. #005 (60.00 micron phytoplankton)","mmol C m^-3",0.117900155484676
"Tibet",25,5,499.5,"eco2D_Plankton_C_005","C Biomass - Popn. #005 (60.00 micron phytoplankton)","mmol C m^-3",0.0578945353627205
"Tibet",25,5,999.5,"eco2D_Plankton_C_005","C Biomass - Popn. #005 (60.00 micron phytoplankton)","mmol C m^-3",0.00167270074598491
"Tibet",25,5,1999.5,"eco2D_Plankton_C_005","C Biomass - Popn. #005 (60.00 micron phytoplankton)","mmol C m^-3",3.83321790975444e-10
"Tibet",25,5,4999.5,"eco2D_Plankton_C_005","C Biomass - Popn. #005 (60.00 micron phytoplankton)","mmol C m^-3",3.61599417075809e-10
"Tibet",25,5,9999.5,"eco2D_Plankton_C_005","C Biomass - Popn. #005 (60.00 micron phytoplankton)","mmol C m^-3",4.76468919874407e-10
"Tibet",25,5,0.5,"eco2D_Plankton_C_006","C Biomass - Popn. #006 (190.00 micron phytoplankton)","mmol C m^-3",0.37005603313446
"Tibet",25,5,1.5,"eco2D_Plankton_C_006","C Biomass - Popn. #006 (190.00 micron phytoplankton)","mmol C m^-3",0.366647481918335
"Tibet",25,5,4.5,"eco2D_Plankton_C_006","C Biomass - Popn. #006 (190.00 micron phytoplankton)","mmol C m^-3",0.370979160070419
"Tibet",25,5,9.5,"eco2D_Plankton_C_006","C Biomass - Popn. #006 (190.00 micron phytoplankton)","mmol C m^-3",0.360005497932434
"Tibet",25,5,19.5,"eco2D_Plankton_C_006","C Biomass - Popn. #006 (190.00 micron phytoplankton)","mmol C m^-3",0.33812952041626
"Tibet",25,5,49.5,"eco2D_Plankton_C_006","C Biomass - Popn. #006 (190.00 micron phytoplankton)","mmol C m^-3",0.0864108130335808
"Tibet",25,5,99.5,"eco2D_Plankton_C_006","C Biomass - Popn. #006 (190.00 micron phytoplankton)","mmol C m^-3",2.70426903092869e-09
"Tibet",25,5,199.5,"eco2D_Plankton_C_006","C Biomass - Popn. #006 (190.00 micron phytoplankton)","mmol C m^-3",1.07964463758048e-10
"Tibet",25,5,499.5,"eco2D_Plankton_C_006","C Biomass - Popn. #006 (190.00 micron phytoplankton)","mmol C m^-3",6.07742328684324e-11
"Tibet",25,5,999.5,"eco2D_Plankton_C_006","C Biomass - Popn. #006 (190.00 micron phytoplankton)","mmol C m^-3",4.18488611819701e-11
"Tibet",25,5,1999.5,"eco2D_Plankton_C_006","C Biomass - Popn. #006 (190.00 micron phytoplankton)","mmol C m^-3",3.8330342372328e-11
"Tibet",25,5,4999.5,"eco2D_Plankton_C_006","C Biomass - Popn. #006 (190.00 micron phytoplankton)","mmol C m^-3",3.78568704162419e-11
"Tibet",25,5,9999.5,"eco2D_Plankton_C_006","C Biomass - Popn. #006 (190.00 micron phytoplankton)","mmol C m^-3",3.95514766771132e-11
"Tibet",25,5,0.5,"eco2D_Plankton_C_007","C Biomass - Popn. #007 (600.00 micron phytoplankton)","mmol C m^-3",0.399864226579666
"Tibet",25,5,1.5,"eco2D_Plankton_C_007","C Biomass - Popn. #007 (600.00 micron phytoplankton)","mmol C m^-3",0.402238816022873
"Tibet",25,5,4.5,"eco2D_Plankton_C_007","C Biomass - Popn. #007 (600.00 micron phytoplankton)","mmol C m^-3",0.476396769285202
"Tibet",25,5,9.5,"eco2D_Plankton_C_007","C Biomass - Popn. #007 (600.00 micron phytoplankton)","mmol C m^-3",0.452774375677109
"Tibet",25,5,19.5,"eco2D_Plankton_C_007","C Biomass - Popn. #007 (600.00 micron phytoplankton)","mmol C m^-3",0.360601902008057
"Tibet",25,5,49.5,"eco2D_Plankton_C_007","C Biomass - Popn. #007 (600.00 micron phytoplankton)","mmol C m^-3",7.24982712752009e-11
"Tibet",25,5,99.5,"eco2D_Plankton_C_007","C Biomass - Popn. #007 (600.00 micron phytoplankton)","mmol C m^-3",3.55016849251655e-11
"Tibet",25,5,199.5,"eco2D_Plankton_C_007","C Biomass - Popn. #007 (600.00 micron phytoplankton)","mmol C m^-3",2.4657383773663e-11
"Tibet",25,5,499.5,"eco2D_Plankton_C_007","C Biomass - Popn. #007 (600.00 micron phytoplankton)","mmol C m^-3",1.57732091277119e-11
"Tibet",25,5,999.5,"eco2D_Plankton_C_007","C Biomass - Popn. #007 (600.00 micron phytoplankton)","mmol C m^-3",1.15195014985248e-11
"Tibet",25,5,1999.5,"eco2D_Plankton_C_007","C Biomass - Popn. #007 (600.00 micron phytoplankton)","mmol C m^-3",1.05058999694263e-11
"Tibet",25,5,4999.5,"eco2D_Plankton_C_007","C Biomass - Popn. #007 (600.00 micron phytoplankton)","mmol C m^-3",1.05138059716681e-11
"Tibet",25,5,9999.5,"eco2D_Plankton_C_007","C Biomass - Popn. #007 (600.00 micron phytoplankton)","mmol C m^-3",1.09205413809099e-11
"Tibet",25,5,0.5,"eco2D_Plankton_C_008","C Biomass - Popn. #008 (1900.00 micron phytoplankton)","mmol C m^-3",0.111037015914917
"Tibet",25,5,1.5,"eco2D_Plankton_C_008","C Biomass - Popn. #008 (1900.00 micron phytoplankton)","mmol C m^-3",0.0190590750426054
"Tibet",25,5,4.5,"eco2D_Plankton_C_008","C Biomass - Popn. #008 (1900.00 micron phytoplankton)","mmol C m^-3",2.47570169449318e-05
"Tibet",25,5,9.5,"eco2D_Plankton_C_008","C Biomass - Popn. #008 (1900.00 micron phytoplankton)","mmol C m^-3",0.00462858751416206
"Tibet",25,5,19.5,"eco2D_Plankton_C_008","C Biomass - Popn. #008 (1900.00 micron phytoplankton)","mmol C m^-3",0.00150295486673713
"Tibet",25,5,49.5,"eco2D_Plankton_C_008","C Biomass - Popn. #008 (1900.00 micron phytoplankton)","mmol C m^-3",1.94750500448482e-11
"Tibet",25,5,99.5,"eco2D_Plankton_C_008","C Biomass - Popn. #008 (1900.00 micron phytoplankton)","mmol C m^-3",1.0210686463008e-11
"Tibet",25,5,199.5,"eco2D_Plankton_C_008","C Biomass - Popn. #008 (1900.00 micron phytoplankton)","mmol C m^-3",7.10701419590065e-12
"Tibet",25,5,499.5,"eco2D_Plankton_C_008","C Biomass - Popn. #008 (1900.00 micron phytoplankton)","mmol C m^-3",4.5639997857394e-12
"Tibet",25,5,999.5,"eco2D_Plankton_C_008","C Biomass - Popn. #008 (1900.00 micron phytoplankton)","mmol C m^-3",3.41851698858198e-12
"Tibet",25,5,1999.5,"eco2D_Plankton_C_008","C Biomass - Popn. #008 (1900.00 micron phytoplankton)","mmol C m^-3",3.05760928728804e-12
"Tibet",25,5,4999.5,"eco2D_Plankton_C_008","C Biomass - Popn. #008 (1900.00 micron phytoplankton)","mmol C m^-3",3.13458677417278e-12
"Tibet",25,5,9999.5,"eco2D_Plankton_C_008","C Biomass - Popn. #008 (1900.00 micron phytoplankton)","mmol C m^-3",3.2000047143349e-12
"Tibet",25,5,0.5,"eco2D_Plankton_C_009","C Biomass - Popn. #009 (0.60 micron zooplankton)","mmol C m^-3",0.00281194248236716
"Tibet",25,5,1.5,"eco2D_Plankton_C_009","C Biomass - Popn. #009 (0.60 micron zooplankton)","mmol C m^-3",1.03444071086756e-08
"Tibet",25,5,4.5,"eco2D_Plankton_C_009","C Biomass - Popn. #009 (0.60 micron zooplankton)","mmol C m^-3",5.19829526646198e-11
"Tibet",25,5,9.5,"eco2D_Plankton_C_009","C Biomass - Popn. #009 (0.60 micron zooplankton)","mmol C m^-3",5.84704229478206e-11
"Tibet",25,5,19.5,"eco2D_Plankton_C_009","C Biomass - Popn. #009 (0.60 micron zooplankton)","mmol C m^-3",6.40873812352005e-11
"Tibet",25,5,49.5,"eco2D_Plankton_C_009","C Biomass - Popn. #009 (0.60 micron zooplankton)","mmol C m^-3",7.07815750455865e-11
"Tibet",25,5,99.5,"eco2D_Plankton_C_009","C Biomass - Popn. #009 (0.60 micron zooplankton)","mmol C m^-3",6.92556220704965e-11
"Tibet",25,5,199.5,"eco2D_Plankton_C_009","C Biomass - Popn. #009 (0.60 micron zooplankton)","mmol C m^-3",6.61914897892579e-11
"Tibet",25,5,499.5,"eco2D_Plankton_C_009","C Biomass - Popn. #009 (0.60 micron zooplankton)","mmol C m^-3",6.15101997114564e-11
"Tibet",25,5,999.5,"eco2D_Plankton_C_009","C Biomass - Popn. #009 (0.60 micron zooplankton)","mmol C m^-3",5.55514072242413e-11
"Tibet",25,5,1999.5,"eco2D_Plankton_C_009","C Biomass - Popn. #009 (0.60 micron zooplankton)","mmol C m^-3",5.41281186539067e-11
"Tibet",25,5,4999.5,"eco2D_Plankton_C_009","C Biomass - Popn. #009 (0.60 micron zooplankton)","mmol C m^-3",5.33972137339855e-11
"Tibet",25,5,9999.5,"eco2D_Plankton_C_009","C Biomass - Popn. #009 (0.60 micron zooplankton)","mmol C m^-3",5.39848617198135e-11
"Tibet",25,5,0.5,"eco2D_Plankton_C_010","C Biomass - Popn. #010 (1.90 micron zooplankton)","mmol C m^-3",0.0179372001439333
"Tibet",25,5,1.5,"eco2D_Plankton_C_010","C Biomass - Popn. #010 (1.90 micron zooplankton)","mmol C m^-3",0.0232859887182713
"Tibet",25,5,4.5,"eco2D_Plankton_C_010","C Biomass - Popn. #010 (1.90 micron zooplankton)","mmol C m^-3",0.0250968486070633
"Tibet",25,5,9.5,"eco2D_Plankton_C_010","C Biomass - Popn. #010 (1.90 micron zooplankton)","mmol C m^-3",0.0260690040886402
"Tibet",25,5,19.5,"eco2D_Plankton_C_010","C Biomass - Popn. #010 (1.90 micron zooplankton)","mmol C m^-3",0.0268545728176832
"Tibet",25,5,49.5,"eco2D_Plankton_C_010","C Biomass - Popn. #010 (1.90 micron zooplankton)","mmol C m^-3",0.0291617345064878
"Tibet",25,5,99.5,"eco2D_Plankton_C_010","C Biomass - Popn. #010 (1.90 micron zooplankton)","mmol C m^-3",0.0277837067842484
"Tibet",25,5,199.5,"eco2D_Plankton_C_010","C Biomass - Popn. #010 (1.90 micron zooplankton)","mmol C m^-3",0.0255622416734695
"Tibet",25,5,499.5,"eco2D_Plankton_C_010","C Biomass - Popn. #010 (1.90 micron zooplankton)","mmol C m^-3",0.0230727829039097
"Tibet",25,5,999.5,"eco2D_Plankton_C_010","C Biomass - Popn. #010 (1.90 micron zooplankton)","mmol C m^-3",0.0190985258668661
"Tibet",25,5,1999.5,"eco2D_Plankton_C_010","C Biomass - Popn. #010 (1.90 micron zooplankton)","mmol C m^-3",0.0180349722504616
"Tibet",25,5,4999.5,"eco2D_Plankton_C_010","C Biomass - Popn. #010 (1.90 micron zooplankton)","mmol C m^-3",0.0176835246384144
"Tibet",25,5,9999.5,"eco2D_Plankton_C_010","C Biomass - Popn. #010 (1.90 micron zooplankton)","mmol C m^-3",0.0181695800274611
"Tibet",25,5,0.5,"eco2D_Plankton_C_011","C Biomass - Popn. #011 (6.00 micron zooplankton)","mmol C m^-3",0.109954789280891
"Tibet",25,5,1.5,"eco2D_Plankton_C_011","C Biomass - Popn. #011 (6.00 micron zooplankton)","mmol C m^-3",0.137994110584259
"Tibet",25,5,4.5,"eco2D_Plankton_C_011","C Biomass - Popn. #011 (6.00 micron zooplankton)","mmol C m^-3",0.133402302861214
"Tibet",25,5,9.5,"eco2D_Plankton_C_011","C Biomass - Popn. #011 (6.00 micron zooplankton)","mmol C m^-3",0.128784418106079
"Tibet",25,5,19.5,"eco2D_Plankton_C_011","C Biomass - Popn. #011 (6.00 micron zooplankton)","mmol C m^-3",0.124937929213047
"Tibet",25,5,49.5,"eco2D_Plankton_C_011","C Biomass - Popn. #011 (6.00 micron zooplankton)","mmol C m^-3",0.121699593961239
"Tibet",25,5,99.5,"eco2D_Plankton_C_011","C Biomass - Popn. #011 (6.00 micron zooplankton)","mmol C m^-3",0.113526038825512
"Tibet",25,5,199.5,"eco2D_Plankton_C_011","C Biomass - Popn. #011 (6.00 micron zooplankton)","mmol C m^-3",0.104585565626621
"Tibet",25,5,499.5,"eco2D_Plankton_C_011","C Biomass - Popn. #011 (6.00 micron zooplankton)","mmol C m^-3",0.101618252694607
"Tibet",25,5,999.5,"eco2D_Plankton_C_011","C Biomass - Popn. #011 (6.00 micron zooplankton)","mmol C m^-3",0.0979739427566528
"Tibet",25,5,1999.5,"eco2D_Plankton_C_011","C Biomass - Popn. #011 (6.00 micron zooplankton)","mmol C m^-3",0.0968105122447014
"Tibet",25,5,4999.5,"eco2D_Plankton_C_011","C Biomass - Popn. #011 (6.00 micron zooplankton)","mmol C m^-3",0.0967967584729195
"Tibet",25,5,9999.5,"eco2D_Plankton_C_011","C Biomass - Popn. #011 (6.00 micron zooplankton)","mmol C m^-3",0.0974969416856766
"Tibet",25,5,0.5,"eco2D_Plankton_C_012","C Biomass - Popn. #012 (19.00 micron zooplankton)","mmol C m^-3",0.23056448996067
"Tibet",25,5,1.5,"eco2D_Plankton_C_012","C Biomass - Popn. #012 (19.00 micron zooplankton)","mmol C m^-3",0.279396057128906
"Tibet",25,5,4.5,"eco2D_Plankton_C_012","C Biomass - Popn. #012 (19.00 micron zooplankton)","mmol C m^-3",0.267336219549179
"Tibet",25,5,9.5,"eco2D_Plankton_C_012","C Biomass - Popn. #012 (19.00 micron zooplankton)","mmol C m^-3",0.258906632661819
"Tibet",25,5,19.5,"eco2D_Plankton_C_012","C Biomass - Popn. #012 (19.00 micron zooplankton)","mmol C m^-3",0.248854950070381
"Tibet",25,5,49.5,"eco2D_Plankton_C_012","C Biomass - Popn. #012 (19.00 micron zooplankton)","mmol C m^-3",0.22735296189785
"Tibet",25,5,99.5,"eco2D_Plankton_C_012","C Biomass - Popn. #012 (19.00 micron zooplankton)","mmol C m^-3",0.209595575928688
"Tibet",25,5,199.5,"eco2D_Plankton_C_012","C Biomass - Popn. #012 (19.00 micron zooplankton)","mmol C m^-3",0.191844820976257
"Tibet",25,5,499.5,"eco2D_Plankton_C_012","C Biomass - Popn. #012 (19.00 micron zooplankton)","mmol C m^-3",0.187403053045273
"Tibet",25,5,999.5,"eco2D_Plankton_C_012","C Biomass - Popn. #012 (19.00 micron zooplankton)","mmol C m^-3",0.188803523778915
"Tibet",25,5,1999.5,"eco2D_Plankton_C_012","C Biomass - Popn. #012 (19.00 micron zooplankton)","mmol C m^-3",0.188854873180389
"Tibet",25,5,4999.5,"eco2D_Plankton_C_012","C Biomass - Popn. #012 (19.00 micron zooplankton)","mmol C m^-3",0.189585328102112
"Tibet",25,5,9999.5,"eco2D_Plankton_C_012","C Biomass - Popn. #012 (19.00 micron zooplankton)","mmol C m^-3",0.189958974719048
"Tibet",25,5,0.5,"eco2D_Plankton_C_013","C Biomass - Popn. #013 (60.00 micron zooplankton)","mmol C m^-3",0.357528924942017
"Tibet",25,5,1.5,"eco2D_Plankton_C_013","C Biomass - Popn. #013 (60.00 micron zooplankton)","mmol C m^-3",0.409810215234756
"Tibet",25,5,4.5,"eco2D_Plankton_C_013","C Biomass - Popn. #013 (60.00 micron zooplankton)","mmol C m^-3",0.390733003616333
"Tibet",25,5,9.5,"eco2D_Plankton_C_013","C Biomass - Popn. #013 (60.00 micron zooplankton)","mmol C m^-3",0.377263724803925
"Tibet",25,5,19.5,"eco2D_Plankton_C_013","C Biomass - Popn. #013 (60.00 micron zooplankton)","mmol C m^-3",0.361268103122711
"Tibet",25,5,49.5,"eco2D_Plankton_C_013","C Biomass - Popn. #013 (60.00 micron zooplankton)","mmol C m^-3",0.322940975427628
"Tibet",25,5,99.5,"eco2D_Plankton_C_013","C Biomass - Popn. #013 (60.00 micron zooplankton)","mmol C m^-3",0.305855393409729
"Tibet",25,5,199.5,"eco2D_Plankton_C_013","C Biomass - Popn. #013 (60.00 micron zooplankton)","mmol C m^-3",0.299650937318802
"Tibet",25,5,499.5,"eco2D_Plankton_C_013","C Biomass - Popn. #013 (60.00 micron zooplankton)","mmol C m^-3",0.28335577249527
"Tibet",25,5,999.5,"eco2D_Plankton_C_013","C Biomass - Popn. #013 (60.00 micron zooplankton)","mmol C m^-3",0.28409081697464
"Tibet",25,5,1999.5,"eco2D_Plankton_C_013","C Biomass - Popn. #013 (60.00 micron zooplankton)","mmol C m^-3",0.285100042819977
"Tibet",25,5,4999.5,"eco2D_Plankton_C_013","C Biomass - Popn. #013 (60.00 micron zooplankton)","mmol C m^-3",0.286374270915985
"Tibet",25,5,9999.5,"eco2D_Plankton_C_013","C Biomass - Popn. #013 (60.00 micron zooplankton)","mmol C m^-3",0.286574959754944
"Tibet",25,5,0.5,"eco2D_Plankton_C_014","C Biomass - Popn. #014 (190.00 micron zooplankton)","mmol C m^-3",0.493112832307816
"Tibet",25,5,1.5,"eco2D_Plankton_C_014","C Biomass - Popn. #014 (190.00 micron zooplankton)","mmol C m^-3",0.565201878547668
"Tibet",25,5,4.5,"eco2D_Plankton_C_014","C Biomass - Popn. #014 (190.00 micron zooplankton)","mmol C m^-3",0.544508218765259
"Tibet",25,5,9.5,"eco2D_Plankton_C_014","C Biomass - Popn. #014 (190.00 micron zooplankton)","mmol C m^-3",0.504702091217041
"Tibet",25,5,19.5,"eco2D_Plankton_C_014","C Biomass - Popn. #014 (190.00 micron zooplankton)","mmol C m^-3",0.48071950674057
"Tibet",25,5,49.5,"eco2D_Plankton_C_014","C Biomass - Popn. #014 (190.00 micron zooplankton)","mmol C m^-3",0.427097618579865
"Tibet",25,5,99.5,"eco2D_Plankton_C_014","C Biomass - Popn. #014 (190.00 micron zooplankton)","mmol C m^-3",0.404794037342072
"Tibet",25,5,199.5,"eco2D_Plankton_C_014","C Biomass - Popn. #014 (190.00 micron zooplankton)","mmol C m^-3",0.452482908964157
"Tibet",25,5,499.5,"eco2D_Plankton_C_014","C Biomass - Popn. #014 (190.00 micron zooplankton)","mmol C m^-3",0.349450349807739
"Tibet",25,5,999.5,"eco2D_Plankton_C_014","C Biomass - Popn. #014 (190.00 micron zooplankton)","mmol C m^-3",0.247894048690796
"Tibet",25,5,1999.5,"eco2D_Plankton_C_014","C Biomass - Popn. #014 (190.00 micron zooplankton)","mmol C m^-3",0.225083917379379
"Tibet",25,5,4999.5,"eco2D_Plankton_C_014","C Biomass - Popn. #014 (190.00 micron zooplankton)","mmol C m^-3",0.221048012375832
"Tibet",25,5,9999.5,"eco2D_Plankton_C_014","C Biomass - Popn. #014 (190.00 micron zooplankton)","mmol C m^-3",0.232652261853218
"Tibet",25,5,0.5,"eco2D_Plankton_C_015","C Biomass - Popn. #015 (600.00 micron zooplankton)","mmol C m^-3",0.486046671867371
"Tibet",25,5,1.5,"eco2D_Plankton_C_015","C Biomass - Popn. #015 (600.00 micron zooplankton)","mmol C m^-3",0.706028401851654
"Tibet",25,5,4.5,"eco2D_Plankton_C_015","C Biomass - Popn. #015 (600.00 micron zooplankton)","mmol C m^-3",0.748658835887909
"Tibet",25,5,9.5,"eco2D_Plankton_C_015","C Biomass - Popn. #015 (600.00 micron zooplankton)","mmol C m^-3",0.644889533519745
"Tibet",25,5,19.5,"eco2D_Plankton_C_015","C Biomass - Popn. #015 (600.00 micron zooplankton)","mmol C m^-3",0.606965005397797
"Tibet",25,5,49.5,"eco2D_Plankton_C_015","C Biomass - Popn. #015 (600.00 micron zooplankton)","mmol C m^-3",0.391041487455368
"Tibet",25,5,99.5,"eco2D_Plankton_C_015","C Biomass - Popn. #015 (600.00 micron zooplankton)","mmol C m^-3",0.197645634412766
"Tibet",25,5,199.5,"eco2D_Plankton_C_015","C Biomass - Popn. #015 (600.00 micron zooplankton)","mmol C m^-3",0.00248571299016476
"Tibet",25,5,499.5,"eco2D_Plankton_C_015","C Biomass - Popn. #015 (600.00 micron zooplankton)","mmol C m^-3",1.76017450614907e-10
"Tibet",25,5,999.5,"eco2D_Plankton_C_015","C Biomass - Popn. #015 (600.00 micron zooplankton)","mmol C m^-3",1.05837921759999e-10
"Tibet",25,5,1999.5,"eco2D_Plankton_C_015","C Biomass - Popn. #015 (600.00 micron zooplankton)","mmol C m^-3",9.69393593175383e-11
"Tibet",25,5,4999.5,"eco2D_Plankton_C_015","C Biomass - Popn. #015 (600.00 micron zooplankton)","mmol C m^-3",9.53566184347387e-11
"Tibet",25,5,9999.5,"eco2D_Plankton_C_015","C Biomass - Popn. #015 (600.00 micron zooplankton)","mmol C m^-3",9.9453820179285e-11
"Tibet",25,5,0.5,"eco2D_Plankton_C_016","C Biomass - Popn. #016 (1900.00 micron zooplankton)","mmol C m^-3",0.107640169560909
"Tibet",25,5,1.5,"eco2D_Plankton_C_016","C Biomass - Popn. #016 (1900.00 micron zooplankton)","mmol C m^-3",0.0591177716851234
"Tibet",25,5,4.5,"eco2D_Plankton_C_016","C Biomass - Popn. #016 (1900.00 micron zooplankton)","mmol C m^-3",0.088579535484314
"Tibet",25,5,9.5,"eco2D_Plankton_C_016","C Biomass - Popn. #016 (1900.00 micron zooplankton)","mmol C m^-3",0.314153581857681
"Tibet",25,5,19.5,"eco2D_Plankton_C_016","C Biomass - Popn. #016 (1900.00 micron zooplankton)","mmol C m^-3",0.296201944351196
"Tibet",25,5,49.5,"eco2D_Plankton_C_016","C Biomass - Popn. #016 (1900.00 micron zooplankton)","mmol C m^-3",1.41597247815817e-10
"Tibet",25,5,99.5,"eco2D_Plankton_C_016","C Biomass - Popn. #016 (1900.00 micron zooplankton)","mmol C m^-3",7.89658477495792e-11
"Tibet",25,5,199.5,"eco2D_Plankton_C_016","C Biomass - Popn. #016 (1900.00 micron zooplankton)","mmol C m^-3",5.73098617173695e-11
"Tibet",25,5,499.5,"eco2D_Plankton_C_016","C Biomass - Popn. #016 (1900.00 micron zooplankton)","mmol C m^-3",3.9266333240473e-11
"Tibet",25,5,999.5,"eco2D_Plankton_C_016","C Biomass - Popn. #016 (1900.00 micron zooplankton)","mmol C m^-3",2.73854706273058e-11
"Tibet",25,5,1999.5,"eco2D_Plankton_C_016","C Biomass - Popn. #016 (1900.00 micron zooplankton)","mmol C m^-3",2.52337040151929e-11
"Tibet",25,5,4999.5,"eco2D_Plankton_C_016","C Biomass - Popn. #016 (1900.00 micron zooplankton)","mmol C m^-3",2.4979475085618e-11
"Tibet",25,5,9999.5,"eco2D_Plankton_C_016","C Biomass - Popn. #016 (1900.00 micron zooplankton)","mmol C m^-3",2.59456397339042e-11
"Tibet",25,5,0.5,"eco2D_Plankton_C_Total","C Biomass - Total","mmol C m^-3",4.03828430175781
"Tibet",25,5,1.5,"eco2D_Plankton_C_Total","C Biomass - Total","mmol C m^-3",4.45956897735596
"Tibet",25,5,4.5,"eco2D_Plankton_C_Total","C Biomass - Total","mmol C m^-3",4.4826807975769
"Tibet",25,5,9.5,"eco2D_Plankton_C_Total","C Biomass - Total","mmol C m^-3",4.46062421798706
"Tibet",25,5,19.5,"eco2D_Plankton_C_Total","C Biomass - Total","mmol C m^-3",4.1890721321106
"Tibet",25,5,49.5,"eco2D_Plankton_C_Total","C Biomass - Total","mmol C m^-3",2.78346872329712
"Tibet",25,5,99.5,"eco2D_Plankton_C_Total","C Biomass - Total","mmol C m^-3",2.31009864807129
"Tibet",25,5,199.5,"eco2D_Plankton_C_Total","C Biomass - Total","mmol C m^-3",2.042644739151
"Tibet",25,5,499.5,"eco2D_Plankton_C_Total","C Biomass - Total","mmol C m^-3",1.81808698177338
"Tibet",25,5,999.5,"eco2D_Plankton_C_Total","C Biomass - Total","mmol C m^-3",1.63070070743561
"Tibet",25,5,1999.5,"eco2D_Plankton_C_Total","C Biomass - Total","mmol C m^-3",1.59862577915192
"Tibet",25,5,4999.5,"eco2D_Plankton_C_Total","C Biomass - Total","mmol C m^-3",1.59820997714996
"Tibet",25,5,9999.5,"eco2D_Plankton_C_Total","C Biomass - Total","mmol C m^-3",1.61643040180206
"Tibet",25,5,0.5,"eco2D_Uptake_Fluxes_C","Uptake Fluxes C","mmol C m^-3 d^-1",0.518330335617065
"Tibet",25,5,1.5,"eco2D_Uptake_Fluxes_C","Uptake Fluxes C","mmol C m^-3 d^-1",0.555887699127197
"Tibet",25,5,4.5,"eco2D_Uptake_Fluxes_C","Uptake Fluxes C","mmol C m^-3 d^-1",0.572381734848022
"Tibet",25,5,9.5,"eco2D_Uptake_Fluxes_C","Uptake Fluxes C","mmol C m^-3 d^-1",0.586864113807678
"Tibet",25,5,19.5,"eco2D_Uptake_Fluxes_C","Uptake Fluxes C","mmol C m^-3 d^-1",0.573642432689667
"Tibet",25,5,49.5,"eco2D_Uptake_Fluxes_C","Uptake Fluxes C","mmol C m^-3 d^-1",0.386851876974106
"Tibet",25,5,99.5,"eco2D_Uptake_Fluxes_C","Uptake Fluxes C","mmol C m^-3 d^-1",0.302778393030167
"Tibet",25,5,199.5,"eco2D_Uptake_Fluxes_C","Uptake Fluxes C","mmol C m^-3 d^-1",0.257564306259155
"Tibet",25,5,499.5,"eco2D_Uptake_Fluxes_C","Uptake Fluxes C","mmol C m^-3 d^-1",0.211053743958473
"Tibet",25,5,999.5,"eco2D_Uptake_Fluxes_C","Uptake Fluxes C","mmol C m^-3 d^-1",0.177660554647446
"Tibet",25,5,1999.5,"eco2D_Uptake_Fluxes_C","Uptake Fluxes C","mmol C m^-3 d^-1",0.171627581119537
"Tibet",25,5,4999.5,"eco2D_Uptake_Fluxes_C","Uptake Fluxes C","mmol C m^-3 d^-1",0.170888260006905
"Tibet",25,5,9999.5,"eco2D_Uptake_Fluxes_C","Uptake Fluxes C","mmol C m^-3 d^-1",0.174173623323441
"Tibet",25,5,0.5,"eco2D_Plankton_P_001","P Biomass - Popn. #001 (0.60 micron phytoplankton)","mmol P m^-3",0.000282744877040386
"Tibet",25,5,1.5,"eco2D_Plankton_P_001","P Biomass - Popn. #001 (0.60 micron phytoplankton)","mmol P m^-3",0.000224217743379995
"Tibet",25,5,4.5,"eco2D_Plankton_P_001","P Biomass - Popn. #001 (0.60 micron phytoplankton)","mmol P m^-3",0.000261793727986515
"Tibet",25,5,9.5,"eco2D_Plankton_P_001","P Biomass - Popn. #001 (0.60 micron phytoplankton)","mmol P m^-3",0.000307471171254292
"Tibet",25,5,19.5,"eco2D_Plankton_P_001","P Biomass - Popn. #001 (0.60 micron phytoplankton)","mmol P m^-3",0.000337009463692084
"Tibet",25,5,49.5,"eco2D_Plankton_P_001","P Biomass - Popn. #001 (0.60 micron phytoplankton)","mmol P m^-3",0.000369786022929475
"Tibet",25,5,99.5,"eco2D_Plankton_P_001","P Biomass - Popn. #001 (0.60 micron phytoplankton)","mmol P m^-3",0.000396553601603955
"Tibet",25,5,199.5,"eco2D_Plankton_P_001","P Biomass - Popn. #001 (0.60 micron phytoplankton)","mmol P m^-3",0.000421914883190766
"Tibet",25,5,499.5,"eco2D_Plankton_P_001","P Biomass - Popn. #001 (0.60 micron phytoplankton)","mmol P m^-3",0.000422703509684652
"Tibet",25,5,999.5,"eco2D_Plankton_P_001","P Biomass - Popn. #001 (0.60 micron phytoplankton)","mmol P m^-3",0.000417039205785841
"Tibet",25,5,1999.5,"eco2D_Plankton_P_001","P Biomass - Popn. #001 (0.60 micron phytoplankton)","mmol P m^-3",0.00041650008643046
"Tibet",25,5,4999.5,"eco2D_Plankton_P_001","P Biomass - Popn. #001 (0.60 micron phytoplankton)","mmol P m^-3",0.000411963206715882
"Tibet",25,5,9999.5,"eco2D_Plankton_P_001","P Biomass - Popn. #001 (0.60 micron phytoplankton)","mmol P m^-3",0.000410817650845274
"Tibet",25,5,0.5,"eco2D_xGamma_P_001","P Limitation - Popn. #001 (0.60 micron phytoplankton)","mmol P m^-3",0.987735331058502
"Tibet",25,5,1.5,"eco2D_xGamma_P_001","P Limitation - Popn. #001 (0.60 micron phytoplankton)","mmol P m^-3",0.986913025379181
"Tibet",25,5,4.5,"eco2D_xGamma_P_001","P Limitation - Popn. #001 (0.60 micron phytoplankton)","mmol P m^-3",0.987036764621735
"Tibet",25,5,9.5,"eco2D_xGamma_P_001","P Limitation - Popn. #001 (0.60 micron phytoplankton)","mmol P m^-3",0.987175285816193
"Tibet",25,5,19.5,"eco2D_xGamma_P_001","P Limitation - Popn. #001 (0.60 micron phytoplankton)","mmol P m^-3",0.987189531326294
"Tibet",25,5,49.5,"eco2D_xGamma_P_001","P Limitation - Popn. #001 (0.60 micron phytoplankton)","mmol P m^-3",0.984692931175232
"Tibet",25,5,99.5,"eco2D_xGamma_P_001","P Limitation - Popn. #001 (0.60 micron phytoplankton)","mmol P m^-3",0.981829643249512
"Tibet",25,5,199.5,"eco2D_xGamma_P_001","P Limitation - Popn. #001 (0.60 micron phytoplankton)","mmol P m^-3",0.979584217071533
"Tibet",25,5,499.5,"eco2D_xGamma_P_001","P Limitation - Popn. #001 (0.60 micron phytoplankton)","mmol P m^-3",0.975938200950623
"Tibet",25,5,999.5,"eco2D_xGamma_P_001","P Limitation - Popn. #001 (0.60 micron phytoplankton)","mmol P m^-3",0.972543656826019
"Tibet",25,5,1999.5,"eco2D_xGamma_P_001","P Limitation - Popn. #001 (0.60 micron phytoplankton)","mmol P m^-3",0.971658170223236
"Tibet",25,5,4999.5,"eco2D_xGamma_P_001","P Limitation - Popn. #001 (0.60 micron phytoplankton)","mmol P m^-3",0.971648037433624
"Tibet",25,5,9999.5,"eco2D_xGamma_P_001","P Limitation - Popn. #001 (0.60 micron phytoplankton)","mmol P m^-3",0.972160816192627
"Tibet",25,5,0.5,"eco2D_Plankton_P_002","P Biomass - Popn. #002 (1.90 micron phytoplankton)","mmol P m^-3",0.00196655001491308
"Tibet",25,5,1.5,"eco2D_Plankton_P_002","P Biomass - Popn. #002 (1.90 micron phytoplankton)","mmol P m^-3",0.00209528743289411
"Tibet",25,5,4.5,"eco2D_Plankton_P_002","P Biomass - Popn. #002 (1.90 micron phytoplankton)","mmol P m^-3",0.00205356907099485
"Tibet",25,5,9.5,"eco2D_Plankton_P_002","P Biomass - Popn. #002 (1.90 micron phytoplankton)","mmol P m^-3",0.00198523071594536
"Tibet",25,5,19.5,"eco2D_Plankton_P_002","P Biomass - Popn. #002 (1.90 micron phytoplankton)","mmol P m^-3",0.00195559463463724
"Tibet",25,5,49.5,"eco2D_Plankton_P_002","P Biomass - Popn. #002 (1.90 micron phytoplankton)","mmol P m^-3",0.00199041049927473
"Tibet",25,5,99.5,"eco2D_Plankton_P_002","P Biomass - Popn. #002 (1.90 micron phytoplankton)","mmol P m^-3",0.00196138466708362
"Tibet",25,5,199.5,"eco2D_Plankton_P_002","P Biomass - Popn. #002 (1.90 micron phytoplankton)","mmol P m^-3",0.00195055513177067
"Tibet",25,5,499.5,"eco2D_Plankton_P_002","P Biomass - Popn. #002 (1.90 micron phytoplankton)","mmol P m^-3",0.00190962443593889
"Tibet",25,5,999.5,"eco2D_Plankton_P_002","P Biomass - Popn. #002 (1.90 micron phytoplankton)","mmol P m^-3",0.00186160777229816
"Tibet",25,5,1999.5,"eco2D_Plankton_P_002","P Biomass - Popn. #002 (1.90 micron phytoplankton)","mmol P m^-3",0.00185072363819927
"Tibet",25,5,4999.5,"eco2D_Plankton_P_002","P Biomass - Popn. #002 (1.90 micron phytoplankton)","mmol P m^-3",0.00185654428787529
"Tibet",25,5,9999.5,"eco2D_Plankton_P_002","P Biomass - Popn. #002 (1.90 micron phytoplankton)","mmol P m^-3",0.00186448986642063
"Tibet",25,5,0.5,"eco2D_xGamma_P_002","P Limitation - Popn. #002 (1.90 micron phytoplankton)","mmol P m^-3",0.965868771076202
"Tibet",25,5,1.5,"eco2D_xGamma_P_002","P Limitation - Popn. #002 (1.90 micron phytoplankton)","mmol P m^-3",0.959516525268555
"Tibet",25,5,4.5,"eco2D_xGamma_P_002","P Limitation - Popn. #002 (1.90 micron phytoplankton)","mmol P m^-3",0.960970282554626
"Tibet",25,5,9.5,"eco2D_xGamma_P_002","P Limitation - Popn. #002 (1.90 micron phytoplankton)","mmol P m^-3",0.962412178516388
"Tibet",25,5,19.5,"eco2D_xGamma_P_002","P Limitation - Popn. #002 (1.90 micron phytoplankton)","mmol P m^-3",0.961941957473755
"Tibet",25,5,49.5,"eco2D_xGamma_P_002","P Limitation - Popn. #002 (1.90 micron phytoplankton)","mmol P m^-3",0.933421969413757
"Tibet",25,5,99.5,"eco2D_xGamma_P_002","P Limitation - Popn. #002 (1.90 micron phytoplankton)","mmol P m^-3",0.90200936794281
"Tibet",25,5,199.5,"eco2D_xGamma_P_002","P Limitation - Popn. #002 (1.90 micron phytoplankton)","mmol P m^-3",0.878650009632111
"Tibet",25,5,499.5,"eco2D_xGamma_P_002","P Limitation - Popn. #002 (1.90 micron phytoplankton)","mmol P m^-3",0.842880547046661
"Tibet",25,5,999.5,"eco2D_xGamma_P_002","P Limitation - Popn. #002 (1.90 micron phytoplankton)","mmol P m^-3",0.811912477016449
"Tibet",25,5,1999.5,"eco2D_xGamma_P_002","P Limitation - Popn. #002 (1.90 micron phytoplankton)","mmol P m^-3",0.804090261459351
"Tibet",25,5,4999.5,"eco2D_xGamma_P_002","P Limitation - Popn. #002 (1.90 micron phytoplankton)","mmol P m^-3",0.803603291511536
"Tibet",25,5,9999.5,"eco2D_xGamma_P_002","P Limitation - Popn. #002 (1.90 micron phytoplankton)","mmol P m^-3",0.808092832565308
"Tibet",25,5,0.5,"eco2D_Plankton_P_003","P Biomass - Popn. #003 (6.00 micron phytoplankton)","mmol P m^-3",0.00408105226233602
"Tibet",25,5,1.5,"eco2D_Plankton_P_003","P Biomass - Popn. #003 (6.00 micron phytoplankton)","mmol P m^-3",0.00458072358742356
"Tibet",25,5,4.5,"eco2D_Plankton_P_003","P Biomass - Popn. #003 (6.00 micron phytoplankton)","mmol P m^-3",0.00438087712973356
"Tibet",25,5,9.5,"eco2D_Plankton_P_003","P Biomass - Popn. #003 (6.00 micron phytoplankton)","mmol P m^-3",0.0041695861145854
"Tibet",25,5,19.5,"eco2D_Plankton_P_003","P Biomass - Popn. #003 (6.00 micron phytoplankton)","mmol P m^-3",0.00395018607378006
"Tibet",25,5,49.5,"eco2D_Plankton_P_003","P Biomass - Popn. #003 (6.00 micron phytoplankton)","mmol P m^-3",0.00296812737360597
"Tibet",25,5,99.5,"eco2D_Plankton_P_003","P Biomass - Popn. #003 (6.00 micron phytoplankton)","mmol P m^-3",0.00238000601530075
"Tibet",25,5,199.5,"eco2D_Plankton_P_003","P Biomass - Popn. #003 (6.00 micron phytoplankton)","mmol P m^-3",0.00205716025084257
"Tibet",25,5,499.5,"eco2D_Plankton_P_003","P Biomass - Popn. #003 (6.00 micron phytoplankton)","mmol P m^-3",0.00179252703674138
"Tibet",25,5,999.5,"eco2D_Plankton_P_003","P Biomass - Popn. #003 (6.00 micron phytoplankton)","mmol P m^-3",0.00162246299441904
"Tibet",25,5,1999.5,"eco2D_Plankton_P_003","P Biomass - Popn. #003 (6.00 micron phytoplankton)","mmol P m^-3",0.0015828408068046
"Tibet",25,5,4999.5,"eco2D_Plankton_P_003","P Biomass - Popn. #003 (6.00 micron phytoplankton)","mmol P m^-3",0.00158637168351561
"Tibet",25,5,9999.5,"eco2D_Plankton_P_003","P Biomass - Popn. #003 (6.00 micron phytoplankton)","mmol P m^-3",0.0016121732769534
"Tibet",25,5,0.5,"eco2D_xGamma_P_003","P Limitation - Popn. #003 (6.00 micron phytoplankton)","mmol P m^-3",0.944797217845917
"Tibet",25,5,1.5,"eco2D_xGamma_P_003","P Limitation - Popn. #003 (6.00 micron phytoplankton)","mmol P m^-3",0.930436968803406
"Tibet",25,5,4.5,"eco2D_xGamma_P_003","P Limitation - Popn. #003 (6.00 micron phytoplankton)","mmol P m^-3",0.935163676738739
"Tibet",25,5,9.5,"eco2D_xGamma_P_003","P Limitation - Popn. #003 (6.00 micron phytoplankton)","mmol P m^-3",0.937664687633514
"Tibet",25,5,19.5,"eco2D_xGamma_P_003","P Limitation - Popn. #003 (6.00 micron phytoplankton)","mmol P m^-3",0.934789180755615
"Tibet",25,5,49.5,"eco2D_xGamma_P_003","P Limitation - Popn. #003 (6.00 micron phytoplankton)","mmol P m^-3",0.797036290168762
"Tibet",25,5,99.5,"eco2D_xGamma_P_003","P Limitation - Popn. #003 (6.00 micron phytoplankton)","mmol P m^-3",0.680363774299622
"Tibet",25,5,199.5,"eco2D_xGamma_P_003","P Limitation - Popn. #003 (6.00 micron phytoplankton)","mmol P m^-3",0.607642471790314
"Tibet",25,5,499.5,"eco2D_xGamma_P_003","P Limitation - Popn. #003 (6.00 micron phytoplankton)","mmol P m^-3",0.514346778392792
"Tibet",25,5,999.5,"eco2D_xGamma_P_003","P Limitation - Popn. #003 (6.00 micron phytoplankton)","mmol P m^-3",0.448939442634583
"Tibet",25,5,1999.5,"eco2D_xGamma_P_003","P Limitation - Popn. #003 (6.00 micron phytoplankton)","mmol P m^-3",0.433052331209183
"Tibet",25,5,4999.5,"eco2D_xGamma_P_003","P Limitation - Popn. #003 (6.00 micron phytoplankton)","mmol P m^-3",0.431435853242874
"Tibet",25,5,9999.5,"eco2D_xGamma_P_003","P Limitation - Popn. #003 (6.00 micron phytoplankton)","mmol P m^-3",0.440277338027954
"Tibet",25,5,0.5,"eco2D_Plankton_P_004","P Biomass - Popn. #004 (19.00 micron phytoplankton)","mmol P m^-3",0.0037196222692728
"Tibet",25,5,1.5,"eco2D_Plankton_P_004","P Biomass - Popn. #004 (19.00 micron phytoplankton)","mmol P m^-3",0.00410965830087662
"Tibet",25,5,4.5,"eco2D_Plankton_P_004","P Biomass - Popn. #004 (19.00 micron phytoplankton)","mmol P m^-3",0.00398849556222558
"Tibet",25,5,9.5,"eco2D_Plankton_P_004","P Biomass - Popn. #004 (19.00 micron phytoplankton)","mmol P m^-3",0.00387998297810555
"Tibet",25,5,19.5,"eco2D_Plankton_P_004","P Biomass - Popn. #004 (19.00 micron phytoplankton)","mmol P m^-3",0.00362082780338824
"Tibet",25,5,49.5,"eco2D_Plankton_P_004","P Biomass - Popn. #004 (19.00 micron phytoplankton)","mmol P m^-3",0.00205682427622378
"Tibet",25,5,99.5,"eco2D_Plankton_P_004","P Biomass - Popn. #004 (19.00 micron phytoplankton)","mmol P m^-3",0.00147078116424382
"Tibet",25,5,199.5,"eco2D_Plankton_P_004","P Biomass - Popn. #004 (19.00 micron phytoplankton)","mmol P m^-3",0.00117686192970723
"Tibet",25,5,499.5,"eco2D_Plankton_P_004","P Biomass - Popn. #004 (19.00 micron phytoplankton)","mmol P m^-3",0.000943451945204288
"Tibet",25,5,999.5,"eco2D_Plankton_P_004","P Biomass - Popn. #004 (19.00 micron phytoplankton)","mmol P m^-3",0.000813822087366134
"Tibet",25,5,1999.5,"eco2D_Plankton_P_004","P Biomass - Popn. #004 (19.00 micron phytoplankton)","mmol P m^-3",0.000778944289777428
"Tibet",25,5,4999.5,"eco2D_Plankton_P_004","P Biomass - Popn. #004 (19.00 micron phytoplankton)","mmol P m^-3",0.000777030014432967
"Tibet",25,5,9999.5,"eco2D_Plankton_P_004","P Biomass - Popn. #004 (19.00 micron phytoplankton)","mmol P m^-3",0.000798797176685184
"Tibet",25,5,0.5,"eco2D_xGamma_P_004","P Limitation - Popn. #004 (19.00 micron phytoplankton)","mmol P m^-3",0.957378089427948
"Tibet",25,5,1.5,"eco2D_xGamma_P_004","P Limitation - Popn. #004 (19.00 micron phytoplankton)","mmol P m^-3",0.944010734558105
"Tibet",25,5,4.5,"eco2D_xGamma_P_004","P Limitation - Popn. #004 (19.00 micron phytoplankton)","mmol P m^-3",0.949800252914429
"Tibet",25,5,9.5,"eco2D_xGamma_P_004","P Limitation - Popn. #004 (19.00 micron phytoplankton)","mmol P m^-3",0.952869594097137
"Tibet",25,5,19.5,"eco2D_xGamma_P_004","P Limitation - Popn. #004 (19.00 micron phytoplankton)","mmol P m^-3",0.939443707466125
"Tibet",25,5,49.5,"eco2D_xGamma_P_004","P Limitation - Popn. #004 (19.00 micron phytoplankton)","mmol P m^-3",0.683735489845276
"Tibet",25,5,99.5,"eco2D_xGamma_P_004","P Limitation - Popn. #004 (19.00 micron phytoplankton)","mmol P m^-3",0.52458393573761
"Tibet",25,5,199.5,"eco2D_xGamma_P_004","P Limitation - Popn. #004 (19.00 micron phytoplankton)","mmol P m^-3",0.440767794847488
"Tibet",25,5,499.5,"eco2D_xGamma_P_004","P Limitation - Popn. #004 (19.00 micron phytoplankton)","mmol P m^-3",0.346467107534409
"Tibet",25,5,999.5,"eco2D_xGamma_P_004","P Limitation - Popn. #004 (19.00 micron phytoplankton)","mmol P m^-3",0.285297989845276
"Tibet",25,5,1999.5,"eco2D_xGamma_P_004","P Limitation - Popn. #004 (19.00 micron phytoplankton)","mmol P m^-3",0.270710915327072
"Tibet",25,5,4999.5,"eco2D_xGamma_P_004","P Limitation - Popn. #004 (19.00 micron phytoplankton)","mmol P m^-3",0.269227415323257
"Tibet",25,5,9999.5,"eco2D_xGamma_P_004","P Limitation - Popn. #004 (19.00 micron phytoplankton)","mmol P m^-3",0.277452826499939
"Tibet",25,5,0.5,"eco2D_Plankton_P_005","P Biomass - Popn. #005 (60.00 micron phytoplankton)","mmol P m^-3",0.00327990879304707
"Tibet",25,5,1.5,"eco2D_Plankton_P_005","P Biomass - Popn. #005 (60.00 micron phytoplankton)","mmol P m^-3",0.0033504655584693
"Tibet",25,5,4.5,"eco2D_Plankton_P_005","P Biomass - Popn. #005 (60.00 micron phytoplankton)","mmol P m^-3",0.00332597526721656
"Tibet",25,5,9.5,"eco2D_Plankton_P_005","P Biomass - Popn. #005 (60.00 micron phytoplankton)","mmol P m^-3",0.00330526218749583
"Tibet",25,5,19.5,"eco2D_Plankton_P_005","P Biomass - Popn. #005 (60.00 micron phytoplankton)","mmol P m^-3",0.00300291972234845
"Tibet",25,5,49.5,"eco2D_Plankton_P_005","P Biomass - Popn. #005 (60.00 micron phytoplankton)","mmol P m^-3",0.00125621922779828
"Tibet",25,5,99.5,"eco2D_Plankton_P_005","P Biomass - Popn. #005 (60.00 micron phytoplankton)","mmol P m^-3",0.000757743546273559
"Tibet",25,5,199.5,"eco2D_Plankton_P_005","P Biomass - Popn. #005 (60.00 micron phytoplankton)","mmol P m^-3",0.000528781616594642
"Tibet",25,5,499.5,"eco2D_Plankton_P_005","P Biomass - Popn. #005 (60.00 micron phytoplankton)","mmol P m^-3",0.000237695610849187
"Tibet",25,5,999.5,"eco2D_Plankton_P_005","P Biomass - Popn. #005 (60.00 micron phytoplankton)","mmol P m^-3",6.40607049717801e-06
"Tibet",25,5,1999.5,"eco2D_Plankton_P_005","P Biomass - Popn. #005 (60.00 micron phytoplankton)","mmol P m^-3",1.46407191925491e-12
"Tibet",25,5,4999.5,"eco2D_Plankton_P_005","P Biomass - Popn. #005 (60.00 micron phytoplankton)","mmol P m^-3",1.37963132671587e-12
"Tibet",25,5,9999.5,"eco2D_Plankton_P_005","P Biomass - Popn. #005 (60.00 micron phytoplankton)","mmol P m^-3",1.82392577603718e-12
"Tibet",25,5,0.5,"eco2D_xGamma_P_005","P Limitation - Popn. #005 (60.00 micron phytoplankton)","mmol P m^-3",0.954844295978546
"Tibet",25,5,1.5,"eco2D_xGamma_P_005","P Limitation - Popn. #005 (60.00 micron phytoplankton)","mmol P m^-3",0.938568890094757
"Tibet",25,5,4.5,"eco2D_xGamma_P_005","P Limitation - Popn. #005 (60.00 micron phytoplankton)","mmol P m^-3",0.947391748428345
"Tibet",25,5,9.5,"eco2D_xGamma_P_005","P Limitation - Popn. #005 (60.00 micron phytoplankton)","mmol P m^-3",0.950712621212006
"Tibet",25,5,19.5,"eco2D_xGamma_P_005","P Limitation - Popn. #005 (60.00 micron phytoplankton)","mmol P m^-3",0.922064304351807
"Tibet",25,5,49.5,"eco2D_xGamma_P_005","P Limitation - Popn. #005 (60.00 micron phytoplankton)","mmol P m^-3",0.546878218650818
"Tibet",25,5,99.5,"eco2D_xGamma_P_005","P Limitation - Popn. #005 (60.00 micron phytoplankton)","mmol P m^-3",0.378416001796722
"Tibet",25,5,199.5,"eco2D_xGamma_P_005","P Limitation - Popn. #005 (60.00 micron phytoplankton)","mmol P m^-3",0.299586921930313
"Tibet",25,5,499.5,"eco2D_xGamma_P_005","P Limitation - Popn. #005 (60.00 micron phytoplankton)","mmol P m^-3",0.218975722789764
"Tibet",25,5,999.5,"eco2D_xGamma_P_005","P Limitation - Popn. #005 (60.00 micron phytoplankton)","mmol P m^-3",0.170868262648582
"Tibet",25,5,1999.5,"eco2D_xGamma_P_005","P Limitation - Popn. #005 (60.00 micron phytoplankton)","mmol P m^-3",0.160558626055717
"Tibet",25,5,4999.5,"eco2D_xGamma_P_005","P Limitation - Popn. #005 (60.00 micron phytoplankton)","mmol P m^-3",0.159662827849388
"Tibet",25,5,9999.5,"eco2D_xGamma_P_005","P Limitation - Popn. #005 (60.00 micron phytoplankton)","mmol P m^-3",0.165523916482925
"Tibet",25,5,0.5,"eco2D_Plankton_P_006","P Biomass - Popn. #006 (190.00 micron phytoplankton)","mmol P m^-3",0.00342791806906462
"Tibet",25,5,1.5,"eco2D_Plankton_P_006","P Biomass - Popn. #006 (190.00 micron phytoplankton)","mmol P m^-3",0.00323473918251693
"Tibet",25,5,4.5,"eco2D_Plankton_P_006","P Biomass - Popn. #006 (190.00 micron phytoplankton)","mmol P m^-3",0.00337989092804492
"Tibet",25,5,9.5,"eco2D_Plankton_P_006","P Biomass - Popn. #006 (190.00 micron phytoplankton)","mmol P m^-3",0.00331457983702421
"Tibet",25,5,19.5,"eco2D_Plankton_P_006","P Biomass - Popn. #006 (190.00 micron phytoplankton)","mmol P m^-3",0.00279219821095467
"Tibet",25,5,49.5,"eco2D_Plankton_P_006","P Biomass - Popn. #006 (190.00 micron phytoplankton)","mmol P m^-3",0.000404924649046734
"Tibet",25,5,99.5,"eco2D_Plankton_P_006","P Biomass - Popn. #006 (190.00 micron phytoplankton)","mmol P m^-3",1.04800248340586e-11
"Tibet",25,5,199.5,"eco2D_Plankton_P_006","P Biomass - Popn. #006 (190.00 micron phytoplankton)","mmol P m^-3",4.13968149039559e-13
"Tibet",25,5,499.5,"eco2D_Plankton_P_006","P Biomass - Popn. #006 (190.00 micron phytoplankton)","mmol P m^-3",2.21911735948793e-13
"Tibet",25,5,999.5,"eco2D_Plankton_P_006","P Biomass - Popn. #006 (190.00 micron phytoplankton)","mmol P m^-3",1.49088085084868e-13
"Tibet",25,5,1999.5,"eco2D_Plankton_P_006","P Biomass - Popn. #006 (190.00 micron phytoplankton)","mmol P m^-3",1.35918118665361e-13
"Tibet",25,5,4999.5,"eco2D_Plankton_P_006","P Biomass - Popn. #006 (190.00 micron phytoplankton)","mmol P m^-3",1.34177079711729e-13
"Tibet",25,5,9999.5,"eco2D_Plankton_P_006","P Biomass - Popn. #006 (190.00 micron phytoplankton)","mmol P m^-3",1.40554885438848e-13
"Tibet",25,5,0.5,"eco2D_xGamma_P_006","P Limitation - Popn. #006 (190.00 micron phytoplankton)","mmol P m^-3",0.922818541526794
"Tibet",25,5,1.5,"eco2D_xGamma_P_006","P Limitation - Popn. #006 (190.00 micron phytoplankton)","mmol P m^-3",0.894453406333923
"Tibet",25,5,4.5,"eco2D_xGamma_P_006","P Limitation - Popn. #006 (190.00 micron phytoplankton)","mmol P m^-3",0.911361575126648
"Tibet",25,5,9.5,"eco2D_xGamma_P_006","P Limitation - Popn. #006 (190.00 micron phytoplankton)","mmol P m^-3",0.91692703962326
"Tibet",25,5,19.5,"eco2D_xGamma_P_006","P Limitation - Popn. #006 (190.00 micron phytoplankton)","mmol P m^-3",0.857612729072571
"Tibet",25,5,49.5,"eco2D_xGamma_P_006","P Limitation - Popn. #006 (190.00 micron phytoplankton)","mmol P m^-3",0.364017486572266
"Tibet",25,5,99.5,"eco2D_xGamma_P_006","P Limitation - Popn. #006 (190.00 micron phytoplankton)","mmol P m^-3",0.220255732536316
"Tibet",25,5,199.5,"eco2D_xGamma_P_006","P Limitation - Popn. #006 (190.00 micron phytoplankton)","mmol P m^-3",0.163848221302032
"Tibet",25,5,499.5,"eco2D_xGamma_P_006","P Limitation - Popn. #006 (190.00 micron phytoplankton)","mmol P m^-3",0.113928437232971
"Tibet",25,5,999.5,"eco2D_xGamma_P_006","P Limitation - Popn. #006 (190.00 micron phytoplankton)","mmol P m^-3",0.0873538702726364
"Tibet",25,5,1999.5,"eco2D_xGamma_P_006","P Limitation - Popn. #006 (190.00 micron phytoplankton)","mmol P m^-3",0.0820726752281189
"Tibet",25,5,4999.5,"eco2D_xGamma_P_006","P Limitation - Popn. #006 (190.00 micron phytoplankton)","mmol P m^-3",0.0816876888275146
"Tibet",25,5,9999.5,"eco2D_xGamma_P_006","P Limitation - Popn. #006 (190.00 micron phytoplankton)","mmol P m^-3",0.0847149938344955
"Tibet",25,5,0.5,"eco2D_Plankton_P_007","P Biomass - Popn. #007 (600.00 micron phytoplankton)","mmol P m^-3",0.00315722823143005
"Tibet",25,5,1.5,"eco2D_Plankton_P_007","P Biomass - Popn. #007 (600.00 micron phytoplankton)","mmol P m^-3",0.00294028921052814
"Tibet",25,5,4.5,"eco2D_Plankton_P_007","P Biomass - Popn. #007 (600.00 micron phytoplankton)","mmol P m^-3",0.00366330961696804
"Tibet",25,5,9.5,"eco2D_Plankton_P_007","P Biomass - Popn. #007 (600.00 micron phytoplankton)","mmol P m^-3",0.00353989796712995
"Tibet",25,5,19.5,"eco2D_Plankton_P_007","P Biomass - Popn. #007 (600.00 micron phytoplankton)","mmol P m^-3",0.00237417314201593
"Tibet",25,5,49.5,"eco2D_Plankton_P_007","P Biomass - Popn. #007 (600.00 micron phytoplankton)","mmol P m^-3",2.83368977154613e-13
"Tibet",25,5,99.5,"eco2D_Plankton_P_007","P Biomass - Popn. #007 (600.00 micron phytoplankton)","mmol P m^-3",1.2844670531191e-13
"Tibet",25,5,199.5,"eco2D_Plankton_P_007","P Biomass - Popn. #007 (600.00 micron phytoplankton)","mmol P m^-3",8.70034160818309e-14
"Tibet",25,5,499.5,"eco2D_Plankton_P_007","P Biomass - Popn. #007 (600.00 micron phytoplankton)","mmol P m^-3",5.45729843151425e-14
"Tibet",25,5,999.5,"eco2D_Plankton_P_007","P Biomass - Popn. #007 (600.00 micron phytoplankton)","mmol P m^-3",3.94707256787773e-14
"Tibet",25,5,1999.5,"eco2D_Plankton_P_007","P Biomass - Popn. #007 (600.00 micron phytoplankton)","mmol P m^-3",3.59330688576472e-14
"Tibet",25,5,4999.5,"eco2D_Plankton_P_007","P Biomass - Popn. #007 (600.00 micron phytoplankton)","mmol P m^-3",3.59540515578165e-14
"Tibet",25,5,9999.5,"eco2D_Plankton_P_007","P Biomass - Popn. #007 (600.00 micron phytoplankton)","mmol P m^-3",3.73842565248601e-14
"Tibet",25,5,0.5,"eco2D_xGamma_P_007","P Limitation - Popn. #007 (600.00 micron phytoplankton)","mmol P m^-3",0.837010741233826
"Tibet",25,5,1.5,"eco2D_xGamma_P_007","P Limitation - Popn. #007 (600.00 micron phytoplankton)","mmol P m^-3",0.783828377723694
"Tibet",25,5,4.5,"eco2D_xGamma_P_007","P Limitation - Popn. #007 (600.00 micron phytoplankton)","mmol P m^-3",0.816354095935822
"Tibet",25,5,9.5,"eco2D_xGamma_P_007","P Limitation - Popn. #007 (600.00 micron phytoplankton)","mmol P m^-3",0.826679885387421
"Tibet",25,5,19.5,"eco2D_xGamma_P_007","P Limitation - Popn. #007 (600.00 micron phytoplankton)","mmol P m^-3",0.713632047176361
"Tibet",25,5,49.5,"eco2D_xGamma_P_007","P Limitation - Popn. #007 (600.00 micron phytoplankton)","mmol P m^-3",0.192244917154312
"Tibet",25,5,99.5,"eco2D_xGamma_P_007","P Limitation - Popn. #007 (600.00 micron phytoplankton)","mmol P m^-3",0.105404250323772
"Tibet",25,5,199.5,"eco2D_xGamma_P_007","P Limitation - Popn. #007 (600.00 micron phytoplankton)","mmol P m^-3",0.0762098357081413
"Tibet",25,5,499.5,"eco2D_xGamma_P_007","P Limitation - Popn. #007 (600.00 micron phytoplankton)","mmol P m^-3",0.0521437302231789
"Tibet",25,5,999.5,"eco2D_xGamma_P_007","P Limitation - Popn. #007 (600.00 micron phytoplankton)","mmol P m^-3",0.0397449992597103
"Tibet",25,5,1999.5,"eco2D_xGamma_P_007","P Limitation - Popn. #007 (600.00 micron phytoplankton)","mmol P m^-3",0.0373385362327099
"Tibet",25,5,4999.5,"eco2D_xGamma_P_007","P Limitation - Popn. #007 (600.00 micron phytoplankton)","mmol P m^-3",0.0371684841811657
"Tibet",25,5,9999.5,"eco2D_xGamma_P_007","P Limitation - Popn. #007 (600.00 micron phytoplankton)","mmol P m^-3",0.0385537184774876
"Tibet",25,5,0.5,"eco2D_Plankton_P_008","P Biomass - Popn. #008 (1900.00 micron phytoplankton)","mmol P m^-3",0.000692872970830649
"Tibet",25,5,1.5,"eco2D_Plankton_P_008","P Biomass - Popn. #008 (1900.00 micron phytoplankton)","mmol P m^-3",0.00010572809696896
"Tibet",25,5,4.5,"eco2D_Plankton_P_008","P Biomass - Popn. #008 (1900.00 micron phytoplankton)","mmol P m^-3",1.46783321497423e-07
"Tibet",25,5,9.5,"eco2D_Plankton_P_008","P Biomass - Popn. #008 (1900.00 micron phytoplankton)","mmol P m^-3",2.81872034975095e-05
"Tibet",25,5,19.5,"eco2D_Plankton_P_008","P Biomass - Popn. #008 (1900.00 micron phytoplankton)","mmol P m^-3",7.50149320083437e-06
"Tibet",25,5,49.5,"eco2D_Plankton_P_008","P Biomass - Popn. #008 (1900.00 micron phytoplankton)","mmol P m^-3",6.91156658814973e-14
"Tibet",25,5,99.5,"eco2D_Plankton_P_008","P Biomass - Popn. #008 (1900.00 micron phytoplankton)","mmol P m^-3",3.51127140600996e-14
"Tibet",25,5,199.5,"eco2D_Plankton_P_008","P Biomass - Popn. #008 (1900.00 micron phytoplankton)","mmol P m^-3",2.42084286373578e-14
"Tibet",25,5,499.5,"eco2D_Plankton_P_008","P Biomass - Popn. #008 (1900.00 micron phytoplankton)","mmol P m^-3",1.5430810858144e-14
"Tibet",25,5,999.5,"eco2D_Plankton_P_008","P Biomass - Popn. #008 (1900.00 micron phytoplankton)","mmol P m^-3",1.15150241297994e-14
"Tibet",25,5,1999.5,"eco2D_Plankton_P_008","P Biomass - Popn. #008 (1900.00 micron phytoplankton)","mmol P m^-3",1.02921177711022e-14
"Tibet",25,5,4999.5,"eco2D_Plankton_P_008","P Biomass - Popn. #008 (1900.00 micron phytoplankton)","mmol P m^-3",1.05506068156158e-14
"Tibet",25,5,9999.5,"eco2D_Plankton_P_008","P Biomass - Popn. #008 (1900.00 micron phytoplankton)","mmol P m^-3",1.07752424943265e-14
"Tibet",25,5,0.5,"eco2D_xGamma_P_008","P Limitation - Popn. #008 (1900.00 micron phytoplankton)","mmol P m^-3",0.657805800437927
"Tibet",25,5,1.5,"eco2D_xGamma_P_008","P Limitation - Popn. #008 (1900.00 micron phytoplankton)","mmol P m^-3",0.576463520526886
"Tibet",25,5,4.5,"eco2D_xGamma_P_008","P Limitation - Popn. #008 (1900.00 micron phytoplankton)","mmol P m^-3",0.625876903533936
"Tibet",25,5,9.5,"eco2D_xGamma_P_008","P Limitation - Popn. #008 (1900.00 micron phytoplankton)","mmol P m^-3",0.64193731546402
"Tibet",25,5,19.5,"eco2D_xGamma_P_008","P Limitation - Popn. #008 (1900.00 micron phytoplankton)","mmol P m^-3",0.479270130395889
"Tibet",25,5,49.5,"eco2D_xGamma_P_008","P Limitation - Popn. #008 (1900.00 micron phytoplankton)","mmol P m^-3",0.0848812460899353
"Tibet",25,5,99.5,"eco2D_xGamma_P_008","P Limitation - Popn. #008 (1900.00 micron phytoplankton)","mmol P m^-3",0.0444563925266266
"Tibet",25,5,199.5,"eco2D_xGamma_P_008","P Limitation - Popn. #008 (1900.00 micron phytoplankton)","mmol P m^-3",0.0317276753485203
"Tibet",25,5,499.5,"eco2D_xGamma_P_008","P Limitation - Popn. #008 (1900.00 micron phytoplankton)","mmol P m^-3",0.0215420573949814
"Tibet",25,5,999.5,"eco2D_xGamma_P_008","P Limitation - Popn. #008 (1900.00 micron phytoplankton)","mmol P m^-3",0.0163830686360598
"Tibet",25,5,1999.5,"eco2D_xGamma_P_008","P Limitation - Popn. #008 (1900.00 micron phytoplankton)","mmol P m^-3",0.0153871802613139
"Tibet",25,5,4999.5,"eco2D_xGamma_P_008","P Limitation - Popn. #008 (1900.00 micron phytoplankton)","mmol P m^-3",0.0153181618079543
"Tibet",25,5,9999.5,"eco2D_xGamma_P_008","P Limitation - Popn. #008 (1900.00 micron phytoplankton)","mmol P m^-3",0.0158907435834408
"Tibet",25,5,0.5,"eco2D_Plankton_P_009","P Biomass - Popn. #009 (0.60 micron zooplankton)","mmol P m^-3",1.859381882241e-05
"Tibet",25,5,1.5,"eco2D_Plankton_P_009","P Biomass - Popn. #009 (0.60 micron zooplankton)","mmol P m^-3",7.12719189222e-11
"Tibet",25,5,4.5,"eco2D_Plankton_P_009","P Biomass - Popn. #009 (0.60 micron zooplankton)","mmol P m^-3",3.60685033272759e-13
"Tibet",25,5,9.5,"eco2D_Plankton_P_009","P Biomass - Popn. #009 (0.60 micron zooplankton)","mmol P m^-3",4.0645422140842e-13
"Tibet",25,5,19.5,"eco2D_Plankton_P_009","P Biomass - Popn. #009 (0.60 micron zooplankton)","mmol P m^-3",4.45191111623014e-13
"Tibet",25,5,49.5,"eco2D_Plankton_P_009","P Biomass - Popn. #009 (0.60 micron zooplankton)","mmol P m^-3",4.79915044336587e-13
"Tibet",25,5,99.5,"eco2D_Plankton_P_009","P Biomass - Popn. #009 (0.60 micron zooplankton)","mmol P m^-3",4.63801577438999e-13
"Tibet",25,5,199.5,"eco2D_Plankton_P_009","P Biomass - Popn. #009 (0.60 micron zooplankton)","mmol P m^-3",4.40641826412319e-13
"Tibet",25,5,499.5,"eco2D_Plankton_P_009","P Biomass - Popn. #009 (0.60 micron zooplankton)","mmol P m^-3",4.04861880782745e-13
"Tibet",25,5,999.5,"eco2D_Plankton_P_009","P Biomass - Popn. #009 (0.60 micron zooplankton)","mmol P m^-3",3.6233605634102e-13
"Tibet",25,5,1999.5,"eco2D_Plankton_P_009","P Biomass - Popn. #009 (0.60 micron zooplankton)","mmol P m^-3",3.52264983675965e-13
"Tibet",25,5,4999.5,"eco2D_Plankton_P_009","P Biomass - Popn. #009 (0.60 micron zooplankton)","mmol P m^-3",3.47351054169609e-13
"Tibet",25,5,9999.5,"eco2D_Plankton_P_009","P Biomass - Popn. #009 (0.60 micron zooplankton)","mmol P m^-3",3.51585866540174e-13
"Tibet",25,5,0.5,"eco2D_Plankton_P_010","P Biomass - Popn. #010 (1.90 micron zooplankton)","mmol P m^-3",0.000123578662169166
"Tibet",25,5,1.5,"eco2D_Plankton_P_010","P Biomass - Popn. #010 (1.90 micron zooplankton)","mmol P m^-3",0.000160024865181185
"Tibet",25,5,4.5,"eco2D_Plankton_P_010","P Biomass - Popn. #010 (1.90 micron zooplankton)","mmol P m^-3",0.000172722662682645
"Tibet",25,5,9.5,"eco2D_Plankton_P_010","P Biomass - Popn. #010 (1.90 micron zooplankton)","mmol P m^-3",0.000179778129677288
"Tibet",25,5,19.5,"eco2D_Plankton_P_010","P Biomass - Popn. #010 (1.90 micron zooplankton)","mmol P m^-3",0.000184851785888895
"Tibet",25,5,49.5,"eco2D_Plankton_P_010","P Biomass - Popn. #010 (1.90 micron zooplankton)","mmol P m^-3",0.000193127751117572
"Tibet",25,5,99.5,"eco2D_Plankton_P_010","P Biomass - Popn. #010 (1.90 micron zooplankton)","mmol P m^-3",0.000181015537236817
"Tibet",25,5,199.5,"eco2D_Plankton_P_010","P Biomass - Popn. #010 (1.90 micron zooplankton)","mmol P m^-3",0.000165478471899405
"Tibet",25,5,499.5,"eco2D_Plankton_P_010","P Biomass - Popn. #010 (1.90 micron zooplankton)","mmol P m^-3",0.000147700877278112
"Tibet",25,5,999.5,"eco2D_Plankton_P_010","P Biomass - Popn. #010 (1.90 micron zooplankton)","mmol P m^-3",0.000121354591101408
"Tibet",25,5,1999.5,"eco2D_Plankton_P_010","P Biomass - Popn. #010 (1.90 micron zooplankton)","mmol P m^-3",0.000114416710857768
"Tibet",25,5,4999.5,"eco2D_Plankton_P_010","P Biomass - Popn. #010 (1.90 micron zooplankton)","mmol P m^-3",0.000112176428956445
"Tibet",25,5,9999.5,"eco2D_Plankton_P_010","P Biomass - Popn. #010 (1.90 micron zooplankton)","mmol P m^-3",0.000115355767775327
"Tibet",25,5,0.5,"eco2D_Plankton_P_011","P Biomass - Popn. #011 (6.00 micron zooplankton)","mmol P m^-3",0.000754882697947323
"Tibet",25,5,1.5,"eco2D_Plankton_P_011","P Biomass - Popn. #011 (6.00 micron zooplankton)","mmol P m^-3",0.000943758233916014
"Tibet",25,5,4.5,"eco2D_Plankton_P_011","P Biomass - Popn. #011 (6.00 micron zooplankton)","mmol P m^-3",0.000914557138457894
"Tibet",25,5,9.5,"eco2D_Plankton_P_011","P Biomass - Popn. #011 (6.00 micron zooplankton)","mmol P m^-3",0.00088481476996094
"Tibet",25,5,19.5,"eco2D_Plankton_P_011","P Biomass - Popn. #011 (6.00 micron zooplankton)","mmol P m^-3",0.000856233818922192
"Tibet",25,5,49.5,"eco2D_Plankton_P_011","P Biomass - Popn. #011 (6.00 micron zooplankton)","mmol P m^-3",0.000796471955254674
"Tibet",25,5,99.5,"eco2D_Plankton_P_011","P Biomass - Popn. #011 (6.00 micron zooplankton)","mmol P m^-3",0.000727738894056529
"Tibet",25,5,199.5,"eco2D_Plankton_P_011","P Biomass - Popn. #011 (6.00 micron zooplankton)","mmol P m^-3",0.000664716528262943
"Tibet",25,5,499.5,"eco2D_Plankton_P_011","P Biomass - Popn. #011 (6.00 micron zooplankton)","mmol P m^-3",0.000637485936749727
"Tibet",25,5,999.5,"eco2D_Plankton_P_011","P Biomass - Popn. #011 (6.00 micron zooplankton)","mmol P m^-3",0.000608982343692333
"Tibet",25,5,1999.5,"eco2D_Plankton_P_011","P Biomass - Popn. #011 (6.00 micron zooplankton)","mmol P m^-3",0.00060042948462069
"Tibet",25,5,4999.5,"eco2D_Plankton_P_011","P Biomass - Popn. #011 (6.00 micron zooplankton)","mmol P m^-3",0.000600125815253705
"Tibet",25,5,9999.5,"eco2D_Plankton_P_011","P Biomass - Popn. #011 (6.00 micron zooplankton)","mmol P m^-3",0.000605170207563788
"Tibet",25,5,0.5,"eco2D_Plankton_P_012","P Biomass - Popn. #012 (19.00 micron zooplankton)","mmol P m^-3",0.00157641968689859
"Tibet",25,5,1.5,"eco2D_Plankton_P_012","P Biomass - Popn. #012 (19.00 micron zooplankton)","mmol P m^-3",0.0019010043470189
"Tibet",25,5,4.5,"eco2D_Plankton_P_012","P Biomass - Popn. #012 (19.00 micron zooplankton)","mmol P m^-3",0.00182352680712938
"Tibet",25,5,9.5,"eco2D_Plankton_P_012","P Biomass - Popn. #012 (19.00 micron zooplankton)","mmol P m^-3",0.00176986446604133
"Tibet",25,5,19.5,"eco2D_Plankton_P_012","P Biomass - Popn. #012 (19.00 micron zooplankton)","mmol P m^-3",0.00169503234792501
"Tibet",25,5,49.5,"eco2D_Plankton_P_012","P Biomass - Popn. #012 (19.00 micron zooplankton)","mmol P m^-3",0.00146628357470036
"Tibet",25,5,99.5,"eco2D_Plankton_P_012","P Biomass - Popn. #012 (19.00 micron zooplankton)","mmol P m^-3",0.00131893099751323
"Tibet",25,5,199.5,"eco2D_Plankton_P_012","P Biomass - Popn. #012 (19.00 micron zooplankton)","mmol P m^-3",0.00119442318100482
"Tibet",25,5,499.5,"eco2D_Plankton_P_012","P Biomass - Popn. #012 (19.00 micron zooplankton)","mmol P m^-3",0.00115097954403609
"Tibet",25,5,999.5,"eco2D_Plankton_P_012","P Biomass - Popn. #012 (19.00 micron zooplankton)","mmol P m^-3",0.00114881980698556
"Tibet",25,5,1999.5,"eco2D_Plankton_P_012","P Biomass - Popn. #012 (19.00 micron zooplankton)","mmol P m^-3",0.00114643399138004
"Tibet",25,5,4999.5,"eco2D_Plankton_P_012","P Biomass - Popn. #012 (19.00 micron zooplankton)","mmol P m^-3",0.00115037942305207
"Tibet",25,5,9999.5,"eco2D_Plankton_P_012","P Biomass - Popn. #012 (19.00 micron zooplankton)","mmol P m^-3",0.00115410564467311
"Tibet",25,5,0.5,"eco2D_Plankton_P_013","P Biomass - Popn. #013 (60.00 micron zooplankton)","mmol P m^-3",0.00242222473025322
"Tibet",25,5,1.5,"eco2D_Plankton_P_013","P Biomass - Popn. #013 (60.00 micron zooplankton)","mmol P m^-3",0.00276443362236023
"Tibet",25,5,4.5,"eco2D_Plankton_P_013","P Biomass - Popn. #013 (60.00 micron zooplankton)","mmol P m^-3",0.00264279823750257
"Tibet",25,5,9.5,"eco2D_Plankton_P_013","P Biomass - Popn. #013 (60.00 micron zooplankton)","mmol P m^-3",0.00255717081017792
"Tibet",25,5,19.5,"eco2D_Plankton_P_013","P Biomass - Popn. #013 (60.00 micron zooplankton)","mmol P m^-3",0.00243632076308131
"Tibet",25,5,49.5,"eco2D_Plankton_P_013","P Biomass - Popn. #013 (60.00 micron zooplankton)","mmol P m^-3",0.00205086288042367
"Tibet",25,5,99.5,"eco2D_Plankton_P_013","P Biomass - Popn. #013 (60.00 micron zooplankton)","mmol P m^-3",0.00189085316378623
"Tibet",25,5,199.5,"eco2D_Plankton_P_013","P Biomass - Popn. #013 (60.00 micron zooplankton)","mmol P m^-3",0.00182974536437541
"Tibet",25,5,499.5,"eco2D_Plankton_P_013","P Biomass - Popn. #013 (60.00 micron zooplankton)","mmol P m^-3",0.00170722312759608
"Tibet",25,5,999.5,"eco2D_Plankton_P_013","P Biomass - Popn. #013 (60.00 micron zooplankton)","mmol P m^-3",0.00169520976487547
"Tibet",25,5,1999.5,"eco2D_Plankton_P_013","P Biomass - Popn. #013 (60.00 micron zooplankton)","mmol P m^-3",0.00169703888241202
"Tibet",25,5,4999.5,"eco2D_Plankton_P_013","P Biomass - Popn. #013 (60.00 micron zooplankton)","mmol P m^-3",0.0017038625665009
"Tibet",25,5,9999.5,"eco2D_Plankton_P_013","P Biomass - Popn. #013 (60.00 micron zooplankton)","mmol P m^-3",0.00170728308148682
"Tibet",25,5,0.5,"eco2D_Plankton_P_014","P Biomass - Popn. #014 (190.00 micron zooplankton)","mmol P m^-3",0.00328686251305044
"Tibet",25,5,1.5,"eco2D_Plankton_P_014","P Biomass - Popn. #014 (190.00 micron zooplankton)","mmol P m^-3",0.00375155359506607
"Tibet",25,5,4.5,"eco2D_Plankton_P_014","P Biomass - Popn. #014 (190.00 micron zooplankton)","mmol P m^-3",0.00362435425631702
"Tibet",25,5,9.5,"eco2D_Plankton_P_014","P Biomass - Popn. #014 (190.00 micron zooplankton)","mmol P m^-3",0.00336845847778022
"Tibet",25,5,19.5,"eco2D_Plankton_P_014","P Biomass - Popn. #014 (190.00 micron zooplankton)","mmol P m^-3",0.00318551040254533
"Tibet",25,5,49.5,"eco2D_Plankton_P_014","P Biomass - Popn. #014 (190.00 micron zooplankton)","mmol P m^-3",0.00266323308460414
"Tibet",25,5,99.5,"eco2D_Plankton_P_014","P Biomass - Popn. #014 (190.00 micron zooplankton)","mmol P m^-3",0.00246126367710531
"Tibet",25,5,199.5,"eco2D_Plankton_P_014","P Biomass - Popn. #014 (190.00 micron zooplankton)","mmol P m^-3",0.00272377324290574
"Tibet",25,5,499.5,"eco2D_Plankton_P_014","P Biomass - Popn. #014 (190.00 micron zooplankton)","mmol P m^-3",0.00208020280115306
"Tibet",25,5,999.5,"eco2D_Plankton_P_014","P Biomass - Popn. #014 (190.00 micron zooplankton)","mmol P m^-3",0.00146487331949174
"Tibet",25,5,1999.5,"eco2D_Plankton_P_014","P Biomass - Popn. #014 (190.00 micron zooplankton)","mmol P m^-3",0.00132809032220393
"Tibet",25,5,4999.5,"eco2D_Plankton_P_014","P Biomass - Popn. #014 (190.00 micron zooplankton)","mmol P m^-3",0.00130407884716988
"Tibet",25,5,9999.5,"eco2D_Plankton_P_014","P Biomass - Popn. #014 (190.00 micron zooplankton)","mmol P m^-3",0.00137351651210338
"Tibet",25,5,0.5,"eco2D_Plankton_P_015","P Biomass - Popn. #015 (600.00 micron zooplankton)","mmol P m^-3",0.00316896755248308
"Tibet",25,5,1.5,"eco2D_Plankton_P_015","P Biomass - Popn. #015 (600.00 micron zooplankton)","mmol P m^-3",0.00457717990502715
"Tibet",25,5,4.5,"eco2D_Plankton_P_015","P Biomass - Popn. #015 (600.00 micron zooplankton)","mmol P m^-3",0.00486754160374403
"Tibet",25,5,9.5,"eco2D_Plankton_P_015","P Biomass - Popn. #015 (600.00 micron zooplankton)","mmol P m^-3",0.00420848000794649
"Tibet",25,5,19.5,"eco2D_Plankton_P_015","P Biomass - Popn. #015 (600.00 micron zooplankton)","mmol P m^-3",0.00392125127837062
"Tibet",25,5,49.5,"eco2D_Plankton_P_015","P Biomass - Popn. #015 (600.00 micron zooplankton)","mmol P m^-3",0.00239122356288135
"Tibet",25,5,99.5,"eco2D_Plankton_P_015","P Biomass - Popn. #015 (600.00 micron zooplankton)","mmol P m^-3",0.00119211920537055
"Tibet",25,5,199.5,"eco2D_Plankton_P_015","P Biomass - Popn. #015 (600.00 micron zooplankton)","mmol P m^-3",1.50002706504893e-05
"Tibet",25,5,499.5,"eco2D_Plankton_P_015","P Biomass - Popn. #015 (600.00 micron zooplankton)","mmol P m^-3",1.05340204874932e-12
"Tibet",25,5,999.5,"eco2D_Plankton_P_015","P Biomass - Popn. #015 (600.00 micron zooplankton)","mmol P m^-3",6.30712767169667e-13
"Tibet",25,5,1999.5,"eco2D_Plankton_P_015","P Biomass - Popn. #015 (600.00 micron zooplankton)","mmol P m^-3",5.76954716641209e-13
"Tibet",25,5,4999.5,"eco2D_Plankton_P_015","P Biomass - Popn. #015 (600.00 micron zooplankton)","mmol P m^-3",5.67415743297356e-13
"Tibet",25,5,9999.5,"eco2D_Plankton_P_015","P Biomass - Popn. #015 (600.00 micron zooplankton)","mmol P m^-3",5.92183799826701e-13
"Tibet",25,5,0.5,"eco2D_Plankton_P_016","P Biomass - Popn. #016 (1900.00 micron zooplankton)","mmol P m^-3",0.000695095979608595
"Tibet",25,5,1.5,"eco2D_Plankton_P_016","P Biomass - Popn. #016 (1900.00 micron zooplankton)","mmol P m^-3",0.000378450349671766
"Tibet",25,5,4.5,"eco2D_Plankton_P_016","P Biomass - Popn. #016 (1900.00 micron zooplankton)","mmol P m^-3",0.000569963129237294
"Tibet",25,5,9.5,"eco2D_Plankton_P_016","P Biomass - Popn. #016 (1900.00 micron zooplankton)","mmol P m^-3",0.00201941723935306
"Tibet",25,5,19.5,"eco2D_Plankton_P_016","P Biomass - Popn. #016 (1900.00 micron zooplankton)","mmol P m^-3",0.00187766458839178
"Tibet",25,5,49.5,"eco2D_Plankton_P_016","P Biomass - Popn. #016 (1900.00 micron zooplankton)","mmol P m^-3",8.63447713935622e-13
"Tibet",25,5,99.5,"eco2D_Plankton_P_016","P Biomass - Popn. #016 (1900.00 micron zooplankton)","mmol P m^-3",4.77769625077673e-13
"Tibet",25,5,199.5,"eco2D_Plankton_P_016","P Biomass - Popn. #016 (1900.00 micron zooplankton)","mmol P m^-3",3.45731229018861e-13
"Tibet",25,5,499.5,"eco2D_Plankton_P_016","P Biomass - Popn. #016 (1900.00 micron zooplankton)","mmol P m^-3",2.36103644231031e-13
"Tibet",25,5,999.5,"eco2D_Plankton_P_016","P Biomass - Popn. #016 (1900.00 micron zooplankton)","mmol P m^-3",1.64226298575779e-13
"Tibet",25,5,1999.5,"eco2D_Plankton_P_016","P Biomass - Popn. #016 (1900.00 micron zooplankton)","mmol P m^-3",1.5117471348098e-13
"Tibet",25,5,4999.5,"eco2D_Plankton_P_016","P Biomass - Popn. #016 (1900.00 micron zooplankton)","mmol P m^-3",1.49624846475412e-13
"Tibet",25,5,9999.5,"eco2D_Plankton_P_016","P Biomass - Popn. #016 (1900.00 micron zooplankton)","mmol P m^-3",1.55492331792469e-13
"Tibet",25,5,0.5,"eco2D_Plankton_P_Total","P Biomass - Total","mmol P m^-3",0.0326545238494873
"Tibet",25,5,1.5,"eco2D_Plankton_P_Total","P Biomass - Total","mmol P m^-3",0.0351175144314766
"Tibet",25,5,4.5,"eco2D_Plankton_P_Total","P Biomass - Total","mmol P m^-3",0.0356695204973221
"Tibet",25,5,9.5,"eco2D_Plankton_P_Total","P Biomass - Total","mmol P m^-3",0.0355181843042374
"Tibet",25,5,19.5,"eco2D_Plankton_P_Total","P Biomass - Total","mmol P m^-3",0.0321972742676735
"Tibet",25,5,49.5,"eco2D_Plankton_P_Total","P Biomass - Total","mmol P m^-3",0.0186074953526258
"Tibet",25,5,99.5,"eco2D_Plankton_P_Total","P Biomass - Total","mmol P m^-3",0.0147383902221918
"Tibet",25,5,199.5,"eco2D_Plankton_P_Total","P Biomass - Total","mmol P m^-3",0.0127284107729793
"Tibet",25,5,499.5,"eco2D_Plankton_P_Total","P Biomass - Total","mmol P m^-3",0.0110295945778489
"Tibet",25,5,999.5,"eco2D_Plankton_P_Total","P Biomass - Total","mmol P m^-3",0.00976057816296816
"Tibet",25,5,1999.5,"eco2D_Plankton_P_Total","P Biomass - Total","mmol P m^-3",0.00951541867107153
"Tibet",25,5,4999.5,"eco2D_Plankton_P_Total","P Biomass - Total","mmol P m^-3",0.00950253196060658
"Tibet",25,5,9999.5,"eco2D_Plankton_P_Total","P Biomass - Total","mmol P m^-3",0.00964170880615711
"Tibet",25,5,0.5,"eco2D_Uptake_Fluxes_P","Uptake Fluxes P","mmol P m^-3 d^-1",0.00489389291033149
"Tibet",25,5,1.5,"eco2D_Uptake_Fluxes_P","Uptake Fluxes P","mmol P m^-3 d^-1",0.00517489155754447
"Tibet",25,5,4.5,"eco2D_Uptake_Fluxes_P","Uptake Fluxes P","mmol P m^-3 d^-1",0.00541009474545717
"Tibet",25,5,9.5,"eco2D_Uptake_Fluxes_P","Uptake Fluxes P","mmol P m^-3 d^-1",0.00559412641450763
"Tibet",25,5,19.5,"eco2D_Uptake_Fluxes_P","Uptake Fluxes P","mmol P m^-3 d^-1",0.00525570847094059
"Tibet",25,5,49.5,"eco2D_Uptake_Fluxes_P","Uptake Fluxes P","mmol P m^-3 d^-1",0.00272725778631866
"Tibet",25,5,99.5,"eco2D_Uptake_Fluxes_P","Uptake Fluxes P","mmol P m^-3 d^-1",0.00192200613673776
"Tibet",25,5,199.5,"eco2D_Uptake_Fluxes_P","Uptake Fluxes P","mmol P m^-3 d^-1",0.00155869661830366
"Tibet",25,5,499.5,"eco2D_Uptake_Fluxes_P","Uptake Fluxes P","mmol P m^-3 d^-1",0.00120797101408243
"Tibet",25,5,999.5,"eco2D_Uptake_Fluxes_P","Uptake Fluxes P","mmol P m^-3 d^-1",0.000981809222139418
"Tibet",25,5,1999.5,"eco2D_Uptake_Fluxes_P","Uptake Fluxes P","mmol P m^-3 d^-1",0.000939067860599607
"Tibet",25,5,4999.5,"eco2D_Uptake_Fluxes_P","Uptake Fluxes P","mmol P m^-3 d^-1",0.000933753501158208
"Tibet",25,5,9999.5,"eco2D_Uptake_Fluxes_P","Uptake Fluxes P","mmol P m^-3 d^-1",0.000956841337028891
"Tibet",25,5,0.5,"eco2D_Plankton_Chl_001","Chl Biomass - Popn. #001 (0.60 micron phytoplankton)","mg Chl m^-3",0.00538029940798879
"Tibet",25,5,1.5,"eco2D_Plankton_Chl_001","Chl Biomass - Popn. #001 (0.60 micron phytoplankton)","mg Chl m^-3",0.00344580109231174
"Tibet",25,5,4.5,"eco2D_Plankton_Chl_001","Chl Biomass - Popn. #001 (0.60 micron phytoplankton)","mg Chl m^-3",0.00415642140433192
"Tibet",25,5,9.5,"eco2D_Plankton_Chl_001","Chl Biomass - Popn. #001 (0.60 micron phytoplankton)","mg Chl m^-3",0.00507804751396179
"Tibet",25,5,19.5,"eco2D_Plankton_Chl_001","Chl Biomass - Popn. #001 (0.60 micron phytoplankton)","mg Chl m^-3",0.00574037665501237
"Tibet",25,5,49.5,"eco2D_Plankton_Chl_001","Chl Biomass - Popn. #001 (0.60 micron phytoplankton)","mg Chl m^-3",0.0060849036090076
"Tibet",25,5,99.5,"eco2D_Plankton_Chl_001","Chl Biomass - Popn. #001 (0.60 micron phytoplankton)","mg Chl m^-3",0.00638021109625697
"Tibet",25,5,199.5,"eco2D_Plankton_Chl_001","Chl Biomass - Popn. #001 (0.60 micron phytoplankton)","mg Chl m^-3",0.00671714870259166
"Tibet",25,5,499.5,"eco2D_Plankton_Chl_001","Chl Biomass - Popn. #001 (0.60 micron phytoplankton)","mg Chl m^-3",0.006598892621696
"Tibet",25,5,999.5,"eco2D_Plankton_Chl_001","Chl Biomass - Popn. #001 (0.60 micron phytoplankton)","mg Chl m^-3",0.00642688106745481
"Tibet",25,5,1999.5,"eco2D_Plankton_Chl_001","Chl Biomass - Popn. #001 (0.60 micron phytoplankton)","mg Chl m^-3",0.00638838298618793
"Tibet",25,5,4999.5,"eco2D_Plankton_Chl_001","Chl Biomass - Popn. #001 (0.60 micron phytoplankton)","mg Chl m^-3",0.00629930896684527
"Tibet",25,5,9999.5,"eco2D_Plankton_Chl_001","Chl Biomass - Popn. #001 (0.60 micron phytoplankton)","mg Chl m^-3",0.00629289774224162
"Tibet",25,5,0.5,"eco2D_Plankton_Chl_002","Chl Biomass - Popn. #002 (1.90 micron phytoplankton)","mg Chl m^-3",0.0589532442390919
"Tibet",25,5,1.5,"eco2D_Plankton_Chl_002","Chl Biomass - Popn. #002 (1.90 micron phytoplankton)","mg Chl m^-3",0.0567623563110828
"Tibet",25,5,4.5,"eco2D_Plankton_Chl_002","Chl Biomass - Popn. #002 (1.90 micron phytoplankton)","mg Chl m^-3",0.0572166480123997
"Tibet",25,5,9.5,"eco2D_Plankton_Chl_002","Chl Biomass - Popn. #002 (1.90 micron phytoplankton)","mg Chl m^-3",0.0570112876594067
"Tibet",25,5,19.5,"eco2D_Plankton_Chl_002","Chl Biomass - Popn. #002 (1.90 micron phytoplankton)","mg Chl m^-3",0.0574193336069584
"Tibet",25,5,49.5,"eco2D_Plankton_Chl_002","Chl Biomass - Popn. #002 (1.90 micron phytoplankton)","mg Chl m^-3",0.057436004281044
"Tibet",25,5,99.5,"eco2D_Plankton_Chl_002","Chl Biomass - Popn. #002 (1.90 micron phytoplankton)","mg Chl m^-3",0.0563876889646053
"Tibet",25,5,199.5,"eco2D_Plankton_Chl_002","Chl Biomass - Popn. #002 (1.90 micron phytoplankton)","mg Chl m^-3",0.0560310408473015
"Tibet",25,5,499.5,"eco2D_Plankton_Chl_002","Chl Biomass - Popn. #002 (1.90 micron phytoplankton)","mg Chl m^-3",0.0545675717294216
"Tibet",25,5,999.5,"eco2D_Plankton_Chl_002","Chl Biomass - Popn. #002 (1.90 micron phytoplankton)","mg Chl m^-3",0.0530635863542557
"Tibet",25,5,1999.5,"eco2D_Plankton_Chl_002","Chl Biomass - Popn. #002 (1.90 micron phytoplankton)","mg Chl m^-3",0.0526272989809513
"Tibet",25,5,4999.5,"eco2D_Plankton_Chl_002","Chl Biomass - Popn. #002 (1.90 micron phytoplankton)","mg Chl m^-3",0.0526354499161243
"Tibet",25,5,9999.5,"eco2D_Plankton_Chl_002","Chl Biomass - Popn. #002 (1.90 micron phytoplankton)","mg Chl m^-3",0.0528953187167645
"Tibet",25,5,0.5,"eco2D_Plankton_Chl_003","Chl Biomass - Popn. #003 (6.00 micron phytoplankton)","mg Chl m^-3",0.153359800577164
"Tibet",25,5,1.5,"eco2D_Plankton_Chl_003","Chl Biomass - Popn. #003 (6.00 micron phytoplankton)","mg Chl m^-3",0.164977729320526
"Tibet",25,5,4.5,"eco2D_Plankton_Chl_003","Chl Biomass - Popn. #003 (6.00 micron phytoplankton)","mg Chl m^-3",0.160573855042458
"Tibet",25,5,9.5,"eco2D_Plankton_Chl_003","Chl Biomass - Popn. #003 (6.00 micron phytoplankton)","mg Chl m^-3",0.156129330396652
"Tibet",25,5,19.5,"eco2D_Plankton_Chl_003","Chl Biomass - Popn. #003 (6.00 micron phytoplankton)","mg Chl m^-3",0.149715542793274
"Tibet",25,5,49.5,"eco2D_Plankton_Chl_003","Chl Biomass - Popn. #003 (6.00 micron phytoplankton)","mg Chl m^-3",0.113166473805904
"Tibet",25,5,99.5,"eco2D_Plankton_Chl_003","Chl Biomass - Popn. #003 (6.00 micron phytoplankton)","mg Chl m^-3",0.0907616168260574
"Tibet",25,5,199.5,"eco2D_Plankton_Chl_003","Chl Biomass - Popn. #003 (6.00 micron phytoplankton)","mg Chl m^-3",0.0779423341155052
"Tibet",25,5,499.5,"eco2D_Plankton_Chl_003","Chl Biomass - Popn. #003 (6.00 micron phytoplankton)","mg Chl m^-3",0.0667924657464027
"Tibet",25,5,999.5,"eco2D_Plankton_Chl_003","Chl Biomass - Popn. #003 (6.00 micron phytoplankton)","mg Chl m^-3",0.0594754219055176
"Tibet",25,5,1999.5,"eco2D_Plankton_Chl_003","Chl Biomass - Popn. #003 (6.00 micron phytoplankton)","mg Chl m^-3",0.0576879270374775
"Tibet",25,5,4999.5,"eco2D_Plankton_Chl_003","Chl Biomass - Popn. #003 (6.00 micron phytoplankton)","mg Chl m^-3",0.0576844178140163
"Tibet",25,5,9999.5,"eco2D_Plankton_Chl_003","Chl Biomass - Popn. #003 (6.00 micron phytoplankton)","mg Chl m^-3",0.0587945468723774
"Tibet",25,5,0.5,"eco2D_Plankton_Chl_004","Chl Biomass - Popn. #004 (19.00 micron phytoplankton)","mg Chl m^-3",0.117924064397812
"Tibet",25,5,1.5,"eco2D_Plankton_Chl_004","Chl Biomass - Popn. #004 (19.00 micron phytoplankton)","mg Chl m^-3",0.121243260800838
"Tibet",25,5,4.5,"eco2D_Plankton_Chl_004","Chl Biomass - Popn. #004 (19.00 micron phytoplankton)","mg Chl m^-3",0.12051809579134
"Tibet",25,5,9.5,"eco2D_Plankton_Chl_004","Chl Biomass - Popn. #004 (19.00 micron phytoplankton)","mg Chl m^-3",0.120758287608624
"Tibet",25,5,19.5,"eco2D_Plankton_Chl_004","Chl Biomass - Popn. #004 (19.00 micron phytoplankton)","mg Chl m^-3",0.11527631431818
"Tibet",25,5,49.5,"eco2D_Plankton_Chl_004","Chl Biomass - Popn. #004 (19.00 micron phytoplankton)","mg Chl m^-3",0.0673177912831306
"Tibet",25,5,99.5,"eco2D_Plankton_Chl_004","Chl Biomass - Popn. #004 (19.00 micron phytoplankton)","mg Chl m^-3",0.0478005260229111
"Tibet",25,5,199.5,"eco2D_Plankton_Chl_004","Chl Biomass - Popn. #004 (19.00 micron phytoplankton)","mg Chl m^-3",0.0376245714724064
"Tibet",25,5,499.5,"eco2D_Plankton_Chl_004","Chl Biomass - Popn. #004 (19.00 micron phytoplankton)","mg Chl m^-3",0.029311366379261
"Tibet",25,5,999.5,"eco2D_Plankton_Chl_004","Chl Biomass - Popn. #004 (19.00 micron phytoplankton)","mg Chl m^-3",0.0246124267578125
"Tibet",25,5,1999.5,"eco2D_Plankton_Chl_004","Chl Biomass - Popn. #004 (19.00 micron phytoplankton)","mg Chl m^-3",0.0232828389853239
"Tibet",25,5,4999.5,"eco2D_Plankton_Chl_004","Chl Biomass - Popn. #004 (19.00 micron phytoplankton)","mg Chl m^-3",0.0231383573263884
"Tibet",25,5,9999.5,"eco2D_Plankton_Chl_004","Chl Biomass - Popn. #004 (19.00 micron phytoplankton)","mg Chl m^-3",0.0239322632551193
"Tibet",25,5,0.5,"eco2D_Plankton_Chl_005","Chl Biomass - Popn. #005 (60.00 micron phytoplankton)","mg Chl m^-3",0.0842395350337029
"Tibet",25,5,1.5,"eco2D_Plankton_Chl_005","Chl Biomass - Popn. #005 (60.00 micron phytoplankton)","mg Chl m^-3",0.076695129275322
"Tibet",25,5,4.5,"eco2D_Plankton_Chl_005","Chl Biomass - Popn. #005 (60.00 micron phytoplankton)","mg Chl m^-3",0.0784632712602615
"Tibet",25,5,9.5,"eco2D_Plankton_Chl_005","Chl Biomass - Popn. #005 (60.00 micron phytoplankton)","mg Chl m^-3",0.081152155995369
"Tibet",25,5,19.5,"eco2D_Plankton_Chl_005","Chl Biomass - Popn. #005 (60.00 micron phytoplankton)","mg Chl m^-3",0.0764857903122902
"Tibet",25,5,49.5,"eco2D_Plankton_Chl_005","Chl Biomass - Popn. #005 (60.00 micron phytoplankton)","mg Chl m^-3",0.0332291126251221
"Tibet",25,5,99.5,"eco2D_Plankton_Chl_005","Chl Biomass - Popn. #005 (60.00 micron phytoplankton)","mg Chl m^-3",0.019510094076395
"Tibet",25,5,199.5,"eco2D_Plankton_Chl_005","Chl Biomass - Popn. #005 (60.00 micron phytoplankton)","mg Chl m^-3",0.0131892953068018
"Tibet",25,5,499.5,"eco2D_Plankton_Chl_005","Chl Biomass - Popn. #005 (60.00 micron phytoplankton)","mg Chl m^-3",0.00538427801802754
"Tibet",25,5,999.5,"eco2D_Plankton_Chl_005","Chl Biomass - Popn. #005 (60.00 micron phytoplankton)","mg Chl m^-3",0.000122918558190577
"Tibet",25,5,1999.5,"eco2D_Plankton_Chl_005","Chl Biomass - Popn. #005 (60.00 micron phytoplankton)","mg Chl m^-3",2.87424424538774e-11
"Tibet",25,5,4999.5,"eco2D_Plankton_Chl_005","Chl Biomass - Popn. #005 (60.00 micron phytoplankton)","mg Chl m^-3",2.7041159242347e-11
"Tibet",25,5,9999.5,"eco2D_Plankton_Chl_005","Chl Biomass - Popn. #005 (60.00 micron phytoplankton)","mg Chl m^-3",3.55290796782981e-11
"Tibet",25,5,0.5,"eco2D_Plankton_Chl_006","Chl Biomass - Popn. #006 (190.00 micron phytoplankton)","mg Chl m^-3",0.0739930048584938
"Tibet",25,5,1.5,"eco2D_Plankton_Chl_006","Chl Biomass - Popn. #006 (190.00 micron phytoplankton)","mg Chl m^-3",0.0610035695135593
"Tibet",25,5,4.5,"eco2D_Plankton_Chl_006","Chl Biomass - Popn. #006 (190.00 micron phytoplankton)","mg Chl m^-3",0.0658533498644829
"Tibet",25,5,9.5,"eco2D_Plankton_Chl_006","Chl Biomass - Popn. #006 (190.00 micron phytoplankton)","mg Chl m^-3",0.0672884956002235
"Tibet",25,5,19.5,"eco2D_Plankton_Chl_006","Chl Biomass - Popn. #006 (190.00 micron phytoplankton)","mg Chl m^-3",0.0596004538238049
"Tibet",25,5,49.5,"eco2D_Plankton_Chl_006","Chl Biomass - Popn. #006 (190.00 micron phytoplankton)","mg Chl m^-3",0.00805276911705732
"Tibet",25,5,99.5,"eco2D_Plankton_Chl_006","Chl Biomass - Popn. #006 (190.00 micron phytoplankton)","mg Chl m^-3",1.62154373262169e-10
"Tibet",25,5,199.5,"eco2D_Plankton_Chl_006","Chl Biomass - Popn. #006 (190.00 micron phytoplankton)","mg Chl m^-3",6.89130436742902e-12
"Tibet",25,5,499.5,"eco2D_Plankton_Chl_006","Chl Biomass - Popn. #006 (190.00 micron phytoplankton)","mg Chl m^-3",3.17098604318833e-12
"Tibet",25,5,999.5,"eco2D_Plankton_Chl_006","Chl Biomass - Popn. #006 (190.00 micron phytoplankton)","mg Chl m^-3",1.88643740385575e-12
"Tibet",25,5,1999.5,"eco2D_Plankton_Chl_006","Chl Biomass - Popn. #006 (190.00 micron phytoplankton)","mg Chl m^-3",1.66296067628108e-12
"Tibet",25,5,4999.5,"eco2D_Plankton_Chl_006","Chl Biomass - Popn. #006 (190.00 micron phytoplankton)","mg Chl m^-3",1.6305721963622e-12
"Tibet",25,5,9999.5,"eco2D_Plankton_Chl_006","Chl Biomass - Popn. #006 (190.00 micron phytoplankton)","mg Chl m^-3",1.73867430869334e-12
"Tibet",25,5,0.5,"eco2D_Plankton_Chl_007","Chl Biomass - Popn. #007 (600.00 micron phytoplankton)","mg Chl m^-3",0.0610414631664753
"Tibet",25,5,1.5,"eco2D_Plankton_Chl_007","Chl Biomass - Popn. #007 (600.00 micron phytoplankton)","mg Chl m^-3",0.0495122149586678
"Tibet",25,5,4.5,"eco2D_Plankton_Chl_007","Chl Biomass - Popn. #007 (600.00 micron phytoplankton)","mg Chl m^-3",0.0627814754843712
"Tibet",25,5,9.5,"eco2D_Plankton_Chl_007","Chl Biomass - Popn. #007 (600.00 micron phytoplankton)","mg Chl m^-3",0.0621109567582607
"Tibet",25,5,19.5,"eco2D_Plankton_Chl_007","Chl Biomass - Popn. #007 (600.00 micron phytoplankton)","mg Chl m^-3",0.0437190867960453
"Tibet",25,5,49.5,"eco2D_Plankton_Chl_007","Chl Biomass - Popn. #007 (600.00 micron phytoplankton)","mg Chl m^-3",4.10471266351631e-12
"Tibet",25,5,99.5,"eco2D_Plankton_Chl_007","Chl Biomass - Popn. #007 (600.00 micron phytoplankton)","mg Chl m^-3",1.49529412289684e-12
"Tibet",25,5,199.5,"eco2D_Plankton_Chl_007","Chl Biomass - Popn. #007 (600.00 micron phytoplankton)","mg Chl m^-3",8.95842156966448e-13
"Tibet",25,5,499.5,"eco2D_Plankton_Chl_007","Chl Biomass - Popn. #007 (600.00 micron phytoplankton)","mg Chl m^-3",4.787761441645e-13
"Tibet",25,5,999.5,"eco2D_Plankton_Chl_007","Chl Biomass - Popn. #007 (600.00 micron phytoplankton)","mg Chl m^-3",3.05455720396239e-13
"Tibet",25,5,1999.5,"eco2D_Plankton_Chl_007","Chl Biomass - Popn. #007 (600.00 micron phytoplankton)","mg Chl m^-3",2.67360461027322e-13
"Tibet",25,5,4999.5,"eco2D_Plankton_Chl_007","Chl Biomass - Popn. #007 (600.00 micron phytoplankton)","mg Chl m^-3",2.6633757048769e-13
"Tibet",25,5,9999.5,"eco2D_Plankton_Chl_007","Chl Biomass - Popn. #007 (600.00 micron phytoplankton)","mg Chl m^-3",2.82318141303986e-13
"Tibet",25,5,0.5,"eco2D_Plankton_Chl_008","Chl Biomass - Popn. #008 (1900.00 micron phytoplankton)","mg Chl m^-3",0.0151926632970572
"Tibet",25,5,1.5,"eco2D_Plankton_Chl_008","Chl Biomass - Popn. #008 (1900.00 micron phytoplankton)","mg Chl m^-3",0.0016908833058551
"Tibet",25,5,4.5,"eco2D_Plankton_Chl_008","Chl Biomass - Popn. #008 (1900.00 micron phytoplankton)","mg Chl m^-3",2.53088228419074e-06
"Tibet",25,5,9.5,"eco2D_Plankton_Chl_008","Chl Biomass - Popn. #008 (1900.00 micron phytoplankton)","mg Chl m^-3",0.000501007481943816
"Tibet",25,5,19.5,"eco2D_Plankton_Chl_008","Chl Biomass - Popn. #008 (1900.00 micron phytoplankton)","mg Chl m^-3",0.000132229732116684
"Tibet",25,5,49.5,"eco2D_Plankton_Chl_008","Chl Biomass - Popn. #008 (1900.00 micron phytoplankton)","mg Chl m^-3",6.39454851916743e-13
"Tibet",25,5,99.5,"eco2D_Plankton_Chl_008","Chl Biomass - Popn. #008 (1900.00 micron phytoplankton)","mg Chl m^-3",2.56349683234319e-13
"Tibet",25,5,199.5,"eco2D_Plankton_Chl_008","Chl Biomass - Popn. #008 (1900.00 micron phytoplankton)","mg Chl m^-3",1.53790107276612e-13
"Tibet",25,5,499.5,"eco2D_Plankton_Chl_008","Chl Biomass - Popn. #008 (1900.00 micron phytoplankton)","mg Chl m^-3",7.98255911241622e-14
"Tibet",25,5,999.5,"eco2D_Plankton_Chl_008","Chl Biomass - Popn. #008 (1900.00 micron phytoplankton)","mg Chl m^-3",5.16803871290598e-14
"Tibet",25,5,1999.5,"eco2D_Plankton_Chl_008","Chl Biomass - Popn. #008 (1900.00 micron phytoplankton)","mg Chl m^-3",4.36424340947723e-14
"Tibet",25,5,4999.5,"eco2D_Plankton_Chl_008","Chl Biomass - Popn. #008 (1900.00 micron phytoplankton)","mg Chl m^-3",4.50360912842077e-14
"Tibet",25,5,9999.5,"eco2D_Plankton_Chl_008","Chl Biomass - Popn. #008 (1900.00 micron phytoplankton)","mg Chl m^-3",4.6825326412538e-14
"Tibet",25,5,0.5,"eco2D_Plankton_Chl_Total","Chl Biomass - Total","mg Chl m^-3",0.570084095001221
"Tibet",25,5,1.5,"eco2D_Plankton_Chl_Total","Chl Biomass - Total","mg Chl m^-3",0.535330951213837
"Tibet",25,5,4.5,"eco2D_Plankton_Chl_Total","Chl Biomass - Total","mg Chl m^-3",0.549565672874451
"Tibet",25,5,9.5,"eco2D_Plankton_Chl_Total","Chl Biomass - Total","mg Chl m^-3",0.550029575824738
"Tibet",25,5,19.5,"eco2D_Plankton_Chl_Total","Chl Biomass - Total","mg Chl m^-3",0.508089125156403
"Tibet",25,5,49.5,"eco2D_Plankton_Chl_Total","Chl Biomass - Total","mg Chl m^-3",0.28528705239296
"Tibet",25,5,99.5,"eco2D_Plankton_Chl_Total","Chl Biomass - Total","mg Chl m^-3",0.220840141177177
"Tibet",25,5,199.5,"eco2D_Plankton_Chl_Total","Chl Biomass - Total","mg Chl m^-3",0.191504389047623
"Tibet",25,5,499.5,"eco2D_Plankton_Chl_Total","Chl Biomass - Total","mg Chl m^-3",0.16265457868576
"Tibet",25,5,999.5,"eco2D_Plankton_Chl_Total","Chl Biomass - Total","mg Chl m^-3",0.143701240420341
"Tibet",25,5,1999.5,"eco2D_Plankton_Chl_Total","Chl Biomass - Total","mg Chl m^-3",0.13998644053936
"Tibet",25,5,4999.5,"eco2D_Plankton_Chl_Total","Chl Biomass - Total","mg Chl m^-3",0.1397575289011
"Tibet",25,5,9999.5,"eco2D_Plankton_Chl_Total","Chl Biomass - Total","mg Chl m^-3",0.141915023326874
"Tibet",25,5,0.5,"eco2D_xGamma_T","Temperature Limitation","@",0.503848433494568
"Tibet",25,5,1.5,"eco2D_xGamma_T","Temperature Limitation","@",0.446769297122955
"Tibet",25,5,4.5,"eco2D_xGamma_T","Temperature Limitation","@",0.486613690853119
"Tibet",25,5,9.5,"eco2D_xGamma_T","Temperature Limitation","@",0.542189061641693
"Tibet",25,5,19.5,"eco2D_xGamma_T","Temperature Limitation","@",0.583665013313293
"Tibet",25,5,49.5,"eco2D_xGamma_T","Temperature Limitation","@",0.600993573665619
"Tibet",25,5,99.5,"eco2D_xGamma_T","Temperature Limitation","@",0.606286466121674
"Tibet",25,5,199.5,"eco2D_xGamma_T","Temperature Limitation","@",0.600000262260437
"Tibet",25,5,499.5,"eco2D_xGamma_T","Temperature Limitation","@",0.577297568321228
"Tibet",25,5,999.5,"eco2D_xGamma_T","Temperature Limitation","@",0.551819801330566
"Tibet",25,5,1999.5,"eco2D_xGamma_T","Temperature Limitation","@",0.545971274375916
"Tibet",25,5,4999.5,"eco2D_xGamma_T","Temperature Limitation","@",0.540552973747253
"Tibet",25,5,9999.5,"eco2D_xGamma_T","Temperature Limitation","@",0.542190849781036
"Tibet",25,5,0.5,"eco2D_Nutrients_DIC","Nutrients DIC","mmol DIC m^-3",2008.57958984375
"Tibet",25,5,1.5,"eco2D_Nutrients_DIC","Nutrients DIC","mmol DIC m^-3",1960.87280273438
"Tibet",25,5,4.5,"eco2D_Nutrients_DIC","Nutrients DIC","mmol DIC m^-3",1914.43823242188
"Tibet",25,5,9.5,"eco2D_Nutrients_DIC","Nutrients DIC","mmol DIC m^-3",1886.63916015625
"Tibet",25,5,19.5,"eco2D_Nutrients_DIC","Nutrients DIC","mmol DIC m^-3",1860.43212890625
"Tibet",25,5,49.5,"eco2D_Nutrients_DIC","Nutrients DIC","mmol DIC m^-3",1855.36169433594
"Tibet",25,5,99.5,"eco2D_Nutrients_DIC","Nutrients DIC","mmol DIC m^-3",1840.13256835938
"Tibet",25,5,199.5,"eco2D_Nutrients_DIC","Nutrients DIC","mmol DIC m^-3",1837.94738769531
"Tibet",25,5,499.5,"eco2D_Nutrients_DIC","Nutrients DIC","mmol DIC m^-3",1849.87524414062
"Tibet",25,5,999.5,"eco2D_Nutrients_DIC","Nutrients DIC","mmol DIC m^-3",1866.36010742188
"Tibet",25,5,1999.5,"eco2D_Nutrients_DIC","Nutrients DIC","mmol DIC m^-3",1871.25061035156
"Tibet",25,5,4999.5,"eco2D_Nutrients_DIC","Nutrients DIC","mmol DIC m^-3",1873.09973144531
"Tibet",25,5,9999.5,"eco2D_Nutrients_DIC","Nutrients DIC","mmol DIC m^-3",1874.21313476562
"Tibet",25,5,0.5,"eco2D_Nutrients_PO4","Nutrients PO4","mmol PO4 m^-3",1.93740236759186
"Tibet",25,5,1.5,"eco2D_Nutrients_PO4","Nutrients PO4","mmol PO4 m^-3",1.48275375366211
"Tibet",25,5,4.5,"eco2D_Nutrients_PO4","Nutrients PO4","mmol PO4 m^-3",1.79712152481079
"Tibet",25,5,9.5,"eco2D_Nutrients_PO4","Nutrients PO4","mmol PO4 m^-3",1.89312899112701
"Tibet",25,5,19.5,"eco2D_Nutrients_PO4","Nutrients PO4","mmol PO4 m^-3",0.995182633399963
"Tibet",25,5,49.5,"eco2D_Nutrients_PO4","Nutrients PO4","mmol PO4 m^-3",0.104892209172249
"Tibet",25,5,99.5,"eco2D_Nutrients_PO4","Nutrients PO4","mmol PO4 m^-3",0.0510506108403206
"Tibet",25,5,199.5,"eco2D_Nutrients_PO4","Nutrients PO4","mmol PO4 m^-3",0.0352909825742245
"Tibet",25,5,499.5,"eco2D_Nutrients_PO4","Nutrients PO4","mmol PO4 m^-3",0.0231191329658031
"Tibet",25,5,999.5,"eco2D_Nutrients_PO4","Nutrients PO4","mmol PO4 m^-3",0.017211677506566
"Tibet",25,5,1999.5,"eco2D_Nutrients_PO4","Nutrients PO4","mmol PO4 m^-3",0.0160726550966501
"Tibet",25,5,4999.5,"eco2D_Nutrients_PO4","Nutrients PO4","mmol PO4 m^-3",0.0159980077296495
"Tibet",25,5,9999.5,"eco2D_Nutrients_PO4","Nutrients PO4","mmol PO4 m^-3",0.0166549198329449
"Tibet",25,5,0.5,"eco2D_Size_Mean","Geometric Mean of Cell Diameter","µm",48.6231880187988
"Tibet",25,5,1.5,"eco2D_Size_Mean","Geometric Mean of Cell Diameter","µm",38.4442100524902
"Tibet",25,5,4.5,"eco2D_Size_Mean","Geometric Mean of Cell Diameter","µm",41.8428611755371
"Tibet",25,5,9.5,"eco2D_Size_Mean","Geometric Mean of Cell Diameter","µm",41.941349029541
"Tibet",25,5,19.5,"eco2D_Size_Mean","Geometric Mean of Cell Diameter","µm",37.1004486083984
"Tibet",25,5,49.5,"eco2D_Size_Mean","Geometric Mean of Cell Diameter","µm",11.7078008651733
"Tibet",25,5,99.5,"eco2D_Size_Mean","Geometric Mean of Cell Diameter","µm",8.18214988708496
"Tibet",25,5,199.5,"eco2D_Size_Mean","Geometric Mean of Cell Diameter","µm",7.2494912147522
"Tibet",25,5,499.5,"eco2D_Size_Mean","Geometric Mean of Cell Diameter","µm",5.99726295471191
"Tibet",25,5,999.5,"eco2D_Size_Mean","Geometric Mean of Cell Diameter","µm",4.9266357421875
"Tibet",25,5,1999.5,"eco2D_Size_Mean","Geometric Mean of Cell Diameter","µm",4.84431076049805
"Tibet",25,5,4999.5,"eco2D_Size_Mean","Geometric Mean of Cell Diameter","µm",4.8461275100708
"Tibet",25,5,9999.5,"eco2D_Size_Mean","Geometric Mean of Cell Diameter","µm",4.88348340988159
"Tibet",25,5,0.5,"eco2D_Size_Stdev","Geometric Standard Deviation of Cell Diameter","Relative magnitude",9.02573108673096
"Tibet",25,5,1.5,"eco2D_Size_Stdev","Geometric Standard Deviation of Cell Diameter","Relative magnitude",7.86101007461548
"Tibet",25,5,4.5,"eco2D_Size_Stdev","Geometric Standard Deviation of Cell Diameter","Relative magnitude",8.01470947265625
"Tibet",25,5,9.5,"eco2D_Size_Stdev","Geometric Standard Deviation of Cell Diameter","Relative magnitude",8.08051490783691
"Tibet",25,5,19.5,"eco2D_Size_Stdev","Geometric Standard Deviation of Cell Diameter","Relative magnitude",7.85068893432617
"Tibet",25,5,49.5,"eco2D_Size_Stdev","Geometric Standard Deviation of Cell Diameter","Relative magnitude",4.50992774963379
"Tibet",25,5,99.5,"eco2D_Size_Stdev","Geometric Standard Deviation of Cell Diameter","Relative magnitude",3.69255757331848
"Tibet",25,5,199.5,"eco2D_Size_Stdev","Geometric Standard Deviation of Cell Diameter","Relative magnitude",3.64274215698242
"Tibet",25,5,499.5,"eco2D_Size_Stdev","Geometric Standard Deviation of Cell Diameter","Relative magnitude",3.3305995464325
"Tibet",25,5,999.5,"eco2D_Size_Stdev","Geometric Standard Deviation of Cell Diameter","Relative magnitude",2.84990334510803
"Tibet",25,5,1999.5,"eco2D_Size_Stdev","Geometric Standard Deviation of Cell Diameter","Relative magnitude",2.82840895652771
"Tibet",25,5,4999.5,"eco2D_Size_Stdev","Geometric Standard Deviation of Cell Diameter","Relative magnitude",2.82272291183472
"Tibet",25,5,9999.5,"eco2D_Size_Stdev","Geometric Standard Deviation of Cell Diameter","Relative magnitude",2.82375168800354
"Tibet",25,5,0.5,"eco2D_Size_Minimum","Minimum Cell Diameter","µm",0.600000023841858
"Tibet",25,5,1.5,"eco2D_Size_Minimum","Minimum Cell Diameter","µm",0.600000023841858
"Tibet",25,5,4.5,"eco2D_Size_Minimum","Minimum Cell Diameter","µm",0.600000023841858
"Tibet",25,5,9.5,"eco2D_Size_Minimum","Minimum Cell Diameter","µm",0.600000023841858
"Tibet",25,5,19.5,"eco2D_Size_Minimum","Minimum Cell Diameter","µm",0.600000023841858
"Tibet",25,5,49.5,"eco2D_Size_Minimum","Minimum Cell Diameter","µm",0.600000023841858
"Tibet",25,5,99.5,"eco2D_Size_Minimum","Minimum Cell Diameter","µm",0.600000023841858
"Tibet",25,5,199.5,"eco2D_Size_Minimum","Minimum Cell Diameter","µm",0.600000023841858
"Tibet",25,5,499.5,"eco2D_Size_Minimum","Minimum Cell Diameter","µm",0.600000023841858
"Tibet",25,5,999.5,"eco2D_Size_Minimum","Minimum Cell Diameter","µm",0.600000023841858
"Tibet",25,5,1999.5,"eco2D_Size_Minimum","Minimum Cell Diameter","µm",0.600000023841858
"Tibet",25,5,4999.5,"eco2D_Size_Minimum","Minimum Cell Diameter","µm",0.600000023841858
"Tibet",25,5,9999.5,"eco2D_Size_Minimum","Minimum Cell Diameter","µm",0.600000023841858
"Tibet",25,5,0.5,"eco2D_Size_Maximum","Maximum Cell Diameter","µm",1900
"Tibet",25,5,1.5,"eco2D_Size_Maximum","Maximum Cell Diameter","µm",1900
"Tibet",25,5,4.5,"eco2D_Size_Maximum","Maximum Cell Diameter","µm",600
"Tibet",25,5,9.5,"eco2D_Size_Maximum","Maximum Cell Diameter","µm",1900
"Tibet",25,5,19.5,"eco2D_Size_Maximum","Maximum Cell Diameter","µm",600
"Tibet",25,5,49.5,"eco2D_Size_Maximum","Maximum Cell Diameter","µm",190
"Tibet",25,5,99.5,"eco2D_Size_Maximum","Maximum Cell Diameter","µm",60
"Tibet",25,5,199.5,"eco2D_Size_Maximum","Maximum Cell Diameter","µm",60
"Tibet",25,5,499.5,"eco2D_Size_Maximum","Maximum Cell Diameter","µm",60
"Tibet",25,5,999.5,"eco2D_Size_Maximum","Maximum Cell Diameter","µm",60
"Tibet",25,5,1999.5,"eco2D_Size_Maximum","Maximum Cell Diameter","µm",19
"Tibet",25,5,4999.5,"eco2D_Size_Maximum","Maximum Cell Diameter","µm",19
"Tibet",25,5,9999.5,"eco2D_Size_Maximum","Maximum Cell Diameter","µm",19
"Tibet",25,5,0.5,"eco2D_Diversity_Threshold","Threshold Diversity Index","-",8
"Tibet",25,5,1.5,"eco2D_Diversity_Threshold","Threshold Diversity Index","-",8
"Tibet",25,5,4.5,"eco2D_Diversity_Threshold","Threshold Diversity Index","-",7
"Tibet",25,5,9.5,"eco2D_Diversity_Threshold","Threshold Diversity Index","-",8
"Tibet",25,5,19.5,"eco2D_Diversity_Threshold","Threshold Diversity Index","-",7
"Tibet",25,5,49.5,"eco2D_Diversity_Threshold","Threshold Diversity Index","-",6
"Tibet",25,5,99.5,"eco2D_Diversity_Threshold","Threshold Diversity Index","-",5
"Tibet",25,5,199.5,"eco2D_Diversity_Threshold","Threshold Diversity Index","-",5
"Tibet",25,5,499.5,"eco2D_Diversity_Threshold","Threshold Diversity Index","-",5
"Tibet",25,5,999.5,"eco2D_Diversity_Threshold","Threshold Diversity Index","-",5
"Tibet",25,5,1999.5,"eco2D_Diversity_Threshold","Threshold Diversity Index","-",4
"Tibet",25,5,4999.5,"eco2D_Diversity_Threshold","Threshold Diversity Index","-",4
"Tibet",25,5,9999.5,"eco2D_Diversity_Threshold","Threshold Diversity Index","-",4
"Tibet",25,5,0.5,"eco2D_Diversity_Shannon","Shannon Diversity Index","-",1.91833078861237
"Tibet",25,5,1.5,"eco2D_Diversity_Shannon","Shannon Diversity Index","-",1.83243119716644
"Tibet",25,5,4.5,"eco2D_Diversity_Shannon","Shannon Diversity Index","-",1.80046021938324
"Tibet",25,5,9.5,"eco2D_Diversity_Shannon","Shannon Diversity Index","-",1.81964612007141
"Tibet",25,5,19.5,"eco2D_Diversity_Shannon","Shannon Diversity Index","-",1.82482588291168
"Tibet",25,5,49.5,"eco2D_Diversity_Shannon","Shannon Diversity Index","-",1.59433627128601
"Tibet",25,5,99.5,"eco2D_Diversity_Shannon","Shannon Diversity Index","-",1.44486391544342
"Tibet",25,5,199.5,"eco2D_Diversity_Shannon","Shannon Diversity Index","-",1.439901471138
"Tibet",25,5,499.5,"eco2D_Diversity_Shannon","Shannon Diversity Index","-",1.38340377807617
"Tibet",25,5,999.5,"eco2D_Diversity_Shannon","Shannon Diversity Index","-",1.23301768302917
"Tibet",25,5,1999.5,"eco2D_Diversity_Shannon","Shannon Diversity Index","-",1.22003829479218
"Tibet",25,5,4999.5,"eco2D_Diversity_Shannon","Shannon Diversity Index","-",1.21839308738708
"Tibet",25,5,9999.5,"eco2D_Diversity_Shannon","Shannon Diversity Index","-",1.21822476387024
"Tibet",25,5,0.5,"eco2D_Diversity_Simpson","Simpson Diversity Index","-",0.843786954879761
"Tibet",25,5,1.5,"eco2D_Diversity_Simpson","Simpson Diversity Index","-",0.830418229103088
"Tibet",25,5,4.5,"eco2D_Diversity_Simpson","Simpson Diversity Index","-",0.827306509017944
"Tibet",25,5,9.5,"eco2D_Diversity_Simpson","Simpson Diversity Index","-",0.829410016536713
"Tibet",25,5,19.5,"eco2D_Diversity_Simpson","Simpson Diversity Index","-",0.83140641450882
"Tibet",25,5,49.5,"eco2D_Diversity_Simpson","Simpson Diversity Index","-",0.775234997272491
"Tibet",25,5,99.5,"eco2D_Diversity_Simpson","Simpson Diversity Index","-",0.743872344493866
"Tibet",25,5,199.5,"eco2D_Diversity_Simpson","Simpson Diversity Index","-",0.740134119987488
"Tibet",25,5,499.5,"eco2D_Diversity_Simpson","Simpson Diversity Index","-",0.718895494937897
"Tibet",25,5,999.5,"eco2D_Diversity_Simpson","Simpson Diversity Index","-",0.683600723743439
"Tibet",25,5,1999.5,"eco2D_Diversity_Simpson","Simpson Diversity Index","-",0.681829035282135
"Tibet",25,5,4999.5,"eco2D_Diversity_Simpson","Simpson Diversity Index","-",0.681218326091766
"Tibet",25,5,9999.5,"eco2D_Diversity_Simpson","Simpson Diversity Index","-",0.681342720985413
"Tibet",25,5,0.5,"eco2D_Diversity_Berger","Berger Diversity Index","-",0.809573531150818
"Tibet",25,5,1.5,"eco2D_Diversity_Berger","Berger Diversity Index","-",0.785649418830872
"Tibet",25,5,4.5,"eco2D_Diversity_Berger","Berger Diversity Index","-",0.79145336151123
"Tibet",25,5,9.5,"eco2D_Diversity_Berger","Berger Diversity Index","-",0.794739723205566
"Tibet",25,5,19.5,"eco2D_Diversity_Berger","Berger Diversity Index","-",0.796009659767151
"Tibet",25,5,49.5,"eco2D_Diversity_Berger","Berger Diversity Index","-",0.684011816978455
"Tibet",25,5,99.5,"eco2D_Diversity_Berger","Berger Diversity Index","-",0.646277487277985
"Tibet",25,5,199.5,"eco2D_Diversity_Berger","Berger Diversity Index","-",0.6392742395401
"Tibet",25,5,499.5,"eco2D_Diversity_Berger","Berger Diversity Index","-",0.617274343967438
"Tibet",25,5,999.5,"eco2D_Diversity_Berger","Berger Diversity Index","-",0.594354808330536
"Tibet",25,5,1999.5,"eco2D_Diversity_Berger","Berger Diversity Index","-",0.593788206577301
"Tibet",25,5,4999.5,"eco2D_Diversity_Berger","Berger Diversity Index","-",0.592985153198242
"Tibet",25,5,9999.5,"eco2D_Diversity_Berger","Berger Diversity Index","-",0.592579662799835
"Tibet",25,5,0.5,"eco2D_Size_Frac_Pico_Chl","Pico chlorophyll biomass","mg Chl m^-3",0.0643335431814194
"Tibet",25,5,1.5,"eco2D_Size_Frac_Pico_Chl","Pico chlorophyll biomass","mg Chl m^-3",0.0602081567049026
"Tibet",25,5,4.5,"eco2D_Size_Frac_Pico_Chl","Pico chlorophyll biomass","mg Chl m^-3",0.0613730698823929
"Tibet",25,5,9.5,"eco2D_Size_Frac_Pico_Chl","Pico chlorophyll biomass","mg Chl m^-3",0.0620893351733685
"Tibet",25,5,19.5,"eco2D_Size_Frac_Pico_Chl","Pico chlorophyll biomass","mg Chl m^-3",0.0631597116589546
"Tibet",25,5,49.5,"eco2D_Size_Frac_Pico_Chl","Pico chlorophyll biomass","mg Chl m^-3",0.0635209083557129
"Tibet",25,5,99.5,"eco2D_Size_Frac_Pico_Chl","Pico chlorophyll biomass","mg Chl m^-3",0.0627679005265236
"Tibet",25,5,199.5,"eco2D_Size_Frac_Pico_Chl","Pico chlorophyll biomass","mg Chl m^-3",0.0627481937408447
"Tibet",25,5,499.5,"eco2D_Size_Frac_Pico_Chl","Pico chlorophyll biomass","mg Chl m^-3",0.0611664652824402
"Tibet",25,5,999.5,"eco2D_Size_Frac_Pico_Chl","Pico chlorophyll biomass","mg Chl m^-3",0.0594904646277428
"Tibet",25,5,1999.5,"eco2D_Size_Frac_Pico_Chl","Pico chlorophyll biomass","mg Chl m^-3",0.0590156801044941
"Tibet",25,5,4999.5,"eco2D_Size_Frac_Pico_Chl","Pico chlorophyll biomass","mg Chl m^-3",0.0589347593486309
"Tibet",25,5,9999.5,"eco2D_Size_Frac_Pico_Chl","Pico chlorophyll biomass","mg Chl m^-3",0.0591882169246674
"Tibet",25,5,0.5,"eco2D_Size_Frac_Nano_Chl","Nano chlorophyll biomass","mg Chl m^-3",0.271283864974976
"Tibet",25,5,1.5,"eco2D_Size_Frac_Nano_Chl","Nano chlorophyll biomass","mg Chl m^-3",0.286220997571945
"Tibet",25,5,4.5,"eco2D_Size_Frac_Nano_Chl","Nano chlorophyll biomass","mg Chl m^-3",0.281091958284378
"Tibet",25,5,9.5,"eco2D_Size_Frac_Nano_Chl","Nano chlorophyll biomass","mg Chl m^-3",0.276887625455856
"Tibet",25,5,19.5,"eco2D_Size_Frac_Nano_Chl","Nano chlorophyll biomass","mg Chl m^-3",0.264991849660873
"Tibet",25,5,49.5,"eco2D_Size_Frac_Nano_Chl","Nano chlorophyll biomass","mg Chl m^-3",0.180484265089035
"Tibet",25,5,99.5,"eco2D_Size_Frac_Nano_Chl","Nano chlorophyll biomass","mg Chl m^-3",0.138562142848969
"Tibet",25,5,199.5,"eco2D_Size_Frac_Nano_Chl","Nano chlorophyll biomass","mg Chl m^-3",0.115566909313202
"Tibet",25,5,499.5,"eco2D_Size_Frac_Nano_Chl","Nano chlorophyll biomass","mg Chl m^-3",0.0961038321256638
"Tibet",25,5,999.5,"eco2D_Size_Frac_Nano_Chl","Nano chlorophyll biomass","mg Chl m^-3",0.0840878486633301
"Tibet",25,5,1999.5,"eco2D_Size_Frac_Nano_Chl","Nano chlorophyll biomass","mg Chl m^-3",0.0809707641601562
"Tibet",25,5,4999.5,"eco2D_Size_Frac_Nano_Chl","Nano chlorophyll biomass","mg Chl m^-3",0.0808227732777596
"Tibet",25,5,9999.5,"eco2D_Size_Frac_Nano_Chl","Nano chlorophyll biomass","mg Chl m^-3",0.0827268064022064
"Tibet",25,5,0.5,"eco2D_Size_Frac_Micro_Chl","Micro chlorophyll biomass","mg Chl m^-3",0.234466671943665
"Tibet",25,5,1.5,"eco2D_Size_Frac_Micro_Chl","Micro chlorophyll biomass","mg Chl m^-3",0.188901796936989
"Tibet",25,5,4.5,"eco2D_Size_Frac_Micro_Chl","Micro chlorophyll biomass","mg Chl m^-3",0.207100629806519
"Tibet",25,5,9.5,"eco2D_Size_Frac_Micro_Chl","Micro chlorophyll biomass","mg Chl m^-3",0.211052611470222
"Tibet",25,5,19.5,"eco2D_Size_Frac_Micro_Chl","Micro chlorophyll biomass","mg Chl m^-3",0.179937556385994
"Tibet",25,5,49.5,"eco2D_Size_Frac_Micro_Chl","Micro chlorophyll biomass","mg Chl m^-3",0.041281882673502
"Tibet",25,5,99.5,"eco2D_Size_Frac_Micro_Chl","Micro chlorophyll biomass","mg Chl m^-3",0.019510094076395
"Tibet",25,5,199.5,"eco2D_Size_Frac_Micro_Chl","Micro chlorophyll biomass","mg Chl m^-3",0.0131892953068018
"Tibet",25,5,499.5,"eco2D_Size_Frac_Micro_Chl","Micro chlorophyll biomass","mg Chl m^-3",0.00538427801802754
"Tibet",25,5,999.5,"eco2D_Size_Frac_Micro_Chl","Micro chlorophyll biomass","mg Chl m^-3",0.000122918558190577
"Tibet",25,5,1999.5,"eco2D_Size_Frac_Micro_Chl","Micro chlorophyll biomass","mg Chl m^-3",3.07164051138731e-11
"Tibet",25,5,4999.5,"eco2D_Size_Frac_Micro_Chl","Micro chlorophyll biomass","mg Chl m^-3",2.89831058458700e-11
"Tibet",25,5,9999.5,"eco2D_Size_Frac_Micro_Chl","Micro chlorophyll biomass","mg Chl m^-3",3.75968978172381e-11
"Meishan",29,24,0.5,"grid_level","grid definition","n/a",1
"Meishan",29,24,1.5,"grid_level","grid definition","n/a",1
"Meishan",29,24,4.5,"grid_level","grid definition","n/a",1
"Meishan",29,24,9.5,"grid_level","grid definition","n/a",1
"Meishan",29,24,19.5,"grid_level","grid definition","n/a",1
"Meishan",29,24,49.5,"grid_level","grid definition","n/a",1
"Meishan",29,24,99.5,"grid_level","grid definition","n/a",1
"Meishan",29,24,199.5,"grid_level","grid definition","n/a",1
"Meishan",29,24,499.5,"grid_level","grid definition","n/a",1
"Meishan",29,24,999.5,"grid_level","grid definition","n/a",1
"Meishan",29,24,1999.5,"grid_level","grid definition","n/a",1
"Meishan",29,24,4999.5,"grid_level","grid definition","n/a",1
"Meishan",29,24,9999.5,"grid_level","grid definition","n/a",1
"Meishan",29,24,0.5,"grid_mask","land-sea mask","n/a",1
"Meishan",29,24,1.5,"grid_mask","land-sea mask","n/a",1
"Meishan",29,24,4.5,"grid_mask","land-sea mask","n/a",1
"Meishan",29,24,9.5,"grid_mask","land-sea mask","n/a",1
"Meishan",29,24,19.5,"grid_mask","land-sea mask","n/a",1
"Meishan",29,24,49.5,"grid_mask","land-sea mask","n/a",1
"Meishan",29,24,99.5,"grid_mask","land-sea mask","n/a",1
"Meishan",29,24,199.5,"grid_mask","land-sea mask","n/a",1
"Meishan",29,24,499.5,"grid_mask","land-sea mask","n/a",1
"Meishan",29,24,999.5,"grid_mask","land-sea mask","n/a",1
"Meishan",29,24,1999.5,"grid_mask","land-sea mask","n/a",1
"Meishan",29,24,4999.5,"grid_mask","land-sea mask","n/a",1
"Meishan",29,24,9999.5,"grid_mask","land-sea mask","n/a",1
"Meishan",29,24,0.5,"grid_topo","ocean depth","m",5000
"Meishan",29,24,1.5,"grid_topo","ocean depth","m",5000
"Meishan",29,24,4.5,"grid_topo","ocean depth","m",5000
"Meishan",29,24,9.5,"grid_topo","ocean depth","m",5000
"Meishan",29,24,19.5,"grid_topo","ocean depth","m",5000
"Meishan",29,24,49.5,"grid_topo","ocean depth","m",5000
"Meishan",29,24,99.5,"grid_topo","ocean depth","m",5000
"Meishan",29,24,199.5,"grid_topo","ocean depth","m",5000
"Meishan",29,24,499.5,"grid_topo","ocean depth","m",5000
"Meishan",29,24,999.5,"grid_topo","ocean depth","m",5000
"Meishan",29,24,1999.5,"grid_topo","ocean depth","m",5000
"Meishan",29,24,4999.5,"grid_topo","ocean depth","m",5000
"Meishan",29,24,9999.5,"grid_topo","ocean depth","m",5000
"Meishan",29,24,0.5,"eco2D_Plankton_C_001","C Biomass - Popn. #001 (0.60 micron phytoplankton)","mmol C m^-3",0.0311759654432535
"Meishan",29,24,1.5,"eco2D_Plankton_C_001","C Biomass - Popn. #001 (0.60 micron phytoplankton)","mmol C m^-3",0.0410897471010685
"Meishan",29,24,4.5,"eco2D_Plankton_C_001","C Biomass - Popn. #001 (0.60 micron phytoplankton)","mmol C m^-3",0.0546533763408661
"Meishan",29,24,9.5,"eco2D_Plankton_C_001","C Biomass - Popn. #001 (0.60 micron phytoplankton)","mmol C m^-3",0.0662190392613411
"Meishan",29,24,19.5,"eco2D_Plankton_C_001","C Biomass - Popn. #001 (0.60 micron phytoplankton)","mmol C m^-3",0.073340155184269
"Meishan",29,24,49.5,"eco2D_Plankton_C_001","C Biomass - Popn. #001 (0.60 micron phytoplankton)","mmol C m^-3",0.078511044383049
"Meishan",29,24,99.5,"eco2D_Plankton_C_001","C Biomass - Popn. #001 (0.60 micron phytoplankton)","mmol C m^-3",0.0800642594695091
"Meishan",29,24,199.5,"eco2D_Plankton_C_001","C Biomass - Popn. #001 (0.60 micron phytoplankton)","mmol C m^-3",0.0835797637701035
"Meishan",29,24,499.5,"eco2D_Plankton_C_001","C Biomass - Popn. #001 (0.60 micron phytoplankton)","mmol C m^-3",0.0864671096205711
"Meishan",29,24,999.5,"eco2D_Plankton_C_001","C Biomass - Popn. #001 (0.60 micron phytoplankton)","mmol C m^-3",0.0886559635400772
"Meishan",29,24,1999.5,"eco2D_Plankton_C_001","C Biomass - Popn. #001 (0.60 micron phytoplankton)","mmol C m^-3",0.0889766365289688
"Meishan",29,24,4999.5,"eco2D_Plankton_C_001","C Biomass - Popn. #001 (0.60 micron phytoplankton)","mmol C m^-3",0.0884122997522354
"Meishan",29,24,9999.5,"eco2D_Plankton_C_001","C Biomass - Popn. #001 (0.60 micron phytoplankton)","mmol C m^-3",0.0883640646934509
"Meishan",29,24,0.5,"eco2D_Plankton_C_002","C Biomass - Popn. #002 (1.90 micron phytoplankton)","mmol C m^-3",0.222612828016281
"Meishan",29,24,1.5,"eco2D_Plankton_C_002","C Biomass - Popn. #002 (1.90 micron phytoplankton)","mmol C m^-3",0.213511660695076
"Meishan",29,24,4.5,"eco2D_Plankton_C_002","C Biomass - Popn. #002 (1.90 micron phytoplankton)","mmol C m^-3",0.197762191295624
"Meishan",29,24,9.5,"eco2D_Plankton_C_002","C Biomass - Popn. #002 (1.90 micron phytoplankton)","mmol C m^-3",0.179625555872917
"Meishan",29,24,19.5,"eco2D_Plankton_C_002","C Biomass - Popn. #002 (1.90 micron phytoplankton)","mmol C m^-3",0.163875624537468
"Meishan",29,24,49.5,"eco2D_Plankton_C_002","C Biomass - Popn. #002 (1.90 micron phytoplankton)","mmol C m^-3",0.154217198491096
"Meishan",29,24,99.5,"eco2D_Plankton_C_002","C Biomass - Popn. #002 (1.90 micron phytoplankton)","mmol C m^-3",0.147538527846336
"Meishan",29,24,199.5,"eco2D_Plankton_C_002","C Biomass - Popn. #002 (1.90 micron phytoplankton)","mmol C m^-3",0.146203234791756
"Meishan",29,24,499.5,"eco2D_Plankton_C_002","C Biomass - Popn. #002 (1.90 micron phytoplankton)","mmol C m^-3",0.148536175489426
"Meishan",29,24,999.5,"eco2D_Plankton_C_002","C Biomass - Popn. #002 (1.90 micron phytoplankton)","mmol C m^-3",0.152694270014763
"Meishan",29,24,1999.5,"eco2D_Plankton_C_002","C Biomass - Popn. #002 (1.90 micron phytoplankton)","mmol C m^-3",0.153654292225838
"Meishan",29,24,4999.5,"eco2D_Plankton_C_002","C Biomass - Popn. #002 (1.90 micron phytoplankton)","mmol C m^-3",0.155073240399361
"Meishan",29,24,9999.5,"eco2D_Plankton_C_002","C Biomass - Popn. #002 (1.90 micron phytoplankton)","mmol C m^-3",0.155166313052177
"Meishan",29,24,0.5,"eco2D_Plankton_C_003","C Biomass - Popn. #003 (6.00 micron phytoplankton)","mmol C m^-3",0.65692412853241
"Meishan",29,24,1.5,"eco2D_Plankton_C_003","C Biomass - Popn. #003 (6.00 micron phytoplankton)","mmol C m^-3",0.359515756368637
"Meishan",29,24,4.5,"eco2D_Plankton_C_003","C Biomass - Popn. #003 (6.00 micron phytoplankton)","mmol C m^-3",0.206186339259148
"Meishan",29,24,9.5,"eco2D_Plankton_C_003","C Biomass - Popn. #003 (6.00 micron phytoplankton)","mmol C m^-3",0.149653390049934
"Meishan",29,24,19.5,"eco2D_Plankton_C_003","C Biomass - Popn. #003 (6.00 micron phytoplankton)","mmol C m^-3",0.120500810444355
"Meishan",29,24,49.5,"eco2D_Plankton_C_003","C Biomass - Popn. #003 (6.00 micron phytoplankton)","mmol C m^-3",0.10334750264883
"Meishan",29,24,99.5,"eco2D_Plankton_C_003","C Biomass - Popn. #003 (6.00 micron phytoplankton)","mmol C m^-3",0.0975630208849907
"Meishan",29,24,199.5,"eco2D_Plankton_C_003","C Biomass - Popn. #003 (6.00 micron phytoplankton)","mmol C m^-3",0.09129299223423
"Meishan",29,24,499.5,"eco2D_Plankton_C_003","C Biomass - Popn. #003 (6.00 micron phytoplankton)","mmol C m^-3",0.0882776752114296
"Meishan",29,24,999.5,"eco2D_Plankton_C_003","C Biomass - Popn. #003 (6.00 micron phytoplankton)","mmol C m^-3",0.0871047228574753
"Meishan",29,24,1999.5,"eco2D_Plankton_C_003","C Biomass - Popn. #003 (6.00 micron phytoplankton)","mmol C m^-3",0.0868071615695953
"Meishan",29,24,4999.5,"eco2D_Plankton_C_003","C Biomass - Popn. #003 (6.00 micron phytoplankton)","mmol C m^-3",0.0883191004395485
"Meishan",29,24,9999.5,"eco2D_Plankton_C_003","C Biomass - Popn. #003 (6.00 micron phytoplankton)","mmol C m^-3",0.0884175300598145
"Meishan",29,24,0.5,"eco2D_Plankton_C_004","C Biomass - Popn. #004 (19.00 micron phytoplankton)","mmol C m^-3",0.515551686286926
"Meishan",29,24,1.5,"eco2D_Plankton_C_004","C Biomass - Popn. #004 (19.00 micron phytoplankton)","mmol C m^-3",0.246624052524567
"Meishan",29,24,4.5,"eco2D_Plankton_C_004","C Biomass - Popn. #004 (19.00 micron phytoplankton)","mmol C m^-3",0.126124337315559
"Meishan",29,24,9.5,"eco2D_Plankton_C_004","C Biomass - Popn. #004 (19.00 micron phytoplankton)","mmol C m^-3",0.0750633478164673
"Meishan",29,24,19.5,"eco2D_Plankton_C_004","C Biomass - Popn. #004 (19.00 micron phytoplankton)","mmol C m^-3",0.0544352829456329
"Meishan",29,24,49.5,"eco2D_Plankton_C_004","C Biomass - Popn. #004 (19.00 micron phytoplankton)","mmol C m^-3",0.0419472865760326
"Meishan",29,24,99.5,"eco2D_Plankton_C_004","C Biomass - Popn. #004 (19.00 micron phytoplankton)","mmol C m^-3",0.0380847007036209
"Meishan",29,24,199.5,"eco2D_Plankton_C_004","C Biomass - Popn. #004 (19.00 micron phytoplankton)","mmol C m^-3",0.0305704176425934
"Meishan",29,24,499.5,"eco2D_Plankton_C_004","C Biomass - Popn. #004 (19.00 micron phytoplankton)","mmol C m^-3",0.0247627906501293
"Meishan",29,24,999.5,"eco2D_Plankton_C_004","C Biomass - Popn. #004 (19.00 micron phytoplankton)","mmol C m^-3",0.0199115052819252
"Meishan",29,24,1999.5,"eco2D_Plankton_C_004","C Biomass - Popn. #004 (19.00 micron phytoplankton)","mmol C m^-3",0.0187254548072815
"Meishan",29,24,4999.5,"eco2D_Plankton_C_004","C Biomass - Popn. #004 (19.00 micron phytoplankton)","mmol C m^-3",0.0200726818293333
"Meishan",29,24,9999.5,"eco2D_Plankton_C_004","C Biomass - Popn. #004 (19.00 micron phytoplankton)","mmol C m^-3",0.020191814750433
"Meishan",29,24,0.5,"eco2D_Plankton_C_005","C Biomass - Popn. #005 (60.00 micron phytoplankton)","mmol C m^-3",0.350738644599915
"Meishan",29,24,1.5,"eco2D_Plankton_C_005","C Biomass - Popn. #005 (60.00 micron phytoplankton)","mmol C m^-3",0.130151227116585
"Meishan",29,24,4.5,"eco2D_Plankton_C_005","C Biomass - Popn. #005 (60.00 micron phytoplankton)","mmol C m^-3",0.0446333512663841
"Meishan",29,24,9.5,"eco2D_Plankton_C_005","C Biomass - Popn. #005 (60.00 micron phytoplankton)","mmol C m^-3",0.00828721839934587
"Meishan",29,24,19.5,"eco2D_Plankton_C_005","C Biomass - Popn. #005 (60.00 micron phytoplankton)","mmol C m^-3",7.90290610730437e-10
"Meishan",29,24,49.5,"eco2D_Plankton_C_005","C Biomass - Popn. #005 (60.00 micron phytoplankton)","mmol C m^-3",1.26009369605384e-10
"Meishan",29,24,99.5,"eco2D_Plankton_C_005","C Biomass - Popn. #005 (60.00 micron phytoplankton)","mmol C m^-3",1.12775379312868e-10
"Meishan",29,24,199.5,"eco2D_Plankton_C_005","C Biomass - Popn. #005 (60.00 micron phytoplankton)","mmol C m^-3",8.3175938359048e-11
"Meishan",29,24,499.5,"eco2D_Plankton_C_005","C Biomass - Popn. #005 (60.00 micron phytoplankton)","mmol C m^-3",6.66124932990897e-11
"Meishan",29,24,999.5,"eco2D_Plankton_C_005","C Biomass - Popn. #005 (60.00 micron phytoplankton)","mmol C m^-3",5.61336810367408e-11
"Meishan",29,24,1999.5,"eco2D_Plankton_C_005","C Biomass - Popn. #005 (60.00 micron phytoplankton)","mmol C m^-3",5.40241740232261e-11
"Meishan",29,24,4999.5,"eco2D_Plankton_C_005","C Biomass - Popn. #005 (60.00 micron phytoplankton)","mmol C m^-3",5.59654197984649e-11
"Meishan",29,24,9999.5,"eco2D_Plankton_C_005","C Biomass - Popn. #005 (60.00 micron phytoplankton)","mmol C m^-3",5.61483637362414e-11
"Meishan",29,24,0.5,"eco2D_Plankton_C_006","C Biomass - Popn. #006 (190.00 micron phytoplankton)","mmol C m^-3",0.271315425634384
"Meishan",29,24,1.5,"eco2D_Plankton_C_006","C Biomass - Popn. #006 (190.00 micron phytoplankton)","mmol C m^-3",0.0221740361303091
"Meishan",29,24,4.5,"eco2D_Plankton_C_006","C Biomass - Popn. #006 (190.00 micron phytoplankton)","mmol C m^-3",6.19140678281838e-07
"Meishan",29,24,9.5,"eco2D_Plankton_C_006","C Biomass - Popn. #006 (190.00 micron phytoplankton)","mmol C m^-3",4.32213882739507e-11
"Meishan",29,24,19.5,"eco2D_Plankton_C_006","C Biomass - Popn. #006 (190.00 micron phytoplankton)","mmol C m^-3",3.08423529771229e-11
"Meishan",29,24,49.5,"eco2D_Plankton_C_006","C Biomass - Popn. #006 (190.00 micron phytoplankton)","mmol C m^-3",2.45488664118998e-11
"Meishan",29,24,99.5,"eco2D_Plankton_C_006","C Biomass - Popn. #006 (190.00 micron phytoplankton)","mmol C m^-3",2.30996298478114e-11
"Meishan",29,24,199.5,"eco2D_Plankton_C_006","C Biomass - Popn. #006 (190.00 micron phytoplankton)","mmol C m^-3",1.89304093234366e-11
"Meishan",29,24,499.5,"eco2D_Plankton_C_006","C Biomass - Popn. #006 (190.00 micron phytoplankton)","mmol C m^-3",1.60640650087585e-11
"Meishan",29,24,999.5,"eco2D_Plankton_C_006","C Biomass - Popn. #006 (190.00 micron phytoplankton)","mmol C m^-3",1.40275447507721e-11
"Meishan",29,24,1999.5,"eco2D_Plankton_C_006","C Biomass - Popn. #006 (190.00 micron phytoplankton)","mmol C m^-3",1.35948448679035e-11
"Meishan",29,24,4999.5,"eco2D_Plankton_C_006","C Biomass - Popn. #006 (190.00 micron phytoplankton)","mmol C m^-3",1.39908917784481e-11
"Meishan",29,24,9999.5,"eco2D_Plankton_C_006","C Biomass - Popn. #006 (190.00 micron phytoplankton)","mmol C m^-3",1.40284025715309e-11
"Meishan",29,24,0.5,"eco2D_Plankton_C_007","C Biomass - Popn. #007 (600.00 micron phytoplankton)","mmol C m^-3",0.235815152525902
"Meishan",29,24,1.5,"eco2D_Plankton_C_007","C Biomass - Popn. #007 (600.00 micron phytoplankton)","mmol C m^-3",0.000184516655281186
"Meishan",29,24,4.5,"eco2D_Plankton_C_007","C Biomass - Popn. #007 (600.00 micron phytoplankton)","mmol C m^-3",2.1785974066435e-11
"Meishan",29,24,9.5,"eco2D_Plankton_C_007","C Biomass - Popn. #007 (600.00 micron phytoplankton)","mmol C m^-3",1.17060796819835e-11
"Meishan",29,24,19.5,"eco2D_Plankton_C_007","C Biomass - Popn. #007 (600.00 micron phytoplankton)","mmol C m^-3",8.42770731673825e-12
"Meishan",29,24,49.5,"eco2D_Plankton_C_007","C Biomass - Popn. #007 (600.00 micron phytoplankton)","mmol C m^-3",6.77820473360402e-12
"Meishan",29,24,99.5,"eco2D_Plankton_C_007","C Biomass - Popn. #007 (600.00 micron phytoplankton)","mmol C m^-3",6.48212039600082e-12
"Meishan",29,24,199.5,"eco2D_Plankton_C_007","C Biomass - Popn. #007 (600.00 micron phytoplankton)","mmol C m^-3",5.36530021799653e-12
"Meishan",29,24,499.5,"eco2D_Plankton_C_007","C Biomass - Popn. #007 (600.00 micron phytoplankton)","mmol C m^-3",4.59233215691079e-12
"Meishan",29,24,999.5,"eco2D_Plankton_C_007","C Biomass - Popn. #007 (600.00 micron phytoplankton)","mmol C m^-3",4.03310761523668e-12
"Meishan",29,24,1999.5,"eco2D_Plankton_C_007","C Biomass - Popn. #007 (600.00 micron phytoplankton)","mmol C m^-3",3.91329286683617e-12
"Meishan",29,24,4999.5,"eco2D_Plankton_C_007","C Biomass - Popn. #007 (600.00 micron phytoplankton)","mmol C m^-3",4.02263118648438e-12
"Meishan",29,24,9999.5,"eco2D_Plankton_C_007","C Biomass - Popn. #007 (600.00 micron phytoplankton)","mmol C m^-3",4.03326851083907e-12
"Meishan",29,24,0.5,"eco2D_Plankton_C_008","C Biomass - Popn. #008 (1900.00 micron phytoplankton)","mmol C m^-3",0.0917209386825562
"Meishan",29,24,1.5,"eco2D_Plankton_C_008","C Biomass - Popn. #008 (1900.00 micron phytoplankton)","mmol C m^-3",3.38681115863437e-06
"Meishan",29,24,4.5,"eco2D_Plankton_C_008","C Biomass - Popn. #008 (1900.00 micron phytoplankton)","mmol C m^-3",6.95531392896909e-12
"Meishan",29,24,9.5,"eco2D_Plankton_C_008","C Biomass - Popn. #008 (1900.00 micron phytoplankton)","mmol C m^-3",3.7470768675385e-12
"Meishan",29,24,19.5,"eco2D_Plankton_C_008","C Biomass - Popn. #008 (1900.00 micron phytoplankton)","mmol C m^-3",2.49994404517839e-12
"Meishan",29,24,49.5,"eco2D_Plankton_C_008","C Biomass - Popn. #008 (1900.00 micron phytoplankton)","mmol C m^-3",1.95751075938999e-12
"Meishan",29,24,99.5,"eco2D_Plankton_C_008","C Biomass - Popn. #008 (1900.00 micron phytoplankton)","mmol C m^-3",1.91652531518482e-12
"Meishan",29,24,199.5,"eco2D_Plankton_C_008","C Biomass - Popn. #008 (1900.00 micron phytoplankton)","mmol C m^-3",1.57788929491809e-12
"Meishan",29,24,499.5,"eco2D_Plankton_C_008","C Biomass - Popn. #008 (1900.00 micron phytoplankton)","mmol C m^-3",1.35452846855566e-12
"Meishan",29,24,999.5,"eco2D_Plankton_C_008","C Biomass - Popn. #008 (1900.00 micron phytoplankton)","mmol C m^-3",1.19054473311092e-12
"Meishan",29,24,1999.5,"eco2D_Plankton_C_008","C Biomass - Popn. #008 (1900.00 micron phytoplankton)","mmol C m^-3",1.15494452109649e-12
"Meishan",29,24,4999.5,"eco2D_Plankton_C_008","C Biomass - Popn. #008 (1900.00 micron phytoplankton)","mmol C m^-3",1.18708840500525e-12
"Meishan",29,24,9999.5,"eco2D_Plankton_C_008","C Biomass - Popn. #008 (1900.00 micron phytoplankton)","mmol C m^-3",1.19017567069141e-12
"Meishan",29,24,0.5,"eco2D_Plankton_C_009","C Biomass - Popn. #009 (0.60 micron zooplankton)","mmol C m^-3",0.00798373855650425
"Meishan",29,24,1.5,"eco2D_Plankton_C_009","C Biomass - Popn. #009 (0.60 micron zooplankton)","mmol C m^-3",0.00581547850742936
"Meishan",29,24,4.5,"eco2D_Plankton_C_009","C Biomass - Popn. #009 (0.60 micron zooplankton)","mmol C m^-3",0.00520486710593104
"Meishan",29,24,9.5,"eco2D_Plankton_C_009","C Biomass - Popn. #009 (0.60 micron zooplankton)","mmol C m^-3",0.00434898072853684
"Meishan",29,24,19.5,"eco2D_Plankton_C_009","C Biomass - Popn. #009 (0.60 micron zooplankton)","mmol C m^-3",0.00415969034656882
"Meishan",29,24,49.5,"eco2D_Plankton_C_009","C Biomass - Popn. #009 (0.60 micron zooplankton)","mmol C m^-3",0.00388679839670658
"Meishan",29,24,99.5,"eco2D_Plankton_C_009","C Biomass - Popn. #009 (0.60 micron zooplankton)","mmol C m^-3",0.00395446177572012
"Meishan",29,24,199.5,"eco2D_Plankton_C_009","C Biomass - Popn. #009 (0.60 micron zooplankton)","mmol C m^-3",0.00282867415808141
"Meishan",29,24,499.5,"eco2D_Plankton_C_009","C Biomass - Popn. #009 (0.60 micron zooplankton)","mmol C m^-3",0.00135848589707166
"Meishan",29,24,999.5,"eco2D_Plankton_C_009","C Biomass - Popn. #009 (0.60 micron zooplankton)","mmol C m^-3",4.38505731725769e-10
"Meishan",29,24,1999.5,"eco2D_Plankton_C_009","C Biomass - Popn. #009 (0.60 micron zooplankton)","mmol C m^-3",3.54515028444524e-10
"Meishan",29,24,4999.5,"eco2D_Plankton_C_009","C Biomass - Popn. #009 (0.60 micron zooplankton)","mmol C m^-3",3.81767728541149e-10
"Meishan",29,24,9999.5,"eco2D_Plankton_C_009","C Biomass - Popn. #009 (0.60 micron zooplankton)","mmol C m^-3",3.85084186760309e-10
"Meishan",29,24,0.5,"eco2D_Plankton_C_010","C Biomass - Popn. #010 (1.90 micron zooplankton)","mmol C m^-3",0.0812214538455009
"Meishan",29,24,1.5,"eco2D_Plankton_C_010","C Biomass - Popn. #010 (1.90 micron zooplankton)","mmol C m^-3",0.0631936341524124
"Meishan",29,24,4.5,"eco2D_Plankton_C_010","C Biomass - Popn. #010 (1.90 micron zooplankton)","mmol C m^-3",0.0527744591236115
"Meishan",29,24,9.5,"eco2D_Plankton_C_010","C Biomass - Popn. #010 (1.90 micron zooplankton)","mmol C m^-3",0.0470504760742188
"Meishan",29,24,19.5,"eco2D_Plankton_C_010","C Biomass - Popn. #010 (1.90 micron zooplankton)","mmol C m^-3",0.0438482910394669
"Meishan",29,24,49.5,"eco2D_Plankton_C_010","C Biomass - Popn. #010 (1.90 micron zooplankton)","mmol C m^-3",0.0419668480753899
"Meishan",29,24,99.5,"eco2D_Plankton_C_010","C Biomass - Popn. #010 (1.90 micron zooplankton)","mmol C m^-3",0.0410690493881702
"Meishan",29,24,199.5,"eco2D_Plankton_C_010","C Biomass - Popn. #010 (1.90 micron zooplankton)","mmol C m^-3",0.0394232384860516
"Meishan",29,24,499.5,"eco2D_Plankton_C_010","C Biomass - Popn. #010 (1.90 micron zooplankton)","mmol C m^-3",0.0378582552075386
"Meishan",29,24,999.5,"eco2D_Plankton_C_010","C Biomass - Popn. #010 (1.90 micron zooplankton)","mmol C m^-3",0.0361787639558315
"Meishan",29,24,1999.5,"eco2D_Plankton_C_010","C Biomass - Popn. #010 (1.90 micron zooplankton)","mmol C m^-3",0.0356538407504559
"Meishan",29,24,4999.5,"eco2D_Plankton_C_010","C Biomass - Popn. #010 (1.90 micron zooplankton)","mmol C m^-3",0.0361320562660694
"Meishan",29,24,9999.5,"eco2D_Plankton_C_010","C Biomass - Popn. #010 (1.90 micron zooplankton)","mmol C m^-3",0.036174587905407
"Meishan",29,24,0.5,"eco2D_Plankton_C_011","C Biomass - Popn. #011 (6.00 micron zooplankton)","mmol C m^-3",0.241453468799591
"Meishan",29,24,1.5,"eco2D_Plankton_C_011","C Biomass - Popn. #011 (6.00 micron zooplankton)","mmol C m^-3",0.160490602254868
"Meishan",29,24,4.5,"eco2D_Plankton_C_011","C Biomass - Popn. #011 (6.00 micron zooplankton)","mmol C m^-3",0.121576420962811
"Meishan",29,24,9.5,"eco2D_Plankton_C_011","C Biomass - Popn. #011 (6.00 micron zooplankton)","mmol C m^-3",0.103855215013027
"Meishan",29,24,19.5,"eco2D_Plankton_C_011","C Biomass - Popn. #011 (6.00 micron zooplankton)","mmol C m^-3",0.0925617069005966
"Meishan",29,24,49.5,"eco2D_Plankton_C_011","C Biomass - Popn. #011 (6.00 micron zooplankton)","mmol C m^-3",0.0860425904393196
"Meishan",29,24,99.5,"eco2D_Plankton_C_011","C Biomass - Popn. #011 (6.00 micron zooplankton)","mmol C m^-3",0.0836565345525742
"Meishan",29,24,199.5,"eco2D_Plankton_C_011","C Biomass - Popn. #011 (6.00 micron zooplankton)","mmol C m^-3",0.0811451226472855
"Meishan",29,24,499.5,"eco2D_Plankton_C_011","C Biomass - Popn. #011 (6.00 micron zooplankton)","mmol C m^-3",0.0795183032751083
"Meishan",29,24,999.5,"eco2D_Plankton_C_011","C Biomass - Popn. #011 (6.00 micron zooplankton)","mmol C m^-3",0.0781477838754654
"Meishan",29,24,1999.5,"eco2D_Plankton_C_011","C Biomass - Popn. #011 (6.00 micron zooplankton)","mmol C m^-3",0.0776596888899803
"Meishan",29,24,4999.5,"eco2D_Plankton_C_011","C Biomass - Popn. #011 (6.00 micron zooplankton)","mmol C m^-3",0.0784731432795525
"Meishan",29,24,9999.5,"eco2D_Plankton_C_011","C Biomass - Popn. #011 (6.00 micron zooplankton)","mmol C m^-3",0.0785401239991188
"Meishan",29,24,0.5,"eco2D_Plankton_C_012","C Biomass - Popn. #012 (19.00 micron zooplankton)","mmol C m^-3",0.426530450582504
"Meishan",29,24,1.5,"eco2D_Plankton_C_012","C Biomass - Popn. #012 (19.00 micron zooplankton)","mmol C m^-3",0.270962744951248
"Meishan",29,24,4.5,"eco2D_Plankton_C_012","C Biomass - Popn. #012 (19.00 micron zooplankton)","mmol C m^-3",0.186876907944679
"Meishan",29,24,9.5,"eco2D_Plankton_C_012","C Biomass - Popn. #012 (19.00 micron zooplankton)","mmol C m^-3",0.154480427503586
"Meishan",29,24,19.5,"eco2D_Plankton_C_012","C Biomass - Popn. #012 (19.00 micron zooplankton)","mmol C m^-3",0.135909825563431
"Meishan",29,24,49.5,"eco2D_Plankton_C_012","C Biomass - Popn. #012 (19.00 micron zooplankton)","mmol C m^-3",0.124433867633343
"Meishan",29,24,99.5,"eco2D_Plankton_C_012","C Biomass - Popn. #012 (19.00 micron zooplankton)","mmol C m^-3",0.120544627308846
"Meishan",29,24,199.5,"eco2D_Plankton_C_012","C Biomass - Popn. #012 (19.00 micron zooplankton)","mmol C m^-3",0.117264717817307
"Meishan",29,24,499.5,"eco2D_Plankton_C_012","C Biomass - Popn. #012 (19.00 micron zooplankton)","mmol C m^-3",0.116635635495186
"Meishan",29,24,999.5,"eco2D_Plankton_C_012","C Biomass - Popn. #012 (19.00 micron zooplankton)","mmol C m^-3",0.117884285748005
"Meishan",29,24,1999.5,"eco2D_Plankton_C_012","C Biomass - Popn. #012 (19.00 micron zooplankton)","mmol C m^-3",0.118333704769611
"Meishan",29,24,4999.5,"eco2D_Plankton_C_012","C Biomass - Popn. #012 (19.00 micron zooplankton)","mmol C m^-3",0.118770226836205
"Meishan",29,24,9999.5,"eco2D_Plankton_C_012","C Biomass - Popn. #012 (19.00 micron zooplankton)","mmol C m^-3",0.118798404932022
"Meishan",29,24,0.5,"eco2D_Plankton_C_013","C Biomass - Popn. #013 (60.00 micron zooplankton)","mmol C m^-3",0.562611162662506
"Meishan",29,24,1.5,"eco2D_Plankton_C_013","C Biomass - Popn. #013 (60.00 micron zooplankton)","mmol C m^-3",0.353317260742188
"Meishan",29,24,4.5,"eco2D_Plankton_C_013","C Biomass - Popn. #013 (60.00 micron zooplankton)","mmol C m^-3",0.233793765306473
"Meishan",29,24,9.5,"eco2D_Plankton_C_013","C Biomass - Popn. #013 (60.00 micron zooplankton)","mmol C m^-3",0.192617550492287
"Meishan",29,24,19.5,"eco2D_Plankton_C_013","C Biomass - Popn. #013 (60.00 micron zooplankton)","mmol C m^-3",0.178554147481918
"Meishan",29,24,49.5,"eco2D_Plankton_C_013","C Biomass - Popn. #013 (60.00 micron zooplankton)","mmol C m^-3",0.167839154601097
"Meishan",29,24,99.5,"eco2D_Plankton_C_013","C Biomass - Popn. #013 (60.00 micron zooplankton)","mmol C m^-3",0.161259457468987
"Meishan",29,24,199.5,"eco2D_Plankton_C_013","C Biomass - Popn. #013 (60.00 micron zooplankton)","mmol C m^-3",0.153804823756218
"Meishan",29,24,499.5,"eco2D_Plankton_C_013","C Biomass - Popn. #013 (60.00 micron zooplankton)","mmol C m^-3",0.151764199137688
"Meishan",29,24,999.5,"eco2D_Plankton_C_013","C Biomass - Popn. #013 (60.00 micron zooplankton)","mmol C m^-3",0.154831141233444
"Meishan",29,24,1999.5,"eco2D_Plankton_C_013","C Biomass - Popn. #013 (60.00 micron zooplankton)","mmol C m^-3",0.156472787261009
"Meishan",29,24,4999.5,"eco2D_Plankton_C_013","C Biomass - Popn. #013 (60.00 micron zooplankton)","mmol C m^-3",0.156276986002922
"Meishan",29,24,9999.5,"eco2D_Plankton_C_013","C Biomass - Popn. #013 (60.00 micron zooplankton)","mmol C m^-3",0.156251400709152
"Meishan",29,24,0.5,"eco2D_Plankton_C_014","C Biomass - Popn. #014 (190.00 micron zooplankton)","mmol C m^-3",0.657931387424469
"Meishan",29,24,1.5,"eco2D_Plankton_C_014","C Biomass - Popn. #014 (190.00 micron zooplankton)","mmol C m^-3",0.399781554937363
"Meishan",29,24,4.5,"eco2D_Plankton_C_014","C Biomass - Popn. #014 (190.00 micron zooplankton)","mmol C m^-3",0.284462720155716
"Meishan",29,24,9.5,"eco2D_Plankton_C_014","C Biomass - Popn. #014 (190.00 micron zooplankton)","mmol C m^-3",0.228607356548309
"Meishan",29,24,19.5,"eco2D_Plankton_C_014","C Biomass - Popn. #014 (190.00 micron zooplankton)","mmol C m^-3",0.228127658367157
"Meishan",29,24,49.5,"eco2D_Plankton_C_014","C Biomass - Popn. #014 (190.00 micron zooplankton)","mmol C m^-3",0.225129514932632
"Meishan",29,24,99.5,"eco2D_Plankton_C_014","C Biomass - Popn. #014 (190.00 micron zooplankton)","mmol C m^-3",0.208869084715843
"Meishan",29,24,199.5,"eco2D_Plankton_C_014","C Biomass - Popn. #014 (190.00 micron zooplankton)","mmol C m^-3",0.172774687409401
"Meishan",29,24,499.5,"eco2D_Plankton_C_014","C Biomass - Popn. #014 (190.00 micron zooplankton)","mmol C m^-3",0.1412183791399
"Meishan",29,24,999.5,"eco2D_Plankton_C_014","C Biomass - Popn. #014 (190.00 micron zooplankton)","mmol C m^-3",0.110303670167923
"Meishan",29,24,1999.5,"eco2D_Plankton_C_014","C Biomass - Popn. #014 (190.00 micron zooplankton)","mmol C m^-3",0.101367175579071
"Meishan",29,24,4999.5,"eco2D_Plankton_C_014","C Biomass - Popn. #014 (190.00 micron zooplankton)","mmol C m^-3",0.109530702233315
"Meishan",29,24,9999.5,"eco2D_Plankton_C_014","C Biomass - Popn. #014 (190.00 micron zooplankton)","mmol C m^-3",0.110271327197552
"Meishan",29,24,0.5,"eco2D_Plankton_C_015","C Biomass - Popn. #015 (600.00 micron zooplankton)","mmol C m^-3",0.777818441390991
"Meishan",29,24,1.5,"eco2D_Plankton_C_015","C Biomass - Popn. #015 (600.00 micron zooplankton)","mmol C m^-3",0.451143383979797
"Meishan",29,24,4.5,"eco2D_Plankton_C_015","C Biomass - Popn. #015 (600.00 micron zooplankton)","mmol C m^-3",0.34761255979538
"Meishan",29,24,9.5,"eco2D_Plankton_C_015","C Biomass - Popn. #015 (600.00 micron zooplankton)","mmol C m^-3",0.175206422805786
"Meishan",29,24,19.5,"eco2D_Plankton_C_015","C Biomass - Popn. #015 (600.00 micron zooplankton)","mmol C m^-3",0.0637161284685135
"Meishan",29,24,49.5,"eco2D_Plankton_C_015","C Biomass - Popn. #015 (600.00 micron zooplankton)","mmol C m^-3",2.61098143106153e-10
"Meishan",29,24,99.5,"eco2D_Plankton_C_015","C Biomass - Popn. #015 (600.00 micron zooplankton)","mmol C m^-3",2.14119361130471e-10
"Meishan",29,24,199.5,"eco2D_Plankton_C_015","C Biomass - Popn. #015 (600.00 micron zooplankton)","mmol C m^-3",1.3617794392129e-10
"Meishan",29,24,499.5,"eco2D_Plankton_C_015","C Biomass - Popn. #015 (600.00 micron zooplankton)","mmol C m^-3",1.00571960481854e-10
"Meishan",29,24,999.5,"eco2D_Plankton_C_015","C Biomass - Popn. #015 (600.00 micron zooplankton)","mmol C m^-3",7.91118143217417e-11
"Meishan",29,24,1999.5,"eco2D_Plankton_C_015","C Biomass - Popn. #015 (600.00 micron zooplankton)","mmol C m^-3",7.46362832648728e-11
"Meishan",29,24,4999.5,"eco2D_Plankton_C_015","C Biomass - Popn. #015 (600.00 micron zooplankton)","mmol C m^-3",7.83232020906688e-11
"Meishan",29,24,9999.5,"eco2D_Plankton_C_015","C Biomass - Popn. #015 (600.00 micron zooplankton)","mmol C m^-3",7.86808326824762e-11
"Meishan",29,24,0.5,"eco2D_Plankton_C_016","C Biomass - Popn. #016 (1900.00 micron zooplankton)","mmol C m^-3",0.853145897388458
"Meishan",29,24,1.5,"eco2D_Plankton_C_016","C Biomass - Popn. #016 (1900.00 micron zooplankton)","mmol C m^-3",0.424693584442139
"Meishan",29,24,4.5,"eco2D_Plankton_C_016","C Biomass - Popn. #016 (1900.00 micron zooplankton)","mmol C m^-3",0.0265041701495647
"Meishan",29,24,9.5,"eco2D_Plankton_C_016","C Biomass - Popn. #016 (1900.00 micron zooplankton)","mmol C m^-3",8.75202826877697e-11
"Meishan",29,24,19.5,"eco2D_Plankton_C_016","C Biomass - Popn. #016 (1900.00 micron zooplankton)","mmol C m^-3",5.70842366431901e-11
"Meishan",29,24,49.5,"eco2D_Plankton_C_016","C Biomass - Popn. #016 (1900.00 micron zooplankton)","mmol C m^-3",4.28703635091399e-11
"Meishan",29,24,99.5,"eco2D_Plankton_C_016","C Biomass - Popn. #016 (1900.00 micron zooplankton)","mmol C m^-3",3.97904070803534e-11
"Meishan",29,24,199.5,"eco2D_Plankton_C_016","C Biomass - Popn. #016 (1900.00 micron zooplankton)","mmol C m^-3",3.1012838130895e-11
"Meishan",29,24,499.5,"eco2D_Plankton_C_016","C Biomass - Popn. #016 (1900.00 micron zooplankton)","mmol C m^-3",2.46057618724649e-11
"Meishan",29,24,999.5,"eco2D_Plankton_C_016","C Biomass - Popn. #016 (1900.00 micron zooplankton)","mmol C m^-3",1.97282103847618e-11
"Meishan",29,24,1999.5,"eco2D_Plankton_C_016","C Biomass - Popn. #016 (1900.00 micron zooplankton)","mmol C m^-3",1.85875325547924e-11
"Meishan",29,24,4999.5,"eco2D_Plankton_C_016","C Biomass - Popn. #016 (1900.00 micron zooplankton)","mmol C m^-3",1.95384160239787e-11
"Meishan",29,24,9999.5,"eco2D_Plankton_C_016","C Biomass - Popn. #016 (1900.00 micron zooplankton)","mmol C m^-3",1.96296694177089e-11
"Meishan",29,24,0.5,"eco2D_Plankton_C_Total","C Biomass - Total","mmol C m^-3",5.98455095291138
"Meishan",29,24,1.5,"eco2D_Plankton_C_Total","C Biomass - Total","mmol C m^-3",3.14265251159668
"Meishan",29,24,4.5,"eco2D_Plankton_C_Total","C Biomass - Total","mmol C m^-3",1.88816606998444
"Meishan",29,24,9.5,"eco2D_Plankton_C_Total","C Biomass - Total","mmol C m^-3",1.38501501083374
"Meishan",29,24,19.5,"eco2D_Plankton_C_Total","C Biomass - Total","mmol C m^-3",1.15902924537659
"Meishan",29,24,49.5,"eco2D_Plankton_C_Total","C Biomass - Total","mmol C m^-3",1.02732181549072
"Meishan",29,24,99.5,"eco2D_Plankton_C_Total","C Biomass - Total","mmol C m^-3",0.98260372877121
"Meishan",29,24,199.5,"eco2D_Plankton_C_Total","C Biomass - Total","mmol C m^-3",0.918887674808502
"Meishan",29,24,499.5,"eco2D_Plankton_C_Total","C Biomass - Total","mmol C m^-3",0.876397013664246
"Meishan",29,24,999.5,"eco2D_Plankton_C_Total","C Biomass - Total","mmol C m^-3",0.845712125301361
"Meishan",29,24,1999.5,"eco2D_Plankton_C_Total","C Biomass - Total","mmol C m^-3",0.837650716304779
"Meishan",29,24,4999.5,"eco2D_Plankton_C_Total","C Biomass - Total","mmol C m^-3",0.851060450077057
"Meishan",29,24,9999.5,"eco2D_Plankton_C_Total","C Biomass - Total","mmol C m^-3",0.85217559337616
"Meishan",29,24,0.5,"eco2D_Uptake_Fluxes_C","Uptake Fluxes C","mmol C m^-3 d^-1",1.32490420341492
"Meishan",29,24,1.5,"eco2D_Uptake_Fluxes_C","Uptake Fluxes C","mmol C m^-3 d^-1",0.541141092777252
"Meishan",29,24,4.5,"eco2D_Uptake_Fluxes_C","Uptake Fluxes C","mmol C m^-3 d^-1",0.247501447796822
"Meishan",29,24,9.5,"eco2D_Uptake_Fluxes_C","Uptake Fluxes C","mmol C m^-3 d^-1",0.14509804546833
"Meishan",29,24,19.5,"eco2D_Uptake_Fluxes_C","Uptake Fluxes C","mmol C m^-3 d^-1",0.106456704437733
"Meishan",29,24,49.5,"eco2D_Uptake_Fluxes_C","Uptake Fluxes C","mmol C m^-3 d^-1",0.0832896679639816
"Meishan",29,24,99.5,"eco2D_Uptake_Fluxes_C","Uptake Fluxes C","mmol C m^-3 d^-1",0.078664243221283
"Meishan",29,24,199.5,"eco2D_Uptake_Fluxes_C","Uptake Fluxes C","mmol C m^-3 d^-1",0.0695808380842209
"Meishan",29,24,499.5,"eco2D_Uptake_Fluxes_C","Uptake Fluxes C","mmol C m^-3 d^-1",0.065290704369545
"Meishan",29,24,999.5,"eco2D_Uptake_Fluxes_C","Uptake Fluxes C","mmol C m^-3 d^-1",0.0634108930826187
"Meishan",29,24,1999.5,"eco2D_Uptake_Fluxes_C","Uptake Fluxes C","mmol C m^-3 d^-1",0.0632442906498909
"Meishan",29,24,4999.5,"eco2D_Uptake_Fluxes_C","Uptake Fluxes C","mmol C m^-3 d^-1",0.0643159598112106
"Meishan",29,24,9999.5,"eco2D_Uptake_Fluxes_C","Uptake Fluxes C","mmol C m^-3 d^-1",0.0644116774201393
"Meishan",29,24,0.5,"eco2D_Plankton_P_001","P Biomass - Popn. #001 (0.60 micron phytoplankton)","mmol P m^-3",0.000330608309013769
"Meishan",29,24,1.5,"eco2D_Plankton_P_001","P Biomass - Popn. #001 (0.60 micron phytoplankton)","mmol P m^-3",0.000427877210313454
"Meishan",29,24,4.5,"eco2D_Plankton_P_001","P Biomass - Popn. #001 (0.60 micron phytoplankton)","mmol P m^-3",0.00053725513862446
"Meishan",29,24,9.5,"eco2D_Plankton_P_001","P Biomass - Popn. #001 (0.60 micron phytoplankton)","mmol P m^-3",0.000595675490330905
"Meishan",29,24,19.5,"eco2D_Plankton_P_001","P Biomass - Popn. #001 (0.60 micron phytoplankton)","mmol P m^-3",0.000615898810792714
"Meishan",29,24,49.5,"eco2D_Plankton_P_001","P Biomass - Popn. #001 (0.60 micron phytoplankton)","mmol P m^-3",0.000623025349341333
"Meishan",29,24,99.5,"eco2D_Plankton_P_001","P Biomass - Popn. #001 (0.60 micron phytoplankton)","mmol P m^-3",0.000616677512880415
"Meishan",29,24,199.5,"eco2D_Plankton_P_001","P Biomass - Popn. #001 (0.60 micron phytoplankton)","mmol P m^-3",0.000623414700385183
"Meishan",29,24,499.5,"eco2D_Plankton_P_001","P Biomass - Popn. #001 (0.60 micron phytoplankton)","mmol P m^-3",0.000636851065792143
"Meishan",29,24,999.5,"eco2D_Plankton_P_001","P Biomass - Popn. #001 (0.60 micron phytoplankton)","mmol P m^-3",0.000653354218229651
"Meishan",29,24,1999.5,"eco2D_Plankton_P_001","P Biomass - Popn. #001 (0.60 micron phytoplankton)","mmol P m^-3",0.000656507618259639
"Meishan",29,24,4999.5,"eco2D_Plankton_P_001","P Biomass - Popn. #001 (0.60 micron phytoplankton)","mmol P m^-3",0.000656810821965337
"Meishan",29,24,9999.5,"eco2D_Plankton_P_001","P Biomass - Popn. #001 (0.60 micron phytoplankton)","mmol P m^-3",0.000656786491163075
"Meishan",29,24,0.5,"eco2D_xGamma_P_001","P Limitation - Popn. #001 (0.60 micron phytoplankton)","mmol P m^-3",0.984128475189209
"Meishan",29,24,1.5,"eco2D_xGamma_P_001","P Limitation - Popn. #001 (0.60 micron phytoplankton)","mmol P m^-3",0.975879490375519
"Meishan",29,24,4.5,"eco2D_xGamma_P_001","P Limitation - Popn. #001 (0.60 micron phytoplankton)","mmol P m^-3",0.950256526470184
"Meishan",29,24,9.5,"eco2D_xGamma_P_001","P Limitation - Popn. #001 (0.60 micron phytoplankton)","mmol P m^-3",0.908536553382874
"Meishan",29,24,19.5,"eco2D_xGamma_P_001","P Limitation - Popn. #001 (0.60 micron phytoplankton)","mmol P m^-3",0.873349547386169
"Meishan",29,24,49.5,"eco2D_xGamma_P_001","P Limitation - Popn. #001 (0.60 micron phytoplankton)","mmol P m^-3",0.842473268508911
"Meishan",29,24,99.5,"eco2D_xGamma_P_001","P Limitation - Popn. #001 (0.60 micron phytoplankton)","mmol P m^-3",0.825341761112213
"Meishan",29,24,199.5,"eco2D_xGamma_P_001","P Limitation - Popn. #001 (0.60 micron phytoplankton)","mmol P m^-3",0.806670844554901
"Meishan",29,24,499.5,"eco2D_xGamma_P_001","P Limitation - Popn. #001 (0.60 micron phytoplankton)","mmol P m^-3",0.799108862876892
"Meishan",29,24,999.5,"eco2D_xGamma_P_001","P Limitation - Popn. #001 (0.60 micron phytoplankton)","mmol P m^-3",0.799278676509857
"Meishan",29,24,1999.5,"eco2D_xGamma_P_001","P Limitation - Popn. #001 (0.60 micron phytoplankton)","mmol P m^-3",0.799921631813049
"Meishan",29,24,4999.5,"eco2D_xGamma_P_001","P Limitation - Popn. #001 (0.60 micron phytoplankton)","mmol P m^-3",0.804054975509644
"Meishan",29,24,9999.5,"eco2D_xGamma_P_001","P Limitation - Popn. #001 (0.60 micron phytoplankton)","mmol P m^-3",0.80436247587204
"Meishan",29,24,0.5,"eco2D_Plankton_P_002","P Biomass - Popn. #002 (1.90 micron phytoplankton)","mmol P m^-3",0.00206461199559271
"Meishan",29,24,1.5,"eco2D_Plankton_P_002","P Biomass - Popn. #002 (1.90 micron phytoplankton)","mmol P m^-3",0.00164524640422314
"Meishan",29,24,4.5,"eco2D_Plankton_P_002","P Biomass - Popn. #002 (1.90 micron phytoplankton)","mmol P m^-3",0.00116825487930328
"Meishan",29,24,9.5,"eco2D_Plankton_P_002","P Biomass - Popn. #002 (1.90 micron phytoplankton)","mmol P m^-3",0.000861046370118856
"Meishan",29,24,19.5,"eco2D_Plankton_P_002","P Biomass - Popn. #002 (1.90 micron phytoplankton)","mmol P m^-3",0.000710895168595016
"Meishan",29,24,49.5,"eco2D_Plankton_P_002","P Biomass - Popn. #002 (1.90 micron phytoplankton)","mmol P m^-3",0.000627393543254584
"Meishan",29,24,99.5,"eco2D_Plankton_P_002","P Biomass - Popn. #002 (1.90 micron phytoplankton)","mmol P m^-3",0.000586607027798891
"Meishan",29,24,199.5,"eco2D_Plankton_P_002","P Biomass - Popn. #002 (1.90 micron phytoplankton)","mmol P m^-3",0.000562857778277248
"Meishan",29,24,499.5,"eco2D_Plankton_P_002","P Biomass - Popn. #002 (1.90 micron phytoplankton)","mmol P m^-3",0.000563113659154624
"Meishan",29,24,999.5,"eco2D_Plankton_P_002","P Biomass - Popn. #002 (1.90 micron phytoplankton)","mmol P m^-3",0.000575804500840604
"Meishan",29,24,1999.5,"eco2D_Plankton_P_002","P Biomass - Popn. #002 (1.90 micron phytoplankton)","mmol P m^-3",0.000579281302634627
"Meishan",29,24,4999.5,"eco2D_Plankton_P_002","P Biomass - Popn. #002 (1.90 micron phytoplankton)","mmol P m^-3",0.000587375310715288
"Meishan",29,24,9999.5,"eco2D_Plankton_P_002","P Biomass - Popn. #002 (1.90 micron phytoplankton)","mmol P m^-3",0.000587947608437389
"Meishan",29,24,0.5,"eco2D_xGamma_P_002","P Limitation - Popn. #002 (1.90 micron phytoplankton)","mmol P m^-3",0.917382776737213
"Meishan",29,24,1.5,"eco2D_xGamma_P_002","P Limitation - Popn. #002 (1.90 micron phytoplankton)","mmol P m^-3",0.815351486206055
"Meishan",29,24,4.5,"eco2D_xGamma_P_002","P Limitation - Popn. #002 (1.90 micron phytoplankton)","mmol P m^-3",0.612478196620941
"Meishan",29,24,9.5,"eco2D_xGamma_P_002","P Limitation - Popn. #002 (1.90 micron phytoplankton)","mmol P m^-3",0.423311322927475
"Meishan",29,24,19.5,"eco2D_xGamma_P_002","P Limitation - Popn. #002 (1.90 micron phytoplankton)","mmol P m^-3",0.32396337389946
"Meishan",29,24,49.5,"eco2D_xGamma_P_002","P Limitation - Popn. #002 (1.90 micron phytoplankton)","mmol P m^-3",0.257159113883972
"Meishan",29,24,99.5,"eco2D_xGamma_P_002","P Limitation - Popn. #002 (1.90 micron phytoplankton)","mmol P m^-3",0.231056228280067
"Meishan",29,24,199.5,"eco2D_xGamma_P_002","P Limitation - Popn. #002 (1.90 micron phytoplankton)","mmol P m^-3",0.197809845209122
"Meishan",29,24,499.5,"eco2D_xGamma_P_002","P Limitation - Popn. #002 (1.90 micron phytoplankton)","mmol P m^-3",0.182002425193787
"Meishan",29,24,999.5,"eco2D_xGamma_P_002","P Limitation - Popn. #002 (1.90 micron phytoplankton)","mmol P m^-3",0.177127361297607
"Meishan",29,24,1999.5,"eco2D_xGamma_P_002","P Limitation - Popn. #002 (1.90 micron phytoplankton)","mmol P m^-3",0.177038535475731
"Meishan",29,24,4999.5,"eco2D_xGamma_P_002","P Limitation - Popn. #002 (1.90 micron phytoplankton)","mmol P m^-3",0.182723209261894
"Meishan",29,24,9999.5,"eco2D_xGamma_P_002","P Limitation - Popn. #002 (1.90 micron phytoplankton)","mmol P m^-3",0.18316987156868
"Meishan",29,24,0.5,"eco2D_Plankton_P_003","P Biomass - Popn. #003 (6.00 micron phytoplankton)","mmol P m^-3",0.00499242590740323
"Meishan",29,24,1.5,"eco2D_Plankton_P_003","P Biomass - Popn. #003 (6.00 micron phytoplankton)","mmol P m^-3",0.00168337568175048
"Meishan",29,24,4.5,"eco2D_Plankton_P_003","P Biomass - Popn. #003 (6.00 micron phytoplankton)","mmol P m^-3",0.000821265683043748
"Meishan",29,24,9.5,"eco2D_Plankton_P_003","P Biomass - Popn. #003 (6.00 micron phytoplankton)","mmol P m^-3",0.000525236362591386
"Meishan",29,24,19.5,"eco2D_Plankton_P_003","P Biomass - Popn. #003 (6.00 micron phytoplankton)","mmol P m^-3",0.000411465385695919
"Meishan",29,24,49.5,"eco2D_Plankton_P_003","P Biomass - Popn. #003 (6.00 micron phytoplankton)","mmol P m^-3",0.000351552705978975
"Meishan",29,24,99.5,"eco2D_Plankton_P_003","P Biomass - Popn. #003 (6.00 micron phytoplankton)","mmol P m^-3",0.000329032976878807
"Meishan",29,24,199.5,"eco2D_Plankton_P_003","P Biomass - Popn. #003 (6.00 micron phytoplankton)","mmol P m^-3",0.000307175272610039
"Meishan",29,24,499.5,"eco2D_Plankton_P_003","P Biomass - Popn. #003 (6.00 micron phytoplankton)","mmol P m^-3",0.000296666170470417
"Meishan",29,24,999.5,"eco2D_Plankton_P_003","P Biomass - Popn. #003 (6.00 micron phytoplankton)","mmol P m^-3",0.000292317185085267
"Meishan",29,24,1999.5,"eco2D_Plankton_P_003","P Biomass - Popn. #003 (6.00 micron phytoplankton)","mmol P m^-3",0.000291434087557718
"Meishan",29,24,4999.5,"eco2D_Plankton_P_003","P Biomass - Popn. #003 (6.00 micron phytoplankton)","mmol P m^-3",0.000296888552838936
"Meishan",29,24,9999.5,"eco2D_Plankton_P_003","P Biomass - Popn. #003 (6.00 micron phytoplankton)","mmol P m^-3",0.000297330261673778
"Meishan",29,24,0.5,"eco2D_xGamma_P_003","P Limitation - Popn. #003 (6.00 micron phytoplankton)","mmol P m^-3",0.716827690601349
"Meishan",29,24,1.5,"eco2D_xGamma_P_003","P Limitation - Popn. #003 (6.00 micron phytoplankton)","mmol P m^-3",0.388312757015228
"Meishan",29,24,4.5,"eco2D_xGamma_P_003","P Limitation - Popn. #003 (6.00 micron phytoplankton)","mmol P m^-3",0.189839497208595
"Meishan",29,24,9.5,"eco2D_xGamma_P_003","P Limitation - Popn. #003 (6.00 micron phytoplankton)","mmol P m^-3",0.0696811601519585
"Meishan",29,24,19.5,"eco2D_xGamma_P_003","P Limitation - Popn. #003 (6.00 micron phytoplankton)","mmol P m^-3",0.0361333787441254
"Meishan",29,24,49.5,"eco2D_xGamma_P_003","P Limitation - Popn. #003 (6.00 micron phytoplankton)","mmol P m^-3",0.0186443701386452
"Meishan",29,24,99.5,"eco2D_xGamma_P_003","P Limitation - Popn. #003 (6.00 micron phytoplankton)","mmol P m^-3",0.0194536708295345
"Meishan",29,24,199.5,"eco2D_xGamma_P_003","P Limitation - Popn. #003 (6.00 micron phytoplankton)","mmol P m^-3",0.0151491751894355
"Meishan",29,24,499.5,"eco2D_xGamma_P_003","P Limitation - Popn. #003 (6.00 micron phytoplankton)","mmol P m^-3",0.0146251078695059
"Meishan",29,24,999.5,"eco2D_xGamma_P_003","P Limitation - Popn. #003 (6.00 micron phytoplankton)","mmol P m^-3",0.0158715415745974
"Meishan",29,24,1999.5,"eco2D_xGamma_P_003","P Limitation - Popn. #003 (6.00 micron phytoplankton)","mmol P m^-3",0.0166716556996107
"Meishan",29,24,4999.5,"eco2D_xGamma_P_003","P Limitation - Popn. #003 (6.00 micron phytoplankton)","mmol P m^-3",0.0161717291921377
"Meishan",29,24,9999.5,"eco2D_xGamma_P_003","P Limitation - Popn. #003 (6.00 micron phytoplankton)","mmol P m^-3",0.0161456316709518
"Meishan",29,24,0.5,"eco2D_Plankton_P_004","P Biomass - Popn. #004 (19.00 micron phytoplankton)","mmol P m^-3",0.00383960315957665
"Meishan",29,24,1.5,"eco2D_Plankton_P_004","P Biomass - Popn. #004 (19.00 micron phytoplankton)","mmol P m^-3",0.00103095604572445
"Meishan",29,24,4.5,"eco2D_Plankton_P_004","P Biomass - Popn. #004 (19.00 micron phytoplankton)","mmol P m^-3",0.00045671864063479
"Meishan",29,24,9.5,"eco2D_Plankton_P_004","P Biomass - Popn. #004 (19.00 micron phytoplankton)","mmol P m^-3",0.000256851257290691
"Meishan",29,24,19.5,"eco2D_Plankton_P_004","P Biomass - Popn. #004 (19.00 micron phytoplankton)","mmol P m^-3",0.000184160133358091
"Meishan",29,24,49.5,"eco2D_Plankton_P_004","P Biomass - Popn. #004 (19.00 micron phytoplankton)","mmol P m^-3",0.00014124478911981
"Meishan",29,24,99.5,"eco2D_Plankton_P_004","P Biomass - Popn. #004 (19.00 micron phytoplankton)","mmol P m^-3",0.000128033309010789
"Meishan",29,24,199.5,"eco2D_Plankton_P_004","P Biomass - Popn. #004 (19.00 micron phytoplankton)","mmol P m^-3",0.000102604972198606
"Meishan",29,24,499.5,"eco2D_Plankton_P_004","P Biomass - Popn. #004 (19.00 micron phytoplankton)","mmol P m^-3",8.30617937026545e-05
"Meishan",29,24,999.5,"eco2D_Plankton_P_004","P Biomass - Popn. #004 (19.00 micron phytoplankton)","mmol P m^-3",6.67834829073399e-05
"Meishan",29,24,1999.5,"eco2D_Plankton_P_004","P Biomass - Popn. #004 (19.00 micron phytoplankton)","mmol P m^-3",6.28079651505686e-05
"Meishan",29,24,4999.5,"eco2D_Plankton_P_004","P Biomass - Popn. #004 (19.00 micron phytoplankton)","mmol P m^-3",6.7343789851293e-05
"Meishan",29,24,9999.5,"eco2D_Plankton_P_004","P Biomass - Popn. #004 (19.00 micron phytoplankton)","mmol P m^-3",6.77448042551987e-05
"Meishan",29,24,0.5,"eco2D_xGamma_P_004","P Limitation - Popn. #004 (19.00 micron phytoplankton)","mmol P m^-3",0.682524383068085
"Meishan",29,24,1.5,"eco2D_xGamma_P_004","P Limitation - Popn. #004 (19.00 micron phytoplankton)","mmol P m^-3",0.271024078130722
"Meishan",29,24,4.5,"eco2D_xGamma_P_004","P Limitation - Popn. #004 (19.00 micron phytoplankton)","mmol P m^-3",0.102087661623955
"Meishan",29,24,9.5,"eco2D_xGamma_P_004","P Limitation - Popn. #004 (19.00 micron phytoplankton)","mmol P m^-3",0.0375385582447052
"Meishan",29,24,19.5,"eco2D_xGamma_P_004","P Limitation - Popn. #004 (19.00 micron phytoplankton)","mmol P m^-3",0.0227351263165474
"Meishan",29,24,49.5,"eco2D_xGamma_P_004","P Limitation - Popn. #004 (19.00 micron phytoplankton)","mmol P m^-3",0.0162738654762506
"Meishan",29,24,99.5,"eco2D_xGamma_P_004","P Limitation - Popn. #004 (19.00 micron phytoplankton)","mmol P m^-3",0.0139789301902056
"Meishan",29,24,199.5,"eco2D_xGamma_P_004","P Limitation - Popn. #004 (19.00 micron phytoplankton)","mmol P m^-3",0.0117154624313116
"Meishan",29,24,499.5,"eco2D_xGamma_P_004","P Limitation - Popn. #004 (19.00 micron phytoplankton)","mmol P m^-3",0.0108560007065535
"Meishan",29,24,999.5,"eco2D_xGamma_P_004","P Limitation - Popn. #004 (19.00 micron phytoplankton)","mmol P m^-3",0.0107437977567315
"Meishan",29,24,1999.5,"eco2D_xGamma_P_004","P Limitation - Popn. #004 (19.00 micron phytoplankton)","mmol P m^-3",0.0107843903824687
"Meishan",29,24,4999.5,"eco2D_xGamma_P_004","P Limitation - Popn. #004 (19.00 micron phytoplankton)","mmol P m^-3",0.0111516295000911
"Meishan",29,24,9999.5,"eco2D_xGamma_P_004","P Limitation - Popn. #004 (19.00 micron phytoplankton)","mmol P m^-3",0.011180086992681
"Meishan",29,24,0.5,"eco2D_Plankton_P_005","P Biomass - Popn. #005 (60.00 micron phytoplankton)","mmol P m^-3",0.00258831540122628
"Meishan",29,24,1.5,"eco2D_Plankton_P_005","P Biomass - Popn. #005 (60.00 micron phytoplankton)","mmol P m^-3",0.000507876335177571
"Meishan",29,24,4.5,"eco2D_Plankton_P_005","P Biomass - Popn. #005 (60.00 micron phytoplankton)","mmol P m^-3",0.00015719817019999
"Meishan",29,24,9.5,"eco2D_Plankton_P_005","P Biomass - Popn. #005 (60.00 micron phytoplankton)","mmol P m^-3",2.81732482108055e-05
"Meishan",29,24,19.5,"eco2D_Plankton_P_005","P Biomass - Popn. #005 (60.00 micron phytoplankton)","mmol P m^-3",2.66253685765605e-12
"Meishan",29,24,49.5,"eco2D_Plankton_P_005","P Biomass - Popn. #005 (60.00 micron phytoplankton)","mmol P m^-3",4.23139144166071e-13
"Meishan",29,24,99.5,"eco2D_Plankton_P_005","P Biomass - Popn. #005 (60.00 micron phytoplankton)","mmol P m^-3",3.78231408866558e-13
"Meishan",29,24,199.5,"eco2D_Plankton_P_005","P Biomass - Popn. #005 (60.00 micron phytoplankton)","mmol P m^-3",2.78609654878054e-13
"Meishan",29,24,499.5,"eco2D_Plankton_P_005","P Biomass - Popn. #005 (60.00 micron phytoplankton)","mmol P m^-3",2.23023341331188e-13
"Meishan",29,24,999.5,"eco2D_Plankton_P_005","P Biomass - Popn. #005 (60.00 micron phytoplankton)","mmol P m^-3",1.8792710714411e-13
"Meishan",29,24,1999.5,"eco2D_Plankton_P_005","P Biomass - Popn. #005 (60.00 micron phytoplankton)","mmol P m^-3",1.8086895100123e-13
"Meishan",29,24,4999.5,"eco2D_Plankton_P_005","P Biomass - Popn. #005 (60.00 micron phytoplankton)","mmol P m^-3",1.8740372209787e-13
"Meishan",29,24,9999.5,"eco2D_Plankton_P_005","P Biomass - Popn. #005 (60.00 micron phytoplankton)","mmol P m^-3",1.88019088145919e-13
"Meishan",29,24,0.5,"eco2D_xGamma_P_005","P Limitation - Popn. #005 (60.00 micron phytoplankton)","mmol P m^-3",0.625942409038544
"Meishan",29,24,1.5,"eco2D_xGamma_P_005","P Limitation - Popn. #005 (60.00 micron phytoplankton)","mmol P m^-3",0.195467919111252
"Meishan",29,24,4.5,"eco2D_xGamma_P_005","P Limitation - Popn. #005 (60.00 micron phytoplankton)","mmol P m^-3",0.0669044181704521
"Meishan",29,24,9.5,"eco2D_xGamma_P_005","P Limitation - Popn. #005 (60.00 micron phytoplankton)","mmol P m^-3",0.0273688826709986
"Meishan",29,24,19.5,"eco2D_xGamma_P_005","P Limitation - Popn. #005 (60.00 micron phytoplankton)","mmol P m^-3",0.0170400906354189
"Meishan",29,24,49.5,"eco2D_xGamma_P_005","P Limitation - Popn. #005 (60.00 micron phytoplankton)","mmol P m^-3",0.0123427612707019
"Meishan",29,24,99.5,"eco2D_xGamma_P_005","P Limitation - Popn. #005 (60.00 micron phytoplankton)","mmol P m^-3",0.0106276823207736
"Meishan",29,24,199.5,"eco2D_xGamma_P_005","P Limitation - Popn. #005 (60.00 micron phytoplankton)","mmol P m^-3",0.00896421261131763
"Meishan",29,24,499.5,"eco2D_xGamma_P_005","P Limitation - Popn. #005 (60.00 micron phytoplankton)","mmol P m^-3",0.00834100693464279
"Meishan",29,24,999.5,"eco2D_xGamma_P_005","P Limitation - Popn. #005 (60.00 micron phytoplankton)","mmol P m^-3",0.00827368441969156
"Meishan",29,24,1999.5,"eco2D_xGamma_P_005","P Limitation - Popn. #005 (60.00 micron phytoplankton)","mmol P m^-3",0.00830563995987177
"Meishan",29,24,4999.5,"eco2D_xGamma_P_005","P Limitation - Popn. #005 (60.00 micron phytoplankton)","mmol P m^-3",0.00858478527516127
"Meishan",29,24,9999.5,"eco2D_xGamma_P_005","P Limitation - Popn. #005 (60.00 micron phytoplankton)","mmol P m^-3",0.00860636308789253
"Meishan",29,24,0.5,"eco2D_Plankton_P_006","P Biomass - Popn. #006 (190.00 micron phytoplankton)","mmol P m^-3",0.00194162188563496
"Meishan",29,24,1.5,"eco2D_Plankton_P_006","P Biomass - Popn. #006 (190.00 micron phytoplankton)","mmol P m^-3",8.13567457953468e-05
"Meishan",29,24,4.5,"eco2D_Plankton_P_006","P Biomass - Popn. #006 (190.00 micron phytoplankton)","mmol P m^-3",2.13656470293699e-09
"Meishan",29,24,9.5,"eco2D_Plankton_P_006","P Biomass - Popn. #006 (190.00 micron phytoplankton)","mmol P m^-3",1.45560795947013e-13
"Meishan",29,24,19.5,"eco2D_Plankton_P_006","P Biomass - Popn. #006 (190.00 micron phytoplankton)","mmol P m^-3",1.03414469370712e-13
"Meishan",29,24,49.5,"eco2D_Plankton_P_006","P Biomass - Popn. #006 (190.00 micron phytoplankton)","mmol P m^-3",8.21524719454327e-14
"Meishan",29,24,99.5,"eco2D_Plankton_P_006","P Biomass - Popn. #006 (190.00 micron phytoplankton)","mmol P m^-3",7.72482663773111e-14
"Meishan",29,24,199.5,"eco2D_Plankton_P_006","P Biomass - Popn. #006 (190.00 micron phytoplankton)","mmol P m^-3",6.32632306458471e-14
"Meishan",29,24,499.5,"eco2D_Plankton_P_006","P Biomass - Popn. #006 (190.00 micron phytoplankton)","mmol P m^-3",5.36710060346657e-14
"Meishan",29,24,999.5,"eco2D_Plankton_P_006","P Biomass - Popn. #006 (190.00 micron phytoplankton)","mmol P m^-3",4.68658383043392e-14
"Meishan",29,24,1999.5,"eco2D_Plankton_P_006","P Biomass - Popn. #006 (190.00 micron phytoplankton)","mmol P m^-3",4.54208136488506e-14
"Meishan",29,24,4999.5,"eco2D_Plankton_P_006","P Biomass - Popn. #006 (190.00 micron phytoplankton)","mmol P m^-3",4.6749286570797e-14
"Meishan",29,24,9999.5,"eco2D_Plankton_P_006","P Biomass - Popn. #006 (190.00 micron phytoplankton)","mmol P m^-3",4.68750336940146e-14
"Meishan",29,24,0.5,"eco2D_xGamma_P_006","P Limitation - Popn. #006 (190.00 micron phytoplankton)","mmol P m^-3",0.52629679441452
"Meishan",29,24,1.5,"eco2D_xGamma_P_006","P Limitation - Popn. #006 (190.00 micron phytoplankton)","mmol P m^-3",0.117448300123215
"Meishan",29,24,4.5,"eco2D_xGamma_P_006","P Limitation - Popn. #006 (190.00 micron phytoplankton)","mmol P m^-3",0.0389166995882988
"Meishan",29,24,9.5,"eco2D_xGamma_P_006","P Limitation - Popn. #006 (190.00 micron phytoplankton)","mmol P m^-3",0.0165438931435347
"Meishan",29,24,19.5,"eco2D_xGamma_P_006","P Limitation - Popn. #006 (190.00 micron phytoplankton)","mmol P m^-3",0.0104402750730515
"Meishan",29,24,49.5,"eco2D_xGamma_P_006","P Limitation - Popn. #006 (190.00 micron phytoplankton)","mmol P m^-3",0.00763054331764579
"Meishan",29,24,99.5,"eco2D_xGamma_P_006","P Limitation - Popn. #006 (190.00 micron phytoplankton)","mmol P m^-3",0.00658748811110854
"Meishan",29,24,199.5,"eco2D_xGamma_P_006","P Limitation - Popn. #006 (190.00 micron phytoplankton)","mmol P m^-3",0.00558809144422412
"Meishan",29,24,499.5,"eco2D_xGamma_P_006","P Limitation - Popn. #006 (190.00 micron phytoplankton)","mmol P m^-3",0.0052120485343039
"Meishan",29,24,999.5,"eco2D_xGamma_P_006","P Limitation - Popn. #006 (190.00 micron phytoplankton)","mmol P m^-3",0.00516689708456397
"Meishan",29,24,1999.5,"eco2D_xGamma_P_006","P Limitation - Popn. #006 (190.00 micron phytoplankton)","mmol P m^-3",0.00518216053023934
"Meishan",29,24,4999.5,"eco2D_xGamma_P_006","P Limitation - Popn. #006 (190.00 micron phytoplankton)","mmol P m^-3",0.00535394577309489
"Meishan",29,24,9999.5,"eco2D_xGamma_P_006","P Limitation - Popn. #006 (190.00 micron phytoplankton)","mmol P m^-3",0.00536726135760546
"Meishan",29,24,0.5,"eco2D_Plankton_P_007","P Biomass - Popn. #007 (600.00 micron phytoplankton)","mmol P m^-3",0.00146963191218674
"Meishan",29,24,1.5,"eco2D_Plankton_P_007","P Biomass - Popn. #007 (600.00 micron phytoplankton)","mmol P m^-3",6.51894879410975e-07
"Meishan",29,24,4.5,"eco2D_Plankton_P_007","P Biomass - Popn. #007 (600.00 micron phytoplankton)","mmol P m^-3",7.3542409141647e-14
"Meishan",29,24,9.5,"eco2D_Plankton_P_007","P Biomass - Popn. #007 (600.00 micron phytoplankton)","mmol P m^-3",3.92029582353595e-14
"Meishan",29,24,19.5,"eco2D_Plankton_P_007","P Biomass - Popn. #007 (600.00 micron phytoplankton)","mmol P m^-3",2.81651262100217e-14
"Meishan",29,24,49.5,"eco2D_Plankton_P_007","P Biomass - Popn. #007 (600.00 micron phytoplankton)","mmol P m^-3",2.26308619603486e-14
"Meishan",29,24,99.5,"eco2D_Plankton_P_007","P Biomass - Popn. #007 (600.00 micron phytoplankton)","mmol P m^-3",2.1634568255261e-14
"Meishan",29,24,199.5,"eco2D_Plankton_P_007","P Biomass - Popn. #007 (600.00 micron phytoplankton)","mmol P m^-3",1.79009503617836e-14
"Meishan",29,24,499.5,"eco2D_Plankton_P_007","P Biomass - Popn. #007 (600.00 micron phytoplankton)","mmol P m^-3",1.53199799851275e-14
"Meishan",29,24,999.5,"eco2D_Plankton_P_007","P Biomass - Popn. #007 (600.00 micron phytoplankton)","mmol P m^-3",1.34541358089157e-14
"Meishan",29,24,1999.5,"eco2D_Plankton_P_007","P Biomass - Popn. #007 (600.00 micron phytoplankton)","mmol P m^-3",1.30544844885775e-14
"Meishan",29,24,4999.5,"eco2D_Plankton_P_007","P Biomass - Popn. #007 (600.00 micron phytoplankton)","mmol P m^-3",1.34200198628992e-14
"Meishan",29,24,9999.5,"eco2D_Plankton_P_007","P Biomass - Popn. #007 (600.00 micron phytoplankton)","mmol P m^-3",1.34555681416296e-14
"Meishan",29,24,0.5,"eco2D_xGamma_P_007","P Limitation - Popn. #007 (600.00 micron phytoplankton)","mmol P m^-3",0.398628622293472
"Meishan",29,24,1.5,"eco2D_xGamma_P_007","P Limitation - Popn. #007 (600.00 micron phytoplankton)","mmol P m^-3",0.05932692065835
"Meishan",29,24,4.5,"eco2D_xGamma_P_007","P Limitation - Popn. #007 (600.00 micron phytoplankton)","mmol P m^-3",0.0197275709360838
"Meishan",29,24,9.5,"eco2D_xGamma_P_007","P Limitation - Popn. #007 (600.00 micron phytoplankton)","mmol P m^-3",0.00861671939492226
"Meishan",29,24,19.5,"eco2D_xGamma_P_007","P Limitation - Popn. #007 (600.00 micron phytoplankton)","mmol P m^-3",0.00554262101650238
"Meishan",29,24,49.5,"eco2D_xGamma_P_007","P Limitation - Popn. #007 (600.00 micron phytoplankton)","mmol P m^-3",0.0041053774766624
"Meishan",29,24,99.5,"eco2D_xGamma_P_007","P Limitation - Popn. #007 (600.00 micron phytoplankton)","mmol P m^-3",0.00356768211349845
"Meishan",29,24,199.5,"eco2D_xGamma_P_007","P Limitation - Popn. #007 (600.00 micron phytoplankton)","mmol P m^-3",0.00303640216588974
"Meishan",29,24,499.5,"eco2D_xGamma_P_007","P Limitation - Popn. #007 (600.00 micron phytoplankton)","mmol P m^-3",0.00282328901812434
"Meishan",29,24,999.5,"eco2D_xGamma_P_007","P Limitation - Popn. #007 (600.00 micron phytoplankton)","mmol P m^-3",0.00277763535268605
"Meishan",29,24,1999.5,"eco2D_xGamma_P_007","P Limitation - Popn. #007 (600.00 micron phytoplankton)","mmol P m^-3",0.00277839321643114
"Meishan",29,24,4999.5,"eco2D_xGamma_P_007","P Limitation - Popn. #007 (600.00 micron phytoplankton)","mmol P m^-3",0.00286872591823339
"Meishan",29,24,9999.5,"eco2D_xGamma_P_007","P Limitation - Popn. #007 (600.00 micron phytoplankton)","mmol P m^-3",0.0028758158441633
"Meishan",29,24,0.5,"eco2D_Plankton_P_008","P Biomass - Popn. #008 (1900.00 micron phytoplankton)","mmol P m^-3",0.000447716796770692
"Meishan",29,24,1.5,"eco2D_Plankton_P_008","P Biomass - Popn. #008 (1900.00 micron phytoplankton)","mmol P m^-3",1.15927569765972e-08
"Meishan",29,24,4.5,"eco2D_Plankton_P_008","P Biomass - Popn. #008 (1900.00 micron phytoplankton)","mmol P m^-3",2.3298244301688e-14
"Meishan",29,24,9.5,"eco2D_Plankton_P_008","P Biomass - Popn. #008 (1900.00 micron phytoplankton)","mmol P m^-3",1.2510018486346e-14
"Meishan",29,24,19.5,"eco2D_Plankton_P_008","P Biomass - Popn. #008 (1900.00 micron phytoplankton)","mmol P m^-3",8.33878186770262e-15
"Meishan",29,24,49.5,"eco2D_Plankton_P_008","P Biomass - Popn. #008 (1900.00 micron phytoplankton)","mmol P m^-3",6.5266616032034e-15
"Meishan",29,24,99.5,"eco2D_Plankton_P_008","P Biomass - Popn. #008 (1900.00 micron phytoplankton)","mmol P m^-3",6.388987832572e-15
"Meishan",29,24,199.5,"eco2D_Plankton_P_008","P Biomass - Popn. #008 (1900.00 micron phytoplankton)","mmol P m^-3",5.25924747477621e-15
"Meishan",29,24,499.5,"eco2D_Plankton_P_008","P Biomass - Popn. #008 (1900.00 micron phytoplankton)","mmol P m^-3",4.51445860403556e-15
"Meishan",29,24,999.5,"eco2D_Plankton_P_008","P Biomass - Popn. #008 (1900.00 micron phytoplankton)","mmol P m^-3",3.96784960844752e-15
"Meishan",29,24,1999.5,"eco2D_Plankton_P_008","P Biomass - Popn. #008 (1900.00 micron phytoplankton)","mmol P m^-3",3.84919638616319e-15
"Meishan",29,24,4999.5,"eco2D_Plankton_P_008","P Biomass - Popn. #008 (1900.00 micron phytoplankton)","mmol P m^-3",3.95643287486795e-15
"Meishan",29,24,9999.5,"eco2D_Plankton_P_008","P Biomass - Popn. #008 (1900.00 micron phytoplankton)","mmol P m^-3",3.96673067792419e-15
"Meishan",29,24,0.5,"eco2D_xGamma_P_008","P Limitation - Popn. #008 (1900.00 micron phytoplankton)","mmol P m^-3",0.258807480335236
"Meishan",29,24,1.5,"eco2D_xGamma_P_008","P Limitation - Popn. #008 (1900.00 micron phytoplankton)","mmol P m^-3",0.026036785915494
"Meishan",29,24,4.5,"eco2D_xGamma_P_008","P Limitation - Popn. #008 (1900.00 micron phytoplankton)","mmol P m^-3",0.00876941438764334
"Meishan",29,24,9.5,"eco2D_xGamma_P_008","P Limitation - Popn. #008 (1900.00 micron phytoplankton)","mmol P m^-3",0.00393358618021011
"Meishan",29,24,19.5,"eco2D_xGamma_P_008","P Limitation - Popn. #008 (1900.00 micron phytoplankton)","mmol P m^-3",0.00258139916695654
"Meishan",29,24,49.5,"eco2D_xGamma_P_008","P Limitation - Popn. #008 (1900.00 micron phytoplankton)","mmol P m^-3",0.00193770858459175
"Meishan",29,24,99.5,"eco2D_xGamma_P_008","P Limitation - Popn. #008 (1900.00 micron phytoplankton)","mmol P m^-3",0.00169811758678406
"Meishan",29,24,199.5,"eco2D_xGamma_P_008","P Limitation - Popn. #008 (1900.00 micron phytoplankton)","mmol P m^-3",0.00144618540070951
"Meishan",29,24,499.5,"eco2D_xGamma_P_008","P Limitation - Popn. #008 (1900.00 micron phytoplankton)","mmol P m^-3",0.00133593403734267
"Meishan",29,24,999.5,"eco2D_xGamma_P_008","P Limitation - Popn. #008 (1900.00 micron phytoplankton)","mmol P m^-3",0.00130039965733886
"Meishan",29,24,1999.5,"eco2D_xGamma_P_008","P Limitation - Popn. #008 (1900.00 micron phytoplankton)","mmol P m^-3",0.00129664409905672
"Meishan",29,24,4999.5,"eco2D_xGamma_P_008","P Limitation - Popn. #008 (1900.00 micron phytoplankton)","mmol P m^-3",0.0013379929587245
"Meishan",29,24,9999.5,"eco2D_xGamma_P_008","P Limitation - Popn. #008 (1900.00 micron phytoplankton)","mmol P m^-3",0.00134129053913057
"Meishan",29,24,0.5,"eco2D_Plankton_P_009","P Biomass - Popn. #009 (0.60 micron zooplankton)","mmol P m^-3",5.31551195308566e-05
"Meishan",29,24,1.5,"eco2D_Plankton_P_009","P Biomass - Popn. #009 (0.60 micron zooplankton)","mmol P m^-3",3.74167248082813e-05
"Meishan",29,24,4.5,"eco2D_Plankton_P_009","P Biomass - Popn. #009 (0.60 micron zooplankton)","mmol P m^-3",3.28837995766662e-05
"Meishan",29,24,9.5,"eco2D_Plankton_P_009","P Biomass - Popn. #009 (0.60 micron zooplankton)","mmol P m^-3",2.71021126536652e-05
"Meishan",29,24,19.5,"eco2D_Plankton_P_009","P Biomass - Popn. #009 (0.60 micron zooplankton)","mmol P m^-3",2.58311647485243e-05
"Meishan",29,24,49.5,"eco2D_Plankton_P_009","P Biomass - Popn. #009 (0.60 micron zooplankton)","mmol P m^-3",2.40832650888478e-05
"Meishan",29,24,99.5,"eco2D_Plankton_P_009","P Biomass - Popn. #009 (0.60 micron zooplankton)","mmol P m^-3",2.44881994149182e-05
"Meishan",29,24,199.5,"eco2D_Plankton_P_009","P Biomass - Popn. #009 (0.60 micron zooplankton)","mmol P m^-3",1.75061250047293e-05
"Meishan",29,24,499.5,"eco2D_Plankton_P_009","P Biomass - Popn. #009 (0.60 micron zooplankton)","mmol P m^-3",8.41075507196365e-06
"Meishan",29,24,999.5,"eco2D_Plankton_P_009","P Biomass - Popn. #009 (0.60 micron zooplankton)","mmol P m^-3",2.71617776013977e-12
"Meishan",29,24,1999.5,"eco2D_Plankton_P_009","P Biomass - Popn. #009 (0.60 micron zooplankton)","mmol P m^-3",2.1958058201571e-12
"Meishan",29,24,4999.5,"eco2D_Plankton_P_009","P Biomass - Popn. #009 (0.60 micron zooplankton)","mmol P m^-3",2.36454020426102e-12
"Meishan",29,24,9999.5,"eco2D_Plankton_P_009","P Biomass - Popn. #009 (0.60 micron zooplankton)","mmol P m^-3",2.38508345018484e-12
"Meishan",29,24,0.5,"eco2D_Plankton_P_010","P Biomass - Popn. #010 (1.90 micron zooplankton)","mmol P m^-3",0.000533380080014467
"Meishan",29,24,1.5,"eco2D_Plankton_P_010","P Biomass - Popn. #010 (1.90 micron zooplankton)","mmol P m^-3",0.000394818722270429
"Meishan",29,24,4.5,"eco2D_Plankton_P_010","P Biomass - Popn. #010 (1.90 micron zooplankton)","mmol P m^-3",0.000322368607157841
"Meishan",29,24,9.5,"eco2D_Plankton_P_010","P Biomass - Popn. #010 (1.90 micron zooplankton)","mmol P m^-3",0.000281689804978669
"Meishan",29,24,19.5,"eco2D_Plankton_P_010","P Biomass - Popn. #010 (1.90 micron zooplankton)","mmol P m^-3",0.000261071341810748
"Meishan",29,24,49.5,"eco2D_Plankton_P_010","P Biomass - Popn. #010 (1.90 micron zooplankton)","mmol P m^-3",0.000249117176281288
"Meishan",29,24,99.5,"eco2D_Plankton_P_010","P Biomass - Popn. #010 (1.90 micron zooplankton)","mmol P m^-3",0.000243628397583961
"Meishan",29,24,199.5,"eco2D_Plankton_P_010","P Biomass - Popn. #010 (1.90 micron zooplankton)","mmol P m^-3",0.000233567639952525
"Meishan",29,24,499.5,"eco2D_Plankton_P_010","P Biomass - Popn. #010 (1.90 micron zooplankton)","mmol P m^-3",0.000224331612116657
"Meishan",29,24,999.5,"eco2D_Plankton_P_010","P Biomass - Popn. #010 (1.90 micron zooplankton)","mmol P m^-3",0.000214593994314782
"Meishan",29,24,1999.5,"eco2D_Plankton_P_010","P Biomass - Popn. #010 (1.90 micron zooplankton)","mmol P m^-3",0.000211546721402556
"Meishan",29,24,4999.5,"eco2D_Plankton_P_010","P Biomass - Popn. #010 (1.90 micron zooplankton)","mmol P m^-3",0.000214336207136512
"Meishan",29,24,9999.5,"eco2D_Plankton_P_010","P Biomass - Popn. #010 (1.90 micron zooplankton)","mmol P m^-3",0.000214584521017969
"Meishan",29,24,0.5,"eco2D_Plankton_P_011","P Biomass - Popn. #011 (6.00 micron zooplankton)","mmol P m^-3",0.00156953628174961
"Meishan",29,24,1.5,"eco2D_Plankton_P_011","P Biomass - Popn. #011 (6.00 micron zooplankton)","mmol P m^-3",0.000975779606960714
"Meishan",29,24,4.5,"eco2D_Plankton_P_011","P Biomass - Popn. #011 (6.00 micron zooplankton)","mmol P m^-3",0.000723547942470759
"Meishan",29,24,9.5,"eco2D_Plankton_P_011","P Biomass - Popn. #011 (6.00 micron zooplankton)","mmol P m^-3",0.000604039407335222
"Meishan",29,24,19.5,"eco2D_Plankton_P_011","P Biomass - Popn. #011 (6.00 micron zooplankton)","mmol P m^-3",0.000534431252162904
"Meishan",29,24,49.5,"eco2D_Plankton_P_011","P Biomass - Popn. #011 (6.00 micron zooplankton)","mmol P m^-3",0.000494729669298977
"Meishan",29,24,99.5,"eco2D_Plankton_P_011","P Biomass - Popn. #011 (6.00 micron zooplankton)","mmol P m^-3",0.000480506074381992
"Meishan",29,24,199.5,"eco2D_Plankton_P_011","P Biomass - Popn. #011 (6.00 micron zooplankton)","mmol P m^-3",0.000465150427771732
"Meishan",29,24,499.5,"eco2D_Plankton_P_011","P Biomass - Popn. #011 (6.00 micron zooplankton)","mmol P m^-3",0.000455617089755833
"Meishan",29,24,999.5,"eco2D_Plankton_P_011","P Biomass - Popn. #011 (6.00 micron zooplankton)","mmol P m^-3",0.000447995524154976
"Meishan",29,24,1999.5,"eco2D_Plankton_P_011","P Biomass - Popn. #011 (6.00 micron zooplankton)","mmol P m^-3",0.000445294484961778
"Meishan",29,24,4999.5,"eco2D_Plankton_P_011","P Biomass - Popn. #011 (6.00 micron zooplankton)","mmol P m^-3",0.000449921761173755
"Meishan",29,24,9999.5,"eco2D_Plankton_P_011","P Biomass - Popn. #011 (6.00 micron zooplankton)","mmol P m^-3",0.000450302992248908
"Meishan",29,24,0.5,"eco2D_Plankton_P_012","P Biomass - Popn. #012 (19.00 micron zooplankton)","mmol P m^-3",0.0027409321628511
"Meishan",29,24,1.5,"eco2D_Plankton_P_012","P Biomass - Popn. #012 (19.00 micron zooplankton)","mmol P m^-3",0.0016089960699901
"Meishan",29,24,4.5,"eco2D_Plankton_P_012","P Biomass - Popn. #012 (19.00 micron zooplankton)","mmol P m^-3",0.00109024322591722
"Meishan",29,24,9.5,"eco2D_Plankton_P_012","P Biomass - Popn. #012 (19.00 micron zooplankton)","mmol P m^-3",0.000883115455508232
"Meishan",29,24,19.5,"eco2D_Plankton_P_012","P Biomass - Popn. #012 (19.00 micron zooplankton)","mmol P m^-3",0.000771549646742642
"Meishan",29,24,49.5,"eco2D_Plankton_P_012","P Biomass - Popn. #012 (19.00 micron zooplankton)","mmol P m^-3",0.000703472527675331
"Meishan",29,24,99.5,"eco2D_Plankton_P_012","P Biomass - Popn. #012 (19.00 micron zooplankton)","mmol P m^-3",0.000680629047565162
"Meishan",29,24,199.5,"eco2D_Plankton_P_012","P Biomass - Popn. #012 (19.00 micron zooplankton)","mmol P m^-3",0.000660727208014578
"Meishan",29,24,499.5,"eco2D_Plankton_P_012","P Biomass - Popn. #012 (19.00 micron zooplankton)","mmol P m^-3",0.00065675238147378
"Meishan",29,24,999.5,"eco2D_Plankton_P_012","P Biomass - Popn. #012 (19.00 micron zooplankton)","mmol P m^-3",0.000663976592477411
"Meishan",29,24,1999.5,"eco2D_Plankton_P_012","P Biomass - Popn. #012 (19.00 micron zooplankton)","mmol P m^-3",0.000666623353026807
"Meishan",29,24,4999.5,"eco2D_Plankton_P_012","P Biomass - Popn. #012 (19.00 micron zooplankton)","mmol P m^-3",0.000669103057589382
"Meishan",29,24,9999.5,"eco2D_Plankton_P_012","P Biomass - Popn. #012 (19.00 micron zooplankton)","mmol P m^-3",0.000669263710733503
"Meishan",29,24,0.5,"eco2D_Plankton_P_013","P Biomass - Popn. #013 (60.00 micron zooplankton)","mmol P m^-3",0.00357615714892745
"Meishan",29,24,1.5,"eco2D_Plankton_P_013","P Biomass - Popn. #013 (60.00 micron zooplankton)","mmol P m^-3",0.00206982810050249
"Meishan",29,24,4.5,"eco2D_Plankton_P_013","P Biomass - Popn. #013 (60.00 micron zooplankton)","mmol P m^-3",0.00135084928479046
"Meishan",29,24,9.5,"eco2D_Plankton_P_013","P Biomass - Popn. #013 (60.00 micron zooplankton)","mmol P m^-3",0.00109838857315481
"Meishan",29,24,19.5,"eco2D_Plankton_P_013","P Biomass - Popn. #013 (60.00 micron zooplankton)","mmol P m^-3",0.00101464556064457
"Meishan",29,24,49.5,"eco2D_Plankton_P_013","P Biomass - Popn. #013 (60.00 micron zooplankton)","mmol P m^-3",0.000951934373006225
"Meishan",29,24,99.5,"eco2D_Plankton_P_013","P Biomass - Popn. #013 (60.00 micron zooplankton)","mmol P m^-3",0.00091385212726891
"Meishan",29,24,199.5,"eco2D_Plankton_P_013","P Biomass - Popn. #013 (60.00 micron zooplankton)","mmol P m^-3",0.000870372809004039
"Meishan",29,24,499.5,"eco2D_Plankton_P_013","P Biomass - Popn. #013 (60.00 micron zooplankton)","mmol P m^-3",0.00085852894699201
"Meishan",29,24,999.5,"eco2D_Plankton_P_013","P Biomass - Popn. #013 (60.00 micron zooplankton)","mmol P m^-3",0.000876301317475736
"Meishan",29,24,1999.5,"eco2D_Plankton_P_013","P Biomass - Popn. #013 (60.00 micron zooplankton)","mmol P m^-3",0.000885813613422215
"Meishan",29,24,4999.5,"eco2D_Plankton_P_013","P Biomass - Popn. #013 (60.00 micron zooplankton)","mmol P m^-3",0.000884611741639674
"Meishan",29,24,9999.5,"eco2D_Plankton_P_013","P Biomass - Popn. #013 (60.00 micron zooplankton)","mmol P m^-3",0.000884458539076149
"Meishan",29,24,0.5,"eco2D_Plankton_P_014","P Biomass - Popn. #014 (190.00 micron zooplankton)","mmol P m^-3",0.00414347322657704
"Meishan",29,24,1.5,"eco2D_Plankton_P_014","P Biomass - Popn. #014 (190.00 micron zooplankton)","mmol P m^-3",0.00234270212240517
"Meishan",29,24,4.5,"eco2D_Plankton_P_014","P Biomass - Popn. #014 (190.00 micron zooplankton)","mmol P m^-3",0.00165160885080695
"Meishan",29,24,9.5,"eco2D_Plankton_P_014","P Biomass - Popn. #014 (190.00 micron zooplankton)","mmol P m^-3",0.00132047780789435
"Meishan",29,24,19.5,"eco2D_Plankton_P_014","P Biomass - Popn. #014 (190.00 micron zooplankton)","mmol P m^-3",0.00131910014897585
"Meishan",29,24,49.5,"eco2D_Plankton_P_014","P Biomass - Popn. #014 (190.00 micron zooplankton)","mmol P m^-3",0.00130342878401279
"Meishan",29,24,99.5,"eco2D_Plankton_P_014","P Biomass - Popn. #014 (190.00 micron zooplankton)","mmol P m^-3",0.00120891828555614
"Meishan",29,24,199.5,"eco2D_Plankton_P_014","P Biomass - Popn. #014 (190.00 micron zooplankton)","mmol P m^-3",0.000999308889731765
"Meishan",29,24,499.5,"eco2D_Plankton_P_014","P Biomass - Popn. #014 (190.00 micron zooplankton)","mmol P m^-3",0.00081670458894223
"Meishan",29,24,999.5,"eco2D_Plankton_P_014","P Biomass - Popn. #014 (190.00 micron zooplankton)","mmol P m^-3",0.000638237164821476
"Meishan",29,24,1999.5,"eco2D_Plankton_P_014","P Biomass - Popn. #014 (190.00 micron zooplankton)","mmol P m^-3",0.000586681184358895
"Meishan",29,24,4999.5,"eco2D_Plankton_P_014","P Biomass - Popn. #014 (190.00 micron zooplankton)","mmol P m^-3",0.000633782357908785
"Meishan",29,24,9999.5,"eco2D_Plankton_P_014","P Biomass - Popn. #014 (190.00 micron zooplankton)","mmol P m^-3",0.000638054858427495
"Meishan",29,24,0.5,"eco2D_Plankton_P_015","P Biomass - Popn. #015 (600.00 micron zooplankton)","mmol P m^-3",0.00484193628653884
"Meishan",29,24,1.5,"eco2D_Plankton_P_015","P Biomass - Popn. #015 (600.00 micron zooplankton)","mmol P m^-3",0.00266873394139111
"Meishan",29,24,4.5,"eco2D_Plankton_P_015","P Biomass - Popn. #015 (600.00 micron zooplankton)","mmol P m^-3",0.00204878556542099
"Meishan",29,24,9.5,"eco2D_Plankton_P_015","P Biomass - Popn. #015 (600.00 micron zooplankton)","mmol P m^-3",0.0010317403357476
"Meishan",29,24,19.5,"eco2D_Plankton_P_015","P Biomass - Popn. #015 (600.00 micron zooplankton)","mmol P m^-3",0.000375936360796914
"Meishan",29,24,49.5,"eco2D_Plankton_P_015","P Biomass - Popn. #015 (600.00 micron zooplankton)","mmol P m^-3",1.54307545473936e-12
"Meishan",29,24,99.5,"eco2D_Plankton_P_015","P Biomass - Popn. #015 (600.00 micron zooplankton)","mmol P m^-3",1.26512103744425e-12
"Meishan",29,24,199.5,"eco2D_Plankton_P_015","P Biomass - Popn. #015 (600.00 micron zooplankton)","mmol P m^-3",8.03970442737195e-13
"Meishan",29,24,499.5,"eco2D_Plankton_P_015","P Biomass - Popn. #015 (600.00 micron zooplankton)","mmol P m^-3",5.93388402650441e-13
"Meishan",29,24,999.5,"eco2D_Plankton_P_015","P Biomass - Popn. #015 (600.00 micron zooplankton)","mmol P m^-3",4.66575183436652e-13
"Meishan",29,24,1999.5,"eco2D_Plankton_P_015","P Biomass - Popn. #015 (600.00 micron zooplankton)","mmol P m^-3",4.40153149388126e-13
"Meishan",29,24,4999.5,"eco2D_Plankton_P_015","P Biomass - Popn. #015 (600.00 micron zooplankton)","mmol P m^-3",4.6190183839237e-13
"Meishan",29,24,9999.5,"eco2D_Plankton_P_015","P Biomass - Popn. #015 (600.00 micron zooplankton)","mmol P m^-3",4.64011695820027e-13
"Meishan",29,24,0.5,"eco2D_Plankton_P_016","P Biomass - Popn. #016 (1900.00 micron zooplankton)","mmol P m^-3",0.00522935250774026
"Meishan",29,24,1.5,"eco2D_Plankton_P_016","P Biomass - Popn. #016 (1900.00 micron zooplankton)","mmol P m^-3",0.0025376477278769
"Meishan",29,24,4.5,"eco2D_Plankton_P_016","P Biomass - Popn. #016 (1900.00 micron zooplankton)","mmol P m^-3",0.000158082155394368
"Meishan",29,24,9.5,"eco2D_Plankton_P_016","P Biomass - Popn. #016 (1900.00 micron zooplankton)","mmol P m^-3",5.21511707516492e-13
"Meishan",29,24,19.5,"eco2D_Plankton_P_016","P Biomass - Popn. #016 (1900.00 micron zooplankton)","mmol P m^-3",3.40086113567381e-13
"Meishan",29,24,49.5,"eco2D_Plankton_P_016","P Biomass - Popn. #016 (1900.00 micron zooplankton)","mmol P m^-3",2.55527071941e-13
"Meishan",29,24,99.5,"eco2D_Plankton_P_016","P Biomass - Popn. #016 (1900.00 micron zooplankton)","mmol P m^-3",2.37126073984739e-13
"Meishan",29,24,199.5,"eco2D_Plankton_P_016","P Biomass - Popn. #016 (1900.00 micron zooplankton)","mmol P m^-3",1.84690424846062e-13
"Meishan",29,24,499.5,"eco2D_Plankton_P_016","P Biomass - Popn. #016 (1900.00 micron zooplankton)","mmol P m^-3",1.46433849746407e-13
"Meishan",29,24,999.5,"eco2D_Plankton_P_016","P Biomass - Popn. #016 (1900.00 micron zooplankton)","mmol P m^-3",1.17321666162455e-13
"Meishan",29,24,1999.5,"eco2D_Plankton_P_016","P Biomass - Popn. #016 (1900.00 micron zooplankton)","mmol P m^-3",1.10515526038305e-13
"Meishan",29,24,4999.5,"eco2D_Plankton_P_016","P Biomass - Popn. #016 (1900.00 micron zooplankton)","mmol P m^-3",1.16187319639492e-13
"Meishan",29,24,9999.5,"eco2D_Plankton_P_016","P Biomass - Popn. #016 (1900.00 micron zooplankton)","mmol P m^-3",1.16731575577553e-13
"Meishan",29,24,0.5,"eco2D_Plankton_P_Total","P Biomass - Total","mmol P m^-3",0.0403624586760998
"Meishan",29,24,1.5,"eco2D_Plankton_P_Total","P Biomass - Total","mmol P m^-3",0.0180132742971182
"Meishan",29,24,4.5,"eco2D_Plankton_P_Total","P Biomass - Total","mmol P m^-3",0.0105190640315413
"Meishan",29,24,9.5,"eco2D_Plankton_P_Total","P Biomass - Total","mmol P m^-3",0.00751353614032269
"Meishan",29,24,19.5,"eco2D_Plankton_P_Total","P Biomass - Total","mmol P m^-3",0.00622498523443937
"Meishan",29,24,49.5,"eco2D_Plankton_P_Total","P Biomass - Total","mmol P m^-3",0.00546998204663396
"Meishan",29,24,99.5,"eco2D_Plankton_P_Total","P Biomass - Total","mmol P m^-3",0.00521237310022116
"Meishan",29,24,199.5,"eco2D_Plankton_P_Total","P Biomass - Total","mmol P m^-3",0.0048426860012114
"Meishan",29,24,499.5,"eco2D_Plankton_P_Total","P Biomass - Total","mmol P m^-3",0.00460003782063723
"Meishan",29,24,999.5,"eco2D_Plankton_P_Total","P Biomass - Total","mmol P m^-3",0.00442936411127448
"Meishan",29,24,1999.5,"eco2D_Plankton_P_Total","P Biomass - Total","mmol P m^-3",0.00438599055632949
"Meishan",29,24,4999.5,"eco2D_Plankton_P_Total","P Biomass - Total","mmol P m^-3",0.00446017365902662
"Meishan",29,24,9999.5,"eco2D_Plankton_P_Total","P Biomass - Total","mmol P m^-3",0.00446647359058261
"Meishan",29,24,0.5,"eco2D_Uptake_Fluxes_P","Uptake Fluxes P","mmol P m^-3 d^-1",0.0101604070514441
"Meishan",29,24,1.5,"eco2D_Uptake_Fluxes_P","Uptake Fluxes P","mmol P m^-3 d^-1",0.002829868812114
"Meishan",29,24,4.5,"eco2D_Uptake_Fluxes_P","Uptake Fluxes P","mmol P m^-3 d^-1",0.00119373865891248
"Meishan",29,24,9.5,"eco2D_Uptake_Fluxes_P","Uptake Fluxes P","mmol P m^-3 d^-1",0.00062771060038358
"Meishan",29,24,19.5,"eco2D_Uptake_Fluxes_P","Uptake Fluxes P","mmol P m^-3 d^-1",0.000441623880760744
"Meishan",29,24,49.5,"eco2D_Uptake_Fluxes_P","Uptake Fluxes P","mmol P m^-3 d^-1",0.000345694250427186
"Meishan",29,24,99.5,"eco2D_Uptake_Fluxes_P","Uptake Fluxes P","mmol P m^-3 d^-1",0.00031096109887585
"Meishan",29,24,199.5,"eco2D_Uptake_Fluxes_P","Uptake Fluxes P","mmol P m^-3 d^-1",0.000267836730927229
"Meishan",29,24,499.5,"eco2D_Uptake_Fluxes_P","Uptake Fluxes P","mmol P m^-3 d^-1",0.000246036739554256
"Meishan",29,24,999.5,"eco2D_Uptake_Fluxes_P","Uptake Fluxes P","mmol P m^-3 d^-1",0.000235734740272164
"Meishan",29,24,1999.5,"eco2D_Uptake_Fluxes_P","Uptake Fluxes P","mmol P m^-3 d^-1",0.000233923725318164
"Meishan",29,24,4999.5,"eco2D_Uptake_Fluxes_P","Uptake Fluxes P","mmol P m^-3 d^-1",0.00024056009715423
"Meishan",29,24,9999.5,"eco2D_Uptake_Fluxes_P","Uptake Fluxes P","mmol P m^-3 d^-1",0.000241096902755089
"Meishan",29,24,0.5,"eco2D_Plankton_Chl_001","Chl Biomass - Popn. #001 (0.60 micron phytoplankton)","mg Chl m^-3",0.00302179320715368
"Meishan",29,24,1.5,"eco2D_Plankton_Chl_001","Chl Biomass - Popn. #001 (0.60 micron phytoplankton)","mg Chl m^-3",0.00406093848869205
"Meishan",29,24,4.5,"eco2D_Plankton_Chl_001","Chl Biomass - Popn. #001 (0.60 micron phytoplankton)","mg Chl m^-3",0.00600792327895761
"Meishan",29,24,9.5,"eco2D_Plankton_Chl_001","Chl Biomass - Popn. #001 (0.60 micron phytoplankton)","mg Chl m^-3",0.00712591782212257
"Meishan",29,24,19.5,"eco2D_Plankton_Chl_001","Chl Biomass - Popn. #001 (0.60 micron phytoplankton)","mg Chl m^-3",0.0077569205313921
"Meishan",29,24,49.5,"eco2D_Plankton_Chl_001","Chl Biomass - Popn. #001 (0.60 micron phytoplankton)","mg Chl m^-3",0.00797865632921457
"Meishan",29,24,99.5,"eco2D_Plankton_Chl_001","Chl Biomass - Popn. #001 (0.60 micron phytoplankton)","mg Chl m^-3",0.00810139812529087
"Meishan",29,24,199.5,"eco2D_Plankton_Chl_001","Chl Biomass - Popn. #001 (0.60 micron phytoplankton)","mg Chl m^-3",0.00812989193946123
"Meishan",29,24,499.5,"eco2D_Plankton_Chl_001","Chl Biomass - Popn. #001 (0.60 micron phytoplankton)","mg Chl m^-3",0.00813854206353426
"Meishan",29,24,999.5,"eco2D_Plankton_Chl_001","Chl Biomass - Popn. #001 (0.60 micron phytoplankton)","mg Chl m^-3",0.00813321955502033
"Meishan",29,24,1999.5,"eco2D_Plankton_Chl_001","Chl Biomass - Popn. #001 (0.60 micron phytoplankton)","mg Chl m^-3",0.00812055915594101
"Meishan",29,24,4999.5,"eco2D_Plankton_Chl_001","Chl Biomass - Popn. #001 (0.60 micron phytoplankton)","mg Chl m^-3",0.00811484828591347
"Meishan",29,24,9999.5,"eco2D_Plankton_Chl_001","Chl Biomass - Popn. #001 (0.60 micron phytoplankton)","mg Chl m^-3",0.00811442639678717
"Meishan",29,24,0.5,"eco2D_Plankton_Chl_002","Chl Biomass - Popn. #002 (1.90 micron phytoplankton)","mg Chl m^-3",0.0375338830053806
"Meishan",29,24,1.5,"eco2D_Plankton_Chl_002","Chl Biomass - Popn. #002 (1.90 micron phytoplankton)","mg Chl m^-3",0.0333376824855804
"Meishan",29,24,4.5,"eco2D_Plankton_Chl_002","Chl Biomass - Popn. #002 (1.90 micron phytoplankton)","mg Chl m^-3",0.0278852637857199
"Meishan",29,24,9.5,"eco2D_Plankton_Chl_002","Chl Biomass - Popn. #002 (1.90 micron phytoplankton)","mg Chl m^-3",0.0208813268691301
"Meishan",29,24,19.5,"eco2D_Plankton_Chl_002","Chl Biomass - Popn. #002 (1.90 micron phytoplankton)","mg Chl m^-3",0.0171618647873402
"Meishan",29,24,49.5,"eco2D_Plankton_Chl_002","Chl Biomass - Popn. #002 (1.90 micron phytoplankton)","mg Chl m^-3",0.014715782366693
"Meishan",29,24,99.5,"eco2D_Plankton_Chl_002","Chl Biomass - Popn. #002 (1.90 micron phytoplankton)","mg Chl m^-3",0.0137952342629433
"Meishan",29,24,199.5,"eco2D_Plankton_Chl_002","Chl Biomass - Popn. #002 (1.90 micron phytoplankton)","mg Chl m^-3",0.0127844940871
"Meishan",29,24,499.5,"eco2D_Plankton_Chl_002","Chl Biomass - Popn. #002 (1.90 micron phytoplankton)","mg Chl m^-3",0.0123695433139801
"Meishan",29,24,999.5,"eco2D_Plankton_Chl_002","Chl Biomass - Popn. #002 (1.90 micron phytoplankton)","mg Chl m^-3",0.0122791631147265
"Meishan",29,24,1999.5,"eco2D_Plankton_Chl_002","Chl Biomass - Popn. #002 (1.90 micron phytoplankton)","mg Chl m^-3",0.0122777577489614
"Meishan",29,24,4999.5,"eco2D_Plankton_Chl_002","Chl Biomass - Popn. #002 (1.90 micron phytoplankton)","mg Chl m^-3",0.0125112300738692
"Meishan",29,24,9999.5,"eco2D_Plankton_Chl_002","Chl Biomass - Popn. #002 (1.90 micron phytoplankton)","mg Chl m^-3",0.0125291300937533
"Meishan",29,24,0.5,"eco2D_Plankton_Chl_003","Chl Biomass - Popn. #003 (6.00 micron phytoplankton)","mg Chl m^-3",0.141934722661972
"Meishan",29,24,1.5,"eco2D_Plankton_Chl_003","Chl Biomass - Popn. #003 (6.00 micron phytoplankton)","mg Chl m^-3",0.0482547096908092
"Meishan",29,24,4.5,"eco2D_Plankton_Chl_003","Chl Biomass - Popn. #003 (6.00 micron phytoplankton)","mg Chl m^-3",0.0232932511717081
"Meishan",29,24,9.5,"eco2D_Plankton_Chl_003","Chl Biomass - Popn. #003 (6.00 micron phytoplankton)","mg Chl m^-3",0.0130661679431796
"Meishan",29,24,19.5,"eco2D_Plankton_Chl_003","Chl Biomass - Popn. #003 (6.00 micron phytoplankton)","mg Chl m^-3",0.00933804735541344
"Meishan",29,24,49.5,"eco2D_Plankton_Chl_003","Chl Biomass - Popn. #003 (6.00 micron phytoplankton)","mg Chl m^-3",0.00737293064594269
"Meishan",29,24,99.5,"eco2D_Plankton_Chl_003","Chl Biomass - Popn. #003 (6.00 micron phytoplankton)","mg Chl m^-3",0.00683065876364708
"Meishan",29,24,199.5,"eco2D_Plankton_Chl_003","Chl Biomass - Popn. #003 (6.00 micron phytoplankton)","mg Chl m^-3",0.00602884776890278
"Meishan",29,24,499.5,"eco2D_Plankton_Chl_003","Chl Biomass - Popn. #003 (6.00 micron phytoplankton)","mg Chl m^-3",0.00555562507361174
"Meishan",29,24,999.5,"eco2D_Plankton_Chl_003","Chl Biomass - Popn. #003 (6.00 micron phytoplankton)","mg Chl m^-3",0.00525775598362088
"Meishan",29,24,1999.5,"eco2D_Plankton_Chl_003","Chl Biomass - Popn. #003 (6.00 micron phytoplankton)","mg Chl m^-3",0.00519680976867676
"Meishan",29,24,4999.5,"eco2D_Plankton_Chl_003","Chl Biomass - Popn. #003 (6.00 micron phytoplankton)","mg Chl m^-3",0.00533811748027802
"Meishan",29,24,9999.5,"eco2D_Plankton_Chl_003","Chl Biomass - Popn. #003 (6.00 micron phytoplankton)","mg Chl m^-3",0.00534985540434718
"Meishan",29,24,0.5,"eco2D_Plankton_Chl_004","Chl Biomass - Popn. #004 (19.00 micron phytoplankton)","mg Chl m^-3",0.0799382403492928
"Meishan",29,24,1.5,"eco2D_Plankton_Chl_004","Chl Biomass - Popn. #004 (19.00 micron phytoplankton)","mg Chl m^-3",0.0215843226760626
"Meishan",29,24,4.5,"eco2D_Plankton_Chl_004","Chl Biomass - Popn. #004 (19.00 micron phytoplankton)","mg Chl m^-3",0.00946277845650911
"Meishan",29,24,9.5,"eco2D_Plankton_Chl_004","Chl Biomass - Popn. #004 (19.00 micron phytoplankton)","mg Chl m^-3",0.00447153579443693
"Meishan",29,24,19.5,"eco2D_Plankton_Chl_004","Chl Biomass - Popn. #004 (19.00 micron phytoplankton)","mg Chl m^-3",0.00293625961057842
"Meishan",29,24,49.5,"eco2D_Plankton_Chl_004","Chl Biomass - Popn. #004 (19.00 micron phytoplankton)","mg Chl m^-3",0.00208667060360312
"Meishan",29,24,99.5,"eco2D_Plankton_Chl_004","Chl Biomass - Popn. #004 (19.00 micron phytoplankton)","mg Chl m^-3",0.0018735658377409
"Meishan",29,24,199.5,"eco2D_Plankton_Chl_004","Chl Biomass - Popn. #004 (19.00 micron phytoplankton)","mg Chl m^-3",0.00140225689392537
"Meishan",29,24,499.5,"eco2D_Plankton_Chl_004","Chl Biomass - Popn. #004 (19.00 micron phytoplankton)","mg Chl m^-3",0.00106747192330658
"Meishan",29,24,999.5,"eco2D_Plankton_Chl_004","Chl Biomass - Popn. #004 (19.00 micron phytoplankton)","mg Chl m^-3",0.000812846177723259
"Meishan",29,24,1999.5,"eco2D_Plankton_Chl_004","Chl Biomass - Popn. #004 (19.00 micron phytoplankton)","mg Chl m^-3",0.000756558787543327
"Meishan",29,24,4999.5,"eco2D_Plankton_Chl_004","Chl Biomass - Popn. #004 (19.00 micron phytoplankton)","mg Chl m^-3",0.000819322769530118
"Meishan",29,24,9999.5,"eco2D_Plankton_Chl_004","Chl Biomass - Popn. #004 (19.00 micron phytoplankton)","mg Chl m^-3",0.000824955524876714
"Meishan",29,24,0.5,"eco2D_Plankton_Chl_005","Chl Biomass - Popn. #005 (60.00 micron phytoplankton)","mg Chl m^-3",0.0371734872460365
"Meishan",29,24,1.5,"eco2D_Plankton_Chl_005","Chl Biomass - Popn. #005 (60.00 micron phytoplankton)","mg Chl m^-3",0.00736245233565569
"Meishan",29,24,4.5,"eco2D_Plankton_Chl_005","Chl Biomass - Popn. #005 (60.00 micron phytoplankton)","mg Chl m^-3",0.00224830210208893
"Meishan",29,24,9.5,"eco2D_Plankton_Chl_005","Chl Biomass - Popn. #005 (60.00 micron phytoplankton)","mg Chl m^-3",0.00032352059497498
"Meishan",29,24,19.5,"eco2D_Plankton_Chl_005","Chl Biomass - Popn. #005 (60.00 micron phytoplankton)","mg Chl m^-3",2.66902177442629e-11
"Meishan",29,24,49.5,"eco2D_Plankton_Chl_005","Chl Biomass - Popn. #005 (60.00 micron phytoplankton)","mg Chl m^-3",3.73063602579493e-12
"Meishan",29,24,99.5,"eco2D_Plankton_Chl_005","Chl Biomass - Popn. #005 (60.00 micron phytoplankton)","mg Chl m^-3",3.26607946417312e-12
"Meishan",29,24,199.5,"eco2D_Plankton_Chl_005","Chl Biomass - Popn. #005 (60.00 micron phytoplankton)","mg Chl m^-3",2.17945995452384e-12
"Meishan",29,24,499.5,"eco2D_Plankton_Chl_005","Chl Biomass - Popn. #005 (60.00 micron phytoplankton)","mg Chl m^-3",1.6042908104405e-12
"Meishan",29,24,999.5,"eco2D_Plankton_Chl_005","Chl Biomass - Popn. #005 (60.00 micron phytoplankton)","mg Chl m^-3",1.25887820133508e-12
"Meishan",29,24,1999.5,"eco2D_Plankton_Chl_005","Chl Biomass - Popn. #005 (60.00 micron phytoplankton)","mg Chl m^-3",1.1937088687311e-12
"Meishan",29,24,4999.5,"eco2D_Plankton_Chl_005","Chl Biomass - Popn. #005 (60.00 micron phytoplankton)","mg Chl m^-3",1.25342704965226e-12
"Meishan",29,24,9999.5,"eco2D_Plankton_Chl_005","Chl Biomass - Popn. #005 (60.00 micron phytoplankton)","mg Chl m^-3",1.25909753543457e-12
"Meishan",29,24,0.5,"eco2D_Plankton_Chl_006","Chl Biomass - Popn. #006 (190.00 micron phytoplankton)","mg Chl m^-3",0.0217545907944441
"Meishan",29,24,1.5,"eco2D_Plankton_Chl_006","Chl Biomass - Popn. #006 (190.00 micron phytoplankton)","mg Chl m^-3",0.000717349699698389
"Meishan",29,24,4.5,"eco2D_Plankton_Chl_006","Chl Biomass - Popn. #006 (190.00 micron phytoplankton)","mg Chl m^-3",2.12338608918117e-08
"Meishan",29,24,9.5,"eco2D_Plankton_Chl_006","Chl Biomass - Popn. #006 (190.00 micron phytoplankton)","mg Chl m^-3",8.99095901896185e-13
"Meishan",29,24,19.5,"eco2D_Plankton_Chl_006","Chl Biomass - Popn. #006 (190.00 micron phytoplankton)","mg Chl m^-3",5.57903170276403e-13
"Meishan",29,24,49.5,"eco2D_Plankton_Chl_006","Chl Biomass - Popn. #006 (190.00 micron phytoplankton)","mg Chl m^-3",3.98795064896276e-13
"Meishan",29,24,99.5,"eco2D_Plankton_Chl_006","Chl Biomass - Popn. #006 (190.00 micron phytoplankton)","mg Chl m^-3",3.68980562250043e-13
"Meishan",29,24,199.5,"eco2D_Plankton_Chl_006","Chl Biomass - Popn. #006 (190.00 micron phytoplankton)","mg Chl m^-3",2.75514095045282e-13
"Meishan",29,24,499.5,"eco2D_Plankton_Chl_006","Chl Biomass - Popn. #006 (190.00 micron phytoplankton)","mg Chl m^-3",2.15678617001593e-13
"Meishan",29,24,999.5,"eco2D_Plankton_Chl_006","Chl Biomass - Popn. #006 (190.00 micron phytoplankton)","mg Chl m^-3",1.75717581219099e-13
"Meishan",29,24,1999.5,"eco2D_Plankton_Chl_006","Chl Biomass - Popn. #006 (190.00 micron phytoplankton)","mg Chl m^-3",1.67859568475995e-13
"Meishan",29,24,4999.5,"eco2D_Plankton_Chl_006","Chl Biomass - Popn. #006 (190.00 micron phytoplankton)","mg Chl m^-3",1.75114547970763e-13
"Meishan",29,24,9999.5,"eco2D_Plankton_Chl_006","Chl Biomass - Popn. #006 (190.00 micron phytoplankton)","mg Chl m^-3",1.75805713303195e-13
"Meishan",29,24,0.5,"eco2D_Plankton_Chl_007","Chl Biomass - Popn. #007 (600.00 micron phytoplankton)","mg Chl m^-3",0.0141495978459716
"Meishan",29,24,1.5,"eco2D_Plankton_Chl_007","Chl Biomass - Popn. #007 (600.00 micron phytoplankton)","mg Chl m^-3",4.0135087147064e-06
"Meishan",29,24,4.5,"eco2D_Plankton_Chl_007","Chl Biomass - Popn. #007 (600.00 micron phytoplankton)","mg Chl m^-3",3.52652829898117e-13
"Meishan",29,24,9.5,"eco2D_Plankton_Chl_007","Chl Biomass - Popn. #007 (600.00 micron phytoplankton)","mg Chl m^-3",1.41437547979996e-13
"Meishan",29,24,19.5,"eco2D_Plankton_Chl_007","Chl Biomass - Popn. #007 (600.00 micron phytoplankton)","mg Chl m^-3",8.59546673203856e-14
"Meishan",29,24,49.5,"eco2D_Plankton_Chl_007","Chl Biomass - Popn. #007 (600.00 micron phytoplankton)","mg Chl m^-3",6.14315591668593e-14
"Meishan",29,24,99.5,"eco2D_Plankton_Chl_007","Chl Biomass - Popn. #007 (600.00 micron phytoplankton)","mg Chl m^-3",5.78627315332703e-14
"Meishan",29,24,199.5,"eco2D_Plankton_Chl_007","Chl Biomass - Popn. #007 (600.00 micron phytoplankton)","mg Chl m^-3",4.32920911033925e-14
"Meishan",29,24,499.5,"eco2D_Plankton_Chl_007","Chl Biomass - Popn. #007 (600.00 micron phytoplankton)","mg Chl m^-3",3.40190556117909e-14
"Meishan",29,24,999.5,"eco2D_Plankton_Chl_007","Chl Biomass - Popn. #007 (600.00 micron phytoplankton)","mg Chl m^-3",2.77822131077542e-14
"Meishan",29,24,1999.5,"eco2D_Plankton_Chl_007","Chl Biomass - Popn. #007 (600.00 micron phytoplankton)","mg Chl m^-3",2.65550470203652e-14
"Meishan",29,24,4999.5,"eco2D_Plankton_Chl_007","Chl Biomass - Popn. #007 (600.00 micron phytoplankton)","mg Chl m^-3",2.77018296810597e-14
"Meishan",29,24,9999.5,"eco2D_Plankton_Chl_007","Chl Biomass - Popn. #007 (600.00 micron phytoplankton)","mg Chl m^-3",2.78135211395506e-14
"Meishan",29,24,0.5,"eco2D_Plankton_Chl_008","Chl Biomass - Popn. #008 (1900.00 micron phytoplankton)","mg Chl m^-3",0.00461323466151953
"Meishan",29,24,1.5,"eco2D_Plankton_Chl_008","Chl Biomass - Popn. #008 (1900.00 micron phytoplankton)","mg Chl m^-3",4.38862493012948e-08
"Meishan",29,24,4.5,"eco2D_Plankton_Chl_008","Chl Biomass - Popn. #008 (1900.00 micron phytoplankton)","mg Chl m^-3",6.74218507087411e-14
"Meishan",29,24,9.5,"eco2D_Plankton_Chl_008","Chl Biomass - Popn. #008 (1900.00 micron phytoplankton)","mg Chl m^-3",2.59170855214158e-14
"Meishan",29,24,19.5,"eco2D_Plankton_Chl_008","Chl Biomass - Popn. #008 (1900.00 micron phytoplankton)","mg Chl m^-3",1.39541639216354e-14
"Meishan",29,24,49.5,"eco2D_Plankton_Chl_008","Chl Biomass - Popn. #008 (1900.00 micron phytoplankton)","mg Chl m^-3",9.57749301416268e-15
"Meishan",29,24,99.5,"eco2D_Plankton_Chl_008","Chl Biomass - Popn. #008 (1900.00 micron phytoplankton)","mg Chl m^-3",9.31123328939097e-15
"Meishan",29,24,199.5,"eco2D_Plankton_Chl_008","Chl Biomass - Popn. #008 (1900.00 micron phytoplankton)","mg Chl m^-3",6.89825538068034e-15
"Meishan",29,24,499.5,"eco2D_Plankton_Chl_008","Chl Biomass - Popn. #008 (1900.00 micron phytoplankton)","mg Chl m^-3",5.43444522848745e-15
"Meishan",29,24,999.5,"eco2D_Plankton_Chl_008","Chl Biomass - Popn. #008 (1900.00 micron phytoplankton)","mg Chl m^-3",4.44227022110581e-15
"Meishan",29,24,1999.5,"eco2D_Plankton_Chl_008","Chl Biomass - Popn. #008 (1900.00 micron phytoplankton)","mg Chl m^-3",4.24532489647382e-15
"Meishan",29,24,4999.5,"eco2D_Plankton_Chl_008","Chl Biomass - Popn. #008 (1900.00 micron phytoplankton)","mg Chl m^-3",4.42951390492016e-15
"Meishan",29,24,9999.5,"eco2D_Plankton_Chl_008","Chl Biomass - Popn. #008 (1900.00 micron phytoplankton)","mg Chl m^-3",4.44739265285433e-15
"Meishan",29,24,0.5,"eco2D_Plankton_Chl_Total","Chl Biomass - Total","mg Chl m^-3",0.340119540691376
"Meishan",29,24,1.5,"eco2D_Plankton_Chl_Total","Chl Biomass - Total","mg Chl m^-3",0.115321509540081
"Meishan",29,24,4.5,"eco2D_Plankton_Chl_Total","Chl Biomass - Total","mg Chl m^-3",0.0688975378870964
"Meishan",29,24,9.5,"eco2D_Plankton_Chl_Total","Chl Biomass - Total","mg Chl m^-3",0.0458684675395489
"Meishan",29,24,19.5,"eco2D_Plankton_Chl_Total","Chl Biomass - Total","mg Chl m^-3",0.037193089723587
"Meishan",29,24,49.5,"eco2D_Plankton_Chl_Total","Chl Biomass - Total","mg Chl m^-3",0.0321540385484695
"Meishan",29,24,99.5,"eco2D_Plankton_Chl_Total","Chl Biomass - Total","mg Chl m^-3",0.0306008569896221
"Meishan",29,24,199.5,"eco2D_Plankton_Chl_Total","Chl Biomass - Total","mg Chl m^-3",0.0283454898744822
"Meishan",29,24,499.5,"eco2D_Plankton_Chl_Total","Chl Biomass - Total","mg Chl m^-3",0.0271311830729246
"Meishan",29,24,999.5,"eco2D_Plankton_Chl_Total","Chl Biomass - Total","mg Chl m^-3",0.0264829844236374
"Meishan",29,24,1999.5,"eco2D_Plankton_Chl_Total","Chl Biomass - Total","mg Chl m^-3",0.026351684704423
"Meishan",29,24,4999.5,"eco2D_Plankton_Chl_Total","Chl Biomass - Total","mg Chl m^-3",0.0267835184931755
"Meishan",29,24,9999.5,"eco2D_Plankton_Chl_Total","Chl Biomass - Total","mg Chl m^-3",0.0268183667212725
"Meishan",29,24,0.5,"eco2D_xGamma_T","Temperature Limitation","@",0.790810525417328
"Meishan",29,24,1.5,"eco2D_xGamma_T","Temperature Limitation","@",1.03401720523834
"Meishan",29,24,4.5,"eco2D_xGamma_T","Temperature Limitation","@",1.28674173355103
"Meishan",29,24,9.5,"eco2D_xGamma_T","Temperature Limitation","@",1.42869031429291
"Meishan",29,24,19.5,"eco2D_xGamma_T","Temperature Limitation","@",1.53417098522186
"Meishan",29,24,49.5,"eco2D_xGamma_T","Temperature Limitation","@",1.58979475498199
"Meishan",29,24,99.5,"eco2D_xGamma_T","Temperature Limitation","@",1.64301037788391
"Meishan",29,24,199.5,"eco2D_xGamma_T","Temperature Limitation","@",1.61671245098114
"Meishan",29,24,499.5,"eco2D_xGamma_T","Temperature Limitation","@",1.55339121818542
"Meishan",29,24,999.5,"eco2D_xGamma_T","Temperature Limitation","@",1.47328305244446
"Meishan",29,24,1999.5,"eco2D_xGamma_T","Temperature Limitation","@",1.45298218727112
"Meishan",29,24,4999.5,"eco2D_xGamma_T","Temperature Limitation","@",1.45050501823425
"Meishan",29,24,9999.5,"eco2D_xGamma_T","Temperature Limitation","@",1.45057845115662
"Meishan",29,24,0.5,"eco2D_Nutrients_DIC","Nutrients DIC","mmol DIC m^-3",1926.17065429688
"Meishan",29,24,1.5,"eco2D_Nutrients_DIC","Nutrients DIC","mmol DIC m^-3",1900.21667480469
"Meishan",29,24,4.5,"eco2D_Nutrients_DIC","Nutrients DIC","mmol DIC m^-3",1862.7109375
"Meishan",29,24,9.5,"eco2D_Nutrients_DIC","Nutrients DIC","mmol DIC m^-3",1849.95971679688
"Meishan",29,24,19.5,"eco2D_Nutrients_DIC","Nutrients DIC","mmol DIC m^-3",1830.17602539062
"Meishan",29,24,49.5,"eco2D_Nutrients_DIC","Nutrients DIC","mmol DIC m^-3",1810.49853515625
"Meishan",29,24,99.5,"eco2D_Nutrients_DIC","Nutrients DIC","mmol DIC m^-3",1808.71740722656
"Meishan",29,24,199.5,"eco2D_Nutrients_DIC","Nutrients DIC","mmol DIC m^-3",1812.54028320312
"Meishan",29,24,499.5,"eco2D_Nutrients_DIC","Nutrients DIC","mmol DIC m^-3",1816.267578125
"Meishan",29,24,999.5,"eco2D_Nutrients_DIC","Nutrients DIC","mmol DIC m^-3",1824.73327636719
"Meishan",29,24,1999.5,"eco2D_Nutrients_DIC","Nutrients DIC","mmol DIC m^-3",1828.89587402344
"Meishan",29,24,4999.5,"eco2D_Nutrients_DIC","Nutrients DIC","mmol DIC m^-3",1829.05773925781
"Meishan",29,24,9999.5,"eco2D_Nutrients_DIC","Nutrients DIC","mmol DIC m^-3",1829.072265625
"Meishan",29,24,0.5,"eco2D_Nutrients_PO4","Nutrients PO4","mmol PO4 m^-3",0.579087257385254
"Meishan",29,24,1.5,"eco2D_Nutrients_PO4","Nutrients PO4","mmol PO4 m^-3",0.0225584171712399
"Meishan",29,24,4.5,"eco2D_Nutrients_PO4","Nutrients PO4","mmol PO4 m^-3",0.00646170182153583
"Meishan",29,24,9.5,"eco2D_Nutrients_PO4","Nutrients PO4","mmol PO4 m^-3",0.00246506137773395
"Meishan",29,24,19.5,"eco2D_Nutrients_PO4","Nutrients PO4","mmol PO4 m^-3",0.00148337124846876
"Meishan",29,24,49.5,"eco2D_Nutrients_PO4","Nutrients PO4","mmol PO4 m^-3",0.00104728143196553
"Meishan",29,24,99.5,"eco2D_Nutrients_PO4","Nutrients PO4","mmol PO4 m^-3",0.000893082236871123
"Meishan",29,24,199.5,"eco2D_Nutrients_PO4","Nutrients PO4","mmol PO4 m^-3",0.000741209485568106
"Meishan",29,24,499.5,"eco2D_Nutrients_PO4","Nutrients PO4","mmol PO4 m^-3",0.000684132741298527
"Meishan",29,24,999.5,"eco2D_Nutrients_PO4","Nutrients PO4","mmol PO4 m^-3",0.000677461677696556
"Meishan",29,24,1999.5,"eco2D_Nutrients_PO4","Nutrients PO4","mmol PO4 m^-3",0.000680626195389777
"Meishan",29,24,4999.5,"eco2D_Nutrients_PO4","Nutrients PO4","mmol PO4 m^-3",0.000704844307620078
"Meishan",29,24,9999.5,"eco2D_Nutrients_PO4","Nutrients PO4","mmol PO4 m^-3",0.000706717488355935
"Meishan",29,24,0.5,"eco2D_Size_Mean","Geometric Mean of Cell Diameter","µm",27.5995941162109
"Meishan",29,24,1.5,"eco2D_Size_Mean","Geometric Mean of Cell Diameter","µm",8.23896408081055
"Meishan",29,24,4.5,"eco2D_Size_Mean","Geometric Mean of Cell Diameter","µm",5.07724952697754
"Meishan",29,24,9.5,"eco2D_Size_Mean","Geometric Mean of Cell Diameter","µm",3.53434729576111
"Meishan",29,24,19.5,"eco2D_Size_Mean","Geometric Mean of Cell Diameter","µm",2.93601870536804
"Meishan",29,24,49.5,"eco2D_Size_Mean","Geometric Mean of Cell Diameter","µm",2.64410805702209
"Meishan",29,24,99.5,"eco2D_Size_Mean","Geometric Mean of Cell Diameter","µm",2.55499219894409
"Meishan",29,24,199.5,"eco2D_Size_Mean","Geometric Mean of Cell Diameter","µm",2.37879204750061
"Meishan",29,24,499.5,"eco2D_Size_Mean","Geometric Mean of Cell Diameter","µm",2.25009441375732
"Meishan",29,24,999.5,"eco2D_Size_Mean","Geometric Mean of Cell Diameter","µm",2.15466642379761
"Meishan",29,24,1999.5,"eco2D_Size_Mean","Geometric Mean of Cell Diameter","µm",2.13362145423889
"Meishan",29,24,4999.5,"eco2D_Size_Mean","Geometric Mean of Cell Diameter","µm",2.16452789306641
"Meishan",29,24,9999.5,"eco2D_Size_Mean","Geometric Mean of Cell Diameter","µm",2.16704273223877
"Meishan",29,24,0.5,"eco2D_Size_Stdev","Geometric Standard Deviation of Cell Diameter","Relative magnitude",7.78243684768677
"Meishan",29,24,1.5,"eco2D_Size_Stdev","Geometric Standard Deviation of Cell Diameter","Relative magnitude",3.9689474105835
"Meishan",29,24,4.5,"eco2D_Size_Stdev","Geometric Standard Deviation of Cell Diameter","Relative magnitude",3.68794941902161
"Meishan",29,24,9.5,"eco2D_Size_Stdev","Geometric Standard Deviation of Cell Diameter","Relative magnitude",3.30297946929932
"Meishan",29,24,19.5,"eco2D_Size_Stdev","Geometric Standard Deviation of Cell Diameter","Relative magnitude",3.12164092063904
"Meishan",29,24,49.5,"eco2D_Size_Stdev","Geometric Standard Deviation of Cell Diameter","Relative magnitude",3.09451031684875
"Meishan",29,24,99.5,"eco2D_Size_Stdev","Geometric Standard Deviation of Cell Diameter","Relative magnitude",3.09385633468628
"Meishan",29,24,199.5,"eco2D_Size_Stdev","Geometric Standard Deviation of Cell Diameter","Relative magnitude",3.02094554901123
"Meishan",29,24,499.5,"eco2D_Size_Stdev","Geometric Standard Deviation of Cell Diameter","Relative magnitude",2.93454718589783
"Meishan",29,24,999.5,"eco2D_Size_Stdev","Geometric Standard Deviation of Cell Diameter","Relative magnitude",2.84409952163696
"Meishan",29,24,1999.5,"eco2D_Size_Stdev","Geometric Standard Deviation of Cell Diameter","Relative magnitude",2.82073640823364
"Meishan",29,24,4999.5,"eco2D_Size_Stdev","Geometric Standard Deviation of Cell Diameter","Relative magnitude",2.83664631843567
"Meishan",29,24,9999.5,"eco2D_Size_Stdev","Geometric Standard Deviation of Cell Diameter","Relative magnitude",2.83813214302063
"Meishan",29,24,0.5,"eco2D_Size_Minimum","Minimum Cell Diameter","µm",0.600000023841858
"Meishan",29,24,1.5,"eco2D_Size_Minimum","Minimum Cell Diameter","µm",0.600000023841858
"Meishan",29,24,4.5,"eco2D_Size_Minimum","Minimum Cell Diameter","µm",0.600000023841858
"Meishan",29,24,9.5,"eco2D_Size_Minimum","Minimum Cell Diameter","µm",0.600000023841858
"Meishan",29,24,19.5,"eco2D_Size_Minimum","Minimum Cell Diameter","µm",0.600000023841858
"Meishan",29,24,49.5,"eco2D_Size_Minimum","Minimum Cell Diameter","µm",0.600000023841858
"Meishan",29,24,99.5,"eco2D_Size_Minimum","Minimum Cell Diameter","µm",0.600000023841858
"Meishan",29,24,199.5,"eco2D_Size_Minimum","Minimum Cell Diameter","µm",0.600000023841858
"Meishan",29,24,499.5,"eco2D_Size_Minimum","Minimum Cell Diameter","µm",0.600000023841858
"Meishan",29,24,999.5,"eco2D_Size_Minimum","Minimum Cell Diameter","µm",0.600000023841858
"Meishan",29,24,1999.5,"eco2D_Size_Minimum","Minimum Cell Diameter","µm",0.600000023841858
"Meishan",29,24,4999.5,"eco2D_Size_Minimum","Minimum Cell Diameter","µm",0.600000023841858
"Meishan",29,24,9999.5,"eco2D_Size_Minimum","Minimum Cell Diameter","µm",0.600000023841858
"Meishan",29,24,0.5,"eco2D_Size_Maximum","Maximum Cell Diameter","µm",1900
"Meishan",29,24,1.5,"eco2D_Size_Maximum","Maximum Cell Diameter","µm",190
"Meishan",29,24,4.5,"eco2D_Size_Maximum","Maximum Cell Diameter","µm",60
"Meishan",29,24,9.5,"eco2D_Size_Maximum","Maximum Cell Diameter","µm",60
"Meishan",29,24,19.5,"eco2D_Size_Maximum","Maximum Cell Diameter","µm",19
"Meishan",29,24,49.5,"eco2D_Size_Maximum","Maximum Cell Diameter","µm",19
"Meishan",29,24,99.5,"eco2D_Size_Maximum","Maximum Cell Diameter","µm",19
"Meishan",29,24,199.5,"eco2D_Size_Maximum","Maximum Cell Diameter","µm",19
"Meishan",29,24,499.5,"eco2D_Size_Maximum","Maximum Cell Diameter","µm",19
"Meishan",29,24,999.5,"eco2D_Size_Maximum","Maximum Cell Diameter","µm",19
"Meishan",29,24,1999.5,"eco2D_Size_Maximum","Maximum Cell Diameter","µm",19
"Meishan",29,24,4999.5,"eco2D_Size_Maximum","Maximum Cell Diameter","µm",19
"Meishan",29,24,9999.5,"eco2D_Size_Maximum","Maximum Cell Diameter","µm",19
"Meishan",29,24,0.5,"eco2D_Diversity_Threshold","Threshold Diversity Index","-",8
"Meishan",29,24,1.5,"eco2D_Diversity_Threshold","Threshold Diversity Index","-",6
"Meishan",29,24,4.5,"eco2D_Diversity_Threshold","Threshold Diversity Index","-",5
"Meishan",29,24,9.5,"eco2D_Diversity_Threshold","Threshold Diversity Index","-",5
"Meishan",29,24,19.5,"eco2D_Diversity_Threshold","Threshold Diversity Index","-",4
"Meishan",29,24,49.5,"eco2D_Diversity_Threshold","Threshold Diversity Index","-",4
"Meishan",29,24,99.5,"eco2D_Diversity_Threshold","Threshold Diversity Index","-",4
"Meishan",29,24,199.5,"eco2D_Diversity_Threshold","Threshold Diversity Index","-",4
"Meishan",29,24,499.5,"eco2D_Diversity_Threshold","Threshold Diversity Index","-",4
"Meishan",29,24,999.5,"eco2D_Diversity_Threshold","Threshold Diversity Index","-",4
"Meishan",29,24,1999.5,"eco2D_Diversity_Threshold","Threshold Diversity Index","-",4
"Meishan",29,24,4999.5,"eco2D_Diversity_Threshold","Threshold Diversity Index","-",4
"Meishan",29,24,9999.5,"eco2D_Diversity_Threshold","Threshold Diversity Index","-",4
"Meishan",29,24,0.5,"eco2D_Diversity_Shannon","Shannon Diversity Index","-",1.85083568096161
"Meishan",29,24,1.5,"eco2D_Diversity_Shannon","Shannon Diversity Index","-",1.51855075359344
"Meishan",29,24,4.5,"eco2D_Diversity_Shannon","Shannon Diversity Index","-",1.45137298107147
"Meishan",29,24,9.5,"eco2D_Diversity_Shannon","Shannon Diversity Index","-",1.36557686328888
"Meishan",29,24,19.5,"eco2D_Diversity_Shannon","Shannon Diversity Index","-",1.30080103874207
"Meishan",29,24,49.5,"eco2D_Diversity_Shannon","Shannon Diversity Index","-",1.29070711135864
"Meishan",29,24,99.5,"eco2D_Diversity_Shannon","Shannon Diversity Index","-",1.28880310058594
"Meishan",29,24,199.5,"eco2D_Diversity_Shannon","Shannon Diversity Index","-",1.26884853839874
"Meishan",29,24,499.5,"eco2D_Diversity_Shannon","Shannon Diversity Index","-",1.24536108970642
"Meishan",29,24,999.5,"eco2D_Diversity_Shannon","Shannon Diversity Index","-",1.21996641159058
"Meishan",29,24,1999.5,"eco2D_Diversity_Shannon","Shannon Diversity Index","-",1.21316289901733
"Meishan",29,24,4999.5,"eco2D_Diversity_Shannon","Shannon Diversity Index","-",1.21848857402802
"Meishan",29,24,9999.5,"eco2D_Diversity_Shannon","Shannon Diversity Index","-",1.21896231174469
"Meishan",29,24,0.5,"eco2D_Diversity_Simpson","Simpson Diversity Index","-",0.821332395076752
"Meishan",29,24,1.5,"eco2D_Diversity_Simpson","Simpson Diversity Index","-",0.751840353012085
"Meishan",29,24,4.5,"eco2D_Diversity_Simpson","Simpson Diversity Index","-",0.741200089454651
"Meishan",29,24,9.5,"eco2D_Diversity_Simpson","Simpson Diversity Index","-",0.717615485191345
"Meishan",29,24,19.5,"eco2D_Diversity_Simpson","Simpson Diversity Index","-",0.707318007946014
"Meishan",29,24,49.5,"eco2D_Diversity_Simpson","Simpson Diversity Index","-",0.703381478786469
"Meishan",29,24,99.5,"eco2D_Diversity_Simpson","Simpson Diversity Index","-",0.703322350978851
"Meishan",29,24,199.5,"eco2D_Diversity_Simpson","Simpson Diversity Index","-",0.6956866979599
"Meishan",29,24,499.5,"eco2D_Diversity_Simpson","Simpson Diversity Index","-",0.686747252941132
"Meishan",29,24,999.5,"eco2D_Diversity_Simpson","Simpson Diversity Index","-",0.677328765392303
"Meishan",29,24,1999.5,"eco2D_Diversity_Simpson","Simpson Diversity Index","-",0.674861371517181
"Meishan",29,24,4999.5,"eco2D_Diversity_Simpson","Simpson Diversity Index","-",0.676398158073425
"Meishan",29,24,9999.5,"eco2D_Diversity_Simpson","Simpson Diversity Index","-",0.676537156105042
"Meishan",29,24,0.5,"eco2D_Diversity_Berger","Berger Diversity Index","-",0.723499894142151
"Meishan",29,24,1.5,"eco2D_Diversity_Berger","Berger Diversity Index","-",0.645187079906464
"Meishan",29,24,4.5,"eco2D_Diversity_Berger","Berger Diversity Index","-",0.672387421131134
"Meishan",29,24,9.5,"eco2D_Diversity_Berger","Berger Diversity Index","-",0.624880254268646
"Meishan",29,24,19.5,"eco2D_Diversity_Berger","Berger Diversity Index","-",0.602390229701996
"Meishan",29,24,49.5,"eco2D_Diversity_Berger","Berger Diversity Index","-",0.592042863368988
"Meishan",29,24,99.5,"eco2D_Diversity_Berger","Berger Diversity Index","-",0.593838036060333
"Meishan",29,24,199.5,"eco2D_Diversity_Berger","Berger Diversity Index","-",0.584232211112976
"Meishan",29,24,499.5,"eco2D_Diversity_Berger","Berger Diversity Index","-",0.573225557804108
"Meishan",29,24,999.5,"eco2D_Diversity_Berger","Berger Diversity Index","-",0.561684906482697
"Meishan",29,24,1999.5,"eco2D_Diversity_Berger","Berger Diversity Index","-",0.558672070503235
"Meishan",29,24,4999.5,"eco2D_Diversity_Berger","Berger Diversity Index","-",0.559297442436218
"Meishan",29,24,9999.5,"eco2D_Diversity_Berger","Berger Diversity Index","-",0.559361517429352
"Meishan",29,24,0.5,"eco2D_Size_Frac_Pico_Chl","Pico chlorophyll biomass","mg Chl m^-3",0.0405556745827198
"Meishan",29,24,1.5,"eco2D_Size_Frac_Pico_Chl","Pico chlorophyll biomass","mg Chl m^-3",0.0373986214399338
"Meishan",29,24,4.5,"eco2D_Size_Frac_Pico_Chl","Pico chlorophyll biomass","mg Chl m^-3",0.0338931865990162
"Meishan",29,24,9.5,"eco2D_Size_Frac_Pico_Chl","Pico chlorophyll biomass","mg Chl m^-3",0.0280072446912527
"Meishan",29,24,19.5,"eco2D_Size_Frac_Pico_Chl","Pico chlorophyll biomass","mg Chl m^-3",0.0249187853187323
"Meishan",29,24,49.5,"eco2D_Size_Frac_Pico_Chl","Pico chlorophyll biomass","mg Chl m^-3",0.0226944386959076
"Meishan",29,24,99.5,"eco2D_Size_Frac_Pico_Chl","Pico chlorophyll biomass","mg Chl m^-3",0.0218966323882341
"Meishan",29,24,199.5,"eco2D_Size_Frac_Pico_Chl","Pico chlorophyll biomass","mg Chl m^-3",0.0209143850952387
"Meishan",29,24,499.5,"eco2D_Size_Frac_Pico_Chl","Pico chlorophyll biomass","mg Chl m^-3",0.0205080863088369
"Meishan",29,24,999.5,"eco2D_Size_Frac_Pico_Chl","Pico chlorophyll biomass","mg Chl m^-3",0.0204123817384243
"Meishan",29,24,1999.5,"eco2D_Size_Frac_Pico_Chl","Pico chlorophyll biomass","mg Chl m^-3",0.0203983169049025
"Meishan",29,24,4999.5,"eco2D_Size_Frac_Pico_Chl","Pico chlorophyll biomass","mg Chl m^-3",0.0206260792911053
"Meishan",29,24,9999.5,"eco2D_Size_Frac_Pico_Chl","Pico chlorophyll biomass","mg Chl m^-3",0.0206435564905405
"Meishan",29,24,0.5,"eco2D_Size_Frac_Nano_Chl","Nano chlorophyll biomass","mg Chl m^-3",0.221872970461845
"Meishan",29,24,1.5,"eco2D_Size_Frac_Nano_Chl","Nano chlorophyll biomass","mg Chl m^-3",0.0698390305042267
"Meishan",29,24,4.5,"eco2D_Size_Frac_Nano_Chl","Nano chlorophyll biomass","mg Chl m^-3",0.0327560305595398
"Meishan",29,24,9.5,"eco2D_Size_Frac_Nano_Chl","Nano chlorophyll biomass","mg Chl m^-3",0.0175377037376165
"Meishan",29,24,19.5,"eco2D_Size_Frac_Nano_Chl","Nano chlorophyll biomass","mg Chl m^-3",0.0122743062674999
"Meishan",29,24,49.5,"eco2D_Size_Frac_Nano_Chl","Nano chlorophyll biomass","mg Chl m^-3",0.00945960078388453
"Meishan",29,24,99.5,"eco2D_Size_Frac_Nano_Chl","Nano chlorophyll biomass","mg Chl m^-3",0.00870422460138798
"Meishan",29,24,199.5,"eco2D_Size_Frac_Nano_Chl","Nano chlorophyll biomass","mg Chl m^-3",0.00743110477924347
"Meishan",29,24,499.5,"eco2D_Size_Frac_Nano_Chl","Nano chlorophyll biomass","mg Chl m^-3",0.00662309722974896
"Meishan",29,24,999.5,"eco2D_Size_Frac_Nano_Chl","Nano chlorophyll biomass","mg Chl m^-3",0.0060706022195518
"Meishan",29,24,1999.5,"eco2D_Size_Frac_Nano_Chl","Nano chlorophyll biomass","mg Chl m^-3",0.00595336873084307
"Meishan",29,24,4999.5,"eco2D_Size_Frac_Nano_Chl","Nano chlorophyll biomass","mg Chl m^-3",0.00615744013339281
"Meishan",29,24,9999.5,"eco2D_Size_Frac_Nano_Chl","Nano chlorophyll biomass","mg Chl m^-3",0.00617481069639325
"Meishan",29,24,0.5,"eco2D_Size_Frac_Micro_Chl","Micro chlorophyll biomass","mg Chl m^-3",0.0776909068226814
"Meishan",29,24,1.5,"eco2D_Size_Frac_Micro_Chl","Micro chlorophyll biomass","mg Chl m^-3",0.00808385945856571
"Meishan",29,24,4.5,"eco2D_Size_Frac_Micro_Chl","Micro chlorophyll biomass","mg Chl m^-3",0.0022483232896775
"Meishan",29,24,9.5,"eco2D_Size_Frac_Micro_Chl","Micro chlorophyll biomass","mg Chl m^-3",0.00032352059497498
"Meishan",29,24,19.5,"eco2D_Size_Frac_Micro_Chl","Micro chlorophyll biomass","mg Chl m^-3",2.73480300905238e-11
"Meishan",29,24,49.5,"eco2D_Size_Frac_Micro_Chl","Micro chlorophyll biomass","mg Chl m^-3",4.20043990909114e-12
"Meishan",29,24,99.5,"eco2D_Size_Frac_Micro_Chl","Micro chlorophyll biomass","mg Chl m^-3",3.70223383200363e-12
"Meishan",29,24,199.5,"eco2D_Size_Frac_Micro_Chl","Micro chlorophyll biomass","mg Chl m^-3",2.50516426179848e-12
"Meishan",29,24,499.5,"eco2D_Size_Frac_Micro_Chl","Micro chlorophyll biomass","mg Chl m^-3",1.85942298884523e-12
"Meishan",29,24,999.5,"eco2D_Size_Frac_Micro_Chl","Micro chlorophyll biomass","mg Chl m^-3",1.46682026334194e-12
"Meishan",29,24,1999.5,"eco2D_Size_Frac_Micro_Chl","Micro chlorophyll biomass","mg Chl m^-3",1.39236875067866e-12
"Meishan",29,24,4999.5,"eco2D_Size_Frac_Micro_Chl","Micro chlorophyll biomass","mg Chl m^-3",1.46067294544416e-12
"Meishan",29,24,9999.5,"eco2D_Size_Frac_Micro_Chl","Micro chlorophyll biomass","mg Chl m^-3",1.46716417227105e-12
