spp_id,gen,vul,can,net_id,net_type,community,stage,S4_consumer,S4_resource,S5_consumer,S5_resource
17,8,1,true,1,metaweb,turkiye,creation,0,0,0,0
20,8,7,true,1,metaweb,turkiye,creation,0,0,0,0
29,0,27,true,1,metaweb,turkiye,creation,0,0,0,0
34,8,1,true,1,metaweb,turkiye,creation,0,0,0,0
7,8,6,true,1,metaweb,turkiye,creation,0,0,0,0
2,19,3,false,1,metaweb,turkiye,creation,192,0,28,0
23,8,6,false,1,metaweb,turkiye,creation,184,8,28,0
40,8,1,false,1,metaweb,turkiye,creation,176,16,28,0
12,8,7,false,1,metaweb,turkiye,creation,168,24,28,0
18,8,6,false,1,metaweb,turkiye,creation,160,32,28,0
13,8,1,false,1,metaweb,turkiye,creation,152,40,28,0
9,8,6,false,1,metaweb,turkiye,creation,144,48,28,0
24,24,6,false,1,metaweb,turkiye,creation,136,56,28,0
10,8,6,false,1,metaweb,turkiye,creation,128,64,28,0
22,8,1,false,1,metaweb,turkiye,creation,120,72,28,0
26,0,27,false,1,metaweb,turkiye,creation,112,80,28,0
3,19,3,false,1,metaweb,turkiye,creation,104,88,28,0
5,11,7,false,1,metaweb,turkiye,creation,96,96,28,0
30,0,27,false,1,metaweb,turkiye,creation,88,104,28,0
31,0,27,false,1,metaweb,turkiye,creation,80,112,28,0
28,0,27,false,1,metaweb,turkiye,creation,72,120,28,0
38,8,1,false,1,metaweb,turkiye,creation,64,128,28,0
37,8,1,false,1,metaweb,turkiye,creation,0,0,28,0
8,8,0,true,1,metaweb,turkiye,creation,0,0,0,0
35,8,1,true,1,metaweb,turkiye,creation,0,0,0,0
25,24,6,false,1,metaweb,turkiye,creation,164,136,56,119
33,0,27,false,1,metaweb,turkiye,creation,164,136,48,127
41,8,1,false,1,metaweb,turkiye,creation,164,136,40,135
27,0,27,false,1,metaweb,turkiye,creation,164,136,32,143
21,8,7,false,1,metaweb,turkiye,creation,164,136,24,151
39,8,1,false,1,metaweb,turkiye,creation,164,136,16,159
14,8,7,false,1,metaweb,turkiye,creation,164,136,8,167
6,8,0,false,1,metaweb,turkiye,creation,164,136,0,175
1,19,3,false,1,metaweb,turkiye,creation,136,56,0,35
19,8,6,false,1,metaweb,turkiye,creation,144,48,0,35
32,0,27,false,1,metaweb,turkiye,creation,152,40,0,35
16,8,7,false,1,metaweb,turkiye,creation,160,32,0,35
4,16,6,false,1,metaweb,turkiye,creation,168,24,0,35
15,8,1,false,1,metaweb,turkiye,creation,176,16,0,35
11,8,7,false,1,metaweb,turkiye,creation,184,8,0,35
36,8,1,false,1,metaweb,turkiye,creation,192,0,0,35
17,4,1,false,1,down_niche_empiricalbm,turkiye,creation,15,0,15,0
20,4,7,false,1,down_niche_empiricalbm,turkiye,creation,5,3,19,0
29,0,20,false,1,down_niche_empiricalbm,turkiye,creation,5,3,11,2
34,4,1,true,1,down_niche_empiricalbm,turkiye,creation,0,0,0,0
7,6,4,false,1,down_niche_empiricalbm,turkiye,creation,3,5,6,0
2,8,0,false,1,down_niche_empiricalbm,turkiye,creation,67,0,6,0
23,3,0,false,1,down_niche_empiricalbm,turkiye,creation,80,5,29,6
40,3,0,false,1,down_niche_empiricalbm,turkiye,creation,75,10,15,0
12,3,4,false,1,down_niche_empiricalbm,turkiye,creation,69,13,22,11
18,6,4,false,1,down_niche_empiricalbm,turkiye,creation,45,12,14,13
13,5,0,false,1,down_niche_empiricalbm,turkiye,creation,40,12,3,12
9,5,5,false,1,down_niche_empiricalbm,turkiye,creation,36,17,12,11
24,8,0,false,1,down_niche_empiricalbm,turkiye,creation,61,23,10,0
10,3,4,false,1,down_niche_empiricalbm,turkiye,creation,19,8,3,0
22,5,0,false,1,down_niche_empiricalbm,turkiye,creation,60,27,10,3
26,0,16,false,1,down_niche_empiricalbm,turkiye,creation,63,40,26,8
3,6,1,false,1,down_niche_empiricalbm,turkiye,creation,36,30,6,3
5,4,0,false,1,down_niche_empiricalbm,turkiye,creation,48,44,18,15
30,0,14,false,1,down_niche_empiricalbm,turkiye,creation,32,35,6,16
31,0,4,false,1,down_niche_empiricalbm,turkiye,creation,36,41,7,29
28,0,17,false,1,down_niche_empiricalbm,turkiye,creation,38,63,15,19
38,4,0,false,1,down_niche_empiricalbm,turkiye,creation,30,57,10,0
37,4,0,false,1,down_niche_empiricalbm,turkiye,creation,0,0,3,0
8,6,0,false,1,down_niche_empiricalbm,turkiye,creation,18,13,0,23
35,5,0,false,1,down_niche_empiricalbm,turkiye,creation,23,12,1,35
25,10,3,false,1,down_niche_empiricalbm,turkiye,creation,66,48,15,51
33,0,6,false,1,down_niche_empiricalbm,turkiye,creation,82,84,20,49
41,4,1,false,1,down_niche_empiricalbm,turkiye,creation,76,60,9,57
27,0,19,false,1,down_niche_empiricalbm,turkiye,creation,115,75,8,67
21,6,4,false,1,down_niche_empiricalbm,turkiye,creation,58,33,4,48
39,6,0,false,1,down_niche_empiricalbm,turkiye,creation,3,3,1,15
14,3,1,false,1,down_niche_empiricalbm,turkiye,creation,100,84,1,71
6,4,0,false,1,down_niche_empiricalbm,turkiye,creation,6,9,0,22
1,6,0,false,1,down_niche_empiricalbm,turkiye,creation,52,17,0,8
19,4,4,false,1,down_niche_empiricalbm,turkiye,creation,47,13,0,10
32,0,20,false,1,down_niche_empiricalbm,turkiye,creation,47,11,0,8
16,7,3,false,1,down_niche_empiricalbm,turkiye,creation,56,12,0,6
4,10,1,false,1,down_niche_empiricalbm,turkiye,creation,60,8,0,6
15,5,1,false,1,down_niche_empiricalbm,turkiye,creation,94,6,0,15
11,3,2,false,1,down_niche_empiricalbm,turkiye,creation,36,1,0,3
36,4,1,false,1,down_niche_empiricalbm,turkiye,creation,72,0,0,8
17,1,4,false,1,niche,turkiye,creation,7,0,85,0
20,1,5,false,1,niche,turkiye,creation,29,0,9,0
29,1,6,false,1,niche,turkiye,creation,27,1,9,0
34,1,7,false,1,niche,turkiye,creation,34,7,34,0
7,5,2,false,1,niche,turkiye,creation,7,7,38,0
2,5,0,false,1,niche,turkiye,creation,16,7,5,13
23,5,4,false,1,niche,turkiye,creation,18,9,9,13
40,0,4,false,1,niche,turkiye,creation,9,5,21,11
12,2,2,false,1,niche,turkiye,creation,0,0,0,13
18,2,5,false,1,niche,turkiye,creation,19,19,34,13
13,1,2,true,1,niche,turkiye,creation,0,0,0,0
9,0,2,false,1,niche,turkiye,creation,4,6,1,13
24,0,6,false,1,niche,turkiye,creation,1,3,0,13
10,9,2,false,1,niche,turkiye,creation,4,2,0,22
22,5,4,true,1,niche,turkiye,creation,0,0,0,0
26,0,3,false,1,niche,turkiye,creation,1,4,15,12
3,5,0,false,1,niche,turkiye,creation,1,3,0,21
5,11,0,false,1,niche,turkiye,creation,8,6,1,25
30,1,8,false,1,niche,turkiye,creation,15,27,24,25
31,3,8,false,1,niche,turkiye,creation,5,3,0,30
28,0,6,false,1,niche,turkiye,creation,3,0,0,30
38,2,4,false,1,niche,turkiye,creation,7,23,9,19
37,1,7,false,1,niche,turkiye,creation,2,28,9,19
8,7,2,false,1,niche,turkiye,creation,9,0,0,22
35,1,8,false,1,niche,turkiye,creation,6,23,13,13
25,7,3,false,1,niche,turkiye,creation,1,0,0,14
33,3,6,false,1,niche,turkiye,creation,16,17,3,20
41,0,1,false,1,niche,turkiye,creation,15,0,0,24
27,3,7,false,1,niche,turkiye,creation,15,2,0,19
21,0,5,false,1,niche,turkiye,creation,25,0,0,33
39,1,5,false,1,niche,turkiye,creation,29,6,1,38
14,1,4,false,1,niche,turkiye,creation,14,1,0,32
6,4,2,false,1,niche,turkiye,creation,17,0,0,27
1,16,0,false,1,niche,turkiye,creation,23,1,0,31
19,9,4,false,1,niche,turkiye,creation,25,0,0,30
32,1,6,false,1,niche,turkiye,creation,11,3,1,18
16,6,4,true,1,niche,turkiye,creation,0,0,0,0
4,11,0,false,1,niche,turkiye,creation,3,4,1,16
15,14,4,false,1,niche,turkiye,creation,5,0,0,7
11,13,2,false,1,niche,turkiye,creation,3,0,0,8
36,2,6,false,1,niche,turkiye,creation,0,0,0,0
17,4,1,false,1,down_niche,turkiye,creation,15,0,15,0
20,4,7,false,1,down_niche,turkiye,creation,5,3,19,0
29,0,20,false,1,down_niche,turkiye,creation,5,3,11,2
34,4,1,true,1,down_niche,turkiye,creation,0,0,0,0
7,6,4,false,1,down_niche,turkiye,creation,3,5,6,0
2,8,0,false,1,down_niche,turkiye,creation,67,0,6,0
23,3,0,false,1,down_niche,turkiye,creation,80,5,29,6
40,3,0,false,1,down_niche,turkiye,creation,75,10,15,0
12,3,4,false,1,down_niche,turkiye,creation,69,13,22,11
18,6,4,false,1,down_niche,turkiye,creation,45,12,14,13
13,5,0,false,1,down_niche,turkiye,creation,40,12,3,12
9,5,5,false,1,down_niche,turkiye,creation,36,17,12,11
24,8,0,false,1,down_niche,turkiye,creation,61,23,10,0
10,3,4,false,1,down_niche,turkiye,creation,19,8,3,0
22,5,0,false,1,down_niche,turkiye,creation,60,27,10,3
26,0,16,false,1,down_niche,turkiye,creation,63,40,26,8
3,6,1,false,1,down_niche,turkiye,creation,36,30,6,3
5,4,0,false,1,down_niche,turkiye,creation,48,44,18,15
30,0,14,false,1,down_niche,turkiye,creation,32,35,6,16
31,0,4,false,1,down_niche,turkiye,creation,36,41,7,29
28,0,17,false,1,down_niche,turkiye,creation,38,63,15,19
38,4,0,false,1,down_niche,turkiye,creation,30,57,10,0
37,4,0,false,1,down_niche,turkiye,creation,0,0,3,0
8,6,0,false,1,down_niche,turkiye,creation,18,13,0,23
35,5,0,false,1,down_niche,turkiye,creation,23,12,1,35
25,10,3,false,1,down_niche,turkiye,creation,66,48,15,51
33,0,6,false,1,down_niche,turkiye,creation,82,84,20,49
41,4,1,false,1,down_niche,turkiye,creation,76,60,9,57
27,0,19,false,1,down_niche,turkiye,creation,115,75,8,67
21,6,4,false,1,down_niche,turkiye,creation,58,33,4,48
39,6,0,false,1,down_niche,turkiye,creation,3,3,1,15
14,3,1,false,1,down_niche,turkiye,creation,100,84,1,71
6,4,0,false,1,down_niche,turkiye,creation,6,9,0,22
1,6,0,false,1,down_niche,turkiye,creation,52,17,0,8
19,4,4,false,1,down_niche,turkiye,creation,47,13,0,10
32,0,20,false,1,down_niche,turkiye,creation,47,11,0,8
16,7,3,false,1,down_niche,turkiye,creation,56,12,0,6
4,10,1,false,1,down_niche,turkiye,creation,60,8,0,6
15,5,1,false,1,down_niche,turkiye,creation,94,6,0,15
11,3,2,false,1,down_niche,turkiye,creation,36,1,0,3
36,4,1,false,1,down_niche,turkiye,creation,72,0,0,8
17,6,4,false,1,atn_empiricalbm,turkiye,creation,89,0,10,0
20,6,0,false,1,atn_empiricalbm,turkiye,creation,114,5,19,0
29,0,17,false,1,atn_empiricalbm,turkiye,creation,87,10,36,0
34,0,3,false,1,atn_empiricalbm,turkiye,creation,76,16,15,0
7,5,0,false,1,atn_empiricalbm,turkiye,creation,66,10,6,0
2,7,0,false,1,atn_empiricalbm,turkiye,creation,70,27,36,0
23,8,0,false,1,atn_empiricalbm,turkiye,creation,62,27,10,0
40,6,3,false,1,atn_empiricalbm,turkiye,creation,83,36,19,0
12,6,0,false,1,atn_empiricalbm,turkiye,creation,76,43,19,0
18,5,0,false,1,atn_empiricalbm,turkiye,creation,47,42,10,0
13,6,0,false,1,atn_empiricalbm,turkiye,creation,48,28,6,0
9,7,0,false,1,atn_empiricalbm,turkiye,creation,58,50,15,0
24,5,0,false,1,atn_empiricalbm,turkiye,creation,56,36,15,0
10,5,0,false,1,atn_empiricalbm,turkiye,creation,50,42,15,0
22,4,2,false,1,atn_empiricalbm,turkiye,creation,80,59,38,45
26,0,3,false,1,atn_empiricalbm,turkiye,creation,42,66,15,0
3,9,0,false,1,atn_empiricalbm,turkiye,creation,31,31,21,22
5,4,0,false,1,atn_empiricalbm,turkiye,creation,33,56,6,4
30,0,23,false,1,atn_empiricalbm,turkiye,creation,30,59,6,4
31,0,17,false,1,atn_empiricalbm,turkiye,creation,26,82,15,0
28,0,9,false,1,atn_empiricalbm,turkiye,creation,24,68,15,0
38,4,23,false,1,atn_empiricalbm,turkiye,creation,13,36,6,16
37,2,17,false,1,atn_empiricalbm,turkiye,creation,24,72,15,13
8,7,0,false,1,atn_empiricalbm,turkiye,creation,18,71,6,4
35,0,5,false,1,atn_empiricalbm,turkiye,creation,19,100,15,4
25,7,0,false,1,atn_empiricalbm,turkiye,creation,3,0,9,0
33,0,0,false,1,atn_empiricalbm,turkiye,creation,4,6,11,12
41,6,0,false,1,atn_empiricalbm,turkiye,creation,18,18,12,31
27,0,5,false,1,atn_empiricalbm,turkiye,creation,102,30,7,72
21,6,0,false,1,atn_empiricalbm,turkiye,creation,231,22,3,114
39,6,17,false,1,atn_empiricalbm,turkiye,creation,136,0,0,91
14,6,0,false,1,atn_empiricalbm,turkiye,creation,3,0,0,23
6,9,0,false,1,atn_empiricalbm,turkiye,creation,0,0,0,0
1,5,0,false,1,atn_empiricalbm,turkiye,creation,3,0,3,6
19,5,0,false,1,atn_empiricalbm,turkiye,creation,4,6,3,20
32,0,3,false,1,atn_empiricalbm,turkiye,creation,18,18,3,40
16,6,0,false,1,atn_empiricalbm,turkiye,creation,102,34,1,79
4,6,0,false,1,atn_empiricalbm,turkiye,creation,237,28,0,123
15,6,14,false,1,atn_empiricalbm,turkiye,creation,158,6,0,106
11,4,0,false,1,atn_empiricalbm,turkiye,creation,55,4,0,38
36,0,9,false,1,atn_empiricalbm,turkiye,creation,92,0,0,15
17,8,1,true,1,metaweb_empiricalbm,turkiye,creation,0,0,0,0
20,8,7,true,1,metaweb_empiricalbm,turkiye,creation,0,0,0,0
29,0,27,true,1,metaweb_empiricalbm,turkiye,creation,0,0,0,0
34,8,1,true,1,metaweb_empiricalbm,turkiye,creation,0,0,0,0
7,8,6,true,1,metaweb_empiricalbm,turkiye,creation,0,0,0,0
2,19,3,false,1,metaweb_empiricalbm,turkiye,creation,192,0,28,0
23,8,6,false,1,metaweb_empiricalbm,turkiye,creation,184,8,28,0
40,8,1,false,1,metaweb_empiricalbm,turkiye,creation,176,16,28,0
12,8,7,false,1,metaweb_empiricalbm,turkiye,creation,168,24,28,0
18,8,6,false,1,metaweb_empiricalbm,turkiye,creation,160,32,28,0
13,8,1,false,1,metaweb_empiricalbm,turkiye,creation,152,40,28,0
9,8,6,false,1,metaweb_empiricalbm,turkiye,creation,144,48,28,0
24,24,6,false,1,metaweb_empiricalbm,turkiye,creation,136,56,28,0
10,8,6,false,1,metaweb_empiricalbm,turkiye,creation,128,64,28,0
22,8,1,false,1,metaweb_empiricalbm,turkiye,creation,120,72,28,0
26,0,27,false,1,metaweb_empiricalbm,turkiye,creation,112,80,28,0
3,19,3,false,1,metaweb_empiricalbm,turkiye,creation,104,88,28,0
5,11,7,false,1,metaweb_empiricalbm,turkiye,creation,96,96,28,0
30,0,27,false,1,metaweb_empiricalbm,turkiye,creation,88,104,28,0
31,0,27,false,1,metaweb_empiricalbm,turkiye,creation,80,112,28,0
28,0,27,false,1,metaweb_empiricalbm,turkiye,creation,72,120,28,0
38,8,1,false,1,metaweb_empiricalbm,turkiye,creation,64,128,28,0
37,8,1,false,1,metaweb_empiricalbm,turkiye,creation,0,0,28,0
8,8,0,true,1,metaweb_empiricalbm,turkiye,creation,0,0,0,0
35,8,1,true,1,metaweb_empiricalbm,turkiye,creation,0,0,0,0
25,24,6,false,1,metaweb_empiricalbm,turkiye,creation,164,136,56,119
33,0,27,false,1,metaweb_empiricalbm,turkiye,creation,164,136,48,127
41,8,1,false,1,metaweb_empiricalbm,turkiye,creation,164,136,40,135
27,0,27,false,1,metaweb_empiricalbm,turkiye,creation,164,136,32,143
21,8,7,false,1,metaweb_empiricalbm,turkiye,creation,164,136,24,151
39,8,1,false,1,metaweb_empiricalbm,turkiye,creation,164,136,16,159
14,8,7,false,1,metaweb_empiricalbm,turkiye,creation,164,136,8,167
6,8,0,false,1,metaweb_empiricalbm,turkiye,creation,164,136,0,175
1,19,3,false,1,metaweb_empiricalbm,turkiye,creation,136,56,0,35
19,8,6,false,1,metaweb_empiricalbm,turkiye,creation,144,48,0,35
32,0,27,false,1,metaweb_empiricalbm,turkiye,creation,152,40,0,35
16,8,7,false,1,metaweb_empiricalbm,turkiye,creation,160,32,0,35
4,16,6,false,1,metaweb_empiricalbm,turkiye,creation,168,24,0,35
15,8,1,false,1,metaweb_empiricalbm,turkiye,creation,176,16,0,35
11,8,7,false,1,metaweb_empiricalbm,turkiye,creation,184,8,0,35
36,8,1,false,1,metaweb_empiricalbm,turkiye,creation,192,0,0,35
17,6,4,false,1,atn,turkiye,creation,89,0,10,0
20,6,0,false,1,atn,turkiye,creation,114,5,19,0
29,0,17,false,1,atn,turkiye,creation,87,10,36,0
34,0,3,false,1,atn,turkiye,creation,76,16,15,0
7,5,0,false,1,atn,turkiye,creation,66,10,6,0
2,7,0,false,1,atn,turkiye,creation,70,27,36,0
23,8,0,false,1,atn,turkiye,creation,62,27,10,0
40,6,3,false,1,atn,turkiye,creation,83,36,19,0
12,6,0,false,1,atn,turkiye,creation,76,43,19,0
18,5,0,false,1,atn,turkiye,creation,47,42,10,0
13,6,0,false,1,atn,turkiye,creation,48,28,6,0
9,7,0,false,1,atn,turkiye,creation,58,50,15,0
24,5,0,false,1,atn,turkiye,creation,56,36,15,0
10,5,0,false,1,atn,turkiye,creation,50,42,15,0
22,4,2,false,1,atn,turkiye,creation,80,59,38,45
26,0,3,false,1,atn,turkiye,creation,42,66,15,0
3,9,0,false,1,atn,turkiye,creation,31,31,21,22
5,4,0,false,1,atn,turkiye,creation,33,56,6,4
30,0,23,false,1,atn,turkiye,creation,30,59,6,4
31,0,17,false,1,atn,turkiye,creation,26,82,15,0
28,0,9,false,1,atn,turkiye,creation,24,68,15,0
38,4,23,false,1,atn,turkiye,creation,13,36,6,16
37,2,17,false,1,atn,turkiye,creation,24,72,15,13
8,7,0,false,1,atn,turkiye,creation,18,71,6,4
35,0,5,false,1,atn,turkiye,creation,19,100,15,4
25,7,0,false,1,atn,turkiye,creation,3,0,9,0
33,0,0,false,1,atn,turkiye,creation,4,6,11,12
41,6,0,false,1,atn,turkiye,creation,18,18,12,31
27,0,5,false,1,atn,turkiye,creation,102,30,7,72
21,6,0,false,1,atn,turkiye,creation,231,22,3,114
39,6,17,false,1,atn,turkiye,creation,136,0,0,91
14,6,0,false,1,atn,turkiye,creation,3,0,0,23
6,9,0,false,1,atn,turkiye,creation,0,0,0,0
1,5,0,false,1,atn,turkiye,creation,3,0,3,6
19,5,0,false,1,atn,turkiye,creation,4,6,3,20
32,0,3,false,1,atn,turkiye,creation,18,18,3,40
16,6,0,false,1,atn,turkiye,creation,102,34,1,79
4,6,0,false,1,atn,turkiye,creation,237,28,0,123
15,6,14,false,1,atn,turkiye,creation,158,6,0,106
11,4,0,false,1,atn,turkiye,creation,55,4,0,38
36,0,9,false,1,atn,turkiye,creation,92,0,0,15
17,8,0,false,1,metaweb,turkiye,burnin,192,0,28,0
20,0,25,false,1,metaweb,turkiye,burnin,184,8,28,0
29,8,0,false,1,metaweb,turkiye,burnin,176,16,28,0
7,8,0,false,1,metaweb,turkiye,burnin,168,24,28,0
2,8,0,false,1,metaweb,turkiye,burnin,160,32,28,0
23,0,25,false,1,metaweb,turkiye,burnin,152,40,28,0
12,8,0,false,1,metaweb,turkiye,burnin,144,48,28,0
18,0,25,false,1,metaweb,turkiye,burnin,136,56,28,0
13,8,0,false,1,metaweb,turkiye,burnin,128,64,28,0
9,8,0,false,1,metaweb,turkiye,burnin,120,72,28,0
24,0,25,false,1,metaweb,turkiye,burnin,112,80,28,0
10,8,0,false,1,metaweb,turkiye,burnin,104,88,28,0
22,0,25,false,1,metaweb,turkiye,burnin,96,96,28,0
26,8,0,false,1,metaweb,turkiye,burnin,88,104,28,0
3,8,0,false,1,metaweb,turkiye,burnin,80,112,28,0
5,8,0,false,1,metaweb,turkiye,burnin,72,120,28,0
30,8,0,false,1,metaweb,turkiye,burnin,64,128,28,0
31,8,0,false,1,metaweb,turkiye,burnin,164,136,56,119
28,8,0,false,1,metaweb,turkiye,burnin,164,136,48,127
8,8,0,false,1,metaweb,turkiye,burnin,164,136,40,135
25,0,25,false,1,metaweb,turkiye,burnin,164,136,32,143
33,8,0,false,1,metaweb,turkiye,burnin,164,136,24,151
27,8,0,false,1,metaweb,turkiye,burnin,164,136,16,159
21,0,25,false,1,metaweb,turkiye,burnin,164,136,8,167
14,8,0,false,1,metaweb,turkiye,burnin,164,136,0,175
6,8,0,false,1,metaweb,turkiye,burnin,136,56,0,28
1,8,0,false,1,metaweb,turkiye,burnin,144,48,0,28
19,0,25,false,1,metaweb,turkiye,burnin,152,40,0,28
32,8,0,false,1,metaweb,turkiye,burnin,160,32,0,28
16,8,0,false,1,metaweb,turkiye,burnin,168,24,0,28
4,8,0,false,1,metaweb,turkiye,burnin,176,16,0,28
15,8,0,false,1,metaweb,turkiye,burnin,184,8,0,28
11,8,0,false,1,metaweb,turkiye,burnin,192,0,0,28
8,0,2,true,1,down_niche_empiricalbm,turkiye,burnin,0,0,0,0
7,0,1,false,1,down_niche_empiricalbm,turkiye,burnin,2,0,3,0
2,3,1,false,1,down_niche_empiricalbm,turkiye,burnin,1,0,6,0
9,0,2,false,1,down_niche_empiricalbm,turkiye,burnin,0,0,2,1
6,0,1,false,1,down_niche_empiricalbm,turkiye,burnin,1,0,3,3
1,2,1,false,1,down_niche_empiricalbm,turkiye,burnin,0,0,1,2
10,4,0,false,1,down_niche_empiricalbm,turkiye,burnin,0,0,0,2
4,0,1,false,1,down_niche_empiricalbm,turkiye,burnin,0,1,0,5
3,0,2,false,1,down_niche_empiricalbm,turkiye,burnin,0,1,0,5
5,0,2,false,1,down_niche_empiricalbm,turkiye,burnin,1,2,0,6
11,4,0,false,1,down_niche_empiricalbm,turkiye,burnin,3,0,0,6
17,0,3,false,1,niche,turkiye,burnin,2,0,2,0
8,0,2,false,1,niche,turkiye,burnin,0,0,0,0
7,0,2,true,1,niche,turkiye,burnin,0,0,0,0
2,0,1,false,1,niche,turkiye,burnin,0,2,1,0
12,2,0,false,1,niche,turkiye,burnin,1,0,0,0
18,0,1,false,1,niche,turkiye,burnin,0,1,0,0
13,1,0,false,1,niche,turkiye,burnin,1,0,0,0
9,1,2,false,1,niche,turkiye,burnin,1,0,0,3
6,1,1,false,1,niche,turkiye,burnin,1,0,0,2
1,3,1,false,1,niche,turkiye,burnin,2,0,0,1
14,2,1,false,1,niche,turkiye,burnin,0,0,0,0
16,1,4,false,1,niche,turkiye,burnin,2,0,0,0
10,1,2,false,1,niche,turkiye,burnin,2,1,0,0
4,2,1,false,1,niche,turkiye,burnin,2,3,1,0
3,6,1,false,1,niche,turkiye,burnin,0,4,1,0
5,1,1,false,1,niche,turkiye,burnin,5,0,0,2
15,2,1,false,1,niche,turkiye,burnin,3,0,0,2
11,1,0,false,1,niche,turkiye,burnin,0,0,0,0
17,0,15,false,1,down_niche,turkiye,burnin,0,0,6,0
20,0,18,false,1,down_niche,turkiye,burnin,60,0,6,0
29,4,0,false,1,down_niche,turkiye,burnin,73,4,15,0
7,5,0,false,1,down_niche,turkiye,burnin,67,10,15,0
2,4,0,false,1,down_niche,turkiye,burnin,64,11,10,0
23,0,17,false,1,down_niche,turkiye,burnin,41,9,3,0
12,6,0,false,1,down_niche,turkiye,burnin,58,17,10,0
18,0,18,false,1,down_niche,turkiye,burnin,18,6,3,0
13,4,0,false,1,down_niche,turkiye,burnin,57,23,10,3
9,5,1,false,1,down_niche,turkiye,burnin,62,34,21,0
24,0,6,false,1,down_niche,turkiye,burnin,35,26,6,3
10,7,0,false,1,down_niche,turkiye,burnin,47,38,15,0
22,0,4,false,1,down_niche,turkiye,burnin,28,31,6,0
26,5,0,false,1,down_niche,turkiye,burnin,30,33,6,3
3,6,0,false,1,down_niche,turkiye,burnin,35,56,15,3
5,5,0,false,1,down_niche,turkiye,burnin,27,53,10,0
30,6,0,false,1,down_niche,turkiye,burnin,61,44,15,48
31,3,0,false,1,down_niche,turkiye,burnin,76,77,20,47
28,4,0,false,1,down_niche,turkiye,burnin,76,60,9,57
8,3,0,false,1,down_niche,turkiye,burnin,88,65,8,63
25,4,0,false,1,down_niche,turkiye,burnin,39,27,4,44
27,4,0,false,1,down_niche,turkiye,burnin,3,3,1,15
21,0,12,false,1,down_niche,turkiye,burnin,70,66,1,64
14,4,1,false,1,down_niche,turkiye,burnin,6,9,0,22
6,3,0,false,1,down_niche,turkiye,burnin,44,17,0,6
1,4,0,false,1,down_niche,turkiye,burnin,43,13,0,10
19,0,17,false,1,down_niche,turkiye,burnin,44,11,0,6
32,4,0,false,1,down_niche,turkiye,burnin,51,12,0,6
16,5,0,false,1,down_niche,turkiye,burnin,55,8,0,6
4,6,0,false,1,down_niche,turkiye,burnin,85,6,0,15
15,6,1,false,1,down_niche,turkiye,burnin,31,1,0,3
11,4,1,false,1,down_niche,turkiye,burnin,66,0,0,6
9,0,2,false,1,atn_empiricalbm,turkiye,burnin,10,0,1,0
6,2,0,false,1,atn_empiricalbm,turkiye,burnin,9,2,3,0
1,2,0,false,1,atn_empiricalbm,turkiye,burnin,6,4,1,0
8,0,6,false,1,atn_empiricalbm,turkiye,burnin,4,6,1,0
7,0,6,false,1,atn_empiricalbm,turkiye,burnin,2,9,3,0
2,3,0,false,1,atn_empiricalbm,turkiye,burnin,0,10,1,0
4,2,0,false,1,atn_empiricalbm,turkiye,burnin,15,0,0,8
3,2,0,false,1,atn_empiricalbm,turkiye,burnin,15,0,0,8
5,3,0,false,1,atn_empiricalbm,turkiye,burnin,1,0,0,4
9,8,0,false,1,metaweb_empiricalbm,turkiye,burnin,0,0,7,0
6,0,1,false,1,metaweb_empiricalbm,turkiye,burnin,0,0,6,1
1,0,1,false,1,metaweb_empiricalbm,turkiye,burnin,0,0,5,2
8,0,1,false,1,metaweb_empiricalbm,turkiye,burnin,0,0,4,3
7,0,1,false,1,metaweb_empiricalbm,turkiye,burnin,0,0,3,4
2,0,1,false,1,metaweb_empiricalbm,turkiye,burnin,0,0,2,5
4,0,1,false,1,metaweb_empiricalbm,turkiye,burnin,0,0,1,6
3,0,1,false,1,metaweb_empiricalbm,turkiye,burnin,0,0,0,7
5,0,1,false,1,metaweb_empiricalbm,turkiye,burnin,0,0,0,28
17,0,10,false,1,atn,turkiye,burnin,37,0,36,0
20,0,3,false,1,atn,turkiye,burnin,28,9,36,0
7,6,0,false,1,atn,turkiye,burnin,40,8,15,0
2,9,0,false,1,atn,turkiye,burnin,46,8,15,0
23,2,11,false,1,atn,turkiye,burnin,40,14,15,0
12,8,0,false,1,atn,turkiye,burnin,35,12,22,16
18,0,6,false,1,atn,turkiye,burnin,24,24,15,0
13,0,3,false,1,atn,turkiye,burnin,27,20,21,17
9,6,0,false,1,atn,turkiye,burnin,16,32,15,0
24,4,10,false,1,atn,turkiye,burnin,18,36,15,0
10,6,0,false,1,atn,turkiye,burnin,11,26,6,16
22,0,9,false,1,atn,turkiye,burnin,6,30,15,13
26,6,3,false,1,atn,turkiye,burnin,3,0,9,0
3,6,0,false,1,atn,turkiye,burnin,4,6,11,12
5,6,0,false,1,atn,turkiye,burnin,18,18,12,31
8,6,3,false,1,atn,turkiye,burnin,37,18,7,46
25,6,6,false,1,atn,turkiye,burnin,36,9,3,55
27,6,0,false,1,atn,turkiye,burnin,15,0,0,38
21,0,5,false,1,atn,turkiye,burnin,3,0,0,23
14,0,5,false,1,atn,turkiye,burnin,3,0,3,6
6,6,3,false,1,atn,turkiye,burnin,4,6,3,20
1,9,0,false,1,atn,turkiye,burnin,18,18,3,40
19,0,3,false,1,atn,turkiye,burnin,37,22,1,53
16,0,11,false,1,atn,turkiye,burnin,42,15,0,64
4,6,0,false,1,atn,turkiye,burnin,37,6,0,53
15,0,9,false,1,atn,turkiye,burnin,43,4,0,38
11,4,2,false,1,atn,turkiye,burnin,54,0,0,15
17,8,1,true,2,metaweb,turkiye,creation,0,0,0,0
20,8,7,true,2,metaweb,turkiye,creation,0,0,0,0
29,0,27,true,2,metaweb,turkiye,creation,0,0,0,0
34,8,1,true,2,metaweb,turkiye,creation,0,0,0,0
7,8,6,true,2,metaweb,turkiye,creation,0,0,0,0
2,19,3,false,2,metaweb,turkiye,creation,192,0,28,0
23,8,6,false,2,metaweb,turkiye,creation,184,8,28,0
40,8,1,false,2,metaweb,turkiye,creation,176,16,28,0
12,8,7,false,2,metaweb,turkiye,creation,168,24,28,0
18,8,6,false,2,metaweb,turkiye,creation,160,32,28,0
13,8,1,false,2,metaweb,turkiye,creation,152,40,28,0
9,8,6,false,2,metaweb,turkiye,creation,144,48,28,0
24,24,6,false,2,metaweb,turkiye,creation,136,56,28,0
10,8,6,false,2,metaweb,turkiye,creation,128,64,28,0
22,8,1,false,2,metaweb,turkiye,creation,120,72,28,0
26,0,27,false,2,metaweb,turkiye,creation,112,80,28,0
3,19,3,false,2,metaweb,turkiye,creation,104,88,28,0
5,11,7,false,2,metaweb,turkiye,creation,96,96,28,0
30,0,27,false,2,metaweb,turkiye,creation,88,104,28,0
31,0,27,false,2,metaweb,turkiye,creation,80,112,28,0
28,0,27,false,2,metaweb,turkiye,creation,72,120,28,0
38,8,1,false,2,metaweb,turkiye,creation,64,128,28,0
37,8,1,false,2,metaweb,turkiye,creation,0,0,28,0
8,8,0,true,2,metaweb,turkiye,creation,0,0,0,0
35,8,1,true,2,metaweb,turkiye,creation,0,0,0,0
25,24,6,false,2,metaweb,turkiye,creation,164,136,56,119
33,0,27,false,2,metaweb,turkiye,creation,164,136,48,127
41,8,1,false,2,metaweb,turkiye,creation,164,136,40,135
27,0,27,false,2,metaweb,turkiye,creation,164,136,32,143
21,8,7,false,2,metaweb,turkiye,creation,164,136,24,151
39,8,1,false,2,metaweb,turkiye,creation,164,136,16,159
14,8,7,false,2,metaweb,turkiye,creation,164,136,8,167
6,8,0,false,2,metaweb,turkiye,creation,164,136,0,175
1,19,3,false,2,metaweb,turkiye,creation,136,56,0,35
19,8,6,false,2,metaweb,turkiye,creation,144,48,0,35
32,0,27,false,2,metaweb,turkiye,creation,152,40,0,35
16,8,7,false,2,metaweb,turkiye,creation,160,32,0,35
4,16,6,false,2,metaweb,turkiye,creation,168,24,0,35
15,8,1,false,2,metaweb,turkiye,creation,176,16,0,35
11,8,7,false,2,metaweb,turkiye,creation,184,8,0,35
36,8,1,false,2,metaweb,turkiye,creation,192,0,0,35
17,3,1,true,2,down_niche_empiricalbm,turkiye,creation,0,0,0,0
20,7,7,false,2,down_niche_empiricalbm,turkiye,creation,18,0,28,0
29,0,22,true,2,down_niche_empiricalbm,turkiye,creation,0,0,0,0
34,8,1,false,2,down_niche_empiricalbm,turkiye,creation,4,8,66,0
7,7,5,false,2,down_niche_empiricalbm,turkiye,creation,4,6,15,0
2,10,1,false,2,down_niche_empiricalbm,turkiye,creation,93,0,10,0
23,7,2,false,2,down_niche_empiricalbm,turkiye,creation,139,5,31,18
40,6,1,false,2,down_niche_empiricalbm,turkiye,creation,105,8,15,0
12,6,6,false,2,down_niche_empiricalbm,turkiye,creation,117,17,30,19
18,6,5,false,2,down_niche_empiricalbm,turkiye,creation,88,16,20,20
13,6,0,false,2,down_niche_empiricalbm,turkiye,creation,107,26,28,19
9,7,4,false,2,down_niche_empiricalbm,turkiye,creation,85,29,22,22
24,15,4,false,2,down_niche_empiricalbm,turkiye,creation,90,33,15,0
10,5,5,false,2,down_niche_empiricalbm,turkiye,creation,99,45,26,21
22,5,0,false,2,down_niche_empiricalbm,turkiye,creation,85,48,21,5
26,0,22,false,2,down_niche_empiricalbm,turkiye,creation,81,56,25,29
3,10,2,false,2,down_niche_empiricalbm,turkiye,creation,36,26,3,5
5,6,2,false,2,down_niche_empiricalbm,turkiye,creation,65,57,18,18
30,0,23,false,2,down_niche_empiricalbm,turkiye,creation,64,70,23,26
31,0,22,false,2,down_niche_empiricalbm,turkiye,creation,67,80,22,32
28,0,22,false,2,down_niche_empiricalbm,turkiye,creation,58,86,21,28
38,7,1,false,2,down_niche_empiricalbm,turkiye,creation,34,58,10,0
37,6,0,false,2,down_niche_empiricalbm,turkiye,creation,0,0,21,11
8,6,0,false,2,down_niche_empiricalbm,turkiye,creation,27,8,1,58
35,6,1,true,2,down_niche_empiricalbm,turkiye,creation,0,0,0,0
25,17,5,false,2,down_niche_empiricalbm,turkiye,creation,116,105,42,80
33,0,22,false,2,down_niche_empiricalbm,turkiye,creation,37,18,12,50
41,7,1,false,2,down_niche_empiricalbm,turkiye,creation,119,112,38,84
27,0,11,false,2,down_niche_empiricalbm,turkiye,creation,106,104,30,84
21,7,4,false,2,down_niche_empiricalbm,turkiye,creation,126,105,20,100
39,7,1,false,2,down_niche_empiricalbm,turkiye,creation,106,104,15,102
14,7,5,false,2,down_niche_empiricalbm,turkiye,creation,112,98,7,113
6,5,0,false,2,down_niche_empiricalbm,turkiye,creation,110,112,0,120
1,13,2,false,2,down_niche_empiricalbm,turkiye,creation,107,47,0,34
19,7,5,false,2,down_niche_empiricalbm,turkiye,creation,89,34,0,21
32,0,21,false,2,down_niche_empiricalbm,turkiye,creation,121,33,0,34
16,7,6,false,2,down_niche_empiricalbm,turkiye,creation,100,23,0,15
4,13,2,false,2,down_niche_empiricalbm,turkiye,creation,124,20,0,27
15,7,1,false,2,down_niche_empiricalbm,turkiye,creation,131,13,0,27
11,7,5,false,2,down_niche_empiricalbm,turkiye,creation,118,6,0,21
36,8,1,false,2,down_niche_empiricalbm,turkiye,creation,144,0,0,27
17,0,4,false,2,niche,turkiye,creation,20,0,3,0
20,14,5,false,2,niche,turkiye,creation,0,0,0,0
29,3,12,false,2,niche,turkiye,creation,27,3,9,0
34,4,9,false,2,niche,turkiye,creation,26,6,15,0
7,26,3,false,2,niche,turkiye,creation,11,5,3,0
2,0,2,false,2,niche,turkiye,creation,3,2,0,0
23,3,10,true,2,niche,turkiye,creation,0,0,0,0
40,0,5,true,2,niche,turkiye,creation,0,0,0,0
12,23,4,false,2,niche,turkiye,creation,0,18,129,0
18,1,4,false,2,niche,turkiye,creation,0,0,0,17
13,10,4,false,2,niche,turkiye,creation,1,4,1,15
9,25,3,true,2,niche,turkiye,creation,0,0,0,0
24,8,9,false,2,niche,turkiye,creation,13,8,9,13
10,0,4,false,2,niche,turkiye,creation,0,0,0,17
22,0,7,false,2,niche,turkiye,creation,2,3,0,16
26,2,10,false,2,niche,turkiye,creation,6,11,3,14
3,9,2,false,2,niche,turkiye,creation,0,0,0,17
5,4,2,false,2,niche,turkiye,creation,0,0,0,17
30,3,12,false,2,niche,turkiye,creation,4,21,10,12
31,5,10,true,2,niche,turkiye,creation,0,0,0,0
28,7,12,false,2,niche,turkiye,creation,1,26,13,11
38,0,4,false,2,niche,turkiye,creation,2,0,0,22
37,1,4,false,2,niche,turkiye,creation,16,3,0,26
8,16,3,true,2,niche,turkiye,creation,0,0,0,0
35,5,7,false,2,niche,turkiye,creation,13,5,1,30
25,3,9,false,2,niche,turkiye,creation,24,0,1,34
33,7,8,true,2,niche,turkiye,creation,0,0,0,0
41,0,4,true,2,niche,turkiye,creation,0,0,0,0
27,4,12,false,2,niche,turkiye,creation,28,1,1,38
21,11,5,false,2,niche,turkiye,creation,26,3,1,38
39,3,4,true,2,niche,turkiye,creation,0,0,0,0
14,0,4,false,2,niche,turkiye,creation,15,0,0,30
6,1,2,false,2,niche,turkiye,creation,5,6,6,21
1,5,2,true,2,niche,turkiye,creation,0,0,0,0
19,8,5,false,2,niche,turkiye,creation,10,2,5,5
32,0,10,false,2,niche,turkiye,creation,3,6,5,5
16,6,4,false,2,niche,turkiye,creation,4,0,0,7
4,9,2,false,2,niche,turkiye,creation,4,0,0,10
15,2,4,true,2,niche,turkiye,creation,0,0,0,0
11,2,4,false,2,niche,turkiye,creation,1,0,0,6
36,5,5,false,2,niche,turkiye,creation,1,0,0,9
17,3,1,true,2,down_niche,turkiye,creation,0,0,0,0
20,7,7,false,2,down_niche,turkiye,creation,18,0,28,0
29,0,22,true,2,down_niche,turkiye,creation,0,0,0,0
34,8,1,false,2,down_niche,turkiye,creation,4,8,66,0
7,7,5,false,2,down_niche,turkiye,creation,4,6,15,0
2,10,1,false,2,down_niche,turkiye,creation,93,0,10,0
23,7,2,false,2,down_niche,turkiye,creation,139,5,31,18
40,6,1,false,2,down_niche,turkiye,creation,105,8,15,0
12,6,6,false,2,down_niche,turkiye,creation,117,17,30,19
18,6,5,false,2,down_niche,turkiye,creation,88,16,20,20
13,6,0,false,2,down_niche,turkiye,creation,107,26,28,19
9,7,4,false,2,down_niche,turkiye,creation,85,29,22,22
24,15,4,false,2,down_niche,turkiye,creation,90,33,15,0
10,5,5,false,2,down_niche,turkiye,creation,99,45,26,21
22,5,0,false,2,down_niche,turkiye,creation,85,48,21,5
26,0,22,false,2,down_niche,turkiye,creation,81,56,25,29
3,10,2,false,2,down_niche,turkiye,creation,36,26,3,5
5,6,2,false,2,down_niche,turkiye,creation,65,57,18,18
30,0,23,false,2,down_niche,turkiye,creation,64,70,23,26
31,0,22,false,2,down_niche,turkiye,creation,67,80,22,32
28,0,22,false,2,down_niche,turkiye,creation,58,86,21,28
38,7,1,false,2,down_niche,turkiye,creation,34,58,10,0
37,6,0,false,2,down_niche,turkiye,creation,0,0,21,11
8,6,0,false,2,down_niche,turkiye,creation,27,8,1,58
35,6,1,true,2,down_niche,turkiye,creation,0,0,0,0
25,17,5,false,2,down_niche,turkiye,creation,116,105,42,80
33,0,22,false,2,down_niche,turkiye,creation,37,18,12,50
41,7,1,false,2,down_niche,turkiye,creation,119,112,38,84
27,0,11,false,2,down_niche,turkiye,creation,106,104,30,84
21,7,4,false,2,down_niche,turkiye,creation,126,105,20,100
39,7,1,false,2,down_niche,turkiye,creation,106,104,15,102
14,7,5,false,2,down_niche,turkiye,creation,112,98,7,113
6,5,0,false,2,down_niche,turkiye,creation,110,112,0,120
1,13,2,false,2,down_niche,turkiye,creation,107,47,0,34
19,7,5,false,2,down_niche,turkiye,creation,89,34,0,21
32,0,21,false,2,down_niche,turkiye,creation,121,33,0,34
16,7,6,false,2,down_niche,turkiye,creation,100,23,0,15
4,13,2,false,2,down_niche,turkiye,creation,124,20,0,27
15,7,1,false,2,down_niche,turkiye,creation,131,13,0,27
11,7,5,false,2,down_niche,turkiye,creation,118,6,0,21
36,8,1,false,2,down_niche,turkiye,creation,144,0,0,27
17,8,14,false,2,atn_empiricalbm,turkiye,creation,170,0,33,0
20,7,0,false,2,atn_empiricalbm,turkiye,creation,140,8,45,0
29,0,21,false,2,atn_empiricalbm,turkiye,creation,157,19,39,0
34,0,4,false,2,atn_empiricalbm,turkiye,creation,142,28,33,0
7,10,0,false,2,atn_empiricalbm,turkiye,creation,113,26,17,0
2,11,0,false,2,atn_empiricalbm,turkiye,creation,129,47,39,0
23,11,0,false,2,atn_empiricalbm,turkiye,creation,101,49,37,0
40,8,14,false,2,atn_empiricalbm,turkiye,creation,91,59,37,0
12,8,0,false,2,atn_empiricalbm,turkiye,creation,81,69,37,0
18,10,0,false,2,atn_empiricalbm,turkiye,creation,71,79,37,0
13,6,7,false,2,atn_empiricalbm,turkiye,creation,94,50,22,0
9,10,0,false,2,atn_empiricalbm,turkiye,creation,86,58,22,0
24,10,0,false,2,atn_empiricalbm,turkiye,creation,75,42,27,36
10,10,0,false,2,atn_empiricalbm,turkiye,creation,62,48,13,0
22,6,16,false,2,atn_empiricalbm,turkiye,creation,71,64,37,50
26,0,4,false,2,atn_empiricalbm,turkiye,creation,50,58,13,8
3,11,0,false,2,atn_empiricalbm,turkiye,creation,80,85,47,64
5,7,0,false,2,atn_empiricalbm,turkiye,creation,62,88,19,18
30,0,26,false,2,atn_empiricalbm,turkiye,creation,54,116,28,5
31,0,20,false,2,atn_empiricalbm,turkiye,creation,35,104,17,0
28,0,12,false,2,atn_empiricalbm,turkiye,creation,28,98,13,0
38,6,26,false,2,atn_empiricalbm,turkiye,creation,101,71,31,107
37,4,21,false,2,atn_empiricalbm,turkiye,creation,52,124,22,17
8,10,0,false,2,atn_empiricalbm,turkiye,creation,51,99,13,24
35,0,6,false,2,atn_empiricalbm,turkiye,creation,44,132,22,17
25,11,0,false,2,atn_empiricalbm,turkiye,creation,3,0,13,0
33,0,0,false,2,atn_empiricalbm,turkiye,creation,4,5,16,12
41,8,0,false,2,atn_empiricalbm,turkiye,creation,31,23,18,42
27,0,6,false,2,atn_empiricalbm,turkiye,creation,135,35,14,97
21,6,0,false,2,atn_empiricalbm,turkiye,creation,244,34,9,147
39,8,20,false,2,atn_empiricalbm,turkiye,creation,171,19,4,165
14,6,0,false,2,atn_empiricalbm,turkiye,creation,91,0,0,131
6,11,0,false,2,atn_empiricalbm,turkiye,creation,0,0,0,0
1,10,0,false,2,atn_empiricalbm,turkiye,creation,3,0,3,10
19,10,0,false,2,atn_empiricalbm,turkiye,creation,4,5,3,25
32,0,14,false,2,atn_empiricalbm,turkiye,creation,31,25,3,54
16,6,1,false,2,atn_empiricalbm,turkiye,creation,137,39,2,105
4,10,0,false,2,atn_empiricalbm,turkiye,creation,252,40,1,146
15,6,11,false,2,atn_empiricalbm,turkiye,creation,205,25,0,159
11,8,0,false,2,atn_empiricalbm,turkiye,creation,159,6,0,111
36,2,12,false,2,atn_empiricalbm,turkiye,creation,144,0,0,22
17,8,1,true,2,metaweb_empiricalbm,turkiye,creation,0,0,0,0
20,8,7,true,2,metaweb_empiricalbm,turkiye,creation,0,0,0,0
29,0,27,true,2,metaweb_empiricalbm,turkiye,creation,0,0,0,0
34,8,1,true,2,metaweb_empiricalbm,turkiye,creation,0,0,0,0
7,8,6,true,2,metaweb_empiricalbm,turkiye,creation,0,0,0,0
2,19,3,false,2,metaweb_empiricalbm,turkiye,creation,192,0,28,0
23,8,6,false,2,metaweb_empiricalbm,turkiye,creation,184,8,28,0
40,8,1,false,2,metaweb_empiricalbm,turkiye,creation,176,16,28,0
12,8,7,false,2,metaweb_empiricalbm,turkiye,creation,168,24,28,0
18,8,6,false,2,metaweb_empiricalbm,turkiye,creation,160,32,28,0
13,8,1,false,2,metaweb_empiricalbm,turkiye,creation,152,40,28,0
9,8,6,false,2,metaweb_empiricalbm,turkiye,creation,144,48,28,0
24,24,6,false,2,metaweb_empiricalbm,turkiye,creation,136,56,28,0
10,8,6,false,2,metaweb_empiricalbm,turkiye,creation,128,64,28,0
22,8,1,false,2,metaweb_empiricalbm,turkiye,creation,120,72,28,0
26,0,27,false,2,metaweb_empiricalbm,turkiye,creation,112,80,28,0
3,19,3,false,2,metaweb_empiricalbm,turkiye,creation,104,88,28,0
5,11,7,false,2,metaweb_empiricalbm,turkiye,creation,96,96,28,0
30,0,27,false,2,metaweb_empiricalbm,turkiye,creation,88,104,28,0
31,0,27,false,2,metaweb_empiricalbm,turkiye,creation,80,112,28,0
28,0,27,false,2,metaweb_empiricalbm,turkiye,creation,72,120,28,0
38,8,1,false,2,metaweb_empiricalbm,turkiye,creation,64,128,28,0
37,8,1,false,2,metaweb_empiricalbm,turkiye,creation,0,0,28,0
8,8,0,true,2,metaweb_empiricalbm,turkiye,creation,0,0,0,0
35,8,1,true,2,metaweb_empiricalbm,turkiye,creation,0,0,0,0
25,24,6,false,2,metaweb_empiricalbm,turkiye,creation,164,136,56,119
33,0,27,false,2,metaweb_empiricalbm,turkiye,creation,164,136,48,127
41,8,1,false,2,metaweb_empiricalbm,turkiye,creation,164,136,40,135
27,0,27,false,2,metaweb_empiricalbm,turkiye,creation,164,136,32,143
21,8,7,false,2,metaweb_empiricalbm,turkiye,creation,164,136,24,151
39,8,1,false,2,metaweb_empiricalbm,turkiye,creation,164,136,16,159
14,8,7,false,2,metaweb_empiricalbm,turkiye,creation,164,136,8,167
6,8,0,false,2,metaweb_empiricalbm,turkiye,creation,164,136,0,175
1,19,3,false,2,metaweb_empiricalbm,turkiye,creation,136,56,0,35
19,8,6,false,2,metaweb_empiricalbm,turkiye,creation,144,48,0,35
32,0,27,false,2,metaweb_empiricalbm,turkiye,creation,152,40,0,35
16,8,7,false,2,metaweb_empiricalbm,turkiye,creation,160,32,0,35
4,16,6,false,2,metaweb_empiricalbm,turkiye,creation,168,24,0,35
15,8,1,false,2,metaweb_empiricalbm,turkiye,creation,176,16,0,35
11,8,7,false,2,metaweb_empiricalbm,turkiye,creation,184,8,0,35
36,8,1,false,2,metaweb_empiricalbm,turkiye,creation,192,0,0,35
17,8,14,false,2,atn,turkiye,creation,170,0,33,0
20,7,0,false,2,atn,turkiye,creation,140,8,45,0
29,0,21,false,2,atn,turkiye,creation,157,19,39,0
34,0,4,false,2,atn,turkiye,creation,142,28,33,0
7,10,0,false,2,atn,turkiye,creation,113,26,17,0
2,11,0,false,2,atn,turkiye,creation,129,47,39,0
23,11,0,false,2,atn,turkiye,creation,101,49,37,0
40,8,14,false,2,atn,turkiye,creation,91,59,37,0
12,8,0,false,2,atn,turkiye,creation,81,69,37,0
18,10,0,false,2,atn,turkiye,creation,71,79,37,0
13,6,7,false,2,atn,turkiye,creation,94,50,22,0
9,10,0,false,2,atn,turkiye,creation,86,58,22,0
24,10,0,false,2,atn,turkiye,creation,75,42,27,36
10,10,0,false,2,atn,turkiye,creation,62,48,13,0
22,6,16,false,2,atn,turkiye,creation,71,64,37,50
26,0,4,false,2,atn,turkiye,creation,50,58,13,8
3,11,0,false,2,atn,turkiye,creation,80,85,47,64
5,7,0,false,2,atn,turkiye,creation,62,88,19,18
30,0,26,false,2,atn,turkiye,creation,54,116,28,5
31,0,20,false,2,atn,turkiye,creation,35,104,17,0
28,0,12,false,2,atn,turkiye,creation,28,98,13,0
38,6,26,false,2,atn,turkiye,creation,101,71,31,107
37,4,21,false,2,atn,turkiye,creation,52,124,22,17
8,10,0,false,2,atn,turkiye,creation,51,99,13,24
35,0,6,false,2,atn,turkiye,creation,44,132,22,17
25,11,0,false,2,atn,turkiye,creation,3,0,13,0
33,0,0,false,2,atn,turkiye,creation,4,5,16,12
41,8,0,false,2,atn,turkiye,creation,31,23,18,42
27,0,6,false,2,atn,turkiye,creation,135,35,14,97
21,6,0,false,2,atn,turkiye,creation,244,34,9,147
39,8,20,false,2,atn,turkiye,creation,171,19,4,165
14,6,0,false,2,atn,turkiye,creation,91,0,0,131
6,11,0,false,2,atn,turkiye,creation,0,0,0,0
1,10,0,false,2,atn,turkiye,creation,3,0,3,10
19,10,0,false,2,atn,turkiye,creation,4,5,3,25
32,0,14,false,2,atn,turkiye,creation,31,25,3,54
16,6,1,false,2,atn,turkiye,creation,137,39,2,105
4,10,0,false,2,atn,turkiye,creation,252,40,1,146
15,6,11,false,2,atn,turkiye,creation,205,25,0,159
11,8,0,false,2,atn,turkiye,creation,159,6,0,111
36,2,12,false,2,atn,turkiye,creation,144,0,0,22
17,8,0,false,2,metaweb,turkiye,burnin,192,0,28,0
20,0,25,false,2,metaweb,turkiye,burnin,184,8,28,0
29,8,0,false,2,metaweb,turkiye,burnin,176,16,28,0
7,8,0,false,2,metaweb,turkiye,burnin,168,24,28,0
2,8,0,false,2,metaweb,turkiye,burnin,160,32,28,0
23,0,25,false,2,metaweb,turkiye,burnin,152,40,28,0
12,8,0,false,2,metaweb,turkiye,burnin,144,48,28,0
18,0,25,false,2,metaweb,turkiye,burnin,136,56,28,0
13,8,0,false,2,metaweb,turkiye,burnin,128,64,28,0
9,8,0,false,2,metaweb,turkiye,burnin,120,72,28,0
24,0,25,false,2,metaweb,turkiye,burnin,112,80,28,0
10,8,0,false,2,metaweb,turkiye,burnin,104,88,28,0
22,0,25,false,2,metaweb,turkiye,burnin,96,96,28,0
26,8,0,false,2,metaweb,turkiye,burnin,88,104,28,0
3,8,0,false,2,metaweb,turkiye,burnin,80,112,28,0
5,8,0,false,2,metaweb,turkiye,burnin,72,120,28,0
30,8,0,false,2,metaweb,turkiye,burnin,64,128,28,0
31,8,0,false,2,metaweb,turkiye,burnin,164,136,56,119
28,8,0,false,2,metaweb,turkiye,burnin,164,136,48,127
8,8,0,false,2,metaweb,turkiye,burnin,164,136,40,135
25,0,25,false,2,metaweb,turkiye,burnin,164,136,32,143
33,8,0,false,2,metaweb,turkiye,burnin,164,136,24,151
27,8,0,false,2,metaweb,turkiye,burnin,164,136,16,159
21,0,25,false,2,metaweb,turkiye,burnin,164,136,8,167
14,8,0,false,2,metaweb,turkiye,burnin,164,136,0,175
6,8,0,false,2,metaweb,turkiye,burnin,136,56,0,28
1,8,0,false,2,metaweb,turkiye,burnin,144,48,0,28
19,0,25,false,2,metaweb,turkiye,burnin,152,40,0,28
32,8,0,false,2,metaweb,turkiye,burnin,160,32,0,28
16,8,0,false,2,metaweb,turkiye,burnin,168,24,0,28
4,8,0,false,2,metaweb,turkiye,burnin,176,16,0,28
15,8,0,false,2,metaweb,turkiye,burnin,184,8,0,28
11,8,0,false,2,metaweb,turkiye,burnin,192,0,0,28
6,0,1,false,2,down_niche_empiricalbm,turkiye,burnin,0,0,5,0
1,0,1,false,2,down_niche_empiricalbm,turkiye,burnin,0,0,4,1
7,6,0,false,2,down_niche_empiricalbm,turkiye,burnin,0,0,3,2
2,0,1,false,2,down_niche_empiricalbm,turkiye,burnin,0,0,2,3
4,0,1,false,2,down_niche_empiricalbm,turkiye,burnin,0,0,1,4
3,0,1,false,2,down_niche_empiricalbm,turkiye,burnin,0,0,0,5
5,0,1,false,2,down_niche_empiricalbm,turkiye,burnin,0,0,0,15
17,5,5,false,2,niche,turkiye,burnin,3,0,9,0
20,4,5,false,2,niche,turkiye,burnin,1,2,1,0
7,1,1,true,2,niche,turkiye,burnin,0,0,0,0
2,3,0,false,2,niche,turkiye,burnin,0,0,0,0
23,1,4,false,2,niche,turkiye,burnin,0,0,0,0
12,3,4,false,2,niche,turkiye,burnin,0,0,0,0
18,0,5,false,2,niche,turkiye,burnin,0,2,0,0
13,2,5,false,2,niche,turkiye,burnin,0,0,0,0
9,10,2,true,2,niche,turkiye,burnin,0,0,0,0
24,0,4,false,2,niche,turkiye,burnin,0,0,0,0
10,0,3,true,2,niche,turkiye,burnin,0,0,0,0
22,5,4,false,2,niche,turkiye,burnin,1,0,1,4
26,0,5,false,2,niche,turkiye,burnin,9,0,1,5
3,8,1,true,2,niche,turkiye,burnin,0,0,0,0
5,1,1,false,2,niche,turkiye,burnin,4,0,1,4
8,0,1,false,2,niche,turkiye,burnin,2,2,1,4
25,3,4,true,2,niche,turkiye,burnin,0,0,0,0
27,0,4,false,2,niche,turkiye,burnin,0,0,0,4
21,5,5,false,2,niche,turkiye,burnin,0,6,6,1
14,7,4,true,2,niche,turkiye,burnin,0,0,0,0
6,0,1,false,2,niche,turkiye,burnin,7,2,5,3
1,8,0,false,2,niche,turkiye,burnin,3,6,5,3
19,7,4,false,2,niche,turkiye,burnin,4,0,0,7
16,3,4,false,2,niche,turkiye,burnin,4,0,0,10
4,0,1,true,2,niche,turkiye,burnin,0,0,0,0
15,3,4,false,2,niche,turkiye,burnin,1,0,0,6
11,6,4,false,2,niche,turkiye,burnin,1,0,0,9
17,5,0,false,2,down_niche,turkiye,burnin,92,0,10,0
20,0,22,false,2,down_niche,turkiye,burnin,138,4,21,0
29,6,0,false,2,down_niche,turkiye,burnin,103,8,15,0
7,6,0,false,2,down_niche,turkiye,burnin,116,16,21,0
2,7,0,false,2,down_niche,turkiye,burnin,87,15,10,0
23,0,21,false,2,down_niche,turkiye,burnin,106,25,21,0
12,3,0,false,2,down_niche,turkiye,burnin,84,28,15,0
18,0,21,false,2,down_niche,turkiye,burnin,89,33,15,0
13,6,0,false,2,down_niche,turkiye,burnin,98,44,21,0
9,7,0,false,2,down_niche,turkiye,burnin,83,48,21,0
24,0,21,false,2,down_niche,turkiye,burnin,78,54,21,0
10,7,0,false,2,down_niche,turkiye,burnin,35,26,3,0
22,0,22,false,2,down_niche,turkiye,burnin,65,57,15,0
26,8,0,false,2,down_niche,turkiye,burnin,63,69,21,0
3,6,0,false,2,down_niche,turkiye,burnin,64,78,21,0
5,5,0,false,2,down_niche,turkiye,burnin,57,85,21,0
30,7,0,false,2,down_niche,turkiye,burnin,33,58,10,0
31,7,0,false,2,down_niche,turkiye,burnin,112,98,42,78
28,8,0,false,2,down_niche,turkiye,burnin,37,18,12,50
8,6,0,false,2,down_niche,turkiye,burnin,119,112,38,84
25,0,21,false,2,down_niche,turkiye,burnin,106,104,30,84
33,7,0,false,2,down_niche,turkiye,burnin,126,105,20,100
27,6,0,false,2,down_niche,turkiye,burnin,106,104,15,102
21,0,21,false,2,down_niche,turkiye,burnin,112,98,7,113
14,7,0,false,2,down_niche,turkiye,burnin,106,104,0,117
6,7,0,false,2,down_niche,turkiye,burnin,105,47,0,28
1,5,0,false,2,down_niche,turkiye,burnin,88,34,0,15
19,0,11,false,2,down_niche,turkiye,burnin,119,33,0,28
32,6,0,false,2,down_niche,turkiye,burnin,98,23,0,15
16,7,0,false,2,down_niche,turkiye,burnin,122,20,0,21
4,7,0,false,2,down_niche,turkiye,burnin,129,13,0,21
15,7,0,false,2,down_niche,turkiye,burnin,116,6,0,15
11,7,0,false,2,down_niche,turkiye,burnin,142,0,0,21
9,0,6,false,2,atn_empiricalbm,turkiye,burnin,15,0,3,0
6,3,0,false,2,atn_empiricalbm,turkiye,burnin,12,3,3,0
1,3,0,false,2,atn_empiricalbm,turkiye,burnin,9,6,3,0
8,0,6,false,2,atn_empiricalbm,turkiye,burnin,6,9,3,0
7,0,6,false,2,atn_empiricalbm,turkiye,burnin,3,12,3,0
2,3,0,false,2,atn_empiricalbm,turkiye,burnin,0,15,3,0
4,3,0,false,2,atn_empiricalbm,turkiye,burnin,15,0,0,12
3,3,0,false,2,atn_empiricalbm,turkiye,burnin,15,0,0,12
5,3,0,false,2,atn_empiricalbm,turkiye,burnin,15,0,0,12
9,8,0,false,2,metaweb_empiricalbm,turkiye,burnin,0,0,7,0
6,0,1,false,2,metaweb_empiricalbm,turkiye,burnin,0,0,6,1
1,0,1,false,2,metaweb_empiricalbm,turkiye,burnin,0,0,5,2
8,0,1,false,2,metaweb_empiricalbm,turkiye,burnin,0,0,4,3
7,0,1,false,2,metaweb_empiricalbm,turkiye,burnin,0,0,3,4
2,0,1,false,2,metaweb_empiricalbm,turkiye,burnin,0,0,2,5
4,0,1,false,2,metaweb_empiricalbm,turkiye,burnin,0,0,1,6
3,0,1,false,2,metaweb_empiricalbm,turkiye,burnin,0,0,0,7
5,0,1,false,2,metaweb_empiricalbm,turkiye,burnin,0,0,0,28
17,0,6,false,2,atn,turkiye,burnin,54,0,33,0
20,0,6,false,2,atn,turkiye,burnin,44,10,33,0
7,6,0,false,2,atn,turkiye,burnin,62,12,22,0
2,10,0,false,2,atn,turkiye,burnin,54,20,22,0
23,6,12,false,2,atn,turkiye,burnin,48,20,13,0
12,0,4,false,2,atn,turkiye,burnin,42,26,13,0
18,0,3,false,2,atn,turkiye,burnin,36,32,13,0
13,0,6,false,2,atn,turkiye,burnin,30,38,13,0
9,8,3,false,2,atn,turkiye,burnin,27,38,27,10
24,8,6,false,2,atn,turkiye,burnin,8,46,28,5
10,10,0,false,2,atn,turkiye,burnin,23,30,13,21
22,4,14,false,2,atn,turkiye,burnin,3,0,13,0
26,8,0,false,2,atn,turkiye,burnin,4,5,16,12
3,8,0,false,2,atn,turkiye,burnin,31,23,18,42
5,6,0,false,2,atn,turkiye,burnin,51,25,14,65
8,6,0,false,2,atn,turkiye,burnin,43,17,9,67
25,8,3,false,2,atn,turkiye,burnin,10,5,4,44
21,2,12,false,2,atn,turkiye,burnin,3,0,0,27
14,0,12,false,2,atn,turkiye,burnin,3,0,3,10
6,6,0,false,2,atn,turkiye,burnin,4,5,3,25
1,10,0,false,2,atn,turkiye,burnin,31,25,3,54
19,0,4,false,2,atn,turkiye,burnin,53,29,2,73
16,0,12,false,2,atn,turkiye,burnin,51,23,1,66
4,8,0,false,2,atn,turkiye,burnin,44,11,0,52
15,0,14,false,2,atn,turkiye,burnin,59,6,0,37
11,6,3,false,2,atn,turkiye,burnin,74,0,0,22
17,8,1,true,3,metaweb,turkiye,creation,0,0,0,0
20,8,7,true,3,metaweb,turkiye,creation,0,0,0,0
29,0,27,true,3,metaweb,turkiye,creation,0,0,0,0
34,8,1,true,3,metaweb,turkiye,creation,0,0,0,0
7,8,6,true,3,metaweb,turkiye,creation,0,0,0,0
2,19,3,false,3,metaweb,turkiye,creation,192,0,28,0
23,8,6,false,3,metaweb,turkiye,creation,184,8,28,0
40,8,1,false,3,metaweb,turkiye,creation,176,16,28,0
12,8,7,false,3,metaweb,turkiye,creation,168,24,28,0
18,8,6,false,3,metaweb,turkiye,creation,160,32,28,0
13,8,1,false,3,metaweb,turkiye,creation,152,40,28,0
9,8,6,false,3,metaweb,turkiye,creation,144,48,28,0
24,24,6,false,3,metaweb,turkiye,creation,136,56,28,0
10,8,6,false,3,metaweb,turkiye,creation,128,64,28,0
22,8,1,false,3,metaweb,turkiye,creation,120,72,28,0
26,0,27,false,3,metaweb,turkiye,creation,112,80,28,0
3,19,3,false,3,metaweb,turkiye,creation,104,88,28,0
5,11,7,false,3,metaweb,turkiye,creation,96,96,28,0
30,0,27,false,3,metaweb,turkiye,creation,88,104,28,0
31,0,27,false,3,metaweb,turkiye,creation,80,112,28,0
28,0,27,false,3,metaweb,turkiye,creation,72,120,28,0
38,8,1,false,3,metaweb,turkiye,creation,64,128,28,0
37,8,1,false,3,metaweb,turkiye,creation,0,0,28,0
8,8,0,true,3,metaweb,turkiye,creation,0,0,0,0
35,8,1,true,3,metaweb,turkiye,creation,0,0,0,0
25,24,6,false,3,metaweb,turkiye,creation,164,136,56,119
33,0,27,false,3,metaweb,turkiye,creation,164,136,48,127
41,8,1,false,3,metaweb,turkiye,creation,164,136,40,135
27,0,27,false,3,metaweb,turkiye,creation,164,136,32,143
21,8,7,false,3,metaweb,turkiye,creation,164,136,24,151
39,8,1,false,3,metaweb,turkiye,creation,164,136,16,159
14,8,7,false,3,metaweb,turkiye,creation,164,136,8,167
6,8,0,false,3,metaweb,turkiye,creation,164,136,0,175
1,19,3,false,3,metaweb,turkiye,creation,136,56,0,35
19,8,6,false,3,metaweb,turkiye,creation,144,48,0,35
32,0,27,false,3,metaweb,turkiye,creation,152,40,0,35
16,8,7,false,3,metaweb,turkiye,creation,160,32,0,35
4,16,6,false,3,metaweb,turkiye,creation,168,24,0,35
15,8,1,false,3,metaweb,turkiye,creation,176,16,0,35
11,8,7,false,3,metaweb,turkiye,creation,184,8,0,35
36,8,1,false,3,metaweb,turkiye,creation,192,0,0,35
17,6,1,false,3,down_niche_empiricalbm,turkiye,creation,0,0,27,0
20,7,4,false,3,down_niche_empiricalbm,turkiye,creation,10,0,31,6
29,0,20,false,3,down_niche_empiricalbm,turkiye,creation,11,0,21,11
34,7,1,false,3,down_niche_empiricalbm,turkiye,creation,12,3,15,9
7,6,2,false,3,down_niche_empiricalbm,turkiye,creation,6,8,28,4
2,11,0,false,3,down_niche_empiricalbm,turkiye,creation,76,0,6,0
23,8,1,false,3,down_niche_empiricalbm,turkiye,creation,111,3,34,0
40,5,1,false,3,down_niche_empiricalbm,turkiye,creation,115,8,15,0
12,6,5,false,3,down_niche_empiricalbm,turkiye,creation,104,14,36,9
18,7,3,false,3,down_niche_empiricalbm,turkiye,creation,95,20,29,19
13,5,1,false,3,down_niche_empiricalbm,turkiye,creation,51,15,11,26
9,7,3,false,3,down_niche_empiricalbm,turkiye,creation,85,26,26,23
24,10,2,false,3,down_niche_empiricalbm,turkiye,creation,75,26,10,7
10,6,4,false,3,down_niche_empiricalbm,turkiye,creation,83,40,26,26
22,6,1,false,3,down_niche_empiricalbm,turkiye,creation,89,47,21,7
26,0,20,false,3,down_niche_empiricalbm,turkiye,creation,71,52,24,36
3,9,1,false,3,down_niche_empiricalbm,turkiye,creation,70,53,15,7
5,8,1,false,3,down_niche_empiricalbm,turkiye,creation,70,67,25,19
30,0,6,false,3,down_niche_empiricalbm,turkiye,creation,57,69,20,32
31,0,22,false,3,down_niche_empiricalbm,turkiye,creation,55,82,24,28
28,0,14,false,3,down_niche_empiricalbm,turkiye,creation,31,52,12,32
38,5,1,false,3,down_niche_empiricalbm,turkiye,creation,40,77,15,7
37,4,1,false,3,down_niche_empiricalbm,turkiye,creation,0,0,28,6
8,6,0,false,3,down_niche_empiricalbm,turkiye,creation,23,24,1,41
35,8,1,false,3,down_niche_empiricalbm,turkiye,creation,34,4,1,67
25,13,2,false,3,down_niche_empiricalbm,turkiye,creation,109,75,26,74
33,0,22,false,3,down_niche_empiricalbm,turkiye,creation,123,120,32,78
41,5,1,false,3,down_niche_empiricalbm,turkiye,creation,58,33,12,63
27,0,23,false,3,down_niche_empiricalbm,turkiye,creation,99,91,19,83
21,5,4,false,3,down_niche_empiricalbm,turkiye,creation,6,5,3,33
39,6,1,false,3,down_niche_empiricalbm,turkiye,creation,119,112,13,93
14,7,4,false,3,down_niche_empiricalbm,turkiye,creation,120,105,5,103
6,4,0,false,3,down_niche_empiricalbm,turkiye,creation,135,96,0,107
1,7,2,false,3,down_niche_empiricalbm,turkiye,creation,99,37,0,28
19,6,5,false,3,down_niche_empiricalbm,turkiye,creation,111,30,0,35
32,0,22,false,3,down_niche_empiricalbm,turkiye,creation,83,21,0,17
16,6,6,false,3,down_niche_empiricalbm,turkiye,creation,69,14,0,13
4,6,2,false,3,down_niche_empiricalbm,turkiye,creation,92,12,0,17
15,7,1,false,3,down_niche_empiricalbm,turkiye,creation,107,8,0,22
11,3,5,false,3,down_niche_empiricalbm,turkiye,creation,98,4,0,17
36,5,1,false,3,down_niche_empiricalbm,turkiye,creation,104,0,0,17
17,4,6,false,3,niche,turkiye,creation,6,0,1,0
20,5,2,false,3,niche,turkiye,creation,43,0,13,0
29,1,11,false,3,niche,turkiye,creation,8,0,10,0
34,1,11,false,3,niche,turkiye,creation,31,10,117,0
7,12,4,false,3,niche,turkiye,creation,0,1,10,0
2,7,1,true,3,niche,turkiye,creation,0,0,0,0
23,5,4,true,3,niche,turkiye,creation,0,0,0,0
40,0,4,true,3,niche,turkiye,creation,0,0,0,0
12,21,4,false,3,niche,turkiye,creation,24,1,5,4
18,0,5,false,3,niche,turkiye,creation,31,12,13,4
13,9,5,false,3,niche,turkiye,creation,9,6,1,4
9,4,4,false,3,niche,turkiye,creation,8,38,146,4
24,2,4,false,3,niche,turkiye,creation,20,30,26,8
10,7,4,false,3,niche,turkiye,creation,1,0,0,22
22,10,3,false,3,niche,turkiye,creation,10,13,6,30
26,0,5,false,3,niche,turkiye,creation,14,2,2,38
3,5,1,false,3,niche,turkiye,creation,6,13,3,32
5,7,1,false,3,niche,turkiye,creation,1,0,0,34
30,5,11,false,3,niche,turkiye,creation,1,0,0,34
31,4,9,false,3,niche,turkiye,creation,1,2,6,26
28,6,9,false,3,niche,turkiye,creation,6,4,0,34
38,2,5,false,3,niche,turkiye,creation,4,31,26,20
37,0,6,false,3,niche,turkiye,creation,15,16,7,33
8,14,4,false,3,niche,turkiye,creation,9,9,0,35
35,0,7,true,3,niche,turkiye,creation,0,0,0,0
25,6,5,false,3,niche,turkiye,creation,4,0,0,46
33,2,9,false,3,niche,turkiye,creation,7,3,0,46
41,0,1,false,3,niche,turkiye,creation,34,11,10,57
27,1,5,false,3,niche,turkiye,creation,31,4,0,53
21,1,3,true,3,niche,turkiye,creation,0,0,0,0
39,0,4,false,3,niche,turkiye,creation,26,4,4,57
14,0,5,false,3,niche,turkiye,creation,19,21,8,52
6,19,2,false,3,niche,turkiye,creation,22,8,1,57
1,2,1,false,3,niche,turkiye,creation,41,2,0,36
19,0,4,false,3,niche,turkiye,creation,17,0,0,13
32,5,8,false,3,niche,turkiye,creation,14,3,1,13
16,3,6,false,3,niche,turkiye,creation,14,0,0,18
4,19,1,false,3,niche,turkiye,creation,7,0,1,7
15,5,6,false,3,niche,turkiye,creation,2,0,0,7
11,3,4,false,3,niche,turkiye,creation,2,0,0,7
36,3,6,false,3,niche,turkiye,creation,0,0,0,3
17,6,1,false,3,down_niche,turkiye,creation,0,0,27,0
20,7,4,false,3,down_niche,turkiye,creation,10,0,31,6
29,0,20,false,3,down_niche,turkiye,creation,11,0,21,11
34,7,1,false,3,down_niche,turkiye,creation,12,3,15,9
7,6,2,false,3,down_niche,turkiye,creation,6,8,28,4
2,11,0,false,3,down_niche,turkiye,creation,76,0,6,0
23,8,1,false,3,down_niche,turkiye,creation,111,3,34,0
40,5,1,false,3,down_niche,turkiye,creation,115,8,15,0
12,6,5,false,3,down_niche,turkiye,creation,104,14,36,9
18,7,3,false,3,down_niche,turkiye,creation,95,20,29,19
13,5,1,false,3,down_niche,turkiye,creation,51,15,11,26
9,7,3,false,3,down_niche,turkiye,creation,85,26,26,23
24,10,2,false,3,down_niche,turkiye,creation,75,26,10,7
10,6,4,false,3,down_niche,turkiye,creation,83,40,26,26
22,6,1,false,3,down_niche,turkiye,creation,89,47,21,7
26,0,20,false,3,down_niche,turkiye,creation,71,52,24,36
3,9,1,false,3,down_niche,turkiye,creation,70,53,15,7
5,8,1,false,3,down_niche,turkiye,creation,70,67,25,19
30,0,6,false,3,down_niche,turkiye,creation,57,69,20,32
31,0,22,false,3,down_niche,turkiye,creation,55,82,24,28
28,0,14,false,3,down_niche,turkiye,creation,31,52,12,32
38,5,1,false,3,down_niche,turkiye,creation,40,77,15,7
37,4,1,false,3,down_niche,turkiye,creation,0,0,28,6
8,6,0,false,3,down_niche,turkiye,creation,23,24,1,41
35,8,1,false,3,down_niche,turkiye,creation,34,4,1,67
25,13,2,false,3,down_niche,turkiye,creation,109,75,26,74
33,0,22,false,3,down_niche,turkiye,creation,123,120,32,78
41,5,1,false,3,down_niche,turkiye,creation,58,33,12,63
27,0,23,false,3,down_niche,turkiye,creation,99,91,19,83
21,5,4,false,3,down_niche,turkiye,creation,6,5,3,33
39,6,1,false,3,down_niche,turkiye,creation,119,112,13,93
14,7,4,false,3,down_niche,turkiye,creation,120,105,5,103
6,4,0,false,3,down_niche,turkiye,creation,135,96,0,107
1,7,2,false,3,down_niche,turkiye,creation,99,37,0,28
19,6,5,false,3,down_niche,turkiye,creation,111,30,0,35
32,0,22,false,3,down_niche,turkiye,creation,83,21,0,17
16,6,6,false,3,down_niche,turkiye,creation,69,14,0,13
4,6,2,false,3,down_niche,turkiye,creation,92,12,0,17
15,7,1,false,3,down_niche,turkiye,creation,107,8,0,22
11,3,5,false,3,down_niche,turkiye,creation,98,4,0,17
36,5,1,false,3,down_niche,turkiye,creation,104,0,0,17
17,6,0,false,3,atn_empiricalbm,turkiye,creation,145,0,30,0
20,6,0,false,3,atn_empiricalbm,turkiye,creation,124,7,36,0
29,0,18,false,3,atn_empiricalbm,turkiye,creation,129,16,30,0
34,0,3,false,3,atn_empiricalbm,turkiye,creation,96,21,21,0
7,9,0,false,3,atn_empiricalbm,turkiye,creation,86,12,15,0
2,9,0,false,3,atn_empiricalbm,turkiye,creation,99,32,36,0
23,9,0,false,3,atn_empiricalbm,turkiye,creation,102,43,30,0
40,6,8,false,3,atn_empiricalbm,turkiye,creation,83,48,36,0
12,7,0,false,3,atn_empiricalbm,turkiye,creation,74,57,36,0
18,9,0,false,3,atn_empiricalbm,turkiye,creation,65,66,36,0
13,6,14,false,3,atn_empiricalbm,turkiye,creation,64,46,15,0
9,9,0,false,3,atn_empiricalbm,turkiye,creation,62,61,19,0
24,9,0,false,3,atn_empiricalbm,turkiye,creation,92,53,51,64
10,9,0,false,3,atn_empiricalbm,turkiye,creation,56,42,15,0
22,6,14,false,3,atn_empiricalbm,turkiye,creation,94,76,50,73
26,0,3,false,3,atn_empiricalbm,turkiye,creation,46,52,15,0
3,9,0,false,3,atn_empiricalbm,turkiye,creation,40,58,15,0
5,6,0,false,3,atn_empiricalbm,turkiye,creation,57,88,19,11
30,0,23,false,3,atn_empiricalbm,turkiye,creation,48,83,21,15
31,0,17,false,3,atn_empiricalbm,turkiye,creation,28,70,15,0
28,0,11,false,3,atn_empiricalbm,turkiye,creation,34,89,15,4
38,4,23,false,3,atn_empiricalbm,turkiye,creation,74,71,31,84
37,2,18,false,3,atn_empiricalbm,turkiye,creation,49,96,15,15
8,9,0,false,3,atn_empiricalbm,turkiye,creation,46,85,15,21
35,0,6,false,3,atn_empiricalbm,turkiye,creation,43,88,15,21
25,9,0,false,3,atn_empiricalbm,turkiye,creation,3,0,9,0
33,0,0,false,3,atn_empiricalbm,turkiye,creation,6,9,11,17
41,6,0,false,3,atn_empiricalbm,turkiye,creation,31,24,12,43
27,0,6,false,3,atn_empiricalbm,turkiye,creation,104,32,7,83
21,7,0,false,3,atn_empiricalbm,turkiye,creation,231,22,3,154
39,6,17,false,3,atn_empiricalbm,turkiye,creation,136,0,0,127
14,6,0,false,3,atn_empiricalbm,turkiye,creation,28,0,0,64
6,9,0,false,3,atn_empiricalbm,turkiye,creation,0,0,0,0
1,9,0,false,3,atn_empiricalbm,turkiye,creation,3,0,3,6
19,9,0,false,3,atn_empiricalbm,turkiye,creation,6,9,3,25
32,0,8,false,3,atn_empiricalbm,turkiye,creation,31,24,3,52
16,6,0,false,3,atn_empiricalbm,turkiye,creation,104,36,1,90
4,7,0,false,3,atn_empiricalbm,turkiye,creation,239,28,0,163
15,6,16,false,3,atn_empiricalbm,turkiye,creation,164,6,0,142
11,6,0,false,3,atn_empiricalbm,turkiye,creation,88,4,0,79
36,0,11,false,3,atn_empiricalbm,turkiye,creation,98,0,0,15
17,8,1,true,3,metaweb_empiricalbm,turkiye,creation,0,0,0,0
20,8,7,true,3,metaweb_empiricalbm,turkiye,creation,0,0,0,0
29,0,27,true,3,metaweb_empiricalbm,turkiye,creation,0,0,0,0
34,8,1,true,3,metaweb_empiricalbm,turkiye,creation,0,0,0,0
7,8,6,true,3,metaweb_empiricalbm,turkiye,creation,0,0,0,0
2,19,3,false,3,metaweb_empiricalbm,turkiye,creation,192,0,28,0
23,8,6,false,3,metaweb_empiricalbm,turkiye,creation,184,8,28,0
40,8,1,false,3,metaweb_empiricalbm,turkiye,creation,176,16,28,0
12,8,7,false,3,metaweb_empiricalbm,turkiye,creation,168,24,28,0
18,8,6,false,3,metaweb_empiricalbm,turkiye,creation,160,32,28,0
13,8,1,false,3,metaweb_empiricalbm,turkiye,creation,152,40,28,0
9,8,6,false,3,metaweb_empiricalbm,turkiye,creation,144,48,28,0
24,24,6,false,3,metaweb_empiricalbm,turkiye,creation,136,56,28,0
10,8,6,false,3,metaweb_empiricalbm,turkiye,creation,128,64,28,0
22,8,1,false,3,metaweb_empiricalbm,turkiye,creation,120,72,28,0
26,0,27,false,3,metaweb_empiricalbm,turkiye,creation,112,80,28,0
3,19,3,false,3,metaweb_empiricalbm,turkiye,creation,104,88,28,0
5,11,7,false,3,metaweb_empiricalbm,turkiye,creation,96,96,28,0
30,0,27,false,3,metaweb_empiricalbm,turkiye,creation,88,104,28,0
31,0,27,false,3,metaweb_empiricalbm,turkiye,creation,80,112,28,0
28,0,27,false,3,metaweb_empiricalbm,turkiye,creation,72,120,28,0
38,8,1,false,3,metaweb_empiricalbm,turkiye,creation,64,128,28,0
37,8,1,false,3,metaweb_empiricalbm,turkiye,creation,0,0,28,0
8,8,0,true,3,metaweb_empiricalbm,turkiye,creation,0,0,0,0
35,8,1,true,3,metaweb_empiricalbm,turkiye,creation,0,0,0,0
25,24,6,false,3,metaweb_empiricalbm,turkiye,creation,164,136,56,119
33,0,27,false,3,metaweb_empiricalbm,turkiye,creation,164,136,48,127
41,8,1,false,3,metaweb_empiricalbm,turkiye,creation,164,136,40,135
27,0,27,false,3,metaweb_empiricalbm,turkiye,creation,164,136,32,143
21,8,7,false,3,metaweb_empiricalbm,turkiye,creation,164,136,24,151
39,8,1,false,3,metaweb_empiricalbm,turkiye,creation,164,136,16,159
14,8,7,false,3,metaweb_empiricalbm,turkiye,creation,164,136,8,167
6,8,0,false,3,metaweb_empiricalbm,turkiye,creation,164,136,0,175
1,19,3,false,3,metaweb_empiricalbm,turkiye,creation,136,56,0,35
19,8,6,false,3,metaweb_empiricalbm,turkiye,creation,144,48,0,35
32,0,27,false,3,metaweb_empiricalbm,turkiye,creation,152,40,0,35
16,8,7,false,3,metaweb_empiricalbm,turkiye,creation,160,32,0,35
4,16,6,false,3,metaweb_empiricalbm,turkiye,creation,168,24,0,35
15,8,1,false,3,metaweb_empiricalbm,turkiye,creation,176,16,0,35
11,8,7,false,3,metaweb_empiricalbm,turkiye,creation,184,8,0,35
36,8,1,false,3,metaweb_empiricalbm,turkiye,creation,192,0,0,35
17,6,0,false,3,atn,turkiye,creation,145,0,30,0
20,6,0,false,3,atn,turkiye,creation,124,7,36,0
29,0,18,false,3,atn,turkiye,creation,129,16,30,0
34,0,3,false,3,atn,turkiye,creation,96,21,21,0
7,9,0,false,3,atn,turkiye,creation,86,12,15,0
2,9,0,false,3,atn,turkiye,creation,99,32,36,0
23,9,0,false,3,atn,turkiye,creation,102,43,30,0
40,6,8,false,3,atn,turkiye,creation,83,48,36,0
12,7,0,false,3,atn,turkiye,creation,74,57,36,0
18,9,0,false,3,atn,turkiye,creation,65,66,36,0
13,6,14,false,3,atn,turkiye,creation,64,46,15,0
9,9,0,false,3,atn,turkiye,creation,62,61,19,0
24,9,0,false,3,atn,turkiye,creation,92,53,51,64
10,9,0,false,3,atn,turkiye,creation,56,42,15,0
22,6,14,false,3,atn,turkiye,creation,94,76,50,73
26,0,3,false,3,atn,turkiye,creation,46,52,15,0
3,9,0,false,3,atn,turkiye,creation,40,58,15,0
5,6,0,false,3,atn,turkiye,creation,57,88,19,11
30,0,23,false,3,atn,turkiye,creation,48,83,21,15
31,0,17,false,3,atn,turkiye,creation,28,70,15,0
28,0,11,false,3,atn,turkiye,creation,34,89,15,4
38,4,23,false,3,atn,turkiye,creation,74,71,31,84
37,2,18,false,3,atn,turkiye,creation,49,96,15,15
8,9,0,false,3,atn,turkiye,creation,46,85,15,21
35,0,6,false,3,atn,turkiye,creation,43,88,15,21
25,9,0,false,3,atn,turkiye,creation,3,0,9,0
33,0,0,false,3,atn,turkiye,creation,6,9,11,17
41,6,0,false,3,atn,turkiye,creation,31,24,12,43
27,0,6,false,3,atn,turkiye,creation,104,32,7,83
21,7,0,false,3,atn,turkiye,creation,231,22,3,154
39,6,17,false,3,atn,turkiye,creation,136,0,0,127
14,6,0,false,3,atn,turkiye,creation,28,0,0,64
6,9,0,false,3,atn,turkiye,creation,0,0,0,0
1,9,0,false,3,atn,turkiye,creation,3,0,3,6
19,9,0,false,3,atn,turkiye,creation,6,9,3,25
32,0,8,false,3,atn,turkiye,creation,31,24,3,52
16,6,0,false,3,atn,turkiye,creation,104,36,1,90
4,7,0,false,3,atn,turkiye,creation,239,28,0,163
15,6,16,false,3,atn,turkiye,creation,164,6,0,142
11,6,0,false,3,atn,turkiye,creation,88,4,0,79
36,0,11,false,3,atn,turkiye,creation,98,0,0,15
17,8,0,false,3,metaweb,turkiye,burnin,192,0,28,0
20,0,25,false,3,metaweb,turkiye,burnin,184,8,28,0
29,8,0,false,3,metaweb,turkiye,burnin,176,16,28,0
7,8,0,false,3,metaweb,turkiye,burnin,168,24,28,0
2,8,0,false,3,metaweb,turkiye,burnin,160,32,28,0
23,0,25,false,3,metaweb,turkiye,burnin,152,40,28,0
12,8,0,false,3,metaweb,turkiye,burnin,144,48,28,0
18,0,25,false,3,metaweb,turkiye,burnin,136,56,28,0
13,8,0,false,3,metaweb,turkiye,burnin,128,64,28,0
9,8,0,false,3,metaweb,turkiye,burnin,120,72,28,0
24,0,25,false,3,metaweb,turkiye,burnin,112,80,28,0
10,8,0,false,3,metaweb,turkiye,burnin,104,88,28,0
22,0,25,false,3,metaweb,turkiye,burnin,96,96,28,0
26,8,0,false,3,metaweb,turkiye,burnin,88,104,28,0
3,8,0,false,3,metaweb,turkiye,burnin,80,112,28,0
5,8,0,false,3,metaweb,turkiye,burnin,72,120,28,0
30,8,0,false,3,metaweb,turkiye,burnin,64,128,28,0
31,8,0,false,3,metaweb,turkiye,burnin,164,136,56,119
28,8,0,false,3,metaweb,turkiye,burnin,164,136,48,127
8,8,0,false,3,metaweb,turkiye,burnin,164,136,40,135
25,0,25,false,3,metaweb,turkiye,burnin,164,136,32,143
33,8,0,false,3,metaweb,turkiye,burnin,164,136,24,151
27,8,0,false,3,metaweb,turkiye,burnin,164,136,16,159
21,0,25,false,3,metaweb,turkiye,burnin,164,136,8,167
14,8,0,false,3,metaweb,turkiye,burnin,164,136,0,175
6,8,0,false,3,metaweb,turkiye,burnin,136,56,0,28
1,8,0,false,3,metaweb,turkiye,burnin,144,48,0,28
19,0,25,false,3,metaweb,turkiye,burnin,152,40,0,28
32,8,0,false,3,metaweb,turkiye,burnin,160,32,0,28
16,8,0,false,3,metaweb,turkiye,burnin,168,24,0,28
4,8,0,false,3,metaweb,turkiye,burnin,176,16,0,28
15,8,0,false,3,metaweb,turkiye,burnin,184,8,0,28
11,8,0,false,3,metaweb,turkiye,burnin,192,0,0,28
9,7,0,false,3,down_niche_empiricalbm,turkiye,burnin,1,0,13,0
6,0,2,false,3,down_niche_empiricalbm,turkiye,burnin,1,0,11,2
1,0,2,false,3,down_niche_empiricalbm,turkiye,burnin,1,0,9,4
8,0,2,false,3,down_niche_empiricalbm,turkiye,burnin,1,0,7,6
7,0,2,false,3,down_niche_empiricalbm,turkiye,burnin,0,0,3,4
2,0,2,false,3,down_niche_empiricalbm,turkiye,burnin,1,0,4,9
10,8,0,false,3,down_niche_empiricalbm,turkiye,burnin,1,0,2,11
4,0,2,false,3,down_niche_empiricalbm,turkiye,burnin,1,0,0,13
3,0,2,false,3,down_niche_empiricalbm,turkiye,burnin,0,7,0,21
5,0,1,false,3,down_niche_empiricalbm,turkiye,burnin,7,0,0,28
17,0,4,false,3,niche,turkiye,burnin,33,0,9,0
20,5,3,false,3,niche,turkiye,burnin,8,0,10,0
29,2,9,false,3,niche,turkiye,burnin,25,7,90,0
34,2,5,false,3,niche,turkiye,burnin,0,1,6,0
7,13,4,true,3,niche,turkiye,burnin,0,0,0,0
2,5,1,true,3,niche,turkiye,burnin,0,0,0,0
23,0,5,true,3,niche,turkiye,burnin,0,0,0,0
12,0,5,false,3,niche,turkiye,burnin,22,1,5,3
18,4,2,false,3,niche,turkiye,burnin,23,10,9,3
13,4,6,false,3,niche,turkiye,burnin,7,30,117,3
9,6,4,false,3,niche,turkiye,burnin,16,24,20,7
24,1,5,false,3,niche,turkiye,burnin,1,0,0,20
10,19,4,false,3,niche,turkiye,burnin,8,9,3,28
22,5,5,false,3,niche,turkiye,burnin,14,2,2,34
26,4,10,false,3,niche,turkiye,burnin,5,7,1,30
3,17,1,false,3,niche,turkiye,burnin,1,0,0,30
5,17,2,false,3,niche,turkiye,burnin,1,0,0,30
30,1,9,false,3,niche,turkiye,burnin,1,0,3,24
31,0,7,false,3,niche,turkiye,burnin,4,23,20,17
28,5,8,false,3,niche,turkiye,burnin,11,15,7,27
37,0,1,false,3,niche,turkiye,burnin,5,8,0,29
8,4,4,true,3,niche,turkiye,burnin,0,0,0,0
35,0,4,false,3,niche,turkiye,burnin,4,0,0,40
25,6,8,false,3,niche,turkiye,burnin,7,3,0,40
33,0,6,false,3,niche,turkiye,burnin,27,11,10,47
27,4,9,true,3,niche,turkiye,burnin,0,0,0,0
21,2,3,false,3,niche,turkiye,burnin,26,4,4,47
14,3,6,false,3,niche,turkiye,burnin,19,19,8,43
6,11,4,false,3,niche,turkiye,burnin,22,8,1,48
1,6,1,false,3,niche,turkiye,burnin,28,2,0,36
19,9,3,false,3,niche,turkiye,burnin,17,0,0,13
32,3,6,false,3,niche,turkiye,burnin,14,3,1,13
16,0,5,false,3,niche,turkiye,burnin,14,0,0,18
4,6,1,false,3,niche,turkiye,burnin,7,0,1,7
15,3,6,false,3,niche,turkiye,burnin,2,0,0,7
11,8,5,false,3,niche,turkiye,burnin,2,0,0,7
36,0,4,false,3,niche,turkiye,burnin,0,0,0,3
17,7,2,false,3,down_niche,turkiye,burnin,8,0,21,0
20,5,0,false,3,down_niche,turkiye,burnin,6,2,28,0
29,0,19,false,3,down_niche,turkiye,burnin,67,0,6,0
34,6,1,false,3,down_niche,turkiye,burnin,99,3,34,0
7,6,3,false,3,down_niche,turkiye,burnin,100,8,15,0
2,8,0,false,3,down_niche,turkiye,burnin,92,14,36,8
23,0,19,false,3,down_niche,turkiye,burnin,83,19,29,10
12,7,1,false,3,down_niche,turkiye,burnin,42,13,11,10
18,5,3,false,3,down_niche,turkiye,burnin,71,26,26,20
13,6,4,false,3,down_niche,turkiye,burnin,63,26,10,7
9,6,4,false,3,down_niche,turkiye,burnin,69,38,26,12
24,0,20,false,3,down_niche,turkiye,burnin,74,47,21,7
10,5,1,false,3,down_niche,turkiye,burnin,56,49,24,23
22,13,1,false,3,down_niche,turkiye,burnin,55,53,15,7
26,0,18,false,3,down_niche,turkiye,burnin,54,66,25,13
3,4,0,false,3,down_niche,turkiye,burnin,41,66,20,19
5,6,0,false,3,down_niche,turkiye,burnin,40,79,24,15
30,0,19,false,3,down_niche,turkiye,burnin,22,51,12,23
31,7,1,false,3,down_niche,turkiye,burnin,27,77,15,7
28,0,19,false,3,down_niche,turkiye,burnin,0,0,10,0
8,3,2,false,3,down_niche,turkiye,burnin,16,24,1,32
35,5,1,false,3,down_niche,turkiye,burnin,18,4,1,63
25,0,14,false,3,down_niche,turkiye,burnin,105,60,22,74
33,4,1,false,3,down_niche,turkiye,burnin,105,75,21,77
27,0,6,false,3,down_niche,turkiye,burnin,58,33,12,63
21,10,0,false,3,down_niche,turkiye,burnin,88,65,13,81
14,6,1,false,3,down_niche,turkiye,burnin,6,5,3,33
6,7,3,false,3,down_niche,turkiye,burnin,101,70,7,87
1,8,0,false,3,down_niche,turkiye,burnin,105,60,2,94
19,6,1,false,3,down_niche,turkiye,burnin,123,48,0,95
32,8,1,false,3,down_niche,turkiye,burnin,99,22,0,25
16,6,3,false,3,down_niche,turkiye,burnin,111,15,0,32
4,6,2,false,3,down_niche,turkiye,burnin,65,7,0,10
15,7,2,false,3,down_niche,turkiye,burnin,99,4,0,19
11,7,2,false,3,down_niche,turkiye,burnin,90,0,0,14
8,3,0,false,3,atn_empiricalbm,turkiye,burnin,21,0,3,0
7,3,0,false,3,atn_empiricalbm,turkiye,burnin,18,3,3,0
2,3,0,false,3,atn_empiricalbm,turkiye,burnin,15,6,3,0
9,0,8,false,3,atn_empiricalbm,turkiye,burnin,12,9,3,0
6,3,0,false,3,atn_empiricalbm,turkiye,burnin,9,12,3,0
1,3,0,false,3,atn_empiricalbm,turkiye,burnin,6,15,3,0
10,0,8,false,3,atn_empiricalbm,turkiye,burnin,3,18,3,0
4,3,0,false,3,atn_empiricalbm,turkiye,burnin,0,21,3,0
3,3,0,false,3,atn_empiricalbm,turkiye,burnin,28,0,0,16
5,3,0,false,3,atn_empiricalbm,turkiye,burnin,28,0,0,16
11,0,8,false,3,atn_empiricalbm,turkiye,burnin,28,0,0,16
9,8,0,false,3,metaweb_empiricalbm,turkiye,burnin,0,0,7,0
6,0,1,false,3,metaweb_empiricalbm,turkiye,burnin,0,0,6,1
1,0,1,false,3,metaweb_empiricalbm,turkiye,burnin,0,0,5,2
8,0,1,false,3,metaweb_empiricalbm,turkiye,burnin,0,0,4,3
7,0,1,false,3,metaweb_empiricalbm,turkiye,burnin,0,0,3,4
2,0,1,false,3,metaweb_empiricalbm,turkiye,burnin,0,0,2,5
4,0,1,false,3,metaweb_empiricalbm,turkiye,burnin,0,0,1,6
3,0,1,false,3,metaweb_empiricalbm,turkiye,burnin,0,0,0,7
5,0,1,false,3,metaweb_empiricalbm,turkiye,burnin,0,0,0,28
17,9,0,false,3,atn,turkiye,burnin,79,0,36,0
20,0,11,false,3,atn,turkiye,burnin,66,2,15,0
29,4,15,false,3,atn,turkiye,burnin,68,11,36,0
7,6,0,false,3,atn,turkiye,burnin,59,20,36,0
2,6,0,false,3,atn,turkiye,burnin,50,29,36,0
23,0,9,false,3,atn,turkiye,burnin,41,38,36,0
12,6,0,false,3,atn,turkiye,burnin,40,24,15,0
18,0,3,false,3,atn,turkiye,burnin,57,21,39,40
13,9,0,false,3,atn,turkiye,burnin,44,24,15,0
9,6,0,false,3,atn,turkiye,burnin,47,31,36,43
24,0,8,false,3,atn,turkiye,burnin,34,34,15,0
10,6,8,false,3,atn,turkiye,burnin,28,40,15,0
22,0,15,false,3,atn,turkiye,burnin,28,51,21,15
26,0,6,false,3,atn,turkiye,burnin,20,48,15,0
3,9,0,false,3,atn,turkiye,burnin,32,46,27,52
5,9,0,false,3,atn,turkiye,burnin,26,53,15,21
30,6,9,false,3,atn,turkiye,burnin,23,56,15,21
31,6,8,false,3,atn,turkiye,burnin,3,0,9,0
28,2,11,false,3,atn,turkiye,burnin,6,9,11,17
8,6,8,false,3,atn,turkiye,burnin,31,24,12,43
25,0,3,false,3,atn,turkiye,burnin,37,18,7,48
27,0,11,false,3,atn,turkiye,burnin,91,14,3,96
21,0,11,false,3,atn,turkiye,burnin,36,0,0,69
14,6,0,false,3,atn,turkiye,burnin,28,0,0,64
6,9,0,false,3,atn,turkiye,burnin,3,0,3,6
1,9,0,false,3,atn,turkiye,burnin,6,9,3,25
19,0,6,false,3,atn,turkiye,burnin,31,24,3,52
32,6,0,false,3,atn,turkiye,burnin,37,22,1,55
16,9,0,false,3,atn,turkiye,burnin,99,20,0,105
4,9,0,false,3,atn,turkiye,burnin,64,6,0,84
15,6,8,false,3,atn,turkiye,burnin,74,4,0,79
11,6,0,false,3,atn,turkiye,burnin,68,0,0,15
17,8,1,true,4,metaweb,turkiye,creation,0,0,0,0
20,8,7,true,4,metaweb,turkiye,creation,0,0,0,0
29,0,27,true,4,metaweb,turkiye,creation,0,0,0,0
34,8,1,true,4,metaweb,turkiye,creation,0,0,0,0
7,8,6,true,4,metaweb,turkiye,creation,0,0,0,0
2,19,3,false,4,metaweb,turkiye,creation,192,0,28,0
23,8,6,false,4,metaweb,turkiye,creation,184,8,28,0
40,8,1,false,4,metaweb,turkiye,creation,176,16,28,0
12,8,7,false,4,metaweb,turkiye,creation,168,24,28,0
18,8,6,false,4,metaweb,turkiye,creation,160,32,28,0
13,8,1,false,4,metaweb,turkiye,creation,152,40,28,0
9,8,6,false,4,metaweb,turkiye,creation,144,48,28,0
24,24,6,false,4,metaweb,turkiye,creation,136,56,28,0
10,8,6,false,4,metaweb,turkiye,creation,128,64,28,0
22,8,1,false,4,metaweb,turkiye,creation,120,72,28,0
26,0,27,false,4,metaweb,turkiye,creation,112,80,28,0
3,19,3,false,4,metaweb,turkiye,creation,104,88,28,0
5,11,7,false,4,metaweb,turkiye,creation,96,96,28,0
30,0,27,false,4,metaweb,turkiye,creation,88,104,28,0
31,0,27,false,4,metaweb,turkiye,creation,80,112,28,0
28,0,27,false,4,metaweb,turkiye,creation,72,120,28,0
38,8,1,false,4,metaweb,turkiye,creation,64,128,28,0
37,8,1,false,4,metaweb,turkiye,creation,0,0,28,0
8,8,0,true,4,metaweb,turkiye,creation,0,0,0,0
35,8,1,true,4,metaweb,turkiye,creation,0,0,0,0
25,24,6,false,4,metaweb,turkiye,creation,164,136,56,119
33,0,27,false,4,metaweb,turkiye,creation,164,136,48,127
41,8,1,false,4,metaweb,turkiye,creation,164,136,40,135
27,0,27,false,4,metaweb,turkiye,creation,164,136,32,143
21,8,7,false,4,metaweb,turkiye,creation,164,136,24,151
39,8,1,false,4,metaweb,turkiye,creation,164,136,16,159
14,8,7,false,4,metaweb,turkiye,creation,164,136,8,167
6,8,0,false,4,metaweb,turkiye,creation,164,136,0,175
1,19,3,false,4,metaweb,turkiye,creation,136,56,0,35
19,8,6,false,4,metaweb,turkiye,creation,144,48,0,35
32,0,27,false,4,metaweb,turkiye,creation,152,40,0,35
16,8,7,false,4,metaweb,turkiye,creation,160,32,0,35
4,16,6,false,4,metaweb,turkiye,creation,168,24,0,35
15,8,1,false,4,metaweb,turkiye,creation,176,16,0,35
11,8,7,false,4,metaweb,turkiye,creation,184,8,0,35
36,8,1,false,4,metaweb,turkiye,creation,192,0,0,35
17,6,0,false,4,down_niche_empiricalbm,turkiye,creation,18,0,21,0
20,6,5,false,4,down_niche_empiricalbm,turkiye,creation,5,4,19,0
29,0,12,false,4,down_niche_empiricalbm,turkiye,creation,1,1,1,0
34,7,1,false,4,down_niche_empiricalbm,turkiye,creation,6,5,22,2
7,8,4,true,4,down_niche_empiricalbm,turkiye,creation,0,0,0,0
2,8,0,false,4,down_niche_empiricalbm,turkiye,creation,96,0,10,0
23,5,0,false,4,down_niche_empiricalbm,turkiye,creation,126,8,35,19
40,8,0,false,4,down_niche_empiricalbm,turkiye,creation,104,11,15,0
12,5,5,false,4,down_niche_empiricalbm,turkiye,creation,79,13,15,6
18,3,1,false,4,down_niche_empiricalbm,turkiye,creation,80,18,17,17
13,6,0,false,4,down_niche_empiricalbm,turkiye,creation,83,25,27,8
9,6,1,false,4,down_niche_empiricalbm,turkiye,creation,72,28,20,16
24,8,3,false,4,down_niche_empiricalbm,turkiye,creation,79,36,15,0
10,5,4,false,4,down_niche_empiricalbm,turkiye,creation,61,39,18,18
22,6,0,false,4,down_niche_empiricalbm,turkiye,creation,48,30,6,0
26,0,21,false,4,down_niche_empiricalbm,turkiye,creation,53,38,16,14
3,3,0,false,4,down_niche_empiricalbm,turkiye,creation,58,49,15,0
5,4,2,false,4,down_niche_empiricalbm,turkiye,creation,27,31,3,7
30,0,20,false,4,down_niche_empiricalbm,turkiye,creation,59,70,25,16
31,0,20,false,4,down_niche_empiricalbm,turkiye,creation,49,73,17,29
28,0,20,false,4,down_niche_empiricalbm,turkiye,creation,28,44,6,25
38,5,0,false,4,down_niche_empiricalbm,turkiye,creation,35,73,15,0
37,4,1,false,4,down_niche_empiricalbm,turkiye,creation,0,0,10,0
8,6,0,false,4,down_niche_empiricalbm,turkiye,creation,7,7,0,32
35,8,0,false,4,down_niche_empiricalbm,turkiye,creation,22,0,0,29
25,8,1,false,4,down_niche_empiricalbm,turkiye,creation,106,104,36,61
33,0,19,false,4,down_niche_empiricalbm,turkiye,creation,130,80,21,77
41,4,1,false,4,down_niche_empiricalbm,turkiye,creation,106,84,21,78
27,0,21,false,4,down_niche_empiricalbm,turkiye,creation,34,32,13,50
21,4,4,false,4,down_niche_empiricalbm,turkiye,creation,106,84,12,81
39,3,1,false,4,down_niche_empiricalbm,turkiye,creation,106,84,7,89
14,5,4,false,4,down_niche_empiricalbm,turkiye,creation,2,4,2,24
6,5,0,false,4,down_niche_empiricalbm,turkiye,creation,87,84,0,90
1,7,0,false,4,down_niche_empiricalbm,turkiye,creation,91,35,0,25
19,7,3,false,4,down_niche_empiricalbm,turkiye,creation,100,29,0,28
32,0,4,false,4,down_niche_empiricalbm,turkiye,creation,77,18,0,14
16,5,3,false,4,down_niche_empiricalbm,turkiye,creation,60,9,0,10
4,8,1,false,4,down_niche_empiricalbm,turkiye,creation,85,11,0,10
15,4,1,false,4,down_niche_empiricalbm,turkiye,creation,53,5,0,7
11,6,4,false,4,down_niche_empiricalbm,turkiye,creation,125,4,0,28
36,5,1,false,4,down_niche_empiricalbm,turkiye,creation,76,0,0,10
17,5,4,false,4,niche,turkiye,creation,37,0,18,0
20,7,4,false,4,niche,turkiye,creation,4,0,1,0
29,2,9,false,4,niche,turkiye,creation,12,6,216,0
34,0,7,false,4,niche,turkiye,creation,22,9,10,0
7,7,3,false,4,niche,turkiye,creation,0,9,28,0
2,2,0,false,4,niche,turkiye,creation,0,0,0,7
23,3,2,false,4,niche,turkiye,creation,22,10,13,26
40,0,6,false,4,niche,turkiye,creation,7,1,0,29
12,8,2,false,4,niche,turkiye,creation,26,14,21,26
18,3,4,false,4,niche,turkiye,creation,4,2,0,29
13,0,2,false,4,niche,turkiye,creation,16,26,23,25
9,11,2,false,4,niche,turkiye,creation,6,0,28,21
24,3,2,false,4,niche,turkiye,creation,1,0,0,29
10,1,2,true,4,niche,turkiye,creation,0,0,0,0
22,7,2,false,4,niche,turkiye,creation,0,5,10,17
26,11,7,false,4,niche,turkiye,creation,1,0,0,31
3,26,0,false,4,niche,turkiye,creation,6,11,3,28
5,9,0,false,4,niche,turkiye,creation,4,3,1,29
30,4,10,false,4,niche,turkiye,creation,8,2,0,31
31,3,9,false,4,niche,turkiye,creation,17,10,6,31
28,5,8,false,4,niche,turkiye,creation,5,4,0,28
38,1,12,false,4,niche,turkiye,creation,1,25,10,23
37,4,11,false,4,niche,turkiye,creation,0,6,1,26
8,3,3,false,4,niche,turkiye,creation,4,5,0,22
35,5,6,false,4,niche,turkiye,creation,3,8,1,22
25,2,4,true,4,niche,turkiye,creation,0,0,0,0
33,6,7,false,4,niche,turkiye,creation,22,3,0,29
41,0,3,true,4,niche,turkiye,creation,0,0,0,0
27,1,9,false,4,niche,turkiye,creation,17,4,1,41
21,3,2,false,4,niche,turkiye,creation,30,6,0,50
39,0,11,false,4,niche,turkiye,creation,25,5,3,50
14,7,3,false,4,niche,turkiye,creation,20,13,2,45
6,0,1,false,4,niche,turkiye,creation,15,16,5,21
1,7,0,false,4,niche,turkiye,creation,12,0,0,26
19,3,4,false,4,niche,turkiye,creation,12,11,2,15
32,6,8,false,4,niche,turkiye,creation,35,2,0,12
16,0,4,true,4,niche,turkiye,creation,0,0,0,0
4,6,0,true,4,niche,turkiye,creation,0,0,0,0
15,5,2,false,4,niche,turkiye,creation,26,0,0,12
11,11,2,false,4,niche,turkiye,creation,9,0,0,16
36,1,11,false,4,niche,turkiye,creation,3,0,0,9
17,6,0,false,4,down_niche,turkiye,creation,18,0,21,0
20,6,5,false,4,down_niche,turkiye,creation,5,4,19,0
29,0,12,false,4,down_niche,turkiye,creation,1,1,1,0
34,7,1,false,4,down_niche,turkiye,creation,6,5,22,2
7,8,4,true,4,down_niche,turkiye,creation,0,0,0,0
2,8,0,false,4,down_niche,turkiye,creation,96,0,10,0
23,5,0,false,4,down_niche,turkiye,creation,126,8,35,19
40,8,0,false,4,down_niche,turkiye,creation,104,11,15,0
12,5,5,false,4,down_niche,turkiye,creation,79,13,15,6
18,3,1,false,4,down_niche,turkiye,creation,80,18,17,17
13,6,0,false,4,down_niche,turkiye,creation,83,25,27,8
9,6,1,false,4,down_niche,turkiye,creation,72,28,20,16
24,8,3,false,4,down_niche,turkiye,creation,79,36,15,0
10,5,4,false,4,down_niche,turkiye,creation,61,39,18,18
22,6,0,false,4,down_niche,turkiye,creation,48,30,6,0
26,0,21,false,4,down_niche,turkiye,creation,53,38,16,14
3,3,0,false,4,down_niche,turkiye,creation,58,49,15,0
5,4,2,false,4,down_niche,turkiye,creation,27,31,3,7
30,0,20,false,4,down_niche,turkiye,creation,59,70,25,16
31,0,20,false,4,down_niche,turkiye,creation,49,73,17,29
28,0,20,false,4,down_niche,turkiye,creation,28,44,6,25
38,5,0,false,4,down_niche,turkiye,creation,35,73,15,0
37,4,1,false,4,down_niche,turkiye,creation,0,0,10,0
8,6,0,false,4,down_niche,turkiye,creation,7,7,0,32
35,8,0,false,4,down_niche,turkiye,creation,22,0,0,29
25,8,1,false,4,down_niche,turkiye,creation,106,104,36,61
33,0,19,false,4,down_niche,turkiye,creation,130,80,21,77
41,4,1,false,4,down_niche,turkiye,creation,106,84,21,78
27,0,21,false,4,down_niche,turkiye,creation,34,32,13,50
21,4,4,false,4,down_niche,turkiye,creation,106,84,12,81
39,3,1,false,4,down_niche,turkiye,creation,106,84,7,89
14,5,4,false,4,down_niche,turkiye,creation,2,4,2,24
6,5,0,false,4,down_niche,turkiye,creation,87,84,0,90
1,7,0,false,4,down_niche,turkiye,creation,91,35,0,25
19,7,3,false,4,down_niche,turkiye,creation,100,29,0,28
32,0,4,false,4,down_niche,turkiye,creation,77,18,0,14
16,5,3,false,4,down_niche,turkiye,creation,60,9,0,10
4,8,1,false,4,down_niche,turkiye,creation,85,11,0,10
15,4,1,false,4,down_niche,turkiye,creation,53,5,0,7
11,6,4,false,4,down_niche,turkiye,creation,125,4,0,28
36,5,1,false,4,down_niche,turkiye,creation,76,0,0,10
17,6,16,false,4,atn_empiricalbm,turkiye,creation,119,0,21,0
20,6,0,false,4,atn_empiricalbm,turkiye,creation,129,7,45,0
29,0,12,false,4,atn_empiricalbm,turkiye,creation,119,17,45,0
34,0,5,false,4,atn_empiricalbm,turkiye,creation,105,23,28,0
7,8,0,false,4,atn_empiricalbm,turkiye,creation,87,12,19,0
2,10,0,false,4,atn_empiricalbm,turkiye,creation,108,33,36,0
23,10,0,false,4,atn_empiricalbm,turkiye,creation,87,41,28,0
40,6,5,false,4,atn_empiricalbm,turkiye,creation,79,49,28,0
12,5,0,false,4,atn_empiricalbm,turkiye,creation,75,61,45,0
18,9,0,false,4,atn_empiricalbm,turkiye,creation,63,65,28,0
13,4,14,false,4,atn_empiricalbm,turkiye,creation,67,61,28,0
9,10,0,false,4,atn_empiricalbm,turkiye,creation,44,39,10,0
24,7,0,false,4,atn_empiricalbm,turkiye,creation,74,47,45,69
10,8,0,false,4,atn_empiricalbm,turkiye,creation,46,36,15,0
22,6,20,false,4,atn_empiricalbm,turkiye,creation,58,39,37,58
26,0,5,false,4,atn_empiricalbm,turkiye,creation,48,80,28,0
3,10,0,false,4,atn_empiricalbm,turkiye,creation,91,67,46,91
5,7,0,false,4,atn_empiricalbm,turkiye,creation,56,85,21,15
30,0,22,false,4,atn_empiricalbm,turkiye,creation,54,82,21,24
31,0,16,false,4,atn_empiricalbm,turkiye,creation,24,58,15,0
28,0,10,false,4,atn_empiricalbm,turkiye,creation,16,67,10,0
38,4,22,false,4,atn_empiricalbm,turkiye,creation,142,82,33,120
37,2,12,false,4,atn_empiricalbm,turkiye,creation,58,78,15,30
8,8,0,false,4,atn_empiricalbm,turkiye,creation,49,70,6,15
35,0,7,false,4,atn_empiricalbm,turkiye,creation,57,71,6,22
25,8,0,false,4,atn_empiricalbm,turkiye,creation,4,6,9,10
33,0,0,false,4,atn_empiricalbm,turkiye,creation,9,12,11,20
41,7,0,false,4,atn_empiricalbm,turkiye,creation,23,20,12,36
27,0,7,false,4,atn_empiricalbm,turkiye,creation,46,20,7,63
21,5,0,false,4,atn_empiricalbm,turkiye,creation,210,21,3,149
39,6,16,false,4,atn_empiricalbm,turkiye,creation,120,0,0,122
14,6,0,false,4,atn_empiricalbm,turkiye,creation,10,0,0,45
6,9,0,false,4,atn_empiricalbm,turkiye,creation,0,0,0,0
1,7,0,false,4,atn_empiricalbm,turkiye,creation,4,6,3,16
19,10,0,false,4,atn_empiricalbm,turkiye,creation,9,12,3,28
32,0,5,false,4,atn_empiricalbm,turkiye,creation,23,20,3,45
16,8,0,false,4,atn_empiricalbm,turkiye,creation,50,24,1,70
4,8,0,false,4,atn_empiricalbm,turkiye,creation,224,27,0,158
15,6,10,false,4,atn_empiricalbm,turkiye,creation,152,6,0,137
11,8,0,false,4,atn_empiricalbm,turkiye,creation,58,4,0,60
36,0,10,false,4,atn_empiricalbm,turkiye,creation,99,0,0,19
17,8,1,true,4,metaweb_empiricalbm,turkiye,creation,0,0,0,0
20,8,7,true,4,metaweb_empiricalbm,turkiye,creation,0,0,0,0
29,0,27,true,4,metaweb_empiricalbm,turkiye,creation,0,0,0,0
34,8,1,true,4,metaweb_empiricalbm,turkiye,creation,0,0,0,0
7,8,6,true,4,metaweb_empiricalbm,turkiye,creation,0,0,0,0
2,19,3,false,4,metaweb_empiricalbm,turkiye,creation,192,0,28,0
23,8,6,false,4,metaweb_empiricalbm,turkiye,creation,184,8,28,0
40,8,1,false,4,metaweb_empiricalbm,turkiye,creation,176,16,28,0
12,8,7,false,4,metaweb_empiricalbm,turkiye,creation,168,24,28,0
18,8,6,false,4,metaweb_empiricalbm,turkiye,creation,160,32,28,0
13,8,1,false,4,metaweb_empiricalbm,turkiye,creation,152,40,28,0
9,8,6,false,4,metaweb_empiricalbm,turkiye,creation,144,48,28,0
24,24,6,false,4,metaweb_empiricalbm,turkiye,creation,136,56,28,0
10,8,6,false,4,metaweb_empiricalbm,turkiye,creation,128,64,28,0
22,8,1,false,4,metaweb_empiricalbm,turkiye,creation,120,72,28,0
26,0,27,false,4,metaweb_empiricalbm,turkiye,creation,112,80,28,0
3,19,3,false,4,metaweb_empiricalbm,turkiye,creation,104,88,28,0
5,11,7,false,4,metaweb_empiricalbm,turkiye,creation,96,96,28,0
30,0,27,false,4,metaweb_empiricalbm,turkiye,creation,88,104,28,0
31,0,27,false,4,metaweb_empiricalbm,turkiye,creation,80,112,28,0
28,0,27,false,4,metaweb_empiricalbm,turkiye,creation,72,120,28,0
38,8,1,false,4,metaweb_empiricalbm,turkiye,creation,64,128,28,0
37,8,1,false,4,metaweb_empiricalbm,turkiye,creation,0,0,28,0
8,8,0,true,4,metaweb_empiricalbm,turkiye,creation,0,0,0,0
35,8,1,true,4,metaweb_empiricalbm,turkiye,creation,0,0,0,0
25,24,6,false,4,metaweb_empiricalbm,turkiye,creation,164,136,56,119
33,0,27,false,4,metaweb_empiricalbm,turkiye,creation,164,136,48,127
41,8,1,false,4,metaweb_empiricalbm,turkiye,creation,164,136,40,135
27,0,27,false,4,metaweb_empiricalbm,turkiye,creation,164,136,32,143
21,8,7,false,4,metaweb_empiricalbm,turkiye,creation,164,136,24,151
39,8,1,false,4,metaweb_empiricalbm,turkiye,creation,164,136,16,159
14,8,7,false,4,metaweb_empiricalbm,turkiye,creation,164,136,8,167
6,8,0,false,4,metaweb_empiricalbm,turkiye,creation,164,136,0,175
1,19,3,false,4,metaweb_empiricalbm,turkiye,creation,136,56,0,35
19,8,6,false,4,metaweb_empiricalbm,turkiye,creation,144,48,0,35
32,0,27,false,4,metaweb_empiricalbm,turkiye,creation,152,40,0,35
16,8,7,false,4,metaweb_empiricalbm,turkiye,creation,160,32,0,35
4,16,6,false,4,metaweb_empiricalbm,turkiye,creation,168,24,0,35
15,8,1,false,4,metaweb_empiricalbm,turkiye,creation,176,16,0,35
11,8,7,false,4,metaweb_empiricalbm,turkiye,creation,184,8,0,35
36,8,1,false,4,metaweb_empiricalbm,turkiye,creation,192,0,0,35
17,6,16,false,4,atn,turkiye,creation,119,0,21,0
20,6,0,false,4,atn,turkiye,creation,129,7,45,0
29,0,12,false,4,atn,turkiye,creation,119,17,45,0
34,0,5,false,4,atn,turkiye,creation,105,23,28,0
7,8,0,false,4,atn,turkiye,creation,87,12,19,0
2,10,0,false,4,atn,turkiye,creation,108,33,36,0
23,10,0,false,4,atn,turkiye,creation,87,41,28,0
40,6,5,false,4,atn,turkiye,creation,79,49,28,0
12,5,0,false,4,atn,turkiye,creation,75,61,45,0
18,9,0,false,4,atn,turkiye,creation,63,65,28,0
13,4,14,false,4,atn,turkiye,creation,67,61,28,0
9,10,0,false,4,atn,turkiye,creation,44,39,10,0
24,7,0,false,4,atn,turkiye,creation,74,47,45,69
10,8,0,false,4,atn,turkiye,creation,46,36,15,0
22,6,20,false,4,atn,turkiye,creation,58,39,37,58
26,0,5,false,4,atn,turkiye,creation,48,80,28,0
3,10,0,false,4,atn,turkiye,creation,91,67,46,91
5,7,0,false,4,atn,turkiye,creation,56,85,21,15
30,0,22,false,4,atn,turkiye,creation,54,82,21,24
31,0,16,false,4,atn,turkiye,creation,24,58,15,0
28,0,10,false,4,atn,turkiye,creation,16,67,10,0
38,4,22,false,4,atn,turkiye,creation,142,82,33,120
37,2,12,false,4,atn,turkiye,creation,58,78,15,30
8,8,0,false,4,atn,turkiye,creation,49,70,6,15
35,0,7,false,4,atn,turkiye,creation,57,71,6,22
25,8,0,false,4,atn,turkiye,creation,4,6,9,10
33,0,0,false,4,atn,turkiye,creation,9,12,11,20
41,7,0,false,4,atn,turkiye,creation,23,20,12,36
27,0,7,false,4,atn,turkiye,creation,46,20,7,63
21,5,0,false,4,atn,turkiye,creation,210,21,3,149
39,6,16,false,4,atn,turkiye,creation,120,0,0,122
14,6,0,false,4,atn,turkiye,creation,10,0,0,45
6,9,0,false,4,atn,turkiye,creation,0,0,0,0
1,7,0,false,4,atn,turkiye,creation,4,6,3,16
19,10,0,false,4,atn,turkiye,creation,9,12,3,28
32,0,5,false,4,atn,turkiye,creation,23,20,3,45
16,8,0,false,4,atn,turkiye,creation,50,24,1,70
4,8,0,false,4,atn,turkiye,creation,224,27,0,158
15,6,10,false,4,atn,turkiye,creation,152,6,0,137
11,8,0,false,4,atn,turkiye,creation,58,4,0,60
36,0,10,false,4,atn,turkiye,creation,99,0,0,19
17,8,0,false,4,metaweb,turkiye,burnin,192,0,28,0
20,0,25,false,4,metaweb,turkiye,burnin,184,8,28,0
29,8,0,false,4,metaweb,turkiye,burnin,176,16,28,0
7,8,0,false,4,metaweb,turkiye,burnin,168,24,28,0
2,8,0,false,4,metaweb,turkiye,burnin,160,32,28,0
23,0,25,false,4,metaweb,turkiye,burnin,152,40,28,0
12,8,0,false,4,metaweb,turkiye,burnin,144,48,28,0
18,0,25,false,4,metaweb,turkiye,burnin,136,56,28,0
13,8,0,false,4,metaweb,turkiye,burnin,128,64,28,0
9,8,0,false,4,metaweb,turkiye,burnin,120,72,28,0
24,0,25,false,4,metaweb,turkiye,burnin,112,80,28,0
10,8,0,false,4,metaweb,turkiye,burnin,104,88,28,0
22,0,25,false,4,metaweb,turkiye,burnin,96,96,28,0
26,8,0,false,4,metaweb,turkiye,burnin,88,104,28,0
3,8,0,false,4,metaweb,turkiye,burnin,80,112,28,0
5,8,0,false,4,metaweb,turkiye,burnin,72,120,28,0
30,8,0,false,4,metaweb,turkiye,burnin,64,128,28,0
31,8,0,false,4,metaweb,turkiye,burnin,164,136,56,119
28,8,0,false,4,metaweb,turkiye,burnin,164,136,48,127
8,8,0,false,4,metaweb,turkiye,burnin,164,136,40,135
25,0,25,false,4,metaweb,turkiye,burnin,164,136,32,143
33,8,0,false,4,metaweb,turkiye,burnin,164,136,24,151
27,8,0,false,4,metaweb,turkiye,burnin,164,136,16,159
21,0,25,false,4,metaweb,turkiye,burnin,164,136,8,167
14,8,0,false,4,metaweb,turkiye,burnin,164,136,0,175
6,8,0,false,4,metaweb,turkiye,burnin,136,56,0,28
1,8,0,false,4,metaweb,turkiye,burnin,144,48,0,28
19,0,25,false,4,metaweb,turkiye,burnin,152,40,0,28
32,8,0,false,4,metaweb,turkiye,burnin,160,32,0,28
16,8,0,false,4,metaweb,turkiye,burnin,168,24,0,28
4,8,0,false,4,metaweb,turkiye,burnin,176,16,0,28
15,8,0,false,4,metaweb,turkiye,burnin,184,8,0,28
11,8,0,false,4,metaweb,turkiye,burnin,192,0,0,28
9,7,0,false,4,down_niche_empiricalbm,turkiye,burnin,1,0,13,0
6,0,2,false,4,down_niche_empiricalbm,turkiye,burnin,1,0,11,2
1,0,2,false,4,down_niche_empiricalbm,turkiye,burnin,1,0,9,4
8,0,2,false,4,down_niche_empiricalbm,turkiye,burnin,1,0,7,6
7,0,1,false,4,down_niche_empiricalbm,turkiye,burnin,1,0,5,8
2,0,2,false,4,down_niche_empiricalbm,turkiye,burnin,1,0,3,10
10,8,0,false,4,down_niche_empiricalbm,turkiye,burnin,0,0,1,6
4,0,2,false,4,down_niche_empiricalbm,turkiye,burnin,1,0,0,13
3,0,2,false,4,down_niche_empiricalbm,turkiye,burnin,0,7,0,21
5,0,2,false,4,down_niche_empiricalbm,turkiye,burnin,7,0,0,28
17,4,3,false,4,niche,turkiye,burnin,19,0,12,0
20,5,5,false,4,niche,turkiye,burnin,0,0,10,0
7,0,1,false,4,niche,turkiye,burnin,0,0,0,4
2,6,0,false,4,niche,turkiye,burnin,11,5,8,4
23,4,5,false,4,niche,turkiye,burnin,16,9,15,4
12,6,2,false,4,niche,turkiye,burnin,6,18,17,4
18,2,5,false,4,niche,turkiye,burnin,0,0,0,4
13,3,0,true,4,niche,turkiye,burnin,0,0,0,0
9,3,1,false,4,niche,turkiye,burnin,0,0,3,0
24,1,7,false,4,niche,turkiye,burnin,0,0,0,2
10,0,2,false,4,niche,turkiye,burnin,2,0,1,2
22,0,7,false,4,niche,turkiye,burnin,12,8,6,2
26,0,10,false,4,niche,turkiye,burnin,0,2,1,0
3,0,1,false,4,niche,turkiye,burnin,3,8,1,2
5,9,1,true,4,niche,turkiye,burnin,0,0,0,0
28,0,3,false,4,niche,turkiye,burnin,6,3,0,2
8,5,2,true,4,niche,turkiye,burnin,0,0,0,0
25,3,7,false,4,niche,turkiye,burnin,3,4,1,10
27,0,6,false,4,niche,turkiye,burnin,14,4,3,20
21,5,7,false,4,niche,turkiye,burnin,9,7,2,15
14,2,3,false,4,niche,turkiye,burnin,15,11,5,17
6,9,1,false,4,niche,turkiye,burnin,12,0,0,22
1,6,0,false,4,niche,turkiye,burnin,7,6,2,12
19,3,6,false,4,niche,turkiye,burnin,7,2,0,12
16,1,4,true,4,niche,turkiye,burnin,0,0,0,0
4,6,1,false,4,niche,turkiye,burnin,20,0,0,12
15,9,3,false,4,niche,turkiye,burnin,9,0,0,15
11,3,2,false,4,niche,turkiye,burnin,3,0,0,9
17,6,0,false,4,down_niche,turkiye,burnin,96,0,10,0
20,0,20,false,4,down_niche,turkiye,burnin,124,5,28,0
29,4,0,false,4,down_niche,turkiye,burnin,104,11,15,0
7,5,0,false,4,down_niche,turkiye,burnin,79,13,15,0
2,8,0,false,4,down_niche,turkiye,burnin,78,17,10,0
23,0,20,false,4,down_niche,turkiye,burnin,82,24,15,0
12,6,0,false,4,down_niche,turkiye,burnin,70,25,10,0
18,0,21,false,4,down_niche,turkiye,burnin,79,36,15,0
13,3,0,false,4,down_niche,turkiye,burnin,59,36,10,0
9,5,0,false,4,down_niche,turkiye,burnin,48,30,6,0
24,0,4,false,4,down_niche,turkiye,burnin,52,37,10,0
10,4,0,false,4,down_niche,turkiye,burnin,58,49,15,0
22,0,20,false,4,down_niche,turkiye,burnin,27,31,3,0
26,7,0,false,4,down_niche,turkiye,burnin,58,68,21,0
3,6,0,false,4,down_niche,turkiye,burnin,46,69,15,0
5,5,0,false,4,down_niche,turkiye,burnin,27,42,6,0
30,5,0,false,4,down_niche,turkiye,burnin,35,73,15,0
31,3,0,false,4,down_niche,turkiye,burnin,106,104,36,61
28,5,0,false,4,down_niche,turkiye,burnin,130,80,21,77
8,6,0,false,4,down_niche,turkiye,burnin,106,84,21,78
25,0,19,false,4,down_niche,turkiye,burnin,34,32,13,50
33,4,0,false,4,down_niche,turkiye,burnin,106,84,12,81
27,8,0,false,4,down_niche,turkiye,burnin,106,84,7,89
21,0,12,false,4,down_niche,turkiye,burnin,2,4,2,24
14,7,0,false,4,down_niche,turkiye,burnin,87,84,0,90
6,6,0,false,4,down_niche,turkiye,burnin,91,35,0,21
1,5,0,false,4,down_niche,turkiye,burnin,100,29,0,28
19,0,21,false,4,down_niche,turkiye,burnin,77,18,0,10
32,8,0,false,4,down_niche,turkiye,burnin,60,9,0,6
16,4,0,false,4,down_niche,turkiye,burnin,85,11,0,10
4,6,0,false,4,down_niche,turkiye,burnin,53,5,0,3
15,6,0,false,4,down_niche,turkiye,burnin,125,4,0,28
11,5,0,false,4,down_niche,turkiye,burnin,76,0,0,6
9,0,7,false,4,atn_empiricalbm,turkiye,burnin,12,0,1,0
6,3,0,false,4,atn_empiricalbm,turkiye,burnin,14,2,3,0
1,2,0,false,4,atn_empiricalbm,turkiye,burnin,11,5,3,0
8,0,7,false,4,atn_empiricalbm,turkiye,burnin,8,8,3,0
7,2,0,false,4,atn_empiricalbm,turkiye,burnin,5,11,3,0
2,3,0,false,4,atn_empiricalbm,turkiye,burnin,2,14,3,0
10,0,5,false,4,atn_empiricalbm,turkiye,burnin,0,12,1,0
4,3,0,false,4,atn_empiricalbm,turkiye,burnin,21,0,0,12
3,3,0,false,4,atn_empiricalbm,turkiye,burnin,21,0,0,12
5,3,0,false,4,atn_empiricalbm,turkiye,burnin,10,0,0,10
9,8,0,false,4,metaweb_empiricalbm,turkiye,burnin,0,0,7,0
6,0,1,false,4,metaweb_empiricalbm,turkiye,burnin,0,0,6,1
1,0,1,false,4,metaweb_empiricalbm,turkiye,burnin,0,0,5,2
8,0,1,false,4,metaweb_empiricalbm,turkiye,burnin,0,0,4,3
7,0,1,false,4,metaweb_empiricalbm,turkiye,burnin,0,0,3,4
2,0,1,false,4,metaweb_empiricalbm,turkiye,burnin,0,0,2,5
4,0,1,false,4,metaweb_empiricalbm,turkiye,burnin,0,0,1,6
3,0,1,false,4,metaweb_empiricalbm,turkiye,burnin,0,0,0,7
5,0,1,false,4,metaweb_empiricalbm,turkiye,burnin,0,0,0,28
17,10,0,false,4,atn,turkiye,burnin,78,0,21,0
20,0,7,false,4,atn,turkiye,burnin,83,7,45,0
29,2,10,false,4,atn,turkiye,burnin,73,17,45,0
7,8,0,false,4,atn,turkiye,burnin,65,9,19,0
2,10,0,false,4,atn,turkiye,burnin,70,26,36,0
23,0,15,false,4,atn,turkiye,burnin,53,37,45,0
12,6,11,false,4,atn,turkiye,burnin,51,37,28,0
18,7,0,false,4,atn,turkiye,burnin,44,22,38,41
13,9,0,false,4,atn,turkiye,burnin,40,24,15,0
9,6,0,false,4,atn,turkiye,burnin,36,22,31,29
24,0,11,false,4,atn,turkiye,burnin,37,51,28,0
10,6,5,false,4,atn,turkiye,burnin,53,40,41,61
22,0,10,false,4,atn,turkiye,burnin,38,58,21,15
26,0,5,false,4,atn,turkiye,burnin,34,56,21,24
3,10,0,false,4,atn,turkiye,burnin,18,46,15,0
5,9,0,false,4,atn,turkiye,burnin,64,48,29,81
30,4,15,false,4,atn,turkiye,burnin,36,54,15,30
31,6,11,false,4,atn,turkiye,burnin,31,47,6,15
28,0,10,false,4,atn,turkiye,burnin,4,6,9,10
8,4,9,false,4,atn,turkiye,burnin,9,12,11,20
25,0,5,false,4,atn,turkiye,burnin,23,20,12,36
33,7,0,false,4,atn,turkiye,burnin,29,16,7,55
27,0,7,false,4,atn,turkiye,burnin,91,14,3,106
21,0,10,false,4,atn,turkiye,burnin,55,0,0,87
14,10,0,false,4,atn,turkiye,burnin,10,0,0,45
6,10,0,false,4,atn,turkiye,burnin,4,6,3,16
1,7,0,false,4,atn,turkiye,burnin,9,12,3,28
19,0,5,false,4,atn,turkiye,burnin,23,20,3,45
32,6,5,false,4,atn,turkiye,burnin,33,20,1,62
16,6,13,false,4,atn,turkiye,burnin,105,20,0,115
4,7,0,false,4,atn,turkiye,burnin,87,6,0,102
15,6,0,false,4,atn,turkiye,burnin,54,4,0,60
11,8,0,false,4,atn,turkiye,burnin,74,0,0,19
17,8,1,true,5,metaweb,turkiye,creation,0,0,0,0
20,8,7,true,5,metaweb,turkiye,creation,0,0,0,0
29,0,27,true,5,metaweb,turkiye,creation,0,0,0,0
34,8,1,true,5,metaweb,turkiye,creation,0,0,0,0
7,8,6,true,5,metaweb,turkiye,creation,0,0,0,0
2,19,3,false,5,metaweb,turkiye,creation,192,0,28,0
23,8,6,false,5,metaweb,turkiye,creation,184,8,28,0
40,8,1,false,5,metaweb,turkiye,creation,176,16,28,0
12,8,7,false,5,metaweb,turkiye,creation,168,24,28,0
18,8,6,false,5,metaweb,turkiye,creation,160,32,28,0
13,8,1,false,5,metaweb,turkiye,creation,152,40,28,0
9,8,6,false,5,metaweb,turkiye,creation,144,48,28,0
24,24,6,false,5,metaweb,turkiye,creation,136,56,28,0
10,8,6,false,5,metaweb,turkiye,creation,128,64,28,0
22,8,1,false,5,metaweb,turkiye,creation,120,72,28,0
26,0,27,false,5,metaweb,turkiye,creation,112,80,28,0
3,19,3,false,5,metaweb,turkiye,creation,104,88,28,0
5,11,7,false,5,metaweb,turkiye,creation,96,96,28,0
30,0,27,false,5,metaweb,turkiye,creation,88,104,28,0
31,0,27,false,5,metaweb,turkiye,creation,80,112,28,0
28,0,27,false,5,metaweb,turkiye,creation,72,120,28,0
38,8,1,false,5,metaweb,turkiye,creation,64,128,28,0
37,8,1,false,5,metaweb,turkiye,creation,0,0,28,0
8,8,0,true,5,metaweb,turkiye,creation,0,0,0,0
35,8,1,true,5,metaweb,turkiye,creation,0,0,0,0
25,24,6,false,5,metaweb,turkiye,creation,164,136,56,119
33,0,27,false,5,metaweb,turkiye,creation,164,136,48,127
41,8,1,false,5,metaweb,turkiye,creation,164,136,40,135
27,0,27,false,5,metaweb,turkiye,creation,164,136,32,143
21,8,7,false,5,metaweb,turkiye,creation,164,136,24,151
39,8,1,false,5,metaweb,turkiye,creation,164,136,16,159
14,8,7,false,5,metaweb,turkiye,creation,164,136,8,167
6,8,0,false,5,metaweb,turkiye,creation,164,136,0,175
1,19,3,false,5,metaweb,turkiye,creation,136,56,0,35
19,8,6,false,5,metaweb,turkiye,creation,144,48,0,35
32,0,27,false,5,metaweb,turkiye,creation,152,40,0,35
16,8,7,false,5,metaweb,turkiye,creation,160,32,0,35
4,16,6,false,5,metaweb,turkiye,creation,168,24,0,35
15,8,1,false,5,metaweb,turkiye,creation,176,16,0,35
11,8,7,false,5,metaweb,turkiye,creation,184,8,0,35
36,8,1,false,5,metaweb,turkiye,creation,192,0,0,35
17,4,0,false,5,down_niche_empiricalbm,turkiye,creation,16,0,30,0
20,3,5,false,5,down_niche_empiricalbm,turkiye,creation,5,4,15,1
29,0,21,false,5,down_niche_empiricalbm,turkiye,creation,8,0,22,10
34,2,0,false,5,down_niche_empiricalbm,turkiye,creation,10,11,36,0
7,4,3,false,5,down_niche_empiricalbm,turkiye,creation,4,9,21,4
2,6,1,false,5,down_niche_empiricalbm,turkiye,creation,91,0,10,0
23,6,2,false,5,down_niche_empiricalbm,turkiye,creation,69,3,15,8
40,7,1,false,5,down_niche_empiricalbm,turkiye,creation,48,4,3,0
12,4,6,false,5,down_niche_empiricalbm,turkiye,creation,99,9,21,20
18,5,4,false,5,down_niche_empiricalbm,turkiye,creation,77,13,15,19
13,7,1,false,5,down_niche_empiricalbm,turkiye,creation,57,14,13,15
9,7,3,false,5,down_niche_empiricalbm,turkiye,creation,41,16,13,29
24,10,2,false,5,down_niche_empiricalbm,turkiye,creation,88,30,21,6
10,6,4,false,5,down_niche_empiricalbm,turkiye,creation,71,32,15,27
22,7,1,false,5,down_niche_empiricalbm,turkiye,creation,67,37,15,6
26,0,4,false,5,down_niche_empiricalbm,turkiye,creation,72,47,19,34
3,11,0,false,5,down_niche_empiricalbm,turkiye,creation,33,28,6,0
5,7,1,false,5,down_niche_empiricalbm,turkiye,creation,49,44,13,20
30,0,15,false,5,down_niche_empiricalbm,turkiye,creation,39,45,12,31
31,0,20,false,5,down_niche_empiricalbm,turkiye,creation,29,33,4,29
28,0,9,false,5,down_niche_empiricalbm,turkiye,creation,45,64,15,8
38,5,1,false,5,down_niche_empiricalbm,turkiye,creation,41,77,21,6
37,6,1,false,5,down_niche_empiricalbm,turkiye,creation,0,0,15,8
8,3,0,false,5,down_niche_empiricalbm,turkiye,creation,25,6,0,41
35,5,1,true,5,down_niche_empiricalbm,turkiye,creation,0,0,0,0
25,12,3,false,5,down_niche_empiricalbm,turkiye,creation,3,3,6,14
33,0,20,false,5,down_niche_empiricalbm,turkiye,creation,99,91,31,60
41,6,1,false,5,down_niche_empiricalbm,turkiye,creation,28,8,4,40
27,0,21,false,5,down_niche_empiricalbm,turkiye,creation,112,98,23,70
21,6,2,false,5,down_niche_empiricalbm,turkiye,creation,61,44,10,51
39,4,0,false,5,down_niche_empiricalbm,turkiye,creation,99,84,12,78
14,5,6,false,5,down_niche_empiricalbm,turkiye,creation,99,91,7,80
6,5,0,false,5,down_niche_empiricalbm,turkiye,creation,94,96,0,88
1,8,1,false,5,down_niche_empiricalbm,turkiye,creation,23,10,0,1
19,5,6,false,5,down_niche_empiricalbm,turkiye,creation,67,29,0,15
32,0,20,false,5,down_niche_empiricalbm,turkiye,creation,84,26,0,20
16,6,6,false,5,down_niche_empiricalbm,turkiye,creation,90,20,0,20
4,10,1,false,5,down_niche_empiricalbm,turkiye,creation,82,14,0,15
15,6,1,false,5,down_niche_empiricalbm,turkiye,creation,69,8,0,6
11,4,3,false,5,down_niche_empiricalbm,turkiye,creation,102,5,0,26
36,6,1,false,5,down_niche_empiricalbm,turkiye,creation,110,0,0,20
17,7,5,false,5,niche,turkiye,creation,43,0,11,0
20,9,3,true,5,niche,turkiye,creation,0,0,0,0
29,1,5,true,5,niche,turkiye,creation,0,0,0,0
34,4,11,false,5,niche,turkiye,creation,6,0,3,0
7,7,5,false,5,niche,turkiye,creation,37,4,10,0
2,15,1,true,5,niche,turkiye,creation,0,0,0,0
23,6,3,true,5,niche,turkiye,creation,0,0,0,0
40,0,7,false,5,niche,turkiye,creation,0,0,0,0
12,1,5,true,5,niche,turkiye,creation,0,0,0,0
18,11,5,false,5,niche,turkiye,creation,26,8,3,0
13,3,4,false,5,niche,turkiye,creation,2,3,42,0
9,7,5,false,5,niche,turkiye,creation,0,0,0,0
24,5,3,true,5,niche,turkiye,creation,0,0,0,0
10,5,5,false,5,niche,turkiye,creation,0,2,1,0
22,0,3,true,5,niche,turkiye,creation,0,0,0,0
26,5,6,true,5,niche,turkiye,creation,0,0,0,0
3,16,2,false,5,niche,turkiye,creation,28,14,7,10
5,8,2,false,5,niche,turkiye,creation,23,24,23,10
30,2,5,true,5,niche,turkiye,creation,0,0,0,0
31,6,5,false,5,niche,turkiye,creation,15,26,10,9
28,0,5,false,5,niche,turkiye,creation,6,9,3,9
38,2,11,false,5,niche,turkiye,creation,0,0,0,9
37,1,12,false,5,niche,turkiye,creation,9,26,7,9
8,0,5,false,5,niche,turkiye,creation,0,3,3,6
35,5,10,true,5,niche,turkiye,creation,0,0,0,0
25,4,4,true,5,niche,turkiye,creation,0,0,0,0
33,6,6,false,5,niche,turkiye,creation,3,35,9,12
41,0,5,false,5,niche,turkiye,creation,2,0,0,12
27,7,5,false,5,niche,turkiye,creation,2,6,0,12
21,4,3,true,5,niche,turkiye,creation,0,0,0,0
39,1,7,false,5,niche,turkiye,creation,15,17,5,12
14,4,4,false,5,niche,turkiye,creation,24,4,0,29
6,7,5,false,5,niche,turkiye,creation,20,19,10,16
1,7,1,true,5,niche,turkiye,creation,0,0,0,0
19,8,3,false,5,niche,turkiye,creation,33,6,6,19
32,1,7,false,5,niche,turkiye,creation,36,1,0,39
16,3,5,false,5,niche,turkiye,creation,37,1,0,30
4,5,2,false,5,niche,turkiye,creation,31,0,1,14
15,12,5,false,5,niche,turkiye,creation,10,1,0,17
11,15,5,false,5,niche,turkiye,creation,7,0,0,16
36,1,11,false,5,niche,turkiye,creation,3,0,0,18
17,4,0,false,5,down_niche,turkiye,creation,16,0,30,0
20,3,5,false,5,down_niche,turkiye,creation,5,4,15,1
29,0,21,false,5,down_niche,turkiye,creation,8,0,22,10
34,2,0,false,5,down_niche,turkiye,creation,10,11,36,0
7,4,3,false,5,down_niche,turkiye,creation,4,9,21,4
2,6,1,false,5,down_niche,turkiye,creation,91,0,10,0
23,6,2,false,5,down_niche,turkiye,creation,69,3,15,8
40,7,1,false,5,down_niche,turkiye,creation,48,4,3,0
12,4,6,false,5,down_niche,turkiye,creation,99,9,21,20
18,5,4,false,5,down_niche,turkiye,creation,77,13,15,19
13,7,1,false,5,down_niche,turkiye,creation,57,14,13,15
9,7,3,false,5,down_niche,turkiye,creation,41,16,13,29
24,10,2,false,5,down_niche,turkiye,creation,88,30,21,6
10,6,4,false,5,down_niche,turkiye,creation,71,32,15,27
22,7,1,false,5,down_niche,turkiye,creation,67,37,15,6
26,0,4,false,5,down_niche,turkiye,creation,72,47,19,34
3,11,0,false,5,down_niche,turkiye,creation,33,28,6,0
5,7,1,false,5,down_niche,turkiye,creation,49,44,13,20
30,0,15,false,5,down_niche,turkiye,creation,39,45,12,31
31,0,20,false,5,down_niche,turkiye,creation,29,33,4,29
28,0,9,false,5,down_niche,turkiye,creation,45,64,15,8
38,5,1,false,5,down_niche,turkiye,creation,41,77,21,6
37,6,1,false,5,down_niche,turkiye,creation,0,0,15,8
8,3,0,false,5,down_niche,turkiye,creation,25,6,0,41
35,5,1,true,5,down_niche,turkiye,creation,0,0,0,0
25,12,3,false,5,down_niche,turkiye,creation,3,3,6,14
33,0,20,false,5,down_niche,turkiye,creation,99,91,31,60
41,6,1,false,5,down_niche,turkiye,creation,28,8,4,40
27,0,21,false,5,down_niche,turkiye,creation,112,98,23,70
21,6,2,false,5,down_niche,turkiye,creation,61,44,10,51
39,4,0,false,5,down_niche,turkiye,creation,99,84,12,78
14,5,6,false,5,down_niche,turkiye,creation,99,91,7,80
6,5,0,false,5,down_niche,turkiye,creation,94,96,0,88
1,8,1,false,5,down_niche,turkiye,creation,23,10,0,1
19,5,6,false,5,down_niche,turkiye,creation,67,29,0,15
32,0,20,false,5,down_niche,turkiye,creation,84,26,0,20
16,6,6,false,5,down_niche,turkiye,creation,90,20,0,20
4,10,1,false,5,down_niche,turkiye,creation,82,14,0,15
15,6,1,false,5,down_niche,turkiye,creation,69,8,0,6
11,4,3,false,5,down_niche,turkiye,creation,102,5,0,26
36,6,1,false,5,down_niche,turkiye,creation,110,0,0,20
17,6,4,false,5,atn_empiricalbm,turkiye,creation,128,0,19,0
20,7,0,false,5,atn_empiricalbm,turkiye,creation,121,7,19,0
29,0,20,false,5,atn_empiricalbm,turkiye,creation,114,14,19,0
34,0,3,false,5,atn_empiricalbm,turkiye,creation,107,21,19,0
7,10,0,false,5,atn_empiricalbm,turkiye,creation,84,16,15,0
2,7,0,false,5,atn_empiricalbm,turkiye,creation,70,22,10,0
23,7,0,false,5,atn_empiricalbm,turkiye,creation,83,27,43,0
40,6,6,false,5,atn_empiricalbm,turkiye,creation,86,42,19,0
12,6,0,false,5,atn_empiricalbm,turkiye,creation,66,40,28,0
18,10,0,false,5,atn_empiricalbm,turkiye,creation,74,54,19,0
13,6,4,false,5,atn_empiricalbm,turkiye,creation,64,52,15,0
9,8,0,false,5,atn_empiricalbm,turkiye,creation,60,40,15,0
24,10,0,false,5,atn_empiricalbm,turkiye,creation,51,47,36,7
10,7,0,false,5,atn_empiricalbm,turkiye,creation,50,66,15,0
22,6,5,false,5,atn_empiricalbm,turkiye,creation,85,70,53,47
26,0,3,false,5,atn_empiricalbm,turkiye,creation,42,74,15,0
3,7,0,false,5,atn_empiricalbm,turkiye,creation,33,39,36,15
5,6,0,false,5,atn_empiricalbm,turkiye,creation,43,67,21,22
30,0,23,false,5,atn_empiricalbm,turkiye,creation,39,71,21,22
31,0,18,false,5,atn_empiricalbm,turkiye,creation,37,91,15,4
28,0,10,false,5,atn_empiricalbm,turkiye,creation,24,76,15,0
38,4,23,false,5,atn_empiricalbm,turkiye,creation,24,52,21,37
37,2,20,false,5,atn_empiricalbm,turkiye,creation,24,78,15,6
8,7,0,false,5,atn_empiricalbm,turkiye,creation,29,81,15,28
35,0,6,false,5,atn_empiricalbm,turkiye,creation,20,108,15,4
25,7,0,false,5,atn_empiricalbm,turkiye,creation,3,0,9,0
33,0,0,false,5,atn_empiricalbm,turkiye,creation,6,9,11,17
41,6,0,false,5,atn_empiricalbm,turkiye,creation,24,21,12,38
27,0,6,false,5,atn_empiricalbm,turkiye,creation,146,36,7,93
21,6,0,false,5,atn_empiricalbm,turkiye,creation,227,22,3,134
39,6,18,false,5,atn_empiricalbm,turkiye,creation,153,0,0,116
14,6,0,false,5,atn_empiricalbm,turkiye,creation,15,0,0,49
6,5,0,false,5,atn_empiricalbm,turkiye,creation,0,0,0,0
1,7,0,false,5,atn_empiricalbm,turkiye,creation,3,0,3,6
19,10,0,false,5,atn_empiricalbm,turkiye,creation,6,9,3,25
32,0,6,false,5,atn_empiricalbm,turkiye,creation,24,21,3,47
16,6,0,false,5,atn_empiricalbm,turkiye,creation,146,40,1,100
4,7,0,false,5,atn_empiricalbm,turkiye,creation,235,28,0,143
15,6,15,false,5,atn_empiricalbm,turkiye,creation,179,6,0,131
11,6,0,false,5,atn_empiricalbm,turkiye,creation,77,4,0,64
36,0,10,false,5,atn_empiricalbm,turkiye,creation,100,0,0,15
17,8,1,true,5,metaweb_empiricalbm,turkiye,creation,0,0,0,0
20,8,7,true,5,metaweb_empiricalbm,turkiye,creation,0,0,0,0
29,0,27,true,5,metaweb_empiricalbm,turkiye,creation,0,0,0,0
34,8,1,true,5,metaweb_empiricalbm,turkiye,creation,0,0,0,0
7,8,6,true,5,metaweb_empiricalbm,turkiye,creation,0,0,0,0
2,19,3,false,5,metaweb_empiricalbm,turkiye,creation,192,0,28,0
23,8,6,false,5,metaweb_empiricalbm,turkiye,creation,184,8,28,0
40,8,1,false,5,metaweb_empiricalbm,turkiye,creation,176,16,28,0
12,8,7,false,5,metaweb_empiricalbm,turkiye,creation,168,24,28,0
18,8,6,false,5,metaweb_empiricalbm,turkiye,creation,160,32,28,0
13,8,1,false,5,metaweb_empiricalbm,turkiye,creation,152,40,28,0
9,8,6,false,5,metaweb_empiricalbm,turkiye,creation,144,48,28,0
24,24,6,false,5,metaweb_empiricalbm,turkiye,creation,136,56,28,0
10,8,6,false,5,metaweb_empiricalbm,turkiye,creation,128,64,28,0
22,8,1,false,5,metaweb_empiricalbm,turkiye,creation,120,72,28,0
26,0,27,false,5,metaweb_empiricalbm,turkiye,creation,112,80,28,0
3,19,3,false,5,metaweb_empiricalbm,turkiye,creation,104,88,28,0
5,11,7,false,5,metaweb_empiricalbm,turkiye,creation,96,96,28,0
30,0,27,false,5,metaweb_empiricalbm,turkiye,creation,88,104,28,0
31,0,27,false,5,metaweb_empiricalbm,turkiye,creation,80,112,28,0
28,0,27,false,5,metaweb_empiricalbm,turkiye,creation,72,120,28,0
38,8,1,false,5,metaweb_empiricalbm,turkiye,creation,64,128,28,0
37,8,1,false,5,metaweb_empiricalbm,turkiye,creation,0,0,28,0
8,8,0,true,5,metaweb_empiricalbm,turkiye,creation,0,0,0,0
35,8,1,true,5,metaweb_empiricalbm,turkiye,creation,0,0,0,0
25,24,6,false,5,metaweb_empiricalbm,turkiye,creation,164,136,56,119
33,0,27,false,5,metaweb_empiricalbm,turkiye,creation,164,136,48,127
41,8,1,false,5,metaweb_empiricalbm,turkiye,creation,164,136,40,135
27,0,27,false,5,metaweb_empiricalbm,turkiye,creation,164,136,32,143
21,8,7,false,5,metaweb_empiricalbm,turkiye,creation,164,136,24,151
39,8,1,false,5,metaweb_empiricalbm,turkiye,creation,164,136,16,159
14,8,7,false,5,metaweb_empiricalbm,turkiye,creation,164,136,8,167
6,8,0,false,5,metaweb_empiricalbm,turkiye,creation,164,136,0,175
1,19,3,false,5,metaweb_empiricalbm,turkiye,creation,136,56,0,35
19,8,6,false,5,metaweb_empiricalbm,turkiye,creation,144,48,0,35
32,0,27,false,5,metaweb_empiricalbm,turkiye,creation,152,40,0,35
16,8,7,false,5,metaweb_empiricalbm,turkiye,creation,160,32,0,35
4,16,6,false,5,metaweb_empiricalbm,turkiye,creation,168,24,0,35
15,8,1,false,5,metaweb_empiricalbm,turkiye,creation,176,16,0,35
11,8,7,false,5,metaweb_empiricalbm,turkiye,creation,184,8,0,35
36,8,1,false,5,metaweb_empiricalbm,turkiye,creation,192,0,0,35
17,6,4,false,5,atn,turkiye,creation,128,0,19,0
20,7,0,false,5,atn,turkiye,creation,121,7,19,0
29,0,20,false,5,atn,turkiye,creation,114,14,19,0
34,0,3,false,5,atn,turkiye,creation,107,21,19,0
7,10,0,false,5,atn,turkiye,creation,84,16,15,0
2,7,0,false,5,atn,turkiye,creation,70,22,10,0
23,7,0,false,5,atn,turkiye,creation,83,27,43,0
40,6,6,false,5,atn,turkiye,creation,86,42,19,0
12,6,0,false,5,atn,turkiye,creation,66,40,28,0
18,10,0,false,5,atn,turkiye,creation,74,54,19,0
13,6,4,false,5,atn,turkiye,creation,64,52,15,0
9,8,0,false,5,atn,turkiye,creation,60,40,15,0
24,10,0,false,5,atn,turkiye,creation,51,47,36,7
10,7,0,false,5,atn,turkiye,creation,50,66,15,0
22,6,5,false,5,atn,turkiye,creation,85,70,53,47
26,0,3,false,5,atn,turkiye,creation,42,74,15,0
3,7,0,false,5,atn,turkiye,creation,33,39,36,15
5,6,0,false,5,atn,turkiye,creation,43,67,21,22
30,0,23,false,5,atn,turkiye,creation,39,71,21,22
31,0,18,false,5,atn,turkiye,creation,37,91,15,4
28,0,10,false,5,atn,turkiye,creation,24,76,15,0
38,4,23,false,5,atn,turkiye,creation,24,52,21,37
37,2,20,false,5,atn,turkiye,creation,24,78,15,6
8,7,0,false,5,atn,turkiye,creation,29,81,15,28
35,0,6,false,5,atn,turkiye,creation,20,108,15,4
25,7,0,false,5,atn,turkiye,creation,3,0,9,0
33,0,0,false,5,atn,turkiye,creation,6,9,11,17
41,6,0,false,5,atn,turkiye,creation,24,21,12,38
27,0,6,false,5,atn,turkiye,creation,146,36,7,93
21,6,0,false,5,atn,turkiye,creation,227,22,3,134
39,6,18,false,5,atn,turkiye,creation,153,0,0,116
14,6,0,false,5,atn,turkiye,creation,15,0,0,49
6,5,0,false,5,atn,turkiye,creation,0,0,0,0
1,7,0,false,5,atn,turkiye,creation,3,0,3,6
19,10,0,false,5,atn,turkiye,creation,6,9,3,25
32,0,6,false,5,atn,turkiye,creation,24,21,3,47
16,6,0,false,5,atn,turkiye,creation,146,40,1,100
4,7,0,false,5,atn,turkiye,creation,235,28,0,143
15,6,15,false,5,atn,turkiye,creation,179,6,0,131
11,6,0,false,5,atn,turkiye,creation,77,4,0,64
36,0,10,false,5,atn,turkiye,creation,100,0,0,15
17,8,0,false,5,metaweb,turkiye,burnin,192,0,28,0
20,0,25,false,5,metaweb,turkiye,burnin,184,8,28,0
29,8,0,false,5,metaweb,turkiye,burnin,176,16,28,0
7,8,0,false,5,metaweb,turkiye,burnin,168,24,28,0
2,8,0,false,5,metaweb,turkiye,burnin,160,32,28,0
23,0,25,false,5,metaweb,turkiye,burnin,152,40,28,0
12,8,0,false,5,metaweb,turkiye,burnin,144,48,28,0
18,0,25,false,5,metaweb,turkiye,burnin,136,56,28,0
13,8,0,false,5,metaweb,turkiye,burnin,128,64,28,0
9,8,0,false,5,metaweb,turkiye,burnin,120,72,28,0
24,0,25,false,5,metaweb,turkiye,burnin,112,80,28,0
10,8,0,false,5,metaweb,turkiye,burnin,104,88,28,0
22,0,25,false,5,metaweb,turkiye,burnin,96,96,28,0
26,8,0,false,5,metaweb,turkiye,burnin,88,104,28,0
3,8,0,false,5,metaweb,turkiye,burnin,80,112,28,0
5,8,0,false,5,metaweb,turkiye,burnin,72,120,28,0
30,8,0,false,5,metaweb,turkiye,burnin,64,128,28,0
31,8,0,false,5,metaweb,turkiye,burnin,164,136,56,119
28,8,0,false,5,metaweb,turkiye,burnin,164,136,48,127
8,8,0,false,5,metaweb,turkiye,burnin,164,136,40,135
25,0,25,false,5,metaweb,turkiye,burnin,164,136,32,143
33,8,0,false,5,metaweb,turkiye,burnin,164,136,24,151
27,8,0,false,5,metaweb,turkiye,burnin,164,136,16,159
21,0,25,false,5,metaweb,turkiye,burnin,164,136,8,167
14,8,0,false,5,metaweb,turkiye,burnin,164,136,0,175
6,8,0,false,5,metaweb,turkiye,burnin,136,56,0,28
1,8,0,false,5,metaweb,turkiye,burnin,144,48,0,28
19,0,25,false,5,metaweb,turkiye,burnin,152,40,0,28
32,8,0,false,5,metaweb,turkiye,burnin,160,32,0,28
16,8,0,false,5,metaweb,turkiye,burnin,168,24,0,28
4,8,0,false,5,metaweb,turkiye,burnin,176,16,0,28
15,8,0,false,5,metaweb,turkiye,burnin,184,8,0,28
11,8,0,false,5,metaweb,turkiye,burnin,192,0,0,28
6,0,2,false,5,down_niche_empiricalbm,turkiye,burnin,0,0,4,0
1,0,1,false,5,down_niche_empiricalbm,turkiye,burnin,0,0,3,1
8,5,0,false,5,down_niche_empiricalbm,turkiye,burnin,0,0,1,0
7,2,0,false,5,down_niche_empiricalbm,turkiye,burnin,0,0,2,2
2,0,1,false,5,down_niche_empiricalbm,turkiye,burnin,0,0,1,3
4,0,1,false,5,down_niche_empiricalbm,turkiye,burnin,1,0,0,5
3,0,1,false,5,down_niche_empiricalbm,turkiye,burnin,0,1,0,1
5,0,1,false,5,down_niche_empiricalbm,turkiye,burnin,1,0,0,10
17,1,5,false,5,niche,turkiye,burnin,17,0,11,0
8,3,3,false,5,niche,turkiye,burnin,8,7,19,0
7,3,2,true,5,niche,turkiye,burnin,0,0,0,0
2,9,0,false,5,niche,turkiye,burnin,3,2,1,0
12,6,3,false,5,niche,turkiye,burnin,0,0,0,0
18,0,6,false,5,niche,turkiye,burnin,1,10,7,0
13,5,3,true,5,niche,turkiye,burnin,0,0,0,0
9,0,2,true,5,niche,turkiye,burnin,0,0,0,0
6,5,1,false,5,niche,turkiye,burnin,0,0,0,0
1,7,0,false,5,niche,turkiye,burnin,0,3,0,0
14,1,4,false,5,niche,turkiye,burnin,9,1,0,12
19,0,5,false,5,niche,turkiye,burnin,8,7,10,5
16,2,6,false,5,niche,turkiye,burnin,4,6,6,7
10,1,1,false,5,niche,turkiye,burnin,4,1,0,18
4,2,1,false,5,niche,turkiye,burnin,5,1,0,18
3,6,1,false,5,niche,turkiye,burnin,8,0,1,7
5,0,1,false,5,niche,turkiye,burnin,4,1,0,13
15,1,5,false,5,niche,turkiye,burnin,4,0,0,13
11,1,4,false,5,niche,turkiye,burnin,3,0,0,17
17,5,3,false,5,down_niche,turkiye,burnin,10,0,25,0
20,6,1,false,5,down_niche,turkiye,burnin,2,4,10,0
29,0,19,false,5,down_niche,turkiye,burnin,4,6,36,0
34,6,1,false,5,down_niche,turkiye,burnin,0,6,21,4
7,3,0,false,5,down_niche,turkiye,burnin,90,0,10,0
2,6,0,false,5,down_niche,turkiye,burnin,69,3,6,0
23,11,2,false,5,down_niche,turkiye,burnin,48,4,3,0
12,7,1,false,5,down_niche,turkiye,burnin,97,9,21,12
18,5,4,false,5,down_niche,turkiye,burnin,76,13,15,19
13,5,5,false,5,down_niche,turkiye,burnin,57,13,6,7
9,6,4,false,5,down_niche,turkiye,burnin,39,13,6,20
24,0,4,false,5,down_niche,turkiye,burnin,87,30,21,6
10,4,1,false,5,down_niche,turkiye,burnin,71,28,10,24
22,6,2,false,5,down_niche,turkiye,burnin,66,37,15,6
26,0,9,false,5,down_niche,turkiye,burnin,70,43,15,24
3,10,1,false,5,down_niche,turkiye,burnin,33,28,6,0
5,5,0,false,5,down_niche,turkiye,burnin,49,42,10,15
30,0,20,false,5,down_niche,turkiye,burnin,38,42,10,19
31,0,20,false,5,down_niche,turkiye,burnin,27,31,3,14
28,0,15,false,5,down_niche,turkiye,burnin,45,64,15,0
38,7,1,false,5,down_niche,turkiye,burnin,40,77,21,6
37,4,0,false,5,down_niche,turkiye,burnin,0,0,15,8
8,7,2,true,5,down_niche,turkiye,burnin,0,0,0,0
35,6,1,false,5,down_niche,turkiye,burnin,3,3,6,14
25,0,21,false,5,down_niche,turkiye,burnin,99,91,31,60
33,5,1,false,5,down_niche,turkiye,burnin,28,8,4,40
27,0,21,false,5,down_niche,turkiye,burnin,112,98,23,70
21,7,1,false,5,down_niche,turkiye,burnin,61,44,10,51
39,6,1,false,5,down_niche,turkiye,burnin,93,78,12,76
14,6,1,false,5,down_niche,turkiye,burnin,99,91,7,80
6,4,1,false,5,down_niche,turkiye,burnin,94,96,0,88
1,8,0,false,5,down_niche,turkiye,burnin,23,10,0,1
19,3,3,false,5,down_niche,turkiye,burnin,66,29,0,15
32,2,0,false,5,down_niche,turkiye,burnin,83,26,0,20
16,4,0,false,5,down_niche,turkiye,burnin,89,20,0,20
4,7,1,false,5,down_niche,turkiye,burnin,81,14,0,15
15,6,4,false,5,down_niche,turkiye,burnin,69,8,0,6
11,4,4,false,5,down_niche,turkiye,burnin,101,5,0,26
36,5,1,false,5,down_niche,turkiye,burnin,109,0,0,20
1,3,0,false,5,atn_empiricalbm,turkiye,burnin,0,0,3,0
2,0,1,false,5,atn_empiricalbm,turkiye,burnin,0,0,0,2
4,0,1,false,5,atn_empiricalbm,turkiye,burnin,0,0,0,2
3,0,1,false,5,atn_empiricalbm,turkiye,burnin,0,0,0,2
9,8,0,false,5,metaweb_empiricalbm,turkiye,burnin,0,0,7,0
6,0,1,false,5,metaweb_empiricalbm,turkiye,burnin,0,0,6,1
1,0,1,false,5,metaweb_empiricalbm,turkiye,burnin,0,0,5,2
8,0,1,false,5,metaweb_empiricalbm,turkiye,burnin,0,0,4,3
7,0,1,false,5,metaweb_empiricalbm,turkiye,burnin,0,0,3,4
2,0,1,false,5,metaweb_empiricalbm,turkiye,burnin,0,0,2,5
4,0,1,false,5,metaweb_empiricalbm,turkiye,burnin,0,0,1,6
3,0,1,false,5,metaweb_empiricalbm,turkiye,burnin,0,0,0,7
5,0,1,false,5,metaweb_empiricalbm,turkiye,burnin,0,0,0,28
17,0,3,false,5,atn,turkiye,burnin,66,0,15,0
20,0,12,false,5,atn,turkiye,burnin,63,2,43,0
29,6,9,false,5,atn,turkiye,burnin,51,10,28,0
7,6,0,false,5,atn,turkiye,burnin,52,12,15,0
2,10,0,false,5,atn,turkiye,burnin,52,14,15,0
23,0,6,false,5,atn,turkiye,burnin,43,21,36,7
12,10,0,false,5,atn,turkiye,burnin,38,26,15,0
18,0,6,false,5,atn,turkiye,burnin,41,24,45,19
13,6,0,false,5,atn,turkiye,burnin,30,34,15,0
9,6,0,false,5,atn,turkiye,burnin,29,27,36,15
24,0,3,false,5,atn,turkiye,burnin,28,37,21,22
10,6,4,false,5,atn,turkiye,burnin,24,41,21,22
22,0,9,false,5,atn,turkiye,burnin,20,46,15,0
26,0,10,false,5,atn,turkiye,burnin,22,38,21,37
3,8,0,false,5,atn,turkiye,burnin,12,45,15,6
5,6,0,false,5,atn,turkiye,burnin,17,48,15,28
30,6,6,false,5,atn,turkiye,burnin,3,0,9,0
31,6,0,false,5,atn,turkiye,burnin,6,9,11,17
28,4,14,false,5,atn,turkiye,burnin,24,21,12,38
8,6,6,false,5,atn,turkiye,burnin,46,20,7,53
25,0,6,false,5,atn,turkiye,burnin,74,13,3,82
27,2,12,false,5,atn,turkiye,burnin,36,0,0,64
21,0,14,false,5,atn,turkiye,burnin,15,0,0,49
14,6,5,false,5,atn,turkiye,burnin,3,0,3,6
6,6,4,false,5,atn,turkiye,burnin,6,9,3,25
1,6,0,false,5,atn,turkiye,burnin,24,21,3,47
19,0,10,false,5,atn,turkiye,burnin,46,24,1,60
16,10,0,false,5,atn,turkiye,burnin,82,19,0,91
4,6,0,false,5,atn,turkiye,burnin,62,6,0,79
15,7,0,false,5,atn,turkiye,burnin,61,4,0,64
11,10,0,false,5,atn,turkiye,burnin,66,0,0,15
17,8,1,true,6,metaweb,turkiye,creation,0,0,0,0
20,8,7,true,6,metaweb,turkiye,creation,0,0,0,0
29,0,27,true,6,metaweb,turkiye,creation,0,0,0,0
34,8,1,true,6,metaweb,turkiye,creation,0,0,0,0
7,8,6,true,6,metaweb,turkiye,creation,0,0,0,0
2,19,3,false,6,metaweb,turkiye,creation,192,0,28,0
23,8,6,false,6,metaweb,turkiye,creation,184,8,28,0
40,8,1,false,6,metaweb,turkiye,creation,176,16,28,0
12,8,7,false,6,metaweb,turkiye,creation,168,24,28,0
18,8,6,false,6,metaweb,turkiye,creation,160,32,28,0
13,8,1,false,6,metaweb,turkiye,creation,152,40,28,0
9,8,6,false,6,metaweb,turkiye,creation,144,48,28,0
24,24,6,false,6,metaweb,turkiye,creation,136,56,28,0
10,8,6,false,6,metaweb,turkiye,creation,128,64,28,0
22,8,1,false,6,metaweb,turkiye,creation,120,72,28,0
26,0,27,false,6,metaweb,turkiye,creation,112,80,28,0
3,19,3,false,6,metaweb,turkiye,creation,104,88,28,0
5,11,7,false,6,metaweb,turkiye,creation,96,96,28,0
30,0,27,false,6,metaweb,turkiye,creation,88,104,28,0
31,0,27,false,6,metaweb,turkiye,creation,80,112,28,0
28,0,27,false,6,metaweb,turkiye,creation,72,120,28,0
38,8,1,false,6,metaweb,turkiye,creation,64,128,28,0
37,8,1,false,6,metaweb,turkiye,creation,0,0,28,0
8,8,0,true,6,metaweb,turkiye,creation,0,0,0,0
35,8,1,true,6,metaweb,turkiye,creation,0,0,0,0
25,24,6,false,6,metaweb,turkiye,creation,164,136,56,119
33,0,27,false,6,metaweb,turkiye,creation,164,136,48,127
41,8,1,false,6,metaweb,turkiye,creation,164,136,40,135
27,0,27,false,6,metaweb,turkiye,creation,164,136,32,143
21,8,7,false,6,metaweb,turkiye,creation,164,136,24,151
39,8,1,false,6,metaweb,turkiye,creation,164,136,16,159
14,8,7,false,6,metaweb,turkiye,creation,164,136,8,167
6,8,0,false,6,metaweb,turkiye,creation,164,136,0,175
1,19,3,false,6,metaweb,turkiye,creation,136,56,0,35
19,8,6,false,6,metaweb,turkiye,creation,144,48,0,35
32,0,27,false,6,metaweb,turkiye,creation,152,40,0,35
16,8,7,false,6,metaweb,turkiye,creation,160,32,0,35
4,16,6,false,6,metaweb,turkiye,creation,168,24,0,35
15,8,1,false,6,metaweb,turkiye,creation,176,16,0,35
11,8,7,false,6,metaweb,turkiye,creation,184,8,0,35
36,8,1,false,6,metaweb,turkiye,creation,192,0,0,35
17,5,0,false,6,down_niche_empiricalbm,turkiye,creation,15,0,45,0
20,7,7,false,6,down_niche_empiricalbm,turkiye,creation,13,0,25,2
29,0,22,false,6,down_niche_empiricalbm,turkiye,creation,24,9,28,0
34,7,1,false,6,down_niche_empiricalbm,turkiye,creation,10,13,38,4
7,6,4,false,6,down_niche_empiricalbm,turkiye,creation,7,12,15,0
2,10,0,false,6,down_niche_empiricalbm,turkiye,creation,142,0,21,0
23,6,1,false,6,down_niche_empiricalbm,turkiye,creation,123,9,31,15
40,7,1,false,6,down_niche_empiricalbm,turkiye,creation,109,11,15,0
12,6,5,false,6,down_niche_empiricalbm,turkiye,creation,125,21,28,25
18,5,5,false,6,down_niche_empiricalbm,turkiye,creation,125,29,41,18
13,7,0,false,6,down_niche_empiricalbm,turkiye,creation,115,39,32,33
9,7,4,false,6,down_niche_empiricalbm,turkiye,creation,87,33,24,27
24,9,2,false,6,down_niche_empiricalbm,turkiye,creation,87,40,21,0
10,8,4,false,6,down_niche_empiricalbm,turkiye,creation,84,46,19,33
22,7,1,false,6,down_niche_empiricalbm,turkiye,creation,77,50,15,5
26,0,22,false,6,down_niche_empiricalbm,turkiye,creation,73,57,21,26
3,8,0,false,6,down_niche_empiricalbm,turkiye,creation,48,44,10,0
5,6,0,false,6,down_niche_empiricalbm,turkiye,creation,44,49,16,32
30,0,23,false,6,down_niche_empiricalbm,turkiye,creation,61,69,19,41
31,0,23,false,6,down_niche_empiricalbm,turkiye,creation,64,85,23,48
28,0,8,false,6,down_niche_empiricalbm,turkiye,creation,50,81,15,38
38,8,0,false,6,down_niche_empiricalbm,turkiye,creation,47,95,21,5
37,3,1,false,6,down_niche_empiricalbm,turkiye,creation,0,0,15,10
8,6,0,false,6,down_niche_empiricalbm,turkiye,creation,18,8,0,42
35,4,1,false,6,down_niche_empiricalbm,turkiye,creation,26,0,0,42
25,9,2,false,6,down_niche_empiricalbm,turkiye,creation,135,96,33,88
33,0,16,false,6,down_niche_empiricalbm,turkiye,creation,119,112,34,85
41,6,1,false,6,down_niche_empiricalbm,turkiye,creation,21,7,5,40
27,0,22,false,6,down_niche_empiricalbm,turkiye,creation,126,105,24,97
21,6,5,false,6,down_niche_empiricalbm,turkiye,creation,141,112,18,106
39,6,1,false,6,down_niche_empiricalbm,turkiye,creation,141,112,11,112
14,6,5,false,6,down_niche_empiricalbm,turkiye,creation,112,98,5,110
6,7,0,false,6,down_niche_empiricalbm,turkiye,creation,65,55,0,92
1,11,1,false,6,down_niche_empiricalbm,turkiye,creation,102,40,0,26
19,6,6,false,6,down_niche_empiricalbm,turkiye,creation,63,20,0,11
32,0,21,false,6,down_niche_empiricalbm,turkiye,creation,113,29,0,21
16,7,3,false,6,down_niche_empiricalbm,turkiye,creation,53,12,0,8
4,10,1,false,6,down_niche_empiricalbm,turkiye,creation,130,19,0,28
15,6,1,false,6,down_niche_empiricalbm,turkiye,creation,110,11,0,20
11,7,6,false,6,down_niche_empiricalbm,turkiye,creation,136,6,0,26
36,7,0,false,6,down_niche_empiricalbm,turkiye,creation,127,0,0,20
17,2,5,true,6,niche,turkiye,creation,0,0,0,0
20,6,6,false,6,niche,turkiye,creation,12,0,10,0
29,0,10,false,6,niche,turkiye,creation,11,0,2,0
34,4,6,false,6,niche,turkiye,creation,28,5,147,0
7,2,1,false,6,niche,turkiye,creation,17,25,263,0
2,5,1,false,6,niche,turkiye,creation,9,23,69,0
23,2,6,false,6,niche,turkiye,creation,4,5,0,0
40,2,6,false,6,niche,turkiye,creation,0,0,0,0
12,0,5,false,6,niche,turkiye,creation,0,4,1,15
18,16,6,false,6,niche,turkiye,creation,7,1,0,44
13,2,4,false,6,niche,turkiye,creation,5,0,0,45
9,2,2,false,6,niche,turkiye,creation,5,0,0,45
24,0,6,false,6,niche,turkiye,creation,10,0,0,44
10,1,4,false,6,niche,turkiye,creation,7,0,0,45
22,12,6,false,6,niche,turkiye,creation,6,10,15,31
26,2,7,false,6,niche,turkiye,creation,13,3,3,38
3,3,1,false,6,niche,turkiye,creation,3,4,0,48
5,29,1,true,6,niche,turkiye,creation,0,0,0,0
30,8,8,false,6,niche,turkiye,creation,5,2,0,53
31,4,9,false,6,niche,turkiye,creation,6,8,5,46
28,3,10,false,6,niche,turkiye,creation,3,0,0,53
38,2,10,true,6,niche,turkiye,creation,0,0,0,0
37,2,10,false,6,niche,turkiye,creation,8,2,0,52
8,0,1,false,6,niche,turkiye,creation,3,0,0,53
35,3,8,false,6,niche,turkiye,creation,9,4,1,51
25,3,6,false,6,niche,turkiye,creation,5,3,0,51
33,2,7,false,6,niche,turkiye,creation,5,3,0,57
41,0,2,false,6,niche,turkiye,creation,10,2,1,48
27,3,7,false,6,niche,turkiye,creation,7,0,0,37
21,0,6,true,6,niche,turkiye,creation,0,0,0,0
39,1,6,false,6,niche,turkiye,creation,6,5,5,27
14,2,4,false,6,niche,turkiye,creation,12,4,0,37
6,16,1,false,6,niche,turkiye,creation,7,5,0,33
1,35,1,false,6,niche,turkiye,creation,3,9,1,24
19,2,6,false,6,niche,turkiye,creation,7,6,1,24
32,2,10,false,6,niche,turkiye,creation,4,0,0,25
16,6,3,true,6,niche,turkiye,creation,0,0,0,0
4,20,1,false,6,niche,turkiye,creation,26,3,0,20
15,8,3,false,6,niche,turkiye,creation,9,0,0,2
11,0,5,true,6,niche,turkiye,creation,0,0,0,0
36,0,5,false,6,niche,turkiye,creation,0,0,0,0
17,5,0,false,6,down_niche,turkiye,creation,15,0,45,0
20,7,7,false,6,down_niche,turkiye,creation,13,0,25,2
29,0,22,false,6,down_niche,turkiye,creation,24,9,28,0
34,7,1,false,6,down_niche,turkiye,creation,10,13,38,4
7,6,4,false,6,down_niche,turkiye,creation,7,12,15,0
2,10,0,false,6,down_niche,turkiye,creation,142,0,21,0
23,6,1,false,6,down_niche,turkiye,creation,123,9,31,15
40,7,1,false,6,down_niche,turkiye,creation,109,11,15,0
12,6,5,false,6,down_niche,turkiye,creation,125,21,28,25
18,5,5,false,6,down_niche,turkiye,creation,125,29,41,18
13,7,0,false,6,down_niche,turkiye,creation,115,39,32,33
9,7,4,false,6,down_niche,turkiye,creation,87,33,24,27
24,9,2,false,6,down_niche,turkiye,creation,87,40,21,0
10,8,4,false,6,down_niche,turkiye,creation,84,46,19,33
22,7,1,false,6,down_niche,turkiye,creation,77,50,15,5
26,0,22,false,6,down_niche,turkiye,creation,73,57,21,26
3,8,0,false,6,down_niche,turkiye,creation,48,44,10,0
5,6,0,false,6,down_niche,turkiye,creation,44,49,16,32
30,0,23,false,6,down_niche,turkiye,creation,61,69,19,41
31,0,23,false,6,down_niche,turkiye,creation,64,85,23,48
28,0,8,false,6,down_niche,turkiye,creation,50,81,15,38
38,8,0,false,6,down_niche,turkiye,creation,47,95,21,5
37,3,1,false,6,down_niche,turkiye,creation,0,0,15,10
8,6,0,false,6,down_niche,turkiye,creation,18,8,0,42
35,4,1,false,6,down_niche,turkiye,creation,26,0,0,42
25,9,2,false,6,down_niche,turkiye,creation,135,96,33,88
33,0,16,false,6,down_niche,turkiye,creation,119,112,34,85
41,6,1,false,6,down_niche,turkiye,creation,21,7,5,40
27,0,22,false,6,down_niche,turkiye,creation,126,105,24,97
21,6,5,false,6,down_niche,turkiye,creation,141,112,18,106
39,6,1,false,6,down_niche,turkiye,creation,141,112,11,112
14,6,5,false,6,down_niche,turkiye,creation,112,98,5,110
6,7,0,false,6,down_niche,turkiye,creation,65,55,0,92
1,11,1,false,6,down_niche,turkiye,creation,102,40,0,26
19,6,6,false,6,down_niche,turkiye,creation,63,20,0,11
32,0,21,false,6,down_niche,turkiye,creation,113,29,0,21
16,7,3,false,6,down_niche,turkiye,creation,53,12,0,8
4,10,1,false,6,down_niche,turkiye,creation,130,19,0,28
15,6,1,false,6,down_niche,turkiye,creation,110,11,0,20
11,7,6,false,6,down_niche,turkiye,creation,136,6,0,26
36,7,0,false,6,down_niche,turkiye,creation,127,0,0,20
17,6,18,false,6,atn_empiricalbm,turkiye,creation,155,0,30,0
20,6,0,false,6,atn_empiricalbm,turkiye,creation,132,7,36,0
29,0,18,false,6,atn_empiricalbm,turkiye,creation,139,16,30,0
34,0,3,false,6,atn_empiricalbm,turkiye,creation,116,23,36,0
7,10,0,false,6,atn_empiricalbm,turkiye,creation,82,12,15,0
2,9,0,false,6,atn_empiricalbm,turkiye,creation,105,34,43,0
23,9,0,false,6,atn_empiricalbm,turkiye,creation,95,44,43,0
40,6,7,false,6,atn_empiricalbm,turkiye,creation,105,50,30,0
12,8,0,false,6,atn_empiricalbm,turkiye,creation,80,59,36,0
18,9,0,false,6,atn_empiricalbm,turkiye,creation,89,66,30,0
13,6,18,false,6,atn_empiricalbm,turkiye,creation,78,66,24,0
9,9,0,false,6,atn_empiricalbm,turkiye,creation,70,74,24,0
24,10,0,false,6,atn_empiricalbm,turkiye,creation,114,81,60,76
10,9,0,false,6,atn_empiricalbm,turkiye,creation,67,77,19,5
22,6,3,false,6,atn_empiricalbm,turkiye,creation,80,61,45,71
26,0,3,false,6,atn_empiricalbm,turkiye,creation,42,52,15,0
3,9,0,false,6,atn_empiricalbm,turkiye,creation,103,92,44,92
5,6,0,false,6,atn_empiricalbm,turkiye,creation,63,76,15,21
30,0,23,false,6,atn_empiricalbm,turkiye,creation,60,67,6,15
31,0,19,false,6,atn_empiricalbm,turkiye,creation,30,84,15,0
28,0,9,false,6,atn_empiricalbm,turkiye,creation,52,92,15,9
38,4,23,false,6,atn_empiricalbm,turkiye,creation,19,72,19,17
37,2,18,false,6,atn_empiricalbm,turkiye,creation,55,100,15,15
8,9,0,false,6,atn_empiricalbm,turkiye,creation,52,87,15,28
35,0,6,false,6,atn_empiricalbm,turkiye,creation,49,78,6,15
25,7,0,false,6,atn_empiricalbm,turkiye,creation,3,0,9,0
33,0,0,false,6,atn_empiricalbm,turkiye,creation,6,9,11,17
41,6,0,false,6,atn_empiricalbm,turkiye,creation,18,18,12,33
27,0,6,false,6,atn_empiricalbm,turkiye,creation,98,32,7,83
21,8,0,false,6,atn_empiricalbm,turkiye,creation,228,22,3,158
39,6,19,false,6,atn_empiricalbm,turkiye,creation,171,0,0,144
14,8,0,false,6,atn_empiricalbm,turkiye,creation,21,0,0,59
6,10,0,false,6,atn_empiricalbm,turkiye,creation,0,0,0,0
1,9,0,false,6,atn_empiricalbm,turkiye,creation,3,0,3,6
19,7,0,false,6,atn_empiricalbm,turkiye,creation,6,9,3,25
32,0,7,false,6,atn_empiricalbm,turkiye,creation,18,18,3,42
16,6,0,false,6,atn_empiricalbm,turkiye,creation,98,36,1,90
4,9,0,false,6,atn_empiricalbm,turkiye,creation,236,28,0,167
15,6,14,false,6,atn_empiricalbm,turkiye,creation,195,6,0,159
11,8,0,false,6,atn_empiricalbm,turkiye,creation,77,4,0,74
36,0,9,false,6,atn_empiricalbm,turkiye,creation,94,0,0,15
17,8,1,true,6,metaweb_empiricalbm,turkiye,creation,0,0,0,0
20,8,7,true,6,metaweb_empiricalbm,turkiye,creation,0,0,0,0
29,0,27,true,6,metaweb_empiricalbm,turkiye,creation,0,0,0,0
34,8,1,true,6,metaweb_empiricalbm,turkiye,creation,0,0,0,0
7,8,6,true,6,metaweb_empiricalbm,turkiye,creation,0,0,0,0
2,19,3,false,6,metaweb_empiricalbm,turkiye,creation,192,0,28,0
23,8,6,false,6,metaweb_empiricalbm,turkiye,creation,184,8,28,0
40,8,1,false,6,metaweb_empiricalbm,turkiye,creation,176,16,28,0
12,8,7,false,6,metaweb_empiricalbm,turkiye,creation,168,24,28,0
18,8,6,false,6,metaweb_empiricalbm,turkiye,creation,160,32,28,0
13,8,1,false,6,metaweb_empiricalbm,turkiye,creation,152,40,28,0
9,8,6,false,6,metaweb_empiricalbm,turkiye,creation,144,48,28,0
24,24,6,false,6,metaweb_empiricalbm,turkiye,creation,136,56,28,0
10,8,6,false,6,metaweb_empiricalbm,turkiye,creation,128,64,28,0
22,8,1,false,6,metaweb_empiricalbm,turkiye,creation,120,72,28,0
26,0,27,false,6,metaweb_empiricalbm,turkiye,creation,112,80,28,0
3,19,3,false,6,metaweb_empiricalbm,turkiye,creation,104,88,28,0
5,11,7,false,6,metaweb_empiricalbm,turkiye,creation,96,96,28,0
30,0,27,false,6,metaweb_empiricalbm,turkiye,creation,88,104,28,0
31,0,27,false,6,metaweb_empiricalbm,turkiye,creation,80,112,28,0
28,0,27,false,6,metaweb_empiricalbm,turkiye,creation,72,120,28,0
38,8,1,false,6,metaweb_empiricalbm,turkiye,creation,64,128,28,0
37,8,1,false,6,metaweb_empiricalbm,turkiye,creation,0,0,28,0
8,8,0,true,6,metaweb_empiricalbm,turkiye,creation,0,0,0,0
35,8,1,true,6,metaweb_empiricalbm,turkiye,creation,0,0,0,0
25,24,6,false,6,metaweb_empiricalbm,turkiye,creation,164,136,56,119
33,0,27,false,6,metaweb_empiricalbm,turkiye,creation,164,136,48,127
41,8,1,false,6,metaweb_empiricalbm,turkiye,creation,164,136,40,135
27,0,27,false,6,metaweb_empiricalbm,turkiye,creation,164,136,32,143
21,8,7,false,6,metaweb_empiricalbm,turkiye,creation,164,136,24,151
39,8,1,false,6,metaweb_empiricalbm,turkiye,creation,164,136,16,159
14,8,7,false,6,metaweb_empiricalbm,turkiye,creation,164,136,8,167
6,8,0,false,6,metaweb_empiricalbm,turkiye,creation,164,136,0,175
1,19,3,false,6,metaweb_empiricalbm,turkiye,creation,136,56,0,35
19,8,6,false,6,metaweb_empiricalbm,turkiye,creation,144,48,0,35
32,0,27,false,6,metaweb_empiricalbm,turkiye,creation,152,40,0,35
16,8,7,false,6,metaweb_empiricalbm,turkiye,creation,160,32,0,35
4,16,6,false,6,metaweb_empiricalbm,turkiye,creation,168,24,0,35
15,8,1,false,6,metaweb_empiricalbm,turkiye,creation,176,16,0,35
11,8,7,false,6,metaweb_empiricalbm,turkiye,creation,184,8,0,35
36,8,1,false,6,metaweb_empiricalbm,turkiye,creation,192,0,0,35
17,6,18,false,6,atn,turkiye,creation,155,0,30,0
20,6,0,false,6,atn,turkiye,creation,132,7,36,0
29,0,18,false,6,atn,turkiye,creation,139,16,30,0
34,0,3,false,6,atn,turkiye,creation,116,23,36,0
7,10,0,false,6,atn,turkiye,creation,82,12,15,0
2,9,0,false,6,atn,turkiye,creation,105,34,43,0
23,9,0,false,6,atn,turkiye,creation,95,44,43,0
40,6,7,false,6,atn,turkiye,creation,105,50,30,0
12,8,0,false,6,atn,turkiye,creation,80,59,36,0
18,9,0,false,6,atn,turkiye,creation,89,66,30,0
13,6,18,false,6,atn,turkiye,creation,78,66,24,0
9,9,0,false,6,atn,turkiye,creation,70,74,24,0
24,10,0,false,6,atn,turkiye,creation,114,81,60,76
10,9,0,false,6,atn,turkiye,creation,67,77,19,5
22,6,3,false,6,atn,turkiye,creation,80,61,45,71
26,0,3,false,6,atn,turkiye,creation,42,52,15,0
3,9,0,false,6,atn,turkiye,creation,103,92,44,92
5,6,0,false,6,atn,turkiye,creation,63,76,15,21
30,0,23,false,6,atn,turkiye,creation,60,67,6,15
31,0,19,false,6,atn,turkiye,creation,30,84,15,0
28,0,9,false,6,atn,turkiye,creation,52,92,15,9
38,4,23,false,6,atn,turkiye,creation,19,72,19,17
37,2,18,false,6,atn,turkiye,creation,55,100,15,15
8,9,0,false,6,atn,turkiye,creation,52,87,15,28
35,0,6,false,6,atn,turkiye,creation,49,78,6,15
25,7,0,false,6,atn,turkiye,creation,3,0,9,0
33,0,0,false,6,atn,turkiye,creation,6,9,11,17
41,6,0,false,6,atn,turkiye,creation,18,18,12,33
27,0,6,false,6,atn,turkiye,creation,98,32,7,83
21,8,0,false,6,atn,turkiye,creation,228,22,3,158
39,6,19,false,6,atn,turkiye,creation,171,0,0,144
14,8,0,false,6,atn,turkiye,creation,21,0,0,59
6,10,0,false,6,atn,turkiye,creation,0,0,0,0
1,9,0,false,6,atn,turkiye,creation,3,0,3,6
19,7,0,false,6,atn,turkiye,creation,6,9,3,25
32,0,7,false,6,atn,turkiye,creation,18,18,3,42
16,6,0,false,6,atn,turkiye,creation,98,36,1,90
4,9,0,false,6,atn,turkiye,creation,236,28,0,167
15,6,14,false,6,atn,turkiye,creation,195,6,0,159
11,8,0,false,6,atn,turkiye,creation,77,4,0,74
36,0,9,false,6,atn,turkiye,creation,94,0,0,15
17,8,0,false,6,metaweb,turkiye,burnin,192,0,28,0
20,0,25,false,6,metaweb,turkiye,burnin,184,8,28,0
29,8,0,false,6,metaweb,turkiye,burnin,176,16,28,0
7,8,0,false,6,metaweb,turkiye,burnin,168,24,28,0
2,8,0,false,6,metaweb,turkiye,burnin,160,32,28,0
23,0,25,false,6,metaweb,turkiye,burnin,152,40,28,0
12,8,0,false,6,metaweb,turkiye,burnin,144,48,28,0
18,0,25,false,6,metaweb,turkiye,burnin,136,56,28,0
13,8,0,false,6,metaweb,turkiye,burnin,128,64,28,0
9,8,0,false,6,metaweb,turkiye,burnin,120,72,28,0
24,0,25,false,6,metaweb,turkiye,burnin,112,80,28,0
10,8,0,false,6,metaweb,turkiye,burnin,104,88,28,0
22,0,25,false,6,metaweb,turkiye,burnin,96,96,28,0
26,8,0,false,6,metaweb,turkiye,burnin,88,104,28,0
3,8,0,false,6,metaweb,turkiye,burnin,80,112,28,0
5,8,0,false,6,metaweb,turkiye,burnin,72,120,28,0
30,8,0,false,6,metaweb,turkiye,burnin,64,128,28,0
31,8,0,false,6,metaweb,turkiye,burnin,164,136,56,119
28,8,0,false,6,metaweb,turkiye,burnin,164,136,48,127
8,8,0,false,6,metaweb,turkiye,burnin,164,136,40,135
25,0,25,false,6,metaweb,turkiye,burnin,164,136,32,143
33,8,0,false,6,metaweb,turkiye,burnin,164,136,24,151
27,8,0,false,6,metaweb,turkiye,burnin,164,136,16,159
21,0,25,false,6,metaweb,turkiye,burnin,164,136,8,167
14,8,0,false,6,metaweb,turkiye,burnin,164,136,0,175
6,8,0,false,6,metaweb,turkiye,burnin,136,56,0,28
1,8,0,false,6,metaweb,turkiye,burnin,144,48,0,28
19,0,25,false,6,metaweb,turkiye,burnin,152,40,0,28
32,8,0,false,6,metaweb,turkiye,burnin,160,32,0,28
16,8,0,false,6,metaweb,turkiye,burnin,168,24,0,28
4,8,0,false,6,metaweb,turkiye,burnin,176,16,0,28
15,8,0,false,6,metaweb,turkiye,burnin,184,8,0,28
11,8,0,false,6,metaweb,turkiye,burnin,192,0,0,28
6,0,1,false,6,down_niche_empiricalbm,turkiye,burnin,0,0,6,0
1,0,1,false,6,down_niche_empiricalbm,turkiye,burnin,0,0,5,1
8,7,0,false,6,down_niche_empiricalbm,turkiye,burnin,0,0,4,2
7,0,1,false,6,down_niche_empiricalbm,turkiye,burnin,0,0,3,3
2,0,1,false,6,down_niche_empiricalbm,turkiye,burnin,0,0,2,4
4,0,1,false,6,down_niche_empiricalbm,turkiye,burnin,0,0,1,5
3,0,1,false,6,down_niche_empiricalbm,turkiye,burnin,0,0,0,6
5,0,1,false,6,down_niche_empiricalbm,turkiye,burnin,0,0,0,21
17,0,4,true,6,niche,turkiye,burnin,0,0,0,0
20,0,2,false,6,niche,turkiye,burnin,0,0,26,0
8,7,4,false,6,niche,turkiye,burnin,0,0,0,0
7,4,2,false,6,niche,turkiye,burnin,0,0,1,5
2,10,1,false,6,niche,turkiye,burnin,0,0,0,7
12,1,4,false,6,niche,turkiye,burnin,0,0,0,7
18,1,3,false,6,niche,turkiye,burnin,4,0,2,7
13,3,4,true,6,niche,turkiye,burnin,0,0,0,0
9,0,4,false,6,niche,turkiye,burnin,0,0,0,7
6,0,3,true,6,niche,turkiye,burnin,0,0,0,0
1,16,1,false,6,niche,turkiye,burnin,0,0,0,7
14,0,3,false,6,niche,turkiye,burnin,2,1,0,7
19,2,3,false,6,niche,turkiye,burnin,0,1,0,7
16,1,3,false,6,niche,turkiye,burnin,0,0,0,0
10,7,4,false,6,niche,turkiye,burnin,0,3,0,0
4,2,2,false,6,niche,turkiye,burnin,1,1,0,1
3,0,1,false,6,niche,turkiye,burnin,4,0,0,1
5,0,3,false,6,niche,turkiye,burnin,1,0,0,2
15,2,1,true,6,niche,turkiye,burnin,0,0,0,0
11,0,4,false,6,niche,turkiye,burnin,0,0,0,0
17,7,0,false,6,down_niche,turkiye,burnin,142,0,21,0
20,0,8,false,6,down_niche,turkiye,burnin,121,6,15,0
29,3,0,false,6,down_niche,turkiye,burnin,109,11,15,0
7,6,0,false,6,down_niche,turkiye,burnin,123,19,21,0
2,6,0,false,6,down_niche,turkiye,burnin,123,26,28,0
23,0,23,false,6,down_niche,turkiye,burnin,109,33,21,0
12,5,0,false,6,down_niche,turkiye,burnin,84,30,15,0
18,0,22,false,6,down_niche,turkiye,burnin,87,40,21,0
13,5,0,false,6,down_niche,turkiye,burnin,78,43,15,0
9,6,0,false,6,down_niche,turkiye,burnin,77,50,15,0
24,0,21,false,6,down_niche,turkiye,burnin,72,57,21,0
10,6,0,false,6,down_niche,turkiye,burnin,48,44,10,0
22,0,23,false,6,down_niche,turkiye,burnin,41,46,10,0
26,7,0,false,6,down_niche,turkiye,burnin,56,65,15,0
3,6,0,false,6,down_niche,turkiye,burnin,55,79,21,0
5,8,0,false,6,down_niche,turkiye,burnin,48,79,15,0
30,8,0,false,6,down_niche,turkiye,burnin,47,95,21,0
31,6,0,false,6,down_niche,turkiye,burnin,135,96,33,88
28,7,0,false,6,down_niche,turkiye,burnin,119,112,34,85
8,7,0,false,6,down_niche,turkiye,burnin,21,7,5,40
25,0,16,false,6,down_niche,turkiye,burnin,126,105,24,97
33,6,0,false,6,down_niche,turkiye,burnin,141,112,18,106
27,4,0,false,6,down_niche,turkiye,burnin,141,112,11,112
21,0,22,false,6,down_niche,turkiye,burnin,112,98,5,110
14,6,0,false,6,down_niche,turkiye,burnin,65,55,0,92
6,7,0,false,6,down_niche,turkiye,burnin,102,40,0,21
1,7,0,false,6,down_niche,turkiye,burnin,63,20,0,6
19,0,22,false,6,down_niche,turkiye,burnin,113,29,0,21
32,7,0,false,6,down_niche,turkiye,burnin,53,12,0,3
16,6,0,false,6,down_niche,turkiye,burnin,130,19,0,28
4,7,0,false,6,down_niche,turkiye,burnin,110,11,0,15
15,7,0,false,6,down_niche,turkiye,burnin,136,6,0,21
11,7,0,false,6,down_niche,turkiye,burnin,127,0,0,15
6,0,4,false,6,atn_empiricalbm,turkiye,burnin,9,0,3,0
1,3,0,false,6,atn_empiricalbm,turkiye,burnin,6,3,3,0
7,0,4,false,6,atn_empiricalbm,turkiye,burnin,3,6,3,0
2,3,0,false,6,atn_empiricalbm,turkiye,burnin,0,9,3,0
4,3,0,false,6,atn_empiricalbm,turkiye,burnin,6,0,0,8
3,3,0,false,6,atn_empiricalbm,turkiye,burnin,6,0,0,8
5,0,4,false,6,atn_empiricalbm,turkiye,burnin,6,0,0,8
9,8,0,false,6,metaweb_empiricalbm,turkiye,burnin,0,0,7,0
6,0,1,false,6,metaweb_empiricalbm,turkiye,burnin,0,0,6,1
1,0,1,false,6,metaweb_empiricalbm,turkiye,burnin,0,0,5,2
8,0,1,false,6,metaweb_empiricalbm,turkiye,burnin,0,0,4,3
7,0,1,false,6,metaweb_empiricalbm,turkiye,burnin,0,0,3,4
2,0,1,false,6,metaweb_empiricalbm,turkiye,burnin,0,0,2,5
4,0,1,false,6,metaweb_empiricalbm,turkiye,burnin,0,0,1,6
3,0,1,false,6,metaweb_empiricalbm,turkiye,burnin,0,0,0,7
5,0,1,false,6,metaweb_empiricalbm,turkiye,burnin,0,0,0,28
17,0,5,false,6,atn,turkiye,burnin,39,0,36,0
20,0,6,false,6,atn,turkiye,burnin,30,9,36,0
7,6,0,false,6,atn,turkiye,burnin,44,4,15,0
2,9,0,false,6,atn,turkiye,burnin,19,20,36,0
23,4,9,false,6,atn,turkiye,burnin,41,7,23,24
12,0,3,false,6,atn,turkiye,burnin,35,13,22,25
18,0,4,false,6,atn,turkiye,burnin,28,20,15,0
13,0,6,false,6,atn,turkiye,burnin,25,23,21,26
9,9,0,false,6,atn,turkiye,burnin,17,22,15,21
24,6,5,false,6,atn,turkiye,burnin,10,30,15,0
10,6,0,false,6,atn,turkiye,burnin,12,36,15,0
22,2,9,false,6,atn,turkiye,burnin,3,0,9,0
26,6,0,false,6,atn,turkiye,burnin,6,9,11,17
3,6,0,false,6,atn,turkiye,burnin,18,18,12,33
5,6,4,false,6,atn,turkiye,burnin,22,14,7,38
8,6,4,false,6,atn,turkiye,burnin,28,8,3,54
25,6,4,false,6,atn,turkiye,burnin,10,0,0,37
21,0,9,false,6,atn,turkiye,burnin,6,0,0,32
14,0,9,false,6,atn,turkiye,burnin,3,0,3,6
6,6,4,false,6,atn,turkiye,burnin,6,9,3,25
1,9,0,false,6,atn,turkiye,burnin,18,18,3,42
19,0,3,false,6,atn,turkiye,burnin,22,18,1,45
16,0,9,false,6,atn,turkiye,burnin,36,14,0,63
4,9,0,false,6,atn,turkiye,burnin,34,6,0,52
15,0,9,false,6,atn,turkiye,burnin,44,4,0,47
11,6,0,false,6,atn,turkiye,burnin,48,0,0,15
17,8,1,true,7,metaweb,turkiye,creation,0,0,0,0
20,8,7,true,7,metaweb,turkiye,creation,0,0,0,0
29,0,27,true,7,metaweb,turkiye,creation,0,0,0,0
34,8,1,true,7,metaweb,turkiye,creation,0,0,0,0
7,8,6,true,7,metaweb,turkiye,creation,0,0,0,0
2,19,3,false,7,metaweb,turkiye,creation,192,0,28,0
23,8,6,false,7,metaweb,turkiye,creation,184,8,28,0
40,8,1,false,7,metaweb,turkiye,creation,176,16,28,0
12,8,7,false,7,metaweb,turkiye,creation,168,24,28,0
18,8,6,false,7,metaweb,turkiye,creation,160,32,28,0
13,8,1,false,7,metaweb,turkiye,creation,152,40,28,0
9,8,6,false,7,metaweb,turkiye,creation,144,48,28,0
24,24,6,false,7,metaweb,turkiye,creation,136,56,28,0
10,8,6,false,7,metaweb,turkiye,creation,128,64,28,0
22,8,1,false,7,metaweb,turkiye,creation,120,72,28,0
26,0,27,false,7,metaweb,turkiye,creation,112,80,28,0
3,19,3,false,7,metaweb,turkiye,creation,104,88,28,0
5,11,7,false,7,metaweb,turkiye,creation,96,96,28,0
30,0,27,false,7,metaweb,turkiye,creation,88,104,28,0
31,0,27,false,7,metaweb,turkiye,creation,80,112,28,0
28,0,27,false,7,metaweb,turkiye,creation,72,120,28,0
38,8,1,false,7,metaweb,turkiye,creation,64,128,28,0
37,8,1,false,7,metaweb,turkiye,creation,0,0,28,0
8,8,0,true,7,metaweb,turkiye,creation,0,0,0,0
35,8,1,true,7,metaweb,turkiye,creation,0,0,0,0
25,24,6,false,7,metaweb,turkiye,creation,164,136,56,119
33,0,27,false,7,metaweb,turkiye,creation,164,136,48,127
41,8,1,false,7,metaweb,turkiye,creation,164,136,40,135
27,0,27,false,7,metaweb,turkiye,creation,164,136,32,143
21,8,7,false,7,metaweb,turkiye,creation,164,136,24,151
39,8,1,false,7,metaweb,turkiye,creation,164,136,16,159
14,8,7,false,7,metaweb,turkiye,creation,164,136,8,167
6,8,0,false,7,metaweb,turkiye,creation,164,136,0,175
1,19,3,false,7,metaweb,turkiye,creation,136,56,0,35
19,8,6,false,7,metaweb,turkiye,creation,144,48,0,35
32,0,27,false,7,metaweb,turkiye,creation,152,40,0,35
16,8,7,false,7,metaweb,turkiye,creation,160,32,0,35
4,16,6,false,7,metaweb,turkiye,creation,168,24,0,35
15,8,1,false,7,metaweb,turkiye,creation,176,16,0,35
11,8,7,false,7,metaweb,turkiye,creation,184,8,0,35
36,8,1,false,7,metaweb,turkiye,creation,192,0,0,35
17,6,0,false,7,down_niche_empiricalbm,turkiye,creation,6,0,17,0
20,5,3,true,7,down_niche_empiricalbm,turkiye,creation,0,0,0,0
29,0,20,false,7,down_niche_empiricalbm,turkiye,creation,3,1,3,0
34,3,0,false,7,down_niche_empiricalbm,turkiye,creation,4,2,15,2
7,6,3,false,7,down_niche_empiricalbm,turkiye,creation,0,1,1,0
2,6,1,false,7,down_niche_empiricalbm,turkiye,creation,86,0,10,0
23,6,0,false,7,down_niche_empiricalbm,turkiye,creation,99,6,23,5
40,5,1,false,7,down_niche_empiricalbm,turkiye,creation,85,8,10,0
12,5,2,false,7,down_niche_empiricalbm,turkiye,creation,82,11,10,12
18,5,4,false,7,down_niche_empiricalbm,turkiye,creation,102,21,21,0
13,5,0,false,7,down_niche_empiricalbm,turkiye,creation,94,28,27,1
9,5,3,false,7,down_niche_empiricalbm,turkiye,creation,54,19,14,8
24,12,3,false,7,down_niche_empiricalbm,turkiye,creation,61,26,10,0
10,7,1,false,7,down_niche_empiricalbm,turkiye,creation,72,40,19,13
22,7,0,false,7,down_niche_empiricalbm,turkiye,creation,46,29,10,1
26,0,19,false,7,down_niche_empiricalbm,turkiye,creation,49,32,10,7
3,4,0,false,7,down_niche_empiricalbm,turkiye,creation,56,49,15,0
5,2,1,false,7,down_niche_empiricalbm,turkiye,creation,42,47,14,14
30,0,13,false,7,down_niche_empiricalbm,turkiye,creation,55,73,29,11
31,0,20,false,7,down_niche_empiricalbm,turkiye,creation,27,47,10,3
28,0,19,false,7,down_niche_empiricalbm,turkiye,creation,35,59,12,16
38,5,1,false,7,down_niche_empiricalbm,turkiye,creation,38,85,21,0
37,7,1,false,7,down_niche_empiricalbm,turkiye,creation,0,0,15,0
8,5,0,true,7,down_niche_empiricalbm,turkiye,creation,0,0,0,0
35,5,1,false,7,down_niche_empiricalbm,turkiye,creation,16,12,1,29
25,9,0,false,7,down_niche_empiricalbm,turkiye,creation,101,70,19,68
33,0,21,false,7,down_niche_empiricalbm,turkiye,creation,99,91,24,68
41,5,1,false,7,down_niche_empiricalbm,turkiye,creation,81,72,16,69
27,0,20,false,7,down_niche_empiricalbm,turkiye,creation,101,70,11,79
21,5,4,false,7,down_niche_empiricalbm,turkiye,creation,66,12,3,62
39,6,1,false,7,down_niche_empiricalbm,turkiye,creation,102,84,6,88
14,6,5,false,7,down_niche_empiricalbm,turkiye,creation,13,6,1,34
6,5,0,false,7,down_niche_empiricalbm,turkiye,creation,112,98,0,94
1,8,1,false,7,down_niche_empiricalbm,turkiye,creation,40,15,0,3
19,8,4,false,7,down_niche_empiricalbm,turkiye,creation,69,24,0,15
32,0,7,false,7,down_niche_empiricalbm,turkiye,creation,30,9,0,1
16,5,3,false,7,down_niche_empiricalbm,turkiye,creation,94,17,0,26
4,6,2,false,7,down_niche_empiricalbm,turkiye,creation,80,13,0,15
15,5,1,false,7,down_niche_empiricalbm,turkiye,creation,101,10,0,20
11,7,2,false,7,down_niche_empiricalbm,turkiye,creation,90,4,0,15
36,2,0,false,7,down_niche_empiricalbm,turkiye,creation,91,0,0,15
17,0,2,true,7,niche,turkiye,creation,0,0,0,0
20,0,4,false,7,niche,turkiye,creation,31,0,92,0
29,5,9,true,7,niche,turkiye,creation,0,0,0,0
34,1,10,false,7,niche,turkiye,creation,20,3,3,0
7,6,2,false,7,niche,turkiye,creation,39,2,15,0
2,19,2,false,7,niche,turkiye,creation,0,2,1,0
23,0,5,false,7,niche,turkiye,creation,28,5,10,0
40,1,5,false,7,niche,turkiye,creation,40,20,51,0
12,1,3,false,7,niche,turkiye,creation,31,27,35,0
18,3,4,false,7,niche,turkiye,creation,4,3,3,0
13,0,4,true,7,niche,turkiye,creation,0,0,0,0
9,12,2,false,7,niche,turkiye,creation,0,0,0,0
24,5,6,false,7,niche,turkiye,creation,0,0,0,0
10,3,3,false,7,niche,turkiye,creation,2,25,59,0
22,5,5,false,7,niche,turkiye,creation,1,2,0,14
26,3,6,false,7,niche,turkiye,creation,20,28,21,13
3,14,2,false,7,niche,turkiye,creation,1,0,0,25
5,7,2,false,7,niche,turkiye,creation,7,12,3,20
30,1,10,true,7,niche,turkiye,creation,0,0,0,0
31,2,12,false,7,niche,turkiye,creation,1,0,0,25
28,0,6,false,7,niche,turkiye,creation,11,40,27,20
38,0,8,false,7,niche,turkiye,creation,6,30,10,27
37,2,8,false,7,niche,turkiye,creation,3,0,0,27
8,14,2,false,7,niche,turkiye,creation,5,18,3,21
35,1,9,false,7,niche,turkiye,creation,3,0,0,32
25,1,5,false,7,niche,turkiye,creation,4,12,1,30
33,8,12,true,7,niche,turkiye,creation,0,0,0,0
41,0,2,false,7,niche,turkiye,creation,6,0,0,43
27,16,6,true,7,niche,turkiye,creation,0,0,0,0
21,10,4,false,7,niche,turkiye,creation,22,5,0,47
39,0,4,false,7,niche,turkiye,creation,32,0,0,55
14,15,3,false,7,niche,turkiye,creation,35,1,1,52
6,2,2,true,7,niche,turkiye,creation,0,0,0,0
1,16,2,false,7,niche,turkiye,creation,33,2,0,41
19,11,4,false,7,niche,turkiye,creation,27,1,0,44
32,3,12,false,7,niche,turkiye,creation,21,0,0,44
16,8,3,false,7,niche,turkiye,creation,21,3,0,44
4,4,2,false,7,niche,turkiye,creation,21,0,0,44
15,1,3,false,7,niche,turkiye,creation,6,0,0,1
11,5,3,true,7,niche,turkiye,creation,0,0,0,0
36,1,8,false,7,niche,turkiye,creation,1,0,0,1
17,6,0,false,7,down_niche,turkiye,creation,6,0,17,0
20,5,3,true,7,down_niche,turkiye,creation,0,0,0,0
29,0,20,false,7,down_niche,turkiye,creation,3,1,3,0
34,3,0,false,7,down_niche,turkiye,creation,4,2,15,2
7,6,3,false,7,down_niche,turkiye,creation,0,1,1,0
2,6,1,false,7,down_niche,turkiye,creation,86,0,10,0
23,6,0,false,7,down_niche,turkiye,creation,99,6,23,5
40,5,1,false,7,down_niche,turkiye,creation,85,8,10,0
12,5,2,false,7,down_niche,turkiye,creation,82,11,10,12
18,5,4,false,7,down_niche,turkiye,creation,102,21,21,0
13,5,0,false,7,down_niche,turkiye,creation,94,28,27,1
9,5,3,false,7,down_niche,turkiye,creation,54,19,14,8
24,12,3,false,7,down_niche,turkiye,creation,61,26,10,0
10,7,1,false,7,down_niche,turkiye,creation,72,40,19,13
22,7,0,false,7,down_niche,turkiye,creation,46,29,10,1
26,0,19,false,7,down_niche,turkiye,creation,49,32,10,7
3,4,0,false,7,down_niche,turkiye,creation,56,49,15,0
5,2,1,false,7,down_niche,turkiye,creation,42,47,14,14
30,0,13,false,7,down_niche,turkiye,creation,55,73,29,11
31,0,20,false,7,down_niche,turkiye,creation,27,47,10,3
28,0,19,false,7,down_niche,turkiye,creation,35,59,12,16
38,5,1,false,7,down_niche,turkiye,creation,38,85,21,0
37,7,1,false,7,down_niche,turkiye,creation,0,0,15,0
8,5,0,true,7,down_niche,turkiye,creation,0,0,0,0
35,5,1,false,7,down_niche,turkiye,creation,16,12,1,29
25,9,0,false,7,down_niche,turkiye,creation,101,70,19,68
33,0,21,false,7,down_niche,turkiye,creation,99,91,24,68
41,5,1,false,7,down_niche,turkiye,creation,81,72,16,69
27,0,20,false,7,down_niche,turkiye,creation,101,70,11,79
21,5,4,false,7,down_niche,turkiye,creation,66,12,3,62
39,6,1,false,7,down_niche,turkiye,creation,102,84,6,88
14,6,5,false,7,down_niche,turkiye,creation,13,6,1,34
6,5,0,false,7,down_niche,turkiye,creation,112,98,0,94
1,8,1,false,7,down_niche,turkiye,creation,40,15,0,3
19,8,4,false,7,down_niche,turkiye,creation,69,24,0,15
32,0,7,false,7,down_niche,turkiye,creation,30,9,0,1
16,5,3,false,7,down_niche,turkiye,creation,94,17,0,26
4,6,2,false,7,down_niche,turkiye,creation,80,13,0,15
15,5,1,false,7,down_niche,turkiye,creation,101,10,0,20
11,7,2,false,7,down_niche,turkiye,creation,90,4,0,15
36,2,0,false,7,down_niche,turkiye,creation,91,0,0,15
17,6,8,false,7,atn_empiricalbm,turkiye,creation,122,0,15,0
20,6,0,false,7,atn_empiricalbm,turkiye,creation,132,6,26,0
29,0,19,false,7,atn_empiricalbm,turkiye,creation,101,10,21,0
34,0,3,false,7,atn_empiricalbm,turkiye,creation,97,17,32,0
7,9,0,false,7,atn_empiricalbm,turkiye,creation,102,20,15,0
2,8,0,false,7,atn_empiricalbm,turkiye,creation,106,32,26,0
23,9,0,false,7,atn_empiricalbm,turkiye,creation,78,36,32,0
40,6,10,false,7,atn_empiricalbm,turkiye,creation,86,36,15,0
12,6,0,false,7,atn_empiricalbm,turkiye,creation,80,42,15,0
18,6,0,false,7,atn_empiricalbm,turkiye,creation,62,49,21,0
13,6,5,false,7,atn_empiricalbm,turkiye,creation,68,32,15,0
9,6,0,false,7,atn_empiricalbm,turkiye,creation,66,56,15,0
24,8,0,false,7,atn_empiricalbm,turkiye,creation,56,44,32,12
10,7,0,false,7,atn_empiricalbm,turkiye,creation,66,70,26,0
22,6,4,false,7,atn_empiricalbm,turkiye,creation,46,54,15,0
26,0,3,false,7,atn_empiricalbm,turkiye,creation,46,76,15,0
3,7,0,false,7,atn_empiricalbm,turkiye,creation,38,48,41,31
5,6,0,false,7,atn_empiricalbm,turkiye,creation,38,84,15,0
30,0,25,false,7,atn_empiricalbm,turkiye,creation,35,79,19,13
31,0,20,false,7,atn_empiricalbm,turkiye,creation,28,94,15,0
28,0,9,false,7,atn_empiricalbm,turkiye,creation,22,100,15,0
38,4,25,false,7,atn_empiricalbm,turkiye,creation,19,79,19,20
37,2,19,false,7,atn_empiricalbm,turkiye,creation,25,89,15,17
8,6,0,false,7,atn_empiricalbm,turkiye,creation,18,95,15,11
35,0,4,false,7,atn_empiricalbm,turkiye,creation,9,102,15,6
25,7,0,false,7,atn_empiricalbm,turkiye,creation,3,0,9,0
33,0,0,false,7,atn_empiricalbm,turkiye,creation,3,3,11,7
41,6,0,false,7,atn_empiricalbm,turkiye,creation,18,17,12,34
27,0,4,false,7,atn_empiricalbm,turkiye,creation,137,32,7,92
21,6,0,false,7,atn_empiricalbm,turkiye,creation,267,24,3,136
39,6,20,false,7,atn_empiricalbm,turkiye,creation,190,0,0,123
14,8,0,false,7,atn_empiricalbm,turkiye,creation,45,0,0,71
6,8,0,false,7,atn_empiricalbm,turkiye,creation,0,0,0,0
1,6,0,false,7,atn_empiricalbm,turkiye,creation,3,0,3,6
19,9,0,false,7,atn_empiricalbm,turkiye,creation,3,3,3,15
32,0,10,false,7,atn_empiricalbm,turkiye,creation,18,17,3,43
16,6,0,false,7,atn_empiricalbm,turkiye,creation,137,36,1,99
4,9,0,false,7,atn_empiricalbm,turkiye,creation,271,30,0,145
15,6,0,false,7,atn_empiricalbm,turkiye,creation,208,6,0,136
11,6,0,false,7,atn_empiricalbm,turkiye,creation,95,4,0,82
36,0,9,false,7,atn_empiricalbm,turkiye,creation,100,0,0,15
17,8,1,true,7,metaweb_empiricalbm,turkiye,creation,0,0,0,0
20,8,7,true,7,metaweb_empiricalbm,turkiye,creation,0,0,0,0
29,0,27,true,7,metaweb_empiricalbm,turkiye,creation,0,0,0,0
34,8,1,true,7,metaweb_empiricalbm,turkiye,creation,0,0,0,0
7,8,6,true,7,metaweb_empiricalbm,turkiye,creation,0,0,0,0
2,19,3,false,7,metaweb_empiricalbm,turkiye,creation,192,0,28,0
23,8,6,false,7,metaweb_empiricalbm,turkiye,creation,184,8,28,0
40,8,1,false,7,metaweb_empiricalbm,turkiye,creation,176,16,28,0
12,8,7,false,7,metaweb_empiricalbm,turkiye,creation,168,24,28,0
18,8,6,false,7,metaweb_empiricalbm,turkiye,creation,160,32,28,0
13,8,1,false,7,metaweb_empiricalbm,turkiye,creation,152,40,28,0
9,8,6,false,7,metaweb_empiricalbm,turkiye,creation,144,48,28,0
24,24,6,false,7,metaweb_empiricalbm,turkiye,creation,136,56,28,0
10,8,6,false,7,metaweb_empiricalbm,turkiye,creation,128,64,28,0
22,8,1,false,7,metaweb_empiricalbm,turkiye,creation,120,72,28,0
26,0,27,false,7,metaweb_empiricalbm,turkiye,creation,112,80,28,0
3,19,3,false,7,metaweb_empiricalbm,turkiye,creation,104,88,28,0
5,11,7,false,7,metaweb_empiricalbm,turkiye,creation,96,96,28,0
30,0,27,false,7,metaweb_empiricalbm,turkiye,creation,88,104,28,0
31,0,27,false,7,metaweb_empiricalbm,turkiye,creation,80,112,28,0
28,0,27,false,7,metaweb_empiricalbm,turkiye,creation,72,120,28,0
38,8,1,false,7,metaweb_empiricalbm,turkiye,creation,64,128,28,0
37,8,1,false,7,metaweb_empiricalbm,turkiye,creation,0,0,28,0
8,8,0,true,7,metaweb_empiricalbm,turkiye,creation,0,0,0,0
35,8,1,true,7,metaweb_empiricalbm,turkiye,creation,0,0,0,0
25,24,6,false,7,metaweb_empiricalbm,turkiye,creation,164,136,56,119
33,0,27,false,7,metaweb_empiricalbm,turkiye,creation,164,136,48,127
41,8,1,false,7,metaweb_empiricalbm,turkiye,creation,164,136,40,135
27,0,27,false,7,metaweb_empiricalbm,turkiye,creation,164,136,32,143
21,8,7,false,7,metaweb_empiricalbm,turkiye,creation,164,136,24,151
39,8,1,false,7,metaweb_empiricalbm,turkiye,creation,164,136,16,159
14,8,7,false,7,metaweb_empiricalbm,turkiye,creation,164,136,8,167
6,8,0,false,7,metaweb_empiricalbm,turkiye,creation,164,136,0,175
1,19,3,false,7,metaweb_empiricalbm,turkiye,creation,136,56,0,35
19,8,6,false,7,metaweb_empiricalbm,turkiye,creation,144,48,0,35
32,0,27,false,7,metaweb_empiricalbm,turkiye,creation,152,40,0,35
16,8,7,false,7,metaweb_empiricalbm,turkiye,creation,160,32,0,35
4,16,6,false,7,metaweb_empiricalbm,turkiye,creation,168,24,0,35
15,8,1,false,7,metaweb_empiricalbm,turkiye,creation,176,16,0,35
11,8,7,false,7,metaweb_empiricalbm,turkiye,creation,184,8,0,35
36,8,1,false,7,metaweb_empiricalbm,turkiye,creation,192,0,0,35
17,6,8,false,7,atn,turkiye,creation,122,0,15,0
20,6,0,false,7,atn,turkiye,creation,132,6,26,0
29,0,19,false,7,atn,turkiye,creation,101,10,21,0
34,0,3,false,7,atn,turkiye,creation,97,17,32,0
7,9,0,false,7,atn,turkiye,creation,102,20,15,0
2,8,0,false,7,atn,turkiye,creation,106,32,26,0
23,9,0,false,7,atn,turkiye,creation,78,36,32,0
40,6,10,false,7,atn,turkiye,creation,86,36,15,0
12,6,0,false,7,atn,turkiye,creation,80,42,15,0
18,6,0,false,7,atn,turkiye,creation,62,49,21,0
13,6,5,false,7,atn,turkiye,creation,68,32,15,0
9,6,0,false,7,atn,turkiye,creation,66,56,15,0
24,8,0,false,7,atn,turkiye,creation,56,44,32,12
10,7,0,false,7,atn,turkiye,creation,66,70,26,0
22,6,4,false,7,atn,turkiye,creation,46,54,15,0
26,0,3,false,7,atn,turkiye,creation,46,76,15,0
3,7,0,false,7,atn,turkiye,creation,38,48,41,31
5,6,0,false,7,atn,turkiye,creation,38,84,15,0
30,0,25,false,7,atn,turkiye,creation,35,79,19,13
31,0,20,false,7,atn,turkiye,creation,28,94,15,0
28,0,9,false,7,atn,turkiye,creation,22,100,15,0
38,4,25,false,7,atn,turkiye,creation,19,79,19,20
37,2,19,false,7,atn,turkiye,creation,25,89,15,17
8,6,0,false,7,atn,turkiye,creation,18,95,15,11
35,0,4,false,7,atn,turkiye,creation,9,102,15,6
25,7,0,false,7,atn,turkiye,creation,3,0,9,0
33,0,0,false,7,atn,turkiye,creation,3,3,11,7
41,6,0,false,7,atn,turkiye,creation,18,17,12,34
27,0,4,false,7,atn,turkiye,creation,137,32,7,92
21,6,0,false,7,atn,turkiye,creation,267,24,3,136
39,6,20,false,7,atn,turkiye,creation,190,0,0,123
14,8,0,false,7,atn,turkiye,creation,45,0,0,71
6,8,0,false,7,atn,turkiye,creation,0,0,0,0
1,6,0,false,7,atn,turkiye,creation,3,0,3,6
19,9,0,false,7,atn,turkiye,creation,3,3,3,15
32,0,10,false,7,atn,turkiye,creation,18,17,3,43
16,6,0,false,7,atn,turkiye,creation,137,36,1,99
4,9,0,false,7,atn,turkiye,creation,271,30,0,145
15,6,0,false,7,atn,turkiye,creation,208,6,0,136
11,6,0,false,7,atn,turkiye,creation,95,4,0,82
36,0,9,false,7,atn,turkiye,creation,100,0,0,15
17,8,0,false,7,metaweb,turkiye,burnin,192,0,28,0
20,0,25,false,7,metaweb,turkiye,burnin,184,8,28,0
29,8,0,false,7,metaweb,turkiye,burnin,176,16,28,0
7,8,0,false,7,metaweb,turkiye,burnin,168,24,28,0
2,8,0,false,7,metaweb,turkiye,burnin,160,32,28,0
23,0,25,false,7,metaweb,turkiye,burnin,152,40,28,0
12,8,0,false,7,metaweb,turkiye,burnin,144,48,28,0
18,0,25,false,7,metaweb,turkiye,burnin,136,56,28,0
13,8,0,false,7,metaweb,turkiye,burnin,128,64,28,0
9,8,0,false,7,metaweb,turkiye,burnin,120,72,28,0
24,0,25,false,7,metaweb,turkiye,burnin,112,80,28,0
10,8,0,false,7,metaweb,turkiye,burnin,104,88,28,0
22,0,25,false,7,metaweb,turkiye,burnin,96,96,28,0
26,8,0,false,7,metaweb,turkiye,burnin,88,104,28,0
3,8,0,false,7,metaweb,turkiye,burnin,80,112,28,0
5,8,0,false,7,metaweb,turkiye,burnin,72,120,28,0
30,8,0,false,7,metaweb,turkiye,burnin,64,128,28,0
31,8,0,false,7,metaweb,turkiye,burnin,164,136,56,119
28,8,0,false,7,metaweb,turkiye,burnin,164,136,48,127
8,8,0,false,7,metaweb,turkiye,burnin,164,136,40,135
25,0,25,false,7,metaweb,turkiye,burnin,164,136,32,143
33,8,0,false,7,metaweb,turkiye,burnin,164,136,24,151
27,8,0,false,7,metaweb,turkiye,burnin,164,136,16,159
21,0,25,false,7,metaweb,turkiye,burnin,164,136,8,167
14,8,0,false,7,metaweb,turkiye,burnin,164,136,0,175
6,8,0,false,7,metaweb,turkiye,burnin,136,56,0,28
1,8,0,false,7,metaweb,turkiye,burnin,144,48,0,28
19,0,25,false,7,metaweb,turkiye,burnin,152,40,0,28
32,8,0,false,7,metaweb,turkiye,burnin,160,32,0,28
16,8,0,false,7,metaweb,turkiye,burnin,168,24,0,28
4,8,0,false,7,metaweb,turkiye,burnin,176,16,0,28
15,8,0,false,7,metaweb,turkiye,burnin,184,8,0,28
11,8,0,false,7,metaweb,turkiye,burnin,192,0,0,28
9,7,0,false,7,down_niche_empiricalbm,turkiye,burnin,1,0,10,0
6,0,1,false,7,down_niche_empiricalbm,turkiye,burnin,1,0,8,2
1,0,2,false,7,down_niche_empiricalbm,turkiye,burnin,1,0,6,4
8,5,0,false,7,down_niche_empiricalbm,turkiye,burnin,0,0,3,3
7,0,2,false,7,down_niche_empiricalbm,turkiye,burnin,1,0,3,7
2,0,2,false,7,down_niche_empiricalbm,turkiye,burnin,0,0,1,5
4,0,1,false,7,down_niche_empiricalbm,turkiye,burnin,1,0,0,10
3,0,2,false,7,down_niche_empiricalbm,turkiye,burnin,0,5,0,10
5,0,2,false,7,down_niche_empiricalbm,turkiye,burnin,5,0,0,21
17,4,5,true,7,niche,turkiye,burnin,0,0,0,0
20,0,5,false,7,niche,turkiye,burnin,13,0,26,0
29,0,4,true,7,niche,turkiye,burnin,0,0,0,0
7,10,2,false,7,niche,turkiye,burnin,18,1,10,0
2,12,2,false,7,niche,turkiye,burnin,0,1,0,0
23,2,7,false,7,niche,turkiye,burnin,12,4,6,0
12,9,3,false,7,niche,turkiye,burnin,12,12,21,0
18,0,5,false,7,niche,turkiye,burnin,2,2,1,0
13,7,3,true,7,niche,turkiye,burnin,0,0,0,0
9,5,3,false,7,niche,turkiye,burnin,0,0,0,0
24,7,8,false,7,niche,turkiye,burnin,0,0,0,0
10,1,3,false,7,niche,turkiye,burnin,1,10,15,0
22,1,7,false,7,niche,turkiye,burnin,5,16,15,5
26,1,6,false,7,niche,turkiye,burnin,1,0,0,12
3,12,2,true,7,niche,turkiye,burnin,0,0,0,0
5,1,2,false,7,niche,turkiye,burnin,1,0,0,12
30,0,2,false,7,niche,turkiye,burnin,3,16,6,13
28,0,6,false,7,niche,turkiye,burnin,3,0,0,13
8,2,3,true,7,niche,turkiye,burnin,0,0,0,0
25,1,6,false,7,niche,turkiye,burnin,3,0,0,18
27,1,6,true,7,niche,turkiye,burnin,0,0,0,0
21,4,5,false,7,niche,turkiye,burnin,8,0,0,22
14,0,2,false,7,niche,turkiye,burnin,8,1,1,21
6,5,2,true,7,niche,turkiye,burnin,0,0,0,0
1,13,2,false,7,niche,turkiye,burnin,11,2,0,21
19,10,5,false,7,niche,turkiye,burnin,10,1,0,21
16,0,4,false,7,niche,turkiye,burnin,10,3,0,21
4,6,2,false,7,niche,turkiye,burnin,10,0,0,21
15,6,4,false,7,niche,turkiye,burnin,6,0,0,1
11,0,4,false,7,niche,turkiye,burnin,1,0,0,1
17,5,3,false,7,down_niche,turkiye,burnin,1,0,3,0
20,6,0,false,7,down_niche,turkiye,burnin,0,1,1,0
29,0,7,false,7,down_niche,turkiye,burnin,86,0,10,0
34,7,1,false,7,down_niche,turkiye,burnin,99,5,23,0
7,7,1,false,7,down_niche,turkiye,burnin,85,8,10,0
2,2,0,false,7,down_niche,turkiye,burnin,80,11,10,2
23,0,19,false,7,down_niche,turkiye,burnin,102,21,21,0
12,5,1,false,7,down_niche,turkiye,burnin,94,28,27,1
18,5,2,false,7,down_niche,turkiye,burnin,54,18,14,2
13,5,2,false,7,down_niche,turkiye,burnin,61,26,10,0
9,5,1,false,7,down_niche,turkiye,burnin,72,38,19,3
24,0,20,false,7,down_niche,turkiye,burnin,46,29,10,1
10,5,0,false,7,down_niche,turkiye,burnin,48,32,10,2
22,9,0,false,7,down_niche,turkiye,burnin,56,49,15,0
26,0,20,false,7,down_niche,turkiye,burnin,42,45,14,4
3,5,0,false,7,down_niche,turkiye,burnin,55,72,29,5
5,5,0,false,7,down_niche,turkiye,burnin,27,47,10,3
30,0,21,false,7,down_niche,turkiye,burnin,35,57,12,6
31,3,0,false,7,down_niche,turkiye,burnin,38,85,21,0
28,0,20,false,7,down_niche,turkiye,burnin,0,0,15,0
38,5,1,true,7,down_niche,turkiye,burnin,0,0,0,0
37,5,1,false,7,down_niche,turkiye,burnin,7,12,1,29
8,7,2,false,7,down_niche,turkiye,burnin,101,70,19,68
35,5,1,false,7,down_niche,turkiye,burnin,99,91,24,68
25,0,19,false,7,down_niche,turkiye,burnin,81,72,16,69
33,2,0,false,7,down_niche,turkiye,burnin,101,70,11,79
27,0,13,false,7,down_niche,turkiye,burnin,66,12,3,62
21,12,2,false,7,down_niche,turkiye,burnin,102,84,6,88
14,6,0,false,7,down_niche,turkiye,burnin,13,6,1,34
6,5,1,false,7,down_niche,turkiye,burnin,112,98,0,94
1,4,0,false,7,down_niche,turkiye,burnin,40,15,0,3
19,7,0,false,7,down_niche,turkiye,burnin,69,24,0,15
32,5,1,false,7,down_niche,turkiye,burnin,30,9,0,1
16,8,2,false,7,down_niche,turkiye,burnin,94,17,0,26
4,6,2,false,7,down_niche,turkiye,burnin,80,13,0,15
15,5,2,false,7,down_niche,turkiye,burnin,101,10,0,20
11,6,2,false,7,down_niche,turkiye,burnin,90,4,0,15
36,6,1,false,7,down_niche,turkiye,burnin,91,0,0,15
6,0,3,false,7,atn_empiricalbm,turkiye,burnin,6,0,3,0
1,3,0,false,7,atn_empiricalbm,turkiye,burnin,3,3,3,0
2,3,0,false,7,atn_empiricalbm,turkiye,burnin,0,6,3,0
4,0,3,false,7,atn_empiricalbm,turkiye,burnin,3,0,0,6
3,3,0,false,7,atn_empiricalbm,turkiye,burnin,3,0,0,6
5,0,3,false,7,atn_empiricalbm,turkiye,burnin,3,0,0,6
9,8,0,false,7,metaweb_empiricalbm,turkiye,burnin,0,0,7,0
6,0,1,false,7,metaweb_empiricalbm,turkiye,burnin,0,0,6,1
1,0,1,false,7,metaweb_empiricalbm,turkiye,burnin,0,0,5,2
8,0,1,false,7,metaweb_empiricalbm,turkiye,burnin,0,0,4,3
7,0,1,false,7,metaweb_empiricalbm,turkiye,burnin,0,0,3,4
2,0,1,false,7,metaweb_empiricalbm,turkiye,burnin,0,0,2,5
4,0,1,false,7,metaweb_empiricalbm,turkiye,burnin,0,0,1,6
3,0,1,false,7,metaweb_empiricalbm,turkiye,burnin,0,0,0,7
5,0,1,false,7,metaweb_empiricalbm,turkiye,burnin,0,0,0,28
17,0,6,false,7,atn,turkiye,burnin,54,0,26,0
20,0,4,false,7,atn,turkiye,burnin,34,6,21,0
7,8,0,false,7,atn,turkiye,burnin,40,14,26,0
2,7,0,false,7,atn,turkiye,burnin,21,19,21,0
23,4,11,false,7,atn,turkiye,burnin,42,12,15,0
12,0,3,false,7,atn,turkiye,burnin,36,18,15,0
18,0,5,false,7,atn,turkiye,burnin,30,32,26,0
13,0,4,false,7,atn,turkiye,burnin,24,30,15,0
9,6,3,false,7,atn,turkiye,burnin,21,22,21,12
24,6,6,false,7,atn,turkiye,burnin,14,40,15,0
10,6,0,false,7,atn,turkiye,burnin,4,36,15,6
22,2,10,false,7,atn,turkiye,burnin,3,0,9,0
26,6,0,false,7,atn,turkiye,burnin,3,3,11,7
3,8,0,false,7,atn,turkiye,burnin,18,17,12,34
5,6,0,false,7,atn,turkiye,burnin,29,14,7,47
8,6,0,false,7,atn,turkiye,burnin,45,10,3,61
25,6,5,false,7,atn,turkiye,burnin,15,0,0,39
21,0,9,false,7,atn,turkiye,burnin,10,0,0,32
14,0,9,false,7,atn,turkiye,burnin,3,0,3,6
6,6,0,false,7,atn,turkiye,burnin,3,3,3,15
1,8,0,false,7,atn,turkiye,burnin,18,17,3,43
19,0,3,false,7,atn,turkiye,burnin,29,18,1,54
16,0,11,false,7,atn,turkiye,burnin,49,16,0,70
4,7,0,false,7,atn,turkiye,burnin,33,6,0,52
15,0,10,false,7,atn,turkiye,burnin,42,4,0,43
11,7,0,false,7,atn,turkiye,burnin,54,0,0,15
17,8,1,true,8,metaweb,turkiye,creation,0,0,0,0
20,8,7,true,8,metaweb,turkiye,creation,0,0,0,0
29,0,27,true,8,metaweb,turkiye,creation,0,0,0,0
34,8,1,true,8,metaweb,turkiye,creation,0,0,0,0
7,8,6,true,8,metaweb,turkiye,creation,0,0,0,0
2,19,3,false,8,metaweb,turkiye,creation,192,0,28,0
23,8,6,false,8,metaweb,turkiye,creation,184,8,28,0
40,8,1,false,8,metaweb,turkiye,creation,176,16,28,0
12,8,7,false,8,metaweb,turkiye,creation,168,24,28,0
18,8,6,false,8,metaweb,turkiye,creation,160,32,28,0
13,8,1,false,8,metaweb,turkiye,creation,152,40,28,0
9,8,6,false,8,metaweb,turkiye,creation,144,48,28,0
24,24,6,false,8,metaweb,turkiye,creation,136,56,28,0
10,8,6,false,8,metaweb,turkiye,creation,128,64,28,0
22,8,1,false,8,metaweb,turkiye,creation,120,72,28,0
26,0,27,false,8,metaweb,turkiye,creation,112,80,28,0
3,19,3,false,8,metaweb,turkiye,creation,104,88,28,0
5,11,7,false,8,metaweb,turkiye,creation,96,96,28,0
30,0,27,false,8,metaweb,turkiye,creation,88,104,28,0
31,0,27,false,8,metaweb,turkiye,creation,80,112,28,0
28,0,27,false,8,metaweb,turkiye,creation,72,120,28,0
38,8,1,false,8,metaweb,turkiye,creation,64,128,28,0
37,8,1,false,8,metaweb,turkiye,creation,0,0,28,0
8,8,0,true,8,metaweb,turkiye,creation,0,0,0,0
35,8,1,true,8,metaweb,turkiye,creation,0,0,0,0
25,24,6,false,8,metaweb,turkiye,creation,164,136,56,119
33,0,27,false,8,metaweb,turkiye,creation,164,136,48,127
41,8,1,false,8,metaweb,turkiye,creation,164,136,40,135
27,0,27,false,8,metaweb,turkiye,creation,164,136,32,143
21,8,7,false,8,metaweb,turkiye,creation,164,136,24,151
39,8,1,false,8,metaweb,turkiye,creation,164,136,16,159
14,8,7,false,8,metaweb,turkiye,creation,164,136,8,167
6,8,0,false,8,metaweb,turkiye,creation,164,136,0,175
1,19,3,false,8,metaweb,turkiye,creation,136,56,0,35
19,8,6,false,8,metaweb,turkiye,creation,144,48,0,35
32,0,27,false,8,metaweb,turkiye,creation,152,40,0,35
16,8,7,false,8,metaweb,turkiye,creation,160,32,0,35
4,16,6,false,8,metaweb,turkiye,creation,168,24,0,35
15,8,1,false,8,metaweb,turkiye,creation,176,16,0,35
11,8,7,false,8,metaweb,turkiye,creation,184,8,0,35
36,8,1,false,8,metaweb,turkiye,creation,192,0,0,35
17,7,0,false,8,down_niche_empiricalbm,turkiye,creation,11,0,6,0
20,5,3,false,8,down_niche_empiricalbm,turkiye,creation,20,2,21,0
29,0,11,false,8,down_niche_empiricalbm,turkiye,creation,12,8,21,0
34,5,0,false,8,down_niche_empiricalbm,turkiye,creation,5,9,6,0
7,5,6,true,8,down_niche_empiricalbm,turkiye,creation,0,0,0,0
2,7,0,false,8,down_niche_empiricalbm,turkiye,creation,66,0,6,0
23,5,0,false,8,down_niche_empiricalbm,turkiye,creation,94,10,22,18
40,5,1,false,8,down_niche_empiricalbm,turkiye,creation,73,5,6,0
12,1,2,false,8,down_niche_empiricalbm,turkiye,creation,104,11,21,1
18,4,3,false,8,down_niche_empiricalbm,turkiye,creation,110,25,30,18
13,6,0,false,8,down_niche_empiricalbm,turkiye,creation,86,24,22,11
9,6,1,false,8,down_niche_empiricalbm,turkiye,creation,17,5,0,9
24,8,0,false,8,down_niche_empiricalbm,turkiye,creation,86,29,15,0
10,7,5,false,8,down_niche_empiricalbm,turkiye,creation,83,38,18,19
22,6,1,false,8,down_niche_empiricalbm,turkiye,creation,74,41,15,0
26,0,19,false,8,down_niche_empiricalbm,turkiye,creation,74,51,23,5
3,7,0,false,8,down_niche_empiricalbm,turkiye,creation,67,58,21,0
5,4,1,false,8,down_niche_empiricalbm,turkiye,creation,34,37,8,15
30,0,22,false,8,down_niche_empiricalbm,turkiye,creation,46,56,12,22
31,0,20,false,8,down_niche_empiricalbm,turkiye,creation,31,41,10,12
28,0,20,false,8,down_niche_empiricalbm,turkiye,creation,47,74,15,21
38,5,1,false,8,down_niche_empiricalbm,turkiye,creation,39,76,15,0
37,5,1,false,8,down_niche_empiricalbm,turkiye,creation,0,0,10,0
8,4,0,false,8,down_niche_empiricalbm,turkiye,creation,15,5,0,28
35,6,0,false,8,down_niche_empiricalbm,turkiye,creation,19,0,0,15
25,6,0,false,8,down_niche_empiricalbm,turkiye,creation,87,84,31,58
33,0,19,false,8,down_niche_empiricalbm,turkiye,creation,0,1,4,4
41,4,0,false,8,down_niche_empiricalbm,turkiye,creation,99,91,24,71
27,0,2,false,8,down_niche_empiricalbm,turkiye,creation,31,24,9,43
21,6,5,false,8,down_niche_empiricalbm,turkiye,creation,135,96,13,84
39,7,1,false,8,down_niche_empiricalbm,turkiye,creation,99,91,11,84
14,6,4,false,8,down_niche_empiricalbm,turkiye,creation,112,98,5,94
6,4,0,false,8,down_niche_empiricalbm,turkiye,creation,101,70,0,91
1,4,0,false,8,down_niche_empiricalbm,turkiye,creation,52,19,0,10
19,5,4,false,8,down_niche_empiricalbm,turkiye,creation,85,30,0,15
32,0,21,false,8,down_niche_empiricalbm,turkiye,creation,82,22,0,19
16,7,1,false,8,down_niche_empiricalbm,turkiye,creation,80,16,0,14
4,4,0,false,8,down_niche_empiricalbm,turkiye,creation,84,13,0,14
15,6,1,false,8,down_niche_empiricalbm,turkiye,creation,116,9,0,25
11,6,3,false,8,down_niche_empiricalbm,turkiye,creation,91,3,0,14
36,6,1,false,8,down_niche_empiricalbm,turkiye,creation,77,0,0,6
17,17,4,false,8,niche,turkiye,creation,2,0,1,0
20,0,4,false,8,niche,turkiye,creation,16,0,64,0
29,7,3,false,8,niche,turkiye,creation,0,5,7,0
34,3,9,false,8,niche,turkiye,creation,7,0,1,0
7,11,0,false,8,niche,turkiye,creation,28,9,133,0
2,14,0,false,8,niche,turkiye,creation,46,7,34,0
23,0,4,false,8,niche,turkiye,creation,36,17,34,0
40,0,5,false,8,niche,turkiye,creation,1,3,3,2
12,1,5,false,8,niche,turkiye,creation,1,4,3,5
18,4,4,false,8,niche,turkiye,creation,4,2,0,16
13,11,6,false,8,niche,turkiye,creation,10,6,3,16
9,4,2,false,8,niche,turkiye,creation,5,3,0,16
24,3,7,true,8,niche,turkiye,creation,0,0,0,0
10,1,4,false,8,niche,turkiye,creation,14,27,38,13
22,2,5,false,8,niche,turkiye,creation,6,9,3,13
26,4,6,false,8,niche,turkiye,creation,3,0,0,31
3,6,0,true,8,niche,turkiye,creation,0,0,0,0
5,22,0,false,8,niche,turkiye,creation,2,1,2,24
30,1,6,false,8,niche,turkiye,creation,4,28,36,18
31,4,7,false,8,niche,turkiye,creation,1,0,0,29
28,3,3,false,8,niche,turkiye,creation,2,2,0,28
38,0,6,false,8,niche,turkiye,creation,1,2,0,27
37,1,9,false,8,niche,turkiye,creation,1,0,0,29
8,4,2,false,8,niche,turkiye,creation,18,9,3,21
35,0,10,true,8,niche,turkiye,creation,0,0,0,0
25,2,7,false,8,niche,turkiye,creation,18,11,3,27
33,0,7,false,8,niche,turkiye,creation,5,0,0,38
41,0,1,false,8,niche,turkiye,creation,2,5,1,31
27,0,4,false,8,niche,turkiye,creation,7,25,16,23
21,2,4,false,8,niche,turkiye,creation,12,2,0,48
39,0,6,false,8,niche,turkiye,creation,17,12,3,34
14,13,4,true,8,niche,turkiye,creation,0,0,0,0
6,11,0,false,8,niche,turkiye,creation,11,0,0,58
1,2,0,false,8,niche,turkiye,creation,19,3,3,28
19,12,4,false,8,niche,turkiye,creation,23,0,0,50
32,2,7,false,8,niche,turkiye,creation,23,6,3,42
16,0,5,false,8,niche,turkiye,creation,19,0,0,45
4,2,0,false,8,niche,turkiye,creation,12,0,0,27
15,3,4,false,8,niche,turkiye,creation,12,0,0,27
11,3,4,false,8,niche,turkiye,creation,8,0,0,22
36,3,10,false,8,niche,turkiye,creation,0,0,0,0
17,7,0,false,8,down_niche,turkiye,creation,11,0,6,0
20,5,3,false,8,down_niche,turkiye,creation,20,2,21,0
29,0,11,false,8,down_niche,turkiye,creation,12,8,21,0
34,5,0,false,8,down_niche,turkiye,creation,5,9,6,0
7,5,6,true,8,down_niche,turkiye,creation,0,0,0,0
2,7,0,false,8,down_niche,turkiye,creation,66,0,6,0
23,5,0,false,8,down_niche,turkiye,creation,94,10,22,18
40,5,1,false,8,down_niche,turkiye,creation,73,5,6,0
12,1,2,false,8,down_niche,turkiye,creation,104,11,21,1
18,4,3,false,8,down_niche,turkiye,creation,110,25,30,18
13,6,0,false,8,down_niche,turkiye,creation,86,24,22,11
9,6,1,false,8,down_niche,turkiye,creation,17,5,0,9
24,8,0,false,8,down_niche,turkiye,creation,86,29,15,0
10,7,5,false,8,down_niche,turkiye,creation,83,38,18,19
22,6,1,false,8,down_niche,turkiye,creation,74,41,15,0
26,0,19,false,8,down_niche,turkiye,creation,74,51,23,5
3,7,0,false,8,down_niche,turkiye,creation,67,58,21,0
5,4,1,false,8,down_niche,turkiye,creation,34,37,8,15
30,0,22,false,8,down_niche,turkiye,creation,46,56,12,22
31,0,20,false,8,down_niche,turkiye,creation,31,41,10,12
28,0,20,false,8,down_niche,turkiye,creation,47,74,15,21
38,5,1,false,8,down_niche,turkiye,creation,39,76,15,0
37,5,1,false,8,down_niche,turkiye,creation,0,0,10,0
8,4,0,false,8,down_niche,turkiye,creation,15,5,0,28
35,6,0,false,8,down_niche,turkiye,creation,19,0,0,15
25,6,0,false,8,down_niche,turkiye,creation,87,84,31,58
33,0,19,false,8,down_niche,turkiye,creation,0,1,4,4
41,4,0,false,8,down_niche,turkiye,creation,99,91,24,71
27,0,2,false,8,down_niche,turkiye,creation,31,24,9,43
21,6,5,false,8,down_niche,turkiye,creation,135,96,13,84
39,7,1,false,8,down_niche,turkiye,creation,99,91,11,84
14,6,4,false,8,down_niche,turkiye,creation,112,98,5,94
6,4,0,false,8,down_niche,turkiye,creation,101,70,0,91
1,4,0,false,8,down_niche,turkiye,creation,52,19,0,10
19,5,4,false,8,down_niche,turkiye,creation,85,30,0,15
32,0,21,false,8,down_niche,turkiye,creation,82,22,0,19
16,7,1,false,8,down_niche,turkiye,creation,80,16,0,14
4,4,0,false,8,down_niche,turkiye,creation,84,13,0,14
15,6,1,false,8,down_niche,turkiye,creation,116,9,0,25
11,6,3,false,8,down_niche,turkiye,creation,91,3,0,14
36,6,1,false,8,down_niche,turkiye,creation,77,0,0,6
17,4,0,false,8,atn_empiricalbm,turkiye,creation,138,0,28,0
20,6,0,false,8,atn_empiricalbm,turkiye,creation,96,6,36,0
29,0,21,false,8,atn_empiricalbm,turkiye,creation,89,13,21,0
34,0,5,false,8,atn_empiricalbm,turkiye,creation,118,20,28,0
7,8,0,false,8,atn_empiricalbm,turkiye,creation,70,12,6,0
2,9,0,false,8,atn_empiricalbm,turkiye,creation,74,28,21,0
23,8,0,false,8,atn_empiricalbm,turkiye,creation,100,38,28,0
40,6,1,false,8,atn_empiricalbm,turkiye,creation,61,41,21,0
12,6,0,false,8,atn_empiricalbm,turkiye,creation,86,52,28,0
18,8,0,false,8,atn_empiricalbm,turkiye,creation,78,60,28,0
13,6,15,false,8,atn_empiricalbm,turkiye,creation,72,32,15,0
9,8,0,false,8,atn_empiricalbm,turkiye,creation,66,38,15,0
24,8,0,false,8,atn_empiricalbm,turkiye,creation,87,58,58,61
10,8,0,false,8,atn_empiricalbm,turkiye,creation,58,46,15,0
22,6,15,false,8,atn_empiricalbm,turkiye,creation,48,32,20,27
26,0,5,false,8,atn_empiricalbm,turkiye,creation,48,56,15,0
3,7,0,false,8,atn_empiricalbm,turkiye,creation,28,34,6,0
5,4,0,false,8,atn_empiricalbm,turkiye,creation,54,84,21,7
30,0,22,false,8,atn_empiricalbm,turkiye,creation,52,88,21,13
31,0,15,false,8,atn_empiricalbm,turkiye,creation,30,74,15,0
28,0,12,false,8,atn_empiricalbm,turkiye,creation,38,100,21,7
38,4,22,false,8,atn_empiricalbm,turkiye,creation,87,58,33,86
37,2,21,false,8,atn_empiricalbm,turkiye,creation,42,96,15,13
8,7,0,false,8,atn_empiricalbm,turkiye,creation,38,100,15,13
35,0,6,false,8,atn_empiricalbm,turkiye,creation,34,104,15,13
25,8,0,false,8,atn_empiricalbm,turkiye,creation,4,6,9,10
33,0,0,false,8,atn_empiricalbm,turkiye,creation,6,9,11,17
41,6,0,false,8,atn_empiricalbm,turkiye,creation,39,27,12,46
27,0,6,false,8,atn_empiricalbm,turkiye,creation,171,38,7,116
21,8,0,false,8,atn_empiricalbm,turkiye,creation,210,21,3,134
39,6,15,false,8,atn_empiricalbm,turkiye,creation,105,0,0,104
14,6,0,false,8,atn_empiricalbm,turkiye,creation,0,0,0,8
6,7,0,false,8,atn_empiricalbm,turkiye,creation,0,0,0,0
1,8,0,false,8,atn_empiricalbm,turkiye,creation,4,6,3,16
19,9,0,false,8,atn_empiricalbm,turkiye,creation,6,9,3,25
32,0,1,false,8,atn_empiricalbm,turkiye,creation,39,27,3,55
16,6,0,false,8,atn_empiricalbm,turkiye,creation,175,42,1,123
4,8,0,false,8,atn_empiricalbm,turkiye,creation,222,27,0,143
15,6,5,false,8,atn_empiricalbm,turkiye,creation,139,6,0,119
11,6,0,false,8,atn_empiricalbm,turkiye,creation,68,4,0,23
36,0,12,false,8,atn_empiricalbm,turkiye,creation,104,0,0,15
17,8,1,true,8,metaweb_empiricalbm,turkiye,creation,0,0,0,0
20,8,7,true,8,metaweb_empiricalbm,turkiye,creation,0,0,0,0
29,0,27,true,8,metaweb_empiricalbm,turkiye,creation,0,0,0,0
34,8,1,true,8,metaweb_empiricalbm,turkiye,creation,0,0,0,0
7,8,6,true,8,metaweb_empiricalbm,turkiye,creation,0,0,0,0
2,19,3,false,8,metaweb_empiricalbm,turkiye,creation,192,0,28,0
23,8,6,false,8,metaweb_empiricalbm,turkiye,creation,184,8,28,0
40,8,1,false,8,metaweb_empiricalbm,turkiye,creation,176,16,28,0
12,8,7,false,8,metaweb_empiricalbm,turkiye,creation,168,24,28,0
18,8,6,false,8,metaweb_empiricalbm,turkiye,creation,160,32,28,0
13,8,1,false,8,metaweb_empiricalbm,turkiye,creation,152,40,28,0
9,8,6,false,8,metaweb_empiricalbm,turkiye,creation,144,48,28,0
24,24,6,false,8,metaweb_empiricalbm,turkiye,creation,136,56,28,0
10,8,6,false,8,metaweb_empiricalbm,turkiye,creation,128,64,28,0
22,8,1,false,8,metaweb_empiricalbm,turkiye,creation,120,72,28,0
26,0,27,false,8,metaweb_empiricalbm,turkiye,creation,112,80,28,0
3,19,3,false,8,metaweb_empiricalbm,turkiye,creation,104,88,28,0
5,11,7,false,8,metaweb_empiricalbm,turkiye,creation,96,96,28,0
30,0,27,false,8,metaweb_empiricalbm,turkiye,creation,88,104,28,0
31,0,27,false,8,metaweb_empiricalbm,turkiye,creation,80,112,28,0
28,0,27,false,8,metaweb_empiricalbm,turkiye,creation,72,120,28,0
38,8,1,false,8,metaweb_empiricalbm,turkiye,creation,64,128,28,0
37,8,1,false,8,metaweb_empiricalbm,turkiye,creation,0,0,28,0
8,8,0,true,8,metaweb_empiricalbm,turkiye,creation,0,0,0,0
35,8,1,true,8,metaweb_empiricalbm,turkiye,creation,0,0,0,0
25,24,6,false,8,metaweb_empiricalbm,turkiye,creation,164,136,56,119
33,0,27,false,8,metaweb_empiricalbm,turkiye,creation,164,136,48,127
41,8,1,false,8,metaweb_empiricalbm,turkiye,creation,164,136,40,135
27,0,27,false,8,metaweb_empiricalbm,turkiye,creation,164,136,32,143
21,8,7,false,8,metaweb_empiricalbm,turkiye,creation,164,136,24,151
39,8,1,false,8,metaweb_empiricalbm,turkiye,creation,164,136,16,159
14,8,7,false,8,metaweb_empiricalbm,turkiye,creation,164,136,8,167
6,8,0,false,8,metaweb_empiricalbm,turkiye,creation,164,136,0,175
1,19,3,false,8,metaweb_empiricalbm,turkiye,creation,136,56,0,35
19,8,6,false,8,metaweb_empiricalbm,turkiye,creation,144,48,0,35
32,0,27,false,8,metaweb_empiricalbm,turkiye,creation,152,40,0,35
16,8,7,false,8,metaweb_empiricalbm,turkiye,creation,160,32,0,35
4,16,6,false,8,metaweb_empiricalbm,turkiye,creation,168,24,0,35
15,8,1,false,8,metaweb_empiricalbm,turkiye,creation,176,16,0,35
11,8,7,false,8,metaweb_empiricalbm,turkiye,creation,184,8,0,35
36,8,1,false,8,metaweb_empiricalbm,turkiye,creation,192,0,0,35
17,4,0,false,8,atn,turkiye,creation,138,0,28,0
20,6,0,false,8,atn,turkiye,creation,96,6,36,0
29,0,21,false,8,atn,turkiye,creation,89,13,21,0
34,0,5,false,8,atn,turkiye,creation,118,20,28,0
7,8,0,false,8,atn,turkiye,creation,70,12,6,0
2,9,0,false,8,atn,turkiye,creation,74,28,21,0
23,8,0,false,8,atn,turkiye,creation,100,38,28,0
40,6,1,false,8,atn,turkiye,creation,61,41,21,0
12,6,0,false,8,atn,turkiye,creation,86,52,28,0
18,8,0,false,8,atn,turkiye,creation,78,60,28,0
13,6,15,false,8,atn,turkiye,creation,72,32,15,0
9,8,0,false,8,atn,turkiye,creation,66,38,15,0
24,8,0,false,8,atn,turkiye,creation,87,58,58,61
10,8,0,false,8,atn,turkiye,creation,58,46,15,0
22,6,15,false,8,atn,turkiye,creation,48,32,20,27
26,0,5,false,8,atn,turkiye,creation,48,56,15,0
3,7,0,false,8,atn,turkiye,creation,28,34,6,0
5,4,0,false,8,atn,turkiye,creation,54,84,21,7
30,0,22,false,8,atn,turkiye,creation,52,88,21,13
31,0,15,false,8,atn,turkiye,creation,30,74,15,0
28,0,12,false,8,atn,turkiye,creation,38,100,21,7
38,4,22,false,8,atn,turkiye,creation,87,58,33,86
37,2,21,false,8,atn,turkiye,creation,42,96,15,13
8,7,0,false,8,atn,turkiye,creation,38,100,15,13
35,0,6,false,8,atn,turkiye,creation,34,104,15,13
25,8,0,false,8,atn,turkiye,creation,4,6,9,10
33,0,0,false,8,atn,turkiye,creation,6,9,11,17
41,6,0,false,8,atn,turkiye,creation,39,27,12,46
27,0,6,false,8,atn,turkiye,creation,171,38,7,116
21,8,0,false,8,atn,turkiye,creation,210,21,3,134
39,6,15,false,8,atn,turkiye,creation,105,0,0,104
14,6,0,false,8,atn,turkiye,creation,0,0,0,8
6,7,0,false,8,atn,turkiye,creation,0,0,0,0
1,8,0,false,8,atn,turkiye,creation,4,6,3,16
19,9,0,false,8,atn,turkiye,creation,6,9,3,25
32,0,1,false,8,atn,turkiye,creation,39,27,3,55
16,6,0,false,8,atn,turkiye,creation,175,42,1,123
4,8,0,false,8,atn,turkiye,creation,222,27,0,143
15,6,5,false,8,atn,turkiye,creation,139,6,0,119
11,6,0,false,8,atn,turkiye,creation,68,4,0,23
36,0,12,false,8,atn,turkiye,creation,104,0,0,15
17,8,0,false,8,metaweb,turkiye,burnin,192,0,28,0
20,0,25,false,8,metaweb,turkiye,burnin,184,8,28,0
29,8,0,false,8,metaweb,turkiye,burnin,176,16,28,0
7,8,0,false,8,metaweb,turkiye,burnin,168,24,28,0
2,8,0,false,8,metaweb,turkiye,burnin,160,32,28,0
23,0,25,false,8,metaweb,turkiye,burnin,152,40,28,0
12,8,0,false,8,metaweb,turkiye,burnin,144,48,28,0
18,0,25,false,8,metaweb,turkiye,burnin,136,56,28,0
13,8,0,false,8,metaweb,turkiye,burnin,128,64,28,0
9,8,0,false,8,metaweb,turkiye,burnin,120,72,28,0
24,0,25,false,8,metaweb,turkiye,burnin,112,80,28,0
10,8,0,false,8,metaweb,turkiye,burnin,104,88,28,0
22,0,25,false,8,metaweb,turkiye,burnin,96,96,28,0
26,8,0,false,8,metaweb,turkiye,burnin,88,104,28,0
3,8,0,false,8,metaweb,turkiye,burnin,80,112,28,0
5,8,0,false,8,metaweb,turkiye,burnin,72,120,28,0
30,8,0,false,8,metaweb,turkiye,burnin,64,128,28,0
31,8,0,false,8,metaweb,turkiye,burnin,164,136,56,119
28,8,0,false,8,metaweb,turkiye,burnin,164,136,48,127
8,8,0,false,8,metaweb,turkiye,burnin,164,136,40,135
25,0,25,false,8,metaweb,turkiye,burnin,164,136,32,143
33,8,0,false,8,metaweb,turkiye,burnin,164,136,24,151
27,8,0,false,8,metaweb,turkiye,burnin,164,136,16,159
21,0,25,false,8,metaweb,turkiye,burnin,164,136,8,167
14,8,0,false,8,metaweb,turkiye,burnin,164,136,0,175
6,8,0,false,8,metaweb,turkiye,burnin,136,56,0,28
1,8,0,false,8,metaweb,turkiye,burnin,144,48,0,28
19,0,25,false,8,metaweb,turkiye,burnin,152,40,0,28
32,8,0,false,8,metaweb,turkiye,burnin,160,32,0,28
16,8,0,false,8,metaweb,turkiye,burnin,168,24,0,28
4,8,0,false,8,metaweb,turkiye,burnin,176,16,0,28
15,8,0,false,8,metaweb,turkiye,burnin,184,8,0,28
11,8,0,false,8,metaweb,turkiye,burnin,192,0,0,28
8,0,2,false,8,down_niche_empiricalbm,turkiye,burnin,1,0,0,0
7,0,2,false,8,down_niche_empiricalbm,turkiye,burnin,0,1,0,0
2,1,0,false,8,down_niche_empiricalbm,turkiye,burnin,12,0,16,0
12,0,2,false,8,down_niche_empiricalbm,turkiye,burnin,6,4,6,1
13,0,3,false,8,down_niche_empiricalbm,turkiye,burnin,4,8,10,0
9,0,4,false,8,down_niche_empiricalbm,turkiye,burnin,0,0,0,1
6,2,0,false,8,down_niche_empiricalbm,turkiye,burnin,0,1,4,4
1,1,0,false,8,down_niche_empiricalbm,turkiye,burnin,0,1,3,6
14,5,0,false,8,down_niche_empiricalbm,turkiye,burnin,3,3,2,14
10,0,4,false,8,down_niche_empiricalbm,turkiye,burnin,3,3,1,15
4,4,1,false,8,down_niche_empiricalbm,turkiye,burnin,3,0,0,12
3,6,1,false,8,down_niche_empiricalbm,turkiye,burnin,0,1,0,9
5,5,2,false,8,down_niche_empiricalbm,turkiye,burnin,3,0,0,12
11,0,3,false,8,down_niche_empiricalbm,turkiye,burnin,9,0,0,10
17,10,4,false,8,niche,turkiye,burnin,2,0,1,0
20,3,5,false,8,niche,turkiye,burnin,10,0,27,0
29,0,10,false,8,niche,turkiye,burnin,0,3,2,0
34,0,5,false,8,niche,turkiye,burnin,6,0,1,0
7,10,0,false,8,niche,turkiye,burnin,22,7,75,0
2,10,0,false,8,niche,turkiye,burnin,40,6,26,0
23,0,4,false,8,niche,turkiye,burnin,31,15,26,0
12,11,4,false,8,niche,turkiye,burnin,1,1,0,2
18,0,4,false,8,niche,turkiye,burnin,1,4,3,3
13,3,4,false,8,niche,turkiye,burnin,10,6,3,8
9,4,2,true,8,niche,turkiye,burnin,0,0,0,0
24,7,3,false,8,niche,turkiye,burnin,10,21,22,9
10,3,4,false,8,niche,turkiye,burnin,6,9,3,9
22,4,5,false,8,niche,turkiye,burnin,3,0,0,23
26,2,6,true,8,niche,turkiye,burnin,0,0,0,0
3,4,0,false,8,niche,turkiye,burnin,1,1,1,18
5,18,0,false,8,niche,turkiye,burnin,4,22,20,12
30,3,10,false,8,niche,turkiye,burnin,1,0,0,21
31,1,9,false,8,niche,turkiye,burnin,1,0,0,20
28,3,8,false,8,niche,turkiye,burnin,14,9,3,17
8,2,2,true,8,niche,turkiye,burnin,0,0,0,0
35,0,1,false,8,niche,turkiye,burnin,13,11,3,19
25,4,5,false,8,niche,turkiye,burnin,5,0,0,30
33,0,6,false,8,niche,turkiye,burnin,6,25,16,15
27,0,7,false,8,niche,turkiye,burnin,9,11,3,26
21,2,5,true,8,niche,turkiye,burnin,0,0,0,0
14,0,5,false,8,niche,turkiye,burnin,11,0,0,48
6,10,0,false,8,niche,turkiye,burnin,16,3,3,23
1,2,0,false,8,niche,turkiye,burnin,23,0,0,40
19,0,4,false,8,niche,turkiye,burnin,23,6,3,32
32,0,6,false,8,niche,turkiye,burnin,19,0,0,37
16,3,4,false,8,niche,turkiye,burnin,12,0,0,25
4,2,0,false,8,niche,turkiye,burnin,12,0,0,25
15,13,4,false,8,niche,turkiye,burnin,8,0,0,20
11,8,6,false,8,niche,turkiye,burnin,0,0,0,0
17,0,2,false,8,down_niche,turkiye,burnin,1,0,1,0
20,0,16,false,8,down_niche,turkiye,burnin,0,1,3,0
29,5,1,false,8,down_niche,turkiye,burnin,54,0,6,0
7,6,1,false,8,down_niche,turkiye,burnin,88,3,15,0
2,3,0,false,8,down_niche,turkiye,burnin,89,10,21,2
23,0,17,false,8,down_niche,turkiye,burnin,76,15,15,0
12,5,2,false,8,down_niche,turkiye,burnin,70,21,15,2
18,0,15,false,8,down_niche,turkiye,burnin,64,27,15,0
13,6,1,false,8,down_niche,turkiye,burnin,64,35,21,0
9,7,0,false,8,down_niche,turkiye,burnin,57,42,21,0
24,5,0,false,8,down_niche,turkiye,burnin,29,26,6,0
10,7,0,false,8,down_niche,turkiye,burnin,27,30,10,3
22,0,16,false,8,down_niche,turkiye,burnin,40,51,15,1
26,6,1,false,8,down_niche,turkiye,burnin,34,57,15,0
3,4,0,false,8,down_niche,turkiye,burnin,0,0,6,0
5,7,1,false,8,down_niche,turkiye,burnin,60,60,27,51
30,4,0,false,8,down_niche,turkiye,burnin,0,1,4,4
28,7,1,false,8,down_niche,turkiye,burnin,51,54,21,54
8,6,0,false,8,down_niche,turkiye,burnin,18,18,9,34
25,6,0,false,8,down_niche,turkiye,burnin,65,55,11,66
27,5,1,false,8,down_niche,turkiye,burnin,70,66,10,72
21,0,17,false,8,down_niche,turkiye,burnin,60,60,5,74
14,6,0,false,8,down_niche,turkiye,burnin,76,60,0,82
6,6,0,false,8,down_niche,turkiye,burnin,37,16,0,10
1,2,0,false,8,down_niche,turkiye,burnin,66,25,0,15
19,0,9,false,8,down_niche,turkiye,burnin,66,18,0,18
16,0,16,false,8,down_niche,turkiye,burnin,65,12,0,13
4,6,0,false,8,down_niche,turkiye,burnin,90,9,0,24
15,4,0,false,8,down_niche,turkiye,burnin,73,3,0,13
11,4,0,false,8,down_niche,turkiye,burnin,60,0,0,6
1,3,0,false,8,atn_empiricalbm,turkiye,burnin,0,0,3,0
2,0,1,false,8,atn_empiricalbm,turkiye,burnin,0,0,0,2
4,0,1,false,8,atn_empiricalbm,turkiye,burnin,0,0,0,2
3,0,1,false,8,atn_empiricalbm,turkiye,burnin,0,0,0,2
9,8,0,false,8,metaweb_empiricalbm,turkiye,burnin,0,0,7,0
6,0,1,false,8,metaweb_empiricalbm,turkiye,burnin,0,0,6,1
1,0,1,false,8,metaweb_empiricalbm,turkiye,burnin,0,0,5,2
8,0,1,false,8,metaweb_empiricalbm,turkiye,burnin,0,0,4,3
7,0,1,false,8,metaweb_empiricalbm,turkiye,burnin,0,0,3,4
2,0,1,false,8,metaweb_empiricalbm,turkiye,burnin,0,0,2,5
4,0,1,false,8,metaweb_empiricalbm,turkiye,burnin,0,0,1,6
3,0,1,false,8,metaweb_empiricalbm,turkiye,burnin,0,0,0,7
5,0,1,false,8,metaweb_empiricalbm,turkiye,burnin,0,0,0,28
17,6,11,false,8,atn,turkiye,burnin,108,0,28,0
20,8,0,false,8,atn,turkiye,burnin,66,6,36,0
29,0,6,false,8,atn,turkiye,burnin,94,14,28,0
34,6,1,false,8,atn,turkiye,burnin,86,22,28,0
7,6,0,false,8,atn,turkiye,burnin,78,30,28,0
2,9,0,false,8,atn,turkiye,burnin,70,38,28,0
23,0,12,false,8,atn,turkiye,burnin,68,22,15,0
12,6,0,false,8,atn,turkiye,burnin,62,28,15,0
18,8,0,false,8,atn,turkiye,burnin,61,34,50,43
13,4,0,false,8,atn,turkiye,burnin,54,36,15,0
9,6,11,false,8,atn,turkiye,burnin,42,26,15,8
24,0,19,false,8,atn,turkiye,burnin,44,46,15,0
10,6,0,false,8,atn,turkiye,burnin,26,32,6,0
22,0,6,false,8,atn,turkiye,burnin,44,64,21,7
26,0,11,false,8,atn,turkiye,burnin,30,60,15,0
3,8,0,false,8,atn,turkiye,burnin,34,74,21,7
5,8,0,false,8,atn,turkiye,burnin,49,46,33,60
30,0,12,false,8,atn,turkiye,burnin,34,74,15,13
31,2,19,false,8,atn,turkiye,burnin,30,78,15,13
28,0,5,false,8,atn,turkiye,burnin,26,82,15,13
8,6,0,false,8,atn,turkiye,burnin,4,6,9,10
35,6,0,false,8,atn,turkiye,burnin,6,9,11,17
25,0,17,false,8,atn,turkiye,burnin,39,27,12,46
33,6,11,false,8,atn,turkiye,burnin,137,34,7,106
27,0,1,false,8,atn,turkiye,burnin,120,16,3,105
21,0,5,false,8,atn,turkiye,burnin,55,0,0,78
14,8,0,false,8,atn,turkiye,burnin,0,0,0,8
6,8,0,false,8,atn,turkiye,burnin,4,6,3,16
1,8,0,false,8,atn,turkiye,burnin,6,9,3,25
19,8,0,false,8,atn,turkiye,burnin,39,27,3,55
32,4,17,false,8,atn,turkiye,burnin,141,38,1,113
16,8,0,false,8,atn,turkiye,burnin,132,22,0,114
4,8,0,false,8,atn,turkiye,burnin,89,6,0,93
15,6,0,false,8,atn,turkiye,burnin,64,4,0,23
11,6,1,false,8,atn,turkiye,burnin,90,0,0,15
17,8,1,true,9,metaweb,turkiye,creation,0,0,0,0
20,8,7,true,9,metaweb,turkiye,creation,0,0,0,0
29,0,27,true,9,metaweb,turkiye,creation,0,0,0,0
34,8,1,true,9,metaweb,turkiye,creation,0,0,0,0
7,8,6,true,9,metaweb,turkiye,creation,0,0,0,0
2,19,3,false,9,metaweb,turkiye,creation,192,0,28,0
23,8,6,false,9,metaweb,turkiye,creation,184,8,28,0
40,8,1,false,9,metaweb,turkiye,creation,176,16,28,0
12,8,7,false,9,metaweb,turkiye,creation,168,24,28,0
18,8,6,false,9,metaweb,turkiye,creation,160,32,28,0
13,8,1,false,9,metaweb,turkiye,creation,152,40,28,0
9,8,6,false,9,metaweb,turkiye,creation,144,48,28,0
24,24,6,false,9,metaweb,turkiye,creation,136,56,28,0
10,8,6,false,9,metaweb,turkiye,creation,128,64,28,0
22,8,1,false,9,metaweb,turkiye,creation,120,72,28,0
26,0,27,false,9,metaweb,turkiye,creation,112,80,28,0
3,19,3,false,9,metaweb,turkiye,creation,104,88,28,0
5,11,7,false,9,metaweb,turkiye,creation,96,96,28,0
30,0,27,false,9,metaweb,turkiye,creation,88,104,28,0
31,0,27,false,9,metaweb,turkiye,creation,80,112,28,0
28,0,27,false,9,metaweb,turkiye,creation,72,120,28,0
38,8,1,false,9,metaweb,turkiye,creation,64,128,28,0
37,8,1,false,9,metaweb,turkiye,creation,0,0,28,0
8,8,0,true,9,metaweb,turkiye,creation,0,0,0,0
35,8,1,true,9,metaweb,turkiye,creation,0,0,0,0
25,24,6,false,9,metaweb,turkiye,creation,164,136,56,119
33,0,27,false,9,metaweb,turkiye,creation,164,136,48,127
41,8,1,false,9,metaweb,turkiye,creation,164,136,40,135
27,0,27,false,9,metaweb,turkiye,creation,164,136,32,143
21,8,7,false,9,metaweb,turkiye,creation,164,136,24,151
39,8,1,false,9,metaweb,turkiye,creation,164,136,16,159
14,8,7,false,9,metaweb,turkiye,creation,164,136,8,167
6,8,0,false,9,metaweb,turkiye,creation,164,136,0,175
1,19,3,false,9,metaweb,turkiye,creation,136,56,0,35
19,8,6,false,9,metaweb,turkiye,creation,144,48,0,35
32,0,27,false,9,metaweb,turkiye,creation,152,40,0,35
16,8,7,false,9,metaweb,turkiye,creation,160,32,0,35
4,16,6,false,9,metaweb,turkiye,creation,168,24,0,35
15,8,1,false,9,metaweb,turkiye,creation,176,16,0,35
11,8,7,false,9,metaweb,turkiye,creation,184,8,0,35
36,8,1,false,9,metaweb,turkiye,creation,192,0,0,35
17,8,1,false,9,down_niche_empiricalbm,turkiye,creation,9,0,6,0
20,8,3,false,9,down_niche_empiricalbm,turkiye,creation,8,2,6,0
29,0,24,false,9,down_niche_empiricalbm,turkiye,creation,9,3,15,0
34,8,1,false,9,down_niche_empiricalbm,turkiye,creation,1,4,8,0
7,8,3,true,9,down_niche_empiricalbm,turkiye,creation,0,0,0,0
2,4,0,false,9,down_niche_empiricalbm,turkiye,creation,184,0,28,0
23,8,0,false,9,down_niche_empiricalbm,turkiye,creation,175,10,39,3
40,8,1,false,9,down_niche_empiricalbm,turkiye,creation,168,16,28,0
12,8,3,false,9,down_niche_empiricalbm,turkiye,creation,159,26,37,5
18,8,4,false,9,down_niche_empiricalbm,turkiye,creation,155,35,34,13
13,7,1,false,9,down_niche_empiricalbm,turkiye,creation,108,31,17,7
9,8,3,false,9,down_niche_empiricalbm,turkiye,creation,139,48,33,11
24,9,1,false,9,down_niche_empiricalbm,turkiye,creation,114,47,21,0
10,8,4,false,9,down_niche_empiricalbm,turkiye,creation,93,46,15,9
22,7,1,false,9,down_niche_empiricalbm,turkiye,creation,103,58,21,0
26,0,25,false,9,down_niche_empiricalbm,turkiye,creation,110,75,32,7
3,6,0,false,9,down_niche_empiricalbm,turkiye,creation,102,82,28,0
5,8,1,false,9,down_niche_empiricalbm,turkiye,creation,97,92,31,14
30,0,24,false,9,down_niche_empiricalbm,turkiye,creation,86,101,30,17
31,0,24,false,9,down_niche_empiricalbm,turkiye,creation,77,108,28,16
28,0,24,false,9,down_niche_empiricalbm,turkiye,creation,54,84,15,4
38,8,1,false,9,down_niche_empiricalbm,turkiye,creation,57,104,21,0
37,8,1,false,9,down_niche_empiricalbm,turkiye,creation,0,0,28,0
8,8,0,false,9,down_niche_empiricalbm,turkiye,creation,12,0,0,34
35,8,1,false,9,down_niche_empiricalbm,turkiye,creation,14,11,0,14
25,6,1,false,9,down_niche_empiricalbm,turkiye,creation,159,136,56,105
33,0,24,false,9,down_niche_empiricalbm,turkiye,creation,148,128,48,112
41,8,1,false,9,down_niche_empiricalbm,turkiye,creation,148,128,40,121
27,0,24,false,9,down_niche_empiricalbm,turkiye,creation,148,128,32,128
21,6,2,false,9,down_niche_empiricalbm,turkiye,creation,148,128,24,137
39,8,1,false,9,down_niche_empiricalbm,turkiye,creation,148,128,16,144
14,6,3,false,9,down_niche_empiricalbm,turkiye,creation,133,120,8,148
6,8,0,false,9,down_niche_empiricalbm,turkiye,creation,148,128,0,161
1,4,0,false,9,down_niche_empiricalbm,turkiye,creation,128,56,0,35
19,8,4,false,9,down_niche_empiricalbm,turkiye,creation,136,48,0,35
32,0,23,false,9,down_niche_empiricalbm,turkiye,creation,144,40,0,35
16,8,2,false,9,down_niche_empiricalbm,turkiye,creation,152,32,0,35
4,5,0,false,9,down_niche_empiricalbm,turkiye,creation,160,24,0,35
15,7,1,false,9,down_niche_empiricalbm,turkiye,creation,168,16,0,35
11,6,3,false,9,down_niche_empiricalbm,turkiye,creation,176,8,0,35
36,8,1,false,9,down_niche_empiricalbm,turkiye,creation,184,0,0,35
17,19,4,false,9,niche,turkiye,creation,17,0,10,0
20,2,7,false,9,niche,turkiye,creation,8,0,10,0
29,11,11,false,9,niche,turkiye,creation,49,8,148,0
34,2,13,false,9,niche,turkiye,creation,0,0,0,0
7,19,1,false,9,niche,turkiye,creation,27,4,6,0
2,6,1,false,9,niche,turkiye,creation,4,4,1,0
23,4,6,false,9,niche,turkiye,creation,45,27,87,0
40,0,6,false,9,niche,turkiye,creation,10,2,0,0
12,8,1,true,9,niche,turkiye,creation,0,0,0,0
18,9,4,false,9,niche,turkiye,creation,19,38,64,0
13,0,4,false,9,niche,turkiye,creation,0,8,10,0
9,15,1,false,9,niche,turkiye,creation,39,8,18,0
24,15,6,false,9,niche,turkiye,creation,1,0,0,8
10,15,1,false,9,niche,turkiye,creation,23,20,9,8
22,12,6,false,9,niche,turkiye,creation,47,18,32,21
26,0,7,false,9,niche,turkiye,creation,31,37,43,17
3,25,1,true,9,niche,turkiye,creation,0,0,0,0
5,5,1,false,9,niche,turkiye,creation,29,34,17,21
30,2,11,false,9,niche,turkiye,creation,10,0,0,52
31,3,11,false,9,niche,turkiye,creation,17,10,1,46
28,3,10,false,9,niche,turkiye,creation,29,30,25,37
38,0,5,false,9,niche,turkiye,creation,13,42,36,24
37,2,14,false,9,niche,turkiye,creation,14,28,6,41
8,1,1,true,9,niche,turkiye,creation,0,0,0,0
35,0,14,false,9,niche,turkiye,creation,13,23,10,45
25,6,6,false,9,niche,turkiye,creation,6,0,0,62
33,0,15,false,9,niche,turkiye,creation,11,17,3,50
41,0,4,false,9,niche,turkiye,creation,19,13,1,61
27,4,8,true,9,niche,turkiye,creation,0,0,0,0
21,9,6,false,9,niche,turkiye,creation,26,5,1,74
39,0,5,false,9,niche,turkiye,creation,23,18,3,57
14,6,4,false,9,niche,turkiye,creation,51,4,0,76
6,2,1,false,9,niche,turkiye,creation,56,0,0,75
1,6,1,false,9,niche,turkiye,creation,46,2,1,66
19,0,7,false,9,niche,turkiye,creation,53,0,0,68
32,2,14,false,9,niche,turkiye,creation,41,2,0,60
16,13,4,true,9,niche,turkiye,creation,0,0,0,0
4,0,1,false,9,niche,turkiye,creation,7,0,0,42
15,10,5,false,9,niche,turkiye,creation,7,0,0,42
11,6,1,false,9,niche,turkiye,creation,9,0,0,17
36,1,14,false,9,niche,turkiye,creation,4,0,0,14
17,8,1,false,9,down_niche,turkiye,creation,9,0,6,0
20,8,3,false,9,down_niche,turkiye,creation,8,2,6,0
29,0,24,false,9,down_niche,turkiye,creation,9,3,15,0
34,8,1,false,9,down_niche,turkiye,creation,1,4,8,0
7,8,3,true,9,down_niche,turkiye,creation,0,0,0,0
2,4,0,false,9,down_niche,turkiye,creation,184,0,28,0
23,8,0,false,9,down_niche,turkiye,creation,175,10,39,3
40,8,1,false,9,down_niche,turkiye,creation,168,16,28,0
12,8,3,false,9,down_niche,turkiye,creation,159,26,37,5
18,8,4,false,9,down_niche,turkiye,creation,155,35,34,13
13,7,1,false,9,down_niche,turkiye,creation,108,31,17,7
9,8,3,false,9,down_niche,turkiye,creation,139,48,33,11
24,9,1,false,9,down_niche,turkiye,creation,114,47,21,0
10,8,4,false,9,down_niche,turkiye,creation,93,46,15,9
22,7,1,false,9,down_niche,turkiye,creation,103,58,21,0
26,0,25,false,9,down_niche,turkiye,creation,110,75,32,7
3,6,0,false,9,down_niche,turkiye,creation,102,82,28,0
5,8,1,false,9,down_niche,turkiye,creation,97,92,31,14
30,0,24,false,9,down_niche,turkiye,creation,86,101,30,17
31,0,24,false,9,down_niche,turkiye,creation,77,108,28,16
28,0,24,false,9,down_niche,turkiye,creation,54,84,15,4
38,8,1,false,9,down_niche,turkiye,creation,57,104,21,0
37,8,1,false,9,down_niche,turkiye,creation,0,0,28,0
8,8,0,false,9,down_niche,turkiye,creation,12,0,0,34
35,8,1,false,9,down_niche,turkiye,creation,14,11,0,14
25,6,1,false,9,down_niche,turkiye,creation,159,136,56,105
33,0,24,false,9,down_niche,turkiye,creation,148,128,48,112
41,8,1,false,9,down_niche,turkiye,creation,148,128,40,121
27,0,24,false,9,down_niche,turkiye,creation,148,128,32,128
21,6,2,false,9,down_niche,turkiye,creation,148,128,24,137
39,8,1,false,9,down_niche,turkiye,creation,148,128,16,144
14,6,3,false,9,down_niche,turkiye,creation,133,120,8,148
6,8,0,false,9,down_niche,turkiye,creation,148,128,0,161
1,4,0,false,9,down_niche,turkiye,creation,128,56,0,35
19,8,4,false,9,down_niche,turkiye,creation,136,48,0,35
32,0,23,false,9,down_niche,turkiye,creation,144,40,0,35
16,8,2,false,9,down_niche,turkiye,creation,152,32,0,35
4,5,0,false,9,down_niche,turkiye,creation,160,24,0,35
15,7,1,false,9,down_niche,turkiye,creation,168,16,0,35
11,6,3,false,9,down_niche,turkiye,creation,176,8,0,35
36,8,1,false,9,down_niche,turkiye,creation,184,0,0,35
17,8,9,false,9,atn_empiricalbm,turkiye,creation,139,0,39,0
20,6,0,false,9,atn_empiricalbm,turkiye,creation,129,10,39,0
29,0,21,false,9,atn_empiricalbm,turkiye,creation,119,20,39,0
34,0,4,false,9,atn_empiricalbm,turkiye,creation,109,30,39,0
7,8,0,false,9,atn_empiricalbm,turkiye,creation,104,16,13,0
2,10,0,false,9,atn_empiricalbm,turkiye,creation,114,30,22,0
23,8,0,false,9,atn_empiricalbm,turkiye,creation,106,38,22,0
40,8,10,false,9,atn_empiricalbm,turkiye,creation,83,56,39,0
12,7,0,false,9,atn_empiricalbm,turkiye,creation,95,72,48,0
18,12,0,false,9,atn_empiricalbm,turkiye,creation,85,78,41,0
13,6,14,false,9,atn_empiricalbm,turkiye,creation,78,30,13,0
9,12,0,false,9,atn_empiricalbm,turkiye,creation,70,63,17,0
24,10,0,false,9,atn_empiricalbm,turkiye,creation,98,53,50,72
10,11,0,false,9,atn_empiricalbm,turkiye,creation,61,72,17,0
22,6,16,false,9,atn_empiricalbm,turkiye,creation,84,53,40,51
26,0,4,false,9,atn_empiricalbm,turkiye,creation,54,54,13,0
3,10,0,false,9,atn_empiricalbm,turkiye,creation,64,68,37,48
5,6,0,false,9,atn_empiricalbm,turkiye,creation,64,103,28,20
30,0,25,false,9,atn_empiricalbm,turkiye,creation,45,99,17,5
31,0,18,false,9,atn_empiricalbm,turkiye,creation,34,74,13,0
28,0,12,false,9,atn_empiricalbm,turkiye,creation,28,80,13,0
38,6,25,false,9,atn_empiricalbm,turkiye,creation,101,75,29,101
37,4,21,false,9,atn_empiricalbm,turkiye,creation,42,102,13,9
8,10,0,false,9,atn_empiricalbm,turkiye,creation,51,88,13,26
35,0,8,false,9,atn_empiricalbm,turkiye,creation,49,90,13,26
25,10,0,false,9,atn_empiricalbm,turkiye,creation,3,0,13,0
33,0,0,false,9,atn_empiricalbm,turkiye,creation,9,10,16,21
41,8,0,false,9,atn_empiricalbm,turkiye,creation,31,26,18,43
27,0,8,false,9,atn_empiricalbm,turkiye,creation,134,41,14,93
21,6,0,false,9,atn_empiricalbm,turkiye,creation,235,36,9,150
39,8,18,false,9,atn_empiricalbm,turkiye,creation,136,17,4,143
14,7,0,false,9,atn_empiricalbm,turkiye,creation,45,0,0,95
6,8,0,false,9,atn_empiricalbm,turkiye,creation,0,0,0,0
1,10,0,false,9,atn_empiricalbm,turkiye,creation,3,0,3,10
19,8,0,false,9,atn_empiricalbm,turkiye,creation,9,10,3,34
32,0,10,false,9,atn_empiricalbm,turkiye,creation,31,28,3,55
16,6,0,false,9,atn_empiricalbm,turkiye,creation,136,45,2,97
4,10,0,false,9,atn_empiricalbm,turkiye,creation,247,42,1,149
15,8,10,false,9,atn_empiricalbm,turkiye,creation,182,23,0,145
11,6,0,false,9,atn_empiricalbm,turkiye,creation,131,6,0,91
36,2,12,false,9,atn_empiricalbm,turkiye,creation,138,0,0,22
17,8,1,true,9,metaweb_empiricalbm,turkiye,creation,0,0,0,0
20,8,7,true,9,metaweb_empiricalbm,turkiye,creation,0,0,0,0
29,0,27,true,9,metaweb_empiricalbm,turkiye,creation,0,0,0,0
34,8,1,true,9,metaweb_empiricalbm,turkiye,creation,0,0,0,0
7,8,6,true,9,metaweb_empiricalbm,turkiye,creation,0,0,0,0
2,19,3,false,9,metaweb_empiricalbm,turkiye,creation,192,0,28,0
23,8,6,false,9,metaweb_empiricalbm,turkiye,creation,184,8,28,0
40,8,1,false,9,metaweb_empiricalbm,turkiye,creation,176,16,28,0
12,8,7,false,9,metaweb_empiricalbm,turkiye,creation,168,24,28,0
18,8,6,false,9,metaweb_empiricalbm,turkiye,creation,160,32,28,0
13,8,1,false,9,metaweb_empiricalbm,turkiye,creation,152,40,28,0
9,8,6,false,9,metaweb_empiricalbm,turkiye,creation,144,48,28,0
24,24,6,false,9,metaweb_empiricalbm,turkiye,creation,136,56,28,0
10,8,6,false,9,metaweb_empiricalbm,turkiye,creation,128,64,28,0
22,8,1,false,9,metaweb_empiricalbm,turkiye,creation,120,72,28,0
26,0,27,false,9,metaweb_empiricalbm,turkiye,creation,112,80,28,0
3,19,3,false,9,metaweb_empiricalbm,turkiye,creation,104,88,28,0
5,11,7,false,9,metaweb_empiricalbm,turkiye,creation,96,96,28,0
30,0,27,false,9,metaweb_empiricalbm,turkiye,creation,88,104,28,0
31,0,27,false,9,metaweb_empiricalbm,turkiye,creation,80,112,28,0
28,0,27,false,9,metaweb_empiricalbm,turkiye,creation,72,120,28,0
38,8,1,false,9,metaweb_empiricalbm,turkiye,creation,64,128,28,0
37,8,1,false,9,metaweb_empiricalbm,turkiye,creation,0,0,28,0
8,8,0,true,9,metaweb_empiricalbm,turkiye,creation,0,0,0,0
35,8,1,true,9,metaweb_empiricalbm,turkiye,creation,0,0,0,0
25,24,6,false,9,metaweb_empiricalbm,turkiye,creation,164,136,56,119
33,0,27,false,9,metaweb_empiricalbm,turkiye,creation,164,136,48,127
41,8,1,false,9,metaweb_empiricalbm,turkiye,creation,164,136,40,135
27,0,27,false,9,metaweb_empiricalbm,turkiye,creation,164,136,32,143
21,8,7,false,9,metaweb_empiricalbm,turkiye,creation,164,136,24,151
39,8,1,false,9,metaweb_empiricalbm,turkiye,creation,164,136,16,159
14,8,7,false,9,metaweb_empiricalbm,turkiye,creation,164,136,8,167
6,8,0,false,9,metaweb_empiricalbm,turkiye,creation,164,136,0,175
1,19,3,false,9,metaweb_empiricalbm,turkiye,creation,136,56,0,35
19,8,6,false,9,metaweb_empiricalbm,turkiye,creation,144,48,0,35
32,0,27,false,9,metaweb_empiricalbm,turkiye,creation,152,40,0,35
16,8,7,false,9,metaweb_empiricalbm,turkiye,creation,160,32,0,35
4,16,6,false,9,metaweb_empiricalbm,turkiye,creation,168,24,0,35
15,8,1,false,9,metaweb_empiricalbm,turkiye,creation,176,16,0,35
11,8,7,false,9,metaweb_empiricalbm,turkiye,creation,184,8,0,35
36,8,1,false,9,metaweb_empiricalbm,turkiye,creation,192,0,0,35
17,8,9,false,9,atn,turkiye,creation,139,0,39,0
20,6,0,false,9,atn,turkiye,creation,129,10,39,0
29,0,21,false,9,atn,turkiye,creation,119,20,39,0
34,0,4,false,9,atn,turkiye,creation,109,30,39,0
7,8,0,false,9,atn,turkiye,creation,104,16,13,0
2,10,0,false,9,atn,turkiye,creation,114,30,22,0
23,8,0,false,9,atn,turkiye,creation,106,38,22,0
40,8,10,false,9,atn,turkiye,creation,83,56,39,0
12,7,0,false,9,atn,turkiye,creation,95,72,48,0
18,12,0,false,9,atn,turkiye,creation,85,78,41,0
13,6,14,false,9,atn,turkiye,creation,78,30,13,0
9,12,0,false,9,atn,turkiye,creation,70,63,17,0
24,10,0,false,9,atn,turkiye,creation,98,53,50,72
10,11,0,false,9,atn,turkiye,creation,61,72,17,0
22,6,16,false,9,atn,turkiye,creation,84,53,40,51
26,0,4,false,9,atn,turkiye,creation,54,54,13,0
3,10,0,false,9,atn,turkiye,creation,64,68,37,48
5,6,0,false,9,atn,turkiye,creation,64,103,28,20
30,0,25,false,9,atn,turkiye,creation,45,99,17,5
31,0,18,false,9,atn,turkiye,creation,34,74,13,0
28,0,12,false,9,atn,turkiye,creation,28,80,13,0
38,6,25,false,9,atn,turkiye,creation,101,75,29,101
37,4,21,false,9,atn,turkiye,creation,42,102,13,9
8,10,0,false,9,atn,turkiye,creation,51,88,13,26
35,0,8,false,9,atn,turkiye,creation,49,90,13,26
25,10,0,false,9,atn,turkiye,creation,3,0,13,0
33,0,0,false,9,atn,turkiye,creation,9,10,16,21
41,8,0,false,9,atn,turkiye,creation,31,26,18,43
27,0,8,false,9,atn,turkiye,creation,134,41,14,93
21,6,0,false,9,atn,turkiye,creation,235,36,9,150
39,8,18,false,9,atn,turkiye,creation,136,17,4,143
14,7,0,false,9,atn,turkiye,creation,45,0,0,95
6,8,0,false,9,atn,turkiye,creation,0,0,0,0
1,10,0,false,9,atn,turkiye,creation,3,0,3,10
19,8,0,false,9,atn,turkiye,creation,9,10,3,34
32,0,10,false,9,atn,turkiye,creation,31,28,3,55
16,6,0,false,9,atn,turkiye,creation,136,45,2,97
4,10,0,false,9,atn,turkiye,creation,247,42,1,149
15,8,10,false,9,atn,turkiye,creation,182,23,0,145
11,6,0,false,9,atn,turkiye,creation,131,6,0,91
36,2,12,false,9,atn,turkiye,creation,138,0,0,22
17,8,0,false,9,metaweb,turkiye,burnin,192,0,28,0
20,0,25,false,9,metaweb,turkiye,burnin,184,8,28,0
29,8,0,false,9,metaweb,turkiye,burnin,176,16,28,0
7,8,0,false,9,metaweb,turkiye,burnin,168,24,28,0
2,8,0,false,9,metaweb,turkiye,burnin,160,32,28,0
23,0,25,false,9,metaweb,turkiye,burnin,152,40,28,0
12,8,0,false,9,metaweb,turkiye,burnin,144,48,28,0
18,0,25,false,9,metaweb,turkiye,burnin,136,56,28,0
13,8,0,false,9,metaweb,turkiye,burnin,128,64,28,0
9,8,0,false,9,metaweb,turkiye,burnin,120,72,28,0
24,0,25,false,9,metaweb,turkiye,burnin,112,80,28,0
10,8,0,false,9,metaweb,turkiye,burnin,104,88,28,0
22,0,25,false,9,metaweb,turkiye,burnin,96,96,28,0
26,8,0,false,9,metaweb,turkiye,burnin,88,104,28,0
3,8,0,false,9,metaweb,turkiye,burnin,80,112,28,0
5,8,0,false,9,metaweb,turkiye,burnin,72,120,28,0
30,8,0,false,9,metaweb,turkiye,burnin,64,128,28,0
31,8,0,false,9,metaweb,turkiye,burnin,164,136,56,119
28,8,0,false,9,metaweb,turkiye,burnin,164,136,48,127
8,8,0,false,9,metaweb,turkiye,burnin,164,136,40,135
25,0,25,false,9,metaweb,turkiye,burnin,164,136,32,143
33,8,0,false,9,metaweb,turkiye,burnin,164,136,24,151
27,8,0,false,9,metaweb,turkiye,burnin,164,136,16,159
21,0,25,false,9,metaweb,turkiye,burnin,164,136,8,167
14,8,0,false,9,metaweb,turkiye,burnin,164,136,0,175
6,8,0,false,9,metaweb,turkiye,burnin,136,56,0,28
1,8,0,false,9,metaweb,turkiye,burnin,144,48,0,28
19,0,25,false,9,metaweb,turkiye,burnin,152,40,0,28
32,8,0,false,9,metaweb,turkiye,burnin,160,32,0,28
16,8,0,false,9,metaweb,turkiye,burnin,168,24,0,28
4,8,0,false,9,metaweb,turkiye,burnin,176,16,0,28
15,8,0,false,9,metaweb,turkiye,burnin,184,8,0,28
11,8,0,false,9,metaweb,turkiye,burnin,192,0,0,28
9,8,0,false,9,down_niche_empiricalbm,turkiye,burnin,0,0,7,0
6,0,1,false,9,down_niche_empiricalbm,turkiye,burnin,0,0,6,1
1,0,1,false,9,down_niche_empiricalbm,turkiye,burnin,0,0,5,2
8,0,1,false,9,down_niche_empiricalbm,turkiye,burnin,0,0,4,3
7,0,1,false,9,down_niche_empiricalbm,turkiye,burnin,0,0,3,4
2,0,1,false,9,down_niche_empiricalbm,turkiye,burnin,0,0,2,5
4,0,1,false,9,down_niche_empiricalbm,turkiye,burnin,0,0,1,6
3,0,1,false,9,down_niche_empiricalbm,turkiye,burnin,0,0,0,7
5,0,1,false,9,down_niche_empiricalbm,turkiye,burnin,0,0,0,28
17,18,4,false,9,niche,turkiye,burnin,13,0,6,0
20,7,6,false,9,niche,turkiye,burnin,8,0,10,0
29,2,11,false,9,niche,turkiye,burnin,42,7,118,0
34,1,12,false,9,niche,turkiye,burnin,0,0,0,0
7,16,1,false,9,niche,turkiye,burnin,17,3,3,0
2,6,1,false,9,niche,turkiye,burnin,2,2,0,0
23,13,6,false,9,niche,turkiye,burnin,39,22,64,0
12,7,1,false,9,niche,turkiye,burnin,9,2,0,0
18,7,4,true,9,niche,turkiye,burnin,0,0,0,0
13,0,4,false,9,niche,turkiye,burnin,15,31,46,0
9,15,1,false,9,niche,turkiye,burnin,0,8,10,0
24,5,6,false,9,niche,turkiye,burnin,38,8,18,0
10,13,1,false,9,niche,turkiye,burnin,1,0,0,8
22,3,6,false,9,niche,turkiye,burnin,15,16,5,8
26,3,8,false,9,niche,turkiye,burnin,40,14,25,20
3,22,1,false,9,niche,turkiye,burnin,25,32,34,16
5,4,1,true,9,niche,turkiye,burnin,0,0,0,0
30,3,11,false,9,niche,turkiye,burnin,24,28,12,20
31,0,14,false,9,niche,turkiye,burnin,10,0,0,44
28,9,11,false,9,niche,turkiye,burnin,27,23,19,33
38,0,4,false,9,niche,turkiye,burnin,12,34,28,20
37,0,6,false,9,niche,turkiye,burnin,14,19,3,37
8,1,1,true,9,niche,turkiye,burnin,0,0,0,0
35,0,5,false,9,niche,turkiye,burnin,12,23,10,38
25,0,7,false,9,niche,turkiye,burnin,6,0,0,54
33,0,14,false,9,niche,turkiye,burnin,10,17,3,42
27,2,10,false,9,niche,turkiye,burnin,18,13,1,51
21,10,6,true,9,niche,turkiye,burnin,0,0,0,0
14,5,4,false,9,niche,turkiye,burnin,26,5,1,63
6,1,1,false,9,niche,turkiye,burnin,23,17,3,46
1,5,1,false,9,niche,turkiye,burnin,47,0,0,64
19,0,7,false,9,niche,turkiye,burnin,46,2,1,56
32,2,13,false,9,niche,turkiye,burnin,53,0,0,58
16,11,4,false,9,niche,turkiye,burnin,37,2,0,58
4,0,1,false,9,niche,turkiye,burnin,7,0,0,38
15,8,5,false,9,niche,turkiye,burnin,7,0,0,38
11,6,1,false,9,niche,turkiye,burnin,9,0,0,15
36,0,5,false,9,niche,turkiye,burnin,4,0,0,13
17,7,0,false,9,down_niche,turkiye,burnin,183,0,28,0
20,0,24,false,9,down_niche,turkiye,burnin,175,8,28,0
29,8,0,false,9,down_niche,turkiye,burnin,167,16,28,0
7,8,0,false,9,down_niche,turkiye,burnin,159,24,28,0
2,8,0,false,9,down_niche,turkiye,burnin,151,32,28,0
23,0,24,false,9,down_niche,turkiye,burnin,108,30,15,0
12,8,0,false,9,down_niche,turkiye,burnin,137,46,28,0
18,0,24,false,9,down_niche,turkiye,burnin,113,47,21,0
13,8,0,false,9,down_niche,turkiye,burnin,92,46,15,0
9,6,0,false,9,down_niche,turkiye,burnin,102,58,21,0
24,0,23,false,9,down_niche,turkiye,burnin,109,74,28,0
10,7,0,false,9,down_niche,turkiye,burnin,101,82,28,0
22,0,24,false,9,down_niche,turkiye,burnin,93,90,28,0
26,8,0,false,9,down_niche,turkiye,burnin,85,98,28,0
3,8,0,false,9,down_niche,turkiye,burnin,77,106,28,0
5,8,0,false,9,down_niche,turkiye,burnin,53,84,15,0
30,8,0,false,9,down_niche,turkiye,burnin,56,104,21,0
31,8,0,false,9,down_niche,turkiye,burnin,148,128,56,105
28,8,0,false,9,down_niche,turkiye,burnin,148,128,48,112
8,7,0,false,9,down_niche,turkiye,burnin,148,128,40,121
25,0,24,false,9,down_niche,turkiye,burnin,148,128,32,128
33,8,0,false,9,down_niche,turkiye,burnin,148,128,24,137
27,8,0,false,9,down_niche,turkiye,burnin,148,128,16,144
21,0,24,false,9,down_niche,turkiye,burnin,133,120,8,148
14,8,0,false,9,down_niche,turkiye,burnin,148,128,0,161
6,6,0,false,9,down_niche,turkiye,burnin,127,56,0,28
1,8,0,false,9,down_niche,turkiye,burnin,135,48,0,28
19,0,24,false,9,down_niche,turkiye,burnin,143,40,0,28
32,8,0,false,9,down_niche,turkiye,burnin,151,32,0,28
16,6,0,false,9,down_niche,turkiye,burnin,159,24,0,28
4,8,0,false,9,down_niche,turkiye,burnin,167,16,0,28
15,8,0,false,9,down_niche,turkiye,burnin,175,8,0,28
11,8,0,false,9,down_niche,turkiye,burnin,183,0,0,28
6,0,5,false,9,atn_empiricalbm,turkiye,burnin,12,0,3,0
1,3,0,false,9,atn_empiricalbm,turkiye,burnin,9,3,3,0
8,0,5,false,9,atn_empiricalbm,turkiye,burnin,6,6,3,0
7,0,5,false,9,atn_empiricalbm,turkiye,burnin,3,9,3,0
2,3,0,false,9,atn_empiricalbm,turkiye,burnin,0,12,3,0
4,3,0,false,9,atn_empiricalbm,turkiye,burnin,10,0,0,10
3,3,0,false,9,atn_empiricalbm,turkiye,burnin,10,0,0,10
5,3,0,false,9,atn_empiricalbm,turkiye,burnin,10,0,0,10
9,8,0,false,9,metaweb_empiricalbm,turkiye,burnin,0,0,7,0
6,0,1,false,9,metaweb_empiricalbm,turkiye,burnin,0,0,6,1
1,0,1,false,9,metaweb_empiricalbm,turkiye,burnin,0,0,5,2
8,0,1,false,9,metaweb_empiricalbm,turkiye,burnin,0,0,4,3
7,0,1,false,9,metaweb_empiricalbm,turkiye,burnin,0,0,3,4
2,0,1,false,9,metaweb_empiricalbm,turkiye,burnin,0,0,2,5
4,0,1,false,9,metaweb_empiricalbm,turkiye,burnin,0,0,1,6
3,0,1,false,9,metaweb_empiricalbm,turkiye,burnin,0,0,0,7
5,0,1,false,9,metaweb_empiricalbm,turkiye,burnin,0,0,0,28
17,10,0,false,9,atn,turkiye,burnin,101,0,39,0
20,0,8,false,9,atn,turkiye,burnin,91,10,39,0
29,4,14,false,9,atn,turkiye,burnin,81,20,39,0
7,11,0,false,9,atn,turkiye,burnin,71,30,39,0
2,10,0,false,9,atn,turkiye,burnin,61,40,39,0
23,0,18,false,9,atn,turkiye,burnin,65,50,48,0
12,8,9,false,9,atn,turkiye,burnin,55,56,41,0
18,10,0,false,9,atn,turkiye,burnin,62,18,13,0
13,12,0,false,9,atn,turkiye,burnin,74,25,40,62
9,6,10,false,9,atn,turkiye,burnin,76,33,40,51
24,0,11,false,9,atn,turkiye,burnin,46,34,13,0
10,8,10,false,9,atn,turkiye,burnin,56,48,37,48
22,0,14,false,9,atn,turkiye,burnin,48,67,28,20
26,0,4,false,9,atn,turkiye,burnin,30,50,13,0
3,10,0,false,9,atn,turkiye,burnin,24,56,13,0
5,10,0,false,9,atn,turkiye,burnin,49,50,25,77
30,6,18,false,9,atn,turkiye,burnin,41,60,13,26
31,8,11,false,9,atn,turkiye,burnin,39,62,13,26
28,2,12,false,9,atn,turkiye,burnin,3,0,13,0
8,6,0,false,9,atn,turkiye,burnin,9,10,16,21
25,0,10,false,9,atn,turkiye,burnin,31,26,18,43
33,8,0,false,9,atn,turkiye,burnin,46,27,14,65
27,0,8,false,9,atn,turkiye,burnin,102,22,9,105
21,0,12,false,9,atn,turkiye,burnin,45,10,4,98
14,6,0,false,9,atn,turkiye,burnin,45,0,0,95
6,12,0,false,9,atn,turkiye,burnin,3,0,3,10
1,10,0,false,9,atn,turkiye,burnin,9,10,3,34
19,0,4,false,9,atn,turkiye,burnin,31,28,3,55
32,8,10,false,9,atn,turkiye,burnin,48,31,2,69
16,6,10,false,9,atn,turkiye,burnin,114,28,1,104
4,10,0,false,9,atn,turkiye,burnin,91,16,0,114
15,6,0,false,9,atn,turkiye,burnin,103,6,0,91
11,6,0,false,9,atn,turkiye,burnin,96,0,0,22
17,8,1,true,10,metaweb,turkiye,creation,0,0,0,0
20,8,7,true,10,metaweb,turkiye,creation,0,0,0,0
29,0,27,true,10,metaweb,turkiye,creation,0,0,0,0
34,8,1,true,10,metaweb,turkiye,creation,0,0,0,0
7,8,6,true,10,metaweb,turkiye,creation,0,0,0,0
2,19,3,false,10,metaweb,turkiye,creation,192,0,28,0
23,8,6,false,10,metaweb,turkiye,creation,184,8,28,0
40,8,1,false,10,metaweb,turkiye,creation,176,16,28,0
12,8,7,false,10,metaweb,turkiye,creation,168,24,28,0
18,8,6,false,10,metaweb,turkiye,creation,160,32,28,0
13,8,1,false,10,metaweb,turkiye,creation,152,40,28,0
9,8,6,false,10,metaweb,turkiye,creation,144,48,28,0
24,24,6,false,10,metaweb,turkiye,creation,136,56,28,0
10,8,6,false,10,metaweb,turkiye,creation,128,64,28,0
22,8,1,false,10,metaweb,turkiye,creation,120,72,28,0
26,0,27,false,10,metaweb,turkiye,creation,112,80,28,0
3,19,3,false,10,metaweb,turkiye,creation,104,88,28,0
5,11,7,false,10,metaweb,turkiye,creation,96,96,28,0
30,0,27,false,10,metaweb,turkiye,creation,88,104,28,0
31,0,27,false,10,metaweb,turkiye,creation,80,112,28,0
28,0,27,false,10,metaweb,turkiye,creation,72,120,28,0
38,8,1,false,10,metaweb,turkiye,creation,64,128,28,0
37,8,1,false,10,metaweb,turkiye,creation,0,0,28,0
8,8,0,true,10,metaweb,turkiye,creation,0,0,0,0
35,8,1,true,10,metaweb,turkiye,creation,0,0,0,0
25,24,6,false,10,metaweb,turkiye,creation,164,136,56,119
33,0,27,false,10,metaweb,turkiye,creation,164,136,48,127
41,8,1,false,10,metaweb,turkiye,creation,164,136,40,135
27,0,27,false,10,metaweb,turkiye,creation,164,136,32,143
21,8,7,false,10,metaweb,turkiye,creation,164,136,24,151
39,8,1,false,10,metaweb,turkiye,creation,164,136,16,159
14,8,7,false,10,metaweb,turkiye,creation,164,136,8,167
6,8,0,false,10,metaweb,turkiye,creation,164,136,0,175
1,19,3,false,10,metaweb,turkiye,creation,136,56,0,35
19,8,6,false,10,metaweb,turkiye,creation,144,48,0,35
32,0,27,false,10,metaweb,turkiye,creation,152,40,0,35
16,8,7,false,10,metaweb,turkiye,creation,160,32,0,35
4,16,6,false,10,metaweb,turkiye,creation,168,24,0,35
15,8,1,false,10,metaweb,turkiye,creation,176,16,0,35
11,8,7,false,10,metaweb,turkiye,creation,184,8,0,35
36,8,1,false,10,metaweb,turkiye,creation,192,0,0,35
17,5,0,false,10,down_niche_empiricalbm,turkiye,creation,17,0,15,0
20,6,4,false,10,down_niche_empiricalbm,turkiye,creation,14,4,21,0
29,0,23,false,10,down_niche_empiricalbm,turkiye,creation,12,10,36,0
34,6,1,false,10,down_niche_empiricalbm,turkiye,creation,2,11,16,0
7,7,4,false,10,down_niche_empiricalbm,turkiye,creation,0,9,22,1
2,7,0,false,10,down_niche_empiricalbm,turkiye,creation,134,0,15,0
23,8,2,false,10,down_niche_empiricalbm,turkiye,creation,142,6,21,19
40,6,1,false,10,down_niche_empiricalbm,turkiye,creation,122,12,15,0
12,5,7,false,10,down_niche_empiricalbm,turkiye,creation,98,17,17,16
18,6,3,false,10,down_niche_empiricalbm,turkiye,creation,96,21,20,17
13,5,1,false,10,down_niche_empiricalbm,turkiye,creation,120,30,28,10
9,5,4,false,10,down_niche_empiricalbm,turkiye,creation,94,31,15,30
24,13,2,false,10,down_niche_empiricalbm,turkiye,creation,81,32,10,5
10,6,4,false,10,down_niche_empiricalbm,turkiye,creation,91,45,19,16
22,5,1,false,10,down_niche_empiricalbm,turkiye,creation,95,54,28,5
26,0,5,false,10,down_niche_empiricalbm,turkiye,creation,88,56,15,28
3,9,0,false,10,down_niche_empiricalbm,turkiye,creation,56,45,10,0
5,6,1,false,10,down_niche_empiricalbm,turkiye,creation,68,67,18,14
30,0,24,false,10,down_niche_empiricalbm,turkiye,creation,72,78,23,23
31,0,24,false,10,down_niche_empiricalbm,turkiye,creation,57,70,15,15
28,0,22,false,10,down_niche_empiricalbm,turkiye,creation,58,92,28,14
38,7,1,false,10,down_niche_empiricalbm,turkiye,creation,38,73,10,5
37,7,1,false,10,down_niche_empiricalbm,turkiye,creation,0,0,29,8
8,6,0,true,10,down_niche_empiricalbm,turkiye,creation,0,0,0,0
35,6,1,false,10,down_niche_empiricalbm,turkiye,creation,11,3,0,40
25,10,0,false,10,down_niche_empiricalbm,turkiye,creation,9,0,0,34
33,0,24,false,10,down_niche_empiricalbm,turkiye,creation,31,35,28,42
41,6,1,false,10,down_niche_empiricalbm,turkiye,creation,126,105,34,83
27,0,12,false,10,down_niche_empiricalbm,turkiye,creation,133,120,31,92
21,8,3,false,10,down_niche_empiricalbm,turkiye,creation,148,128,23,103
39,6,1,false,10,down_niche_empiricalbm,turkiye,creation,148,128,15,112
14,6,4,false,10,down_niche_empiricalbm,turkiye,creation,133,120,7,116
6,6,0,false,10,down_niche_empiricalbm,turkiye,creation,157,119,0,126
1,6,0,false,10,down_niche_empiricalbm,turkiye,creation,84,38,0,22
19,7,5,false,10,down_niche_empiricalbm,turkiye,creation,99,35,0,22
32,0,23,false,10,down_niche_empiricalbm,turkiye,creation,113,32,0,28
16,6,6,false,10,down_niche_empiricalbm,turkiye,creation,120,25,0,28
4,6,1,false,10,down_niche_empiricalbm,turkiye,creation,127,18,0,28
15,8,1,false,10,down_niche_empiricalbm,turkiye,creation,123,11,0,22
11,8,3,false,10,down_niche_empiricalbm,turkiye,creation,129,5,0,22
36,7,1,false,10,down_niche_empiricalbm,turkiye,creation,124,0,0,22
17,1,8,false,10,niche,turkiye,creation,35,0,52,0
20,8,12,false,10,niche,turkiye,creation,7,1,0,0
29,4,10,true,10,niche,turkiye,creation,0,0,0,0
34,2,6,false,10,niche,turkiye,creation,15,4,3,0
7,1,1,false,10,niche,turkiye,creation,17,7,10,0
2,3,1,false,10,niche,turkiye,creation,11,13,16,0
23,1,9,false,10,niche,turkiye,creation,6,0,0,0
40,1,3,false,10,niche,turkiye,creation,10,9,6,0
12,2,1,false,10,niche,turkiye,creation,0,0,0,0
18,7,8,false,10,niche,turkiye,creation,7,28,85,0
13,1,2,false,10,niche,turkiye,creation,0,24,10,0
9,0,1,false,10,niche,turkiye,creation,3,2,0,0
24,5,7,false,10,niche,turkiye,creation,0,0,0,6
10,20,1,true,10,niche,turkiye,creation,0,0,0,0
22,12,11,false,10,niche,turkiye,creation,3,4,3,7
26,11,5,false,10,niche,turkiye,creation,7,0,0,15
3,22,1,false,10,niche,turkiye,creation,13,2,0,39
5,8,1,false,10,niche,turkiye,creation,12,9,10,25
30,3,11,false,10,niche,turkiye,creation,18,0,0,39
31,4,12,false,10,niche,turkiye,creation,52,2,15,38
28,10,6,true,10,niche,turkiye,creation,0,0,0,0
38,1,5,true,10,niche,turkiye,creation,0,0,0,0
37,0,5,false,10,niche,turkiye,creation,15,1,0,30
8,6,1,false,10,niche,turkiye,creation,19,5,9,27
35,0,6,false,10,niche,turkiye,creation,12,1,0,31
25,2,7,false,10,niche,turkiye,creation,15,17,30,18
33,2,7,false,10,niche,turkiye,creation,6,15,9,22
41,0,5,false,10,niche,turkiye,creation,1,30,30,16
27,5,5,true,10,niche,turkiye,creation,0,0,0,0
21,13,12,false,10,niche,turkiye,creation,10,3,0,37
39,2,7,true,10,niche,turkiye,creation,0,0,0,0
14,19,5,false,10,niche,turkiye,creation,9,0,0,41
6,8,1,false,10,niche,turkiye,creation,16,1,1,32
1,16,1,false,10,niche,turkiye,creation,10,5,0,35
19,4,9,false,10,niche,turkiye,creation,10,0,0,39
32,0,11,false,10,niche,turkiye,creation,12,3,0,39
16,1,6,false,10,niche,turkiye,creation,6,0,0,21
4,5,1,false,10,niche,turkiye,creation,6,2,0,11
15,3,5,false,10,niche,turkiye,creation,13,3,0,10
11,8,1,false,10,niche,turkiye,creation,2,1,0,0
36,2,6,false,10,niche,turkiye,creation,6,0,0,0
17,5,0,false,10,down_niche,turkiye,creation,17,0,15,0
20,6,4,false,10,down_niche,turkiye,creation,14,4,21,0
29,0,23,false,10,down_niche,turkiye,creation,12,10,36,0
34,6,1,false,10,down_niche,turkiye,creation,2,11,16,0
7,7,4,false,10,down_niche,turkiye,creation,0,9,22,1
2,7,0,false,10,down_niche,turkiye,creation,134,0,15,0
23,8,2,false,10,down_niche,turkiye,creation,142,6,21,19
40,6,1,false,10,down_niche,turkiye,creation,122,12,15,0
12,5,7,false,10,down_niche,turkiye,creation,98,17,17,16
18,6,3,false,10,down_niche,turkiye,creation,96,21,20,17
13,5,1,false,10,down_niche,turkiye,creation,120,30,28,10
9,5,4,false,10,down_niche,turkiye,creation,94,31,15,30
24,13,2,false,10,down_niche,turkiye,creation,81,32,10,5
10,6,4,false,10,down_niche,turkiye,creation,91,45,19,16
22,5,1,false,10,down_niche,turkiye,creation,95,54,28,5
26,0,5,false,10,down_niche,turkiye,creation,88,56,15,28
3,9,0,false,10,down_niche,turkiye,creation,56,45,10,0
5,6,1,false,10,down_niche,turkiye,creation,68,67,18,14
30,0,24,false,10,down_niche,turkiye,creation,72,78,23,23
31,0,24,false,10,down_niche,turkiye,creation,57,70,15,15
28,0,22,false,10,down_niche,turkiye,creation,58,92,28,14
38,7,1,false,10,down_niche,turkiye,creation,38,73,10,5
37,7,1,false,10,down_niche,turkiye,creation,0,0,29,8
8,6,0,true,10,down_niche,turkiye,creation,0,0,0,0
35,6,1,false,10,down_niche,turkiye,creation,11,3,0,40
25,10,0,false,10,down_niche,turkiye,creation,9,0,0,34
33,0,24,false,10,down_niche,turkiye,creation,31,35,28,42
41,6,1,false,10,down_niche,turkiye,creation,126,105,34,83
27,0,12,false,10,down_niche,turkiye,creation,133,120,31,92
21,8,3,false,10,down_niche,turkiye,creation,148,128,23,103
39,6,1,false,10,down_niche,turkiye,creation,148,128,15,112
14,6,4,false,10,down_niche,turkiye,creation,133,120,7,116
6,6,0,false,10,down_niche,turkiye,creation,157,119,0,126
1,6,0,false,10,down_niche,turkiye,creation,84,38,0,22
19,7,5,false,10,down_niche,turkiye,creation,99,35,0,22
32,0,23,false,10,down_niche,turkiye,creation,113,32,0,28
16,6,6,false,10,down_niche,turkiye,creation,120,25,0,28
4,6,1,false,10,down_niche,turkiye,creation,127,18,0,28
15,8,1,false,10,down_niche,turkiye,creation,123,11,0,22
11,8,3,false,10,down_niche,turkiye,creation,129,5,0,22
36,7,1,false,10,down_niche,turkiye,creation,124,0,0,22
17,6,14,false,10,atn_empiricalbm,turkiye,creation,140,0,26,0
20,6,0,false,10,atn_empiricalbm,turkiye,creation,138,6,45,0
29,0,16,false,10,atn_empiricalbm,turkiye,creation,126,14,26,0
34,0,3,false,10,atn_empiricalbm,turkiye,creation,122,22,45,0
7,10,0,false,10,atn_empiricalbm,turkiye,creation,105,24,21,0
2,10,0,false,10,atn_empiricalbm,turkiye,creation,107,37,45,0
23,7,0,false,10,atn_empiricalbm,turkiye,creation,97,47,45,0
40,6,9,false,10,atn_empiricalbm,turkiye,creation,87,57,45,0
12,7,0,false,10,atn_empiricalbm,turkiye,creation,77,67,45,0
18,8,0,false,10,atn_empiricalbm,turkiye,creation,66,71,36,0
13,4,20,false,10,atn_empiricalbm,turkiye,creation,73,56,21,0
9,10,0,false,10,atn_empiricalbm,turkiye,creation,66,63,21,0
24,8,0,false,10,atn_empiricalbm,turkiye,creation,120,96,62,94
10,9,0,false,10,atn_empiricalbm,turkiye,creation,64,65,15,6
22,6,8,false,10,atn_empiricalbm,turkiye,creation,64,37,36,65
26,0,3,false,10,atn_empiricalbm,turkiye,creation,57,72,15,6
3,8,0,false,10,atn_empiricalbm,turkiye,creation,74,65,41,80
5,7,0,false,10,atn_empiricalbm,turkiye,creation,59,81,15,11
30,0,22,false,10,atn_empiricalbm,turkiye,creation,55,89,21,24
31,0,20,false,10,atn_empiricalbm,turkiye,creation,28,58,15,0
28,0,8,false,10,atn_empiricalbm,turkiye,creation,38,91,15,6
38,4,22,false,10,atn_empiricalbm,turkiye,creation,39,45,21,66
37,2,16,false,10,atn_empiricalbm,turkiye,creation,46,75,6,15
8,10,0,false,10,atn_empiricalbm,turkiye,creation,40,100,15,11
35,0,7,false,10,atn_empiricalbm,turkiye,creation,50,94,15,30
25,10,0,false,10,atn_empiricalbm,turkiye,creation,3,0,9,0
33,0,0,false,10,atn_empiricalbm,turkiye,creation,9,12,11,20
41,6,0,false,10,atn_empiricalbm,turkiye,creation,13,15,12,26
27,0,7,false,10,atn_empiricalbm,turkiye,creation,88,28,7,83
21,7,0,false,10,atn_empiricalbm,turkiye,creation,210,21,3,157
39,6,20,false,10,atn_empiricalbm,turkiye,creation,190,0,0,150
14,7,0,false,10,atn_empiricalbm,turkiye,creation,36,0,0,80
6,10,0,false,10,atn_empiricalbm,turkiye,creation,0,0,0,0
1,8,0,false,10,atn_empiricalbm,turkiye,creation,3,0,3,6
19,10,0,false,10,atn_empiricalbm,turkiye,creation,9,12,3,28
32,0,9,false,10,atn_empiricalbm,turkiye,creation,13,15,3,35
16,7,0,false,10,atn_empiricalbm,turkiye,creation,88,32,1,90
4,10,0,false,10,atn_empiricalbm,turkiye,creation,220,27,0,166
15,6,10,false,10,atn_empiricalbm,turkiye,creation,214,6,0,165
11,7,0,false,10,atn_empiricalbm,turkiye,creation,88,4,0,95
36,0,8,false,10,atn_empiricalbm,turkiye,creation,86,0,0,15
17,8,1,true,10,metaweb_empiricalbm,turkiye,creation,0,0,0,0
20,8,7,true,10,metaweb_empiricalbm,turkiye,creation,0,0,0,0
29,0,27,true,10,metaweb_empiricalbm,turkiye,creation,0,0,0,0
34,8,1,true,10,metaweb_empiricalbm,turkiye,creation,0,0,0,0
7,8,6,true,10,metaweb_empiricalbm,turkiye,creation,0,0,0,0
2,19,3,false,10,metaweb_empiricalbm,turkiye,creation,192,0,28,0
23,8,6,false,10,metaweb_empiricalbm,turkiye,creation,184,8,28,0
40,8,1,false,10,metaweb_empiricalbm,turkiye,creation,176,16,28,0
12,8,7,false,10,metaweb_empiricalbm,turkiye,creation,168,24,28,0
18,8,6,false,10,metaweb_empiricalbm,turkiye,creation,160,32,28,0
13,8,1,false,10,metaweb_empiricalbm,turkiye,creation,152,40,28,0
9,8,6,false,10,metaweb_empiricalbm,turkiye,creation,144,48,28,0
24,24,6,false,10,metaweb_empiricalbm,turkiye,creation,136,56,28,0
10,8,6,false,10,metaweb_empiricalbm,turkiye,creation,128,64,28,0
22,8,1,false,10,metaweb_empiricalbm,turkiye,creation,120,72,28,0
26,0,27,false,10,metaweb_empiricalbm,turkiye,creation,112,80,28,0
3,19,3,false,10,metaweb_empiricalbm,turkiye,creation,104,88,28,0
5,11,7,false,10,metaweb_empiricalbm,turkiye,creation,96,96,28,0
30,0,27,false,10,metaweb_empiricalbm,turkiye,creation,88,104,28,0
31,0,27,false,10,metaweb_empiricalbm,turkiye,creation,80,112,28,0
28,0,27,false,10,metaweb_empiricalbm,turkiye,creation,72,120,28,0
38,8,1,false,10,metaweb_empiricalbm,turkiye,creation,64,128,28,0
37,8,1,false,10,metaweb_empiricalbm,turkiye,creation,0,0,28,0
8,8,0,true,10,metaweb_empiricalbm,turkiye,creation,0,0,0,0
35,8,1,true,10,metaweb_empiricalbm,turkiye,creation,0,0,0,0
25,24,6,false,10,metaweb_empiricalbm,turkiye,creation,164,136,56,119
33,0,27,false,10,metaweb_empiricalbm,turkiye,creation,164,136,48,127
41,8,1,false,10,metaweb_empiricalbm,turkiye,creation,164,136,40,135
27,0,27,false,10,metaweb_empiricalbm,turkiye,creation,164,136,32,143
21,8,7,false,10,metaweb_empiricalbm,turkiye,creation,164,136,24,151
39,8,1,false,10,metaweb_empiricalbm,turkiye,creation,164,136,16,159
14,8,7,false,10,metaweb_empiricalbm,turkiye,creation,164,136,8,167
6,8,0,false,10,metaweb_empiricalbm,turkiye,creation,164,136,0,175
1,19,3,false,10,metaweb_empiricalbm,turkiye,creation,136,56,0,35
19,8,6,false,10,metaweb_empiricalbm,turkiye,creation,144,48,0,35
32,0,27,false,10,metaweb_empiricalbm,turkiye,creation,152,40,0,35
16,8,7,false,10,metaweb_empiricalbm,turkiye,creation,160,32,0,35
4,16,6,false,10,metaweb_empiricalbm,turkiye,creation,168,24,0,35
15,8,1,false,10,metaweb_empiricalbm,turkiye,creation,176,16,0,35
11,8,7,false,10,metaweb_empiricalbm,turkiye,creation,184,8,0,35
36,8,1,false,10,metaweb_empiricalbm,turkiye,creation,192,0,0,35
17,6,14,false,10,atn,turkiye,creation,140,0,26,0
20,6,0,false,10,atn,turkiye,creation,138,6,45,0
29,0,16,false,10,atn,turkiye,creation,126,14,26,0
34,0,3,false,10,atn,turkiye,creation,122,22,45,0
7,10,0,false,10,atn,turkiye,creation,105,24,21,0
2,10,0,false,10,atn,turkiye,creation,107,37,45,0
23,7,0,false,10,atn,turkiye,creation,97,47,45,0
40,6,9,false,10,atn,turkiye,creation,87,57,45,0
12,7,0,false,10,atn,turkiye,creation,77,67,45,0
18,8,0,false,10,atn,turkiye,creation,66,71,36,0
13,4,20,false,10,atn,turkiye,creation,73,56,21,0
9,10,0,false,10,atn,turkiye,creation,66,63,21,0
24,8,0,false,10,atn,turkiye,creation,120,96,62,94
10,9,0,false,10,atn,turkiye,creation,64,65,15,6
22,6,8,false,10,atn,turkiye,creation,64,37,36,65
26,0,3,false,10,atn,turkiye,creation,57,72,15,6
3,8,0,false,10,atn,turkiye,creation,74,65,41,80
5,7,0,false,10,atn,turkiye,creation,59,81,15,11
30,0,22,false,10,atn,turkiye,creation,55,89,21,24
31,0,20,false,10,atn,turkiye,creation,28,58,15,0
28,0,8,false,10,atn,turkiye,creation,38,91,15,6
38,4,22,false,10,atn,turkiye,creation,39,45,21,66
37,2,16,false,10,atn,turkiye,creation,46,75,6,15
8,10,0,false,10,atn,turkiye,creation,40,100,15,11
35,0,7,false,10,atn,turkiye,creation,50,94,15,30
25,10,0,false,10,atn,turkiye,creation,3,0,9,0
33,0,0,false,10,atn,turkiye,creation,9,12,11,20
41,6,0,false,10,atn,turkiye,creation,13,15,12,26
27,0,7,false,10,atn,turkiye,creation,88,28,7,83
21,7,0,false,10,atn,turkiye,creation,210,21,3,157
39,6,20,false,10,atn,turkiye,creation,190,0,0,150
14,7,0,false,10,atn,turkiye,creation,36,0,0,80
6,10,0,false,10,atn,turkiye,creation,0,0,0,0
1,8,0,false,10,atn,turkiye,creation,3,0,3,6
19,10,0,false,10,atn,turkiye,creation,9,12,3,28
32,0,9,false,10,atn,turkiye,creation,13,15,3,35
16,7,0,false,10,atn,turkiye,creation,88,32,1,90
4,10,0,false,10,atn,turkiye,creation,220,27,0,166
15,6,10,false,10,atn,turkiye,creation,214,6,0,165
11,7,0,false,10,atn,turkiye,creation,88,4,0,95
36,0,8,false,10,atn,turkiye,creation,86,0,0,15
17,8,0,false,10,metaweb,turkiye,burnin,192,0,28,0
20,0,25,false,10,metaweb,turkiye,burnin,184,8,28,0
29,8,0,false,10,metaweb,turkiye,burnin,176,16,28,0
7,8,0,false,10,metaweb,turkiye,burnin,168,24,28,0
2,8,0,false,10,metaweb,turkiye,burnin,160,32,28,0
23,0,25,false,10,metaweb,turkiye,burnin,152,40,28,0
12,8,0,false,10,metaweb,turkiye,burnin,144,48,28,0
18,0,25,false,10,metaweb,turkiye,burnin,136,56,28,0
13,8,0,false,10,metaweb,turkiye,burnin,128,64,28,0
9,8,0,false,10,metaweb,turkiye,burnin,120,72,28,0
24,0,25,false,10,metaweb,turkiye,burnin,112,80,28,0
10,8,0,false,10,metaweb,turkiye,burnin,104,88,28,0
22,0,25,false,10,metaweb,turkiye,burnin,96,96,28,0
26,8,0,false,10,metaweb,turkiye,burnin,88,104,28,0
3,8,0,false,10,metaweb,turkiye,burnin,80,112,28,0
5,8,0,false,10,metaweb,turkiye,burnin,72,120,28,0
30,8,0,false,10,metaweb,turkiye,burnin,64,128,28,0
31,8,0,false,10,metaweb,turkiye,burnin,164,136,56,119
28,8,0,false,10,metaweb,turkiye,burnin,164,136,48,127
8,8,0,false,10,metaweb,turkiye,burnin,164,136,40,135
25,0,25,false,10,metaweb,turkiye,burnin,164,136,32,143
33,8,0,false,10,metaweb,turkiye,burnin,164,136,24,151
27,8,0,false,10,metaweb,turkiye,burnin,164,136,16,159
21,0,25,false,10,metaweb,turkiye,burnin,164,136,8,167
14,8,0,false,10,metaweb,turkiye,burnin,164,136,0,175
6,8,0,false,10,metaweb,turkiye,burnin,136,56,0,28
1,8,0,false,10,metaweb,turkiye,burnin,144,48,0,28
19,0,25,false,10,metaweb,turkiye,burnin,152,40,0,28
32,8,0,false,10,metaweb,turkiye,burnin,160,32,0,28
16,8,0,false,10,metaweb,turkiye,burnin,168,24,0,28
4,8,0,false,10,metaweb,turkiye,burnin,176,16,0,28
15,8,0,false,10,metaweb,turkiye,burnin,184,8,0,28
11,8,0,false,10,metaweb,turkiye,burnin,192,0,0,28
9,6,0,false,10,down_niche_empiricalbm,turkiye,burnin,0,0,5,0
6,0,2,false,10,down_niche_empiricalbm,turkiye,burnin,1,0,9,1
1,0,1,false,10,down_niche_empiricalbm,turkiye,burnin,1,0,7,3
8,6,0,false,10,down_niche_empiricalbm,turkiye,burnin,1,0,5,5
7,0,1,false,10,down_niche_empiricalbm,turkiye,burnin,1,0,3,7
2,0,2,false,10,down_niche_empiricalbm,turkiye,burnin,1,0,1,9
4,0,2,false,10,down_niche_empiricalbm,turkiye,burnin,0,0,0,5
3,0,2,false,10,down_niche_empiricalbm,turkiye,burnin,0,5,0,15
5,0,2,false,10,down_niche_empiricalbm,turkiye,burnin,5,0,0,15
9,1,0,false,10,niche,turkiye,burnin,0,0,0,0
6,1,2,false,10,niche,turkiye,burnin,1,0,0,0
1,1,0,false,10,niche,turkiye,burnin,3,0,2,0
8,0,3,false,10,niche,turkiye,burnin,0,3,2,0
7,0,2,false,10,niche,turkiye,burnin,0,0,0,0
2,1,0,false,10,niche,turkiye,burnin,1,0,0,2
10,0,2,false,10,niche,turkiye,burnin,1,0,0,4
4,3,0,false,10,niche,turkiye,burnin,1,0,0,2
3,3,0,false,10,niche,turkiye,burnin,0,1,0,0
5,0,1,false,10,niche,turkiye,burnin,1,0,0,0
17,5,1,false,10,down_niche,turkiye,burnin,1,0,10,0
20,0,4,false,10,down_niche,turkiye,burnin,0,1,10,0
29,6,1,false,10,down_niche,turkiye,burnin,124,0,15,0
34,6,1,false,10,down_niche,turkiye,burnin,129,6,21,4
7,8,2,false,10,down_niche,turkiye,burnin,112,12,15,0
2,5,0,false,10,down_niche,turkiye,burnin,91,15,15,4
23,0,22,false,10,down_niche,turkiye,burnin,113,25,28,4
12,5,0,false,10,down_niche,turkiye,burnin,81,24,10,4
18,8,1,false,10,down_niche,turkiye,burnin,90,34,15,0
13,6,1,false,10,down_niche,turkiye,burnin,94,44,28,4
9,6,1,false,10,down_niche,turkiye,burnin,79,46,15,8
24,0,22,false,10,down_niche,turkiye,burnin,56,37,10,0
10,8,1,false,10,down_niche,turkiye,burnin,68,56,15,0
22,0,20,false,10,down_niche,turkiye,burnin,69,66,21,0
26,0,22,false,10,down_niche,turkiye,burnin,54,62,15,4
3,6,0,false,10,down_niche,turkiye,burnin,56,82,28,4
5,6,0,false,10,down_niche,turkiye,burnin,38,65,10,4
30,7,1,false,10,down_niche,turkiye,burnin,0,0,28,0
31,7,1,true,10,down_niche,turkiye,burnin,0,0,0,0
28,6,1,false,10,down_niche,turkiye,burnin,6,0,0,26
8,5,1,false,10,down_niche,turkiye,burnin,31,35,28,42
35,6,1,false,10,down_niche,turkiye,burnin,99,91,34,75
25,0,22,false,10,down_niche,turkiye,burnin,119,112,31,88
33,6,1,false,10,down_niche,turkiye,burnin,119,112,23,95
27,0,22,false,10,down_niche,turkiye,burnin,119,112,15,104
21,0,12,false,10,down_niche,turkiye,burnin,119,112,7,112
14,7,1,false,10,down_niche,turkiye,burnin,126,105,0,118
6,6,2,false,10,down_niche,turkiye,burnin,76,38,0,22
1,5,0,false,10,down_niche,turkiye,burnin,89,35,0,22
19,11,1,false,10,down_niche,turkiye,burnin,103,32,0,28
32,7,1,false,10,down_niche,turkiye,burnin,110,25,0,28
16,8,2,false,10,down_niche,turkiye,burnin,117,18,0,28
4,7,2,false,10,down_niche,turkiye,burnin,113,11,0,22
15,6,2,false,10,down_niche,turkiye,burnin,119,5,0,22
11,6,3,false,10,down_niche,turkiye,burnin,116,0,0,22
1,3,0,false,10,atn_empiricalbm,turkiye,burnin,0,0,3,0
2,0,1,false,10,atn_empiricalbm,turkiye,burnin,0,0,0,2
4,0,1,false,10,atn_empiricalbm,turkiye,burnin,0,0,0,2
3,0,1,false,10,atn_empiricalbm,turkiye,burnin,0,0,0,2
9,8,0,false,10,metaweb_empiricalbm,turkiye,burnin,0,0,7,0
6,0,1,false,10,metaweb_empiricalbm,turkiye,burnin,0,0,6,1
1,0,1,false,10,metaweb_empiricalbm,turkiye,burnin,0,0,5,2
8,0,1,false,10,metaweb_empiricalbm,turkiye,burnin,0,0,4,3
7,0,1,false,10,metaweb_empiricalbm,turkiye,burnin,0,0,3,4
2,0,1,false,10,metaweb_empiricalbm,turkiye,burnin,0,0,2,5
4,0,1,false,10,metaweb_empiricalbm,turkiye,burnin,0,0,1,6
3,0,1,false,10,metaweb_empiricalbm,turkiye,burnin,0,0,0,7
5,0,1,false,10,metaweb_empiricalbm,turkiye,burnin,0,0,0,28
17,6,0,false,10,atn,turkiye,burnin,113,0,45,0
20,10,0,false,10,atn,turkiye,burnin,103,10,45,0
29,0,7,false,10,atn,turkiye,burnin,86,10,21,0
34,6,9,false,10,atn,turkiye,burnin,88,25,45,0
7,10,0,false,10,atn,turkiye,burnin,78,35,45,0
2,10,0,false,10,atn,turkiye,burnin,68,45,45,0
23,0,8,false,10,atn,turkiye,burnin,58,55,45,0
12,7,0,false,10,atn,turkiye,burnin,47,59,36,0
18,7,0,false,10,atn,turkiye,burnin,54,42,21,0
13,6,9,false,10,atn,turkiye,burnin,47,49,21,0
9,7,0,false,10,atn,turkiye,burnin,81,50,42,80
24,0,12,false,10,atn,turkiye,burnin,46,50,15,6
10,7,0,false,10,atn,turkiye,burnin,58,26,31,64
22,0,7,false,10,atn,turkiye,burnin,39,57,15,6
26,0,15,false,10,atn,turkiye,burnin,50,34,29,66
3,7,0,false,10,atn,turkiye,burnin,41,72,21,24
5,10,0,false,10,atn,turkiye,burnin,22,46,15,0
30,0,8,false,10,atn,turkiye,burnin,25,71,15,6
31,2,12,false,10,atn,turkiye,burnin,37,39,21,66
28,0,3,false,10,atn,turkiye,burnin,39,74,15,30
8,9,0,false,10,atn,turkiye,burnin,3,0,9,0
35,6,0,false,10,atn,turkiye,burnin,9,12,11,20
25,0,17,false,10,atn,turkiye,burnin,13,15,12,26
33,6,15,false,10,atn,turkiye,burnin,46,20,7,59
27,0,9,false,10,atn,turkiye,burnin,120,16,3,123
21,0,3,false,10,atn,turkiye,burnin,105,0,0,116
14,7,0,false,10,atn,turkiye,burnin,36,0,0,80
6,10,0,false,10,atn,turkiye,burnin,3,0,3,6
1,10,0,false,10,atn,turkiye,burnin,9,12,3,28
19,6,8,false,10,atn,turkiye,burnin,13,15,3,35
32,4,17,false,10,atn,turkiye,burnin,46,24,1,66
16,10,0,false,10,atn,turkiye,burnin,130,22,0,132
4,10,0,false,10,atn,turkiye,burnin,129,6,0,131
15,6,9,false,10,atn,turkiye,burnin,80,4,0,95
11,4,15,false,10,atn,turkiye,burnin,68,0,0,15
17,8,1,true,11,metaweb,turkiye,creation,0,0,0,0
20,8,7,true,11,metaweb,turkiye,creation,0,0,0,0
29,0,27,true,11,metaweb,turkiye,creation,0,0,0,0
34,8,1,true,11,metaweb,turkiye,creation,0,0,0,0
7,8,6,true,11,metaweb,turkiye,creation,0,0,0,0
2,19,3,false,11,metaweb,turkiye,creation,192,0,28,0
23,8,6,false,11,metaweb,turkiye,creation,184,8,28,0
40,8,1,false,11,metaweb,turkiye,creation,176,16,28,0
12,8,7,false,11,metaweb,turkiye,creation,168,24,28,0
18,8,6,false,11,metaweb,turkiye,creation,160,32,28,0
13,8,1,false,11,metaweb,turkiye,creation,152,40,28,0
9,8,6,false,11,metaweb,turkiye,creation,144,48,28,0
24,24,6,false,11,metaweb,turkiye,creation,136,56,28,0
10,8,6,false,11,metaweb,turkiye,creation,128,64,28,0
22,8,1,false,11,metaweb,turkiye,creation,120,72,28,0
26,0,27,false,11,metaweb,turkiye,creation,112,80,28,0
3,19,3,false,11,metaweb,turkiye,creation,104,88,28,0
5,11,7,false,11,metaweb,turkiye,creation,96,96,28,0
30,0,27,false,11,metaweb,turkiye,creation,88,104,28,0
31,0,27,false,11,metaweb,turkiye,creation,80,112,28,0
28,0,27,false,11,metaweb,turkiye,creation,72,120,28,0
38,8,1,false,11,metaweb,turkiye,creation,64,128,28,0
37,8,1,false,11,metaweb,turkiye,creation,0,0,28,0
8,8,0,true,11,metaweb,turkiye,creation,0,0,0,0
35,8,1,true,11,metaweb,turkiye,creation,0,0,0,0
25,24,6,false,11,metaweb,turkiye,creation,164,136,56,119
33,0,27,false,11,metaweb,turkiye,creation,164,136,48,127
41,8,1,false,11,metaweb,turkiye,creation,164,136,40,135
27,0,27,false,11,metaweb,turkiye,creation,164,136,32,143
21,8,7,false,11,metaweb,turkiye,creation,164,136,24,151
39,8,1,false,11,metaweb,turkiye,creation,164,136,16,159
14,8,7,false,11,metaweb,turkiye,creation,164,136,8,167
6,8,0,false,11,metaweb,turkiye,creation,164,136,0,175
1,19,3,false,11,metaweb,turkiye,creation,136,56,0,35
19,8,6,false,11,metaweb,turkiye,creation,144,48,0,35
32,0,27,false,11,metaweb,turkiye,creation,152,40,0,35
16,8,7,false,11,metaweb,turkiye,creation,160,32,0,35
4,16,6,false,11,metaweb,turkiye,creation,168,24,0,35
15,8,1,false,11,metaweb,turkiye,creation,176,16,0,35
11,8,7,false,11,metaweb,turkiye,creation,184,8,0,35
36,8,1,false,11,metaweb,turkiye,creation,192,0,0,35
17,6,1,true,11,down_niche_empiricalbm,turkiye,creation,0,0,0,0
20,7,7,false,11,down_niche_empiricalbm,turkiye,creation,2,0,15,0
29,0,24,false,11,down_niche_empiricalbm,turkiye,creation,10,0,43,8
34,6,1,false,11,down_niche_empiricalbm,turkiye,creation,4,10,56,0
7,7,5,false,11,down_niche_empiricalbm,turkiye,creation,0,6,37,7
2,6,1,false,11,down_niche_empiricalbm,turkiye,creation,111,0,10,0
23,8,4,false,11,down_niche_empiricalbm,turkiye,creation,135,4,31,21
40,7,1,false,11,down_niche_empiricalbm,turkiye,creation,130,10,21,0
12,5,6,false,11,down_niche_empiricalbm,turkiye,creation,119,14,24,22
18,7,5,false,11,down_niche_empiricalbm,turkiye,creation,131,23,29,16
13,8,1,false,11,down_niche_empiricalbm,turkiye,creation,124,30,28,4
9,6,3,false,11,down_niche_empiricalbm,turkiye,creation,87,25,17,24
24,15,4,false,11,down_niche_empiricalbm,turkiye,creation,118,44,28,7
10,7,5,false,11,down_niche_empiricalbm,turkiye,creation,107,49,26,31
22,7,1,false,11,down_niche_empiricalbm,turkiye,creation,100,56,21,7
26,0,8,false,11,down_niche_empiricalbm,turkiye,creation,69,48,19,27
3,12,1,false,11,down_niche_empiricalbm,turkiye,creation,75,58,15,7
5,8,2,false,11,down_niche_empiricalbm,turkiye,creation,81,74,24,28
30,0,23,false,11,down_niche_empiricalbm,turkiye,creation,74,81,23,29
31,0,23,false,11,down_niche_empiricalbm,turkiye,creation,62,79,22,37
28,0,24,false,11,down_niche_empiricalbm,turkiye,creation,54,80,15,36
38,7,1,false,11,down_niche_empiricalbm,turkiye,creation,56,100,21,7
37,7,1,false,11,down_niche_empiricalbm,turkiye,creation,1,0,28,25
8,7,0,false,11,down_niche_empiricalbm,turkiye,creation,16,10,1,68
35,7,1,true,11,down_niche_empiricalbm,turkiye,creation,0,0,0,0
25,12,3,false,11,down_niche_empiricalbm,turkiye,creation,11,10,14,30
33,0,23,false,11,down_niche_empiricalbm,turkiye,creation,133,120,46,88
41,8,1,false,11,down_niche_empiricalbm,turkiye,creation,146,119,34,102
27,0,23,false,11,down_niche_empiricalbm,turkiye,creation,138,128,31,106
21,6,4,false,11,down_niche_empiricalbm,turkiye,creation,133,120,23,109
39,6,1,false,11,down_niche_empiricalbm,turkiye,creation,133,120,15,117
14,7,6,false,11,down_niche_empiricalbm,turkiye,creation,141,112,7,125
6,5,0,false,11,down_niche_empiricalbm,turkiye,creation,133,120,0,134
1,11,1,false,11,down_niche_empiricalbm,turkiye,creation,93,41,0,22
19,7,4,false,11,down_niche_empiricalbm,turkiye,creation,115,41,0,28
32,0,24,false,11,down_niche_empiricalbm,turkiye,creation,127,35,0,35
16,6,4,false,11,down_niche_empiricalbm,turkiye,creation,129,27,0,28
4,12,1,false,11,down_niche_empiricalbm,turkiye,creation,136,20,0,28
15,7,1,false,11,down_niche_empiricalbm,turkiye,creation,121,12,0,22
11,7,2,false,11,down_niche_empiricalbm,turkiye,creation,149,7,0,28
36,8,1,false,11,down_niche_empiricalbm,turkiye,creation,162,0,0,35
17,0,8,true,11,niche,turkiye,creation,0,0,0,0
20,4,9,false,11,niche,turkiye,creation,12,0,2,0
29,2,9,false,11,niche,turkiye,creation,10,0,1,0
34,5,7,false,11,niche,turkiye,creation,1,0,1,0
7,2,6,true,11,niche,turkiye,creation,0,0,0,0
2,4,3,true,11,niche,turkiye,creation,0,0,0,0
23,4,9,false,11,niche,turkiye,creation,0,0,0,0
40,1,5,true,11,niche,turkiye,creation,0,0,0,0
12,21,6,false,11,niche,turkiye,creation,0,0,0,0
18,12,8,true,11,niche,turkiye,creation,0,0,0,0
13,7,6,false,11,niche,turkiye,creation,14,0,1,0
9,0,7,true,11,niche,turkiye,creation,0,0,0,0
24,12,8,false,11,niche,turkiye,creation,0,1,10,0
10,15,7,false,11,niche,turkiye,creation,4,1,0,0
22,12,9,false,11,niche,turkiye,creation,8,3,1,0
26,9,6,false,11,niche,turkiye,creation,30,6,15,0
3,3,3,false,11,niche,turkiye,creation,0,0,0,4
5,24,4,false,11,niche,turkiye,creation,24,15,32,4
30,4,10,true,11,niche,turkiye,creation,0,0,0,0
31,9,10,false,11,niche,turkiye,creation,12,3,6,4
28,7,8,false,11,niche,turkiye,creation,11,23,19,4
38,1,6,true,11,niche,turkiye,creation,0,0,0,0
37,0,6,false,11,niche,turkiye,creation,10,11,3,5
8,24,6,false,11,niche,turkiye,creation,0,34,19,1
35,2,7,true,11,niche,turkiye,creation,0,0,0,0
25,5,5,true,11,niche,turkiye,creation,0,0,0,0
33,1,9,false,11,niche,turkiye,creation,6,14,6,7
41,0,2,false,11,niche,turkiye,creation,15,15,10,11
27,5,6,false,11,niche,turkiye,creation,24,2,1,30
21,12,8,false,11,niche,turkiye,creation,29,6,6,30
39,0,6,true,11,niche,turkiye,creation,0,0,0,0
14,1,6,false,11,niche,turkiye,creation,23,0,0,33
6,19,6,false,11,niche,turkiye,creation,16,0,0,32
1,24,3,false,11,niche,turkiye,creation,14,10,6,27
19,6,9,false,11,niche,turkiye,creation,12,8,1,29
32,0,10,true,11,niche,turkiye,creation,0,0,0,0
16,8,7,false,11,niche,turkiye,creation,4,0,0,16
4,3,4,false,11,niche,turkiye,creation,5,0,0,16
15,2,6,false,11,niche,turkiye,creation,11,0,0,16
11,3,6,false,11,niche,turkiye,creation,10,1,0,11
36,3,10,false,11,niche,turkiye,creation,1,0,0,0
17,6,1,true,11,down_niche,turkiye,creation,0,0,0,0
20,7,7,false,11,down_niche,turkiye,creation,2,0,15,0
29,0,24,false,11,down_niche,turkiye,creation,10,0,43,8
34,6,1,false,11,down_niche,turkiye,creation,4,10,56,0
7,7,5,false,11,down_niche,turkiye,creation,0,6,37,7
2,6,1,false,11,down_niche,turkiye,creation,111,0,10,0
23,8,4,false,11,down_niche,turkiye,creation,135,4,31,21
40,7,1,false,11,down_niche,turkiye,creation,130,10,21,0
12,5,6,false,11,down_niche,turkiye,creation,119,14,24,22
18,7,5,false,11,down_niche,turkiye,creation,131,23,29,16
13,8,1,false,11,down_niche,turkiye,creation,124,30,28,4
9,6,3,false,11,down_niche,turkiye,creation,87,25,17,24
24,15,4,false,11,down_niche,turkiye,creation,118,44,28,7
10,7,5,false,11,down_niche,turkiye,creation,107,49,26,31
22,7,1,false,11,down_niche,turkiye,creation,100,56,21,7
26,0,8,false,11,down_niche,turkiye,creation,69,48,19,27
3,12,1,false,11,down_niche,turkiye,creation,75,58,15,7
5,8,2,false,11,down_niche,turkiye,creation,81,74,24,28
30,0,23,false,11,down_niche,turkiye,creation,74,81,23,29
31,0,23,false,11,down_niche,turkiye,creation,62,79,22,37
28,0,24,false,11,down_niche,turkiye,creation,54,80,15,36
38,7,1,false,11,down_niche,turkiye,creation,56,100,21,7
37,7,1,false,11,down_niche,turkiye,creation,1,0,28,25
8,7,0,false,11,down_niche,turkiye,creation,16,10,1,68
35,7,1,true,11,down_niche,turkiye,creation,0,0,0,0
25,12,3,false,11,down_niche,turkiye,creation,11,10,14,30
33,0,23,false,11,down_niche,turkiye,creation,133,120,46,88
41,8,1,false,11,down_niche,turkiye,creation,146,119,34,102
27,0,23,false,11,down_niche,turkiye,creation,138,128,31,106
21,6,4,false,11,down_niche,turkiye,creation,133,120,23,109
39,6,1,false,11,down_niche,turkiye,creation,133,120,15,117
14,7,6,false,11,down_niche,turkiye,creation,141,112,7,125
6,5,0,false,11,down_niche,turkiye,creation,133,120,0,134
1,11,1,false,11,down_niche,turkiye,creation,93,41,0,22
19,7,4,false,11,down_niche,turkiye,creation,115,41,0,28
32,0,24,false,11,down_niche,turkiye,creation,127,35,0,35
16,6,4,false,11,down_niche,turkiye,creation,129,27,0,28
4,12,1,false,11,down_niche,turkiye,creation,136,20,0,28
15,7,1,false,11,down_niche,turkiye,creation,121,12,0,22
11,7,2,false,11,down_niche,turkiye,creation,149,7,0,28
36,8,1,false,11,down_niche,turkiye,creation,162,0,0,35
17,6,6,false,11,atn_empiricalbm,turkiye,creation,147,0,39,0
20,7,0,false,11,atn_empiricalbm,turkiye,creation,156,8,37,0
29,0,18,false,11,atn_empiricalbm,turkiye,creation,129,18,39,0
34,0,5,false,11,atn_empiricalbm,turkiye,creation,119,28,39,0
7,10,0,false,11,atn_empiricalbm,turkiye,creation,115,22,19,0
2,10,0,false,11,atn_empiricalbm,turkiye,creation,104,43,39,0
23,11,0,false,11,atn_empiricalbm,turkiye,creation,94,53,39,0
40,8,12,false,11,atn_empiricalbm,turkiye,creation,86,58,32,0
12,9,0,false,11,atn_empiricalbm,turkiye,creation,99,71,43,0
18,10,0,false,11,atn_empiricalbm,turkiye,creation,86,51,19,0
13,6,20,false,11,atn_empiricalbm,turkiye,creation,72,28,13,0
9,11,0,false,11,atn_empiricalbm,turkiye,creation,87,64,28,0
24,9,0,false,11,atn_empiricalbm,turkiye,creation,123,101,78,90
10,7,0,false,11,atn_empiricalbm,turkiye,creation,58,42,13,0
22,8,11,false,11,atn_empiricalbm,turkiye,creation,72,52,42,72
26,0,5,false,11,atn_empiricalbm,turkiye,creation,65,72,13,6
3,10,0,false,11,atn_empiricalbm,turkiye,creation,52,51,18,37
5,7,0,false,11,atn_empiricalbm,turkiye,creation,62,85,17,22
30,0,25,false,11,atn_empiricalbm,turkiye,creation,53,84,13,6
31,0,20,false,11,atn_empiricalbm,turkiye,creation,48,89,13,6
28,0,11,false,11,atn_empiricalbm,turkiye,creation,43,94,13,6
38,6,25,false,11,atn_empiricalbm,turkiye,creation,51,86,34,60
37,4,18,false,11,atn_empiricalbm,turkiye,creation,51,119,22,21
8,9,0,false,11,atn_empiricalbm,turkiye,creation,46,98,13,19
35,0,7,false,11,atn_empiricalbm,turkiye,creation,43,101,13,19
25,9,0,false,11,atn_empiricalbm,turkiye,creation,3,3,13,4
33,0,0,false,11,atn_empiricalbm,turkiye,creation,6,9,16,17
41,9,0,false,11,atn_empiricalbm,turkiye,creation,23,21,18,38
27,0,7,false,11,atn_empiricalbm,turkiye,creation,102,32,14,89
21,7,0,false,11,atn_empiricalbm,turkiye,creation,237,34,9,150
39,8,20,false,11,atn_empiricalbm,turkiye,creation,171,19,4,155
14,6,0,false,11,atn_empiricalbm,turkiye,creation,66,0,0,107
6,10,0,false,11,atn_empiricalbm,turkiye,creation,0,0,0,0
1,10,0,false,11,atn_empiricalbm,turkiye,creation,3,3,3,14
19,7,0,false,11,atn_empiricalbm,turkiye,creation,6,9,3,30
32,0,12,false,11,atn_empiricalbm,turkiye,creation,23,23,3,48
16,7,0,false,11,atn_empiricalbm,turkiye,creation,108,36,2,97
4,10,0,false,11,atn_empiricalbm,turkiye,creation,251,40,1,153
15,6,12,false,11,atn_empiricalbm,turkiye,creation,207,25,0,155
11,6,0,false,11,atn_empiricalbm,turkiye,creation,138,6,0,99
36,2,11,false,11,atn_empiricalbm,turkiye,creation,151,0,0,28
17,8,1,true,11,metaweb_empiricalbm,turkiye,creation,0,0,0,0
20,8,7,true,11,metaweb_empiricalbm,turkiye,creation,0,0,0,0
29,0,27,true,11,metaweb_empiricalbm,turkiye,creation,0,0,0,0
34,8,1,true,11,metaweb_empiricalbm,turkiye,creation,0,0,0,0
7,8,6,true,11,metaweb_empiricalbm,turkiye,creation,0,0,0,0
2,19,3,false,11,metaweb_empiricalbm,turkiye,creation,192,0,28,0
23,8,6,false,11,metaweb_empiricalbm,turkiye,creation,184,8,28,0
40,8,1,false,11,metaweb_empiricalbm,turkiye,creation,176,16,28,0
12,8,7,false,11,metaweb_empiricalbm,turkiye,creation,168,24,28,0
18,8,6,false,11,metaweb_empiricalbm,turkiye,creation,160,32,28,0
13,8,1,false,11,metaweb_empiricalbm,turkiye,creation,152,40,28,0
9,8,6,false,11,metaweb_empiricalbm,turkiye,creation,144,48,28,0
24,24,6,false,11,metaweb_empiricalbm,turkiye,creation,136,56,28,0
10,8,6,false,11,metaweb_empiricalbm,turkiye,creation,128,64,28,0
22,8,1,false,11,metaweb_empiricalbm,turkiye,creation,120,72,28,0
26,0,27,false,11,metaweb_empiricalbm,turkiye,creation,112,80,28,0
3,19,3,false,11,metaweb_empiricalbm,turkiye,creation,104,88,28,0
5,11,7,false,11,metaweb_empiricalbm,turkiye,creation,96,96,28,0
30,0,27,false,11,metaweb_empiricalbm,turkiye,creation,88,104,28,0
31,0,27,false,11,metaweb_empiricalbm,turkiye,creation,80,112,28,0
28,0,27,false,11,metaweb_empiricalbm,turkiye,creation,72,120,28,0
38,8,1,false,11,metaweb_empiricalbm,turkiye,creation,64,128,28,0
37,8,1,false,11,metaweb_empiricalbm,turkiye,creation,0,0,28,0
8,8,0,true,11,metaweb_empiricalbm,turkiye,creation,0,0,0,0
35,8,1,true,11,metaweb_empiricalbm,turkiye,creation,0,0,0,0
25,24,6,false,11,metaweb_empiricalbm,turkiye,creation,164,136,56,119
33,0,27,false,11,metaweb_empiricalbm,turkiye,creation,164,136,48,127
41,8,1,false,11,metaweb_empiricalbm,turkiye,creation,164,136,40,135
27,0,27,false,11,metaweb_empiricalbm,turkiye,creation,164,136,32,143
21,8,7,false,11,metaweb_empiricalbm,turkiye,creation,164,136,24,151
39,8,1,false,11,metaweb_empiricalbm,turkiye,creation,164,136,16,159
14,8,7,false,11,metaweb_empiricalbm,turkiye,creation,164,136,8,167
6,8,0,false,11,metaweb_empiricalbm,turkiye,creation,164,136,0,175
1,19,3,false,11,metaweb_empiricalbm,turkiye,creation,136,56,0,35
19,8,6,false,11,metaweb_empiricalbm,turkiye,creation,144,48,0,35
32,0,27,false,11,metaweb_empiricalbm,turkiye,creation,152,40,0,35
16,8,7,false,11,metaweb_empiricalbm,turkiye,creation,160,32,0,35
4,16,6,false,11,metaweb_empiricalbm,turkiye,creation,168,24,0,35
15,8,1,false,11,metaweb_empiricalbm,turkiye,creation,176,16,0,35
11,8,7,false,11,metaweb_empiricalbm,turkiye,creation,184,8,0,35
36,8,1,false,11,metaweb_empiricalbm,turkiye,creation,192,0,0,35
17,6,6,false,11,atn,turkiye,creation,147,0,39,0
20,7,0,false,11,atn,turkiye,creation,156,8,37,0
29,0,18,false,11,atn,turkiye,creation,129,18,39,0
34,0,5,false,11,atn,turkiye,creation,119,28,39,0
7,10,0,false,11,atn,turkiye,creation,115,22,19,0
2,10,0,false,11,atn,turkiye,creation,104,43,39,0
23,11,0,false,11,atn,turkiye,creation,94,53,39,0
40,8,12,false,11,atn,turkiye,creation,86,58,32,0
12,9,0,false,11,atn,turkiye,creation,99,71,43,0
18,10,0,false,11,atn,turkiye,creation,86,51,19,0
13,6,20,false,11,atn,turkiye,creation,72,28,13,0
9,11,0,false,11,atn,turkiye,creation,87,64,28,0
24,9,0,false,11,atn,turkiye,creation,123,101,78,90
10,7,0,false,11,atn,turkiye,creation,58,42,13,0
22,8,11,false,11,atn,turkiye,creation,72,52,42,72
26,0,5,false,11,atn,turkiye,creation,65,72,13,6
3,10,0,false,11,atn,turkiye,creation,52,51,18,37
5,7,0,false,11,atn,turkiye,creation,62,85,17,22
30,0,25,false,11,atn,turkiye,creation,53,84,13,6
31,0,20,false,11,atn,turkiye,creation,48,89,13,6
28,0,11,false,11,atn,turkiye,creation,43,94,13,6
38,6,25,false,11,atn,turkiye,creation,51,86,34,60
37,4,18,false,11,atn,turkiye,creation,51,119,22,21
8,9,0,false,11,atn,turkiye,creation,46,98,13,19
35,0,7,false,11,atn,turkiye,creation,43,101,13,19
25,9,0,false,11,atn,turkiye,creation,3,3,13,4
33,0,0,false,11,atn,turkiye,creation,6,9,16,17
41,9,0,false,11,atn,turkiye,creation,23,21,18,38
27,0,7,false,11,atn,turkiye,creation,102,32,14,89
21,7,0,false,11,atn,turkiye,creation,237,34,9,150
39,8,20,false,11,atn,turkiye,creation,171,19,4,155
14,6,0,false,11,atn,turkiye,creation,66,0,0,107
6,10,0,false,11,atn,turkiye,creation,0,0,0,0
1,10,0,false,11,atn,turkiye,creation,3,3,3,14
19,7,0,false,11,atn,turkiye,creation,6,9,3,30
32,0,12,false,11,atn,turkiye,creation,23,23,3,48
16,7,0,false,11,atn,turkiye,creation,108,36,2,97
4,10,0,false,11,atn,turkiye,creation,251,40,1,153
15,6,12,false,11,atn,turkiye,creation,207,25,0,155
11,6,0,false,11,atn,turkiye,creation,138,6,0,99
36,2,11,false,11,atn,turkiye,creation,151,0,0,28
17,8,0,false,11,metaweb,turkiye,burnin,192,0,28,0
20,0,25,false,11,metaweb,turkiye,burnin,184,8,28,0
29,8,0,false,11,metaweb,turkiye,burnin,176,16,28,0
7,8,0,false,11,metaweb,turkiye,burnin,168,24,28,0
2,8,0,false,11,metaweb,turkiye,burnin,160,32,28,0
23,0,25,false,11,metaweb,turkiye,burnin,152,40,28,0
12,8,0,false,11,metaweb,turkiye,burnin,144,48,28,0
18,0,25,false,11,metaweb,turkiye,burnin,136,56,28,0
13,8,0,false,11,metaweb,turkiye,burnin,128,64,28,0
9,8,0,false,11,metaweb,turkiye,burnin,120,72,28,0
24,0,25,false,11,metaweb,turkiye,burnin,112,80,28,0
10,8,0,false,11,metaweb,turkiye,burnin,104,88,28,0
22,0,25,false,11,metaweb,turkiye,burnin,96,96,28,0
26,8,0,false,11,metaweb,turkiye,burnin,88,104,28,0
3,8,0,false,11,metaweb,turkiye,burnin,80,112,28,0
5,8,0,false,11,metaweb,turkiye,burnin,72,120,28,0
30,8,0,false,11,metaweb,turkiye,burnin,64,128,28,0
31,8,0,false,11,metaweb,turkiye,burnin,164,136,56,119
28,8,0,false,11,metaweb,turkiye,burnin,164,136,48,127
8,8,0,false,11,metaweb,turkiye,burnin,164,136,40,135
25,0,25,false,11,metaweb,turkiye,burnin,164,136,32,143
33,8,0,false,11,metaweb,turkiye,burnin,164,136,24,151
27,8,0,false,11,metaweb,turkiye,burnin,164,136,16,159
21,0,25,false,11,metaweb,turkiye,burnin,164,136,8,167
14,8,0,false,11,metaweb,turkiye,burnin,164,136,0,175
6,8,0,false,11,metaweb,turkiye,burnin,136,56,0,28
1,8,0,false,11,metaweb,turkiye,burnin,144,48,0,28
19,0,25,false,11,metaweb,turkiye,burnin,152,40,0,28
32,8,0,false,11,metaweb,turkiye,burnin,160,32,0,28
16,8,0,false,11,metaweb,turkiye,burnin,168,24,0,28
4,8,0,false,11,metaweb,turkiye,burnin,176,16,0,28
15,8,0,false,11,metaweb,turkiye,burnin,184,8,0,28
11,8,0,false,11,metaweb,turkiye,burnin,192,0,0,28
9,7,0,false,11,down_niche_empiricalbm,turkiye,burnin,1,0,11,0
6,0,1,false,11,down_niche_empiricalbm,turkiye,burnin,1,0,9,2
1,0,2,false,11,down_niche_empiricalbm,turkiye,burnin,1,0,7,4
8,6,0,false,11,down_niche_empiricalbm,turkiye,burnin,1,0,5,6
7,0,2,false,11,down_niche_empiricalbm,turkiye,burnin,1,0,3,8
2,0,2,false,11,down_niche_empiricalbm,turkiye,burnin,0,0,1,5
4,0,2,false,11,down_niche_empiricalbm,turkiye,burnin,1,0,0,11
3,0,2,false,11,down_niche_empiricalbm,turkiye,burnin,0,6,0,15
5,0,2,false,11,down_niche_empiricalbm,turkiye,burnin,6,0,0,21
17,7,3,false,11,niche,turkiye,burnin,6,0,1,0
20,9,8,true,11,niche,turkiye,burnin,0,0,0,0
29,1,5,false,11,niche,turkiye,burnin,0,0,0,0
7,8,3,false,11,niche,turkiye,burnin,0,0,0,0
2,12,2,true,11,niche,turkiye,burnin,0,0,0,0
23,5,5,false,11,niche,turkiye,burnin,10,0,1,0
12,10,3,false,11,niche,turkiye,burnin,18,4,15,0
18,2,5,false,11,niche,turkiye,burnin,0,0,0,0
13,4,3,false,11,niche,turkiye,burnin,10,10,32,0
9,12,3,true,11,niche,turkiye,burnin,0,0,0,0
24,2,5,false,11,niche,turkiye,burnin,12,3,6,0
10,4,4,true,11,niche,turkiye,burnin,0,0,0,0
22,1,7,false,11,niche,turkiye,burnin,6,8,3,0
26,0,6,true,11,niche,turkiye,burnin,0,0,0,0
3,2,2,true,11,niche,turkiye,burnin,0,0,0,0
5,10,3,false,11,niche,turkiye,burnin,3,13,6,0
30,0,2,false,11,niche,turkiye,burnin,0,15,10,4
28,0,6,false,11,niche,turkiye,burnin,9,2,1,16
8,0,3,false,11,niche,turkiye,burnin,20,6,6,20
25,3,8,true,11,niche,turkiye,burnin,0,0,0,0
27,1,6,false,11,niche,turkiye,burnin,14,0,0,23
21,0,8,false,11,niche,turkiye,burnin,9,0,0,22
14,5,3,false,11,niche,turkiye,burnin,7,10,6,15
6,3,2,false,11,niche,turkiye,burnin,5,8,1,17
1,3,0,true,11,niche,turkiye,burnin,0,0,0,0
19,4,8,false,11,niche,turkiye,burnin,4,0,0,16
16,5,3,false,11,niche,turkiye,burnin,5,0,0,16
4,0,3,false,11,niche,turkiye,burnin,11,0,0,16
15,9,3,false,11,niche,turkiye,burnin,10,1,0,11
11,4,4,false,11,niche,turkiye,burnin,1,0,0,0
17,6,1,false,11,down_niche,turkiye,burnin,0,0,28,0
20,11,1,false,11,down_niche,turkiye,burnin,110,0,10,0
29,6,1,false,11,down_niche,turkiye,burnin,134,4,21,0
34,6,1,false,11,down_niche,turkiye,burnin,128,10,21,0
7,7,1,false,11,down_niche,turkiye,burnin,118,14,15,0
2,5,0,false,11,down_niche,turkiye,burnin,131,23,21,0
23,0,23,false,11,down_niche,turkiye,burnin,124,30,21,0
12,6,1,false,11,down_niche,turkiye,burnin,85,25,10,7
18,7,1,false,11,down_niche,turkiye,burnin,116,44,28,7
13,6,1,false,11,down_niche,turkiye,burnin,105,49,21,7
9,8,1,false,11,down_niche,turkiye,burnin,98,56,21,7
24,0,23,false,11,down_niche,turkiye,burnin,68,48,15,0
10,7,2,false,11,down_niche,turkiye,burnin,74,58,15,7
22,0,23,false,11,down_niche,turkiye,burnin,80,74,21,0
26,0,23,false,11,down_niche,turkiye,burnin,73,81,21,0
3,7,1,false,11,down_niche,turkiye,burnin,59,79,21,7
5,6,0,false,11,down_niche,turkiye,burnin,52,80,15,7
30,7,1,false,11,down_niche,turkiye,burnin,54,100,21,7
31,8,1,false,11,down_niche,turkiye,burnin,0,0,28,0
28,0,23,true,11,down_niche,turkiye,burnin,0,0,0,0
8,5,2,false,11,down_niche,turkiye,burnin,11,10,14,30
35,7,1,false,11,down_niche,turkiye,burnin,133,120,46,88
25,0,23,false,11,down_niche,turkiye,burnin,141,112,34,100
33,7,1,false,11,down_niche,turkiye,burnin,133,120,31,103
27,0,24,false,11,down_niche,turkiye,burnin,133,120,23,109
21,0,8,false,11,down_niche,turkiye,burnin,133,120,15,117
14,7,1,false,11,down_niche,turkiye,burnin,141,112,7,125
6,7,1,false,11,down_niche,turkiye,burnin,133,120,0,134
1,8,0,false,11,down_niche,turkiye,burnin,91,41,0,22
19,8,0,false,11,down_niche,turkiye,burnin,113,41,0,28
32,7,1,false,11,down_niche,turkiye,burnin,125,35,0,35
16,7,2,false,11,down_niche,turkiye,burnin,127,27,0,28
4,7,0,false,11,down_niche,turkiye,burnin,134,20,0,28
15,7,0,false,11,down_niche,turkiye,burnin,120,12,0,22
11,7,1,false,11,down_niche,turkiye,burnin,147,7,0,28
36,8,1,false,11,down_niche,turkiye,burnin,160,0,0,35
6,0,3,false,11,atn_empiricalbm,turkiye,burnin,6,0,3,0
1,3,0,false,11,atn_empiricalbm,turkiye,burnin,3,3,3,0
2,3,0,false,11,atn_empiricalbm,turkiye,burnin,0,6,3,0
4,0,3,false,11,atn_empiricalbm,turkiye,burnin,3,0,0,6
3,3,0,false,11,atn_empiricalbm,turkiye,burnin,3,0,0,6
5,0,3,false,11,atn_empiricalbm,turkiye,burnin,3,0,0,6
9,8,0,false,11,metaweb_empiricalbm,turkiye,burnin,0,0,7,0
6,0,1,false,11,metaweb_empiricalbm,turkiye,burnin,0,0,6,1
1,0,1,false,11,metaweb_empiricalbm,turkiye,burnin,0,0,5,2
8,0,1,false,11,metaweb_empiricalbm,turkiye,burnin,0,0,4,3
7,0,1,false,11,metaweb_empiricalbm,turkiye,burnin,0,0,3,4
2,0,1,false,11,metaweb_empiricalbm,turkiye,burnin,0,0,2,5
4,0,1,false,11,metaweb_empiricalbm,turkiye,burnin,0,0,1,6
3,0,1,false,11,metaweb_empiricalbm,turkiye,burnin,0,0,0,7
5,0,1,false,11,metaweb_empiricalbm,turkiye,burnin,0,0,0,28
17,0,12,false,11,atn,turkiye,burnin,74,0,37,0
20,0,6,false,11,atn,turkiye,burnin,52,8,32,0
7,6,0,false,11,atn,turkiye,burnin,55,19,43,0
2,9,0,false,11,atn,turkiye,burnin,54,10,13,0
23,2,11,false,11,atn,turkiye,burnin,54,25,28,0
12,9,0,false,11,atn,turkiye,burnin,44,18,45,33
18,0,13,false,11,atn,turkiye,burnin,40,24,13,0
13,9,0,false,11,atn,turkiye,burnin,36,25,34,26
9,6,0,false,11,atn,turkiye,burnin,30,34,13,0
24,4,12,false,11,atn,turkiye,burnin,24,44,34,18
10,8,5,false,11,atn,turkiye,burnin,27,47,22,21
22,0,7,false,11,atn,turkiye,burnin,22,38,13,19
26,8,8,false,11,atn,turkiye,burnin,19,41,13,19
3,11,0,false,11,atn,turkiye,burnin,3,3,13,4
5,9,0,false,11,atn,turkiye,burnin,6,9,16,17
28,9,0,false,11,atn,turkiye,burnin,23,21,18,38
8,6,6,false,11,atn,turkiye,burnin,33,20,14,59
25,6,13,false,11,atn,turkiye,burnin,51,16,9,78
27,8,6,false,11,atn,turkiye,burnin,21,7,4,65
21,0,5,false,11,atn,turkiye,burnin,15,0,0,53
14,0,5,false,11,atn,turkiye,burnin,3,3,3,14
6,6,8,false,11,atn,turkiye,burnin,6,9,3,30
1,10,0,false,11,atn,turkiye,burnin,23,23,3,48
19,0,8,false,11,atn,turkiye,burnin,39,24,2,67
16,0,11,false,11,atn,turkiye,burnin,65,22,1,81
4,6,0,false,11,atn,turkiye,burnin,57,13,0,77
15,0,7,false,11,atn,turkiye,burnin,63,6,0,57
11,11,0,false,11,atn,turkiye,burnin,79,0,0,28
17,8,1,true,12,metaweb,turkiye,creation,0,0,0,0
20,8,7,true,12,metaweb,turkiye,creation,0,0,0,0
29,0,27,true,12,metaweb,turkiye,creation,0,0,0,0
34,8,1,true,12,metaweb,turkiye,creation,0,0,0,0
7,8,6,true,12,metaweb,turkiye,creation,0,0,0,0
2,19,3,false,12,metaweb,turkiye,creation,192,0,28,0
23,8,6,false,12,metaweb,turkiye,creation,184,8,28,0
40,8,1,false,12,metaweb,turkiye,creation,176,16,28,0
12,8,7,false,12,metaweb,turkiye,creation,168,24,28,0
18,8,6,false,12,metaweb,turkiye,creation,160,32,28,0
13,8,1,false,12,metaweb,turkiye,creation,152,40,28,0
9,8,6,false,12,metaweb,turkiye,creation,144,48,28,0
24,24,6,false,12,metaweb,turkiye,creation,136,56,28,0
10,8,6,false,12,metaweb,turkiye,creation,128,64,28,0
22,8,1,false,12,metaweb,turkiye,creation,120,72,28,0
26,0,27,false,12,metaweb,turkiye,creation,112,80,28,0
3,19,3,false,12,metaweb,turkiye,creation,104,88,28,0
5,11,7,false,12,metaweb,turkiye,creation,96,96,28,0
30,0,27,false,12,metaweb,turkiye,creation,88,104,28,0
31,0,27,false,12,metaweb,turkiye,creation,80,112,28,0
28,0,27,false,12,metaweb,turkiye,creation,72,120,28,0
38,8,1,false,12,metaweb,turkiye,creation,64,128,28,0
37,8,1,false,12,metaweb,turkiye,creation,0,0,28,0
8,8,0,true,12,metaweb,turkiye,creation,0,0,0,0
35,8,1,true,12,metaweb,turkiye,creation,0,0,0,0
25,24,6,false,12,metaweb,turkiye,creation,164,136,56,119
33,0,27,false,12,metaweb,turkiye,creation,164,136,48,127
41,8,1,false,12,metaweb,turkiye,creation,164,136,40,135
27,0,27,false,12,metaweb,turkiye,creation,164,136,32,143
21,8,7,false,12,metaweb,turkiye,creation,164,136,24,151
39,8,1,false,12,metaweb,turkiye,creation,164,136,16,159
14,8,7,false,12,metaweb,turkiye,creation,164,136,8,167
6,8,0,false,12,metaweb,turkiye,creation,164,136,0,175
1,19,3,false,12,metaweb,turkiye,creation,136,56,0,35
19,8,6,false,12,metaweb,turkiye,creation,144,48,0,35
32,0,27,false,12,metaweb,turkiye,creation,152,40,0,35
16,8,7,false,12,metaweb,turkiye,creation,160,32,0,35
4,16,6,false,12,metaweb,turkiye,creation,168,24,0,35
15,8,1,false,12,metaweb,turkiye,creation,176,16,0,35
11,8,7,false,12,metaweb,turkiye,creation,184,8,0,35
36,8,1,false,12,metaweb,turkiye,creation,192,0,0,35
17,5,0,false,12,down_niche_empiricalbm,turkiye,creation,12,0,6,0
20,6,2,false,12,down_niche_empiricalbm,turkiye,creation,10,2,6,0
29,0,17,false,12,down_niche_empiricalbm,turkiye,creation,7,5,6,0
34,6,1,false,12,down_niche_empiricalbm,turkiye,creation,6,11,21,0
7,4,6,false,12,down_niche_empiricalbm,turkiye,creation,1,2,1,0
2,4,0,false,12,down_niche_empiricalbm,turkiye,creation,21,0,1,0
23,4,0,false,12,down_niche_empiricalbm,turkiye,creation,74,5,11,15
40,3,0,false,12,down_niche_empiricalbm,turkiye,creation,14,0,0,0
12,6,1,false,12,down_niche_empiricalbm,turkiye,creation,93,6,15,0
18,4,6,false,12,down_niche_empiricalbm,turkiye,creation,64,11,10,13
13,4,0,false,12,down_niche_empiricalbm,turkiye,creation,2,1,0,0
9,6,1,false,12,down_niche_empiricalbm,turkiye,creation,83,16,15,0
24,6,1,false,12,down_niche_empiricalbm,turkiye,creation,51,15,6,0
10,4,4,false,12,down_niche_empiricalbm,turkiye,creation,63,24,13,12
22,6,0,false,12,down_niche_empiricalbm,turkiye,creation,59,26,10,1
26,0,18,false,12,down_niche_empiricalbm,turkiye,creation,55,31,10,9
3,4,0,false,12,down_niche_empiricalbm,turkiye,creation,41,27,10,0
5,2,0,false,12,down_niche_empiricalbm,turkiye,creation,42,34,8,18
30,0,4,false,12,down_niche_empiricalbm,turkiye,creation,44,42,10,9
31,0,4,false,12,down_niche_empiricalbm,turkiye,creation,40,46,16,7
28,0,15,false,12,down_niche_empiricalbm,turkiye,creation,34,48,10,11
38,6,0,false,12,down_niche_empiricalbm,turkiye,creation,35,64,15,0
37,6,1,false,12,down_niche_empiricalbm,turkiye,creation,0,0,6,0
8,1,0,false,12,down_niche_empiricalbm,turkiye,creation,16,0,0,15
35,5,0,true,12,down_niche_empiricalbm,turkiye,creation,0,0,0,0
25,8,2,false,12,down_niche_empiricalbm,turkiye,creation,81,72,24,50
33,0,19,false,12,down_niche_empiricalbm,turkiye,creation,93,78,22,54
41,5,1,false,12,down_niche_empiricalbm,turkiye,creation,55,50,11,46
27,0,19,false,12,down_niche_empiricalbm,turkiye,creation,70,66,11,58
21,5,2,false,12,down_niche_empiricalbm,turkiye,creation,1,2,4,10
39,2,0,false,12,down_niche_empiricalbm,turkiye,creation,3,3,2,8
14,5,4,false,12,down_niche_empiricalbm,turkiye,creation,70,66,5,66
6,2,0,false,12,down_niche_empiricalbm,turkiye,creation,93,78,0,77
1,4,0,false,12,down_niche_empiricalbm,turkiye,creation,70,29,0,18
19,5,2,false,12,down_niche_empiricalbm,turkiye,creation,52,16,0,10
32,0,17,false,12,down_niche_empiricalbm,turkiye,creation,65,16,0,13
16,5,2,false,12,down_niche_empiricalbm,turkiye,creation,85,14,0,18
4,8,0,false,12,down_niche_empiricalbm,turkiye,creation,67,7,0,15
15,5,1,false,12,down_niche_empiricalbm,turkiye,creation,30,1,0,1
11,1,1,false,12,down_niche_empiricalbm,turkiye,creation,47,3,0,3
36,5,1,false,12,down_niche_empiricalbm,turkiye,creation,85,0,0,13
17,1,6,false,12,niche,turkiye,creation,3,0,1,0
20,10,6,true,12,niche,turkiye,creation,0,0,0,0
29,2,5,false,12,niche,turkiye,creation,24,0,35,0
34,1,4,false,12,niche,turkiye,creation,0,1,43,0
7,0,3,true,12,niche,turkiye,creation,0,0,0,0
2,12,1,false,12,niche,turkiye,creation,11,3,3,0
23,4,9,false,12,niche,turkiye,creation,0,0,0,9
40,0,4,false,12,niche,turkiye,creation,9,7,6,9
12,6,3,false,12,niche,turkiye,creation,8,11,9,9
18,17,6,false,12,niche,turkiye,creation,10,3,7,9
13,9,3,false,12,niche,turkiye,creation,3,2,1,9
9,5,3,false,12,niche,turkiye,creation,3,0,10,9
24,1,7,false,12,niche,turkiye,creation,1,8,15,7
10,6,3,false,12,niche,turkiye,creation,0,5,0,9
22,3,7,false,12,niche,turkiye,creation,2,10,3,13
26,1,5,false,12,niche,turkiye,creation,2,0,0,14
3,10,1,false,12,niche,turkiye,creation,1,0,0,6
5,19,2,true,12,niche,turkiye,creation,0,0,0,0
30,0,5,true,12,niche,turkiye,creation,0,0,0,0
31,1,5,true,12,niche,turkiye,creation,0,0,0,0
28,3,3,false,12,niche,turkiye,creation,1,10,3,5
38,0,2,false,12,niche,turkiye,creation,4,4,1,17
37,2,1,false,12,niche,turkiye,creation,15,3,3,18
8,4,3,false,12,niche,turkiye,creation,11,1,0,20
35,0,1,false,12,niche,turkiye,creation,15,0,0,22
25,0,7,false,12,niche,turkiye,creation,8,1,0,16
33,2,5,false,12,niche,turkiye,creation,4,0,0,16
41,0,3,false,12,niche,turkiye,creation,0,4,1,6
27,0,5,false,12,niche,turkiye,creation,3,1,1,8
21,3,5,false,12,niche,turkiye,creation,3,0,0,12
39,2,3,false,12,niche,turkiye,creation,5,2,0,10
14,1,3,false,12,niche,turkiye,creation,6,3,0,5
6,3,2,true,12,niche,turkiye,creation,0,0,0,0
1,5,1,false,12,niche,turkiye,creation,3,0,0,6
19,7,6,false,12,niche,turkiye,creation,0,0,0,0
32,2,4,false,12,niche,turkiye,creation,0,0,0,4
16,0,7,false,12,niche,turkiye,creation,2,1,1,3
4,10,1,false,12,niche,turkiye,creation,0,0,0,4
15,3,5,false,12,niche,turkiye,creation,3,2,1,3
11,3,3,false,12,niche,turkiye,creation,3,0,0,5
36,1,1,false,12,niche,turkiye,creation,1,0,0,5
17,5,0,false,12,down_niche,turkiye,creation,12,0,6,0
20,6,2,false,12,down_niche,turkiye,creation,10,2,6,0
29,0,17,false,12,down_niche,turkiye,creation,7,5,6,0
34,6,1,false,12,down_niche,turkiye,creation,6,11,21,0
7,4,6,false,12,down_niche,turkiye,creation,1,2,1,0
2,4,0,false,12,down_niche,turkiye,creation,21,0,1,0
23,4,0,false,12,down_niche,turkiye,creation,74,5,11,15
40,3,0,false,12,down_niche,turkiye,creation,14,0,0,0
12,6,1,false,12,down_niche,turkiye,creation,93,6,15,0
18,4,6,false,12,down_niche,turkiye,creation,64,11,10,13
13,4,0,false,12,down_niche,turkiye,creation,2,1,0,0
9,6,1,false,12,down_niche,turkiye,creation,83,16,15,0
24,6,1,false,12,down_niche,turkiye,creation,51,15,6,0
10,4,4,false,12,down_niche,turkiye,creation,63,24,13,12
22,6,0,false,12,down_niche,turkiye,creation,59,26,10,1
26,0,18,false,12,down_niche,turkiye,creation,55,31,10,9
3,4,0,false,12,down_niche,turkiye,creation,41,27,10,0
5,2,0,false,12,down_niche,turkiye,creation,42,34,8,18
30,0,4,false,12,down_niche,turkiye,creation,44,42,10,9
31,0,4,false,12,down_niche,turkiye,creation,40,46,16,7
28,0,15,false,12,down_niche,turkiye,creation,34,48,10,11
38,6,0,false,12,down_niche,turkiye,creation,35,64,15,0
37,6,1,false,12,down_niche,turkiye,creation,0,0,6,0
8,1,0,false,12,down_niche,turkiye,creation,16,0,0,15
35,5,0,true,12,down_niche,turkiye,creation,0,0,0,0
25,8,2,false,12,down_niche,turkiye,creation,81,72,24,50
33,0,19,false,12,down_niche,turkiye,creation,93,78,22,54
41,5,1,false,12,down_niche,turkiye,creation,55,50,11,46
27,0,19,false,12,down_niche,turkiye,creation,70,66,11,58
21,5,2,false,12,down_niche,turkiye,creation,1,2,4,10
39,2,0,false,12,down_niche,turkiye,creation,3,3,2,8
14,5,4,false,12,down_niche,turkiye,creation,70,66,5,66
6,2,0,false,12,down_niche,turkiye,creation,93,78,0,77
1,4,0,false,12,down_niche,turkiye,creation,70,29,0,18
19,5,2,false,12,down_niche,turkiye,creation,52,16,0,10
32,0,17,false,12,down_niche,turkiye,creation,65,16,0,13
16,5,2,false,12,down_niche,turkiye,creation,85,14,0,18
4,8,0,false,12,down_niche,turkiye,creation,67,7,0,15
15,5,1,false,12,down_niche,turkiye,creation,30,1,0,1
11,1,1,false,12,down_niche,turkiye,creation,47,3,0,3
36,5,1,false,12,down_niche,turkiye,creation,85,0,0,13
17,6,0,false,12,atn_empiricalbm,turkiye,creation,106,0,21,0
20,7,0,false,12,atn_empiricalbm,turkiye,creation,115,5,21,0
29,0,14,false,12,atn_empiricalbm,turkiye,creation,94,12,21,0
34,0,3,false,12,atn_empiricalbm,turkiye,creation,79,15,10,0
7,7,0,false,12,atn_empiricalbm,turkiye,creation,60,10,6,0
2,7,0,false,12,atn_empiricalbm,turkiye,creation,72,22,10,0
23,7,0,false,12,atn_empiricalbm,turkiye,creation,89,31,21,0
40,6,7,false,12,atn_empiricalbm,turkiye,creation,62,32,10,0
12,7,0,false,12,atn_empiricalbm,turkiye,creation,65,41,21,0
18,7,0,false,12,atn_empiricalbm,turkiye,creation,58,48,21,0
13,4,0,false,12,atn_empiricalbm,turkiye,creation,60,44,15,0
9,7,0,false,12,atn_empiricalbm,turkiye,creation,61,59,21,0
24,5,0,false,12,atn_empiricalbm,turkiye,creation,30,10,6,0
10,7,0,false,12,atn_empiricalbm,turkiye,creation,46,38,15,0
22,4,17,false,12,atn_empiricalbm,turkiye,creation,22,18,6,0
26,0,3,false,12,atn_empiricalbm,turkiye,creation,46,74,21,0
3,7,0,false,12,atn_empiricalbm,turkiye,creation,32,52,15,0
5,4,0,false,12,atn_empiricalbm,turkiye,creation,33,73,21,0
30,0,23,false,12,atn_empiricalbm,turkiye,creation,26,80,21,0
31,0,18,false,12,atn_empiricalbm,turkiye,creation,25,95,21,0
28,0,8,false,12,atn_empiricalbm,turkiye,creation,12,58,6,0
38,4,23,false,12,atn_empiricalbm,turkiye,creation,106,50,20,78
37,2,14,false,12,atn_empiricalbm,turkiye,creation,24,82,15,6
8,5,0,false,12,atn_empiricalbm,turkiye,creation,21,73,6,4
35,0,4,false,12,atn_empiricalbm,turkiye,creation,18,76,6,4
25,5,0,false,12,atn_empiricalbm,turkiye,creation,3,0,9,0
33,0,0,false,12,atn_empiricalbm,turkiye,creation,3,3,11,5
41,6,0,false,12,atn_empiricalbm,turkiye,creation,13,15,12,22
27,0,4,false,12,atn_empiricalbm,turkiye,creation,67,24,7,60
21,4,0,false,12,atn_empiricalbm,turkiye,creation,231,22,3,115
39,6,18,false,12,atn_empiricalbm,turkiye,creation,153,0,0,97
14,6,0,false,12,atn_empiricalbm,turkiye,creation,21,0,0,42
6,5,0,false,12,atn_empiricalbm,turkiye,creation,0,0,0,0
1,7,0,false,12,atn_empiricalbm,turkiye,creation,3,0,3,6
19,7,0,false,12,atn_empiricalbm,turkiye,creation,3,3,3,13
32,0,7,false,12,atn_empiricalbm,turkiye,creation,13,15,3,31
16,7,0,false,12,atn_empiricalbm,turkiye,creation,67,28,1,67
4,5,0,false,12,atn_empiricalbm,turkiye,creation,235,28,0,124
15,4,0,false,12,atn_empiricalbm,turkiye,creation,171,6,0,112
11,6,0,false,12,atn_empiricalbm,turkiye,creation,63,4,0,57
36,0,8,false,12,atn_empiricalbm,turkiye,creation,84,0,0,15
17,8,1,true,12,metaweb_empiricalbm,turkiye,creation,0,0,0,0
20,8,7,true,12,metaweb_empiricalbm,turkiye,creation,0,0,0,0
29,0,27,true,12,metaweb_empiricalbm,turkiye,creation,0,0,0,0
34,8,1,true,12,metaweb_empiricalbm,turkiye,creation,0,0,0,0
7,8,6,true,12,metaweb_empiricalbm,turkiye,creation,0,0,0,0
2,19,3,false,12,metaweb_empiricalbm,turkiye,creation,192,0,28,0
23,8,6,false,12,metaweb_empiricalbm,turkiye,creation,184,8,28,0
40,8,1,false,12,metaweb_empiricalbm,turkiye,creation,176,16,28,0
12,8,7,false,12,metaweb_empiricalbm,turkiye,creation,168,24,28,0
18,8,6,false,12,metaweb_empiricalbm,turkiye,creation,160,32,28,0
13,8,1,false,12,metaweb_empiricalbm,turkiye,creation,152,40,28,0
9,8,6,false,12,metaweb_empiricalbm,turkiye,creation,144,48,28,0
24,24,6,false,12,metaweb_empiricalbm,turkiye,creation,136,56,28,0
10,8,6,false,12,metaweb_empiricalbm,turkiye,creation,128,64,28,0
22,8,1,false,12,metaweb_empiricalbm,turkiye,creation,120,72,28,0
26,0,27,false,12,metaweb_empiricalbm,turkiye,creation,112,80,28,0
3,19,3,false,12,metaweb_empiricalbm,turkiye,creation,104,88,28,0
5,11,7,false,12,metaweb_empiricalbm,turkiye,creation,96,96,28,0
30,0,27,false,12,metaweb_empiricalbm,turkiye,creation,88,104,28,0
31,0,27,false,12,metaweb_empiricalbm,turkiye,creation,80,112,28,0
28,0,27,false,12,metaweb_empiricalbm,turkiye,creation,72,120,28,0
38,8,1,false,12,metaweb_empiricalbm,turkiye,creation,64,128,28,0
37,8,1,false,12,metaweb_empiricalbm,turkiye,creation,0,0,28,0
8,8,0,true,12,metaweb_empiricalbm,turkiye,creation,0,0,0,0
35,8,1,true,12,metaweb_empiricalbm,turkiye,creation,0,0,0,0
25,24,6,false,12,metaweb_empiricalbm,turkiye,creation,164,136,56,119
33,0,27,false,12,metaweb_empiricalbm,turkiye,creation,164,136,48,127
41,8,1,false,12,metaweb_empiricalbm,turkiye,creation,164,136,40,135
27,0,27,false,12,metaweb_empiricalbm,turkiye,creation,164,136,32,143
21,8,7,false,12,metaweb_empiricalbm,turkiye,creation,164,136,24,151
39,8,1,false,12,metaweb_empiricalbm,turkiye,creation,164,136,16,159
14,8,7,false,12,metaweb_empiricalbm,turkiye,creation,164,136,8,167
6,8,0,false,12,metaweb_empiricalbm,turkiye,creation,164,136,0,175
1,19,3,false,12,metaweb_empiricalbm,turkiye,creation,136,56,0,35
19,8,6,false,12,metaweb_empiricalbm,turkiye,creation,144,48,0,35
32,0,27,false,12,metaweb_empiricalbm,turkiye,creation,152,40,0,35
16,8,7,false,12,metaweb_empiricalbm,turkiye,creation,160,32,0,35
4,16,6,false,12,metaweb_empiricalbm,turkiye,creation,168,24,0,35
15,8,1,false,12,metaweb_empiricalbm,turkiye,creation,176,16,0,35
11,8,7,false,12,metaweb_empiricalbm,turkiye,creation,184,8,0,35
36,8,1,false,12,metaweb_empiricalbm,turkiye,creation,192,0,0,35
17,6,0,false,12,atn,turkiye,creation,106,0,21,0
20,7,0,false,12,atn,turkiye,creation,115,5,21,0
29,0,14,false,12,atn,turkiye,creation,94,12,21,0
34,0,3,false,12,atn,turkiye,creation,79,15,10,0
7,7,0,false,12,atn,turkiye,creation,60,10,6,0
2,7,0,false,12,atn,turkiye,creation,72,22,10,0
23,7,0,false,12,atn,turkiye,creation,89,31,21,0
40,6,7,false,12,atn,turkiye,creation,62,32,10,0
12,7,0,false,12,atn,turkiye,creation,65,41,21,0
18,7,0,false,12,atn,turkiye,creation,58,48,21,0
13,4,0,false,12,atn,turkiye,creation,60,44,15,0
9,7,0,false,12,atn,turkiye,creation,61,59,21,0
24,5,0,false,12,atn,turkiye,creation,30,10,6,0
10,7,0,false,12,atn,turkiye,creation,46,38,15,0
22,4,17,false,12,atn,turkiye,creation,22,18,6,0
26,0,3,false,12,atn,turkiye,creation,46,74,21,0
3,7,0,false,12,atn,turkiye,creation,32,52,15,0
5,4,0,false,12,atn,turkiye,creation,33,73,21,0
30,0,23,false,12,atn,turkiye,creation,26,80,21,0
31,0,18,false,12,atn,turkiye,creation,25,95,21,0
28,0,8,false,12,atn,turkiye,creation,12,58,6,0
38,4,23,false,12,atn,turkiye,creation,106,50,20,78
37,2,14,false,12,atn,turkiye,creation,24,82,15,6
8,5,0,false,12,atn,turkiye,creation,21,73,6,4
35,0,4,false,12,atn,turkiye,creation,18,76,6,4
25,5,0,false,12,atn,turkiye,creation,3,0,9,0
33,0,0,false,12,atn,turkiye,creation,3,3,11,5
41,6,0,false,12,atn,turkiye,creation,13,15,12,22
27,0,4,false,12,atn,turkiye,creation,67,24,7,60
21,4,0,false,12,atn,turkiye,creation,231,22,3,115
39,6,18,false,12,atn,turkiye,creation,153,0,0,97
14,6,0,false,12,atn,turkiye,creation,21,0,0,42
6,5,0,false,12,atn,turkiye,creation,0,0,0,0
1,7,0,false,12,atn,turkiye,creation,3,0,3,6
19,7,0,false,12,atn,turkiye,creation,3,3,3,13
32,0,7,false,12,atn,turkiye,creation,13,15,3,31
16,7,0,false,12,atn,turkiye,creation,67,28,1,67
4,5,0,false,12,atn,turkiye,creation,235,28,0,124
15,4,0,false,12,atn,turkiye,creation,171,6,0,112
11,6,0,false,12,atn,turkiye,creation,63,4,0,57
36,0,8,false,12,atn,turkiye,creation,84,0,0,15
17,8,0,false,12,metaweb,turkiye,burnin,192,0,28,0
20,0,25,false,12,metaweb,turkiye,burnin,184,8,28,0
29,8,0,false,12,metaweb,turkiye,burnin,176,16,28,0
7,8,0,false,12,metaweb,turkiye,burnin,168,24,28,0
2,8,0,false,12,metaweb,turkiye,burnin,160,32,28,0
23,0,25,false,12,metaweb,turkiye,burnin,152,40,28,0
12,8,0,false,12,metaweb,turkiye,burnin,144,48,28,0
18,0,25,false,12,metaweb,turkiye,burnin,136,56,28,0
13,8,0,false,12,metaweb,turkiye,burnin,128,64,28,0
9,8,0,false,12,metaweb,turkiye,burnin,120,72,28,0
24,0,25,false,12,metaweb,turkiye,burnin,112,80,28,0
10,8,0,false,12,metaweb,turkiye,burnin,104,88,28,0
22,0,25,false,12,metaweb,turkiye,burnin,96,96,28,0
26,8,0,false,12,metaweb,turkiye,burnin,88,104,28,0
3,8,0,false,12,metaweb,turkiye,burnin,80,112,28,0
5,8,0,false,12,metaweb,turkiye,burnin,72,120,28,0
30,8,0,false,12,metaweb,turkiye,burnin,64,128,28,0
31,8,0,false,12,metaweb,turkiye,burnin,164,136,56,119
28,8,0,false,12,metaweb,turkiye,burnin,164,136,48,127
8,8,0,false,12,metaweb,turkiye,burnin,164,136,40,135
25,0,25,false,12,metaweb,turkiye,burnin,164,136,32,143
33,8,0,false,12,metaweb,turkiye,burnin,164,136,24,151
27,8,0,false,12,metaweb,turkiye,burnin,164,136,16,159
21,0,25,false,12,metaweb,turkiye,burnin,164,136,8,167
14,8,0,false,12,metaweb,turkiye,burnin,164,136,0,175
6,8,0,false,12,metaweb,turkiye,burnin,136,56,0,28
1,8,0,false,12,metaweb,turkiye,burnin,144,48,0,28
19,0,25,false,12,metaweb,turkiye,burnin,152,40,0,28
32,8,0,false,12,metaweb,turkiye,burnin,160,32,0,28
16,8,0,false,12,metaweb,turkiye,burnin,168,24,0,28
4,8,0,false,12,metaweb,turkiye,burnin,176,16,0,28
15,8,0,false,12,metaweb,turkiye,burnin,184,8,0,28
11,8,0,false,12,metaweb,turkiye,burnin,192,0,0,28
8,0,1,false,12,down_niche_empiricalbm,turkiye,burnin,0,0,0,0
7,0,1,true,12,down_niche_empiricalbm,turkiye,burnin,0,0,0,0
2,3,1,false,12,down_niche_empiricalbm,turkiye,burnin,0,0,4,0
9,0,2,false,12,down_niche_empiricalbm,turkiye,burnin,0,0,3,1
6,0,2,false,12,down_niche_empiricalbm,turkiye,burnin,1,0,4,2
1,1,1,false,12,down_niche_empiricalbm,turkiye,burnin,0,0,1,3
10,5,0,false,12,down_niche_empiricalbm,turkiye,burnin,0,0,0,0
4,0,1,false,12,down_niche_empiricalbm,turkiye,burnin,0,0,1,1
3,0,1,false,12,down_niche_empiricalbm,turkiye,burnin,1,0,0,6
5,0,2,false,12,down_niche_empiricalbm,turkiye,burnin,0,2,0,10
11,3,0,false,12,down_niche_empiricalbm,turkiye,burnin,2,0,0,3
17,1,1,true,12,niche,turkiye,burnin,0,0,0,0
20,1,1,false,12,niche,turkiye,burnin,0,0,6,0
7,1,2,true,12,niche,turkiye,burnin,0,0,0,0
2,4,1,false,12,niche,turkiye,burnin,2,0,3,0
23,2,1,false,12,niche,turkiye,burnin,0,0,0,3
12,1,1,false,12,niche,turkiye,burnin,3,0,10,3
18,2,1,false,12,niche,turkiye,burnin,0,1,0,3
13,0,2,false,12,niche,turkiye,burnin,0,0,0,3
9,3,2,true,12,niche,turkiye,burnin,0,0,0,0
24,0,2,false,12,niche,turkiye,burnin,1,1,1,0
10,2,2,false,12,niche,turkiye,burnin,1,1,2,2
22,1,1,false,12,niche,turkiye,burnin,1,1,0,2
26,0,4,false,12,niche,turkiye,burnin,1,0,0,3
3,9,2,false,12,niche,turkiye,burnin,1,0,0,3
5,0,3,false,12,niche,turkiye,burnin,0,0,1,1
8,0,3,false,12,niche,turkiye,burnin,0,0,0,2
25,2,3,false,12,niche,turkiye,burnin,0,0,0,1
27,0,3,false,12,niche,turkiye,burnin,1,3,0,0
21,0,1,true,12,niche,turkiye,burnin,0,0,0,0
14,0,2,false,12,niche,turkiye,burnin,0,0,0,0
6,6,3,false,12,niche,turkiye,burnin,0,0,0,0
1,6,1,false,12,niche,turkiye,burnin,0,0,0,4
19,2,1,false,12,niche,turkiye,burnin,2,1,1,3
16,0,2,false,12,niche,turkiye,burnin,0,0,0,4
4,3,2,false,12,niche,turkiye,burnin,3,2,1,3
15,2,1,false,12,niche,turkiye,burnin,3,0,0,5
11,3,3,false,12,niche,turkiye,burnin,1,0,0,5
17,0,3,false,12,down_niche,turkiye,burnin,12,0,0,0
20,0,15,false,12,down_niche,turkiye,burnin,81,1,15,0
7,5,0,false,12,down_niche,turkiye,burnin,2,0,0,0
2,6,0,false,12,down_niche,turkiye,burnin,75,7,15,0
23,5,0,false,12,down_niche,turkiye,burnin,57,11,10,0
12,6,0,false,12,down_niche,turkiye,burnin,56,14,10,0
18,0,3,false,12,down_niche,turkiye,burnin,51,19,10,0
13,0,16,false,12,down_niche,turkiye,burnin,38,19,10,0
9,5,0,false,12,down_niche,turkiye,burnin,43,27,10,0
24,6,0,false,12,down_niche,turkiye,burnin,40,30,15,0
10,6,0,false,12,down_niche,turkiye,burnin,34,35,10,0
22,5,0,false,12,down_niche,turkiye,burnin,35,47,15,0
26,2,0,false,12,down_niche,turkiye,burnin,60,60,24,44
3,1,0,false,12,down_niche,turkiye,burnin,43,48,22,41
5,5,0,false,12,down_niche,turkiye,burnin,38,40,11,40
28,5,0,false,12,down_niche,turkiye,burnin,51,54,11,52
8,5,0,false,12,down_niche,turkiye,burnin,1,2,4,10
25,6,0,false,12,down_niche,turkiye,burnin,1,2,2,7
27,3,0,false,12,down_niche,turkiye,burnin,51,54,5,60
21,6,0,false,12,down_niche,turkiye,burnin,51,54,0,65
14,0,14,false,12,down_niche,turkiye,burnin,53,29,0,15
6,5,0,false,12,down_niche,turkiye,burnin,39,16,0,10
1,1,0,false,12,down_niche,turkiye,burnin,52,16,0,10
19,0,15,false,12,down_niche,turkiye,burnin,68,14,0,15
16,0,15,false,12,down_niche,turkiye,burnin,53,7,0,15
4,6,0,false,12,down_niche,turkiye,burnin,26,1,0,1
15,0,13,false,12,down_niche,turkiye,burnin,39,3,0,3
11,5,0,false,12,down_niche,turkiye,burnin,70,0,0,10
8,2,0,false,12,atn_empiricalbm,turkiye,burnin,20,0,3,0
7,3,0,false,12,atn_empiricalbm,turkiye,burnin,17,3,3,0
2,3,0,false,12,atn_empiricalbm,turkiye,burnin,14,6,3,0
9,0,8,false,12,atn_empiricalbm,turkiye,burnin,11,9,3,0
6,3,0,false,12,atn_empiricalbm,turkiye,burnin,8,12,3,0
1,3,0,false,12,atn_empiricalbm,turkiye,burnin,5,15,3,0
10,0,8,false,12,atn_empiricalbm,turkiye,burnin,2,18,3,0
4,3,0,false,12,atn_empiricalbm,turkiye,burnin,0,14,1,0
3,3,0,false,12,atn_empiricalbm,turkiye,burnin,28,0,0,15
5,3,0,false,12,atn_empiricalbm,turkiye,burnin,28,0,0,15
11,0,7,false,12,atn_empiricalbm,turkiye,burnin,21,0,0,14
9,8,0,false,12,metaweb_empiricalbm,turkiye,burnin,0,0,7,0
6,0,1,false,12,metaweb_empiricalbm,turkiye,burnin,0,0,6,1
1,0,1,false,12,metaweb_empiricalbm,turkiye,burnin,0,0,5,2
8,0,1,false,12,metaweb_empiricalbm,turkiye,burnin,0,0,4,3
7,0,1,false,12,metaweb_empiricalbm,turkiye,burnin,0,0,3,4
2,0,1,false,12,metaweb_empiricalbm,turkiye,burnin,0,0,2,5
4,0,1,false,12,metaweb_empiricalbm,turkiye,burnin,0,0,1,6
3,0,1,false,12,metaweb_empiricalbm,turkiye,burnin,0,0,0,7
5,0,1,false,12,metaweb_empiricalbm,turkiye,burnin,0,0,0,28
17,5,0,false,12,atn,turkiye,burnin,77,0,21,0
20,0,4,false,12,atn,turkiye,burnin,70,7,21,0
29,2,7,false,12,atn,turkiye,burnin,55,10,10,0
7,7,0,false,12,atn,turkiye,burnin,50,15,10,0
2,7,0,false,12,atn,turkiye,burnin,45,20,10,0
23,0,16,false,12,atn,turkiye,burnin,48,29,21,0
12,6,0,false,12,atn,turkiye,burnin,41,36,21,0
18,5,0,false,12,atn,turkiye,burnin,38,28,15,0
13,7,0,false,12,atn,turkiye,burnin,24,2,6,0
9,4,0,false,12,atn,turkiye,burnin,34,22,15,0
24,0,13,false,12,atn,turkiye,burnin,16,10,6,0
10,6,0,false,12,atn,turkiye,burnin,24,32,15,0
22,0,7,false,12,atn,turkiye,burnin,26,51,21,0
26,0,3,false,12,atn,turkiye,burnin,19,58,21,0
3,5,0,false,12,atn,turkiye,burnin,51,35,20,48
5,5,0,false,12,atn,turkiye,burnin,19,58,15,6
30,4,16,false,12,atn,turkiye,burnin,16,49,6,4
31,6,13,false,12,atn,turkiye,burnin,13,52,6,4
28,0,8,false,12,atn,turkiye,burnin,3,0,9,0
8,6,0,false,12,atn,turkiye,burnin,3,3,11,5
25,0,7,false,12,atn,turkiye,burnin,13,15,12,22
33,6,0,false,12,atn,turkiye,burnin,11,10,7,24
27,0,4,false,12,atn,turkiye,burnin,105,15,3,79
21,0,8,false,12,atn,turkiye,burnin,78,0,0,67
14,7,0,false,12,atn,turkiye,burnin,21,0,0,42
6,7,0,false,12,atn,turkiye,burnin,3,0,3,6
1,7,0,false,12,atn,turkiye,burnin,3,3,3,13
19,0,3,false,12,atn,turkiye,burnin,13,15,3,31
32,6,7,false,12,atn,turkiye,burnin,11,14,1,31
16,7,0,false,12,atn,turkiye,burnin,109,21,0,88
4,5,0,false,12,atn,turkiye,burnin,96,6,0,82
15,4,12,false,12,atn,turkiye,burnin,49,4,0,57
11,4,0,false,12,atn,turkiye,burnin,56,0,0,15
17,8,1,true,13,metaweb,turkiye,creation,0,0,0,0
20,8,7,true,13,metaweb,turkiye,creation,0,0,0,0
29,0,27,true,13,metaweb,turkiye,creation,0,0,0,0
34,8,1,true,13,metaweb,turkiye,creation,0,0,0,0
7,8,6,true,13,metaweb,turkiye,creation,0,0,0,0
2,19,3,false,13,metaweb,turkiye,creation,192,0,28,0
23,8,6,false,13,metaweb,turkiye,creation,184,8,28,0
40,8,1,false,13,metaweb,turkiye,creation,176,16,28,0
12,8,7,false,13,metaweb,turkiye,creation,168,24,28,0
18,8,6,false,13,metaweb,turkiye,creation,160,32,28,0
13,8,1,false,13,metaweb,turkiye,creation,152,40,28,0
9,8,6,false,13,metaweb,turkiye,creation,144,48,28,0
24,24,6,false,13,metaweb,turkiye,creation,136,56,28,0
10,8,6,false,13,metaweb,turkiye,creation,128,64,28,0
22,8,1,false,13,metaweb,turkiye,creation,120,72,28,0
26,0,27,false,13,metaweb,turkiye,creation,112,80,28,0
3,19,3,false,13,metaweb,turkiye,creation,104,88,28,0
5,11,7,false,13,metaweb,turkiye,creation,96,96,28,0
30,0,27,false,13,metaweb,turkiye,creation,88,104,28,0
31,0,27,false,13,metaweb,turkiye,creation,80,112,28,0
28,0,27,false,13,metaweb,turkiye,creation,72,120,28,0
38,8,1,false,13,metaweb,turkiye,creation,64,128,28,0
37,8,1,false,13,metaweb,turkiye,creation,0,0,28,0
8,8,0,true,13,metaweb,turkiye,creation,0,0,0,0
35,8,1,true,13,metaweb,turkiye,creation,0,0,0,0
25,24,6,false,13,metaweb,turkiye,creation,164,136,56,119
33,0,27,false,13,metaweb,turkiye,creation,164,136,48,127
41,8,1,false,13,metaweb,turkiye,creation,164,136,40,135
27,0,27,false,13,metaweb,turkiye,creation,164,136,32,143
21,8,7,false,13,metaweb,turkiye,creation,164,136,24,151
39,8,1,false,13,metaweb,turkiye,creation,164,136,16,159
14,8,7,false,13,metaweb,turkiye,creation,164,136,8,167
6,8,0,false,13,metaweb,turkiye,creation,164,136,0,175
1,19,3,false,13,metaweb,turkiye,creation,136,56,0,35
19,8,6,false,13,metaweb,turkiye,creation,144,48,0,35
32,0,27,false,13,metaweb,turkiye,creation,152,40,0,35
16,8,7,false,13,metaweb,turkiye,creation,160,32,0,35
4,16,6,false,13,metaweb,turkiye,creation,168,24,0,35
15,8,1,false,13,metaweb,turkiye,creation,176,16,0,35
11,8,7,false,13,metaweb,turkiye,creation,184,8,0,35
36,8,1,false,13,metaweb,turkiye,creation,192,0,0,35
17,5,0,false,13,down_niche_empiricalbm,turkiye,creation,0,0,3,0
20,4,2,false,13,down_niche_empiricalbm,turkiye,creation,4,0,0,0
29,0,18,false,13,down_niche_empiricalbm,turkiye,creation,5,1,6,0
34,2,0,false,13,down_niche_empiricalbm,turkiye,creation,5,2,1,0
7,6,3,false,13,down_niche_empiricalbm,turkiye,creation,3,1,1,0
2,1,0,false,13,down_niche_empiricalbm,turkiye,creation,84,0,10,0
23,5,1,false,13,down_niche_empiricalbm,turkiye,creation,88,7,25,3
40,2,1,false,13,down_niche_empiricalbm,turkiye,creation,36,5,3,0
12,6,1,false,13,down_niche_empiricalbm,turkiye,creation,39,5,7,1
18,5,1,false,13,down_niche_empiricalbm,turkiye,creation,70,14,10,0
13,5,0,false,13,down_niche_empiricalbm,turkiye,creation,33,9,6,2
9,3,1,false,13,down_niche_empiricalbm,turkiye,creation,69,23,19,1
24,7,1,false,13,down_niche_empiricalbm,turkiye,creation,58,26,10,0
10,5,0,false,13,down_niche_empiricalbm,turkiye,creation,23,12,1,3
22,6,0,false,13,down_niche_empiricalbm,turkiye,creation,43,24,10,0
26,0,10,false,13,down_niche_empiricalbm,turkiye,creation,29,22,12,5
3,4,0,false,13,down_niche_empiricalbm,turkiye,creation,45,33,10,0
5,2,0,false,13,down_niche_empiricalbm,turkiye,creation,35,32,10,3
30,0,16,false,13,down_niche_empiricalbm,turkiye,creation,34,43,10,11
31,0,10,false,13,down_niche_empiricalbm,turkiye,creation,29,40,7,5
28,0,18,false,13,down_niche_empiricalbm,turkiye,creation,29,53,11,12
38,4,1,false,13,down_niche_empiricalbm,turkiye,creation,28,56,15,0
37,5,0,false,13,down_niche_empiricalbm,turkiye,creation,0,0,10,2
8,3,0,false,13,down_niche_empiricalbm,turkiye,creation,13,12,0,20
35,5,1,false,13,down_niche_empiricalbm,turkiye,creation,10,0,0,17
25,6,1,false,13,down_niche_empiricalbm,turkiye,creation,21,24,14,24
33,0,19,false,13,down_niche_empiricalbm,turkiye,creation,81,72,18,51
41,4,1,false,13,down_niche_empiricalbm,turkiye,creation,78,72,15,53
27,0,18,false,13,down_niche_empiricalbm,turkiye,creation,88,65,7,60
21,5,4,false,13,down_niche_empiricalbm,turkiye,creation,81,39,3,58
39,5,1,false,13,down_niche_empiricalbm,turkiye,creation,24,21,2,34
14,2,1,false,13,down_niche_empiricalbm,turkiye,creation,0,0,0,3
6,5,0,false,13,down_niche_empiricalbm,turkiye,creation,93,78,0,65
1,3,0,false,13,down_niche_empiricalbm,turkiye,creation,25,10,0,1
19,4,5,false,13,down_niche_empiricalbm,turkiye,creation,65,19,0,14
32,0,1,false,13,down_niche_empiricalbm,turkiye,creation,69,16,0,15
16,4,2,false,13,down_niche_empiricalbm,turkiye,creation,66,12,0,10
4,2,0,false,13,down_niche_empiricalbm,turkiye,creation,61,5,0,10
15,5,0,false,13,down_niche_empiricalbm,turkiye,creation,65,5,0,14
11,3,1,false,13,down_niche_empiricalbm,turkiye,creation,18,0,0,5
36,6,0,false,13,down_niche_empiricalbm,turkiye,creation,69,0,0,10
17,0,2,false,13,niche,turkiye,creation,5,0,0,0
20,5,3,false,13,niche,turkiye,creation,9,0,1,0
29,1,7,false,13,niche,turkiye,creation,5,0,2,0
34,1,8,false,13,niche,turkiye,creation,20,1,10,0
7,13,1,false,13,niche,turkiye,creation,14,0,9,0
2,3,1,false,13,niche,turkiye,creation,3,2,1,0
23,1,6,true,13,niche,turkiye,creation,0,0,0,0
40,0,2,false,13,niche,turkiye,creation,0,15,224,0
12,0,4,false,13,niche,turkiye,creation,17,7,31,14
18,0,3,false,13,niche,turkiye,creation,8,14,24,15
13,1,5,false,13,niche,turkiye,creation,1,13,72,11
9,11,2,false,13,niche,turkiye,creation,3,0,0,26
24,9,7,false,13,niche,turkiye,creation,5,2,0,34
10,9,2,false,13,niche,turkiye,creation,7,3,2,32
22,0,7,false,13,niche,turkiye,creation,0,3,6,26
26,0,5,false,13,niche,turkiye,creation,0,2,8,34
3,3,1,false,13,niche,turkiye,creation,0,0,0,34
5,6,1,false,13,niche,turkiye,creation,0,0,0,35
30,0,6,false,13,niche,turkiye,creation,0,0,0,35
31,6,6,false,13,niche,turkiye,creation,3,6,3,32
28,2,6,true,13,niche,turkiye,creation,0,0,0,0
38,1,2,false,13,niche,turkiye,creation,10,0,0,49
37,0,2,false,13,niche,turkiye,creation,7,1,0,44
8,27,1,false,13,niche,turkiye,creation,6,13,17,27
35,0,7,false,13,niche,turkiye,creation,3,0,0,47
25,0,5,false,13,niche,turkiye,creation,3,0,0,47
33,2,8,false,13,niche,turkiye,creation,10,0,0,43
41,0,2,false,13,niche,turkiye,creation,7,4,1,39
27,0,7,false,13,niche,turkiye,creation,9,0,0,44
21,9,7,false,13,niche,turkiye,creation,6,0,0,39
39,1,1,true,13,niche,turkiye,creation,0,0,0,0
14,3,2,false,13,niche,turkiye,creation,4,8,2,29
6,2,1,true,13,niche,turkiye,creation,0,0,0,0
1,1,1,false,13,niche,turkiye,creation,9,0,0,29
19,0,3,false,13,niche,turkiye,creation,9,0,0,32
32,4,5,false,13,niche,turkiye,creation,3,0,0,5
16,5,2,false,13,niche,turkiye,creation,1,0,0,8
4,6,1,false,13,niche,turkiye,creation,1,0,0,7
15,5,2,false,13,niche,turkiye,creation,0,0,0,3
11,14,3,false,13,niche,turkiye,creation,0,0,0,3
36,0,4,false,13,niche,turkiye,creation,0,0,0,3
17,5,0,false,13,down_niche,turkiye,creation,0,0,3,0
20,4,2,false,13,down_niche,turkiye,creation,4,0,0,0
29,0,18,false,13,down_niche,turkiye,creation,5,1,6,0
34,2,0,false,13,down_niche,turkiye,creation,5,2,1,0
7,6,3,false,13,down_niche,turkiye,creation,3,1,1,0
2,1,0,false,13,down_niche,turkiye,creation,84,0,10,0
23,5,1,false,13,down_niche,turkiye,creation,88,7,25,3
40,2,1,false,13,down_niche,turkiye,creation,36,5,3,0
12,6,1,false,13,down_niche,turkiye,creation,39,5,7,1
18,5,1,false,13,down_niche,turkiye,creation,70,14,10,0
13,5,0,false,13,down_niche,turkiye,creation,33,9,6,2
9,3,1,false,13,down_niche,turkiye,creation,69,23,19,1
24,7,1,false,13,down_niche,turkiye,creation,58,26,10,0
10,5,0,false,13,down_niche,turkiye,creation,23,12,1,3
22,6,0,false,13,down_niche,turkiye,creation,43,24,10,0
26,0,10,false,13,down_niche,turkiye,creation,29,22,12,5
3,4,0,false,13,down_niche,turkiye,creation,45,33,10,0
5,2,0,false,13,down_niche,turkiye,creation,35,32,10,3
30,0,16,false,13,down_niche,turkiye,creation,34,43,10,11
31,0,10,false,13,down_niche,turkiye,creation,29,40,7,5
28,0,18,false,13,down_niche,turkiye,creation,29,53,11,12
38,4,1,false,13,down_niche,turkiye,creation,28,56,15,0
37,5,0,false,13,down_niche,turkiye,creation,0,0,10,2
8,3,0,false,13,down_niche,turkiye,creation,13,12,0,20
35,5,1,false,13,down_niche,turkiye,creation,10,0,0,17
25,6,1,false,13,down_niche,turkiye,creation,21,24,14,24
33,0,19,false,13,down_niche,turkiye,creation,81,72,18,51
41,4,1,false,13,down_niche,turkiye,creation,78,72,15,53
27,0,18,false,13,down_niche,turkiye,creation,88,65,7,60
21,5,4,false,13,down_niche,turkiye,creation,81,39,3,58
39,5,1,false,13,down_niche,turkiye,creation,24,21,2,34
14,2,1,false,13,down_niche,turkiye,creation,0,0,0,3
6,5,0,false,13,down_niche,turkiye,creation,93,78,0,65
1,3,0,false,13,down_niche,turkiye,creation,25,10,0,1
19,4,5,false,13,down_niche,turkiye,creation,65,19,0,14
32,0,1,false,13,down_niche,turkiye,creation,69,16,0,15
16,4,2,false,13,down_niche,turkiye,creation,66,12,0,10
4,2,0,false,13,down_niche,turkiye,creation,61,5,0,10
15,5,0,false,13,down_niche,turkiye,creation,65,5,0,14
11,3,1,false,13,down_niche,turkiye,creation,18,0,0,5
36,6,0,false,13,down_niche,turkiye,creation,69,0,0,10
17,6,6,false,13,atn_empiricalbm,turkiye,creation,113,0,19,0
20,6,0,false,13,atn_empiricalbm,turkiye,creation,106,7,19,0
29,0,17,false,13,atn_empiricalbm,turkiye,creation,85,10,36,0
34,0,3,false,13,atn_empiricalbm,turkiye,creation,76,19,36,0
7,7,0,false,13,atn_empiricalbm,turkiye,creation,82,12,15,0
2,7,0,false,13,atn_empiricalbm,turkiye,creation,61,22,10,0
23,7,0,false,13,atn_empiricalbm,turkiye,creation,62,31,21,0
40,6,2,false,13,atn_empiricalbm,turkiye,creation,51,32,10,0
12,6,0,false,13,atn_empiricalbm,turkiye,creation,68,36,15,0
18,7,0,false,13,atn_empiricalbm,turkiye,creation,46,47,21,0
13,6,12,false,13,atn_empiricalbm,turkiye,creation,64,30,15,0
9,6,0,false,13,atn_empiricalbm,turkiye,creation,58,36,15,0
24,5,0,false,13,atn_empiricalbm,turkiye,creation,78,46,35,44
10,7,0,false,13,atn_empiricalbm,turkiye,creation,36,38,6,0
22,6,6,false,13,atn_empiricalbm,turkiye,creation,28,24,6,0
26,0,3,false,13,atn_empiricalbm,turkiye,creation,42,62,15,0
3,9,0,false,13,atn_empiricalbm,turkiye,creation,37,40,25,30
5,6,0,false,13,atn_empiricalbm,turkiye,creation,37,56,10,11
30,0,22,false,13,atn_empiricalbm,turkiye,creation,30,74,15,0
31,0,16,false,13,atn_empiricalbm,turkiye,creation,26,68,15,0
28,0,11,false,13,atn_empiricalbm,turkiye,creation,20,84,15,0
38,4,22,false,13,atn_empiricalbm,turkiye,creation,26,51,19,36
37,2,17,false,13,atn_empiricalbm,turkiye,creation,29,64,6,15
8,5,0,false,13,atn_empiricalbm,turkiye,creation,16,67,6,4
35,0,6,false,13,atn_empiricalbm,turkiye,creation,13,70,6,4
25,5,0,false,13,atn_empiricalbm,turkiye,creation,3,0,9,0
33,0,0,false,13,atn_empiricalbm,turkiye,creation,6,9,11,17
41,6,0,false,13,atn_empiricalbm,turkiye,creation,31,24,12,41
27,0,6,false,13,atn_empiricalbm,turkiye,creation,104,30,7,74
21,6,0,false,13,atn_empiricalbm,turkiye,creation,210,21,3,113
39,6,16,false,13,atn_empiricalbm,turkiye,creation,120,0,0,88
14,4,0,false,13,atn_empiricalbm,turkiye,creation,1,0,0,16
6,5,0,false,13,atn_empiricalbm,turkiye,creation,0,0,0,0
1,7,0,false,13,atn_empiricalbm,turkiye,creation,3,0,3,6
19,6,0,false,13,atn_empiricalbm,turkiye,creation,6,9,3,25
32,0,2,false,13,atn_empiricalbm,turkiye,creation,31,24,3,50
16,6,0,false,13,atn_empiricalbm,turkiye,creation,104,34,1,81
4,9,0,false,13,atn_empiricalbm,turkiye,creation,218,27,0,122
15,4,0,false,13,atn_empiricalbm,turkiye,creation,148,6,0,103
11,6,0,false,13,atn_empiricalbm,turkiye,creation,59,4,0,31
36,0,11,false,13,atn_empiricalbm,turkiye,creation,94,0,0,15
17,8,1,true,13,metaweb_empiricalbm,turkiye,creation,0,0,0,0
20,8,7,true,13,metaweb_empiricalbm,turkiye,creation,0,0,0,0
29,0,27,true,13,metaweb_empiricalbm,turkiye,creation,0,0,0,0
34,8,1,true,13,metaweb_empiricalbm,turkiye,creation,0,0,0,0
7,8,6,true,13,metaweb_empiricalbm,turkiye,creation,0,0,0,0
2,19,3,false,13,metaweb_empiricalbm,turkiye,creation,192,0,28,0
23,8,6,false,13,metaweb_empiricalbm,turkiye,creation,184,8,28,0
40,8,1,false,13,metaweb_empiricalbm,turkiye,creation,176,16,28,0
12,8,7,false,13,metaweb_empiricalbm,turkiye,creation,168,24,28,0
18,8,6,false,13,metaweb_empiricalbm,turkiye,creation,160,32,28,0
13,8,1,false,13,metaweb_empiricalbm,turkiye,creation,152,40,28,0
9,8,6,false,13,metaweb_empiricalbm,turkiye,creation,144,48,28,0
24,24,6,false,13,metaweb_empiricalbm,turkiye,creation,136,56,28,0
10,8,6,false,13,metaweb_empiricalbm,turkiye,creation,128,64,28,0
22,8,1,false,13,metaweb_empiricalbm,turkiye,creation,120,72,28,0
26,0,27,false,13,metaweb_empiricalbm,turkiye,creation,112,80,28,0
3,19,3,false,13,metaweb_empiricalbm,turkiye,creation,104,88,28,0
5,11,7,false,13,metaweb_empiricalbm,turkiye,creation,96,96,28,0
30,0,27,false,13,metaweb_empiricalbm,turkiye,creation,88,104,28,0
31,0,27,false,13,metaweb_empiricalbm,turkiye,creation,80,112,28,0
28,0,27,false,13,metaweb_empiricalbm,turkiye,creation,72,120,28,0
38,8,1,false,13,metaweb_empiricalbm,turkiye,creation,64,128,28,0
37,8,1,false,13,metaweb_empiricalbm,turkiye,creation,0,0,28,0
8,8,0,true,13,metaweb_empiricalbm,turkiye,creation,0,0,0,0
35,8,1,true,13,metaweb_empiricalbm,turkiye,creation,0,0,0,0
25,24,6,false,13,metaweb_empiricalbm,turkiye,creation,164,136,56,119
33,0,27,false,13,metaweb_empiricalbm,turkiye,creation,164,136,48,127
41,8,1,false,13,metaweb_empiricalbm,turkiye,creation,164,136,40,135
27,0,27,false,13,metaweb_empiricalbm,turkiye,creation,164,136,32,143
21,8,7,false,13,metaweb_empiricalbm,turkiye,creation,164,136,24,151
39,8,1,false,13,metaweb_empiricalbm,turkiye,creation,164,136,16,159
14,8,7,false,13,metaweb_empiricalbm,turkiye,creation,164,136,8,167
6,8,0,false,13,metaweb_empiricalbm,turkiye,creation,164,136,0,175
1,19,3,false,13,metaweb_empiricalbm,turkiye,creation,136,56,0,35
19,8,6,false,13,metaweb_empiricalbm,turkiye,creation,144,48,0,35
32,0,27,false,13,metaweb_empiricalbm,turkiye,creation,152,40,0,35
16,8,7,false,13,metaweb_empiricalbm,turkiye,creation,160,32,0,35
4,16,6,false,13,metaweb_empiricalbm,turkiye,creation,168,24,0,35
15,8,1,false,13,metaweb_empiricalbm,turkiye,creation,176,16,0,35
11,8,7,false,13,metaweb_empiricalbm,turkiye,creation,184,8,0,35
36,8,1,false,13,metaweb_empiricalbm,turkiye,creation,192,0,0,35
17,6,6,false,13,atn,turkiye,creation,113,0,19,0
20,6,0,false,13,atn,turkiye,creation,106,7,19,0
29,0,17,false,13,atn,turkiye,creation,85,10,36,0
34,0,3,false,13,atn,turkiye,creation,76,19,36,0
7,7,0,false,13,atn,turkiye,creation,82,12,15,0
2,7,0,false,13,atn,turkiye,creation,61,22,10,0
23,7,0,false,13,atn,turkiye,creation,62,31,21,0
40,6,2,false,13,atn,turkiye,creation,51,32,10,0
12,6,0,false,13,atn,turkiye,creation,68,36,15,0
18,7,0,false,13,atn,turkiye,creation,46,47,21,0
13,6,12,false,13,atn,turkiye,creation,64,30,15,0
9,6,0,false,13,atn,turkiye,creation,58,36,15,0
24,5,0,false,13,atn,turkiye,creation,78,46,35,44
10,7,0,false,13,atn,turkiye,creation,36,38,6,0
22,6,6,false,13,atn,turkiye,creation,28,24,6,0
26,0,3,false,13,atn,turkiye,creation,42,62,15,0
3,9,0,false,13,atn,turkiye,creation,37,40,25,30
5,6,0,false,13,atn,turkiye,creation,37,56,10,11
30,0,22,false,13,atn,turkiye,creation,30,74,15,0
31,0,16,false,13,atn,turkiye,creation,26,68,15,0
28,0,11,false,13,atn,turkiye,creation,20,84,15,0
38,4,22,false,13,atn,turkiye,creation,26,51,19,36
37,2,17,false,13,atn,turkiye,creation,29,64,6,15
8,5,0,false,13,atn,turkiye,creation,16,67,6,4
35,0,6,false,13,atn,turkiye,creation,13,70,6,4
25,5,0,false,13,atn,turkiye,creation,3,0,9,0
33,0,0,false,13,atn,turkiye,creation,6,9,11,17
41,6,0,false,13,atn,turkiye,creation,31,24,12,41
27,0,6,false,13,atn,turkiye,creation,104,30,7,74
21,6,0,false,13,atn,turkiye,creation,210,21,3,113
39,6,16,false,13,atn,turkiye,creation,120,0,0,88
14,4,0,false,13,atn,turkiye,creation,1,0,0,16
6,5,0,false,13,atn,turkiye,creation,0,0,0,0
1,7,0,false,13,atn,turkiye,creation,3,0,3,6
19,6,0,false,13,atn,turkiye,creation,6,9,3,25
32,0,2,false,13,atn,turkiye,creation,31,24,3,50
16,6,0,false,13,atn,turkiye,creation,104,34,1,81
4,9,0,false,13,atn,turkiye,creation,218,27,0,122
15,4,0,false,13,atn,turkiye,creation,148,6,0,103
11,6,0,false,13,atn,turkiye,creation,59,4,0,31
36,0,11,false,13,atn,turkiye,creation,94,0,0,15
17,8,0,false,13,metaweb,turkiye,burnin,192,0,28,0
20,0,25,false,13,metaweb,turkiye,burnin,184,8,28,0
29,8,0,false,13,metaweb,turkiye,burnin,176,16,28,0
7,8,0,false,13,metaweb,turkiye,burnin,168,24,28,0
2,8,0,false,13,metaweb,turkiye,burnin,160,32,28,0
23,0,25,false,13,metaweb,turkiye,burnin,152,40,28,0
12,8,0,false,13,metaweb,turkiye,burnin,144,48,28,0
18,0,25,false,13,metaweb,turkiye,burnin,136,56,28,0
13,8,0,false,13,metaweb,turkiye,burnin,128,64,28,0
9,8,0,false,13,metaweb,turkiye,burnin,120,72,28,0
24,0,25,false,13,metaweb,turkiye,burnin,112,80,28,0
10,8,0,false,13,metaweb,turkiye,burnin,104,88,28,0
22,0,25,false,13,metaweb,turkiye,burnin,96,96,28,0
26,8,0,false,13,metaweb,turkiye,burnin,88,104,28,0
3,8,0,false,13,metaweb,turkiye,burnin,80,112,28,0
5,8,0,false,13,metaweb,turkiye,burnin,72,120,28,0
30,8,0,false,13,metaweb,turkiye,burnin,64,128,28,0
31,8,0,false,13,metaweb,turkiye,burnin,164,136,56,119
28,8,0,false,13,metaweb,turkiye,burnin,164,136,48,127
8,8,0,false,13,metaweb,turkiye,burnin,164,136,40,135
25,0,25,false,13,metaweb,turkiye,burnin,164,136,32,143
33,8,0,false,13,metaweb,turkiye,burnin,164,136,24,151
27,8,0,false,13,metaweb,turkiye,burnin,164,136,16,159
21,0,25,false,13,metaweb,turkiye,burnin,164,136,8,167
14,8,0,false,13,metaweb,turkiye,burnin,164,136,0,175
6,8,0,false,13,metaweb,turkiye,burnin,136,56,0,28
1,8,0,false,13,metaweb,turkiye,burnin,144,48,0,28
19,0,25,false,13,metaweb,turkiye,burnin,152,40,0,28
32,8,0,false,13,metaweb,turkiye,burnin,160,32,0,28
16,8,0,false,13,metaweb,turkiye,burnin,168,24,0,28
4,8,0,false,13,metaweb,turkiye,burnin,176,16,0,28
15,8,0,false,13,metaweb,turkiye,burnin,184,8,0,28
11,8,0,false,13,metaweb,turkiye,burnin,192,0,0,28
8,0,3,false,13,down_niche_empiricalbm,turkiye,burnin,0,0,0,0
7,0,2,false,13,down_niche_empiricalbm,turkiye,burnin,5,0,4,0
2,3,1,false,13,down_niche_empiricalbm,turkiye,burnin,4,2,6,1
12,2,0,false,13,down_niche_empiricalbm,turkiye,burnin,0,0,0,1
13,5,0,false,13,down_niche_empiricalbm,turkiye,burnin,1,0,5,0
9,0,1,false,13,down_niche_empiricalbm,turkiye,burnin,0,0,3,1
6,0,1,false,13,down_niche_empiricalbm,turkiye,burnin,0,1,2,5
1,1,0,false,13,down_niche_empiricalbm,turkiye,burnin,1,2,1,8
10,0,1,false,13,down_niche_empiricalbm,turkiye,burnin,0,0,0,2
4,2,1,false,13,down_niche_empiricalbm,turkiye,burnin,0,0,0,3
3,4,1,false,13,down_niche_empiricalbm,turkiye,burnin,2,4,0,10
5,0,2,false,13,down_niche_empiricalbm,turkiye,burnin,2,2,0,1
11,0,4,false,13,down_niche_empiricalbm,turkiye,burnin,7,0,0,10
17,3,3,false,13,niche,turkiye,burnin,5,0,0,0
20,7,5,false,13,niche,turkiye,burnin,2,0,1,0
29,0,7,false,13,niche,turkiye,burnin,15,1,6,0
34,0,2,false,13,niche,turkiye,burnin,14,0,9,0
7,9,2,true,13,niche,turkiye,burnin,0,0,0,0
2,2,1,false,13,niche,turkiye,burnin,0,9,168,0
23,0,7,false,13,niche,turkiye,burnin,12,4,18,13
12,5,2,false,13,niche,turkiye,burnin,5,9,13,14
18,7,6,false,13,niche,turkiye,burnin,1,8,51,10
13,5,2,false,13,niche,turkiye,burnin,1,0,0,21
9,12,3,false,13,niche,turkiye,burnin,7,3,2,27
24,2,6,false,13,niche,turkiye,burnin,0,2,6,21
10,0,3,false,13,niche,turkiye,burnin,0,2,8,29
22,0,5,false,13,niche,turkiye,burnin,0,0,0,29
26,5,6,false,13,niche,turkiye,burnin,0,0,0,30
3,5,1,false,13,niche,turkiye,burnin,0,0,0,30
5,10,1,false,13,niche,turkiye,burnin,2,3,1,28
30,0,4,true,13,niche,turkiye,burnin,0,0,0,0
31,0,2,false,13,niche,turkiye,burnin,5,0,0,39
28,1,7,false,13,niche,turkiye,burnin,3,11,11,27
8,7,2,false,13,niche,turkiye,burnin,3,0,0,38
35,0,2,false,13,niche,turkiye,burnin,3,0,0,38
25,0,6,false,13,niche,turkiye,burnin,10,0,0,34
33,1,1,false,13,niche,turkiye,burnin,7,4,1,30
27,3,5,false,13,niche,turkiye,burnin,6,0,0,31
21,0,5,true,13,niche,turkiye,burnin,0,0,0,0
14,0,2,false,13,niche,turkiye,burnin,4,8,2,23
6,23,1,false,13,niche,turkiye,burnin,9,0,0,25
1,1,1,false,13,niche,turkiye,burnin,9,0,0,28
19,0,6,false,13,niche,turkiye,burnin,3,0,0,5
32,1,2,false,13,niche,turkiye,burnin,1,0,0,8
16,0,3,false,13,niche,turkiye,burnin,1,0,0,7
4,5,1,false,13,niche,turkiye,burnin,0,0,0,3
15,0,3,false,13,niche,turkiye,burnin,0,0,0,3
11,3,2,false,13,niche,turkiye,burnin,0,0,0,3
17,5,2,false,13,down_niche,turkiye,burnin,0,0,3,0
20,7,1,false,13,down_niche,turkiye,burnin,84,0,10,0
29,0,19,false,13,down_niche,turkiye,burnin,88,5,25,0
34,4,1,false,13,down_niche,turkiye,burnin,36,5,3,0
7,3,1,false,13,down_niche,turkiye,burnin,39,5,7,1
2,5,0,false,13,down_niche,turkiye,burnin,70,14,10,0
23,0,18,false,13,down_niche,turkiye,burnin,33,9,6,2
12,4,2,false,13,down_niche,turkiye,burnin,69,23,19,1
18,6,0,false,13,down_niche,turkiye,burnin,58,26,10,0
13,5,0,false,13,down_niche,turkiye,burnin,23,12,1,0
9,5,0,false,13,down_niche,turkiye,burnin,43,24,10,0
24,0,18,false,13,down_niche,turkiye,burnin,29,22,12,5
10,2,0,false,13,down_niche,turkiye,burnin,45,33,10,0
22,0,10,false,13,down_niche,turkiye,burnin,35,32,10,0
26,0,16,false,13,down_niche,turkiye,burnin,31,37,10,7
3,6,2,false,13,down_niche,turkiye,burnin,29,39,7,4
5,3,1,false,13,down_niche,turkiye,burnin,28,49,11,10
30,2,0,false,13,down_niche,turkiye,burnin,28,56,15,0
31,5,1,false,13,down_niche,turkiye,burnin,0,0,10,2
28,0,1,false,13,down_niche,turkiye,burnin,6,12,0,20
37,4,1,false,13,down_niche,turkiye,burnin,4,0,0,17
8,6,1,false,13,down_niche,turkiye,burnin,21,24,14,24
35,5,1,false,13,down_niche,turkiye,burnin,81,72,18,51
25,0,18,false,13,down_niche,turkiye,burnin,78,72,15,53
33,5,0,false,13,down_niche,turkiye,burnin,88,65,7,60
27,0,10,false,13,down_niche,turkiye,burnin,81,39,3,58
21,6,1,false,13,down_niche,turkiye,burnin,24,21,2,34
14,5,0,false,13,down_niche,turkiye,burnin,0,0,0,3
6,5,0,false,13,down_niche,turkiye,burnin,93,78,0,65
1,3,0,false,13,down_niche,turkiye,burnin,25,10,0,1
19,5,1,false,13,down_niche,turkiye,burnin,65,19,0,14
32,6,0,false,13,down_niche,turkiye,burnin,69,16,0,15
16,4,1,false,13,down_niche,turkiye,burnin,66,12,0,10
4,3,0,false,13,down_niche,turkiye,burnin,61,5,0,10
15,4,2,false,13,down_niche,turkiye,burnin,65,5,0,14
11,5,0,false,13,down_niche,turkiye,burnin,18,0,0,5
36,2,1,false,13,down_niche,turkiye,burnin,69,0,0,10
9,0,2,false,13,atn_empiricalbm,turkiye,burnin,11,0,3,0
6,2,0,false,13,atn_empiricalbm,turkiye,burnin,8,3,3,0
1,3,0,false,13,atn_empiricalbm,turkiye,burnin,6,4,1,0
8,0,6,false,13,atn_empiricalbm,turkiye,burnin,4,6,1,0
7,0,6,false,13,atn_empiricalbm,turkiye,burnin,2,8,1,0
2,3,0,false,13,atn_empiricalbm,turkiye,burnin,0,10,1,0
4,2,0,false,13,atn_empiricalbm,turkiye,burnin,15,0,0,8
3,2,0,false,13,atn_empiricalbm,turkiye,burnin,15,0,0,8
5,2,0,false,13,atn_empiricalbm,turkiye,burnin,1,0,0,4
9,8,0,false,13,metaweb_empiricalbm,turkiye,burnin,0,0,7,0
6,0,1,false,13,metaweb_empiricalbm,turkiye,burnin,0,0,6,1
1,0,1,false,13,metaweb_empiricalbm,turkiye,burnin,0,0,5,2
8,0,1,false,13,metaweb_empiricalbm,turkiye,burnin,0,0,4,3
7,0,1,false,13,metaweb_empiricalbm,turkiye,burnin,0,0,3,4
2,0,1,false,13,metaweb_empiricalbm,turkiye,burnin,0,0,2,5
4,0,1,false,13,metaweb_empiricalbm,turkiye,burnin,0,0,1,6
3,0,1,false,13,metaweb_empiricalbm,turkiye,burnin,0,0,0,7
5,0,1,false,13,metaweb_empiricalbm,turkiye,burnin,0,0,0,28
17,5,0,false,13,atn,turkiye,burnin,55,0,36,0
20,0,6,false,13,atn,turkiye,burnin,46,9,36,0
29,2,14,false,13,atn,turkiye,burnin,70,4,15,0
7,6,0,false,13,atn,turkiye,burnin,39,12,10,0
2,9,0,false,13,atn,turkiye,burnin,34,17,10,0
23,0,15,false,13,atn,turkiye,burnin,52,20,15,0
12,6,2,false,13,atn,turkiye,burnin,56,18,15,0
18,5,0,false,13,atn,turkiye,burnin,50,24,15,0
13,6,0,false,13,atn,turkiye,burnin,49,22,23,24
9,6,6,false,13,atn,turkiye,burnin,28,18,6,0
24,0,10,false,13,atn,turkiye,burnin,34,38,15,0
10,4,0,false,13,atn,turkiye,burnin,31,26,15,16
22,0,14,false,13,atn,turkiye,burnin,26,46,15,0
26,0,3,false,13,atn,turkiye,burnin,24,50,15,0
3,6,0,false,13,atn,turkiye,burnin,16,56,15,0
5,5,0,false,13,atn,turkiye,burnin,17,40,15,16
30,4,15,false,13,atn,turkiye,burnin,10,41,6,4
31,6,10,false,13,atn,turkiye,burnin,7,44,6,4
28,0,11,false,13,atn,turkiye,burnin,3,0,9,0
8,6,0,false,13,atn,turkiye,burnin,6,9,11,17
25,0,2,false,13,atn,turkiye,burnin,31,24,12,41
33,6,0,false,13,atn,turkiye,burnin,67,24,7,61
27,0,6,false,13,atn,turkiye,burnin,91,14,3,74
21,0,11,false,13,atn,turkiye,burnin,45,0,0,52
14,6,0,false,13,atn,turkiye,burnin,1,0,0,16
6,6,0,false,13,atn,turkiye,burnin,3,0,3,6
1,9,0,false,13,atn,turkiye,burnin,6,9,3,25
19,0,3,false,13,atn,turkiye,burnin,31,24,3,50
32,6,2,false,13,atn,turkiye,burnin,67,28,1,68
16,6,2,false,13,atn,turkiye,burnin,99,20,0,83
4,5,0,false,13,atn,turkiye,burnin,73,6,0,67
15,6,0,false,13,atn,turkiye,burnin,53,4,0,31
11,6,0,false,13,atn,turkiye,burnin,74,0,0,15
17,8,1,true,14,metaweb,turkiye,creation,0,0,0,0
20,8,7,true,14,metaweb,turkiye,creation,0,0,0,0
29,0,27,true,14,metaweb,turkiye,creation,0,0,0,0
34,8,1,true,14,metaweb,turkiye,creation,0,0,0,0
7,8,6,true,14,metaweb,turkiye,creation,0,0,0,0
2,19,3,false,14,metaweb,turkiye,creation,192,0,28,0
23,8,6,false,14,metaweb,turkiye,creation,184,8,28,0
40,8,1,false,14,metaweb,turkiye,creation,176,16,28,0
12,8,7,false,14,metaweb,turkiye,creation,168,24,28,0
18,8,6,false,14,metaweb,turkiye,creation,160,32,28,0
13,8,1,false,14,metaweb,turkiye,creation,152,40,28,0
9,8,6,false,14,metaweb,turkiye,creation,144,48,28,0
24,24,6,false,14,metaweb,turkiye,creation,136,56,28,0
10,8,6,false,14,metaweb,turkiye,creation,128,64,28,0
22,8,1,false,14,metaweb,turkiye,creation,120,72,28,0
26,0,27,false,14,metaweb,turkiye,creation,112,80,28,0
3,19,3,false,14,metaweb,turkiye,creation,104,88,28,0
5,11,7,false,14,metaweb,turkiye,creation,96,96,28,0
30,0,27,false,14,metaweb,turkiye,creation,88,104,28,0
31,0,27,false,14,metaweb,turkiye,creation,80,112,28,0
28,0,27,false,14,metaweb,turkiye,creation,72,120,28,0
38,8,1,false,14,metaweb,turkiye,creation,64,128,28,0
37,8,1,false,14,metaweb,turkiye,creation,0,0,28,0
8,8,0,true,14,metaweb,turkiye,creation,0,0,0,0
35,8,1,true,14,metaweb,turkiye,creation,0,0,0,0
25,24,6,false,14,metaweb,turkiye,creation,164,136,56,119
33,0,27,false,14,metaweb,turkiye,creation,164,136,48,127
41,8,1,false,14,metaweb,turkiye,creation,164,136,40,135
27,0,27,false,14,metaweb,turkiye,creation,164,136,32,143
21,8,7,false,14,metaweb,turkiye,creation,164,136,24,151
39,8,1,false,14,metaweb,turkiye,creation,164,136,16,159
14,8,7,false,14,metaweb,turkiye,creation,164,136,8,167
6,8,0,false,14,metaweb,turkiye,creation,164,136,0,175
1,19,3,false,14,metaweb,turkiye,creation,136,56,0,35
19,8,6,false,14,metaweb,turkiye,creation,144,48,0,35
32,0,27,false,14,metaweb,turkiye,creation,152,40,0,35
16,8,7,false,14,metaweb,turkiye,creation,160,32,0,35
4,16,6,false,14,metaweb,turkiye,creation,168,24,0,35
15,8,1,false,14,metaweb,turkiye,creation,176,16,0,35
11,8,7,false,14,metaweb,turkiye,creation,184,8,0,35
36,8,1,false,14,metaweb,turkiye,creation,192,0,0,35
17,7,1,false,14,down_niche_empiricalbm,turkiye,creation,4,0,8,0
20,7,6,false,14,down_niche_empiricalbm,turkiye,creation,20,0,28,2
29,0,22,false,14,down_niche_empiricalbm,turkiye,creation,9,5,10,4
34,7,1,false,14,down_niche_empiricalbm,turkiye,creation,9,13,36,0
7,7,2,true,14,down_niche_empiricalbm,turkiye,creation,0,0,0,0
2,9,1,false,14,down_niche_empiricalbm,turkiye,creation,76,0,6,0
23,8,1,false,14,down_niche_empiricalbm,turkiye,creation,142,3,32,0
40,7,1,false,14,down_niche_empiricalbm,turkiye,creation,117,8,15,0
12,7,5,false,14,down_niche_empiricalbm,turkiye,creation,123,18,30,19
18,6,4,false,14,down_niche_empiricalbm,turkiye,creation,107,21,24,17
13,5,1,false,14,down_niche_empiricalbm,turkiye,creation,104,26,23,22
9,7,5,false,14,down_niche_empiricalbm,turkiye,creation,112,36,28,15
24,11,2,false,14,down_niche_empiricalbm,turkiye,creation,73,24,10,0
10,6,4,false,14,down_niche_empiricalbm,turkiye,creation,100,46,27,13
22,7,1,false,14,down_niche_empiricalbm,turkiye,creation,91,48,21,0
26,0,22,false,14,down_niche_empiricalbm,turkiye,creation,86,57,25,25
3,5,1,false,14,down_niche_empiricalbm,turkiye,creation,82,64,21,0
5,10,2,false,14,down_niche_empiricalbm,turkiye,creation,63,59,18,26
30,0,23,false,14,down_niche_empiricalbm,turkiye,creation,75,83,30,16
31,0,22,false,14,down_niche_empiricalbm,turkiye,creation,65,86,23,28
28,0,22,false,14,down_niche_empiricalbm,turkiye,creation,47,73,15,28
38,7,1,false,14,down_niche_empiricalbm,turkiye,creation,49,89,21,0
37,7,1,false,14,down_niche_empiricalbm,turkiye,creation,0,0,28,4
8,6,0,true,14,down_niche_empiricalbm,turkiye,creation,0,0,0,0
35,6,1,false,14,down_niche_empiricalbm,turkiye,creation,34,9,1,61
25,13,0,false,14,down_niche_empiricalbm,turkiye,creation,106,104,47,75
33,0,22,false,14,down_niche_empiricalbm,turkiye,creation,46,40,19,59
41,7,1,false,14,down_niche_empiricalbm,turkiye,creation,119,112,35,90
27,0,14,false,14,down_niche_empiricalbm,turkiye,creation,126,105,25,100
21,6,5,false,14,down_niche_empiricalbm,turkiye,creation,140,102,16,111
39,7,1,false,14,down_niche_empiricalbm,turkiye,creation,126,105,13,112
14,7,4,false,14,down_niche_empiricalbm,turkiye,creation,112,98,7,113
6,4,0,false,14,down_niche_empiricalbm,turkiye,creation,119,112,0,126
1,6,0,false,14,down_niche_empiricalbm,turkiye,creation,102,44,0,28
19,8,2,false,14,down_niche_empiricalbm,turkiye,creation,85,31,0,22
32,0,22,false,14,down_niche_empiricalbm,turkiye,creation,114,32,0,28
16,7,6,false,14,down_niche_empiricalbm,turkiye,creation,114,24,0,28
4,9,0,false,14,down_niche_empiricalbm,turkiye,creation,127,19,0,28
15,7,1,false,14,down_niche_empiricalbm,turkiye,creation,134,12,0,28
11,6,5,false,14,down_niche_empiricalbm,turkiye,creation,133,6,0,28
36,7,1,false,14,down_niche_empiricalbm,turkiye,creation,137,0,0,28
17,2,6,false,14,niche,turkiye,creation,24,0,8,0
20,1,6,true,14,niche,turkiye,creation,0,0,0,0
29,8,10,false,14,niche,turkiye,creation,9,3,1,0
34,2,6,false,14,niche,turkiye,creation,18,8,21,0
7,7,1,false,14,niche,turkiye,creation,4,2,0,0
2,14,1,false,14,niche,turkiye,creation,13,2,21,0
23,1,12,false,14,niche,turkiye,creation,8,5,9,0
40,1,5,false,14,niche,turkiye,creation,7,0,17,0
12,5,5,false,14,niche,turkiye,creation,0,0,0,0
18,0,6,false,14,niche,turkiye,creation,0,7,24,0
13,4,6,true,14,niche,turkiye,creation,0,0,0,0
9,0,2,false,14,niche,turkiye,creation,7,11,4,7
24,5,11,false,14,niche,turkiye,creation,7,6,1,13
10,11,4,true,14,niche,turkiye,creation,0,0,0,0
22,15,10,false,14,niche,turkiye,creation,3,8,13,5
26,6,10,false,14,niche,turkiye,creation,4,14,3,13
3,4,1,false,14,niche,turkiye,creation,2,4,0,16
5,2,1,false,14,niche,turkiye,creation,1,0,0,16
30,1,5,false,14,niche,turkiye,creation,1,15,3,14
31,8,5,false,14,niche,turkiye,creation,1,0,0,16
28,0,8,true,14,niche,turkiye,creation,0,0,0,0
38,1,4,true,14,niche,turkiye,creation,0,0,0,0
37,0,4,false,14,niche,turkiye,creation,22,1,0,19
8,9,1,true,14,niche,turkiye,creation,0,0,0,0
35,5,7,false,14,niche,turkiye,creation,22,6,6,21
25,5,11,false,14,niche,turkiye,creation,15,4,6,10
33,1,6,false,14,niche,turkiye,creation,6,2,0,15
41,0,7,false,14,niche,turkiye,creation,11,0,0,15
27,1,8,true,14,niche,turkiye,creation,0,0,0,0
21,17,7,false,14,niche,turkiye,creation,4,2,0,9
39,0,4,true,14,niche,turkiye,creation,0,0,0,0
14,14,6,false,14,niche,turkiye,creation,9,5,5,13
6,10,1,false,14,niche,turkiye,creation,4,3,0,15
1,9,1,false,14,niche,turkiye,creation,4,4,0,9
19,5,6,true,14,niche,turkiye,creation,0,0,0,0
32,5,8,false,14,niche,turkiye,creation,3,0,0,14
16,4,5,false,14,niche,turkiye,creation,2,0,0,13
4,12,1,false,14,niche,turkiye,creation,2,3,0,10
15,9,5,false,14,niche,turkiye,creation,2,0,0,13
11,21,5,true,14,niche,turkiye,creation,0,0,0,0
36,0,7,false,14,niche,turkiye,creation,15,0,0,8
17,7,1,false,14,down_niche,turkiye,creation,4,0,8,0
20,7,6,false,14,down_niche,turkiye,creation,20,0,28,2
29,0,22,false,14,down_niche,turkiye,creation,9,5,10,4
34,7,1,false,14,down_niche,turkiye,creation,9,13,36,0
7,7,2,true,14,down_niche,turkiye,creation,0,0,0,0
2,9,1,false,14,down_niche,turkiye,creation,76,0,6,0
23,8,1,false,14,down_niche,turkiye,creation,142,3,32,0
40,7,1,false,14,down_niche,turkiye,creation,117,8,15,0
12,7,5,false,14,down_niche,turkiye,creation,123,18,30,19
18,6,4,false,14,down_niche,turkiye,creation,107,21,24,17
13,5,1,false,14,down_niche,turkiye,creation,104,26,23,22
9,7,5,false,14,down_niche,turkiye,creation,112,36,28,15
24,11,2,false,14,down_niche,turkiye,creation,73,24,10,0
10,6,4,false,14,down_niche,turkiye,creation,100,46,27,13
22,7,1,false,14,down_niche,turkiye,creation,91,48,21,0
26,0,22,false,14,down_niche,turkiye,creation,86,57,25,25
3,5,1,false,14,down_niche,turkiye,creation,82,64,21,0
5,10,2,false,14,down_niche,turkiye,creation,63,59,18,26
30,0,23,false,14,down_niche,turkiye,creation,75,83,30,16
31,0,22,false,14,down_niche,turkiye,creation,65,86,23,28
28,0,22,false,14,down_niche,turkiye,creation,47,73,15,28
38,7,1,false,14,down_niche,turkiye,creation,49,89,21,0
37,7,1,false,14,down_niche,turkiye,creation,0,0,28,4
8,6,0,true,14,down_niche,turkiye,creation,0,0,0,0
35,6,1,false,14,down_niche,turkiye,creation,34,9,1,61
25,13,0,false,14,down_niche,turkiye,creation,106,104,47,75
33,0,22,false,14,down_niche,turkiye,creation,46,40,19,59
41,7,1,false,14,down_niche,turkiye,creation,119,112,35,90
27,0,14,false,14,down_niche,turkiye,creation,126,105,25,100
21,6,5,false,14,down_niche,turkiye,creation,140,102,16,111
39,7,1,false,14,down_niche,turkiye,creation,126,105,13,112
14,7,4,false,14,down_niche,turkiye,creation,112,98,7,113
6,4,0,false,14,down_niche,turkiye,creation,119,112,0,126
1,6,0,false,14,down_niche,turkiye,creation,102,44,0,28
19,8,2,false,14,down_niche,turkiye,creation,85,31,0,22
32,0,22,false,14,down_niche,turkiye,creation,114,32,0,28
16,7,6,false,14,down_niche,turkiye,creation,114,24,0,28
4,9,0,false,14,down_niche,turkiye,creation,127,19,0,28
15,7,1,false,14,down_niche,turkiye,creation,134,12,0,28
11,6,5,false,14,down_niche,turkiye,creation,133,6,0,28
36,7,1,false,14,down_niche,turkiye,creation,137,0,0,28
17,6,15,false,14,atn_empiricalbm,turkiye,creation,129,0,39,0
20,7,0,false,14,atn_empiricalbm,turkiye,creation,157,8,35,0
29,0,21,false,14,atn_empiricalbm,turkiye,creation,147,18,35,0
34,0,4,false,14,atn_empiricalbm,turkiye,creation,109,24,26,0
7,8,0,false,14,atn_empiricalbm,turkiye,creation,124,20,22,0
2,10,0,false,14,atn_empiricalbm,turkiye,creation,97,36,26,0
23,8,0,false,14,atn_empiricalbm,turkiye,creation,109,40,22,0
40,8,11,false,14,atn_empiricalbm,turkiye,creation,107,58,35,0
12,6,0,false,14,atn_empiricalbm,turkiye,creation,93,56,22,0
18,8,0,false,14,atn_empiricalbm,turkiye,creation,69,64,26,0
13,6,1,false,14,atn_empiricalbm,turkiye,creation,79,70,22,0
9,8,0,false,14,atn_empiricalbm,turkiye,creation,72,38,13,0
24,8,0,false,14,atn_empiricalbm,turkiye,creation,66,42,13,7
10,8,0,false,14,atn_empiricalbm,turkiye,creation,72,72,22,0
22,6,1,false,14,atn_empiricalbm,turkiye,creation,98,76,50,66
26,0,4,false,14,atn_empiricalbm,turkiye,creation,60,84,22,0
3,10,0,false,14,atn_empiricalbm,turkiye,creation,85,76,41,71
5,8,0,false,14,atn_empiricalbm,turkiye,creation,62,87,13,9
30,0,25,false,14,atn_empiricalbm,turkiye,creation,52,81,13,13
31,0,20,false,14,atn_empiricalbm,turkiye,creation,44,93,13,4
28,0,13,false,14,atn_empiricalbm,turkiye,creation,30,80,13,0
38,6,25,false,14,atn_empiricalbm,turkiye,creation,24,84,13,7
37,4,21,false,14,atn_empiricalbm,turkiye,creation,41,92,13,13
8,10,0,false,14,atn_empiricalbm,turkiye,creation,37,96,13,13
35,0,6,false,14,atn_empiricalbm,turkiye,creation,35,130,22,13
25,10,0,false,14,atn_empiricalbm,turkiye,creation,3,0,13,0
33,0,0,false,14,atn_empiricalbm,turkiye,creation,4,6,16,11
41,8,0,false,14,atn_empiricalbm,turkiye,creation,39,26,18,46
27,0,6,false,14,atn_empiricalbm,turkiye,creation,138,38,14,94
21,6,0,false,14,atn_empiricalbm,turkiye,creation,252,35,9,154
39,8,20,false,14,atn_empiricalbm,turkiye,creation,171,19,4,145
14,8,0,false,14,atn_empiricalbm,turkiye,creation,55,0,0,87
6,8,0,false,14,atn_empiricalbm,turkiye,creation,0,0,0,0
1,10,0,false,14,atn_empiricalbm,turkiye,creation,3,0,3,10
19,8,0,false,14,atn_empiricalbm,turkiye,creation,4,6,3,24
32,0,11,false,14,atn_empiricalbm,turkiye,creation,39,28,3,58
16,8,0,false,14,atn_empiricalbm,turkiye,creation,140,42,2,102
4,8,0,false,14,atn_empiricalbm,turkiye,creation,264,41,1,155
15,6,16,false,14,atn_empiricalbm,turkiye,creation,205,25,0,137
11,8,0,false,14,atn_empiricalbm,turkiye,creation,135,6,0,79
36,2,13,false,14,atn_empiricalbm,turkiye,creation,144,0,0,22
17,8,1,true,14,metaweb_empiricalbm,turkiye,creation,0,0,0,0
20,8,7,true,14,metaweb_empiricalbm,turkiye,creation,0,0,0,0
29,0,27,true,14,metaweb_empiricalbm,turkiye,creation,0,0,0,0
34,8,1,true,14,metaweb_empiricalbm,turkiye,creation,0,0,0,0
7,8,6,true,14,metaweb_empiricalbm,turkiye,creation,0,0,0,0
2,19,3,false,14,metaweb_empiricalbm,turkiye,creation,192,0,28,0
23,8,6,false,14,metaweb_empiricalbm,turkiye,creation,184,8,28,0
40,8,1,false,14,metaweb_empiricalbm,turkiye,creation,176,16,28,0
12,8,7,false,14,metaweb_empiricalbm,turkiye,creation,168,24,28,0
18,8,6,false,14,metaweb_empiricalbm,turkiye,creation,160,32,28,0
13,8,1,false,14,metaweb_empiricalbm,turkiye,creation,152,40,28,0
9,8,6,false,14,metaweb_empiricalbm,turkiye,creation,144,48,28,0
24,24,6,false,14,metaweb_empiricalbm,turkiye,creation,136,56,28,0
10,8,6,false,14,metaweb_empiricalbm,turkiye,creation,128,64,28,0
22,8,1,false,14,metaweb_empiricalbm,turkiye,creation,120,72,28,0
26,0,27,false,14,metaweb_empiricalbm,turkiye,creation,112,80,28,0
3,19,3,false,14,metaweb_empiricalbm,turkiye,creation,104,88,28,0
5,11,7,false,14,metaweb_empiricalbm,turkiye,creation,96,96,28,0
30,0,27,false,14,metaweb_empiricalbm,turkiye,creation,88,104,28,0
31,0,27,false,14,metaweb_empiricalbm,turkiye,creation,80,112,28,0
28,0,27,false,14,metaweb_empiricalbm,turkiye,creation,72,120,28,0
38,8,1,false,14,metaweb_empiricalbm,turkiye,creation,64,128,28,0
37,8,1,false,14,metaweb_empiricalbm,turkiye,creation,0,0,28,0
8,8,0,true,14,metaweb_empiricalbm,turkiye,creation,0,0,0,0
35,8,1,true,14,metaweb_empiricalbm,turkiye,creation,0,0,0,0
25,24,6,false,14,metaweb_empiricalbm,turkiye,creation,164,136,56,119
33,0,27,false,14,metaweb_empiricalbm,turkiye,creation,164,136,48,127
41,8,1,false,14,metaweb_empiricalbm,turkiye,creation,164,136,40,135
27,0,27,false,14,metaweb_empiricalbm,turkiye,creation,164,136,32,143
21,8,7,false,14,metaweb_empiricalbm,turkiye,creation,164,136,24,151
39,8,1,false,14,metaweb_empiricalbm,turkiye,creation,164,136,16,159
14,8,7,false,14,metaweb_empiricalbm,turkiye,creation,164,136,8,167
6,8,0,false,14,metaweb_empiricalbm,turkiye,creation,164,136,0,175
1,19,3,false,14,metaweb_empiricalbm,turkiye,creation,136,56,0,35
19,8,6,false,14,metaweb_empiricalbm,turkiye,creation,144,48,0,35
32,0,27,false,14,metaweb_empiricalbm,turkiye,creation,152,40,0,35
16,8,7,false,14,metaweb_empiricalbm,turkiye,creation,160,32,0,35
4,16,6,false,14,metaweb_empiricalbm,turkiye,creation,168,24,0,35
15,8,1,false,14,metaweb_empiricalbm,turkiye,creation,176,16,0,35
11,8,7,false,14,metaweb_empiricalbm,turkiye,creation,184,8,0,35
36,8,1,false,14,metaweb_empiricalbm,turkiye,creation,192,0,0,35
17,6,15,false,14,atn,turkiye,creation,129,0,39,0
20,7,0,false,14,atn,turkiye,creation,157,8,35,0
29,0,21,false,14,atn,turkiye,creation,147,18,35,0
34,0,4,false,14,atn,turkiye,creation,109,24,26,0
7,8,0,false,14,atn,turkiye,creation,124,20,22,0
2,10,0,false,14,atn,turkiye,creation,97,36,26,0
23,8,0,false,14,atn,turkiye,creation,109,40,22,0
40,8,11,false,14,atn,turkiye,creation,107,58,35,0
12,6,0,false,14,atn,turkiye,creation,93,56,22,0
18,8,0,false,14,atn,turkiye,creation,69,64,26,0
13,6,1,false,14,atn,turkiye,creation,79,70,22,0
9,8,0,false,14,atn,turkiye,creation,72,38,13,0
24,8,0,false,14,atn,turkiye,creation,66,42,13,7
10,8,0,false,14,atn,turkiye,creation,72,72,22,0
22,6,1,false,14,atn,turkiye,creation,98,76,50,66
26,0,4,false,14,atn,turkiye,creation,60,84,22,0
3,10,0,false,14,atn,turkiye,creation,85,76,41,71
5,8,0,false,14,atn,turkiye,creation,62,87,13,9
30,0,25,false,14,atn,turkiye,creation,52,81,13,13
31,0,20,false,14,atn,turkiye,creation,44,93,13,4
28,0,13,false,14,atn,turkiye,creation,30,80,13,0
38,6,25,false,14,atn,turkiye,creation,24,84,13,7
37,4,21,false,14,atn,turkiye,creation,41,92,13,13
8,10,0,false,14,atn,turkiye,creation,37,96,13,13
35,0,6,false,14,atn,turkiye,creation,35,130,22,13
25,10,0,false,14,atn,turkiye,creation,3,0,13,0
33,0,0,false,14,atn,turkiye,creation,4,6,16,11
41,8,0,false,14,atn,turkiye,creation,39,26,18,46
27,0,6,false,14,atn,turkiye,creation,138,38,14,94
21,6,0,false,14,atn,turkiye,creation,252,35,9,154
39,8,20,false,14,atn,turkiye,creation,171,19,4,145
14,8,0,false,14,atn,turkiye,creation,55,0,0,87
6,8,0,false,14,atn,turkiye,creation,0,0,0,0
1,10,0,false,14,atn,turkiye,creation,3,0,3,10
19,8,0,false,14,atn,turkiye,creation,4,6,3,24
32,0,11,false,14,atn,turkiye,creation,39,28,3,58
16,8,0,false,14,atn,turkiye,creation,140,42,2,102
4,8,0,false,14,atn,turkiye,creation,264,41,1,155
15,6,16,false,14,atn,turkiye,creation,205,25,0,137
11,8,0,false,14,atn,turkiye,creation,135,6,0,79
36,2,13,false,14,atn,turkiye,creation,144,0,0,22
17,8,0,false,14,metaweb,turkiye,burnin,192,0,28,0
20,0,25,false,14,metaweb,turkiye,burnin,184,8,28,0
29,8,0,false,14,metaweb,turkiye,burnin,176,16,28,0
7,8,0,false,14,metaweb,turkiye,burnin,168,24,28,0
2,8,0,false,14,metaweb,turkiye,burnin,160,32,28,0
23,0,25,false,14,metaweb,turkiye,burnin,152,40,28,0
12,8,0,false,14,metaweb,turkiye,burnin,144,48,28,0
18,0,25,false,14,metaweb,turkiye,burnin,136,56,28,0
13,8,0,false,14,metaweb,turkiye,burnin,128,64,28,0
9,8,0,false,14,metaweb,turkiye,burnin,120,72,28,0
24,0,25,false,14,metaweb,turkiye,burnin,112,80,28,0
10,8,0,false,14,metaweb,turkiye,burnin,104,88,28,0
22,0,25,false,14,metaweb,turkiye,burnin,96,96,28,0
26,8,0,false,14,metaweb,turkiye,burnin,88,104,28,0
3,8,0,false,14,metaweb,turkiye,burnin,80,112,28,0
5,8,0,false,14,metaweb,turkiye,burnin,72,120,28,0
30,8,0,false,14,metaweb,turkiye,burnin,64,128,28,0
31,8,0,false,14,metaweb,turkiye,burnin,164,136,56,119
28,8,0,false,14,metaweb,turkiye,burnin,164,136,48,127
8,8,0,false,14,metaweb,turkiye,burnin,164,136,40,135
25,0,25,false,14,metaweb,turkiye,burnin,164,136,32,143
33,8,0,false,14,metaweb,turkiye,burnin,164,136,24,151
27,8,0,false,14,metaweb,turkiye,burnin,164,136,16,159
21,0,25,false,14,metaweb,turkiye,burnin,164,136,8,167
14,8,0,false,14,metaweb,turkiye,burnin,164,136,0,175
6,8,0,false,14,metaweb,turkiye,burnin,136,56,0,28
1,8,0,false,14,metaweb,turkiye,burnin,144,48,0,28
19,0,25,false,14,metaweb,turkiye,burnin,152,40,0,28
32,8,0,false,14,metaweb,turkiye,burnin,160,32,0,28
16,8,0,false,14,metaweb,turkiye,burnin,168,24,0,28
4,8,0,false,14,metaweb,turkiye,burnin,176,16,0,28
15,8,0,false,14,metaweb,turkiye,burnin,184,8,0,28
11,8,0,false,14,metaweb,turkiye,burnin,192,0,0,28
6,0,1,false,14,down_niche_empiricalbm,turkiye,burnin,0,0,6,0
1,0,1,false,14,down_niche_empiricalbm,turkiye,burnin,0,0,5,1
8,7,0,false,14,down_niche_empiricalbm,turkiye,burnin,0,0,4,2
7,0,1,false,14,down_niche_empiricalbm,turkiye,burnin,0,0,3,3
2,0,1,false,14,down_niche_empiricalbm,turkiye,burnin,0,0,2,4
4,0,1,false,14,down_niche_empiricalbm,turkiye,burnin,0,0,1,5
3,0,1,false,14,down_niche_empiricalbm,turkiye,burnin,0,0,0,6
5,0,1,false,14,down_niche_empiricalbm,turkiye,burnin,0,0,0,21
17,7,2,true,14,niche,turkiye,burnin,0,0,0,0
20,5,6,false,14,niche,turkiye,burnin,9,0,15,0
7,11,5,false,14,niche,turkiye,burnin,7,5,9,0
2,8,1,false,14,niche,turkiye,burnin,3,0,1,0
23,1,4,false,14,niche,turkiye,burnin,0,0,0,0
12,8,6,false,14,niche,turkiye,burnin,0,3,1,0
18,4,4,true,14,niche,turkiye,burnin,0,0,0,0
13,4,3,true,14,niche,turkiye,burnin,0,0,0,0
9,4,5,false,14,niche,turkiye,burnin,1,0,3,0
24,0,4,false,14,niche,turkiye,burnin,1,0,0,4
10,2,6,false,14,niche,turkiye,burnin,1,0,0,4
22,0,4,true,14,niche,turkiye,burnin,0,0,0,0
3,6,1,false,14,niche,turkiye,burnin,0,4,3,2
5,0,2,false,14,niche,turkiye,burnin,0,0,0,0
8,7,6,true,14,niche,turkiye,burnin,0,0,0,0
25,0,6,false,14,niche,turkiye,burnin,3,2,0,0
21,0,6,true,14,niche,turkiye,burnin,0,0,0,0
14,0,2,false,14,niche,turkiye,burnin,2,5,5,4
6,6,4,false,14,niche,turkiye,burnin,2,3,0,7
1,8,1,true,14,niche,turkiye,burnin,0,0,0,0
19,1,4,false,14,niche,turkiye,burnin,3,0,0,12
16,1,2,false,14,niche,turkiye,burnin,2,0,0,12
4,5,1,false,14,niche,turkiye,burnin,2,2,0,9
15,7,4,false,14,niche,turkiye,burnin,2,0,0,12
11,0,6,false,14,niche,turkiye,burnin,10,0,0,8
17,7,2,false,14,down_niche,turkiye,burnin,0,0,36,0
20,8,0,true,14,down_niche,turkiye,burnin,0,0,0,0
29,7,1,false,14,down_niche,turkiye,burnin,75,0,6,0
34,7,1,false,14,down_niche,turkiye,burnin,142,3,21,0
7,6,1,false,14,down_niche,turkiye,burnin,116,8,15,0
2,10,1,false,14,down_niche,turkiye,burnin,121,15,21,8
23,0,22,false,14,down_niche,turkiye,burnin,106,19,15,8
12,7,1,false,14,down_niche,turkiye,burnin,101,23,15,8
18,6,2,false,14,down_niche,turkiye,burnin,111,34,21,0
13,7,2,false,14,down_niche,turkiye,burnin,71,24,10,0
9,7,1,false,14,down_niche,turkiye,burnin,100,45,21,8
24,0,22,false,14,down_niche,turkiye,burnin,89,48,21,0
10,5,1,false,14,down_niche,turkiye,burnin,83,54,21,8
22,0,13,false,14,down_niche,turkiye,burnin,81,64,21,0
26,0,22,false,14,down_niche,turkiye,burnin,60,56,15,8
3,4,0,false,14,down_niche,turkiye,burnin,75,82,28,8
5,6,0,false,14,down_niche,turkiye,burnin,62,83,21,8
30,6,1,false,14,down_niche,turkiye,burnin,45,70,15,8
31,7,1,false,14,down_niche,turkiye,burnin,47,89,21,0
28,0,22,false,14,down_niche,turkiye,burnin,0,0,28,0
8,6,1,false,14,down_niche,turkiye,burnin,106,104,47,75
35,7,1,false,14,down_niche,turkiye,burnin,42,36,19,52
25,0,22,false,14,down_niche,turkiye,burnin,119,112,35,90
33,7,1,false,14,down_niche,turkiye,burnin,126,105,25,100
27,0,21,false,14,down_niche,turkiye,burnin,135,96,16,110
21,0,21,false,14,down_niche,turkiye,burnin,126,105,13,112
14,7,1,false,14,down_niche,turkiye,burnin,112,98,7,113
6,7,1,false,14,down_niche,turkiye,burnin,119,112,0,126
1,9,0,false,14,down_niche,turkiye,burnin,101,44,0,28
19,7,1,false,14,down_niche,turkiye,burnin,84,31,0,22
32,7,1,false,14,down_niche,turkiye,burnin,113,32,0,28
16,8,1,false,14,down_niche,turkiye,burnin,112,24,0,28
4,7,0,false,14,down_niche,turkiye,burnin,126,19,0,28
15,6,1,false,14,down_niche,turkiye,burnin,133,12,0,28
11,7,2,false,14,down_niche,turkiye,burnin,131,6,0,28
36,7,1,false,14,down_niche,turkiye,burnin,136,0,0,28
6,0,5,false,14,atn_empiricalbm,turkiye,burnin,12,0,3,0
1,3,0,false,14,atn_empiricalbm,turkiye,burnin,9,3,3,0
8,0,5,false,14,atn_empiricalbm,turkiye,burnin,6,6,3,0
7,0,5,false,14,atn_empiricalbm,turkiye,burnin,3,9,3,0
2,3,0,false,14,atn_empiricalbm,turkiye,burnin,0,12,3,0
4,3,0,false,14,atn_empiricalbm,turkiye,burnin,10,0,0,10
3,3,0,false,14,atn_empiricalbm,turkiye,burnin,10,0,0,10
5,3,0,false,14,atn_empiricalbm,turkiye,burnin,10,0,0,10
9,8,0,false,14,metaweb_empiricalbm,turkiye,burnin,0,0,7,0
6,0,1,false,14,metaweb_empiricalbm,turkiye,burnin,0,0,6,1
1,0,1,false,14,metaweb_empiricalbm,turkiye,burnin,0,0,5,2
8,0,1,false,14,metaweb_empiricalbm,turkiye,burnin,0,0,4,3
7,0,1,false,14,metaweb_empiricalbm,turkiye,burnin,0,0,3,4
2,0,1,false,14,metaweb_empiricalbm,turkiye,burnin,0,0,2,5
4,0,1,false,14,metaweb_empiricalbm,turkiye,burnin,0,0,1,6
3,0,1,false,14,metaweb_empiricalbm,turkiye,burnin,0,0,0,7
5,0,1,false,14,metaweb_empiricalbm,turkiye,burnin,0,0,0,28
17,8,0,false,14,atn,turkiye,burnin,118,0,35,0
20,0,4,false,14,atn,turkiye,burnin,108,10,35,0
29,2,13,false,14,atn,turkiye,burnin,80,16,26,0
34,8,0,false,14,atn,turkiye,burnin,94,16,22,0
7,8,0,false,14,atn,turkiye,burnin,68,28,26,0
2,10,0,false,14,atn,turkiye,burnin,76,42,35,0
23,0,16,false,14,atn,turkiye,burnin,52,44,26,0
12,8,0,false,14,atn,turkiye,burnin,64,24,13,0
18,8,0,false,14,atn,turkiye,burnin,58,30,13,0
13,6,10,false,14,atn,turkiye,burnin,60,50,22,0
9,6,0,false,14,atn,turkiye,burnin,59,40,41,42
24,0,19,false,14,atn,turkiye,burnin,48,62,22,0
10,8,0,false,14,atn,turkiye,burnin,49,50,37,46
22,0,13,false,14,atn,turkiye,burnin,38,58,13,13
26,0,10,false,14,atn,turkiye,burnin,30,58,13,0
3,8,0,false,14,atn,turkiye,burnin,24,64,13,0
5,8,0,false,14,atn,turkiye,burnin,30,66,13,13
30,4,16,false,14,atn,turkiye,burnin,26,70,13,13
31,6,19,false,14,atn,turkiye,burnin,24,94,22,13
28,0,6,false,14,atn,turkiye,burnin,3,0,13,0
8,6,0,false,14,atn,turkiye,burnin,4,6,16,11
25,0,14,false,14,atn,turkiye,burnin,39,26,18,46
33,8,10,false,14,atn,turkiye,burnin,72,28,14,74
27,0,4,false,14,atn,turkiye,burnin,137,24,9,114
21,0,6,false,14,atn,turkiye,burnin,78,13,4,102
14,8,0,false,14,atn,turkiye,burnin,45,0,0,78
6,10,0,false,14,atn,turkiye,burnin,3,0,3,10
1,10,0,false,14,atn,turkiye,burnin,4,6,3,24
19,10,0,false,14,atn,turkiye,burnin,39,28,3,58
32,8,14,false,14,atn,turkiye,burnin,74,32,2,82
16,6,0,false,14,atn,turkiye,burnin,149,30,1,115
4,8,0,false,14,atn,turkiye,burnin,112,19,0,104
15,6,0,false,14,atn,turkiye,burnin,105,6,0,72
11,6,10,false,14,atn,turkiye,burnin,110,0,0,22
17,8,1,true,15,metaweb,turkiye,creation,0,0,0,0
20,8,7,true,15,metaweb,turkiye,creation,0,0,0,0
29,0,27,true,15,metaweb,turkiye,creation,0,0,0,0
34,8,1,true,15,metaweb,turkiye,creation,0,0,0,0
7,8,6,true,15,metaweb,turkiye,creation,0,0,0,0
2,19,3,false,15,metaweb,turkiye,creation,192,0,28,0
23,8,6,false,15,metaweb,turkiye,creation,184,8,28,0
40,8,1,false,15,metaweb,turkiye,creation,176,16,28,0
12,8,7,false,15,metaweb,turkiye,creation,168,24,28,0
18,8,6,false,15,metaweb,turkiye,creation,160,32,28,0
13,8,1,false,15,metaweb,turkiye,creation,152,40,28,0
9,8,6,false,15,metaweb,turkiye,creation,144,48,28,0
24,24,6,false,15,metaweb,turkiye,creation,136,56,28,0
10,8,6,false,15,metaweb,turkiye,creation,128,64,28,0
22,8,1,false,15,metaweb,turkiye,creation,120,72,28,0
26,0,27,false,15,metaweb,turkiye,creation,112,80,28,0
3,19,3,false,15,metaweb,turkiye,creation,104,88,28,0
5,11,7,false,15,metaweb,turkiye,creation,96,96,28,0
30,0,27,false,15,metaweb,turkiye,creation,88,104,28,0
31,0,27,false,15,metaweb,turkiye,creation,80,112,28,0
28,0,27,false,15,metaweb,turkiye,creation,72,120,28,0
38,8,1,false,15,metaweb,turkiye,creation,64,128,28,0
37,8,1,false,15,metaweb,turkiye,creation,0,0,28,0
8,8,0,true,15,metaweb,turkiye,creation,0,0,0,0
35,8,1,true,15,metaweb,turkiye,creation,0,0,0,0
25,24,6,false,15,metaweb,turkiye,creation,164,136,56,119
33,0,27,false,15,metaweb,turkiye,creation,164,136,48,127
41,8,1,false,15,metaweb,turkiye,creation,164,136,40,135
27,0,27,false,15,metaweb,turkiye,creation,164,136,32,143
21,8,7,false,15,metaweb,turkiye,creation,164,136,24,151
39,8,1,false,15,metaweb,turkiye,creation,164,136,16,159
14,8,7,false,15,metaweb,turkiye,creation,164,136,8,167
6,8,0,false,15,metaweb,turkiye,creation,164,136,0,175
1,19,3,false,15,metaweb,turkiye,creation,136,56,0,35
19,8,6,false,15,metaweb,turkiye,creation,144,48,0,35
32,0,27,false,15,metaweb,turkiye,creation,152,40,0,35
16,8,7,false,15,metaweb,turkiye,creation,160,32,0,35
4,16,6,false,15,metaweb,turkiye,creation,168,24,0,35
15,8,1,false,15,metaweb,turkiye,creation,176,16,0,35
11,8,7,false,15,metaweb,turkiye,creation,184,8,0,35
36,8,1,false,15,metaweb,turkiye,creation,192,0,0,35
17,4,1,false,15,down_niche_empiricalbm,turkiye,creation,9,0,10,0
20,4,2,false,15,down_niche_empiricalbm,turkiye,creation,5,2,6,0
29,0,18,false,15,down_niche_empiricalbm,turkiye,creation,3,3,3,0
34,4,1,false,15,down_niche_empiricalbm,turkiye,creation,5,5,10,0
7,3,4,false,15,down_niche_empiricalbm,turkiye,creation,0,0,1,0
2,4,0,false,15,down_niche_empiricalbm,turkiye,creation,83,0,10,0
23,4,0,false,15,down_niche_empiricalbm,turkiye,creation,45,5,8,10
40,3,0,false,15,down_niche_empiricalbm,turkiye,creation,84,8,15,0
12,4,3,false,15,down_niche_empiricalbm,turkiye,creation,71,12,10,4
18,4,3,false,15,down_niche_empiricalbm,turkiye,creation,55,13,6,11
13,2,0,false,15,down_niche_empiricalbm,turkiye,creation,26,9,6,1
9,5,1,false,15,down_niche_empiricalbm,turkiye,creation,45,18,11,8
24,6,1,false,15,down_niche_empiricalbm,turkiye,creation,25,10,1,0
10,4,3,false,15,down_niche_empiricalbm,turkiye,creation,45,22,10,5
22,3,1,false,15,down_niche_empiricalbm,turkiye,creation,17,10,3,0
26,0,1,false,15,down_niche_empiricalbm,turkiye,creation,43,28,6,9
3,3,0,false,15,down_niche_empiricalbm,turkiye,creation,34,25,6,1
5,2,0,false,15,down_niche_empiricalbm,turkiye,creation,35,33,11,7
30,0,16,false,15,down_niche_empiricalbm,turkiye,creation,43,50,17,6
31,0,10,false,15,down_niche_empiricalbm,turkiye,creation,27,40,8,5
28,0,3,false,15,down_niche_empiricalbm,turkiye,creation,24,43,7,12
38,5,0,false,15,down_niche_empiricalbm,turkiye,creation,16,35,3,1
37,4,0,false,15,down_niche_empiricalbm,turkiye,creation,0,0,6,0
8,6,0,false,15,down_niche_empiricalbm,turkiye,creation,6,1,0,17
35,5,1,false,15,down_niche_empiricalbm,turkiye,creation,6,0,0,13
25,6,0,false,15,down_niche_empiricalbm,turkiye,creation,0,0,4,0
33,0,17,false,15,down_niche_empiricalbm,turkiye,creation,93,78,18,41
41,3,0,false,15,down_niche_empiricalbm,turkiye,creation,2,0,0,8
27,0,19,false,15,down_niche_empiricalbm,turkiye,creation,81,72,15,44
21,4,3,false,15,down_niche_empiricalbm,turkiye,creation,60,60,10,45
39,5,1,false,15,down_niche_empiricalbm,turkiye,creation,21,24,4,31
14,4,2,false,15,down_niche_empiricalbm,turkiye,creation,81,72,3,54
6,5,0,false,15,down_niche_empiricalbm,turkiye,creation,84,52,0,57
1,5,0,false,15,down_niche_empiricalbm,turkiye,creation,41,18,0,9
19,6,2,false,15,down_niche_empiricalbm,turkiye,creation,57,19,0,13
32,0,18,false,15,down_niche_empiricalbm,turkiye,creation,53,13,0,9
16,4,3,false,15,down_niche_empiricalbm,turkiye,creation,55,10,0,6
4,5,0,false,15,down_niche_empiricalbm,turkiye,creation,53,6,0,10
15,3,0,false,15,down_niche_empiricalbm,turkiye,creation,71,4,0,13
11,3,1,false,15,down_niche_empiricalbm,turkiye,creation,50,2,0,3
36,4,1,false,15,down_niche_empiricalbm,turkiye,creation,50,0,0,3
17,9,4,false,15,niche,turkiye,creation,5,0,0,0
20,2,2,false,15,niche,turkiye,creation,8,0,9,0
29,10,5,false,15,niche,turkiye,creation,8,0,1,0
34,0,6,false,15,niche,turkiye,creation,13,3,6,0
7,2,0,false,15,niche,turkiye,creation,35,7,55,0
2,5,0,false,15,niche,turkiye,creation,15,4,6,0
23,7,2,false,15,niche,turkiye,creation,0,0,1,0
40,0,6,false,15,niche,turkiye,creation,0,1,1,0
12,6,2,false,15,niche,turkiye,creation,3,4,9,0
18,1,4,false,15,niche,turkiye,creation,4,1,0,0
13,4,2,true,15,niche,turkiye,creation,0,0,0,0
9,5,0,false,15,niche,turkiye,creation,3,0,10,1
24,6,3,false,15,niche,turkiye,creation,5,11,6,1
10,2,0,false,15,niche,turkiye,creation,0,6,2,1
22,3,2,false,15,niche,turkiye,creation,1,0,0,5
26,0,3,false,15,niche,turkiye,creation,2,4,0,8
3,2,0,false,15,niche,turkiye,creation,3,19,21,10
5,14,0,false,15,niche,turkiye,creation,3,0,0,7
30,0,4,false,15,niche,turkiye,creation,3,0,0,7
31,0,6,false,15,niche,turkiye,creation,7,3,1,4
28,1,5,false,15,niche,turkiye,creation,20,15,26,0
38,4,8,false,15,niche,turkiye,creation,3,6,1,4
37,0,7,false,15,niche,turkiye,creation,9,14,9,4
8,2,0,true,15,niche,turkiye,creation,0,0,0,0
35,2,5,false,15,niche,turkiye,creation,1,0,0,10
25,0,3,false,15,niche,turkiye,creation,1,0,0,10
33,1,6,false,15,niche,turkiye,creation,5,14,5,10
41,0,6,false,15,niche,turkiye,creation,11,2,0,23
27,4,3,false,15,niche,turkiye,creation,10,27,26,16
21,10,1,false,15,niche,turkiye,creation,6,0,0,23
39,0,7,false,15,niche,turkiye,creation,15,0,0,23
14,3,2,true,15,niche,turkiye,creation,0,0,0,0
6,5,0,false,15,niche,turkiye,creation,14,2,0,26
1,2,0,false,15,niche,turkiye,creation,14,0,0,32
19,0,5,false,15,niche,turkiye,creation,9,1,0,26
32,1,8,false,15,niche,turkiye,creation,9,0,0,31
16,1,3,false,15,niche,turkiye,creation,15,0,0,29
4,4,0,true,15,niche,turkiye,creation,0,0,0,0
15,0,3,false,15,niche,turkiye,creation,11,0,0,25
11,11,1,false,15,niche,turkiye,creation,9,0,0,28
36,0,5,false,15,niche,turkiye,creation,8,0,0,26
17,4,1,false,15,down_niche,turkiye,creation,9,0,10,0
20,4,2,false,15,down_niche,turkiye,creation,5,2,6,0
29,0,18,false,15,down_niche,turkiye,creation,3,3,3,0
34,4,1,false,15,down_niche,turkiye,creation,5,5,10,0
7,3,4,false,15,down_niche,turkiye,creation,0,0,1,0
2,4,0,false,15,down_niche,turkiye,creation,83,0,10,0
23,4,0,false,15,down_niche,turkiye,creation,45,5,8,10
40,3,0,false,15,down_niche,turkiye,creation,84,8,15,0
12,4,3,false,15,down_niche,turkiye,creation,71,12,10,4
18,4,3,false,15,down_niche,turkiye,creation,55,13,6,11
13,2,0,false,15,down_niche,turkiye,creation,26,9,6,1
9,5,1,false,15,down_niche,turkiye,creation,45,18,11,8
24,6,1,false,15,down_niche,turkiye,creation,25,10,1,0
10,4,3,false,15,down_niche,turkiye,creation,45,22,10,5
22,3,1,false,15,down_niche,turkiye,creation,17,10,3,0
26,0,1,false,15,down_niche,turkiye,creation,43,28,6,9
3,3,0,false,15,down_niche,turkiye,creation,34,25,6,1
5,2,0,false,15,down_niche,turkiye,creation,35,33,11,7
30,0,16,false,15,down_niche,turkiye,creation,43,50,17,6
31,0,10,false,15,down_niche,turkiye,creation,27,40,8,5
28,0,3,false,15,down_niche,turkiye,creation,24,43,7,12
38,5,0,false,15,down_niche,turkiye,creation,16,35,3,1
37,4,0,false,15,down_niche,turkiye,creation,0,0,6,0
8,6,0,false,15,down_niche,turkiye,creation,6,1,0,17
35,5,1,false,15,down_niche,turkiye,creation,6,0,0,13
25,6,0,false,15,down_niche,turkiye,creation,0,0,4,0
33,0,17,false,15,down_niche,turkiye,creation,93,78,18,41
41,3,0,false,15,down_niche,turkiye,creation,2,0,0,8
27,0,19,false,15,down_niche,turkiye,creation,81,72,15,44
21,4,3,false,15,down_niche,turkiye,creation,60,60,10,45
39,5,1,false,15,down_niche,turkiye,creation,21,24,4,31
14,4,2,false,15,down_niche,turkiye,creation,81,72,3,54
6,5,0,false,15,down_niche,turkiye,creation,84,52,0,57
1,5,0,false,15,down_niche,turkiye,creation,41,18,0,9
19,6,2,false,15,down_niche,turkiye,creation,57,19,0,13
32,0,18,false,15,down_niche,turkiye,creation,53,13,0,9
16,4,3,false,15,down_niche,turkiye,creation,55,10,0,6
4,5,0,false,15,down_niche,turkiye,creation,53,6,0,10
15,3,0,false,15,down_niche,turkiye,creation,71,4,0,13
11,3,1,false,15,down_niche,turkiye,creation,50,2,0,3
36,4,1,false,15,down_niche,turkiye,creation,50,0,0,3
17,6,16,false,15,atn_empiricalbm,turkiye,creation,121,0,21,0
20,5,0,false,15,atn_empiricalbm,turkiye,creation,116,7,36,0
29,0,16,false,15,atn_empiricalbm,turkiye,creation,135,14,34,0
34,0,5,false,15,atn_empiricalbm,turkiye,creation,126,23,34,0
7,7,0,false,15,atn_empiricalbm,turkiye,creation,77,16,10,0
2,9,0,false,15,atn_empiricalbm,turkiye,creation,90,31,21,0
23,9,0,false,15,atn_empiricalbm,turkiye,creation,83,38,21,0
40,6,2,false,15,atn_empiricalbm,turkiye,creation,76,45,21,0
12,7,0,false,15,atn_empiricalbm,turkiye,creation,91,58,34,0
18,9,0,false,15,atn_empiricalbm,turkiye,creation,62,59,21,0
13,6,14,false,15,atn_empiricalbm,turkiye,creation,71,38,21,0
9,9,0,false,15,atn_empiricalbm,turkiye,creation,64,45,21,0
24,7,0,false,15,atn_empiricalbm,turkiye,creation,82,55,47,56
10,7,0,false,15,atn_empiricalbm,turkiye,creation,61,77,28,0
22,4,0,false,15,atn_empiricalbm,turkiye,creation,130,119,60,90
26,0,5,false,15,atn_empiricalbm,turkiye,creation,53,56,15,6
3,9,0,false,15,atn_empiricalbm,turkiye,creation,80,74,47,80
5,5,0,false,15,atn_empiricalbm,turkiye,creation,57,66,15,21
30,0,22,false,15,atn_empiricalbm,turkiye,creation,56,65,6,15
31,0,16,false,15,atn_empiricalbm,turkiye,creation,38,55,6,4
28,0,9,false,15,atn_empiricalbm,turkiye,creation,53,85,15,13
38,4,22,false,15,atn_empiricalbm,turkiye,creation,14,32,6,0
37,2,16,false,15,atn_empiricalbm,turkiye,creation,58,91,15,19
8,7,0,false,15,atn_empiricalbm,turkiye,creation,51,70,6,15
35,0,6,false,15,atn_empiricalbm,turkiye,creation,54,95,15,19
25,9,0,false,15,atn_empiricalbm,turkiye,creation,4,6,9,8
33,0,0,false,15,atn_empiricalbm,turkiye,creation,6,9,11,15
41,7,0,false,15,atn_empiricalbm,turkiye,creation,18,18,12,35
27,0,6,false,15,atn_empiricalbm,turkiye,creation,87,28,7,87
21,8,0,false,15,atn_empiricalbm,turkiye,creation,210,21,3,141
39,6,16,false,15,atn_empiricalbm,turkiye,creation,120,0,0,112
14,8,0,false,15,atn_empiricalbm,turkiye,creation,1,0,0,16
6,7,0,false,15,atn_empiricalbm,turkiye,creation,0,0,0,0
1,7,0,false,15,atn_empiricalbm,turkiye,creation,4,6,3,14
19,7,0,false,15,atn_empiricalbm,turkiye,creation,6,9,3,23
32,0,2,false,15,atn_empiricalbm,turkiye,creation,18,18,3,44
16,7,0,false,15,atn_empiricalbm,turkiye,creation,91,32,1,94
4,9,0,false,15,atn_empiricalbm,turkiye,creation,222,27,0,150
15,4,22,false,15,atn_empiricalbm,turkiye,creation,148,6,0,127
11,7,0,false,15,atn_empiricalbm,turkiye,creation,53,4,0,31
36,0,9,false,15,atn_empiricalbm,turkiye,creation,109,0,0,21
17,8,1,true,15,metaweb_empiricalbm,turkiye,creation,0,0,0,0
20,8,7,true,15,metaweb_empiricalbm,turkiye,creation,0,0,0,0
29,0,27,true,15,metaweb_empiricalbm,turkiye,creation,0,0,0,0
34,8,1,true,15,metaweb_empiricalbm,turkiye,creation,0,0,0,0
7,8,6,true,15,metaweb_empiricalbm,turkiye,creation,0,0,0,0
2,19,3,false,15,metaweb_empiricalbm,turkiye,creation,192,0,28,0
23,8,6,false,15,metaweb_empiricalbm,turkiye,creation,184,8,28,0
40,8,1,false,15,metaweb_empiricalbm,turkiye,creation,176,16,28,0
12,8,7,false,15,metaweb_empiricalbm,turkiye,creation,168,24,28,0
18,8,6,false,15,metaweb_empiricalbm,turkiye,creation,160,32,28,0
13,8,1,false,15,metaweb_empiricalbm,turkiye,creation,152,40,28,0
9,8,6,false,15,metaweb_empiricalbm,turkiye,creation,144,48,28,0
24,24,6,false,15,metaweb_empiricalbm,turkiye,creation,136,56,28,0
10,8,6,false,15,metaweb_empiricalbm,turkiye,creation,128,64,28,0
22,8,1,false,15,metaweb_empiricalbm,turkiye,creation,120,72,28,0
26,0,27,false,15,metaweb_empiricalbm,turkiye,creation,112,80,28,0
3,19,3,false,15,metaweb_empiricalbm,turkiye,creation,104,88,28,0
5,11,7,false,15,metaweb_empiricalbm,turkiye,creation,96,96,28,0
30,0,27,false,15,metaweb_empiricalbm,turkiye,creation,88,104,28,0
31,0,27,false,15,metaweb_empiricalbm,turkiye,creation,80,112,28,0
28,0,27,false,15,metaweb_empiricalbm,turkiye,creation,72,120,28,0
38,8,1,false,15,metaweb_empiricalbm,turkiye,creation,64,128,28,0
37,8,1,false,15,metaweb_empiricalbm,turkiye,creation,0,0,28,0
8,8,0,true,15,metaweb_empiricalbm,turkiye,creation,0,0,0,0
35,8,1,true,15,metaweb_empiricalbm,turkiye,creation,0,0,0,0
25,24,6,false,15,metaweb_empiricalbm,turkiye,creation,164,136,56,119
33,0,27,false,15,metaweb_empiricalbm,turkiye,creation,164,136,48,127
41,8,1,false,15,metaweb_empiricalbm,turkiye,creation,164,136,40,135
27,0,27,false,15,metaweb_empiricalbm,turkiye,creation,164,136,32,143
21,8,7,false,15,metaweb_empiricalbm,turkiye,creation,164,136,24,151
39,8,1,false,15,metaweb_empiricalbm,turkiye,creation,164,136,16,159
14,8,7,false,15,metaweb_empiricalbm,turkiye,creation,164,136,8,167
6,8,0,false,15,metaweb_empiricalbm,turkiye,creation,164,136,0,175
1,19,3,false,15,metaweb_empiricalbm,turkiye,creation,136,56,0,35
19,8,6,false,15,metaweb_empiricalbm,turkiye,creation,144,48,0,35
32,0,27,false,15,metaweb_empiricalbm,turkiye,creation,152,40,0,35
16,8,7,false,15,metaweb_empiricalbm,turkiye,creation,160,32,0,35
4,16,6,false,15,metaweb_empiricalbm,turkiye,creation,168,24,0,35
15,8,1,false,15,metaweb_empiricalbm,turkiye,creation,176,16,0,35
11,8,7,false,15,metaweb_empiricalbm,turkiye,creation,184,8,0,35
36,8,1,false,15,metaweb_empiricalbm,turkiye,creation,192,0,0,35
17,6,16,false,15,atn,turkiye,creation,121,0,21,0
20,5,0,false,15,atn,turkiye,creation,116,7,36,0
29,0,16,false,15,atn,turkiye,creation,135,14,34,0
34,0,5,false,15,atn,turkiye,creation,126,23,34,0
7,7,0,false,15,atn,turkiye,creation,77,16,10,0
2,9,0,false,15,atn,turkiye,creation,90,31,21,0
23,9,0,false,15,atn,turkiye,creation,83,38,21,0
40,6,2,false,15,atn,turkiye,creation,76,45,21,0
12,7,0,false,15,atn,turkiye,creation,91,58,34,0
18,9,0,false,15,atn,turkiye,creation,62,59,21,0
13,6,14,false,15,atn,turkiye,creation,71,38,21,0
9,9,0,false,15,atn,turkiye,creation,64,45,21,0
24,7,0,false,15,atn,turkiye,creation,82,55,47,56
10,7,0,false,15,atn,turkiye,creation,61,77,28,0
22,4,0,false,15,atn,turkiye,creation,130,119,60,90
26,0,5,false,15,atn,turkiye,creation,53,56,15,6
3,9,0,false,15,atn,turkiye,creation,80,74,47,80
5,5,0,false,15,atn,turkiye,creation,57,66,15,21
30,0,22,false,15,atn,turkiye,creation,56,65,6,15
31,0,16,false,15,atn,turkiye,creation,38,55,6,4
28,0,9,false,15,atn,turkiye,creation,53,85,15,13
38,4,22,false,15,atn,turkiye,creation,14,32,6,0
37,2,16,false,15,atn,turkiye,creation,58,91,15,19
8,7,0,false,15,atn,turkiye,creation,51,70,6,15
35,0,6,false,15,atn,turkiye,creation,54,95,15,19
25,9,0,false,15,atn,turkiye,creation,4,6,9,8
33,0,0,false,15,atn,turkiye,creation,6,9,11,15
41,7,0,false,15,atn,turkiye,creation,18,18,12,35
27,0,6,false,15,atn,turkiye,creation,87,28,7,87
21,8,0,false,15,atn,turkiye,creation,210,21,3,141
39,6,16,false,15,atn,turkiye,creation,120,0,0,112
14,8,0,false,15,atn,turkiye,creation,1,0,0,16
6,7,0,false,15,atn,turkiye,creation,0,0,0,0
1,7,0,false,15,atn,turkiye,creation,4,6,3,14
19,7,0,false,15,atn,turkiye,creation,6,9,3,23
32,0,2,false,15,atn,turkiye,creation,18,18,3,44
16,7,0,false,15,atn,turkiye,creation,91,32,1,94
4,9,0,false,15,atn,turkiye,creation,222,27,0,150
15,4,22,false,15,atn,turkiye,creation,148,6,0,127
11,7,0,false,15,atn,turkiye,creation,53,4,0,31
36,0,9,false,15,atn,turkiye,creation,109,0,0,21
17,8,0,false,15,metaweb,turkiye,burnin,192,0,28,0
20,0,25,false,15,metaweb,turkiye,burnin,184,8,28,0
29,8,0,false,15,metaweb,turkiye,burnin,176,16,28,0
7,8,0,false,15,metaweb,turkiye,burnin,168,24,28,0
2,8,0,false,15,metaweb,turkiye,burnin,160,32,28,0
23,0,25,false,15,metaweb,turkiye,burnin,152,40,28,0
12,8,0,false,15,metaweb,turkiye,burnin,144,48,28,0
18,0,25,false,15,metaweb,turkiye,burnin,136,56,28,0
13,8,0,false,15,metaweb,turkiye,burnin,128,64,28,0
9,8,0,false,15,metaweb,turkiye,burnin,120,72,28,0
24,0,25,false,15,metaweb,turkiye,burnin,112,80,28,0
10,8,0,false,15,metaweb,turkiye,burnin,104,88,28,0
22,0,25,false,15,metaweb,turkiye,burnin,96,96,28,0
26,8,0,false,15,metaweb,turkiye,burnin,88,104,28,0
3,8,0,false,15,metaweb,turkiye,burnin,80,112,28,0
5,8,0,false,15,metaweb,turkiye,burnin,72,120,28,0
30,8,0,false,15,metaweb,turkiye,burnin,64,128,28,0
31,8,0,false,15,metaweb,turkiye,burnin,164,136,56,119
28,8,0,false,15,metaweb,turkiye,burnin,164,136,48,127
8,8,0,false,15,metaweb,turkiye,burnin,164,136,40,135
25,0,25,false,15,metaweb,turkiye,burnin,164,136,32,143
33,8,0,false,15,metaweb,turkiye,burnin,164,136,24,151
27,8,0,false,15,metaweb,turkiye,burnin,164,136,16,159
21,0,25,false,15,metaweb,turkiye,burnin,164,136,8,167
14,8,0,false,15,metaweb,turkiye,burnin,164,136,0,175
6,8,0,false,15,metaweb,turkiye,burnin,136,56,0,28
1,8,0,false,15,metaweb,turkiye,burnin,144,48,0,28
19,0,25,false,15,metaweb,turkiye,burnin,152,40,0,28
32,8,0,false,15,metaweb,turkiye,burnin,160,32,0,28
16,8,0,false,15,metaweb,turkiye,burnin,168,24,0,28
4,8,0,false,15,metaweb,turkiye,burnin,176,16,0,28
15,8,0,false,15,metaweb,turkiye,burnin,184,8,0,28
11,8,0,false,15,metaweb,turkiye,burnin,192,0,0,28
9,4,0,false,15,down_niche_empiricalbm,turkiye,burnin,3,0,10,0
6,0,1,false,15,down_niche_empiricalbm,turkiye,burnin,1,0,5,2
1,0,3,false,15,down_niche_empiricalbm,turkiye,burnin,3,0,5,5
8,5,0,false,15,down_niche_empiricalbm,turkiye,burnin,1,0,1,6
7,4,0,false,15,down_niche_empiricalbm,turkiye,burnin,1,0,1,6
2,0,2,false,15,down_niche_empiricalbm,turkiye,burnin,0,0,0,3
4,0,2,false,15,down_niche_empiricalbm,turkiye,burnin,0,6,0,6
3,0,3,false,15,down_niche_empiricalbm,turkiye,burnin,4,3,0,10
5,0,2,false,15,down_niche_empiricalbm,turkiye,burnin,5,0,0,6
17,0,3,false,15,niche,turkiye,burnin,3,0,0,0
20,1,2,false,15,niche,turkiye,burnin,0,0,9,0
29,0,6,false,15,niche,turkiye,burnin,25,1,46,0
7,5,2,false,15,niche,turkiye,burnin,12,4,6,0
2,5,0,false,15,niche,turkiye,burnin,0,0,0,0
23,0,4,true,15,niche,turkiye,burnin,0,0,0,0
12,0,3,false,15,niche,turkiye,burnin,3,0,6,0
18,0,3,false,15,niche,turkiye,burnin,0,0,0,4
13,2,1,false,15,niche,turkiye,burnin,1,2,0,4
9,1,2,false,15,niche,turkiye,burnin,0,9,21,4
24,1,5,false,15,niche,turkiye,burnin,0,0,0,3
10,8,2,false,15,niche,turkiye,burnin,0,0,0,3
22,0,2,false,15,niche,turkiye,burnin,7,2,1,0
26,0,5,false,15,niche,turkiye,burnin,15,13,20,0
3,12,0,false,15,niche,turkiye,burnin,7,11,6,3
5,1,0,true,15,niche,turkiye,burnin,0,0,0,0
30,0,5,false,15,niche,turkiye,burnin,1,0,0,9
31,0,6,false,15,niche,turkiye,burnin,1,0,0,9
28,4,6,false,15,niche,turkiye,burnin,4,11,3,9
8,0,2,false,15,niche,turkiye,burnin,2,2,0,15
25,0,6,false,15,niche,turkiye,burnin,1,21,20,9
27,0,6,false,15,niche,turkiye,burnin,1,0,0,16
21,8,2,false,15,niche,turkiye,burnin,6,0,0,16
14,8,1,false,15,niche,turkiye,burnin,9,1,0,22
6,9,1,false,15,niche,turkiye,burnin,14,0,0,27
1,1,0,false,15,niche,turkiye,burnin,9,0,0,26
19,3,3,false,15,niche,turkiye,burnin,14,0,0,29
16,5,3,true,15,niche,turkiye,burnin,0,0,0,0
4,5,0,false,15,niche,turkiye,burnin,6,0,0,21
15,5,2,false,15,niche,turkiye,burnin,5,0,0,24
11,1,2,false,15,niche,turkiye,burnin,8,0,0,23
17,3,0,false,15,down_niche,turkiye,burnin,9,0,3,0
8,0,6,false,15,down_niche,turkiye,burnin,10,1,1,0
7,0,1,false,15,down_niche,turkiye,burnin,16,3,6,0
2,2,0,false,15,down_niche,turkiye,burnin,5,2,3,0
12,0,3,false,15,down_niche,turkiye,burnin,11,8,6,0
13,0,3,false,15,down_niche,turkiye,burnin,7,12,6,0
9,0,2,false,15,down_niche,turkiye,burnin,0,0,4,0
6,4,0,false,15,down_niche,turkiye,burnin,7,8,5,10
1,3,0,false,15,down_niche,turkiye,burnin,1,0,0,4
14,0,5,false,15,down_niche,turkiye,burnin,11,10,5,14
16,5,0,false,15,down_niche,turkiye,burnin,4,6,2,12
10,0,7,false,15,down_niche,turkiye,burnin,1,2,2,7
4,3,0,false,15,down_niche,turkiye,burnin,1,2,1,7
3,4,0,false,15,down_niche,turkiye,burnin,6,4,0,15
5,4,0,false,15,down_niche,turkiye,burnin,13,4,0,6
15,4,0,false,15,down_niche,turkiye,burnin,13,1,0,10
11,0,5,false,15,down_niche,turkiye,burnin,11,0,0,3
6,0,4,false,15,atn_empiricalbm,turkiye,burnin,7,0,3,0
1,3,0,false,15,atn_empiricalbm,turkiye,burnin,4,2,1,0
7,0,2,false,15,atn_empiricalbm,turkiye,burnin,2,5,3,0
2,2,0,false,15,atn_empiricalbm,turkiye,burnin,0,6,1,0
4,2,0,false,15,atn_empiricalbm,turkiye,burnin,6,0,0,6
3,3,0,false,15,atn_empiricalbm,turkiye,burnin,6,0,0,6
5,0,4,false,15,atn_empiricalbm,turkiye,burnin,1,0,0,4
9,8,0,false,15,metaweb_empiricalbm,turkiye,burnin,0,0,7,0
6,0,1,false,15,metaweb_empiricalbm,turkiye,burnin,0,0,6,1
1,0,1,false,15,metaweb_empiricalbm,turkiye,burnin,0,0,5,2
8,0,1,false,15,metaweb_empiricalbm,turkiye,burnin,0,0,4,3
7,0,1,false,15,metaweb_empiricalbm,turkiye,burnin,0,0,3,4
2,0,1,false,15,metaweb_empiricalbm,turkiye,burnin,0,0,2,5
4,0,1,false,15,metaweb_empiricalbm,turkiye,burnin,0,0,1,6
3,0,1,false,15,metaweb_empiricalbm,turkiye,burnin,0,0,0,7
5,0,1,false,15,metaweb_empiricalbm,turkiye,burnin,0,0,0,28
17,0,4,false,15,atn,turkiye,burnin,33,0,36,0
20,0,6,false,15,atn,turkiye,burnin,50,3,21,0
7,7,0,false,15,atn,turkiye,burnin,43,10,21,0
2,7,0,false,15,atn,turkiye,burnin,34,9,23,8
23,4,8,false,15,atn,turkiye,burnin,28,18,28,0
12,0,5,false,15,atn,turkiye,burnin,28,18,32,28
18,0,2,false,15,atn,turkiye,burnin,28,25,15,6
13,0,6,false,15,atn,turkiye,burnin,22,18,27,18
9,9,0,false,15,atn,turkiye,burnin,14,19,15,21
24,6,4,false,15,atn,turkiye,burnin,17,29,15,13
10,8,0,false,15,atn,turkiye,burnin,10,22,6,0
22,2,9,false,15,atn,turkiye,burnin,4,6,9,8
26,7,0,false,15,atn,turkiye,burnin,6,9,11,15
3,7,0,false,15,atn,turkiye,burnin,18,18,12,35
5,8,0,false,15,atn,turkiye,burnin,22,14,7,44
8,6,4,false,15,atn,turkiye,burnin,21,7,3,51
25,6,2,false,15,atn,turkiye,burnin,6,0,0,30
21,0,9,false,15,atn,turkiye,burnin,1,0,0,16
14,0,9,false,15,atn,turkiye,burnin,4,6,3,14
6,4,8,false,15,atn,turkiye,burnin,6,9,3,23
1,9,0,false,15,atn,turkiye,burnin,18,18,3,44
19,0,5,false,15,atn,turkiye,burnin,26,18,1,51
16,0,8,false,15,atn,turkiye,burnin,33,13,0,60
4,6,2,false,15,atn,turkiye,burnin,34,6,0,45
15,0,9,false,15,atn,turkiye,burnin,39,4,0,31
11,4,0,false,15,atn,turkiye,burnin,53,0,0,21
17,8,1,true,16,metaweb,turkiye,creation,0,0,0,0
20,8,7,true,16,metaweb,turkiye,creation,0,0,0,0
29,0,27,true,16,metaweb,turkiye,creation,0,0,0,0
34,8,1,true,16,metaweb,turkiye,creation,0,0,0,0
7,8,6,true,16,metaweb,turkiye,creation,0,0,0,0
2,19,3,false,16,metaweb,turkiye,creation,192,0,28,0
23,8,6,false,16,metaweb,turkiye,creation,184,8,28,0
40,8,1,false,16,metaweb,turkiye,creation,176,16,28,0
12,8,7,false,16,metaweb,turkiye,creation,168,24,28,0
18,8,6,false,16,metaweb,turkiye,creation,160,32,28,0
13,8,1,false,16,metaweb,turkiye,creation,152,40,28,0
9,8,6,false,16,metaweb,turkiye,creation,144,48,28,0
24,24,6,false,16,metaweb,turkiye,creation,136,56,28,0
10,8,6,false,16,metaweb,turkiye,creation,128,64,28,0
22,8,1,false,16,metaweb,turkiye,creation,120,72,28,0
26,0,27,false,16,metaweb,turkiye,creation,112,80,28,0
3,19,3,false,16,metaweb,turkiye,creation,104,88,28,0
5,11,7,false,16,metaweb,turkiye,creation,96,96,28,0
30,0,27,false,16,metaweb,turkiye,creation,88,104,28,0
31,0,27,false,16,metaweb,turkiye,creation,80,112,28,0
28,0,27,false,16,metaweb,turkiye,creation,72,120,28,0
38,8,1,false,16,metaweb,turkiye,creation,64,128,28,0
37,8,1,false,16,metaweb,turkiye,creation,0,0,28,0
8,8,0,true,16,metaweb,turkiye,creation,0,0,0,0
35,8,1,true,16,metaweb,turkiye,creation,0,0,0,0
25,24,6,false,16,metaweb,turkiye,creation,164,136,56,119
33,0,27,false,16,metaweb,turkiye,creation,164,136,48,127
41,8,1,false,16,metaweb,turkiye,creation,164,136,40,135
27,0,27,false,16,metaweb,turkiye,creation,164,136,32,143
21,8,7,false,16,metaweb,turkiye,creation,164,136,24,151
39,8,1,false,16,metaweb,turkiye,creation,164,136,16,159
14,8,7,false,16,metaweb,turkiye,creation,164,136,8,167
6,8,0,false,16,metaweb,turkiye,creation,164,136,0,175
1,19,3,false,16,metaweb,turkiye,creation,136,56,0,35
19,8,6,false,16,metaweb,turkiye,creation,144,48,0,35
32,0,27,false,16,metaweb,turkiye,creation,152,40,0,35
16,8,7,false,16,metaweb,turkiye,creation,160,32,0,35
4,16,6,false,16,metaweb,turkiye,creation,168,24,0,35
15,8,1,false,16,metaweb,turkiye,creation,176,16,0,35
11,8,7,false,16,metaweb,turkiye,creation,184,8,0,35
36,8,1,false,16,metaweb,turkiye,creation,192,0,0,35
17,6,1,false,16,down_niche_empiricalbm,turkiye,creation,6,0,3,0
20,3,3,false,16,down_niche_empiricalbm,turkiye,creation,3,1,3,0
29,0,1,false,16,down_niche_empiricalbm,turkiye,creation,3,0,3,0
34,4,0,false,16,down_niche_empiricalbm,turkiye,creation,2,3,3,0
7,4,3,false,16,down_niche_empiricalbm,turkiye,creation,1,6,21,0
2,3,0,false,16,down_niche_empiricalbm,turkiye,creation,72,0,6,0
23,4,0,false,16,down_niche_empiricalbm,turkiye,creation,57,4,9,4
40,2,0,false,16,down_niche_empiricalbm,turkiye,creation,62,6,6,0
12,2,3,false,16,down_niche_empiricalbm,turkiye,creation,75,11,10,4
18,6,0,false,16,down_niche_empiricalbm,turkiye,creation,69,16,10,0
13,3,1,false,16,down_niche_empiricalbm,turkiye,creation,51,17,8,1
9,5,2,false,16,down_niche_empiricalbm,turkiye,creation,22,13,2,10
24,4,1,false,16,down_niche_empiricalbm,turkiye,creation,38,15,3,6
10,5,0,false,16,down_niche_empiricalbm,turkiye,creation,51,23,10,8
22,4,0,false,16,down_niche_empiricalbm,turkiye,creation,45,27,6,6
26,0,18,false,16,down_niche_empiricalbm,turkiye,creation,44,31,6,10
3,3,0,false,16,down_niche_empiricalbm,turkiye,creation,48,44,15,6
5,7,0,false,16,down_niche_empiricalbm,turkiye,creation,42,50,15,0
30,0,20,false,16,down_niche_empiricalbm,turkiye,creation,18,31,3,2
31,0,8,false,16,down_niche_empiricalbm,turkiye,creation,20,36,3,5
28,0,20,false,16,down_niche_empiricalbm,turkiye,creation,30,52,15,10
38,4,1,false,16,down_niche_empiricalbm,turkiye,creation,18,42,6,0
37,3,1,false,16,down_niche_empiricalbm,turkiye,creation,0,0,6,0
8,4,0,true,16,down_niche_empiricalbm,turkiye,creation,0,0,0,0
35,3,1,false,16,down_niche_empiricalbm,turkiye,creation,5,0,0,6
25,4,0,false,16,down_niche_empiricalbm,turkiye,creation,81,72,13,44
33,0,14,false,16,down_niche_empiricalbm,turkiye,creation,0,0,0,0
41,3,1,false,16,down_niche_empiricalbm,turkiye,creation,106,84,12,54
27,0,0,false,16,down_niche_empiricalbm,turkiye,creation,0,0,0,5
21,6,3,false,16,down_niche_empiricalbm,turkiye,creation,115,75,6,55
39,3,0,false,16,down_niche_empiricalbm,turkiye,creation,16,12,3,29
14,5,2,false,16,down_niche_empiricalbm,turkiye,creation,97,56,1,59
6,4,0,false,16,down_niche_empiricalbm,turkiye,creation,51,40,0,43
1,3,0,false,16,down_niche_empiricalbm,turkiye,creation,55,17,0,6
19,3,2,false,16,down_niche_empiricalbm,turkiye,creation,41,10,0,6
32,0,18,false,16,down_niche_empiricalbm,turkiye,creation,65,10,0,10
16,4,4,false,16,down_niche_empiricalbm,turkiye,creation,48,7,0,6
4,3,0,false,16,down_niche_empiricalbm,turkiye,creation,55,5,0,9
15,4,1,false,16,down_niche_empiricalbm,turkiye,creation,51,2,0,3
11,4,1,false,16,down_niche_empiricalbm,turkiye,creation,28,2,0,1
36,5,0,false,16,down_niche_empiricalbm,turkiye,creation,49,0,0,6
17,1,3,false,16,niche,turkiye,creation,11,0,90,0
20,0,2,false,16,niche,turkiye,creation,2,0,0,0
29,5,2,false,16,niche,turkiye,creation,0,11,54,0
34,0,7,false,16,niche,turkiye,creation,3,0,0,0
7,6,2,true,16,niche,turkiye,creation,0,0,0,0
2,1,1,false,16,niche,turkiye,creation,5,2,8,13
23,4,4,false,16,niche,turkiye,creation,8,0,10,13
40,0,3,false,16,niche,turkiye,creation,5,5,6,13
12,0,3,false,16,niche,turkiye,creation,26,3,19,23
18,2,3,false,16,niche,turkiye,creation,1,0,0,23
13,1,3,false,16,niche,turkiye,creation,6,2,1,23
9,9,3,false,16,niche,turkiye,creation,1,0,0,23
24,0,3,false,16,niche,turkiye,creation,1,0,0,21
10,0,3,false,16,niche,turkiye,creation,20,4,5,23
22,6,3,false,16,niche,turkiye,creation,1,0,0,23
26,10,4,false,16,niche,turkiye,creation,8,0,0,23
3,11,1,false,16,niche,turkiye,creation,3,2,0,23
5,19,2,false,16,niche,turkiye,creation,1,2,1,23
30,0,3,false,16,niche,turkiye,creation,3,5,1,21
31,0,3,false,16,niche,turkiye,creation,1,0,0,5
28,1,2,false,16,niche,turkiye,creation,22,9,9,5
38,1,9,false,16,niche,turkiye,creation,3,7,15,2
37,1,9,false,16,niche,turkiye,creation,19,11,5,11
8,5,2,false,16,niche,turkiye,creation,1,0,0,11
35,4,7,false,16,niche,turkiye,creation,9,1,0,10
25,1,5,false,16,niche,turkiye,creation,15,24,25,10
33,5,6,false,16,niche,turkiye,creation,8,23,13,5
41,0,2,false,16,niche,turkiye,creation,3,5,0,9
27,8,1,false,16,niche,turkiye,creation,3,25,8,4
21,7,2,false,16,niche,turkiye,creation,3,0,0,17
39,1,8,false,16,niche,turkiye,creation,3,0,0,17
14,5,3,false,16,niche,turkiye,creation,4,11,1,14
6,5,2,true,16,niche,turkiye,creation,0,0,0,0
1,15,1,false,16,niche,turkiye,creation,10,0,0,25
19,2,4,true,16,niche,turkiye,creation,0,0,0,0
32,2,3,false,16,niche,turkiye,creation,21,1,0,25
16,1,3,false,16,niche,turkiye,creation,22,0,0,32
4,1,1,false,16,niche,turkiye,creation,27,1,0,24
15,0,3,false,16,niche,turkiye,creation,27,0,0,21
11,2,3,false,16,niche,turkiye,creation,1,0,0,7
36,1,9,false,16,niche,turkiye,creation,1,0,0,0
17,6,1,false,16,down_niche,turkiye,creation,6,0,3,0
20,3,3,false,16,down_niche,turkiye,creation,3,1,3,0
29,0,1,false,16,down_niche,turkiye,creation,3,0,3,0
34,4,0,false,16,down_niche,turkiye,creation,2,3,3,0
7,4,3,false,16,down_niche,turkiye,creation,1,6,21,0
2,3,0,false,16,down_niche,turkiye,creation,72,0,6,0
23,4,0,false,16,down_niche,turkiye,creation,57,4,9,4
40,2,0,false,16,down_niche,turkiye,creation,62,6,6,0
12,2,3,false,16,down_niche,turkiye,creation,75,11,10,4
18,6,0,false,16,down_niche,turkiye,creation,69,16,10,0
13,3,1,false,16,down_niche,turkiye,creation,51,17,8,1
9,5,2,false,16,down_niche,turkiye,creation,22,13,2,10
24,4,1,false,16,down_niche,turkiye,creation,38,15,3,6
10,5,0,false,16,down_niche,turkiye,creation,51,23,10,8
22,4,0,false,16,down_niche,turkiye,creation,45,27,6,6
26,0,18,false,16,down_niche,turkiye,creation,44,31,6,10
3,3,0,false,16,down_niche,turkiye,creation,48,44,15,6
5,7,0,false,16,down_niche,turkiye,creation,42,50,15,0
30,0,20,false,16,down_niche,turkiye,creation,18,31,3,2
31,0,8,false,16,down_niche,turkiye,creation,20,36,3,5
28,0,20,false,16,down_niche,turkiye,creation,30,52,15,10
38,4,1,false,16,down_niche,turkiye,creation,18,42,6,0
37,3,1,false,16,down_niche,turkiye,creation,0,0,6,0
8,4,0,true,16,down_niche,turkiye,creation,0,0,0,0
35,3,1,false,16,down_niche,turkiye,creation,5,0,0,6
25,4,0,false,16,down_niche,turkiye,creation,81,72,13,44
33,0,14,false,16,down_niche,turkiye,creation,0,0,0,0
41,3,1,false,16,down_niche,turkiye,creation,106,84,12,54
27,0,0,false,16,down_niche,turkiye,creation,0,0,0,5
21,6,3,false,16,down_niche,turkiye,creation,115,75,6,55
39,3,0,false,16,down_niche,turkiye,creation,16,12,3,29
14,5,2,false,16,down_niche,turkiye,creation,97,56,1,59
6,4,0,false,16,down_niche,turkiye,creation,51,40,0,43
1,3,0,false,16,down_niche,turkiye,creation,55,17,0,6
19,3,2,false,16,down_niche,turkiye,creation,41,10,0,6
32,0,18,false,16,down_niche,turkiye,creation,65,10,0,10
16,4,4,false,16,down_niche,turkiye,creation,48,7,0,6
4,3,0,false,16,down_niche,turkiye,creation,55,5,0,9
15,4,1,false,16,down_niche,turkiye,creation,51,2,0,3
11,4,1,false,16,down_niche,turkiye,creation,28,2,0,1
36,5,0,false,16,down_niche,turkiye,creation,49,0,0,6
17,6,6,false,16,atn_empiricalbm,turkiye,creation,103,0,28,0
20,6,0,false,16,atn_empiricalbm,turkiye,creation,101,8,45,0
29,0,18,false,16,atn_empiricalbm,turkiye,creation,102,8,15,0
34,0,3,false,16,atn_empiricalbm,turkiye,creation,87,22,45,0
7,10,0,false,16,atn_empiricalbm,turkiye,creation,82,10,15,0
2,10,0,false,16,atn_empiricalbm,turkiye,creation,92,25,19,0
23,5,0,false,16,atn_empiricalbm,turkiye,creation,70,39,45,0
40,6,4,false,16,atn_empiricalbm,turkiye,creation,78,32,15,0
12,6,0,false,16,atn_empiricalbm,turkiye,creation,56,53,45,0
18,8,0,false,16,atn_empiricalbm,turkiye,creation,47,45,15,0
13,6,8,false,16,atn_empiricalbm,turkiye,creation,48,28,6,0
9,10,0,false,16,atn_empiricalbm,turkiye,creation,60,50,15,0
24,7,0,false,16,atn_empiricalbm,turkiye,creation,64,26,28,48
10,6,0,false,16,atn_empiricalbm,turkiye,creation,52,58,15,0
22,6,10,false,16,atn_empiricalbm,turkiye,creation,51,32,26,45
26,0,3,false,16,atn_empiricalbm,turkiye,creation,44,66,15,0
3,6,0,false,16,atn_empiricalbm,turkiye,creation,42,35,20,45
5,6,0,false,16,atn_empiricalbm,turkiye,creation,42,61,10,18
30,0,22,false,16,atn_empiricalbm,turkiye,creation,32,78,15,0
31,0,18,false,16,atn_empiricalbm,turkiye,creation,28,64,15,0
28,0,9,false,16,atn_empiricalbm,turkiye,creation,22,88,15,0
38,4,22,false,16,atn_empiricalbm,turkiye,creation,47,58,23,61
37,2,18,false,16,atn_empiricalbm,turkiye,creation,18,67,6,4
8,6,0,false,16,atn_empiricalbm,turkiye,creation,28,70,6,15
35,0,7,false,16,atn_empiricalbm,turkiye,creation,6,104,15,0
25,6,0,false,16,atn_empiricalbm,turkiye,creation,3,0,9,0
33,0,0,false,16,atn_empiricalbm,turkiye,creation,9,12,11,22
41,6,0,false,16,atn_empiricalbm,turkiye,creation,18,18,12,33
27,0,7,false,16,atn_empiricalbm,turkiye,creation,120,32,7,81
21,6,0,false,16,atn_empiricalbm,turkiye,creation,210,21,3,126
39,6,18,false,16,atn_empiricalbm,turkiye,creation,153,0,0,111
14,6,0,false,16,atn_empiricalbm,turkiye,creation,6,0,0,36
6,7,0,false,16,atn_empiricalbm,turkiye,creation,0,0,0,0
1,8,0,false,16,atn_empiricalbm,turkiye,creation,3,0,3,6
19,6,0,false,16,atn_empiricalbm,turkiye,creation,9,12,3,30
32,0,4,false,16,atn_empiricalbm,turkiye,creation,18,18,3,42
16,6,0,false,16,atn_empiricalbm,turkiye,creation,120,36,1,88
4,10,0,false,16,atn_empiricalbm,turkiye,creation,220,27,0,135
15,6,7,false,16,atn_empiricalbm,turkiye,creation,179,6,0,126
11,4,0,false,16,atn_empiricalbm,turkiye,creation,64,4,0,51
36,0,9,false,16,atn_empiricalbm,turkiye,creation,92,0,0,15
17,8,1,true,16,metaweb_empiricalbm,turkiye,creation,0,0,0,0
20,8,7,true,16,metaweb_empiricalbm,turkiye,creation,0,0,0,0
29,0,27,true,16,metaweb_empiricalbm,turkiye,creation,0,0,0,0
34,8,1,true,16,metaweb_empiricalbm,turkiye,creation,0,0,0,0
7,8,6,true,16,metaweb_empiricalbm,turkiye,creation,0,0,0,0
2,19,3,false,16,metaweb_empiricalbm,turkiye,creation,192,0,28,0
23,8,6,false,16,metaweb_empiricalbm,turkiye,creation,184,8,28,0
40,8,1,false,16,metaweb_empiricalbm,turkiye,creation,176,16,28,0
12,8,7,false,16,metaweb_empiricalbm,turkiye,creation,168,24,28,0
18,8,6,false,16,metaweb_empiricalbm,turkiye,creation,160,32,28,0
13,8,1,false,16,metaweb_empiricalbm,turkiye,creation,152,40,28,0
9,8,6,false,16,metaweb_empiricalbm,turkiye,creation,144,48,28,0
24,24,6,false,16,metaweb_empiricalbm,turkiye,creation,136,56,28,0
10,8,6,false,16,metaweb_empiricalbm,turkiye,creation,128,64,28,0
22,8,1,false,16,metaweb_empiricalbm,turkiye,creation,120,72,28,0
26,0,27,false,16,metaweb_empiricalbm,turkiye,creation,112,80,28,0
3,19,3,false,16,metaweb_empiricalbm,turkiye,creation,104,88,28,0
5,11,7,false,16,metaweb_empiricalbm,turkiye,creation,96,96,28,0
30,0,27,false,16,metaweb_empiricalbm,turkiye,creation,88,104,28,0
31,0,27,false,16,metaweb_empiricalbm,turkiye,creation,80,112,28,0
28,0,27,false,16,metaweb_empiricalbm,turkiye,creation,72,120,28,0
38,8,1,false,16,metaweb_empiricalbm,turkiye,creation,64,128,28,0
37,8,1,false,16,metaweb_empiricalbm,turkiye,creation,0,0,28,0
8,8,0,true,16,metaweb_empiricalbm,turkiye,creation,0,0,0,0
35,8,1,true,16,metaweb_empiricalbm,turkiye,creation,0,0,0,0
25,24,6,false,16,metaweb_empiricalbm,turkiye,creation,164,136,56,119
33,0,27,false,16,metaweb_empiricalbm,turkiye,creation,164,136,48,127
41,8,1,false,16,metaweb_empiricalbm,turkiye,creation,164,136,40,135
27,0,27,false,16,metaweb_empiricalbm,turkiye,creation,164,136,32,143
21,8,7,false,16,metaweb_empiricalbm,turkiye,creation,164,136,24,151
39,8,1,false,16,metaweb_empiricalbm,turkiye,creation,164,136,16,159
14,8,7,false,16,metaweb_empiricalbm,turkiye,creation,164,136,8,167
6,8,0,false,16,metaweb_empiricalbm,turkiye,creation,164,136,0,175
1,19,3,false,16,metaweb_empiricalbm,turkiye,creation,136,56,0,35
19,8,6,false,16,metaweb_empiricalbm,turkiye,creation,144,48,0,35
32,0,27,false,16,metaweb_empiricalbm,turkiye,creation,152,40,0,35
16,8,7,false,16,metaweb_empiricalbm,turkiye,creation,160,32,0,35
4,16,6,false,16,metaweb_empiricalbm,turkiye,creation,168,24,0,35
15,8,1,false,16,metaweb_empiricalbm,turkiye,creation,176,16,0,35
11,8,7,false,16,metaweb_empiricalbm,turkiye,creation,184,8,0,35
36,8,1,false,16,metaweb_empiricalbm,turkiye,creation,192,0,0,35
17,6,6,false,16,atn,turkiye,creation,103,0,28,0
20,6,0,false,16,atn,turkiye,creation,101,8,45,0
29,0,18,false,16,atn,turkiye,creation,102,8,15,0
34,0,3,false,16,atn,turkiye,creation,87,22,45,0
7,10,0,false,16,atn,turkiye,creation,82,10,15,0
2,10,0,false,16,atn,turkiye,creation,92,25,19,0
23,5,0,false,16,atn,turkiye,creation,70,39,45,0
40,6,4,false,16,atn,turkiye,creation,78,32,15,0
12,6,0,false,16,atn,turkiye,creation,56,53,45,0
18,8,0,false,16,atn,turkiye,creation,47,45,15,0
13,6,8,false,16,atn,turkiye,creation,48,28,6,0
9,10,0,false,16,atn,turkiye,creation,60,50,15,0
24,7,0,false,16,atn,turkiye,creation,64,26,28,48
10,6,0,false,16,atn,turkiye,creation,52,58,15,0
22,6,10,false,16,atn,turkiye,creation,51,32,26,45
26,0,3,false,16,atn,turkiye,creation,44,66,15,0
3,6,0,false,16,atn,turkiye,creation,42,35,20,45
5,6,0,false,16,atn,turkiye,creation,42,61,10,18
30,0,22,false,16,atn,turkiye,creation,32,78,15,0
31,0,18,false,16,atn,turkiye,creation,28,64,15,0
28,0,9,false,16,atn,turkiye,creation,22,88,15,0
38,4,22,false,16,atn,turkiye,creation,47,58,23,61
37,2,18,false,16,atn,turkiye,creation,18,67,6,4
8,6,0,false,16,atn,turkiye,creation,28,70,6,15
35,0,7,false,16,atn,turkiye,creation,6,104,15,0
25,6,0,false,16,atn,turkiye,creation,3,0,9,0
33,0,0,false,16,atn,turkiye,creation,9,12,11,22
41,6,0,false,16,atn,turkiye,creation,18,18,12,33
27,0,7,false,16,atn,turkiye,creation,120,32,7,81
21,6,0,false,16,atn,turkiye,creation,210,21,3,126
39,6,18,false,16,atn,turkiye,creation,153,0,0,111
14,6,0,false,16,atn,turkiye,creation,6,0,0,36
6,7,0,false,16,atn,turkiye,creation,0,0,0,0
1,8,0,false,16,atn,turkiye,creation,3,0,3,6
19,6,0,false,16,atn,turkiye,creation,9,12,3,30
32,0,4,false,16,atn,turkiye,creation,18,18,3,42
16,6,0,false,16,atn,turkiye,creation,120,36,1,88
4,10,0,false,16,atn,turkiye,creation,220,27,0,135
15,6,7,false,16,atn,turkiye,creation,179,6,0,126
11,4,0,false,16,atn,turkiye,creation,64,4,0,51
36,0,9,false,16,atn,turkiye,creation,92,0,0,15
17,8,0,false,16,metaweb,turkiye,burnin,192,0,28,0
20,0,25,false,16,metaweb,turkiye,burnin,184,8,28,0
29,8,0,false,16,metaweb,turkiye,burnin,176,16,28,0
7,8,0,false,16,metaweb,turkiye,burnin,168,24,28,0
2,8,0,false,16,metaweb,turkiye,burnin,160,32,28,0
23,0,25,false,16,metaweb,turkiye,burnin,152,40,28,0
12,8,0,false,16,metaweb,turkiye,burnin,144,48,28,0
18,0,25,false,16,metaweb,turkiye,burnin,136,56,28,0
13,8,0,false,16,metaweb,turkiye,burnin,128,64,28,0
9,8,0,false,16,metaweb,turkiye,burnin,120,72,28,0
24,0,25,false,16,metaweb,turkiye,burnin,112,80,28,0
10,8,0,false,16,metaweb,turkiye,burnin,104,88,28,0
22,0,25,false,16,metaweb,turkiye,burnin,96,96,28,0
26,8,0,false,16,metaweb,turkiye,burnin,88,104,28,0
3,8,0,false,16,metaweb,turkiye,burnin,80,112,28,0
5,8,0,false,16,metaweb,turkiye,burnin,72,120,28,0
30,8,0,false,16,metaweb,turkiye,burnin,64,128,28,0
31,8,0,false,16,metaweb,turkiye,burnin,164,136,56,119
28,8,0,false,16,metaweb,turkiye,burnin,164,136,48,127
8,8,0,false,16,metaweb,turkiye,burnin,164,136,40,135
25,0,25,false,16,metaweb,turkiye,burnin,164,136,32,143
33,8,0,false,16,metaweb,turkiye,burnin,164,136,24,151
27,8,0,false,16,metaweb,turkiye,burnin,164,136,16,159
21,0,25,false,16,metaweb,turkiye,burnin,164,136,8,167
14,8,0,false,16,metaweb,turkiye,burnin,164,136,0,175
6,8,0,false,16,metaweb,turkiye,burnin,136,56,0,28
1,8,0,false,16,metaweb,turkiye,burnin,144,48,0,28
19,0,25,false,16,metaweb,turkiye,burnin,152,40,0,28
32,8,0,false,16,metaweb,turkiye,burnin,160,32,0,28
16,8,0,false,16,metaweb,turkiye,burnin,168,24,0,28
4,8,0,false,16,metaweb,turkiye,burnin,176,16,0,28
15,8,0,false,16,metaweb,turkiye,burnin,184,8,0,28
11,8,0,false,16,metaweb,turkiye,burnin,192,0,0,28
6,3,0,false,16,down_niche_empiricalbm,turkiye,burnin,1,0,6,0
1,0,2,false,16,down_niche_empiricalbm,turkiye,burnin,1,0,4,2
7,5,0,false,16,down_niche_empiricalbm,turkiye,burnin,0,0,2,2
2,0,2,false,16,down_niche_empiricalbm,turkiye,burnin,0,0,1,3
4,0,1,false,16,down_niche_empiricalbm,turkiye,burnin,1,0,0,6
3,0,1,false,16,down_niche_empiricalbm,turkiye,burnin,0,3,0,3
5,0,2,false,16,down_niche_empiricalbm,turkiye,burnin,3,0,0,10
17,7,2,false,16,niche,turkiye,burnin,9,0,55,0
20,10,3,false,16,niche,turkiye,burnin,1,0,0,0
29,4,7,false,16,niche,turkiye,burnin,0,9,36,0
34,0,3,true,16,niche,turkiye,burnin,0,0,0,0
7,9,3,false,16,niche,turkiye,burnin,2,1,5,10
2,1,1,false,16,niche,turkiye,burnin,7,0,10,10
23,5,1,false,16,niche,turkiye,burnin,23,3,19,18
12,0,3,false,16,niche,turkiye,burnin,1,0,0,18
18,4,2,false,16,niche,turkiye,burnin,3,0,0,18
13,1,3,false,16,niche,turkiye,burnin,1,0,0,18
9,1,3,false,16,niche,turkiye,burnin,17,4,5,18
24,0,3,false,16,niche,turkiye,burnin,1,0,0,18
10,0,3,false,16,niche,turkiye,burnin,7,0,0,18
22,1,2,false,16,niche,turkiye,burnin,1,2,1,18
26,2,3,false,16,niche,turkiye,burnin,2,1,0,18
3,9,1,false,16,niche,turkiye,burnin,1,0,0,4
5,4,2,false,16,niche,turkiye,burnin,18,9,9,4
30,1,8,false,16,niche,turkiye,burnin,1,3,6,2
31,1,8,false,16,niche,turkiye,burnin,0,0,0,5
28,0,7,false,16,niche,turkiye,burnin,13,20,25,3
8,0,3,false,16,niche,turkiye,burnin,8,19,13,3
35,0,2,false,16,niche,turkiye,burnin,3,4,0,7
25,0,3,false,16,niche,turkiye,burnin,2,21,8,4
33,1,7,false,16,niche,turkiye,burnin,3,0,0,17
27,5,6,false,16,niche,turkiye,burnin,3,0,0,17
21,8,1,false,16,niche,turkiye,burnin,4,9,1,14
14,2,3,true,16,niche,turkiye,burnin,0,0,0,0
6,6,2,false,16,niche,turkiye,burnin,10,0,0,25
1,12,1,true,16,niche,turkiye,burnin,0,0,0,0
19,0,2,false,16,niche,turkiye,burnin,15,1,0,23
32,1,8,false,16,niche,turkiye,burnin,16,0,0,29
16,0,2,false,16,niche,turkiye,burnin,20,1,0,22
4,15,2,false,16,niche,turkiye,burnin,20,0,0,18
15,1,3,false,16,niche,turkiye,burnin,1,0,0,7
11,5,3,false,16,niche,turkiye,burnin,1,0,0,0
17,3,0,false,16,down_niche,turkiye,burnin,1,0,3,0
20,0,18,false,16,down_niche,turkiye,burnin,0,1,3,0
29,5,0,false,16,down_niche,turkiye,burnin,72,0,6,0
34,3,0,false,16,down_niche,turkiye,burnin,56,2,6,2
7,5,0,false,16,down_niche,turkiye,burnin,62,6,6,0
2,3,0,false,16,down_niche,turkiye,burnin,74,11,10,0
23,0,20,false,16,down_niche,turkiye,burnin,69,16,10,0
12,4,0,false,16,down_niche,turkiye,burnin,51,17,6,0
18,6,2,false,16,down_niche,turkiye,burnin,21,11,1,2
13,4,1,false,16,down_niche,turkiye,burnin,38,15,3,0
9,2,1,false,16,down_niche,turkiye,burnin,50,23,10,0
24,0,8,false,16,down_niche,turkiye,burnin,45,27,6,0
10,3,0,false,16,down_niche,turkiye,burnin,41,31,6,2
22,0,1,false,16,down_niche,turkiye,burnin,48,44,15,0
26,0,14,false,16,down_niche,turkiye,burnin,42,50,15,0
3,4,0,false,16,down_niche,turkiye,burnin,18,31,3,2
5,4,0,false,16,down_niche,turkiye,burnin,20,35,3,0
30,3,0,false,16,down_niche,turkiye,burnin,28,52,15,4
31,4,0,false,16,down_niche,turkiye,burnin,18,42,6,0
28,3,0,false,16,down_niche,turkiye,burnin,81,72,13,44
8,4,0,false,16,down_niche,turkiye,burnin,106,84,12,54
25,0,18,false,16,down_niche,turkiye,burnin,0,0,0,5
33,2,0,false,16,down_niche,turkiye,burnin,115,75,6,55
27,4,0,false,16,down_niche,turkiye,burnin,16,12,3,29
21,0,20,false,16,down_niche,turkiye,burnin,97,56,1,59
14,6,0,false,16,down_niche,turkiye,burnin,51,40,0,43
6,5,0,false,16,down_niche,turkiye,burnin,55,17,0,6
1,3,0,false,16,down_niche,turkiye,burnin,41,10,0,3
19,4,0,false,16,down_niche,turkiye,burnin,65,10,0,10
32,3,0,false,16,down_niche,turkiye,burnin,48,7,0,3
16,3,1,false,16,down_niche,turkiye,burnin,55,5,0,6
4,4,1,false,16,down_niche,turkiye,burnin,51,2,0,3
15,6,0,false,16,down_niche,turkiye,burnin,28,2,0,1
11,5,0,false,16,down_niche,turkiye,burnin,49,0,0,3
6,0,5,false,16,atn_empiricalbm,turkiye,burnin,11,0,3,0
1,3,0,false,16,atn_empiricalbm,turkiye,burnin,8,3,3,0
8,0,4,false,16,atn_empiricalbm,turkiye,burnin,5,6,3,0
7,0,5,false,16,atn_empiricalbm,turkiye,burnin,2,9,3,0
2,3,0,false,16,atn_empiricalbm,turkiye,burnin,0,8,1,0
4,3,0,false,16,atn_empiricalbm,turkiye,burnin,10,0,0,9
3,3,0,false,16,atn_empiricalbm,turkiye,burnin,10,0,0,9
5,2,0,false,16,atn_empiricalbm,turkiye,burnin,6,0,0,8
9,8,0,false,16,metaweb_empiricalbm,turkiye,burnin,0,0,7,0
6,0,1,false,16,metaweb_empiricalbm,turkiye,burnin,0,0,6,1
1,0,1,false,16,metaweb_empiricalbm,turkiye,burnin,0,0,5,2
8,0,1,false,16,metaweb_empiricalbm,turkiye,burnin,0,0,4,3
7,0,1,false,16,metaweb_empiricalbm,turkiye,burnin,0,0,3,4
2,0,1,false,16,metaweb_empiricalbm,turkiye,burnin,0,0,2,5
4,0,1,false,16,metaweb_empiricalbm,turkiye,burnin,0,0,1,6
3,0,1,false,16,metaweb_empiricalbm,turkiye,burnin,0,0,0,7
5,0,1,false,16,metaweb_empiricalbm,turkiye,burnin,0,0,0,28
17,6,5,false,16,atn,turkiye,burnin,73,0,45,0
20,0,3,false,16,atn,turkiye,burnin,80,4,15,0
29,0,9,false,16,atn,turkiye,burnin,59,14,45,0
34,6,0,false,16,atn,turkiye,burnin,68,8,15,0
7,10,0,false,16,atn,turkiye,burnin,47,26,45,0
2,6,0,false,16,atn,turkiye,burnin,62,22,15,0
23,0,16,false,16,atn,turkiye,burnin,33,40,45,0
12,6,0,false,16,atn,turkiye,burnin,52,32,15,0
18,5,0,false,16,atn,turkiye,burnin,54,10,15,36
13,6,4,false,16,atn,turkiye,burnin,44,40,15,0
9,6,4,false,16,atn,turkiye,burnin,46,18,15,36
24,0,16,false,16,atn,turkiye,burnin,36,48,15,0
10,6,0,false,16,atn,turkiye,burnin,38,26,15,36
22,0,9,false,16,atn,turkiye,burnin,28,56,15,0
26,0,4,false,16,atn,turkiye,burnin,26,50,15,0
3,10,0,false,16,atn,turkiye,burnin,18,66,15,0
5,10,0,false,16,atn,turkiye,burnin,24,44,19,36
30,2,16,false,16,atn,turkiye,burnin,10,48,6,4
31,4,16,false,16,atn,turkiye,burnin,6,78,15,0
28,0,7,false,16,atn,turkiye,burnin,3,0,9,0
8,6,0,false,16,atn,turkiye,burnin,9,12,11,22
25,0,13,false,16,atn,turkiye,burnin,18,18,12,33
33,6,4,false,16,atn,turkiye,burnin,92,28,7,73
27,0,3,false,16,atn,turkiye,burnin,105,15,3,92
21,0,7,false,16,atn,turkiye,burnin,78,0,0,80
14,6,0,false,16,atn,turkiye,burnin,6,0,0,36
6,6,0,false,16,atn,turkiye,burnin,3,0,3,6
1,10,0,false,16,atn,turkiye,burnin,9,12,3,30
19,6,0,false,16,atn,turkiye,burnin,18,18,3,42
32,6,13,false,16,atn,turkiye,burnin,92,32,1,80
16,6,0,false,16,atn,turkiye,burnin,115,21,0,101
4,6,0,false,16,atn,turkiye,burnin,104,6,0,95
15,6,0,false,16,atn,turkiye,burnin,60,4,0,51
11,6,4,false,16,atn,turkiye,burnin,76,0,0,15
17,8,1,true,17,metaweb,turkiye,creation,0,0,0,0
20,8,7,true,17,metaweb,turkiye,creation,0,0,0,0
29,0,27,true,17,metaweb,turkiye,creation,0,0,0,0
34,8,1,true,17,metaweb,turkiye,creation,0,0,0,0
7,8,6,true,17,metaweb,turkiye,creation,0,0,0,0
2,19,3,false,17,metaweb,turkiye,creation,192,0,28,0
23,8,6,false,17,metaweb,turkiye,creation,184,8,28,0
40,8,1,false,17,metaweb,turkiye,creation,176,16,28,0
12,8,7,false,17,metaweb,turkiye,creation,168,24,28,0
18,8,6,false,17,metaweb,turkiye,creation,160,32,28,0
13,8,1,false,17,metaweb,turkiye,creation,152,40,28,0
9,8,6,false,17,metaweb,turkiye,creation,144,48,28,0
24,24,6,false,17,metaweb,turkiye,creation,136,56,28,0
10,8,6,false,17,metaweb,turkiye,creation,128,64,28,0
22,8,1,false,17,metaweb,turkiye,creation,120,72,28,0
26,0,27,false,17,metaweb,turkiye,creation,112,80,28,0
3,19,3,false,17,metaweb,turkiye,creation,104,88,28,0
5,11,7,false,17,metaweb,turkiye,creation,96,96,28,0
30,0,27,false,17,metaweb,turkiye,creation,88,104,28,0
31,0,27,false,17,metaweb,turkiye,creation,80,112,28,0
28,0,27,false,17,metaweb,turkiye,creation,72,120,28,0
38,8,1,false,17,metaweb,turkiye,creation,64,128,28,0
37,8,1,false,17,metaweb,turkiye,creation,0,0,28,0
8,8,0,true,17,metaweb,turkiye,creation,0,0,0,0
35,8,1,true,17,metaweb,turkiye,creation,0,0,0,0
25,24,6,false,17,metaweb,turkiye,creation,164,136,56,119
33,0,27,false,17,metaweb,turkiye,creation,164,136,48,127
41,8,1,false,17,metaweb,turkiye,creation,164,136,40,135
27,0,27,false,17,metaweb,turkiye,creation,164,136,32,143
21,8,7,false,17,metaweb,turkiye,creation,164,136,24,151
39,8,1,false,17,metaweb,turkiye,creation,164,136,16,159
14,8,7,false,17,metaweb,turkiye,creation,164,136,8,167
6,8,0,false,17,metaweb,turkiye,creation,164,136,0,175
1,19,3,false,17,metaweb,turkiye,creation,136,56,0,35
19,8,6,false,17,metaweb,turkiye,creation,144,48,0,35
32,0,27,false,17,metaweb,turkiye,creation,152,40,0,35
16,8,7,false,17,metaweb,turkiye,creation,160,32,0,35
4,16,6,false,17,metaweb,turkiye,creation,168,24,0,35
15,8,1,false,17,metaweb,turkiye,creation,176,16,0,35
11,8,7,false,17,metaweb,turkiye,creation,184,8,0,35
36,8,1,false,17,metaweb,turkiye,creation,192,0,0,35
17,6,0,false,17,down_niche_empiricalbm,turkiye,creation,0,0,1,0
20,1,0,false,17,down_niche_empiricalbm,turkiye,creation,3,0,3,0
29,0,15,false,17,down_niche_empiricalbm,turkiye,creation,9,0,6,0
34,5,0,false,17,down_niche_empiricalbm,turkiye,creation,7,3,6,0
7,3,3,false,17,down_niche_empiricalbm,turkiye,creation,5,3,3,1
2,3,0,false,17,down_niche_empiricalbm,turkiye,creation,34,0,3,0
23,3,0,false,17,down_niche_empiricalbm,turkiye,creation,42,3,7,6
40,3,1,false,17,down_niche_empiricalbm,turkiye,creation,40,2,3,0
12,3,3,false,17,down_niche_empiricalbm,turkiye,creation,50,7,10,0
18,2,3,false,17,down_niche_empiricalbm,turkiye,creation,45,12,9,4
13,5,0,false,17,down_niche_empiricalbm,turkiye,creation,46,18,13,10
9,5,0,false,17,down_niche_empiricalbm,turkiye,creation,32,13,8,6
24,5,1,false,17,down_niche_empiricalbm,turkiye,creation,42,19,10,0
10,4,2,false,17,down_niche_empiricalbm,turkiye,creation,34,22,10,7
22,4,0,false,17,down_niche_empiricalbm,turkiye,creation,23,18,3,0
26,0,4,false,17,down_niche_empiricalbm,turkiye,creation,21,21,5,10
3,4,0,false,17,down_niche_empiricalbm,turkiye,creation,33,32,15,0
5,3,1,false,17,down_niche_empiricalbm,turkiye,creation,4,6,3,9
30,0,7,false,17,down_niche_empiricalbm,turkiye,creation,22,33,7,7
31,0,14,false,17,down_niche_empiricalbm,turkiye,creation,6,9,0,0
28,0,2,false,17,down_niche_empiricalbm,turkiye,creation,5,9,0,2
38,4,0,false,17,down_niche_empiricalbm,turkiye,creation,12,25,6,0
37,4,1,false,17,down_niche_empiricalbm,turkiye,creation,0,0,3,0
8,3,0,false,17,down_niche_empiricalbm,turkiye,creation,8,0,0,13
35,2,0,false,17,down_niche_empiricalbm,turkiye,creation,10,0,0,19
25,7,1,false,17,down_niche_empiricalbm,turkiye,creation,2,4,7,8
33,0,15,false,17,down_niche_empiricalbm,turkiye,creation,58,33,9,35
41,4,1,false,17,down_niche_empiricalbm,turkiye,creation,1,0,0,5
27,0,14,false,17,down_niche_empiricalbm,turkiye,creation,55,50,10,31
21,1,1,false,17,down_niche_empiricalbm,turkiye,creation,11,10,4,17
39,5,0,false,17,down_niche_empiricalbm,turkiye,creation,43,48,9,31
14,4,3,false,17,down_niche_empiricalbm,turkiye,creation,65,55,4,41
6,3,0,false,17,down_niche_empiricalbm,turkiye,creation,51,54,0,43
1,2,0,false,17,down_niche_empiricalbm,turkiye,creation,49,20,0,10
19,4,2,false,17,down_niche_empiricalbm,turkiye,creation,23,6,0,1
32,0,16,false,17,down_niche_empiricalbm,turkiye,creation,22,6,0,1
16,3,3,false,17,down_niche_empiricalbm,turkiye,creation,38,10,0,8
4,4,0,false,17,down_niche_empiricalbm,turkiye,creation,48,7,0,6
15,3,0,false,17,down_niche_empiricalbm,turkiye,creation,54,5,0,10
11,4,5,false,17,down_niche_empiricalbm,turkiye,creation,40,1,0,5
36,2,0,false,17,down_niche_empiricalbm,turkiye,creation,35,0,0,8
17,7,3,false,17,niche,turkiye,creation,1,0,0,0
20,1,3,false,17,niche,turkiye,creation,0,0,0,0
29,3,3,false,17,niche,turkiye,creation,5,0,10,0
34,3,6,false,17,niche,turkiye,creation,0,0,0,0
7,0,1,false,17,niche,turkiye,creation,0,6,72,0
2,0,1,false,17,niche,turkiye,creation,4,0,1,0
23,0,3,false,17,niche,turkiye,creation,0,0,0,0
40,3,5,false,17,niche,turkiye,creation,0,0,0,0
12,0,3,false,17,niche,turkiye,creation,0,0,0,0
18,5,2,false,17,niche,turkiye,creation,11,0,3,0
13,4,4,true,17,niche,turkiye,creation,0,0,0,0
9,0,1,false,17,niche,turkiye,creation,1,0,0,12
24,1,3,false,17,niche,turkiye,creation,5,2,6,16
10,4,1,false,17,niche,turkiye,creation,3,6,15,16
22,2,3,false,17,niche,turkiye,creation,1,0,0,16
26,1,3,false,17,niche,turkiye,creation,5,2,8,16
3,5,1,false,17,niche,turkiye,creation,1,0,15,10
5,14,1,false,17,niche,turkiye,creation,13,3,6,12
30,4,2,true,17,niche,turkiye,creation,0,0,0,0
31,4,2,false,17,niche,turkiye,creation,4,1,0,16
28,0,3,false,17,niche,turkiye,creation,2,1,0,16
38,0,7,false,17,niche,turkiye,creation,7,4,1,16
37,0,6,false,17,niche,turkiye,creation,0,0,0,16
8,0,1,false,17,niche,turkiye,creation,0,0,0,16
35,0,5,false,17,niche,turkiye,creation,0,1,0,16
25,3,3,false,17,niche,turkiye,creation,4,3,0,8
33,4,4,false,17,niche,turkiye,creation,7,9,3,8
41,0,3,false,17,niche,turkiye,creation,3,0,0,9
27,3,3,false,17,niche,turkiye,creation,5,3,1,9
21,1,3,false,17,niche,turkiye,creation,4,12,3,9
39,0,6,false,17,niche,turkiye,creation,1,15,3,9
14,6,4,false,17,niche,turkiye,creation,1,3,1,2
6,2,1,true,17,niche,turkiye,creation,0,0,0,0
1,1,0,true,17,niche,turkiye,creation,0,0,0,0
19,15,3,false,17,niche,turkiye,creation,2,0,0,5
32,3,2,false,17,niche,turkiye,creation,5,0,0,5
16,7,3,false,17,niche,turkiye,creation,15,0,0,10
4,0,1,false,17,niche,turkiye,creation,21,0,0,12
15,0,4,false,17,niche,turkiye,creation,10,0,0,11
11,14,1,true,17,niche,turkiye,creation,0,0,0,0
36,0,6,false,17,niche,turkiye,creation,1,0,0,5
17,6,0,false,17,down_niche,turkiye,creation,0,0,1,0
20,1,0,false,17,down_niche,turkiye,creation,3,0,3,0
29,0,15,false,17,down_niche,turkiye,creation,9,0,6,0
34,5,0,false,17,down_niche,turkiye,creation,7,3,6,0
7,3,3,false,17,down_niche,turkiye,creation,5,3,3,1
2,3,0,false,17,down_niche,turkiye,creation,34,0,3,0
23,3,0,false,17,down_niche,turkiye,creation,42,3,7,6
40,3,1,false,17,down_niche,turkiye,creation,40,2,3,0
12,3,3,false,17,down_niche,turkiye,creation,50,7,10,0
18,2,3,false,17,down_niche,turkiye,creation,45,12,9,4
13,5,0,false,17,down_niche,turkiye,creation,46,18,13,10
9,5,0,false,17,down_niche,turkiye,creation,32,13,8,6
24,5,1,false,17,down_niche,turkiye,creation,42,19,10,0
10,4,2,false,17,down_niche,turkiye,creation,34,22,10,7
22,4,0,false,17,down_niche,turkiye,creation,23,18,3,0
26,0,4,false,17,down_niche,turkiye,creation,21,21,5,10
3,4,0,false,17,down_niche,turkiye,creation,33,32,15,0
5,3,1,false,17,down_niche,turkiye,creation,4,6,3,9
30,0,7,false,17,down_niche,turkiye,creation,22,33,7,7
31,0,14,false,17,down_niche,turkiye,creation,6,9,0,0
28,0,2,false,17,down_niche,turkiye,creation,5,9,0,2
38,4,0,false,17,down_niche,turkiye,creation,12,25,6,0
37,4,1,false,17,down_niche,turkiye,creation,0,0,3,0
8,3,0,false,17,down_niche,turkiye,creation,8,0,0,13
35,2,0,false,17,down_niche,turkiye,creation,10,0,0,19
25,7,1,false,17,down_niche,turkiye,creation,2,4,7,8
33,0,15,false,17,down_niche,turkiye,creation,58,33,9,35
41,4,1,false,17,down_niche,turkiye,creation,1,0,0,5
27,0,14,false,17,down_niche,turkiye,creation,55,50,10,31
21,1,1,false,17,down_niche,turkiye,creation,11,10,4,17
39,5,0,false,17,down_niche,turkiye,creation,43,48,9,31
14,4,3,false,17,down_niche,turkiye,creation,65,55,4,41
6,3,0,false,17,down_niche,turkiye,creation,51,54,0,43
1,2,0,false,17,down_niche,turkiye,creation,49,20,0,10
19,4,2,false,17,down_niche,turkiye,creation,23,6,0,1
32,0,16,false,17,down_niche,turkiye,creation,22,6,0,1
16,3,3,false,17,down_niche,turkiye,creation,38,10,0,8
4,4,0,false,17,down_niche,turkiye,creation,48,7,0,6
15,3,0,false,17,down_niche,turkiye,creation,54,5,0,10
11,4,5,false,17,down_niche,turkiye,creation,40,1,0,5
36,2,0,false,17,down_niche,turkiye,creation,35,0,0,8
17,6,0,false,17,atn_empiricalbm,turkiye,creation,89,0,10,0
20,6,0,false,17,atn_empiricalbm,turkiye,creation,84,5,10,0
29,0,18,false,17,atn_empiricalbm,turkiye,creation,90,10,28,0
34,0,3,false,17,atn_empiricalbm,turkiye,creation,106,15,19,0
7,7,0,false,17,atn_empiricalbm,turkiye,creation,92,18,15,0
2,5,0,false,17,atn_empiricalbm,turkiye,creation,65,24,10,0
23,7,0,false,17,atn_empiricalbm,turkiye,creation,88,33,19,0
40,6,5,false,17,atn_empiricalbm,turkiye,creation,61,36,21,0
12,6,0,false,17,atn_empiricalbm,turkiye,creation,56,44,28,0
18,8,0,false,17,atn_empiricalbm,turkiye,creation,48,52,28,0
13,6,14,false,17,atn_empiricalbm,turkiye,creation,74,26,15,0
9,8,0,false,17,atn_empiricalbm,turkiye,creation,68,32,15,0
24,5,0,false,17,atn_empiricalbm,turkiye,creation,86,55,38,47
10,8,0,false,17,atn_empiricalbm,turkiye,creation,58,42,15,0
22,6,0,false,17,atn_empiricalbm,turkiye,creation,35,25,12,22
26,0,3,false,17,atn_empiricalbm,turkiye,creation,48,52,15,0
3,8,0,false,17,atn_empiricalbm,turkiye,creation,42,58,15,0
5,6,0,false,17,atn_empiricalbm,turkiye,creation,38,62,15,13
30,0,24,false,17,atn_empiricalbm,turkiye,creation,46,75,15,4
31,0,16,false,17,atn_empiricalbm,turkiye,creation,30,80,15,0
28,0,11,false,17,atn_empiricalbm,turkiye,creation,20,60,6,0
38,4,24,false,17,atn_empiricalbm,turkiye,creation,22,78,15,0
37,2,18,false,17,atn_empiricalbm,turkiye,creation,27,94,15,4
8,7,0,false,17,atn_empiricalbm,turkiye,creation,18,71,6,4
35,0,4,false,17,atn_empiricalbm,turkiye,creation,19,102,15,4
25,7,0,false,17,atn_empiricalbm,turkiye,creation,3,0,9,0
33,0,0,false,17,atn_empiricalbm,turkiye,creation,3,3,11,7
41,6,0,false,17,atn_empiricalbm,turkiye,creation,31,24,12,41
27,0,4,false,17,atn_empiricalbm,turkiye,creation,116,32,7,79
21,4,0,false,17,atn_empiricalbm,turkiye,creation,253,23,3,125
39,6,16,false,17,atn_empiricalbm,turkiye,creation,120,0,0,90
14,6,0,false,17,atn_empiricalbm,turkiye,creation,10,0,0,34
6,5,0,false,17,atn_empiricalbm,turkiye,creation,0,0,0,0
1,5,0,false,17,atn_empiricalbm,turkiye,creation,3,0,3,6
19,7,0,false,17,atn_empiricalbm,turkiye,creation,3,3,3,15
32,0,5,false,17,atn_empiricalbm,turkiye,creation,31,24,3,50
16,6,0,false,17,atn_empiricalbm,turkiye,creation,116,36,1,86
4,7,0,false,17,atn_empiricalbm,turkiye,creation,257,29,0,134
15,4,4,false,17,atn_empiricalbm,turkiye,creation,144,6,0,105
11,6,0,false,17,atn_empiricalbm,turkiye,creation,66,4,0,49
36,0,11,false,17,atn_empiricalbm,turkiye,creation,100,0,0,15
17,8,1,true,17,metaweb_empiricalbm,turkiye,creation,0,0,0,0
20,8,7,true,17,metaweb_empiricalbm,turkiye,creation,0,0,0,0
29,0,27,true,17,metaweb_empiricalbm,turkiye,creation,0,0,0,0
34,8,1,true,17,metaweb_empiricalbm,turkiye,creation,0,0,0,0
7,8,6,true,17,metaweb_empiricalbm,turkiye,creation,0,0,0,0
2,19,3,false,17,metaweb_empiricalbm,turkiye,creation,192,0,28,0
23,8,6,false,17,metaweb_empiricalbm,turkiye,creation,184,8,28,0
40,8,1,false,17,metaweb_empiricalbm,turkiye,creation,176,16,28,0
12,8,7,false,17,metaweb_empiricalbm,turkiye,creation,168,24,28,0
18,8,6,false,17,metaweb_empiricalbm,turkiye,creation,160,32,28,0
13,8,1,false,17,metaweb_empiricalbm,turkiye,creation,152,40,28,0
9,8,6,false,17,metaweb_empiricalbm,turkiye,creation,144,48,28,0
24,24,6,false,17,metaweb_empiricalbm,turkiye,creation,136,56,28,0
10,8,6,false,17,metaweb_empiricalbm,turkiye,creation,128,64,28,0
22,8,1,false,17,metaweb_empiricalbm,turkiye,creation,120,72,28,0
26,0,27,false,17,metaweb_empiricalbm,turkiye,creation,112,80,28,0
3,19,3,false,17,metaweb_empiricalbm,turkiye,creation,104,88,28,0
5,11,7,false,17,metaweb_empiricalbm,turkiye,creation,96,96,28,0
30,0,27,false,17,metaweb_empiricalbm,turkiye,creation,88,104,28,0
31,0,27,false,17,metaweb_empiricalbm,turkiye,creation,80,112,28,0
28,0,27,false,17,metaweb_empiricalbm,turkiye,creation,72,120,28,0
38,8,1,false,17,metaweb_empiricalbm,turkiye,creation,64,128,28,0
37,8,1,false,17,metaweb_empiricalbm,turkiye,creation,0,0,28,0
8,8,0,true,17,metaweb_empiricalbm,turkiye,creation,0,0,0,0
35,8,1,true,17,metaweb_empiricalbm,turkiye,creation,0,0,0,0
25,24,6,false,17,metaweb_empiricalbm,turkiye,creation,164,136,56,119
33,0,27,false,17,metaweb_empiricalbm,turkiye,creation,164,136,48,127
41,8,1,false,17,metaweb_empiricalbm,turkiye,creation,164,136,40,135
27,0,27,false,17,metaweb_empiricalbm,turkiye,creation,164,136,32,143
21,8,7,false,17,metaweb_empiricalbm,turkiye,creation,164,136,24,151
39,8,1,false,17,metaweb_empiricalbm,turkiye,creation,164,136,16,159
14,8,7,false,17,metaweb_empiricalbm,turkiye,creation,164,136,8,167
6,8,0,false,17,metaweb_empiricalbm,turkiye,creation,164,136,0,175
1,19,3,false,17,metaweb_empiricalbm,turkiye,creation,136,56,0,35
19,8,6,false,17,metaweb_empiricalbm,turkiye,creation,144,48,0,35
32,0,27,false,17,metaweb_empiricalbm,turkiye,creation,152,40,0,35
16,8,7,false,17,metaweb_empiricalbm,turkiye,creation,160,32,0,35
4,16,6,false,17,metaweb_empiricalbm,turkiye,creation,168,24,0,35
15,8,1,false,17,metaweb_empiricalbm,turkiye,creation,176,16,0,35
11,8,7,false,17,metaweb_empiricalbm,turkiye,creation,184,8,0,35
36,8,1,false,17,metaweb_empiricalbm,turkiye,creation,192,0,0,35
17,6,0,false,17,atn,turkiye,creation,89,0,10,0
20,6,0,false,17,atn,turkiye,creation,84,5,10,0
29,0,18,false,17,atn,turkiye,creation,90,10,28,0
34,0,3,false,17,atn,turkiye,creation,106,15,19,0
7,7,0,false,17,atn,turkiye,creation,92,18,15,0
2,5,0,false,17,atn,turkiye,creation,65,24,10,0
23,7,0,false,17,atn,turkiye,creation,88,33,19,0
40,6,5,false,17,atn,turkiye,creation,61,36,21,0
12,6,0,false,17,atn,turkiye,creation,56,44,28,0
18,8,0,false,17,atn,turkiye,creation,48,52,28,0
13,6,14,false,17,atn,turkiye,creation,74,26,15,0
9,8,0,false,17,atn,turkiye,creation,68,32,15,0
24,5,0,false,17,atn,turkiye,creation,86,55,38,47
10,8,0,false,17,atn,turkiye,creation,58,42,15,0
22,6,0,false,17,atn,turkiye,creation,35,25,12,22
26,0,3,false,17,atn,turkiye,creation,48,52,15,0
3,8,0,false,17,atn,turkiye,creation,42,58,15,0
5,6,0,false,17,atn,turkiye,creation,38,62,15,13
30,0,24,false,17,atn,turkiye,creation,46,75,15,4
31,0,16,false,17,atn,turkiye,creation,30,80,15,0
28,0,11,false,17,atn,turkiye,creation,20,60,6,0
38,4,24,false,17,atn,turkiye,creation,22,78,15,0
37,2,18,false,17,atn,turkiye,creation,27,94,15,4
8,7,0,false,17,atn,turkiye,creation,18,71,6,4
35,0,4,false,17,atn,turkiye,creation,19,102,15,4
25,7,0,false,17,atn,turkiye,creation,3,0,9,0
33,0,0,false,17,atn,turkiye,creation,3,3,11,7
41,6,0,false,17,atn,turkiye,creation,31,24,12,41
27,0,4,false,17,atn,turkiye,creation,116,32,7,79
21,4,0,false,17,atn,turkiye,creation,253,23,3,125
39,6,16,false,17,atn,turkiye,creation,120,0,0,90
14,6,0,false,17,atn,turkiye,creation,10,0,0,34
6,5,0,false,17,atn,turkiye,creation,0,0,0,0
1,5,0,false,17,atn,turkiye,creation,3,0,3,6
19,7,0,false,17,atn,turkiye,creation,3,3,3,15
32,0,5,false,17,atn,turkiye,creation,31,24,3,50
16,6,0,false,17,atn,turkiye,creation,116,36,1,86
4,7,0,false,17,atn,turkiye,creation,257,29,0,134
15,4,4,false,17,atn,turkiye,creation,144,6,0,105
11,6,0,false,17,atn,turkiye,creation,66,4,0,49
36,0,11,false,17,atn,turkiye,creation,100,0,0,15
17,8,0,false,17,metaweb,turkiye,burnin,192,0,28,0
20,0,25,false,17,metaweb,turkiye,burnin,184,8,28,0
29,8,0,false,17,metaweb,turkiye,burnin,176,16,28,0
7,8,0,false,17,metaweb,turkiye,burnin,168,24,28,0
2,8,0,false,17,metaweb,turkiye,burnin,160,32,28,0
23,0,25,false,17,metaweb,turkiye,burnin,152,40,28,0
12,8,0,false,17,metaweb,turkiye,burnin,144,48,28,0
18,0,25,false,17,metaweb,turkiye,burnin,136,56,28,0
13,8,0,false,17,metaweb,turkiye,burnin,128,64,28,0
9,8,0,false,17,metaweb,turkiye,burnin,120,72,28,0
24,0,25,false,17,metaweb,turkiye,burnin,112,80,28,0
10,8,0,false,17,metaweb,turkiye,burnin,104,88,28,0
22,0,25,false,17,metaweb,turkiye,burnin,96,96,28,0
26,8,0,false,17,metaweb,turkiye,burnin,88,104,28,0
3,8,0,false,17,metaweb,turkiye,burnin,80,112,28,0
5,8,0,false,17,metaweb,turkiye,burnin,72,120,28,0
30,8,0,false,17,metaweb,turkiye,burnin,64,128,28,0
31,8,0,false,17,metaweb,turkiye,burnin,164,136,56,119
28,8,0,false,17,metaweb,turkiye,burnin,164,136,48,127
8,8,0,false,17,metaweb,turkiye,burnin,164,136,40,135
25,0,25,false,17,metaweb,turkiye,burnin,164,136,32,143
33,8,0,false,17,metaweb,turkiye,burnin,164,136,24,151
27,8,0,false,17,metaweb,turkiye,burnin,164,136,16,159
21,0,25,false,17,metaweb,turkiye,burnin,164,136,8,167
14,8,0,false,17,metaweb,turkiye,burnin,164,136,0,175
6,8,0,false,17,metaweb,turkiye,burnin,136,56,0,28
1,8,0,false,17,metaweb,turkiye,burnin,144,48,0,28
19,0,25,false,17,metaweb,turkiye,burnin,152,40,0,28
32,8,0,false,17,metaweb,turkiye,burnin,160,32,0,28
16,8,0,false,17,metaweb,turkiye,burnin,168,24,0,28
4,8,0,false,17,metaweb,turkiye,burnin,176,16,0,28
15,8,0,false,17,metaweb,turkiye,burnin,184,8,0,28
11,8,0,false,17,metaweb,turkiye,burnin,192,0,0,28
6,0,2,false,17,down_niche_empiricalbm,turkiye,burnin,0,0,4,0
1,0,1,false,17,down_niche_empiricalbm,turkiye,burnin,0,0,3,1
8,4,0,false,17,down_niche_empiricalbm,turkiye,burnin,0,0,3,0
7,5,0,false,17,down_niche_empiricalbm,turkiye,burnin,1,0,4,3
2,0,1,false,17,down_niche_empiricalbm,turkiye,burnin,1,0,2,5
4,0,2,false,17,down_niche_empiricalbm,turkiye,burnin,1,0,0,7
3,0,1,false,17,down_niche_empiricalbm,turkiye,burnin,0,3,0,10
5,0,2,false,17,down_niche_empiricalbm,turkiye,burnin,3,0,0,6
17,7,3,false,17,niche,turkiye,burnin,1,0,0,0
20,1,3,false,17,niche,turkiye,burnin,0,0,0,0
29,3,3,false,17,niche,turkiye,burnin,5,0,10,0
34,3,6,false,17,niche,turkiye,burnin,0,0,0,0
7,0,1,false,17,niche,turkiye,burnin,0,6,72,0
2,0,1,false,17,niche,turkiye,burnin,4,0,1,0
23,0,3,false,17,niche,turkiye,burnin,0,0,0,0
40,3,5,false,17,niche,turkiye,burnin,0,0,0,0
12,0,3,false,17,niche,turkiye,burnin,0,0,0,0
18,5,2,false,17,niche,turkiye,burnin,11,0,3,0
13,4,4,true,17,niche,turkiye,burnin,0,0,0,0
9,0,1,false,17,niche,turkiye,burnin,1,0,0,12
24,1,3,false,17,niche,turkiye,burnin,5,2,6,16
10,4,1,false,17,niche,turkiye,burnin,3,6,15,16
22,2,3,false,17,niche,turkiye,burnin,1,0,0,16
26,1,3,false,17,niche,turkiye,burnin,5,2,8,16
3,5,1,false,17,niche,turkiye,burnin,1,0,15,10
5,14,1,false,17,niche,turkiye,burnin,13,3,6,12
30,4,2,true,17,niche,turkiye,burnin,0,0,0,0
31,4,2,false,17,niche,turkiye,burnin,4,1,0,16
28,0,3,false,17,niche,turkiye,burnin,2,1,0,16
38,0,7,false,17,niche,turkiye,burnin,7,4,1,16
37,0,6,false,17,niche,turkiye,burnin,0,0,0,16
8,0,1,false,17,niche,turkiye,burnin,0,0,0,16
35,0,5,false,17,niche,turkiye,burnin,0,1,0,16
25,3,3,false,17,niche,turkiye,burnin,4,3,0,8
33,4,4,false,17,niche,turkiye,burnin,7,9,3,8
41,0,3,false,17,niche,turkiye,burnin,3,0,0,9
27,3,3,false,17,niche,turkiye,burnin,5,3,1,9
21,1,3,false,17,niche,turkiye,burnin,4,12,3,9
39,0,6,false,17,niche,turkiye,burnin,1,15,3,9
14,6,4,false,17,niche,turkiye,burnin,1,3,1,2
6,2,1,true,17,niche,turkiye,burnin,0,0,0,0
1,1,0,true,17,niche,turkiye,burnin,0,0,0,0
19,15,3,false,17,niche,turkiye,burnin,2,0,0,5
32,3,2,false,17,niche,turkiye,burnin,5,0,0,5
16,7,3,false,17,niche,turkiye,burnin,15,0,0,10
4,0,1,false,17,niche,turkiye,burnin,21,0,0,12
15,0,4,false,17,niche,turkiye,burnin,10,0,0,11
11,14,1,true,17,niche,turkiye,burnin,0,0,0,0
36,0,6,false,17,niche,turkiye,burnin,1,0,0,5
17,0,7,false,17,down_niche,turkiye,burnin,1,0,1,0
20,0,9,false,17,down_niche,turkiye,burnin,0,1,1,0
7,3,1,false,17,down_niche,turkiye,burnin,21,0,3,0
2,2,0,false,17,down_niche,turkiye,burnin,26,2,10,0
23,3,1,false,17,down_niche,turkiye,burnin,27,5,10,0
12,3,0,false,17,down_niche,turkiye,burnin,21,8,6,0
18,0,8,false,17,down_niche,turkiye,burnin,14,8,3,1
13,0,4,false,17,down_niche,turkiye,burnin,20,16,15,0
9,2,2,false,17,down_niche,turkiye,burnin,4,4,1,2
24,4,1,false,17,down_niche,turkiye,burnin,11,18,6,1
10,4,1,false,17,down_niche,turkiye,burnin,7,14,6,0
22,5,0,false,17,down_niche,turkiye,burnin,0,0,3,0
3,3,0,false,17,down_niche,turkiye,burnin,2,4,7,8
5,5,0,false,17,down_niche,turkiye,burnin,21,7,2,25
8,6,0,false,17,down_niche,turkiye,burnin,1,0,0,5
21,4,1,false,17,down_niche,turkiye,burnin,16,12,5,22
14,0,8,false,17,down_niche,turkiye,burnin,11,10,4,17
6,4,0,false,17,down_niche,turkiye,burnin,12,16,5,19
1,2,0,false,17,down_niche,turkiye,burnin,7,8,2,21
19,0,6,false,17,down_niche,turkiye,burnin,18,18,0,28
16,0,8,false,17,down_niche,turkiye,burnin,19,7,0,8
4,5,0,false,17,down_niche,turkiye,burnin,25,5,0,10
15,0,2,false,17,down_niche,turkiye,burnin,21,1,0,5
11,4,0,false,17,down_niche,turkiye,burnin,23,0,0,8
1,2,0,false,17,atn_empiricalbm,turkiye,burnin,2,0,1,0
2,3,0,false,17,atn_empiricalbm,turkiye,burnin,0,2,3,0
4,0,2,false,17,atn_empiricalbm,turkiye,burnin,1,0,0,3
3,0,2,false,17,atn_empiricalbm,turkiye,burnin,1,0,0,3
5,0,1,false,17,atn_empiricalbm,turkiye,burnin,0,0,0,2
9,8,0,false,17,metaweb_empiricalbm,turkiye,burnin,0,0,7,0
6,0,1,false,17,metaweb_empiricalbm,turkiye,burnin,0,0,6,1
1,0,1,false,17,metaweb_empiricalbm,turkiye,burnin,0,0,5,2
8,0,1,false,17,metaweb_empiricalbm,turkiye,burnin,0,0,4,3
7,0,1,false,17,metaweb_empiricalbm,turkiye,burnin,0,0,3,4
2,0,1,false,17,metaweb_empiricalbm,turkiye,burnin,0,0,2,5
4,0,1,false,17,metaweb_empiricalbm,turkiye,burnin,0,0,1,6
3,0,1,false,17,metaweb_empiricalbm,turkiye,burnin,0,0,0,7
5,0,1,false,17,metaweb_empiricalbm,turkiye,burnin,0,0,0,28
17,0,4,false,17,atn,turkiye,burnin,53,0,28,0
20,0,14,false,17,atn,turkiye,burnin,56,4,15,0
29,6,5,false,17,atn,turkiye,burnin,39,11,21,0
7,6,0,false,17,atn,turkiye,burnin,34,19,28,0
2,6,0,false,17,atn,turkiye,burnin,26,27,28,0
23,0,3,false,17,atn,turkiye,burnin,56,12,15,0
12,6,0,false,17,atn,turkiye,burnin,50,18,15,0
18,0,11,false,17,atn,turkiye,burnin,44,14,22,27
13,8,0,false,17,atn,turkiye,burnin,40,28,15,0
9,6,0,false,17,atn,turkiye,burnin,27,21,12,22
24,0,4,false,17,atn,turkiye,burnin,30,38,15,0
10,4,4,false,17,atn,turkiye,burnin,24,44,15,0
22,0,5,false,17,atn,turkiye,burnin,15,38,15,13
26,2,12,false,17,atn,turkiye,burnin,10,50,15,0
3,7,0,false,17,atn,turkiye,burnin,12,56,15,0
5,8,0,false,17,atn,turkiye,burnin,3,0,9,0
30,6,0,false,17,atn,turkiye,burnin,3,3,11,7
28,6,7,false,17,atn,turkiye,burnin,31,24,12,41
8,6,5,false,17,atn,turkiye,burnin,46,20,7,51
25,0,11,false,17,atn,turkiye,burnin,78,13,3,76
27,4,14,false,17,atn,turkiye,burnin,21,0,0,44
21,0,7,false,17,atn,turkiye,burnin,10,0,0,34
14,6,0,false,17,atn,turkiye,burnin,3,0,3,6
6,6,0,false,17,atn,turkiye,burnin,3,3,3,15
1,8,0,false,17,atn,turkiye,burnin,31,24,3,50
19,0,12,false,17,atn,turkiye,burnin,46,24,1,58
16,0,3,false,17,atn,turkiye,burnin,82,19,0,85
4,8,0,false,17,atn,turkiye,burnin,45,6,0,59
15,6,0,false,17,atn,turkiye,burnin,54,4,0,49
11,6,0,false,17,atn,turkiye,burnin,68,0,0,15
17,8,1,true,18,metaweb,turkiye,creation,0,0,0,0
20,8,7,true,18,metaweb,turkiye,creation,0,0,0,0
29,0,27,true,18,metaweb,turkiye,creation,0,0,0,0
34,8,1,true,18,metaweb,turkiye,creation,0,0,0,0
7,8,6,true,18,metaweb,turkiye,creation,0,0,0,0
2,19,3,false,18,metaweb,turkiye,creation,192,0,28,0
23,8,6,false,18,metaweb,turkiye,creation,184,8,28,0
40,8,1,false,18,metaweb,turkiye,creation,176,16,28,0
12,8,7,false,18,metaweb,turkiye,creation,168,24,28,0
18,8,6,false,18,metaweb,turkiye,creation,160,32,28,0
13,8,1,false,18,metaweb,turkiye,creation,152,40,28,0
9,8,6,false,18,metaweb,turkiye,creation,144,48,28,0
24,24,6,false,18,metaweb,turkiye,creation,136,56,28,0
10,8,6,false,18,metaweb,turkiye,creation,128,64,28,0
22,8,1,false,18,metaweb,turkiye,creation,120,72,28,0
26,0,27,false,18,metaweb,turkiye,creation,112,80,28,0
3,19,3,false,18,metaweb,turkiye,creation,104,88,28,0
5,11,7,false,18,metaweb,turkiye,creation,96,96,28,0
30,0,27,false,18,metaweb,turkiye,creation,88,104,28,0
31,0,27,false,18,metaweb,turkiye,creation,80,112,28,0
28,0,27,false,18,metaweb,turkiye,creation,72,120,28,0
38,8,1,false,18,metaweb,turkiye,creation,64,128,28,0
37,8,1,false,18,metaweb,turkiye,creation,0,0,28,0
8,8,0,true,18,metaweb,turkiye,creation,0,0,0,0
35,8,1,true,18,metaweb,turkiye,creation,0,0,0,0
25,24,6,false,18,metaweb,turkiye,creation,164,136,56,119
33,0,27,false,18,metaweb,turkiye,creation,164,136,48,127
41,8,1,false,18,metaweb,turkiye,creation,164,136,40,135
27,0,27,false,18,metaweb,turkiye,creation,164,136,32,143
21,8,7,false,18,metaweb,turkiye,creation,164,136,24,151
39,8,1,false,18,metaweb,turkiye,creation,164,136,16,159
14,8,7,false,18,metaweb,turkiye,creation,164,136,8,167
6,8,0,false,18,metaweb,turkiye,creation,164,136,0,175
1,19,3,false,18,metaweb,turkiye,creation,136,56,0,35
19,8,6,false,18,metaweb,turkiye,creation,144,48,0,35
32,0,27,false,18,metaweb,turkiye,creation,152,40,0,35
16,8,7,false,18,metaweb,turkiye,creation,160,32,0,35
4,16,6,false,18,metaweb,turkiye,creation,168,24,0,35
15,8,1,false,18,metaweb,turkiye,creation,176,16,0,35
11,8,7,false,18,metaweb,turkiye,creation,184,8,0,35
36,8,1,false,18,metaweb,turkiye,creation,192,0,0,35
17,6,0,false,18,down_niche_empiricalbm,turkiye,creation,22,0,28,0
20,6,5,false,18,down_niche_empiricalbm,turkiye,creation,13,5,28,0
29,0,24,false,18,down_niche_empiricalbm,turkiye,creation,5,3,3,0
34,7,1,false,18,down_niche_empiricalbm,turkiye,creation,6,13,28,0
7,7,3,false,18,down_niche_empiricalbm,turkiye,creation,4,9,15,0
2,8,0,false,18,down_niche_empiricalbm,turkiye,creation,117,0,15,0
23,7,0,false,18,down_niche_empiricalbm,turkiye,creation,151,7,27,14
40,7,1,false,18,down_niche_empiricalbm,turkiye,creation,143,12,21,0
12,7,6,false,18,down_niche_empiricalbm,turkiye,creation,123,17,21,14
18,6,5,false,18,down_niche_empiricalbm,turkiye,creation,137,27,28,21
13,6,1,false,18,down_niche_empiricalbm,turkiye,creation,126,32,21,16
9,7,3,false,18,down_niche_empiricalbm,turkiye,creation,108,41,26,22
24,8,0,false,18,down_niche_empiricalbm,turkiye,creation,97,38,15,5
10,8,4,false,18,down_niche_empiricalbm,turkiye,creation,105,53,25,16
22,7,1,false,18,down_niche_empiricalbm,turkiye,creation,83,50,15,0
26,0,23,false,18,down_niche_empiricalbm,turkiye,creation,96,71,31,22
3,4,0,false,18,down_niche_empiricalbm,turkiye,creation,72,60,15,0
5,6,0,false,18,down_niche_empiricalbm,turkiye,creation,70,68,17,25
30,0,23,false,18,down_niche_empiricalbm,turkiye,creation,75,83,21,16
31,0,24,false,18,down_niche_empiricalbm,turkiye,creation,61,80,16,24
28,0,23,false,18,down_niche_empiricalbm,turkiye,creation,47,71,10,25
38,7,1,false,18,down_niche_empiricalbm,turkiye,creation,54,101,21,5
37,7,1,false,18,down_niche_empiricalbm,turkiye,creation,0,0,21,0
8,7,0,false,18,down_niche_empiricalbm,turkiye,creation,20,0,0,21
35,7,1,true,18,down_niche_empiricalbm,turkiye,creation,0,0,0,0
25,11,4,false,18,down_niche_empiricalbm,turkiye,creation,133,120,48,86
33,0,24,false,18,down_niche_empiricalbm,turkiye,creation,11,10,11,33
41,7,1,false,18,down_niche_empiricalbm,turkiye,creation,133,120,38,95
27,0,7,false,18,down_niche_empiricalbm,turkiye,creation,148,128,30,109
21,5,5,false,18,down_niche_empiricalbm,turkiye,creation,141,112,20,113
39,6,0,false,18,down_niche_empiricalbm,turkiye,creation,148,128,15,125
14,7,4,false,18,down_niche_empiricalbm,turkiye,creation,112,98,7,117
6,6,0,false,18,down_niche_empiricalbm,turkiye,creation,148,128,0,139
1,8,0,false,18,down_niche_empiricalbm,turkiye,creation,108,47,0,27
19,7,4,false,18,down_niche_empiricalbm,turkiye,creation,115,40,0,27
32,0,22,false,18,down_niche_empiricalbm,turkiye,creation,127,34,0,34
16,8,4,false,18,down_niche_empiricalbm,turkiye,creation,129,26,0,27
4,9,0,false,18,down_niche_empiricalbm,turkiye,creation,136,19,0,27
15,6,0,false,18,down_niche_empiricalbm,turkiye,creation,122,11,0,15
11,7,4,false,18,down_niche_empiricalbm,turkiye,creation,149,6,0,27
36,8,1,false,18,down_niche_empiricalbm,turkiye,creation,141,0,0,27
17,6,8,false,18,niche,turkiye,creation,5,0,9,0
20,7,6,false,18,niche,turkiye,creation,12,0,7,0
29,7,14,false,18,niche,turkiye,creation,6,4,4,0
34,3,8,false,18,niche,turkiye,creation,7,0,0,0
7,6,1,false,18,niche,turkiye,creation,17,1,3,0
2,7,0,false,18,niche,turkiye,creation,0,5,48,0
23,0,6,false,18,niche,turkiye,creation,14,4,3,0
40,1,4,false,18,niche,turkiye,creation,0,0,0,0
12,0,5,false,18,niche,turkiye,creation,2,2,38,6
18,5,7,true,18,niche,turkiye,creation,0,0,0,0
13,10,5,false,18,niche,turkiye,creation,5,3,0,14
9,17,5,false,18,niche,turkiye,creation,1,0,0,14
24,14,6,true,18,niche,turkiye,creation,0,0,0,0
10,22,5,false,18,niche,turkiye,creation,11,18,23,14
22,1,6,true,18,niche,turkiye,creation,0,0,0,0
26,1,11,true,18,niche,turkiye,creation,0,0,0,0
3,4,0,false,18,niche,turkiye,creation,12,3,4,18
5,5,0,false,18,niche,turkiye,creation,6,3,2,16
30,0,11,false,18,niche,turkiye,creation,0,0,0,19
31,4,11,false,18,niche,turkiye,creation,4,10,4,15
28,10,14,false,18,niche,turkiye,creation,0,22,10,15
38,1,4,false,18,niche,turkiye,creation,0,3,0,19
37,1,6,false,18,niche,turkiye,creation,0,0,0,19
8,2,2,true,18,niche,turkiye,creation,0,0,0,0
35,3,6,false,18,niche,turkiye,creation,7,11,6,8
25,8,11,false,18,niche,turkiye,creation,6,6,0,18
33,2,11,false,18,niche,turkiye,creation,6,0,0,17
41,0,4,true,18,niche,turkiye,creation,0,0,0,0
27,2,12,true,18,niche,turkiye,creation,0,0,0,0
21,10,6,false,18,niche,turkiye,creation,21,0,0,28
39,0,4,true,18,niche,turkiye,creation,0,0,0,0
14,12,5,true,18,niche,turkiye,creation,0,0,0,0
6,16,1,false,18,niche,turkiye,creation,27,1,0,16
1,9,0,false,18,niche,turkiye,creation,9,2,0,17
19,0,6,true,18,niche,turkiye,creation,0,0,0,0
32,4,11,true,18,niche,turkiye,creation,0,0,0,0
16,18,8,false,18,niche,turkiye,creation,4,1,0,7
4,2,0,false,18,niche,turkiye,creation,6,0,0,11
15,24,7,false,18,niche,turkiye,creation,3,0,0,11
11,2,5,false,18,niche,turkiye,creation,4,0,0,9
36,2,6,false,18,niche,turkiye,creation,3,0,0,11
17,6,0,false,18,down_niche,turkiye,creation,22,0,28,0
20,6,5,false,18,down_niche,turkiye,creation,13,5,28,0
29,0,24,false,18,down_niche,turkiye,creation,5,3,3,0
34,7,1,false,18,down_niche,turkiye,creation,6,13,28,0
7,7,3,false,18,down_niche,turkiye,creation,4,9,15,0
2,8,0,false,18,down_niche,turkiye,creation,117,0,15,0
23,7,0,false,18,down_niche,turkiye,creation,151,7,27,14
40,7,1,false,18,down_niche,turkiye,creation,143,12,21,0
12,7,6,false,18,down_niche,turkiye,creation,123,17,21,14
18,6,5,false,18,down_niche,turkiye,creation,137,27,28,21
13,6,1,false,18,down_niche,turkiye,creation,126,32,21,16
9,7,3,false,18,down_niche,turkiye,creation,108,41,26,22
24,8,0,false,18,down_niche,turkiye,creation,97,38,15,5
10,8,4,false,18,down_niche,turkiye,creation,105,53,25,16
22,7,1,false,18,down_niche,turkiye,creation,83,50,15,0
26,0,23,false,18,down_niche,turkiye,creation,96,71,31,22
3,4,0,false,18,down_niche,turkiye,creation,72,60,15,0
5,6,0,false,18,down_niche,turkiye,creation,70,68,17,25
30,0,23,false,18,down_niche,turkiye,creation,75,83,21,16
31,0,24,false,18,down_niche,turkiye,creation,61,80,16,24
28,0,23,false,18,down_niche,turkiye,creation,47,71,10,25
38,7,1,false,18,down_niche,turkiye,creation,54,101,21,5
37,7,1,false,18,down_niche,turkiye,creation,0,0,21,0
8,7,0,false,18,down_niche,turkiye,creation,20,0,0,21
35,7,1,true,18,down_niche,turkiye,creation,0,0,0,0
25,11,4,false,18,down_niche,turkiye,creation,133,120,48,86
33,0,24,false,18,down_niche,turkiye,creation,11,10,11,33
41,7,1,false,18,down_niche,turkiye,creation,133,120,38,95
27,0,7,false,18,down_niche,turkiye,creation,148,128,30,109
21,5,5,false,18,down_niche,turkiye,creation,141,112,20,113
39,6,0,false,18,down_niche,turkiye,creation,148,128,15,125
14,7,4,false,18,down_niche,turkiye,creation,112,98,7,117
6,6,0,false,18,down_niche,turkiye,creation,148,128,0,139
1,8,0,false,18,down_niche,turkiye,creation,108,47,0,27
19,7,4,false,18,down_niche,turkiye,creation,115,40,0,27
32,0,22,false,18,down_niche,turkiye,creation,127,34,0,34
16,8,4,false,18,down_niche,turkiye,creation,129,26,0,27
4,9,0,false,18,down_niche,turkiye,creation,136,19,0,27
15,6,0,false,18,down_niche,turkiye,creation,122,11,0,15
11,7,4,false,18,down_niche,turkiye,creation,149,6,0,27
36,8,1,false,18,down_niche,turkiye,creation,141,0,0,27
17,6,14,false,18,atn_empiricalbm,turkiye,creation,140,0,24,0
20,7,0,false,18,atn_empiricalbm,turkiye,creation,127,6,39,0
29,0,16,false,18,atn_empiricalbm,turkiye,creation,120,14,26,0
34,0,5,false,18,atn_empiricalbm,turkiye,creation,112,22,26,0
7,8,0,false,18,atn_empiricalbm,turkiye,creation,105,14,17,0
2,10,0,false,18,atn_empiricalbm,turkiye,creation,101,33,26,0
23,8,0,false,18,atn_empiricalbm,turkiye,creation,103,37,24,0
40,8,12,false,18,atn_empiricalbm,turkiye,creation,105,53,37,0
12,7,0,false,18,atn_empiricalbm,turkiye,creation,79,55,26,0
18,9,0,false,18,atn_empiricalbm,turkiye,creation,71,63,26,0
13,6,2,false,18,atn_empiricalbm,turkiye,creation,73,56,19,0
9,8,0,false,18,atn_empiricalbm,turkiye,creation,74,45,17,0
24,8,0,false,18,atn_empiricalbm,turkiye,creation,58,39,20,7
10,8,0,false,18,atn_empiricalbm,turkiye,creation,61,58,17,0
22,6,3,false,18,atn_empiricalbm,turkiye,creation,140,119,70,86
26,0,5,false,18,atn_empiricalbm,turkiye,creation,59,60,13,4
3,8,0,false,18,atn_empiricalbm,turkiye,creation,76,71,45,67
5,7,0,false,18,atn_empiricalbm,turkiye,creation,58,76,17,15
30,0,25,false,18,atn_empiricalbm,turkiye,creation,55,79,13,13
31,0,17,false,18,atn_empiricalbm,turkiye,creation,48,71,13,4
28,0,13,false,18,atn_empiricalbm,turkiye,creation,43,86,13,6
38,6,25,false,18,atn_empiricalbm,turkiye,creation,21,76,17,16
37,4,16,false,18,atn_empiricalbm,turkiye,creation,45,89,13,13
8,10,0,false,18,atn_empiricalbm,turkiye,creation,41,93,13,13
35,0,6,false,18,atn_empiricalbm,turkiye,creation,40,93,13,26
25,10,0,false,18,atn_empiricalbm,turkiye,creation,3,3,13,4
33,0,0,false,18,atn_empiricalbm,turkiye,creation,4,7,16,12
41,9,0,false,18,atn_empiricalbm,turkiye,creation,34,28,18,43
27,0,6,false,18,atn_empiricalbm,turkiye,creation,77,33,14,78
21,7,0,false,18,atn_empiricalbm,turkiye,creation,249,34,9,146
39,8,17,false,18,atn_empiricalbm,turkiye,creation,120,16,4,121
14,7,0,false,18,atn_empiricalbm,turkiye,creation,66,0,0,91
6,8,0,false,18,atn_empiricalbm,turkiye,creation,0,0,0,0
1,8,0,false,18,atn_empiricalbm,turkiye,creation,3,3,3,14
19,8,0,false,18,atn_empiricalbm,turkiye,creation,4,7,3,25
32,0,12,false,18,atn_empiricalbm,turkiye,creation,34,30,3,53
16,7,0,false,18,atn_empiricalbm,turkiye,creation,83,37,2,88
4,8,0,false,18,atn_empiricalbm,turkiye,creation,263,40,1,147
15,6,22,false,18,atn_empiricalbm,turkiye,creation,166,22,0,133
11,7,0,false,18,atn_empiricalbm,turkiye,creation,140,6,0,87
36,2,13,false,18,atn_empiricalbm,turkiye,creation,147,0,0,28
17,8,1,true,18,metaweb_empiricalbm,turkiye,creation,0,0,0,0
20,8,7,true,18,metaweb_empiricalbm,turkiye,creation,0,0,0,0
29,0,27,true,18,metaweb_empiricalbm,turkiye,creation,0,0,0,0
34,8,1,true,18,metaweb_empiricalbm,turkiye,creation,0,0,0,0
7,8,6,true,18,metaweb_empiricalbm,turkiye,creation,0,0,0,0
2,19,3,false,18,metaweb_empiricalbm,turkiye,creation,192,0,28,0
23,8,6,false,18,metaweb_empiricalbm,turkiye,creation,184,8,28,0
40,8,1,false,18,metaweb_empiricalbm,turkiye,creation,176,16,28,0
12,8,7,false,18,metaweb_empiricalbm,turkiye,creation,168,24,28,0
18,8,6,false,18,metaweb_empiricalbm,turkiye,creation,160,32,28,0
13,8,1,false,18,metaweb_empiricalbm,turkiye,creation,152,40,28,0
9,8,6,false,18,metaweb_empiricalbm,turkiye,creation,144,48,28,0
24,24,6,false,18,metaweb_empiricalbm,turkiye,creation,136,56,28,0
10,8,6,false,18,metaweb_empiricalbm,turkiye,creation,128,64,28,0
22,8,1,false,18,metaweb_empiricalbm,turkiye,creation,120,72,28,0
26,0,27,false,18,metaweb_empiricalbm,turkiye,creation,112,80,28,0
3,19,3,false,18,metaweb_empiricalbm,turkiye,creation,104,88,28,0
5,11,7,false,18,metaweb_empiricalbm,turkiye,creation,96,96,28,0
30,0,27,false,18,metaweb_empiricalbm,turkiye,creation,88,104,28,0
31,0,27,false,18,metaweb_empiricalbm,turkiye,creation,80,112,28,0
28,0,27,false,18,metaweb_empiricalbm,turkiye,creation,72,120,28,0
38,8,1,false,18,metaweb_empiricalbm,turkiye,creation,64,128,28,0
37,8,1,false,18,metaweb_empiricalbm,turkiye,creation,0,0,28,0
8,8,0,true,18,metaweb_empiricalbm,turkiye,creation,0,0,0,0
35,8,1,true,18,metaweb_empiricalbm,turkiye,creation,0,0,0,0
25,24,6,false,18,metaweb_empiricalbm,turkiye,creation,164,136,56,119
33,0,27,false,18,metaweb_empiricalbm,turkiye,creation,164,136,48,127
41,8,1,false,18,metaweb_empiricalbm,turkiye,creation,164,136,40,135
27,0,27,false,18,metaweb_empiricalbm,turkiye,creation,164,136,32,143
21,8,7,false,18,metaweb_empiricalbm,turkiye,creation,164,136,24,151
39,8,1,false,18,metaweb_empiricalbm,turkiye,creation,164,136,16,159
14,8,7,false,18,metaweb_empiricalbm,turkiye,creation,164,136,8,167
6,8,0,false,18,metaweb_empiricalbm,turkiye,creation,164,136,0,175
1,19,3,false,18,metaweb_empiricalbm,turkiye,creation,136,56,0,35
19,8,6,false,18,metaweb_empiricalbm,turkiye,creation,144,48,0,35
32,0,27,false,18,metaweb_empiricalbm,turkiye,creation,152,40,0,35
16,8,7,false,18,metaweb_empiricalbm,turkiye,creation,160,32,0,35
4,16,6,false,18,metaweb_empiricalbm,turkiye,creation,168,24,0,35
15,8,1,false,18,metaweb_empiricalbm,turkiye,creation,176,16,0,35
11,8,7,false,18,metaweb_empiricalbm,turkiye,creation,184,8,0,35
36,8,1,false,18,metaweb_empiricalbm,turkiye,creation,192,0,0,35
17,6,14,false,18,atn,turkiye,creation,140,0,24,0
20,7,0,false,18,atn,turkiye,creation,127,6,39,0
29,0,16,false,18,atn,turkiye,creation,120,14,26,0
34,0,5,false,18,atn,turkiye,creation,112,22,26,0
7,8,0,false,18,atn,turkiye,creation,105,14,17,0
2,10,0,false,18,atn,turkiye,creation,101,33,26,0
23,8,0,false,18,atn,turkiye,creation,103,37,24,0
40,8,12,false,18,atn,turkiye,creation,105,53,37,0
12,7,0,false,18,atn,turkiye,creation,79,55,26,0
18,9,0,false,18,atn,turkiye,creation,71,63,26,0
13,6,2,false,18,atn,turkiye,creation,73,56,19,0
9,8,0,false,18,atn,turkiye,creation,74,45,17,0
24,8,0,false,18,atn,turkiye,creation,58,39,20,7
10,8,0,false,18,atn,turkiye,creation,61,58,17,0
22,6,3,false,18,atn,turkiye,creation,140,119,70,86
26,0,5,false,18,atn,turkiye,creation,59,60,13,4
3,8,0,false,18,atn,turkiye,creation,76,71,45,67
5,7,0,false,18,atn,turkiye,creation,58,76,17,15
30,0,25,false,18,atn,turkiye,creation,55,79,13,13
31,0,17,false,18,atn,turkiye,creation,48,71,13,4
28,0,13,false,18,atn,turkiye,creation,43,86,13,6
38,6,25,false,18,atn,turkiye,creation,21,76,17,16
37,4,16,false,18,atn,turkiye,creation,45,89,13,13
8,10,0,false,18,atn,turkiye,creation,41,93,13,13
35,0,6,false,18,atn,turkiye,creation,40,93,13,26
25,10,0,false,18,atn,turkiye,creation,3,3,13,4
33,0,0,false,18,atn,turkiye,creation,4,7,16,12
41,9,0,false,18,atn,turkiye,creation,34,28,18,43
27,0,6,false,18,atn,turkiye,creation,77,33,14,78
21,7,0,false,18,atn,turkiye,creation,249,34,9,146
39,8,17,false,18,atn,turkiye,creation,120,16,4,121
14,7,0,false,18,atn,turkiye,creation,66,0,0,91
6,8,0,false,18,atn,turkiye,creation,0,0,0,0
1,8,0,false,18,atn,turkiye,creation,3,3,3,14
19,8,0,false,18,atn,turkiye,creation,4,7,3,25
32,0,12,false,18,atn,turkiye,creation,34,30,3,53
16,7,0,false,18,atn,turkiye,creation,83,37,2,88
4,8,0,false,18,atn,turkiye,creation,263,40,1,147
15,6,22,false,18,atn,turkiye,creation,166,22,0,133
11,7,0,false,18,atn,turkiye,creation,140,6,0,87
36,2,13,false,18,atn,turkiye,creation,147,0,0,28
17,8,0,false,18,metaweb,turkiye,burnin,192,0,28,0
20,0,25,false,18,metaweb,turkiye,burnin,184,8,28,0
29,8,0,false,18,metaweb,turkiye,burnin,176,16,28,0
7,8,0,false,18,metaweb,turkiye,burnin,168,24,28,0
2,8,0,false,18,metaweb,turkiye,burnin,160,32,28,0
23,0,25,false,18,metaweb,turkiye,burnin,152,40,28,0
12,8,0,false,18,metaweb,turkiye,burnin,144,48,28,0
18,0,25,false,18,metaweb,turkiye,burnin,136,56,28,0
13,8,0,false,18,metaweb,turkiye,burnin,128,64,28,0
9,8,0,false,18,metaweb,turkiye,burnin,120,72,28,0
24,0,25,false,18,metaweb,turkiye,burnin,112,80,28,0
10,8,0,false,18,metaweb,turkiye,burnin,104,88,28,0
22,0,25,false,18,metaweb,turkiye,burnin,96,96,28,0
26,8,0,false,18,metaweb,turkiye,burnin,88,104,28,0
3,8,0,false,18,metaweb,turkiye,burnin,80,112,28,0
5,8,0,false,18,metaweb,turkiye,burnin,72,120,28,0
30,8,0,false,18,metaweb,turkiye,burnin,64,128,28,0
31,8,0,false,18,metaweb,turkiye,burnin,164,136,56,119
28,8,0,false,18,metaweb,turkiye,burnin,164,136,48,127
8,8,0,false,18,metaweb,turkiye,burnin,164,136,40,135
25,0,25,false,18,metaweb,turkiye,burnin,164,136,32,143
33,8,0,false,18,metaweb,turkiye,burnin,164,136,24,151
27,8,0,false,18,metaweb,turkiye,burnin,164,136,16,159
21,0,25,false,18,metaweb,turkiye,burnin,164,136,8,167
14,8,0,false,18,metaweb,turkiye,burnin,164,136,0,175
6,8,0,false,18,metaweb,turkiye,burnin,136,56,0,28
1,8,0,false,18,metaweb,turkiye,burnin,144,48,0,28
19,0,25,false,18,metaweb,turkiye,burnin,152,40,0,28
32,8,0,false,18,metaweb,turkiye,burnin,160,32,0,28
16,8,0,false,18,metaweb,turkiye,burnin,168,24,0,28
4,8,0,false,18,metaweb,turkiye,burnin,176,16,0,28
15,8,0,false,18,metaweb,turkiye,burnin,184,8,0,28
11,8,0,false,18,metaweb,turkiye,burnin,192,0,0,28
6,0,1,false,18,down_niche_empiricalbm,turkiye,burnin,0,0,6,0
1,0,1,false,18,down_niche_empiricalbm,turkiye,burnin,0,0,5,1
8,7,0,false,18,down_niche_empiricalbm,turkiye,burnin,0,0,4,2
7,0,1,false,18,down_niche_empiricalbm,turkiye,burnin,0,0,3,3
2,0,1,false,18,down_niche_empiricalbm,turkiye,burnin,0,0,2,4
4,0,1,false,18,down_niche_empiricalbm,turkiye,burnin,0,0,1,5
3,0,1,false,18,down_niche_empiricalbm,turkiye,burnin,0,0,0,6
5,0,1,false,18,down_niche_empiricalbm,turkiye,burnin,0,0,0,21
1,4,0,false,18,niche,turkiye,burnin,0,0,4,0
2,1,1,false,18,niche,turkiye,burnin,0,0,0,2
4,1,1,false,18,niche,turkiye,burnin,0,0,0,2
3,0,2,false,18,niche,turkiye,burnin,0,0,0,2
5,0,2,false,18,niche,turkiye,burnin,0,0,0,2
17,6,2,false,18,down_niche,turkiye,burnin,5,0,28,0
20,7,0,false,18,down_niche,turkiye,burnin,0,5,28,0
29,0,24,false,18,down_niche,turkiye,burnin,117,0,15,0
34,7,1,false,18,down_niche,turkiye,burnin,150,5,21,7
7,8,3,false,18,down_niche,turkiye,burnin,143,12,21,0
2,8,0,false,18,down_niche,turkiye,burnin,122,17,21,7
23,0,7,false,18,down_niche,turkiye,burnin,135,27,28,14
12,6,0,false,18,down_niche,turkiye,burnin,123,32,21,7
18,5,3,false,18,down_niche,turkiye,burnin,102,37,21,7
13,8,2,false,18,down_niche,turkiye,burnin,97,38,15,0
9,7,2,false,18,down_niche,turkiye,burnin,105,51,21,14
24,0,23,false,18,down_niche,turkiye,burnin,83,50,15,0
10,6,0,false,18,down_niche,turkiye,burnin,94,68,28,14
22,0,23,false,18,down_niche,turkiye,burnin,72,60,15,0
26,0,23,false,18,down_niche,turkiye,burnin,68,65,15,14
3,6,0,false,18,down_niche,turkiye,burnin,72,83,21,7
5,7,0,false,18,down_niche,turkiye,burnin,58,77,15,7
30,7,1,false,18,down_niche,turkiye,burnin,45,68,10,14
31,7,1,false,18,down_niche,turkiye,burnin,54,101,21,0
28,0,22,false,18,down_niche,turkiye,burnin,0,0,21,0
37,7,1,true,18,down_niche,turkiye,burnin,0,0,0,0
8,7,2,false,18,down_niche,turkiye,burnin,133,120,48,86
35,6,0,false,18,down_niche,turkiye,burnin,11,10,11,33
25,0,24,false,18,down_niche,turkiye,burnin,133,120,38,95
33,7,1,false,18,down_niche,turkiye,burnin,148,128,30,109
27,0,24,false,18,down_niche,turkiye,burnin,141,112,20,113
21,11,1,false,18,down_niche,turkiye,burnin,148,128,15,125
14,6,0,false,18,down_niche,turkiye,burnin,112,98,7,117
6,7,2,false,18,down_niche,turkiye,burnin,148,128,0,139
1,8,0,false,18,down_niche,turkiye,burnin,108,47,0,27
19,7,0,false,18,down_niche,turkiye,burnin,115,40,0,27
32,8,1,false,18,down_niche,turkiye,burnin,127,34,0,34
16,7,2,false,18,down_niche,turkiye,burnin,129,26,0,27
4,7,1,false,18,down_niche,turkiye,burnin,136,19,0,27
15,6,3,false,18,down_niche,turkiye,burnin,122,11,0,15
11,7,3,false,18,down_niche,turkiye,burnin,149,6,0,27
36,7,1,false,18,down_niche,turkiye,burnin,141,0,0,27
8,3,0,false,18,atn_empiricalbm,turkiye,burnin,21,0,3,0
7,3,0,false,18,atn_empiricalbm,turkiye,burnin,18,3,3,0
2,3,0,false,18,atn_empiricalbm,turkiye,burnin,15,6,3,0
9,0,8,false,18,atn_empiricalbm,turkiye,burnin,12,9,3,0
6,3,0,false,18,atn_empiricalbm,turkiye,burnin,9,12,3,0
1,3,0,false,18,atn_empiricalbm,turkiye,burnin,6,15,3,0
10,0,8,false,18,atn_empiricalbm,turkiye,burnin,3,18,3,0
4,3,0,false,18,atn_empiricalbm,turkiye,burnin,0,21,3,0
3,3,0,false,18,atn_empiricalbm,turkiye,burnin,28,0,0,16
5,3,0,false,18,atn_empiricalbm,turkiye,burnin,28,0,0,16
11,0,8,false,18,atn_empiricalbm,turkiye,burnin,28,0,0,16
9,8,0,false,18,metaweb_empiricalbm,turkiye,burnin,0,0,7,0
6,0,1,false,18,metaweb_empiricalbm,turkiye,burnin,0,0,6,1
1,0,1,false,18,metaweb_empiricalbm,turkiye,burnin,0,0,5,2
8,0,1,false,18,metaweb_empiricalbm,turkiye,burnin,0,0,4,3
7,0,1,false,18,metaweb_empiricalbm,turkiye,burnin,0,0,3,4
2,0,1,false,18,metaweb_empiricalbm,turkiye,burnin,0,0,2,5
4,0,1,false,18,metaweb_empiricalbm,turkiye,burnin,0,0,1,6
3,0,1,false,18,metaweb_empiricalbm,turkiye,burnin,0,0,0,7
5,0,1,false,18,metaweb_empiricalbm,turkiye,burnin,0,0,0,28
17,7,0,false,18,atn,turkiye,burnin,111,0,39,0
20,8,0,false,18,atn,turkiye,burnin,104,8,26,0
29,0,5,false,18,atn,turkiye,burnin,96,16,26,0
34,8,13,false,18,atn,turkiye,burnin,90,9,17,0
7,8,0,false,18,atn,turkiye,burnin,85,27,26,0
2,8,0,false,18,atn,turkiye,burnin,91,37,37,0
23,0,6,false,18,atn,turkiye,burnin,69,43,26,0
12,6,18,false,18,atn,turkiye,burnin,61,51,26,0
18,6,3,false,18,atn,turkiye,burnin,69,30,17,0
13,7,0,false,18,atn,turkiye,burnin,54,27,20,7
9,7,0,false,18,atn,turkiye,burnin,56,43,17,0
24,0,13,false,18,atn,turkiye,burnin,99,82,64,66
10,6,2,false,18,atn,turkiye,burnin,52,47,13,4
22,0,5,false,18,atn,turkiye,burnin,59,59,45,57
26,0,21,false,18,atn,turkiye,burnin,49,63,17,15
3,8,0,false,18,atn,turkiye,burnin,46,66,13,13
5,8,0,false,18,atn,turkiye,burnin,41,58,13,4
30,0,6,false,18,atn,turkiye,burnin,21,60,17,16
31,2,13,false,18,atn,turkiye,burnin,39,73,13,13
28,0,12,false,18,atn,turkiye,burnin,35,77,13,13
8,8,0,false,18,atn,turkiye,burnin,34,77,13,26
35,8,12,false,18,atn,turkiye,burnin,3,3,13,4
25,0,12,false,18,atn,turkiye,burnin,4,7,16,12
33,6,21,false,18,atn,turkiye,burnin,34,28,18,43
27,0,13,false,18,atn,turkiye,burnin,37,25,14,58
21,10,0,false,18,atn,turkiye,burnin,167,26,9,120
14,6,12,false,18,atn,turkiye,burnin,66,12,4,95
6,10,0,false,18,atn,turkiye,burnin,66,0,0,91
1,10,0,false,18,atn,turkiye,burnin,3,3,3,14
19,8,0,false,18,atn,turkiye,burnin,4,7,3,25
32,4,12,false,18,atn,turkiye,burnin,34,30,3,53
16,8,0,false,18,atn,turkiye,burnin,43,29,2,68
4,7,0,false,18,atn,turkiye,burnin,181,32,1,121
15,9,0,false,18,atn,turkiye,burnin,112,18,0,115
11,7,0,false,18,atn,turkiye,burnin,124,6,0,87
36,9,0,false,18,atn,turkiye,burnin,119,0,0,28
17,8,1,true,19,metaweb,turkiye,creation,0,0,0,0
20,8,7,true,19,metaweb,turkiye,creation,0,0,0,0
29,0,27,true,19,metaweb,turkiye,creation,0,0,0,0
34,8,1,true,19,metaweb,turkiye,creation,0,0,0,0
7,8,6,true,19,metaweb,turkiye,creation,0,0,0,0
2,19,3,false,19,metaweb,turkiye,creation,192,0,28,0
23,8,6,false,19,metaweb,turkiye,creation,184,8,28,0
40,8,1,false,19,metaweb,turkiye,creation,176,16,28,0
12,8,7,false,19,metaweb,turkiye,creation,168,24,28,0
18,8,6,false,19,metaweb,turkiye,creation,160,32,28,0
13,8,1,false,19,metaweb,turkiye,creation,152,40,28,0
9,8,6,false,19,metaweb,turkiye,creation,144,48,28,0
24,24,6,false,19,metaweb,turkiye,creation,136,56,28,0
10,8,6,false,19,metaweb,turkiye,creation,128,64,28,0
22,8,1,false,19,metaweb,turkiye,creation,120,72,28,0
26,0,27,false,19,metaweb,turkiye,creation,112,80,28,0
3,19,3,false,19,metaweb,turkiye,creation,104,88,28,0
5,11,7,false,19,metaweb,turkiye,creation,96,96,28,0
30,0,27,false,19,metaweb,turkiye,creation,88,104,28,0
31,0,27,false,19,metaweb,turkiye,creation,80,112,28,0
28,0,27,false,19,metaweb,turkiye,creation,72,120,28,0
38,8,1,false,19,metaweb,turkiye,creation,64,128,28,0
37,8,1,false,19,metaweb,turkiye,creation,0,0,28,0
8,8,0,true,19,metaweb,turkiye,creation,0,0,0,0
35,8,1,true,19,metaweb,turkiye,creation,0,0,0,0
25,24,6,false,19,metaweb,turkiye,creation,164,136,56,119
33,0,27,false,19,metaweb,turkiye,creation,164,136,48,127
41,8,1,false,19,metaweb,turkiye,creation,164,136,40,135
27,0,27,false,19,metaweb,turkiye,creation,164,136,32,143
21,8,7,false,19,metaweb,turkiye,creation,164,136,24,151
39,8,1,false,19,metaweb,turkiye,creation,164,136,16,159
14,8,7,false,19,metaweb,turkiye,creation,164,136,8,167
6,8,0,false,19,metaweb,turkiye,creation,164,136,0,175
1,19,3,false,19,metaweb,turkiye,creation,136,56,0,35
19,8,6,false,19,metaweb,turkiye,creation,144,48,0,35
32,0,27,false,19,metaweb,turkiye,creation,152,40,0,35
16,8,7,false,19,metaweb,turkiye,creation,160,32,0,35
4,16,6,false,19,metaweb,turkiye,creation,168,24,0,35
15,8,1,false,19,metaweb,turkiye,creation,176,16,0,35
11,8,7,false,19,metaweb,turkiye,creation,184,8,0,35
36,8,1,false,19,metaweb,turkiye,creation,192,0,0,35
17,5,0,false,19,down_niche_empiricalbm,turkiye,creation,8,0,12,0
20,6,3,false,19,down_niche_empiricalbm,turkiye,creation,15,1,10,0
29,0,22,false,19,down_niche_empiricalbm,turkiye,creation,12,5,10,0
34,6,1,false,19,down_niche_empiricalbm,turkiye,creation,14,9,28,0
7,6,5,false,19,down_niche_empiricalbm,turkiye,creation,7,5,10,0
2,5,0,false,19,down_niche_empiricalbm,turkiye,creation,122,0,15,0
23,8,1,false,19,down_niche_empiricalbm,turkiye,creation,105,9,33,15
40,6,1,false,19,down_niche_empiricalbm,turkiye,creation,92,9,10,0
12,3,3,false,19,down_niche_empiricalbm,turkiye,creation,104,18,31,10
18,6,4,false,19,down_niche_empiricalbm,turkiye,creation,106,27,35,15
13,5,1,false,19,down_niche_empiricalbm,turkiye,creation,95,31,22,15
9,6,4,false,19,down_niche_empiricalbm,turkiye,creation,24,9,9,16
24,11,1,false,19,down_niche_empiricalbm,turkiye,creation,67,25,10,4
10,7,4,false,19,down_niche_empiricalbm,turkiye,creation,57,31,17,23
22,6,0,false,19,down_niche_empiricalbm,turkiye,creation,65,36,10,0
26,0,4,false,19,down_niche_empiricalbm,turkiye,creation,74,52,23,25
3,5,0,false,19,down_niche_empiricalbm,turkiye,creation,56,45,10,0
5,5,0,false,19,down_niche_empiricalbm,turkiye,creation,60,55,19,21
30,0,22,false,19,down_niche_empiricalbm,turkiye,creation,47,57,16,21
31,0,21,false,19,down_niche_empiricalbm,turkiye,creation,50,71,18,19
28,0,22,false,19,down_niche_empiricalbm,turkiye,creation,40,66,11,28
38,6,1,false,19,down_niche_empiricalbm,turkiye,creation,39,68,15,0
37,5,1,false,19,down_niche_empiricalbm,turkiye,creation,0,0,28,7
8,5,0,false,19,down_niche_empiricalbm,turkiye,creation,22,7,1,38
35,7,1,false,19,down_niche_empiricalbm,turkiye,creation,34,12,3,60
25,13,2,false,19,down_niche_empiricalbm,turkiye,creation,2,3,4,18
33,0,10,false,19,down_niche_empiricalbm,turkiye,creation,118,105,34,68
41,5,1,false,19,down_niche_empiricalbm,turkiye,creation,119,112,30,72
27,0,22,false,19,down_niche_empiricalbm,turkiye,creation,117,105,19,82
21,5,4,false,19,down_niche_empiricalbm,turkiye,creation,137,85,11,88
39,6,1,false,19,down_niche_empiricalbm,turkiye,creation,112,98,10,89
14,4,5,false,19,down_niche_empiricalbm,turkiye,creation,93,78,3,87
6,6,0,false,19,down_niche_empiricalbm,turkiye,creation,20,25,0,46
1,7,0,false,19,down_niche_empiricalbm,turkiye,creation,88,34,0,22
19,5,4,false,19,down_niche_empiricalbm,turkiye,creation,99,32,0,28
32,0,19,false,19,down_niche_empiricalbm,turkiye,creation,61,14,0,17
16,6,5,false,19,down_niche_empiricalbm,turkiye,creation,83,18,0,17
4,8,0,false,19,down_niche_empiricalbm,turkiye,creation,95,15,0,22
15,5,0,false,19,down_niche_empiricalbm,turkiye,creation,113,9,0,22
11,6,4,false,19,down_niche_empiricalbm,turkiye,creation,106,4,0,22
36,5,1,false,19,down_niche_empiricalbm,turkiye,creation,92,0,0,17
17,7,0,true,19,niche,turkiye,creation,0,0,0,0
20,4,0,false,19,niche,turkiye,creation,54,0,47,0
29,12,12,true,19,niche,turkiye,creation,0,0,0,0
34,0,9,false,19,niche,turkiye,creation,17,3,3,0
7,13,2,false,19,niche,turkiye,creation,0,0,6,0
2,17,1,false,19,niche,turkiye,creation,35,12,26,0
23,1,1,false,19,niche,turkiye,creation,23,18,23,0
40,0,8,false,19,niche,turkiye,creation,3,6,2,0
12,1,2,false,19,niche,turkiye,creation,0,0,0,0
18,6,0,false,19,niche,turkiye,creation,6,11,3,0
13,6,1,false,19,niche,turkiye,creation,0,0,3,0
9,2,2,false,19,niche,turkiye,creation,0,0,0,3
24,2,1,false,19,niche,turkiye,creation,7,20,9,3
10,5,2,false,19,niche,turkiye,creation,0,0,0,3
22,2,1,false,19,niche,turkiye,creation,0,0,0,3
26,3,6,false,19,niche,turkiye,creation,0,17,3,0
3,8,2,false,19,niche,turkiye,creation,19,17,11,0
5,4,2,false,19,niche,turkiye,creation,18,19,10,0
30,7,12,false,19,niche,turkiye,creation,3,5,0,0
31,0,10,false,19,niche,turkiye,creation,2,6,0,0
28,2,12,false,19,niche,turkiye,creation,3,11,0,2
38,0,9,false,19,niche,turkiye,creation,1,7,0,2
37,0,11,false,19,niche,turkiye,creation,3,4,0,2
8,7,2,false,19,niche,turkiye,creation,8,6,1,2
35,5,7,false,19,niche,turkiye,creation,3,5,0,17
25,3,5,true,19,niche,turkiye,creation,0,0,0,0
33,9,9,true,19,niche,turkiye,creation,0,0,0,0
41,0,8,false,19,niche,turkiye,creation,39,6,1,25
27,6,9,true,19,niche,turkiye,creation,0,0,0,0
21,2,1,true,19,niche,turkiye,creation,0,0,0,0
39,0,10,false,19,niche,turkiye,creation,21,0,0,36
14,0,1,false,19,niche,turkiye,creation,26,19,10,23
6,12,2,true,19,niche,turkiye,creation,0,0,0,0
1,12,1,false,19,niche,turkiye,creation,15,0,0,34
19,4,0,false,19,niche,turkiye,creation,15,16,10,22
32,6,10,false,19,niche,turkiye,creation,24,10,10,18
16,4,0,false,19,niche,turkiye,creation,22,0,0,37
4,5,2,false,19,niche,turkiye,creation,11,0,0,33
15,0,1,false,19,niche,turkiye,creation,18,0,0,33
11,3,1,false,19,niche,turkiye,creation,20,0,0,29
36,5,10,false,19,niche,turkiye,creation,20,0,0,29
17,5,0,false,19,down_niche,turkiye,creation,8,0,12,0
20,6,3,false,19,down_niche,turkiye,creation,15,1,10,0
29,0,22,false,19,down_niche,turkiye,creation,12,5,10,0
34,6,1,false,19,down_niche,turkiye,creation,14,9,28,0
7,6,5,false,19,down_niche,turkiye,creation,7,5,10,0
2,5,0,false,19,down_niche,turkiye,creation,122,0,15,0
23,8,1,false,19,down_niche,turkiye,creation,105,9,33,15
40,6,1,false,19,down_niche,turkiye,creation,92,9,10,0
12,3,3,false,19,down_niche,turkiye,creation,104,18,31,10
18,6,4,false,19,down_niche,turkiye,creation,106,27,35,15
13,5,1,false,19,down_niche,turkiye,creation,95,31,22,15
9,6,4,false,19,down_niche,turkiye,creation,24,9,9,16
24,11,1,false,19,down_niche,turkiye,creation,67,25,10,4
10,7,4,false,19,down_niche,turkiye,creation,57,31,17,23
22,6,0,false,19,down_niche,turkiye,creation,65,36,10,0
26,0,4,false,19,down_niche,turkiye,creation,74,52,23,25
3,5,0,false,19,down_niche,turkiye,creation,56,45,10,0
5,5,0,false,19,down_niche,turkiye,creation,60,55,19,21
30,0,22,false,19,down_niche,turkiye,creation,47,57,16,21
31,0,21,false,19,down_niche,turkiye,creation,50,71,18,19
28,0,22,false,19,down_niche,turkiye,creation,40,66,11,28
38,6,1,false,19,down_niche,turkiye,creation,39,68,15,0
37,5,1,false,19,down_niche,turkiye,creation,0,0,28,7
8,5,0,false,19,down_niche,turkiye,creation,22,7,1,38
35,7,1,false,19,down_niche,turkiye,creation,34,12,3,60
25,13,2,false,19,down_niche,turkiye,creation,2,3,4,18
33,0,10,false,19,down_niche,turkiye,creation,118,105,34,68
41,5,1,false,19,down_niche,turkiye,creation,119,112,30,72
27,0,22,false,19,down_niche,turkiye,creation,117,105,19,82
21,5,4,false,19,down_niche,turkiye,creation,137,85,11,88
39,6,1,false,19,down_niche,turkiye,creation,112,98,10,89
14,4,5,false,19,down_niche,turkiye,creation,93,78,3,87
6,6,0,false,19,down_niche,turkiye,creation,20,25,0,46
1,7,0,false,19,down_niche,turkiye,creation,88,34,0,22
19,5,4,false,19,down_niche,turkiye,creation,99,32,0,28
32,0,19,false,19,down_niche,turkiye,creation,61,14,0,17
16,6,5,false,19,down_niche,turkiye,creation,83,18,0,17
4,8,0,false,19,down_niche,turkiye,creation,95,15,0,22
15,5,0,false,19,down_niche,turkiye,creation,113,9,0,22
11,6,4,false,19,down_niche,turkiye,creation,106,4,0,22
36,5,1,false,19,down_niche,turkiye,creation,92,0,0,17
17,4,15,false,19,atn_empiricalbm,turkiye,creation,120,0,21,0
20,5,0,false,19,atn_empiricalbm,turkiye,creation,113,7,21,0
29,0,14,false,19,atn_empiricalbm,turkiye,creation,106,14,21,0
34,0,4,false,19,atn_empiricalbm,turkiye,creation,99,21,21,0
7,9,0,false,19,atn_empiricalbm,turkiye,creation,98,20,21,0
2,7,0,false,19,atn_empiricalbm,turkiye,creation,111,35,36,0
23,9,0,false,19,atn_empiricalbm,turkiye,creation,102,44,36,0
40,6,2,false,19,atn_empiricalbm,turkiye,creation,73,47,21,0
12,9,0,false,19,atn_empiricalbm,turkiye,creation,68,54,36,0
18,9,0,false,19,atn_empiricalbm,turkiye,creation,59,61,21,0
13,6,19,false,19,atn_empiricalbm,turkiye,creation,62,56,21,0
9,9,0,false,19,atn_empiricalbm,turkiye,creation,65,81,36,0
24,7,0,false,19,atn_empiricalbm,turkiye,creation,119,84,59,80
10,7,0,false,19,atn_empiricalbm,turkiye,creation,48,36,15,0
22,4,15,false,19,atn_empiricalbm,turkiye,creation,26,16,6,0
26,0,4,false,19,atn_empiricalbm,turkiye,creation,40,46,6,4
3,7,0,false,19,atn_empiricalbm,turkiye,creation,73,58,37,73
5,7,0,false,19,atn_empiricalbm,turkiye,creation,49,73,21,15
30,0,22,false,19,atn_empiricalbm,turkiye,creation,56,90,21,15
31,0,17,false,19,atn_empiricalbm,turkiye,creation,33,53,6,4
28,0,9,false,19,atn_empiricalbm,turkiye,creation,22,62,15,0
38,4,22,false,19,atn_empiricalbm,turkiye,creation,81,50,20,90
37,2,14,false,19,atn_empiricalbm,turkiye,creation,54,92,15,21
8,7,0,false,19,atn_empiricalbm,turkiye,creation,49,71,6,15
35,0,6,false,19,atn_empiricalbm,turkiye,creation,48,72,6,15
25,7,0,false,19,atn_empiricalbm,turkiye,creation,3,3,9,5
33,0,0,false,19,atn_empiricalbm,turkiye,creation,6,9,11,13
41,6,0,false,19,atn_empiricalbm,turkiye,creation,18,18,12,27
27,0,6,false,19,atn_empiricalbm,turkiye,creation,67,24,7,76
21,6,0,false,19,atn_empiricalbm,turkiye,creation,210,21,3,136
39,6,17,false,19,atn_empiricalbm,turkiye,creation,136,0,0,116
14,6,0,false,19,atn_empiricalbm,turkiye,creation,1,0,0,16
6,9,0,false,19,atn_empiricalbm,turkiye,creation,0,0,0,0
1,7,0,false,19,atn_empiricalbm,turkiye,creation,3,3,3,11
19,9,0,false,19,atn_empiricalbm,turkiye,creation,6,9,3,21
32,0,2,false,19,atn_empiricalbm,turkiye,creation,18,18,3,36
16,5,0,false,19,atn_empiricalbm,turkiye,creation,69,28,1,83
4,7,0,false,19,atn_empiricalbm,turkiye,creation,220,27,0,145
15,4,0,false,19,atn_empiricalbm,turkiye,creation,162,6,0,131
11,7,0,false,19,atn_empiricalbm,turkiye,creation,49,4,0,31
36,0,9,false,19,atn_empiricalbm,turkiye,creation,84,0,0,15
17,8,1,true,19,metaweb_empiricalbm,turkiye,creation,0,0,0,0
20,8,7,true,19,metaweb_empiricalbm,turkiye,creation,0,0,0,0
29,0,27,true,19,metaweb_empiricalbm,turkiye,creation,0,0,0,0
34,8,1,true,19,metaweb_empiricalbm,turkiye,creation,0,0,0,0
7,8,6,true,19,metaweb_empiricalbm,turkiye,creation,0,0,0,0
2,19,3,false,19,metaweb_empiricalbm,turkiye,creation,192,0,28,0
23,8,6,false,19,metaweb_empiricalbm,turkiye,creation,184,8,28,0
40,8,1,false,19,metaweb_empiricalbm,turkiye,creation,176,16,28,0
12,8,7,false,19,metaweb_empiricalbm,turkiye,creation,168,24,28,0
18,8,6,false,19,metaweb_empiricalbm,turkiye,creation,160,32,28,0
13,8,1,false,19,metaweb_empiricalbm,turkiye,creation,152,40,28,0
9,8,6,false,19,metaweb_empiricalbm,turkiye,creation,144,48,28,0
24,24,6,false,19,metaweb_empiricalbm,turkiye,creation,136,56,28,0
10,8,6,false,19,metaweb_empiricalbm,turkiye,creation,128,64,28,0
22,8,1,false,19,metaweb_empiricalbm,turkiye,creation,120,72,28,0
26,0,27,false,19,metaweb_empiricalbm,turkiye,creation,112,80,28,0
3,19,3,false,19,metaweb_empiricalbm,turkiye,creation,104,88,28,0
5,11,7,false,19,metaweb_empiricalbm,turkiye,creation,96,96,28,0
30,0,27,false,19,metaweb_empiricalbm,turkiye,creation,88,104,28,0
31,0,27,false,19,metaweb_empiricalbm,turkiye,creation,80,112,28,0
28,0,27,false,19,metaweb_empiricalbm,turkiye,creation,72,120,28,0
38,8,1,false,19,metaweb_empiricalbm,turkiye,creation,64,128,28,0
37,8,1,false,19,metaweb_empiricalbm,turkiye,creation,0,0,28,0
8,8,0,true,19,metaweb_empiricalbm,turkiye,creation,0,0,0,0
35,8,1,true,19,metaweb_empiricalbm,turkiye,creation,0,0,0,0
25,24,6,false,19,metaweb_empiricalbm,turkiye,creation,164,136,56,119
33,0,27,false,19,metaweb_empiricalbm,turkiye,creation,164,136,48,127
41,8,1,false,19,metaweb_empiricalbm,turkiye,creation,164,136,40,135
27,0,27,false,19,metaweb_empiricalbm,turkiye,creation,164,136,32,143
21,8,7,false,19,metaweb_empiricalbm,turkiye,creation,164,136,24,151
39,8,1,false,19,metaweb_empiricalbm,turkiye,creation,164,136,16,159
14,8,7,false,19,metaweb_empiricalbm,turkiye,creation,164,136,8,167
6,8,0,false,19,metaweb_empiricalbm,turkiye,creation,164,136,0,175
1,19,3,false,19,metaweb_empiricalbm,turkiye,creation,136,56,0,35
19,8,6,false,19,metaweb_empiricalbm,turkiye,creation,144,48,0,35
32,0,27,false,19,metaweb_empiricalbm,turkiye,creation,152,40,0,35
16,8,7,false,19,metaweb_empiricalbm,turkiye,creation,160,32,0,35
4,16,6,false,19,metaweb_empiricalbm,turkiye,creation,168,24,0,35
15,8,1,false,19,metaweb_empiricalbm,turkiye,creation,176,16,0,35
11,8,7,false,19,metaweb_empiricalbm,turkiye,creation,184,8,0,35
36,8,1,false,19,metaweb_empiricalbm,turkiye,creation,192,0,0,35
17,4,15,false,19,atn,turkiye,creation,120,0,21,0
20,5,0,false,19,atn,turkiye,creation,113,7,21,0
29,0,14,false,19,atn,turkiye,creation,106,14,21,0
34,0,4,false,19,atn,turkiye,creation,99,21,21,0
7,9,0,false,19,atn,turkiye,creation,98,20,21,0
2,7,0,false,19,atn,turkiye,creation,111,35,36,0
23,9,0,false,19,atn,turkiye,creation,102,44,36,0
40,6,2,false,19,atn,turkiye,creation,73,47,21,0
12,9,0,false,19,atn,turkiye,creation,68,54,36,0
18,9,0,false,19,atn,turkiye,creation,59,61,21,0
13,6,19,false,19,atn,turkiye,creation,62,56,21,0
9,9,0,false,19,atn,turkiye,creation,65,81,36,0
24,7,0,false,19,atn,turkiye,creation,119,84,59,80
10,7,0,false,19,atn,turkiye,creation,48,36,15,0
22,4,15,false,19,atn,turkiye,creation,26,16,6,0
26,0,4,false,19,atn,turkiye,creation,40,46,6,4
3,7,0,false,19,atn,turkiye,creation,73,58,37,73
5,7,0,false,19,atn,turkiye,creation,49,73,21,15
30,0,22,false,19,atn,turkiye,creation,56,90,21,15
31,0,17,false,19,atn,turkiye,creation,33,53,6,4
28,0,9,false,19,atn,turkiye,creation,22,62,15,0
38,4,22,false,19,atn,turkiye,creation,81,50,20,90
37,2,14,false,19,atn,turkiye,creation,54,92,15,21
8,7,0,false,19,atn,turkiye,creation,49,71,6,15
35,0,6,false,19,atn,turkiye,creation,48,72,6,15
25,7,0,false,19,atn,turkiye,creation,3,3,9,5
33,0,0,false,19,atn,turkiye,creation,6,9,11,13
41,6,0,false,19,atn,turkiye,creation,18,18,12,27
27,0,6,false,19,atn,turkiye,creation,67,24,7,76
21,6,0,false,19,atn,turkiye,creation,210,21,3,136
39,6,17,false,19,atn,turkiye,creation,136,0,0,116
14,6,0,false,19,atn,turkiye,creation,1,0,0,16
6,9,0,false,19,atn,turkiye,creation,0,0,0,0
1,7,0,false,19,atn,turkiye,creation,3,3,3,11
19,9,0,false,19,atn,turkiye,creation,6,9,3,21
32,0,2,false,19,atn,turkiye,creation,18,18,3,36
16,5,0,false,19,atn,turkiye,creation,69,28,1,83
4,7,0,false,19,atn,turkiye,creation,220,27,0,145
15,4,0,false,19,atn,turkiye,creation,162,6,0,131
11,7,0,false,19,atn,turkiye,creation,49,4,0,31
36,0,9,false,19,atn,turkiye,creation,84,0,0,15
17,8,0,false,19,metaweb,turkiye,burnin,192,0,28,0
20,0,25,false,19,metaweb,turkiye,burnin,184,8,28,0
29,8,0,false,19,metaweb,turkiye,burnin,176,16,28,0
7,8,0,false,19,metaweb,turkiye,burnin,168,24,28,0
2,8,0,false,19,metaweb,turkiye,burnin,160,32,28,0
23,0,25,false,19,metaweb,turkiye,burnin,152,40,28,0
12,8,0,false,19,metaweb,turkiye,burnin,144,48,28,0
18,0,25,false,19,metaweb,turkiye,burnin,136,56,28,0
13,8,0,false,19,metaweb,turkiye,burnin,128,64,28,0
9,8,0,false,19,metaweb,turkiye,burnin,120,72,28,0
24,0,25,false,19,metaweb,turkiye,burnin,112,80,28,0
10,8,0,false,19,metaweb,turkiye,burnin,104,88,28,0
22,0,25,false,19,metaweb,turkiye,burnin,96,96,28,0
26,8,0,false,19,metaweb,turkiye,burnin,88,104,28,0
3,8,0,false,19,metaweb,turkiye,burnin,80,112,28,0
5,8,0,false,19,metaweb,turkiye,burnin,72,120,28,0
30,8,0,false,19,metaweb,turkiye,burnin,64,128,28,0
31,8,0,false,19,metaweb,turkiye,burnin,164,136,56,119
28,8,0,false,19,metaweb,turkiye,burnin,164,136,48,127
8,8,0,false,19,metaweb,turkiye,burnin,164,136,40,135
25,0,25,false,19,metaweb,turkiye,burnin,164,136,32,143
33,8,0,false,19,metaweb,turkiye,burnin,164,136,24,151
27,8,0,false,19,metaweb,turkiye,burnin,164,136,16,159
21,0,25,false,19,metaweb,turkiye,burnin,164,136,8,167
14,8,0,false,19,metaweb,turkiye,burnin,164,136,0,175
6,8,0,false,19,metaweb,turkiye,burnin,136,56,0,28
1,8,0,false,19,metaweb,turkiye,burnin,144,48,0,28
19,0,25,false,19,metaweb,turkiye,burnin,152,40,0,28
32,8,0,false,19,metaweb,turkiye,burnin,160,32,0,28
16,8,0,false,19,metaweb,turkiye,burnin,168,24,0,28
4,8,0,false,19,metaweb,turkiye,burnin,176,16,0,28
15,8,0,false,19,metaweb,turkiye,burnin,184,8,0,28
11,8,0,false,19,metaweb,turkiye,burnin,192,0,0,28
9,7,0,false,19,down_niche_empiricalbm,turkiye,burnin,1,0,11,0
6,0,2,false,19,down_niche_empiricalbm,turkiye,burnin,1,0,9,2
1,0,2,false,19,down_niche_empiricalbm,turkiye,burnin,1,0,7,4
8,6,0,false,19,down_niche_empiricalbm,turkiye,burnin,1,0,5,6
7,0,1,false,19,down_niche_empiricalbm,turkiye,burnin,1,0,3,8
2,0,2,false,19,down_niche_empiricalbm,turkiye,burnin,1,0,1,10
4,0,2,false,19,down_niche_empiricalbm,turkiye,burnin,0,0,0,6
3,0,2,false,19,down_niche_empiricalbm,turkiye,burnin,0,6,0,15
5,0,2,false,19,down_niche_empiricalbm,turkiye,burnin,6,0,0,21
17,5,5,true,19,niche,turkiye,burnin,0,0,0,0
20,0,8,false,19,niche,turkiye,burnin,0,0,1,0
7,6,0,false,19,niche,turkiye,burnin,0,0,0,1
2,2,1,false,19,niche,turkiye,burnin,0,0,0,1
12,0,3,false,19,niche,turkiye,burnin,0,0,3,0
18,0,7,false,19,niche,turkiye,burnin,17,0,11,0
13,6,3,false,19,niche,turkiye,burnin,16,6,10,0
9,2,0,false,19,niche,turkiye,burnin,3,2,0,0
10,2,1,false,19,niche,turkiye,burnin,8,4,1,0
22,0,7,false,19,niche,turkiye,burnin,6,6,1,0
3,0,1,true,19,niche,turkiye,burnin,0,0,0,0
5,4,0,false,19,niche,turkiye,burnin,0,0,0,2
8,1,0,false,19,niche,turkiye,burnin,5,17,10,2
21,0,7,true,19,niche,turkiye,burnin,0,0,0,0
14,9,3,false,19,niche,turkiye,burnin,0,0,0,2
6,7,0,false,19,niche,turkiye,burnin,5,15,10,1
1,2,1,false,19,niche,turkiye,burnin,3,10,10,1
19,0,7,false,19,niche,turkiye,burnin,6,0,0,20
16,5,3,false,19,niche,turkiye,burnin,6,0,0,20
4,0,1,false,19,niche,turkiye,burnin,11,0,0,20
15,0,3,false,19,niche,turkiye,burnin,17,0,0,22
11,11,1,false,19,niche,turkiye,burnin,17,0,0,22
17,6,1,false,19,down_niche,turkiye,burnin,4,0,11,0
20,12,1,false,19,down_niche,turkiye,burnin,5,4,21,0
29,6,1,false,19,down_niche,turkiye,burnin,116,0,15,0
34,6,1,false,19,down_niche,turkiye,burnin,99,6,24,10
7,7,2,false,19,down_niche,turkiye,burnin,87,9,10,0
2,7,0,false,19,down_niche,turkiye,burnin,98,16,23,5
23,0,21,false,19,down_niche,turkiye,burnin,100,24,28,8
12,5,0,false,19,down_niche,turkiye,burnin,86,28,21,3
18,6,0,false,19,down_niche,turkiye,burnin,23,9,8,14
13,6,3,false,19,down_niche,turkiye,burnin,62,25,10,0
9,3,3,false,19,down_niche,turkiye,burnin,51,26,11,11
24,0,21,false,19,down_niche,turkiye,burnin,60,36,10,0
10,5,0,false,19,down_niche,turkiye,burnin,67,49,18,16
22,0,21,false,19,down_niche,turkiye,burnin,51,45,10,0
26,0,20,false,19,down_niche,turkiye,burnin,54,53,15,11
3,6,0,false,19,down_niche,turkiye,burnin,42,53,13,7
5,5,0,false,19,down_niche,turkiye,burnin,45,69,16,8
30,7,1,false,19,down_niche,turkiye,burnin,38,63,15,0
31,5,1,false,19,down_niche,turkiye,burnin,0,0,28,6
28,0,10,false,19,down_niche,turkiye,burnin,20,12,3,48
8,6,1,false,19,down_niche,turkiye,burnin,2,3,4,17
35,6,1,false,19,down_niche,turkiye,burnin,105,98,34,64
25,0,20,false,19,down_niche,turkiye,burnin,106,104,30,68
33,6,1,false,19,down_niche,turkiye,burnin,104,98,19,78
27,0,19,false,19,down_niche,turkiye,burnin,115,75,11,83
21,0,4,false,19,down_niche,turkiye,burnin,99,91,10,85
14,5,0,false,19,down_niche,turkiye,burnin,93,78,3,87
6,6,2,false,19,down_niche,turkiye,burnin,20,25,0,46
1,6,0,false,19,down_niche,turkiye,burnin,82,34,0,22
19,8,1,false,19,down_niche,turkiye,burnin,93,32,0,28
32,5,1,false,19,down_niche,turkiye,burnin,57,14,0,17
16,5,1,false,19,down_niche,turkiye,burnin,79,18,0,17
4,6,3,false,19,down_niche,turkiye,burnin,91,15,0,22
15,6,2,false,19,down_niche,turkiye,burnin,107,9,0,22
11,4,2,false,19,down_niche,turkiye,burnin,101,4,0,22
36,5,1,false,19,down_niche,turkiye,burnin,88,0,0,17
1,3,0,false,19,atn_empiricalbm,turkiye,burnin,3,0,3,0
2,3,0,false,19,atn_empiricalbm,turkiye,burnin,0,3,3,0
4,0,2,false,19,atn_empiricalbm,turkiye,burnin,1,0,0,4
3,0,2,false,19,atn_empiricalbm,turkiye,burnin,1,0,0,4
5,0,2,false,19,atn_empiricalbm,turkiye,burnin,1,0,0,4
9,8,0,false,19,metaweb_empiricalbm,turkiye,burnin,0,0,7,0
6,0,1,false,19,metaweb_empiricalbm,turkiye,burnin,0,0,6,1
1,0,1,false,19,metaweb_empiricalbm,turkiye,burnin,0,0,5,2
8,0,1,false,19,metaweb_empiricalbm,turkiye,burnin,0,0,4,3
7,0,1,false,19,metaweb_empiricalbm,turkiye,burnin,0,0,3,4
2,0,1,false,19,metaweb_empiricalbm,turkiye,burnin,0,0,2,5
4,0,1,false,19,metaweb_empiricalbm,turkiye,burnin,0,0,1,6
3,0,1,false,19,metaweb_empiricalbm,turkiye,burnin,0,0,0,7
5,0,1,false,19,metaweb_empiricalbm,turkiye,burnin,0,0,0,28
17,0,2,false,19,atn,turkiye,burnin,33,0,21,0
20,0,9,false,19,atn,turkiye,burnin,20,5,36,0
7,4,2,false,19,atn,turkiye,burnin,21,12,21,0
2,9,0,false,19,atn,turkiye,burnin,35,3,23,20
23,6,4,false,19,atn,turkiye,burnin,28,12,15,0
12,0,6,false,19,atn,turkiye,burnin,18,10,6,0
18,0,4,false,19,atn,turkiye,burnin,18,9,13,9
13,0,9,false,19,atn,turkiye,burnin,8,17,21,15
9,6,0,false,19,atn,turkiye,burnin,14,26,15,0
24,6,2,false,19,atn,turkiye,burnin,13,14,6,16
10,4,2,false,19,atn,turkiye,burnin,3,3,9,5
22,4,7,false,19,atn,turkiye,burnin,6,9,11,13
3,7,0,false,19,atn,turkiye,burnin,18,18,12,27
5,6,0,false,19,atn,turkiye,burnin,11,10,7,28
8,9,0,false,19,atn,turkiye,burnin,15,6,3,40
25,6,0,false,19,atn,turkiye,burnin,6,0,0,28
21,2,7,false,19,atn,turkiye,burnin,1,0,0,16
14,0,7,false,19,atn,turkiye,burnin,3,3,3,11
6,4,0,false,19,atn,turkiye,burnin,6,9,3,21
1,7,0,false,19,atn,turkiye,burnin,18,18,3,36
19,0,6,false,19,atn,turkiye,burnin,13,14,1,35
16,0,4,false,19,atn,turkiye,burnin,25,12,0,49
4,6,4,false,19,atn,turkiye,burnin,32,6,0,43
15,0,7,false,19,atn,turkiye,burnin,35,4,0,31
11,0,4,false,19,atn,turkiye,burnin,40,0,0,15
17,8,1,true,20,metaweb,turkiye,creation,0,0,0,0
20,8,7,true,20,metaweb,turkiye,creation,0,0,0,0
29,0,27,true,20,metaweb,turkiye,creation,0,0,0,0
34,8,1,true,20,metaweb,turkiye,creation,0,0,0,0
7,8,6,true,20,metaweb,turkiye,creation,0,0,0,0
2,19,3,false,20,metaweb,turkiye,creation,192,0,28,0
23,8,6,false,20,metaweb,turkiye,creation,184,8,28,0
40,8,1,false,20,metaweb,turkiye,creation,176,16,28,0
12,8,7,false,20,metaweb,turkiye,creation,168,24,28,0
18,8,6,false,20,metaweb,turkiye,creation,160,32,28,0
13,8,1,false,20,metaweb,turkiye,creation,152,40,28,0
9,8,6,false,20,metaweb,turkiye,creation,144,48,28,0
24,24,6,false,20,metaweb,turkiye,creation,136,56,28,0
10,8,6,false,20,metaweb,turkiye,creation,128,64,28,0
22,8,1,false,20,metaweb,turkiye,creation,120,72,28,0
26,0,27,false,20,metaweb,turkiye,creation,112,80,28,0
3,19,3,false,20,metaweb,turkiye,creation,104,88,28,0
5,11,7,false,20,metaweb,turkiye,creation,96,96,28,0
30,0,27,false,20,metaweb,turkiye,creation,88,104,28,0
31,0,27,false,20,metaweb,turkiye,creation,80,112,28,0
28,0,27,false,20,metaweb,turkiye,creation,72,120,28,0
38,8,1,false,20,metaweb,turkiye,creation,64,128,28,0
37,8,1,false,20,metaweb,turkiye,creation,0,0,28,0
8,8,0,true,20,metaweb,turkiye,creation,0,0,0,0
35,8,1,true,20,metaweb,turkiye,creation,0,0,0,0
25,24,6,false,20,metaweb,turkiye,creation,164,136,56,119
33,0,27,false,20,metaweb,turkiye,creation,164,136,48,127
41,8,1,false,20,metaweb,turkiye,creation,164,136,40,135
27,0,27,false,20,metaweb,turkiye,creation,164,136,32,143
21,8,7,false,20,metaweb,turkiye,creation,164,136,24,151
39,8,1,false,20,metaweb,turkiye,creation,164,136,16,159
14,8,7,false,20,metaweb,turkiye,creation,164,136,8,167
6,8,0,false,20,metaweb,turkiye,creation,164,136,0,175
1,19,3,false,20,metaweb,turkiye,creation,136,56,0,35
19,8,6,false,20,metaweb,turkiye,creation,144,48,0,35
32,0,27,false,20,metaweb,turkiye,creation,152,40,0,35
16,8,7,false,20,metaweb,turkiye,creation,160,32,0,35
4,16,6,false,20,metaweb,turkiye,creation,168,24,0,35
15,8,1,false,20,metaweb,turkiye,creation,176,16,0,35
11,8,7,false,20,metaweb,turkiye,creation,184,8,0,35
36,8,1,false,20,metaweb,turkiye,creation,192,0,0,35
17,6,0,false,20,down_niche_empiricalbm,turkiye,creation,3,0,18,0
20,5,2,false,20,down_niche_empiricalbm,turkiye,creation,3,0,3,3
29,0,2,false,20,down_niche_empiricalbm,turkiye,creation,2,1,0,5
34,6,1,false,20,down_niche_empiricalbm,turkiye,creation,2,4,6,0
7,3,4,false,20,down_niche_empiricalbm,turkiye,creation,0,5,10,0
2,5,0,false,20,down_niche_empiricalbm,turkiye,creation,31,0,1,0
23,6,0,false,20,down_niche_empiricalbm,turkiye,creation,47,2,3,8
40,3,1,false,20,down_niche_empiricalbm,turkiye,creation,57,4,10,0
12,6,4,false,20,down_niche_empiricalbm,turkiye,creation,84,9,15,0
18,5,3,false,20,down_niche_empiricalbm,turkiye,creation,66,11,10,3
13,7,0,false,20,down_niche_empiricalbm,turkiye,creation,38,10,3,5
9,6,2,false,20,down_niche_empiricalbm,turkiye,creation,71,23,15,8
24,13,2,false,20,down_niche_empiricalbm,turkiye,creation,58,25,21,0
10,5,3,false,20,down_niche_empiricalbm,turkiye,creation,35,16,6,7
22,2,1,false,20,down_niche_empiricalbm,turkiye,creation,43,23,6,4
26,0,13,false,20,down_niche_empiricalbm,turkiye,creation,39,27,6,10
3,2,1,false,20,down_niche_empiricalbm,turkiye,creation,48,45,15,0
5,5,0,false,20,down_niche_empiricalbm,turkiye,creation,34,43,10,3
30,0,17,false,20,down_niche_empiricalbm,turkiye,creation,27,38,6,5
31,0,6,false,20,down_niche_empiricalbm,turkiye,creation,26,44,10,0
28,0,18,false,20,down_niche_empiricalbm,turkiye,creation,12,22,3,9
38,3,0,false,20,down_niche_empiricalbm,turkiye,creation,11,23,1,4
37,5,0,false,20,down_niche_empiricalbm,turkiye,creation,0,0,15,0
8,5,0,true,20,down_niche_empiricalbm,turkiye,creation,0,0,0,0
35,4,1,true,20,down_niche_empiricalbm,turkiye,creation,0,0,0,0
25,12,5,false,20,down_niche_empiricalbm,turkiye,creation,48,30,9,41
33,0,18,false,20,down_niche_empiricalbm,turkiye,creation,81,39,11,49
41,3,1,false,20,down_niche_empiricalbm,turkiye,creation,81,72,17,48
27,0,18,false,20,down_niche_empiricalbm,turkiye,creation,1,0,0,10
21,3,4,false,20,down_niche_empiricalbm,turkiye,creation,64,72,13,43
39,4,1,false,20,down_niche_empiricalbm,turkiye,creation,7,8,3,21
14,4,4,false,20,down_niche_empiricalbm,turkiye,creation,88,65,3,63
6,2,0,false,20,down_niche_empiricalbm,turkiye,creation,70,66,0,63
1,8,1,false,20,down_niche_empiricalbm,turkiye,creation,62,24,0,20
19,4,3,false,20,down_niche_empiricalbm,turkiye,creation,49,17,0,11
32,0,18,false,20,down_niche_empiricalbm,turkiye,creation,67,14,0,15
16,4,5,false,20,down_niche_empiricalbm,turkiye,creation,56,10,0,10
4,4,0,false,20,down_niche_empiricalbm,turkiye,creation,44,5,0,3
15,4,1,false,20,down_niche_empiricalbm,turkiye,creation,56,4,0,11
11,3,1,false,20,down_niche_empiricalbm,turkiye,creation,43,1,0,8
36,5,1,false,20,down_niche_empiricalbm,turkiye,creation,50,0,0,8
17,3,2,false,20,niche,turkiye,creation,47,0,52,0
20,8,2,true,20,niche,turkiye,creation,0,0,0,0
29,1,7,false,20,niche,turkiye,creation,8,0,19,0
34,4,10,false,20,niche,turkiye,creation,2,6,15,0
7,7,0,false,20,niche,turkiye,creation,0,4,1,0
2,5,1,false,20,niche,turkiye,creation,26,4,6,0
23,2,5,false,20,niche,turkiye,creation,10,5,14,0
40,0,3,false,20,niche,turkiye,creation,23,8,6,11
12,5,4,false,20,niche,turkiye,creation,4,6,3,11
18,9,2,false,20,niche,turkiye,creation,8,4,28,10
13,8,4,false,20,niche,turkiye,creation,1,8,21,10
9,3,2,true,20,niche,turkiye,creation,0,0,0,0
24,0,5,false,20,niche,turkiye,creation,7,12,14,12
10,8,3,false,20,niche,turkiye,creation,18,9,3,12
22,2,4,false,20,niche,turkiye,creation,16,15,6,17
26,8,5,false,20,niche,turkiye,creation,10,15,3,13
3,8,1,false,20,niche,turkiye,creation,3,4,1,13
5,3,1,false,20,niche,turkiye,creation,9,25,9,13
30,3,10,false,20,niche,turkiye,creation,1,0,0,13
31,2,8,false,20,niche,turkiye,creation,5,26,6,13
28,2,4,false,20,niche,turkiye,creation,3,24,3,18
38,2,5,false,20,niche,turkiye,creation,6,3,0,23
37,1,11,false,20,niche,turkiye,creation,6,0,0,19
8,6,2,false,20,niche,turkiye,creation,6,0,0,22
35,5,10,false,20,niche,turkiye,creation,3,0,0,17
25,1,5,true,20,niche,turkiye,creation,0,0,0,0
33,0,10,false,20,niche,turkiye,creation,3,0,0,20
41,0,3,false,20,niche,turkiye,creation,7,0,1,16
27,0,4,false,20,niche,turkiye,creation,9,4,0,17
21,6,3,true,20,niche,turkiye,creation,0,0,0,0
39,2,3,false,20,niche,turkiye,creation,20,0,0,24
14,6,4,false,20,niche,turkiye,creation,36,0,0,32
6,7,1,false,20,niche,turkiye,creation,36,0,0,32
1,16,0,false,20,niche,turkiye,creation,36,3,1,32
19,0,2,true,20,niche,turkiye,creation,0,0,0,0
32,1,9,true,20,niche,turkiye,creation,0,0,0,0
16,6,2,true,20,niche,turkiye,creation,0,0,0,0
4,7,1,true,20,niche,turkiye,creation,0,0,0,0
15,9,3,false,20,niche,turkiye,creation,1,2,1,0
11,7,3,false,20,niche,turkiye,creation,2,0,0,3
36,2,11,false,20,niche,turkiye,creation,2,0,0,3
17,6,0,false,20,down_niche,turkiye,creation,3,0,18,0
20,5,2,false,20,down_niche,turkiye,creation,3,0,3,3
29,0,2,false,20,down_niche,turkiye,creation,2,1,0,5
34,6,1,false,20,down_niche,turkiye,creation,2,4,6,0
7,3,4,false,20,down_niche,turkiye,creation,0,5,10,0
2,5,0,false,20,down_niche,turkiye,creation,31,0,1,0
23,6,0,false,20,down_niche,turkiye,creation,47,2,3,8
40,3,1,false,20,down_niche,turkiye,creation,57,4,10,0
12,6,4,false,20,down_niche,turkiye,creation,84,9,15,0
18,5,3,false,20,down_niche,turkiye,creation,66,11,10,3
13,7,0,false,20,down_niche,turkiye,creation,38,10,3,5
9,6,2,false,20,down_niche,turkiye,creation,71,23,15,8
24,13,2,false,20,down_niche,turkiye,creation,58,25,21,0
10,5,3,false,20,down_niche,turkiye,creation,35,16,6,7
22,2,1,false,20,down_niche,turkiye,creation,43,23,6,4
26,0,13,false,20,down_niche,turkiye,creation,39,27,6,10
3,2,1,false,20,down_niche,turkiye,creation,48,45,15,0
5,5,0,false,20,down_niche,turkiye,creation,34,43,10,3
30,0,17,false,20,down_niche,turkiye,creation,27,38,6,5
31,0,6,false,20,down_niche,turkiye,creation,26,44,10,0
28,0,18,false,20,down_niche,turkiye,creation,12,22,3,9
38,3,0,false,20,down_niche,turkiye,creation,11,23,1,4
37,5,0,false,20,down_niche,turkiye,creation,0,0,15,0
8,5,0,true,20,down_niche,turkiye,creation,0,0,0,0
35,4,1,true,20,down_niche,turkiye,creation,0,0,0,0
25,12,5,false,20,down_niche,turkiye,creation,48,30,9,41
33,0,18,false,20,down_niche,turkiye,creation,81,39,11,49
41,3,1,false,20,down_niche,turkiye,creation,81,72,17,48
27,0,18,false,20,down_niche,turkiye,creation,1,0,0,10
21,3,4,false,20,down_niche,turkiye,creation,64,72,13,43
39,4,1,false,20,down_niche,turkiye,creation,7,8,3,21
14,4,4,false,20,down_niche,turkiye,creation,88,65,3,63
6,2,0,false,20,down_niche,turkiye,creation,70,66,0,63
1,8,1,false,20,down_niche,turkiye,creation,62,24,0,20
19,4,3,false,20,down_niche,turkiye,creation,49,17,0,11
32,0,18,false,20,down_niche,turkiye,creation,67,14,0,15
16,4,5,false,20,down_niche,turkiye,creation,56,10,0,10
4,4,0,false,20,down_niche,turkiye,creation,44,5,0,3
15,4,1,false,20,down_niche,turkiye,creation,56,4,0,11
11,3,1,false,20,down_niche,turkiye,creation,43,1,0,8
36,5,1,false,20,down_niche,turkiye,creation,50,0,0,8
17,4,16,false,20,atn_empiricalbm,turkiye,creation,131,0,28,0
20,6,0,false,20,atn_empiricalbm,turkiye,creation,123,8,28,0
29,0,16,false,20,atn_empiricalbm,turkiye,creation,89,12,15,0
34,0,3,false,20,atn_empiricalbm,turkiye,creation,109,22,28,0
7,8,0,false,20,atn_empiricalbm,turkiye,creation,91,26,21,0
2,8,0,false,20,atn_empiricalbm,turkiye,creation,72,29,15,0
23,8,0,false,20,atn_empiricalbm,turkiye,creation,88,43,28,0
40,6,1,false,20,atn_empiricalbm,turkiye,creation,62,41,21,0
12,8,0,false,20,atn_empiricalbm,turkiye,creation,54,47,15,0
18,9,0,false,20,atn_empiricalbm,turkiye,creation,48,53,15,0
13,6,3,false,20,atn_empiricalbm,turkiye,creation,60,30,15,0
9,6,0,false,20,atn_empiricalbm,turkiye,creation,58,73,28,0
24,6,0,false,20,atn_empiricalbm,turkiye,creation,43,18,29,6
10,6,0,false,20,atn_empiricalbm,turkiye,creation,32,40,6,0
22,4,15,false,20,atn_empiricalbm,turkiye,creation,26,22,6,0
26,0,3,false,20,atn_empiricalbm,turkiye,creation,26,46,6,0
3,6,0,false,20,atn_empiricalbm,turkiye,creation,85,63,35,69
5,7,0,false,20,atn_empiricalbm,turkiye,creation,38,65,21,15
30,0,22,false,20,atn_empiricalbm,turkiye,creation,35,68,10,11
31,0,16,false,20,atn_empiricalbm,turkiye,creation,28,62,15,0
28,0,10,false,20,atn_empiricalbm,turkiye,creation,22,68,15,0
38,4,22,false,20,atn_empiricalbm,turkiye,creation,81,52,20,78
37,2,16,false,20,atn_empiricalbm,turkiye,creation,39,92,15,13
8,7,0,false,20,atn_empiricalbm,turkiye,creation,33,68,6,9
35,0,6,false,20,atn_empiricalbm,turkiye,creation,31,70,6,9
25,6,0,false,20,atn_empiricalbm,turkiye,creation,3,0,9,0
33,0,0,false,20,atn_empiricalbm,turkiye,creation,6,9,11,13
41,6,0,false,20,atn_empiricalbm,turkiye,creation,24,21,12,32
27,0,6,false,20,atn_empiricalbm,turkiye,creation,92,28,7,80
21,6,0,false,20,atn_empiricalbm,turkiye,creation,210,21,3,121
39,6,16,false,20,atn_empiricalbm,turkiye,creation,120,0,0,98
14,4,0,false,20,atn_empiricalbm,turkiye,creation,0,0,0,8
6,6,0,false,20,atn_empiricalbm,turkiye,creation,0,0,0,0
1,8,0,false,20,atn_empiricalbm,turkiye,creation,3,0,3,6
19,7,0,false,20,atn_empiricalbm,turkiye,creation,6,9,3,21
32,0,1,false,20,atn_empiricalbm,turkiye,creation,24,21,3,41
16,4,0,false,20,atn_empiricalbm,turkiye,creation,92,32,1,87
4,8,0,false,20,atn_empiricalbm,turkiye,creation,218,27,0,130
15,4,0,false,20,atn_empiricalbm,turkiye,creation,146,6,0,113
11,6,0,false,20,atn_empiricalbm,turkiye,creation,54,4,0,23
36,0,10,false,20,atn_empiricalbm,turkiye,creation,90,0,0,15
17,8,1,true,20,metaweb_empiricalbm,turkiye,creation,0,0,0,0
20,8,7,true,20,metaweb_empiricalbm,turkiye,creation,0,0,0,0
29,0,27,true,20,metaweb_empiricalbm,turkiye,creation,0,0,0,0
34,8,1,true,20,metaweb_empiricalbm,turkiye,creation,0,0,0,0
7,8,6,true,20,metaweb_empiricalbm,turkiye,creation,0,0,0,0
2,19,3,false,20,metaweb_empiricalbm,turkiye,creation,192,0,28,0
23,8,6,false,20,metaweb_empiricalbm,turkiye,creation,184,8,28,0
40,8,1,false,20,metaweb_empiricalbm,turkiye,creation,176,16,28,0
12,8,7,false,20,metaweb_empiricalbm,turkiye,creation,168,24,28,0
18,8,6,false,20,metaweb_empiricalbm,turkiye,creation,160,32,28,0
13,8,1,false,20,metaweb_empiricalbm,turkiye,creation,152,40,28,0
9,8,6,false,20,metaweb_empiricalbm,turkiye,creation,144,48,28,0
24,24,6,false,20,metaweb_empiricalbm,turkiye,creation,136,56,28,0
10,8,6,false,20,metaweb_empiricalbm,turkiye,creation,128,64,28,0
22,8,1,false,20,metaweb_empiricalbm,turkiye,creation,120,72,28,0
26,0,27,false,20,metaweb_empiricalbm,turkiye,creation,112,80,28,0
3,19,3,false,20,metaweb_empiricalbm,turkiye,creation,104,88,28,0
5,11,7,false,20,metaweb_empiricalbm,turkiye,creation,96,96,28,0
30,0,27,false,20,metaweb_empiricalbm,turkiye,creation,88,104,28,0
31,0,27,false,20,metaweb_empiricalbm,turkiye,creation,80,112,28,0
28,0,27,false,20,metaweb_empiricalbm,turkiye,creation,72,120,28,0
38,8,1,false,20,metaweb_empiricalbm,turkiye,creation,64,128,28,0
37,8,1,false,20,metaweb_empiricalbm,turkiye,creation,0,0,28,0
8,8,0,true,20,metaweb_empiricalbm,turkiye,creation,0,0,0,0
35,8,1,true,20,metaweb_empiricalbm,turkiye,creation,0,0,0,0
25,24,6,false,20,metaweb_empiricalbm,turkiye,creation,164,136,56,119
33,0,27,false,20,metaweb_empiricalbm,turkiye,creation,164,136,48,127
41,8,1,false,20,metaweb_empiricalbm,turkiye,creation,164,136,40,135
27,0,27,false,20,metaweb_empiricalbm,turkiye,creation,164,136,32,143
21,8,7,false,20,metaweb_empiricalbm,turkiye,creation,164,136,24,151
39,8,1,false,20,metaweb_empiricalbm,turkiye,creation,164,136,16,159
14,8,7,false,20,metaweb_empiricalbm,turkiye,creation,164,136,8,167
6,8,0,false,20,metaweb_empiricalbm,turkiye,creation,164,136,0,175
1,19,3,false,20,metaweb_empiricalbm,turkiye,creation,136,56,0,35
19,8,6,false,20,metaweb_empiricalbm,turkiye,creation,144,48,0,35
32,0,27,false,20,metaweb_empiricalbm,turkiye,creation,152,40,0,35
16,8,7,false,20,metaweb_empiricalbm,turkiye,creation,160,32,0,35
4,16,6,false,20,metaweb_empiricalbm,turkiye,creation,168,24,0,35
15,8,1,false,20,metaweb_empiricalbm,turkiye,creation,176,16,0,35
11,8,7,false,20,metaweb_empiricalbm,turkiye,creation,184,8,0,35
36,8,1,false,20,metaweb_empiricalbm,turkiye,creation,192,0,0,35
17,4,16,false,20,atn,turkiye,creation,131,0,28,0
20,6,0,false,20,atn,turkiye,creation,123,8,28,0
29,0,16,false,20,atn,turkiye,creation,89,12,15,0
34,0,3,false,20,atn,turkiye,creation,109,22,28,0
7,8,0,false,20,atn,turkiye,creation,91,26,21,0
2,8,0,false,20,atn,turkiye,creation,72,29,15,0
23,8,0,false,20,atn,turkiye,creation,88,43,28,0
40,6,1,false,20,atn,turkiye,creation,62,41,21,0
12,8,0,false,20,atn,turkiye,creation,54,47,15,0
18,9,0,false,20,atn,turkiye,creation,48,53,15,0
13,6,3,false,20,atn,turkiye,creation,60,30,15,0
9,6,0,false,20,atn,turkiye,creation,58,73,28,0
24,6,0,false,20,atn,turkiye,creation,43,18,29,6
10,6,0,false,20,atn,turkiye,creation,32,40,6,0
22,4,15,false,20,atn,turkiye,creation,26,22,6,0
26,0,3,false,20,atn,turkiye,creation,26,46,6,0
3,6,0,false,20,atn,turkiye,creation,85,63,35,69
5,7,0,false,20,atn,turkiye,creation,38,65,21,15
30,0,22,false,20,atn,turkiye,creation,35,68,10,11
31,0,16,false,20,atn,turkiye,creation,28,62,15,0
28,0,10,false,20,atn,turkiye,creation,22,68,15,0
38,4,22,false,20,atn,turkiye,creation,81,52,20,78
37,2,16,false,20,atn,turkiye,creation,39,92,15,13
8,7,0,false,20,atn,turkiye,creation,33,68,6,9
35,0,6,false,20,atn,turkiye,creation,31,70,6,9
25,6,0,false,20,atn,turkiye,creation,3,0,9,0
33,0,0,false,20,atn,turkiye,creation,6,9,11,13
41,6,0,false,20,atn,turkiye,creation,24,21,12,32
27,0,6,false,20,atn,turkiye,creation,92,28,7,80
21,6,0,false,20,atn,turkiye,creation,210,21,3,121
39,6,16,false,20,atn,turkiye,creation,120,0,0,98
14,4,0,false,20,atn,turkiye,creation,0,0,0,8
6,6,0,false,20,atn,turkiye,creation,0,0,0,0
1,8,0,false,20,atn,turkiye,creation,3,0,3,6
19,7,0,false,20,atn,turkiye,creation,6,9,3,21
32,0,1,false,20,atn,turkiye,creation,24,21,3,41
16,4,0,false,20,atn,turkiye,creation,92,32,1,87
4,8,0,false,20,atn,turkiye,creation,218,27,0,130
15,4,0,false,20,atn,turkiye,creation,146,6,0,113
11,6,0,false,20,atn,turkiye,creation,54,4,0,23
36,0,10,false,20,atn,turkiye,creation,90,0,0,15
17,8,0,false,20,metaweb,turkiye,burnin,192,0,28,0
20,0,25,false,20,metaweb,turkiye,burnin,184,8,28,0
29,8,0,false,20,metaweb,turkiye,burnin,176,16,28,0
7,8,0,false,20,metaweb,turkiye,burnin,168,24,28,0
2,8,0,false,20,metaweb,turkiye,burnin,160,32,28,0
23,0,25,false,20,metaweb,turkiye,burnin,152,40,28,0
12,8,0,false,20,metaweb,turkiye,burnin,144,48,28,0
18,0,25,false,20,metaweb,turkiye,burnin,136,56,28,0
13,8,0,false,20,metaweb,turkiye,burnin,128,64,28,0
9,8,0,false,20,metaweb,turkiye,burnin,120,72,28,0
24,0,25,false,20,metaweb,turkiye,burnin,112,80,28,0
10,8,0,false,20,metaweb,turkiye,burnin,104,88,28,0
22,0,25,false,20,metaweb,turkiye,burnin,96,96,28,0
26,8,0,false,20,metaweb,turkiye,burnin,88,104,28,0
3,8,0,false,20,metaweb,turkiye,burnin,80,112,28,0
5,8,0,false,20,metaweb,turkiye,burnin,72,120,28,0
30,8,0,false,20,metaweb,turkiye,burnin,64,128,28,0
31,8,0,false,20,metaweb,turkiye,burnin,164,136,56,119
28,8,0,false,20,metaweb,turkiye,burnin,164,136,48,127
8,8,0,false,20,metaweb,turkiye,burnin,164,136,40,135
25,0,25,false,20,metaweb,turkiye,burnin,164,136,32,143
33,8,0,false,20,metaweb,turkiye,burnin,164,136,24,151
27,8,0,false,20,metaweb,turkiye,burnin,164,136,16,159
21,0,25,false,20,metaweb,turkiye,burnin,164,136,8,167
14,8,0,false,20,metaweb,turkiye,burnin,164,136,0,175
6,8,0,false,20,metaweb,turkiye,burnin,136,56,0,28
1,8,0,false,20,metaweb,turkiye,burnin,144,48,0,28
19,0,25,false,20,metaweb,turkiye,burnin,152,40,0,28
32,8,0,false,20,metaweb,turkiye,burnin,160,32,0,28
16,8,0,false,20,metaweb,turkiye,burnin,168,24,0,28
4,8,0,false,20,metaweb,turkiye,burnin,176,16,0,28
15,8,0,false,20,metaweb,turkiye,burnin,184,8,0,28
11,8,0,false,20,metaweb,turkiye,burnin,192,0,0,28
6,0,1,false,20,down_niche_empiricalbm,turkiye,burnin,0,0,5,0
1,0,1,false,20,down_niche_empiricalbm,turkiye,burnin,0,0,4,1
7,6,0,false,20,down_niche_empiricalbm,turkiye,burnin,0,0,3,2
2,0,1,false,20,down_niche_empiricalbm,turkiye,burnin,0,0,2,3
4,0,1,false,20,down_niche_empiricalbm,turkiye,burnin,0,0,1,4
3,0,1,false,20,down_niche_empiricalbm,turkiye,burnin,0,0,0,5
5,0,1,false,20,down_niche_empiricalbm,turkiye,burnin,0,0,0,15
17,3,5,false,20,niche,turkiye,burnin,10,0,10,0
20,0,3,false,20,niche,turkiye,burnin,4,0,6,0
8,1,2,false,20,niche,turkiye,burnin,0,4,6,0
7,3,2,true,20,niche,turkiye,burnin,0,0,0,0
2,4,1,false,20,niche,turkiye,burnin,1,3,3,0
12,4,3,false,20,niche,turkiye,burnin,4,2,1,0
18,2,2,false,20,niche,turkiye,burnin,3,4,1,6
13,0,3,false,20,niche,turkiye,burnin,1,2,0,6
21,0,3,false,20,niche,turkiye,burnin,1,0,0,6
9,0,2,false,20,niche,turkiye,burnin,1,6,1,6
6,3,1,false,20,niche,turkiye,burnin,1,0,0,6
1,7,0,true,20,niche,turkiye,burnin,0,0,0,0
14,2,4,false,20,niche,turkiye,burnin,1,0,0,6
19,2,2,false,20,niche,turkiye,burnin,7,0,1,6
16,4,5,false,20,niche,turkiye,burnin,6,0,0,7
10,3,2,false,20,niche,turkiye,burnin,6,2,1,7
4,5,1,true,20,niche,turkiye,burnin,0,0,0,0
3,4,1,true,20,niche,turkiye,burnin,0,0,0,0
5,4,1,false,20,niche,turkiye,burnin,0,2,1,0
15,0,5,false,20,niche,turkiye,burnin,2,0,0,3
11,0,3,false,20,niche,turkiye,burnin,2,0,0,3
17,0,10,false,20,down_niche,turkiye,burnin,19,0,1,0
20,5,0,false,20,down_niche,turkiye,burnin,28,2,3,0
7,4,0,false,20,down_niche,turkiye,burnin,29,4,10,0
2,3,0,false,20,down_niche,turkiye,burnin,39,7,21,0
23,3,0,false,20,down_niche,turkiye,burnin,25,8,6,0
12,0,12,false,20,down_niche,turkiye,burnin,30,10,6,0
18,6,0,false,20,down_niche,turkiye,burnin,22,16,6,0
13,0,2,false,20,down_niche,turkiye,burnin,22,18,10,0
9,3,0,false,20,down_niche,turkiye,burnin,10,9,3,0
24,3,0,false,20,down_niche,turkiye,burnin,7,8,6,15
10,0,6,false,20,down_niche,turkiye,burnin,16,12,9,20
22,3,0,false,20,down_niche,turkiye,burnin,30,36,17,24
3,5,0,false,20,down_niche,turkiye,burnin,1,0,0,10
5,4,0,false,20,down_niche,turkiye,burnin,36,42,12,26
8,5,0,false,20,down_niche,turkiye,burnin,7,8,3,21
21,5,0,false,20,down_niche,turkiye,burnin,16,20,3,31
14,0,13,false,20,down_niche,turkiye,burnin,21,24,0,35
6,4,0,false,20,down_niche,turkiye,burnin,31,21,0,15
1,2,0,false,20,down_niche,turkiye,burnin,25,15,0,6
19,4,0,false,20,down_niche,turkiye,burnin,36,11,0,10
16,0,9,false,20,down_niche,turkiye,burnin,34,8,0,10
4,7,0,false,20,down_niche,turkiye,burnin,28,4,0,3
15,0,6,false,20,down_niche,turkiye,burnin,25,1,0,3
11,0,8,false,20,down_niche,turkiye,burnin,31,0,0,3
9,0,7,false,20,atn_empiricalbm,turkiye,burnin,12,0,1,0
6,2,0,false,20,atn_empiricalbm,turkiye,burnin,10,2,1,0
1,2,0,false,20,atn_empiricalbm,turkiye,burnin,8,4,1,0
8,0,7,false,20,atn_empiricalbm,turkiye,burnin,6,6,1,0
7,2,0,false,20,atn_empiricalbm,turkiye,burnin,4,8,3,0
2,2,0,false,20,atn_empiricalbm,turkiye,burnin,2,10,1,0
10,0,1,false,20,atn_empiricalbm,turkiye,burnin,0,12,1,0
4,2,0,false,20,atn_empiricalbm,turkiye,burnin,21,0,0,8
3,2,0,false,20,atn_empiricalbm,turkiye,burnin,21,0,0,8
5,3,0,false,20,atn_empiricalbm,turkiye,burnin,0,0,0,2
9,8,0,false,20,metaweb_empiricalbm,turkiye,burnin,0,0,7,0
6,0,1,false,20,metaweb_empiricalbm,turkiye,burnin,0,0,6,1
1,0,1,false,20,metaweb_empiricalbm,turkiye,burnin,0,0,5,2
8,0,1,false,20,metaweb_empiricalbm,turkiye,burnin,0,0,4,3
7,0,1,false,20,metaweb_empiricalbm,turkiye,burnin,0,0,3,4
2,0,1,false,20,metaweb_empiricalbm,turkiye,burnin,0,0,2,5
4,0,1,false,20,metaweb_empiricalbm,turkiye,burnin,0,0,1,6
3,0,1,false,20,metaweb_empiricalbm,turkiye,burnin,0,0,0,7
5,0,1,false,20,metaweb_empiricalbm,turkiye,burnin,0,0,0,28
17,0,6,false,20,atn,turkiye,burnin,49,0,15,0
20,0,12,false,20,atn,turkiye,burnin,52,5,21,0
29,6,1,false,20,atn,turkiye,burnin,38,11,15,0
7,6,1,false,20,atn,turkiye,burnin,32,17,15,0
2,7,0,false,20,atn,turkiye,burnin,26,23,15,0
23,0,3,false,20,atn,turkiye,burnin,42,12,15,0
12,6,0,false,20,atn,turkiye,burnin,36,6,23,0
18,0,10,false,20,atn,turkiye,burnin,22,10,6,0
13,4,7,false,20,atn,turkiye,burnin,33,23,23,27
9,4,8,false,20,atn,turkiye,burnin,21,28,21,15
24,0,6,false,20,atn,turkiye,burnin,24,30,15,0
10,9,0,false,20,atn,turkiye,burnin,18,36,15,0
22,0,1,false,20,atn,turkiye,burnin,23,26,14,30
26,2,8,false,20,atn,turkiye,burnin,17,32,6,9
3,6,0,false,20,atn,turkiye,burnin,15,34,6,9
5,6,0,false,20,atn,turkiye,burnin,3,0,9,0
30,6,0,false,20,atn,turkiye,burnin,6,9,11,13
28,6,8,false,20,atn,turkiye,burnin,24,21,12,32
8,4,0,false,20,atn,turkiye,burnin,16,12,7,32
25,0,10,false,20,atn,turkiye,burnin,55,11,3,61
27,4,12,false,20,atn,turkiye,burnin,28,0,0,44
21,0,8,false,20,atn,turkiye,burnin,0,0,0,8
14,6,0,false,20,atn,turkiye,burnin,3,0,3,6
6,6,0,false,20,atn,turkiye,burnin,6,9,3,21
1,6,0,false,20,atn,turkiye,burnin,24,21,3,41
19,0,8,false,20,atn,turkiye,burnin,16,16,1,39
16,0,3,false,20,atn,turkiye,burnin,63,17,0,70
4,6,0,false,20,atn,turkiye,burnin,54,6,0,59
15,6,0,false,20,atn,turkiye,burnin,38,4,0,23
11,6,0,false,20,atn,turkiye,burnin,54,0,0,15
17,8,1,true,21,metaweb,turkiye,creation,0,0,0,0
20,8,7,true,21,metaweb,turkiye,creation,0,0,0,0
29,0,27,true,21,metaweb,turkiye,creation,0,0,0,0
34,8,1,true,21,metaweb,turkiye,creation,0,0,0,0
7,8,6,true,21,metaweb,turkiye,creation,0,0,0,0
2,19,3,false,21,metaweb,turkiye,creation,192,0,28,0
23,8,6,false,21,metaweb,turkiye,creation,184,8,28,0
40,8,1,false,21,metaweb,turkiye,creation,176,16,28,0
12,8,7,false,21,metaweb,turkiye,creation,168,24,28,0
18,8,6,false,21,metaweb,turkiye,creation,160,32,28,0
13,8,1,false,21,metaweb,turkiye,creation,152,40,28,0
9,8,6,false,21,metaweb,turkiye,creation,144,48,28,0
24,24,6,false,21,metaweb,turkiye,creation,136,56,28,0
10,8,6,false,21,metaweb,turkiye,creation,128,64,28,0
22,8,1,false,21,metaweb,turkiye,creation,120,72,28,0
26,0,27,false,21,metaweb,turkiye,creation,112,80,28,0
3,19,3,false,21,metaweb,turkiye,creation,104,88,28,0
5,11,7,false,21,metaweb,turkiye,creation,96,96,28,0
30,0,27,false,21,metaweb,turkiye,creation,88,104,28,0
31,0,27,false,21,metaweb,turkiye,creation,80,112,28,0
28,0,27,false,21,metaweb,turkiye,creation,72,120,28,0
38,8,1,false,21,metaweb,turkiye,creation,64,128,28,0
37,8,1,false,21,metaweb,turkiye,creation,0,0,28,0
8,8,0,true,21,metaweb,turkiye,creation,0,0,0,0
35,8,1,true,21,metaweb,turkiye,creation,0,0,0,0
25,24,6,false,21,metaweb,turkiye,creation,164,136,56,119
33,0,27,false,21,metaweb,turkiye,creation,164,136,48,127
41,8,1,false,21,metaweb,turkiye,creation,164,136,40,135
27,0,27,false,21,metaweb,turkiye,creation,164,136,32,143
21,8,7,false,21,metaweb,turkiye,creation,164,136,24,151
39,8,1,false,21,metaweb,turkiye,creation,164,136,16,159
14,8,7,false,21,metaweb,turkiye,creation,164,136,8,167
6,8,0,false,21,metaweb,turkiye,creation,164,136,0,175
1,19,3,false,21,metaweb,turkiye,creation,136,56,0,35
19,8,6,false,21,metaweb,turkiye,creation,144,48,0,35
32,0,27,false,21,metaweb,turkiye,creation,152,40,0,35
16,8,7,false,21,metaweb,turkiye,creation,160,32,0,35
4,16,6,false,21,metaweb,turkiye,creation,168,24,0,35
15,8,1,false,21,metaweb,turkiye,creation,176,16,0,35
11,8,7,false,21,metaweb,turkiye,creation,184,8,0,35
36,8,1,false,21,metaweb,turkiye,creation,192,0,0,35
17,3,0,false,21,down_niche_empiricalbm,turkiye,creation,1,0,1,0
20,3,1,false,21,down_niche_empiricalbm,turkiye,creation,0,1,1,0
29,0,14,false,21,down_niche_empiricalbm,turkiye,creation,0,0,1,0
34,4,0,false,21,down_niche_empiricalbm,turkiye,creation,1,0,1,0
7,2,1,false,21,down_niche_empiricalbm,turkiye,creation,2,0,3,1
2,2,0,false,21,down_niche_empiricalbm,turkiye,creation,2,0,0,0
23,3,0,false,21,down_niche_empiricalbm,turkiye,creation,17,0,3,0
40,2,0,false,21,down_niche_empiricalbm,turkiye,creation,13,1,0,0
12,4,1,false,21,down_niche_empiricalbm,turkiye,creation,39,3,4,2
18,3,0,false,21,down_niche_empiricalbm,turkiye,creation,29,1,1,2
13,5,1,false,21,down_niche_empiricalbm,turkiye,creation,49,7,6,0
9,3,2,false,21,down_niche_empiricalbm,turkiye,creation,45,11,7,0
24,2,1,false,21,down_niche_empiricalbm,turkiye,creation,35,12,10,2
10,2,2,false,21,down_niche_empiricalbm,turkiye,creation,27,14,3,1
22,2,0,false,21,down_niche_empiricalbm,turkiye,creation,27,16,3,2
26,0,3,false,21,down_niche_empiricalbm,turkiye,creation,23,21,3,5
3,2,0,false,21,down_niche_empiricalbm,turkiye,creation,22,21,3,0
5,3,1,false,21,down_niche_empiricalbm,turkiye,creation,21,21,3,0
30,0,1,false,21,down_niche_empiricalbm,turkiye,creation,0,0,0,1
31,0,15,false,21,down_niche_empiricalbm,turkiye,creation,18,24,3,1
28,0,4,false,21,down_niche_empiricalbm,turkiye,creation,20,36,6,0
38,2,0,false,21,down_niche_empiricalbm,turkiye,creation,5,11,1,0
37,3,1,false,21,down_niche_empiricalbm,turkiye,creation,0,0,3,0
8,1,0,false,21,down_niche_empiricalbm,turkiye,creation,1,1,0,2
35,3,0,false,21,down_niche_empiricalbm,turkiye,creation,3,0,0,3
25,3,0,false,21,down_niche_empiricalbm,turkiye,creation,1,2,1,4
33,0,0,false,21,down_niche_empiricalbm,turkiye,creation,55,50,9,25
41,2,1,false,21,down_niche_empiricalbm,turkiye,creation,3,3,1,7
27,0,15,false,21,down_niche_empiricalbm,turkiye,creation,51,40,5,26
21,4,0,false,21,down_niche_empiricalbm,turkiye,creation,0,0,0,0
39,3,1,false,21,down_niche_empiricalbm,turkiye,creation,69,36,3,27
14,3,1,false,21,down_niche_empiricalbm,turkiye,creation,57,63,0,34
6,1,0,false,21,down_niche_empiricalbm,turkiye,creation,0,0,0,0
1,2,0,false,21,down_niche_empiricalbm,turkiye,creation,41,15,0,6
19,1,1,false,21,down_niche_empiricalbm,turkiye,creation,32,10,0,3
32,0,16,false,21,down_niche_empiricalbm,turkiye,creation,24,5,0,1
16,3,3,false,21,down_niche_empiricalbm,turkiye,creation,27,5,0,5
4,2,0,false,21,down_niche_empiricalbm,turkiye,creation,15,1,0,1
15,3,1,false,21,down_niche_empiricalbm,turkiye,creation,41,2,0,5
11,4,0,false,21,down_niche_empiricalbm,turkiye,creation,26,2,0,1
36,2,0,false,21,down_niche_empiricalbm,turkiye,creation,28,0,0,3
17,8,2,false,21,niche,turkiye,creation,3,0,0,0
20,6,6,false,21,niche,turkiye,creation,2,1,0,0
29,4,5,false,21,niche,turkiye,creation,5,0,1,0
34,1,3,false,21,niche,turkiye,creation,0,0,70,0
7,0,1,false,21,niche,turkiye,creation,9,0,9,0
2,1,0,false,21,niche,turkiye,creation,2,1,0,0
23,4,1,false,21,niche,turkiye,creation,0,0,0,12
40,0,3,false,21,niche,turkiye,creation,1,0,0,12
12,5,1,false,21,niche,turkiye,creation,6,0,1,10
18,2,2,false,21,niche,turkiye,creation,3,0,0,12
13,6,2,false,21,niche,turkiye,creation,4,4,14,10
9,2,1,false,21,niche,turkiye,creation,10,2,9,12
24,0,4,false,21,niche,turkiye,creation,3,5,10,12
10,1,1,false,21,niche,turkiye,creation,2,1,0,12
22,1,1,false,21,niche,turkiye,creation,2,4,1,10
26,3,2,false,21,niche,turkiye,creation,0,0,0,12
3,2,0,true,21,niche,turkiye,creation,0,0,0,0
5,5,0,false,21,niche,turkiye,creation,0,6,1,10
30,2,3,false,21,niche,turkiye,creation,7,0,0,16
31,2,3,false,21,niche,turkiye,creation,12,9,14,16
28,3,3,false,21,niche,turkiye,creation,1,2,0,5
38,0,5,false,21,niche,turkiye,creation,0,0,0,5
37,0,3,false,21,niche,turkiye,creation,0,8,5,4
8,2,1,false,21,niche,turkiye,creation,5,0,0,7
35,1,4,false,21,niche,turkiye,creation,6,5,1,3
25,2,4,false,21,niche,turkiye,creation,1,4,1,2
33,1,4,false,21,niche,turkiye,creation,5,0,0,8
41,0,1,false,21,niche,turkiye,creation,8,2,3,6
27,0,4,true,21,niche,turkiye,creation,0,0,0,0
21,1,1,false,21,niche,turkiye,creation,2,2,1,4
39,0,2,false,21,niche,turkiye,creation,2,5,1,8
14,1,2,false,21,niche,turkiye,creation,1,2,0,7
6,1,0,false,21,niche,turkiye,creation,5,0,0,8
1,1,0,false,21,niche,turkiye,creation,3,2,0,11
19,1,6,false,21,niche,turkiye,creation,6,2,0,14
32,1,3,false,21,niche,turkiye,creation,3,0,0,10
16,0,2,false,21,niche,turkiye,creation,3,0,0,10
4,14,0,false,21,niche,turkiye,creation,8,0,0,10
15,2,2,false,21,niche,turkiye,creation,1,0,0,3
11,6,1,false,21,niche,turkiye,creation,3,0,0,3
36,0,3,false,21,niche,turkiye,creation,0,0,0,0
17,3,0,false,21,down_niche,turkiye,creation,1,0,1,0
20,3,1,false,21,down_niche,turkiye,creation,0,1,1,0
29,0,14,false,21,down_niche,turkiye,creation,0,0,1,0
34,4,0,false,21,down_niche,turkiye,creation,1,0,1,0
7,2,1,false,21,down_niche,turkiye,creation,2,0,3,1
2,2,0,false,21,down_niche,turkiye,creation,2,0,0,0
23,3,0,false,21,down_niche,turkiye,creation,17,0,3,0
40,2,0,false,21,down_niche,turkiye,creation,13,1,0,0
12,4,1,false,21,down_niche,turkiye,creation,39,3,4,2
18,3,0,false,21,down_niche,turkiye,creation,29,1,1,2
13,5,1,false,21,down_niche,turkiye,creation,49,7,6,0
9,3,2,false,21,down_niche,turkiye,creation,45,11,7,0
24,2,1,false,21,down_niche,turkiye,creation,35,12,10,2
10,2,2,false,21,down_niche,turkiye,creation,27,14,3,1
22,2,0,false,21,down_niche,turkiye,creation,27,16,3,2
26,0,3,false,21,down_niche,turkiye,creation,23,21,3,5
3,2,0,false,21,down_niche,turkiye,creation,22,21,3,0
5,3,1,false,21,down_niche,turkiye,creation,21,21,3,0
30,0,1,false,21,down_niche,turkiye,creation,0,0,0,1
31,0,15,false,21,down_niche,turkiye,creation,18,24,3,1
28,0,4,false,21,down_niche,turkiye,creation,20,36,6,0
38,2,0,false,21,down_niche,turkiye,creation,5,11,1,0
37,3,1,false,21,down_niche,turkiye,creation,0,0,3,0
8,1,0,false,21,down_niche,turkiye,creation,1,1,0,2
35,3,0,false,21,down_niche,turkiye,creation,3,0,0,3
25,3,0,false,21,down_niche,turkiye,creation,1,2,1,4
33,0,0,false,21,down_niche,turkiye,creation,55,50,9,25
41,2,1,false,21,down_niche,turkiye,creation,3,3,1,7
27,0,15,false,21,down_niche,turkiye,creation,51,40,5,26
21,4,0,false,21,down_niche,turkiye,creation,0,0,0,0
39,3,1,false,21,down_niche,turkiye,creation,69,36,3,27
14,3,1,false,21,down_niche,turkiye,creation,57,63,0,34
6,1,0,false,21,down_niche,turkiye,creation,0,0,0,0
1,2,0,false,21,down_niche,turkiye,creation,41,15,0,6
19,1,1,false,21,down_niche,turkiye,creation,32,10,0,3
32,0,16,false,21,down_niche,turkiye,creation,24,5,0,1
16,3,3,false,21,down_niche,turkiye,creation,27,5,0,5
4,2,0,false,21,down_niche,turkiye,creation,15,1,0,1
15,3,1,false,21,down_niche,turkiye,creation,41,2,0,5
11,4,0,false,21,down_niche,turkiye,creation,26,2,0,1
36,2,0,false,21,down_niche,turkiye,creation,28,0,0,3
17,4,22,false,21,atn_empiricalbm,turkiye,creation,102,0,28,0
20,5,0,false,21,atn_empiricalbm,turkiye,creation,126,5,21,0
29,0,16,false,21,atn_empiricalbm,turkiye,creation,91,10,10,0
34,0,4,false,21,atn_empiricalbm,turkiye,creation,114,17,21,0
7,7,0,false,21,atn_empiricalbm,turkiye,creation,81,16,10,0
2,7,0,false,21,atn_empiricalbm,turkiye,creation,78,23,10,0
23,5,0,false,21,atn_empiricalbm,turkiye,creation,97,34,21,0
40,6,1,false,21,atn_empiricalbm,turkiye,creation,68,33,10,0
12,7,0,false,21,atn_empiricalbm,turkiye,creation,63,38,10,0
18,5,0,false,21,atn_empiricalbm,turkiye,creation,58,44,15,0
13,6,2,false,21,atn_empiricalbm,turkiye,creation,75,56,21,0
9,5,0,false,21,atn_empiricalbm,turkiye,creation,68,63,21,0
24,7,0,false,21,atn_empiricalbm,turkiye,creation,39,12,15,12
10,6,0,false,21,atn_empiricalbm,turkiye,creation,59,72,21,0
22,6,0,false,21,atn_empiricalbm,turkiye,creation,44,44,15,0
26,0,4,false,21,atn_empiricalbm,turkiye,creation,48,83,21,0
3,5,0,false,21,atn_empiricalbm,turkiye,creation,131,114,44,74
5,5,0,false,21,atn_empiricalbm,turkiye,creation,38,63,6,4
30,0,24,false,21,atn_empiricalbm,turkiye,creation,35,66,6,4
31,0,18,false,21,atn_empiricalbm,turkiye,creation,38,59,6,4
28,0,7,false,21,atn_empiricalbm,turkiye,creation,43,66,15,6
38,4,24,false,21,atn_empiricalbm,turkiye,creation,20,68,15,0
37,2,16,false,21,atn_empiricalbm,turkiye,creation,28,73,6,4
8,5,0,false,21,atn_empiricalbm,turkiye,creation,29,102,15,6
35,0,5,false,21,atn_empiricalbm,turkiye,creation,22,79,6,4
25,5,0,false,21,atn_empiricalbm,turkiye,creation,3,3,9,3
33,0,0,false,21,atn_empiricalbm,turkiye,creation,4,6,11,10
41,7,0,false,21,atn_empiricalbm,turkiye,creation,9,12,12,25
27,0,5,false,21,atn_empiricalbm,turkiye,creation,92,28,7,81
21,7,0,false,21,atn_empiricalbm,turkiye,creation,253,23,3,119
39,6,18,false,21,atn_empiricalbm,turkiye,creation,153,0,0,92
14,7,0,false,21,atn_empiricalbm,turkiye,creation,0,0,0,7
6,5,0,false,21,atn_empiricalbm,turkiye,creation,0,0,0,0
1,8,0,false,21,atn_empiricalbm,turkiye,creation,3,3,3,9
19,5,0,false,21,atn_empiricalbm,turkiye,creation,4,6,3,18
32,0,1,false,21,atn_empiricalbm,turkiye,creation,9,12,3,34
16,7,0,false,21,atn_empiricalbm,turkiye,creation,94,32,1,88
4,7,0,false,21,atn_empiricalbm,turkiye,creation,261,29,0,128
15,6,0,false,21,atn_empiricalbm,turkiye,creation,173,6,0,107
11,7,0,false,21,atn_empiricalbm,turkiye,creation,46,4,0,22
36,0,7,false,21,atn_empiricalbm,turkiye,creation,109,0,0,21
17,8,1,true,21,metaweb_empiricalbm,turkiye,creation,0,0,0,0
20,8,7,true,21,metaweb_empiricalbm,turkiye,creation,0,0,0,0
29,0,27,true,21,metaweb_empiricalbm,turkiye,creation,0,0,0,0
34,8,1,true,21,metaweb_empiricalbm,turkiye,creation,0,0,0,0
7,8,6,true,21,metaweb_empiricalbm,turkiye,creation,0,0,0,0
2,19,3,false,21,metaweb_empiricalbm,turkiye,creation,192,0,28,0
23,8,6,false,21,metaweb_empiricalbm,turkiye,creation,184,8,28,0
40,8,1,false,21,metaweb_empiricalbm,turkiye,creation,176,16,28,0
12,8,7,false,21,metaweb_empiricalbm,turkiye,creation,168,24,28,0
18,8,6,false,21,metaweb_empiricalbm,turkiye,creation,160,32,28,0
13,8,1,false,21,metaweb_empiricalbm,turkiye,creation,152,40,28,0
9,8,6,false,21,metaweb_empiricalbm,turkiye,creation,144,48,28,0
24,24,6,false,21,metaweb_empiricalbm,turkiye,creation,136,56,28,0
10,8,6,false,21,metaweb_empiricalbm,turkiye,creation,128,64,28,0
22,8,1,false,21,metaweb_empiricalbm,turkiye,creation,120,72,28,0
26,0,27,false,21,metaweb_empiricalbm,turkiye,creation,112,80,28,0
3,19,3,false,21,metaweb_empiricalbm,turkiye,creation,104,88,28,0
5,11,7,false,21,metaweb_empiricalbm,turkiye,creation,96,96,28,0
30,0,27,false,21,metaweb_empiricalbm,turkiye,creation,88,104,28,0
31,0,27,false,21,metaweb_empiricalbm,turkiye,creation,80,112,28,0
28,0,27,false,21,metaweb_empiricalbm,turkiye,creation,72,120,28,0
38,8,1,false,21,metaweb_empiricalbm,turkiye,creation,64,128,28,0
37,8,1,false,21,metaweb_empiricalbm,turkiye,creation,0,0,28,0
8,8,0,true,21,metaweb_empiricalbm,turkiye,creation,0,0,0,0
35,8,1,true,21,metaweb_empiricalbm,turkiye,creation,0,0,0,0
25,24,6,false,21,metaweb_empiricalbm,turkiye,creation,164,136,56,119
33,0,27,false,21,metaweb_empiricalbm,turkiye,creation,164,136,48,127
41,8,1,false,21,metaweb_empiricalbm,turkiye,creation,164,136,40,135
27,0,27,false,21,metaweb_empiricalbm,turkiye,creation,164,136,32,143
21,8,7,false,21,metaweb_empiricalbm,turkiye,creation,164,136,24,151
39,8,1,false,21,metaweb_empiricalbm,turkiye,creation,164,136,16,159
14,8,7,false,21,metaweb_empiricalbm,turkiye,creation,164,136,8,167
6,8,0,false,21,metaweb_empiricalbm,turkiye,creation,164,136,0,175
1,19,3,false,21,metaweb_empiricalbm,turkiye,creation,136,56,0,35
19,8,6,false,21,metaweb_empiricalbm,turkiye,creation,144,48,0,35
32,0,27,false,21,metaweb_empiricalbm,turkiye,creation,152,40,0,35
16,8,7,false,21,metaweb_empiricalbm,turkiye,creation,160,32,0,35
4,16,6,false,21,metaweb_empiricalbm,turkiye,creation,168,24,0,35
15,8,1,false,21,metaweb_empiricalbm,turkiye,creation,176,16,0,35
11,8,7,false,21,metaweb_empiricalbm,turkiye,creation,184,8,0,35
36,8,1,false,21,metaweb_empiricalbm,turkiye,creation,192,0,0,35
17,4,22,false,21,atn,turkiye,creation,102,0,28,0
20,5,0,false,21,atn,turkiye,creation,126,5,21,0
29,0,16,false,21,atn,turkiye,creation,91,10,10,0
34,0,4,false,21,atn,turkiye,creation,114,17,21,0
7,7,0,false,21,atn,turkiye,creation,81,16,10,0
2,7,0,false,21,atn,turkiye,creation,78,23,10,0
23,5,0,false,21,atn,turkiye,creation,97,34,21,0
40,6,1,false,21,atn,turkiye,creation,68,33,10,0
12,7,0,false,21,atn,turkiye,creation,63,38,10,0
18,5,0,false,21,atn,turkiye,creation,58,44,15,0
13,6,2,false,21,atn,turkiye,creation,75,56,21,0
9,5,0,false,21,atn,turkiye,creation,68,63,21,0
24,7,0,false,21,atn,turkiye,creation,39,12,15,12
10,6,0,false,21,atn,turkiye,creation,59,72,21,0
22,6,0,false,21,atn,turkiye,creation,44,44,15,0
26,0,4,false,21,atn,turkiye,creation,48,83,21,0
3,5,0,false,21,atn,turkiye,creation,131,114,44,74
5,5,0,false,21,atn,turkiye,creation,38,63,6,4
30,0,24,false,21,atn,turkiye,creation,35,66,6,4
31,0,18,false,21,atn,turkiye,creation,38,59,6,4
28,0,7,false,21,atn,turkiye,creation,43,66,15,6
38,4,24,false,21,atn,turkiye,creation,20,68,15,0
37,2,16,false,21,atn,turkiye,creation,28,73,6,4
8,5,0,false,21,atn,turkiye,creation,29,102,15,6
35,0,5,false,21,atn,turkiye,creation,22,79,6,4
25,5,0,false,21,atn,turkiye,creation,3,3,9,3
33,0,0,false,21,atn,turkiye,creation,4,6,11,10
41,7,0,false,21,atn,turkiye,creation,9,12,12,25
27,0,5,false,21,atn,turkiye,creation,92,28,7,81
21,7,0,false,21,atn,turkiye,creation,253,23,3,119
39,6,18,false,21,atn,turkiye,creation,153,0,0,92
14,7,0,false,21,atn,turkiye,creation,0,0,0,7
6,5,0,false,21,atn,turkiye,creation,0,0,0,0
1,8,0,false,21,atn,turkiye,creation,3,3,3,9
19,5,0,false,21,atn,turkiye,creation,4,6,3,18
32,0,1,false,21,atn,turkiye,creation,9,12,3,34
16,7,0,false,21,atn,turkiye,creation,94,32,1,88
4,7,0,false,21,atn,turkiye,creation,261,29,0,128
15,6,0,false,21,atn,turkiye,creation,173,6,0,107
11,7,0,false,21,atn,turkiye,creation,46,4,0,22
36,0,7,false,21,atn,turkiye,creation,109,0,0,21
17,8,0,false,21,metaweb,turkiye,burnin,192,0,28,0
20,0,25,false,21,metaweb,turkiye,burnin,184,8,28,0
29,8,0,false,21,metaweb,turkiye,burnin,176,16,28,0
7,8,0,false,21,metaweb,turkiye,burnin,168,24,28,0
2,8,0,false,21,metaweb,turkiye,burnin,160,32,28,0
23,0,25,false,21,metaweb,turkiye,burnin,152,40,28,0
12,8,0,false,21,metaweb,turkiye,burnin,144,48,28,0
18,0,25,false,21,metaweb,turkiye,burnin,136,56,28,0
13,8,0,false,21,metaweb,turkiye,burnin,128,64,28,0
9,8,0,false,21,metaweb,turkiye,burnin,120,72,28,0
24,0,25,false,21,metaweb,turkiye,burnin,112,80,28,0
10,8,0,false,21,metaweb,turkiye,burnin,104,88,28,0
22,0,25,false,21,metaweb,turkiye,burnin,96,96,28,0
26,8,0,false,21,metaweb,turkiye,burnin,88,104,28,0
3,8,0,false,21,metaweb,turkiye,burnin,80,112,28,0
5,8,0,false,21,metaweb,turkiye,burnin,72,120,28,0
30,8,0,false,21,metaweb,turkiye,burnin,64,128,28,0
31,8,0,false,21,metaweb,turkiye,burnin,164,136,56,119
28,8,0,false,21,metaweb,turkiye,burnin,164,136,48,127
8,8,0,false,21,metaweb,turkiye,burnin,164,136,40,135
25,0,25,false,21,metaweb,turkiye,burnin,164,136,32,143
33,8,0,false,21,metaweb,turkiye,burnin,164,136,24,151
27,8,0,false,21,metaweb,turkiye,burnin,164,136,16,159
21,0,25,false,21,metaweb,turkiye,burnin,164,136,8,167
14,8,0,false,21,metaweb,turkiye,burnin,164,136,0,175
6,8,0,false,21,metaweb,turkiye,burnin,136,56,0,28
1,8,0,false,21,metaweb,turkiye,burnin,144,48,0,28
19,0,25,false,21,metaweb,turkiye,burnin,152,40,0,28
32,8,0,false,21,metaweb,turkiye,burnin,160,32,0,28
16,8,0,false,21,metaweb,turkiye,burnin,168,24,0,28
4,8,0,false,21,metaweb,turkiye,burnin,176,16,0,28
15,8,0,false,21,metaweb,turkiye,burnin,184,8,0,28
11,8,0,false,21,metaweb,turkiye,burnin,192,0,0,28
9,3,0,false,21,down_niche_empiricalbm,turkiye,burnin,0,0,0,0
6,0,1,false,21,down_niche_empiricalbm,turkiye,burnin,1,0,5,0
1,1,0,false,21,down_niche_empiricalbm,turkiye,burnin,0,0,1,1
8,4,0,false,21,down_niche_empiricalbm,turkiye,burnin,0,0,2,1
7,0,2,false,21,down_niche_empiricalbm,turkiye,burnin,0,0,0,0
2,0,2,false,21,down_niche_empiricalbm,turkiye,burnin,0,0,1,2
4,0,1,false,21,down_niche_empiricalbm,turkiye,burnin,1,0,0,5
3,0,1,false,21,down_niche_empiricalbm,turkiye,burnin,0,2,0,6
5,0,1,false,21,down_niche_empiricalbm,turkiye,burnin,2,0,0,3
17,6,4,false,21,niche,turkiye,burnin,1,0,0,0
20,0,2,false,21,niche,turkiye,burnin,0,1,0,0
29,1,4,false,21,niche,turkiye,burnin,4,0,1,0
34,0,5,false,21,niche,turkiye,burnin,0,0,52,0
7,0,1,false,21,niche,turkiye,burnin,9,0,9,0
2,1,0,false,21,niche,turkiye,burnin,2,1,0,0
23,0,3,false,21,niche,turkiye,burnin,0,0,0,10
12,6,1,false,21,niche,turkiye,burnin,1,0,0,10
18,1,0,false,21,niche,turkiye,burnin,2,0,0,9
13,1,1,false,21,niche,turkiye,burnin,2,0,0,10
9,1,1,false,21,niche,turkiye,burnin,10,2,9,10
24,3,3,false,21,niche,turkiye,burnin,2,5,10,10
10,1,1,false,21,niche,turkiye,burnin,1,1,0,10
22,3,0,false,21,niche,turkiye,burnin,1,1,0,9
26,2,3,false,21,niche,turkiye,burnin,0,0,0,10
3,2,0,false,21,niche,turkiye,burnin,0,2,0,9
5,5,0,false,21,niche,turkiye,burnin,9,9,14,7
30,1,3,false,21,niche,turkiye,burnin,0,2,0,0
31,1,4,false,21,niche,turkiye,burnin,0,0,0,0
28,1,3,false,21,niche,turkiye,burnin,1,0,0,0
37,0,1,false,21,niche,turkiye,burnin,3,5,1,0
8,2,1,false,21,niche,turkiye,burnin,0,4,1,0
35,0,2,false,21,niche,turkiye,burnin,3,0,0,6
25,4,5,false,21,niche,turkiye,burnin,8,2,3,6
33,0,3,true,21,niche,turkiye,burnin,0,0,0,0
27,2,3,false,21,niche,turkiye,burnin,2,2,1,4
21,2,3,false,21,niche,turkiye,burnin,2,5,1,8
14,1,1,false,21,niche,turkiye,burnin,1,2,0,7
6,1,0,false,21,niche,turkiye,burnin,5,0,0,8
1,1,0,false,21,niche,turkiye,burnin,3,2,0,11
19,1,0,false,21,niche,turkiye,burnin,6,2,0,14
32,0,3,false,21,niche,turkiye,burnin,3,0,0,10
16,1,1,false,21,niche,turkiye,burnin,3,0,0,10
4,11,0,false,21,niche,turkiye,burnin,8,0,0,10
15,0,1,false,21,niche,turkiye,burnin,1,0,0,3
11,5,1,false,21,niche,turkiye,burnin,3,0,0,3
36,0,3,false,21,niche,turkiye,burnin,0,0,0,0
17,4,0,false,21,down_niche,turkiye,burnin,0,0,1,0
20,0,15,false,21,down_niche,turkiye,burnin,2,0,0,0
29,3,0,false,21,down_niche,turkiye,burnin,17,0,1,0
7,4,0,false,21,down_niche,turkiye,burnin,13,1,0,0
2,1,0,false,21,down_niche,turkiye,burnin,39,2,3,0
23,0,1,false,21,down_niche,turkiye,burnin,28,1,1,1
12,3,0,false,21,down_niche,turkiye,burnin,49,7,6,0
18,2,0,false,21,down_niche,turkiye,burnin,45,11,6,0
13,3,0,false,21,down_niche,turkiye,burnin,35,12,10,0
9,5,0,false,21,down_niche,turkiye,burnin,27,14,3,0
24,0,15,false,21,down_niche,turkiye,burnin,27,16,3,0
10,3,0,false,21,down_niche,turkiye,burnin,22,19,3,0
22,0,14,false,21,down_niche,turkiye,burnin,22,21,3,0
26,4,0,false,21,down_niche,turkiye,burnin,21,21,3,0
3,2,0,false,21,down_niche,turkiye,burnin,0,0,0,1
5,3,0,false,21,down_niche,turkiye,burnin,18,24,3,0
30,2,0,false,21,down_niche,turkiye,burnin,20,36,6,0
31,3,0,false,21,down_niche,turkiye,burnin,5,11,1,0
28,2,0,false,21,down_niche,turkiye,burnin,1,2,1,4
8,4,0,false,21,down_niche,turkiye,burnin,55,50,9,25
25,0,16,false,21,down_niche,turkiye,burnin,3,3,1,7
33,2,0,false,21,down_niche,turkiye,burnin,51,40,5,26
27,3,0,false,21,down_niche,turkiye,burnin,0,0,0,0
21,0,4,false,21,down_niche,turkiye,burnin,69,36,3,27
14,3,0,false,21,down_niche,turkiye,burnin,57,63,0,34
6,2,1,false,21,down_niche,turkiye,burnin,41,15,0,6
1,2,0,false,21,down_niche,turkiye,burnin,32,10,0,3
19,0,3,false,21,down_niche,turkiye,burnin,24,5,0,1
32,2,0,false,21,down_niche,turkiye,burnin,27,5,0,3
16,3,0,false,21,down_niche,turkiye,burnin,15,1,0,1
4,1,0,false,21,down_niche,turkiye,burnin,41,2,0,3
15,1,1,false,21,down_niche,turkiye,burnin,26,2,0,1
11,3,0,false,21,down_niche,turkiye,burnin,28,0,0,1
6,0,5,false,21,atn_empiricalbm,turkiye,burnin,8,0,3,0
1,3,0,false,21,atn_empiricalbm,turkiye,burnin,6,2,1,0
8,0,1,false,21,atn_empiricalbm,turkiye,burnin,4,4,1,0
7,0,5,false,21,atn_empiricalbm,turkiye,burnin,2,6,1,0
2,2,0,false,21,atn_empiricalbm,turkiye,burnin,0,8,1,0
4,2,0,false,21,atn_empiricalbm,turkiye,burnin,10,0,0,6
3,2,0,false,21,atn_empiricalbm,turkiye,burnin,10,0,0,6
5,2,0,false,21,atn_empiricalbm,turkiye,burnin,0,0,0,2
9,8,0,false,21,metaweb_empiricalbm,turkiye,burnin,0,0,7,0
6,0,1,false,21,metaweb_empiricalbm,turkiye,burnin,0,0,6,1
1,0,1,false,21,metaweb_empiricalbm,turkiye,burnin,0,0,5,2
8,0,1,false,21,metaweb_empiricalbm,turkiye,burnin,0,0,4,3
7,0,1,false,21,metaweb_empiricalbm,turkiye,burnin,0,0,3,4
2,0,1,false,21,metaweb_empiricalbm,turkiye,burnin,0,0,2,5
4,0,1,false,21,metaweb_empiricalbm,turkiye,burnin,0,0,1,6
3,0,1,false,21,metaweb_empiricalbm,turkiye,burnin,0,0,0,7
5,0,1,false,21,metaweb_empiricalbm,turkiye,burnin,0,0,0,28
17,5,0,false,21,atn,turkiye,burnin,90,0,28,0
20,5,0,false,21,atn,turkiye,burnin,111,5,21,0
29,0,1,false,21,atn,turkiye,burnin,80,10,10,0
34,4,21,false,21,atn,turkiye,burnin,99,17,21,0
7,5,0,false,21,atn,turkiye,burnin,70,20,10,0
2,7,0,false,21,atn,turkiye,burnin,87,29,21,0
23,0,4,false,21,atn,turkiye,burnin,60,30,10,0
12,7,0,false,21,atn,turkiye,burnin,55,35,10,0
18,7,0,false,21,atn,turkiye,burnin,70,46,21,0
13,6,0,false,21,atn,turkiye,burnin,63,53,21,0
9,7,0,false,21,atn,turkiye,burnin,36,10,15,7
24,0,5,false,21,atn,turkiye,burnin,54,62,21,0
10,7,0,false,21,atn,turkiye,burnin,40,38,15,0
22,5,0,false,21,atn,turkiye,burnin,43,73,21,0
26,0,14,false,21,atn,turkiye,burnin,99,86,40,65
3,5,0,false,21,atn,turkiye,burnin,34,56,6,4
5,5,0,false,21,atn,turkiye,burnin,31,59,6,4
30,0,4,false,21,atn,turkiye,burnin,40,56,15,6
31,0,5,false,21,atn,turkiye,burnin,20,58,15,0
28,0,17,false,21,atn,turkiye,burnin,25,65,6,4
37,7,0,false,21,atn,turkiye,burnin,26,90,15,6
8,5,0,false,21,atn,turkiye,burnin,19,71,6,4
35,6,17,false,21,atn,turkiye,burnin,3,3,9,3
25,0,7,false,21,atn,turkiye,burnin,4,6,11,10
33,2,14,false,21,atn,turkiye,burnin,9,12,12,25
27,0,21,false,21,atn,turkiye,burnin,67,24,7,73
21,7,0,false,21,atn,turkiye,burnin,190,20,3,106
14,7,0,false,21,atn,turkiye,burnin,136,0,0,87
6,7,0,false,21,atn,turkiye,burnin,0,0,0,7
1,8,0,false,21,atn,turkiye,burnin,3,3,3,9
19,6,0,false,21,atn,turkiye,burnin,4,6,3,18
32,0,7,false,21,atn,turkiye,burnin,9,12,3,34
16,5,0,false,21,atn,turkiye,burnin,69,28,1,80
4,7,0,false,21,atn,turkiye,burnin,198,26,0,115
15,4,19,false,21,atn,turkiye,burnin,156,6,0,102
11,6,1,false,21,atn,turkiye,burnin,42,4,0,22
36,6,1,false,21,atn,turkiye,burnin,96,0,0,21
17,8,1,true,22,metaweb,turkiye,creation,0,0,0,0
20,8,7,true,22,metaweb,turkiye,creation,0,0,0,0
29,0,27,true,22,metaweb,turkiye,creation,0,0,0,0
34,8,1,true,22,metaweb,turkiye,creation,0,0,0,0
7,8,6,true,22,metaweb,turkiye,creation,0,0,0,0
2,19,3,false,22,metaweb,turkiye,creation,192,0,28,0
23,8,6,false,22,metaweb,turkiye,creation,184,8,28,0
40,8,1,false,22,metaweb,turkiye,creation,176,16,28,0
12,8,7,false,22,metaweb,turkiye,creation,168,24,28,0
18,8,6,false,22,metaweb,turkiye,creation,160,32,28,0
13,8,1,false,22,metaweb,turkiye,creation,152,40,28,0
9,8,6,false,22,metaweb,turkiye,creation,144,48,28,0
24,24,6,false,22,metaweb,turkiye,creation,136,56,28,0
10,8,6,false,22,metaweb,turkiye,creation,128,64,28,0
22,8,1,false,22,metaweb,turkiye,creation,120,72,28,0
26,0,27,false,22,metaweb,turkiye,creation,112,80,28,0
3,19,3,false,22,metaweb,turkiye,creation,104,88,28,0
5,11,7,false,22,metaweb,turkiye,creation,96,96,28,0
30,0,27,false,22,metaweb,turkiye,creation,88,104,28,0
31,0,27,false,22,metaweb,turkiye,creation,80,112,28,0
28,0,27,false,22,metaweb,turkiye,creation,72,120,28,0
38,8,1,false,22,metaweb,turkiye,creation,64,128,28,0
37,8,1,false,22,metaweb,turkiye,creation,0,0,28,0
8,8,0,true,22,metaweb,turkiye,creation,0,0,0,0
35,8,1,true,22,metaweb,turkiye,creation,0,0,0,0
25,24,6,false,22,metaweb,turkiye,creation,164,136,56,119
33,0,27,false,22,metaweb,turkiye,creation,164,136,48,127
41,8,1,false,22,metaweb,turkiye,creation,164,136,40,135
27,0,27,false,22,metaweb,turkiye,creation,164,136,32,143
21,8,7,false,22,metaweb,turkiye,creation,164,136,24,151
39,8,1,false,22,metaweb,turkiye,creation,164,136,16,159
14,8,7,false,22,metaweb,turkiye,creation,164,136,8,167
6,8,0,false,22,metaweb,turkiye,creation,164,136,0,175
1,19,3,false,22,metaweb,turkiye,creation,136,56,0,35
19,8,6,false,22,metaweb,turkiye,creation,144,48,0,35
32,0,27,false,22,metaweb,turkiye,creation,152,40,0,35
16,8,7,false,22,metaweb,turkiye,creation,160,32,0,35
4,16,6,false,22,metaweb,turkiye,creation,168,24,0,35
15,8,1,false,22,metaweb,turkiye,creation,176,16,0,35
11,8,7,false,22,metaweb,turkiye,creation,184,8,0,35
36,8,1,false,22,metaweb,turkiye,creation,192,0,0,35
17,5,1,false,22,down_niche_empiricalbm,turkiye,creation,11,0,10,0
20,3,3,false,22,down_niche_empiricalbm,turkiye,creation,5,2,3,0
29,0,16,false,22,down_niche_empiricalbm,turkiye,creation,7,6,23,0
34,5,1,false,22,down_niche_empiricalbm,turkiye,creation,7,10,28,0
7,6,4,false,22,down_niche_empiricalbm,turkiye,creation,1,2,3,0
2,5,0,false,22,down_niche_empiricalbm,turkiye,creation,69,0,10,0
23,5,1,false,22,down_niche_empiricalbm,turkiye,creation,87,6,23,17
40,4,1,false,22,down_niche_empiricalbm,turkiye,creation,72,5,6,0
12,4,4,false,22,down_niche_empiricalbm,turkiye,creation,68,10,13,5
18,6,1,false,22,down_niche_empiricalbm,turkiye,creation,50,12,9,14
13,7,0,false,22,down_niche_empiricalbm,turkiye,creation,23,6,6,18
9,4,2,false,22,down_niche_empiricalbm,turkiye,creation,62,17,10,13
24,9,3,false,22,down_niche_empiricalbm,turkiye,creation,80,27,21,0
10,3,5,false,22,down_niche_empiricalbm,turkiye,creation,53,22,9,18
22,4,1,false,22,down_niche_empiricalbm,turkiye,creation,55,30,15,0
26,0,8,false,22,down_niche_empiricalbm,turkiye,creation,51,33,12,13
3,8,0,false,22,down_niche_empiricalbm,turkiye,creation,52,40,10,2
5,3,0,false,22,down_niche_empiricalbm,turkiye,creation,47,45,16,7
30,0,20,false,22,down_niche_empiricalbm,turkiye,creation,41,39,6,27
31,0,10,false,22,down_niche_empiricalbm,turkiye,creation,26,29,3,14
28,0,7,false,22,down_niche_empiricalbm,turkiye,creation,37,52,15,14
38,4,1,false,22,down_niche_empiricalbm,turkiye,creation,23,41,6,2
37,6,0,false,22,down_niche_empiricalbm,turkiye,creation,0,0,10,4
8,4,0,true,22,down_niche_empiricalbm,turkiye,creation,0,0,0,0
35,8,1,false,22,down_niche_empiricalbm,turkiye,creation,12,0,0,38
25,10,2,false,22,down_niche_empiricalbm,turkiye,creation,9,12,18,21
33,0,21,false,22,down_niche_empiricalbm,turkiye,creation,99,91,28,51
41,5,0,false,22,down_niche_empiricalbm,turkiye,creation,11,10,9,24
27,0,20,false,22,down_niche_empiricalbm,turkiye,creation,60,60,18,47
21,6,2,false,22,down_niche_empiricalbm,turkiye,creation,94,96,17,62
39,4,1,false,22,down_niche_empiricalbm,turkiye,creation,21,24,7,40
14,4,3,false,22,down_niche_empiricalbm,turkiye,creation,99,91,5,79
6,5,0,false,22,down_niche_empiricalbm,turkiye,creation,120,90,0,86
1,5,0,false,22,down_niche_empiricalbm,turkiye,creation,63,29,0,14
19,4,6,false,22,down_niche_empiricalbm,turkiye,creation,83,30,0,32
32,0,20,false,22,down_niche_empiricalbm,turkiye,creation,85,22,0,21
16,5,3,false,22,down_niche_empiricalbm,turkiye,creation,69,10,0,15
4,8,1,false,22,down_niche_empiricalbm,turkiye,creation,58,8,0,10
15,6,0,false,22,down_niche_empiricalbm,turkiye,creation,65,7,0,10
11,2,5,false,22,down_niche_empiricalbm,turkiye,creation,69,4,0,10
36,7,0,false,22,down_niche_empiricalbm,turkiye,creation,92,0,0,10
17,2,2,false,22,niche,turkiye,creation,25,0,4,0
20,5,2,false,22,niche,turkiye,creation,18,0,60,0
29,4,9,false,22,niche,turkiye,creation,21,1,2,0
34,2,8,true,22,niche,turkiye,creation,0,0,0,0
7,1,3,false,22,niche,turkiye,creation,5,15,129,0
2,13,1,false,22,niche,turkiye,creation,14,1,1,0
23,8,4,false,22,niche,turkiye,creation,6,2,0,0
40,0,1,true,22,niche,turkiye,creation,0,0,0,0
12,12,2,false,22,niche,turkiye,creation,26,9,9,0
18,5,2,false,22,niche,turkiye,creation,5,3,0,0
13,1,3,false,22,niche,turkiye,creation,10,6,3,0
9,8,3,true,22,niche,turkiye,creation,0,0,0,0
24,9,3,false,22,niche,turkiye,creation,4,2,0,16
10,1,2,false,22,niche,turkiye,creation,6,2,0,17
22,0,3,false,22,niche,turkiye,creation,15,19,29,10
26,1,4,false,22,niche,turkiye,creation,2,0,0,26
3,4,1,false,22,niche,turkiye,creation,1,1,1,24
5,19,2,false,22,niche,turkiye,creation,11,7,4,28
30,0,7,false,22,niche,turkiye,creation,8,8,1,28
31,3,10,false,22,niche,turkiye,creation,10,18,3,28
28,2,7,false,22,niche,turkiye,creation,10,22,11,23
38,3,4,false,22,niche,turkiye,creation,1,0,0,27
37,1,5,false,22,niche,turkiye,creation,5,30,17,18
8,11,3,true,22,niche,turkiye,creation,0,0,0,0
35,2,9,false,22,niche,turkiye,creation,2,13,2,29
25,3,4,false,22,niche,turkiye,creation,4,5,0,35
33,1,10,false,22,niche,turkiye,creation,7,0,0,41
41,0,1,false,22,niche,turkiye,creation,11,2,0,44
27,0,6,false,22,niche,turkiye,creation,22,9,2,24
21,6,2,false,22,niche,turkiye,creation,10,0,0,36
39,0,2,false,22,niche,turkiye,creation,26,9,1,31
14,2,3,false,22,niche,turkiye,creation,25,9,1,25
6,2,3,false,22,niche,turkiye,creation,28,5,0,22
1,4,1,true,22,niche,turkiye,creation,0,0,0,0
19,2,2,false,22,niche,turkiye,creation,32,1,0,11
32,2,9,false,22,niche,turkiye,creation,24,0,0,10
16,1,4,true,22,niche,turkiye,creation,0,0,0,0
4,9,1,false,22,niche,turkiye,creation,4,0,3,5
15,9,3,false,22,niche,turkiye,creation,0,0,0,4
11,3,2,false,22,niche,turkiye,creation,0,0,0,2
36,0,8,false,22,niche,turkiye,creation,0,0,0,2
17,5,1,false,22,down_niche,turkiye,creation,11,0,10,0
20,3,3,false,22,down_niche,turkiye,creation,5,2,3,0
29,0,16,false,22,down_niche,turkiye,creation,7,6,23,0
34,5,1,false,22,down_niche,turkiye,creation,7,10,28,0
7,6,4,false,22,down_niche,turkiye,creation,1,2,3,0
2,5,0,false,22,down_niche,turkiye,creation,69,0,10,0
23,5,1,false,22,down_niche,turkiye,creation,87,6,23,17
40,4,1,false,22,down_niche,turkiye,creation,72,5,6,0
12,4,4,false,22,down_niche,turkiye,creation,68,10,13,5
18,6,1,false,22,down_niche,turkiye,creation,50,12,9,14
13,7,0,false,22,down_niche,turkiye,creation,23,6,6,18
9,4,2,false,22,down_niche,turkiye,creation,62,17,10,13
24,9,3,false,22,down_niche,turkiye,creation,80,27,21,0
10,3,5,false,22,down_niche,turkiye,creation,53,22,9,18
22,4,1,false,22,down_niche,turkiye,creation,55,30,15,0
26,0,8,false,22,down_niche,turkiye,creation,51,33,12,13
3,8,0,false,22,down_niche,turkiye,creation,52,40,10,2
5,3,0,false,22,down_niche,turkiye,creation,47,45,16,7
30,0,20,false,22,down_niche,turkiye,creation,41,39,6,27
31,0,10,false,22,down_niche,turkiye,creation,26,29,3,14
28,0,7,false,22,down_niche,turkiye,creation,37,52,15,14
38,4,1,false,22,down_niche,turkiye,creation,23,41,6,2
37,6,0,false,22,down_niche,turkiye,creation,0,0,10,4
8,4,0,true,22,down_niche,turkiye,creation,0,0,0,0
35,8,1,false,22,down_niche,turkiye,creation,12,0,0,38
25,10,2,false,22,down_niche,turkiye,creation,9,12,18,21
33,0,21,false,22,down_niche,turkiye,creation,99,91,28,51
41,5,0,false,22,down_niche,turkiye,creation,11,10,9,24
27,0,20,false,22,down_niche,turkiye,creation,60,60,18,47
21,6,2,false,22,down_niche,turkiye,creation,94,96,17,62
39,4,1,false,22,down_niche,turkiye,creation,21,24,7,40
14,4,3,false,22,down_niche,turkiye,creation,99,91,5,79
6,5,0,false,22,down_niche,turkiye,creation,120,90,0,86
1,5,0,false,22,down_niche,turkiye,creation,63,29,0,14
19,4,6,false,22,down_niche,turkiye,creation,83,30,0,32
32,0,20,false,22,down_niche,turkiye,creation,85,22,0,21
16,5,3,false,22,down_niche,turkiye,creation,69,10,0,15
4,8,1,false,22,down_niche,turkiye,creation,58,8,0,10
15,6,0,false,22,down_niche,turkiye,creation,65,7,0,10
11,2,5,false,22,down_niche,turkiye,creation,69,4,0,10
36,7,0,false,22,down_niche,turkiye,creation,92,0,0,10
17,6,0,false,22,atn_empiricalbm,turkiye,creation,84,0,10,0
20,6,0,false,22,atn_empiricalbm,turkiye,creation,79,5,10,0
29,0,18,false,22,atn_empiricalbm,turkiye,creation,100,8,15,0
34,0,3,false,22,atn_empiricalbm,turkiye,creation,70,14,10,0
7,6,0,false,22,atn_empiricalbm,turkiye,creation,88,10,15,0
2,5,0,false,22,atn_empiricalbm,turkiye,creation,63,21,10,0
23,5,0,false,22,atn_empiricalbm,turkiye,creation,82,26,15,0
40,6,3,false,22,atn_empiricalbm,turkiye,creation,60,30,28,0
12,6,0,false,22,atn_empiricalbm,turkiye,creation,75,41,19,0
18,9,0,false,22,atn_empiricalbm,turkiye,creation,44,40,10,0
13,6,3,false,22,atn_empiricalbm,turkiye,creation,62,46,15,0
9,7,0,false,22,atn_empiricalbm,turkiye,creation,64,34,15,0
24,7,0,false,22,atn_empiricalbm,turkiye,creation,47,18,30,7
10,5,0,false,22,atn_empiricalbm,turkiye,creation,40,38,6,0
22,4,1,false,22,atn_empiricalbm,turkiye,creation,63,50,36,33
26,0,3,false,22,atn_empiricalbm,turkiye,creation,46,52,15,0
3,6,0,false,22,atn_empiricalbm,turkiye,creation,40,58,15,0
5,6,0,false,22,atn_empiricalbm,turkiye,creation,34,56,21,15
30,0,23,false,22,atn_empiricalbm,turkiye,creation,32,76,15,0
31,0,16,false,22,atn_empiricalbm,turkiye,creation,26,82,15,0
28,0,11,false,22,atn_empiricalbm,turkiye,creation,24,74,15,0
38,4,23,false,22,atn_empiricalbm,turkiye,creation,12,42,6,8
37,2,18,false,22,atn_empiricalbm,turkiye,creation,18,66,6,4
8,8,0,false,22,atn_empiricalbm,turkiye,creation,19,97,15,4
35,0,5,false,22,atn_empiricalbm,turkiye,creation,14,76,15,13
25,8,0,false,22,atn_empiricalbm,turkiye,creation,3,0,9,0
33,0,0,false,22,atn_empiricalbm,turkiye,creation,4,6,11,12
41,6,0,false,22,atn_empiricalbm,turkiye,creation,31,24,12,41
27,0,5,false,22,atn_empiricalbm,turkiye,creation,119,32,7,79
21,6,0,false,22,atn_empiricalbm,turkiye,creation,231,22,3,113
39,6,16,false,22,atn_empiricalbm,turkiye,creation,120,0,0,83
14,4,0,false,22,atn_empiricalbm,turkiye,creation,3,0,0,22
6,5,0,false,22,atn_empiricalbm,turkiye,creation,0,0,0,0
1,5,0,false,22,atn_empiricalbm,turkiye,creation,3,0,3,6
19,6,0,false,22,atn_empiricalbm,turkiye,creation,4,6,3,20
32,0,3,false,22,atn_empiricalbm,turkiye,creation,31,24,3,50
16,6,0,false,22,atn_empiricalbm,turkiye,creation,119,36,1,86
4,5,0,false,22,atn_empiricalbm,turkiye,creation,237,28,0,122
15,6,11,false,22,atn_empiricalbm,turkiye,creation,146,6,0,98
11,6,0,false,22,atn_empiricalbm,turkiye,creation,61,4,0,37
36,0,11,false,22,atn_empiricalbm,turkiye,creation,98,0,0,15
17,8,1,true,22,metaweb_empiricalbm,turkiye,creation,0,0,0,0
20,8,7,true,22,metaweb_empiricalbm,turkiye,creation,0,0,0,0
29,0,27,true,22,metaweb_empiricalbm,turkiye,creation,0,0,0,0
34,8,1,true,22,metaweb_empiricalbm,turkiye,creation,0,0,0,0
7,8,6,true,22,metaweb_empiricalbm,turkiye,creation,0,0,0,0
2,19,3,false,22,metaweb_empiricalbm,turkiye,creation,192,0,28,0
23,8,6,false,22,metaweb_empiricalbm,turkiye,creation,184,8,28,0
40,8,1,false,22,metaweb_empiricalbm,turkiye,creation,176,16,28,0
12,8,7,false,22,metaweb_empiricalbm,turkiye,creation,168,24,28,0
18,8,6,false,22,metaweb_empiricalbm,turkiye,creation,160,32,28,0
13,8,1,false,22,metaweb_empiricalbm,turkiye,creation,152,40,28,0
9,8,6,false,22,metaweb_empiricalbm,turkiye,creation,144,48,28,0
24,24,6,false,22,metaweb_empiricalbm,turkiye,creation,136,56,28,0
10,8,6,false,22,metaweb_empiricalbm,turkiye,creation,128,64,28,0
22,8,1,false,22,metaweb_empiricalbm,turkiye,creation,120,72,28,0
26,0,27,false,22,metaweb_empiricalbm,turkiye,creation,112,80,28,0
3,19,3,false,22,metaweb_empiricalbm,turkiye,creation,104,88,28,0
5,11,7,false,22,metaweb_empiricalbm,turkiye,creation,96,96,28,0
30,0,27,false,22,metaweb_empiricalbm,turkiye,creation,88,104,28,0
31,0,27,false,22,metaweb_empiricalbm,turkiye,creation,80,112,28,0
28,0,27,false,22,metaweb_empiricalbm,turkiye,creation,72,120,28,0
38,8,1,false,22,metaweb_empiricalbm,turkiye,creation,64,128,28,0
37,8,1,false,22,metaweb_empiricalbm,turkiye,creation,0,0,28,0
8,8,0,true,22,metaweb_empiricalbm,turkiye,creation,0,0,0,0
35,8,1,true,22,metaweb_empiricalbm,turkiye,creation,0,0,0,0
25,24,6,false,22,metaweb_empiricalbm,turkiye,creation,164,136,56,119
33,0,27,false,22,metaweb_empiricalbm,turkiye,creation,164,136,48,127
41,8,1,false,22,metaweb_empiricalbm,turkiye,creation,164,136,40,135
27,0,27,false,22,metaweb_empiricalbm,turkiye,creation,164,136,32,143
21,8,7,false,22,metaweb_empiricalbm,turkiye,creation,164,136,24,151
39,8,1,false,22,metaweb_empiricalbm,turkiye,creation,164,136,16,159
14,8,7,false,22,metaweb_empiricalbm,turkiye,creation,164,136,8,167
6,8,0,false,22,metaweb_empiricalbm,turkiye,creation,164,136,0,175
1,19,3,false,22,metaweb_empiricalbm,turkiye,creation,136,56,0,35
19,8,6,false,22,metaweb_empiricalbm,turkiye,creation,144,48,0,35
32,0,27,false,22,metaweb_empiricalbm,turkiye,creation,152,40,0,35
16,8,7,false,22,metaweb_empiricalbm,turkiye,creation,160,32,0,35
4,16,6,false,22,metaweb_empiricalbm,turkiye,creation,168,24,0,35
15,8,1,false,22,metaweb_empiricalbm,turkiye,creation,176,16,0,35
11,8,7,false,22,metaweb_empiricalbm,turkiye,creation,184,8,0,35
36,8,1,false,22,metaweb_empiricalbm,turkiye,creation,192,0,0,35
17,6,0,false,22,atn,turkiye,creation,84,0,10,0
20,6,0,false,22,atn,turkiye,creation,79,5,10,0
29,0,18,false,22,atn,turkiye,creation,100,8,15,0
34,0,3,false,22,atn,turkiye,creation,70,14,10,0
7,6,0,false,22,atn,turkiye,creation,88,10,15,0
2,5,0,false,22,atn,turkiye,creation,63,21,10,0
23,5,0,false,22,atn,turkiye,creation,82,26,15,0
40,6,3,false,22,atn,turkiye,creation,60,30,28,0
12,6,0,false,22,atn,turkiye,creation,75,41,19,0
18,9,0,false,22,atn,turkiye,creation,44,40,10,0
13,6,3,false,22,atn,turkiye,creation,62,46,15,0
9,7,0,false,22,atn,turkiye,creation,64,34,15,0
24,7,0,false,22,atn,turkiye,creation,47,18,30,7
10,5,0,false,22,atn,turkiye,creation,40,38,6,0
22,4,1,false,22,atn,turkiye,creation,63,50,36,33
26,0,3,false,22,atn,turkiye,creation,46,52,15,0
3,6,0,false,22,atn,turkiye,creation,40,58,15,0
5,6,0,false,22,atn,turkiye,creation,34,56,21,15
30,0,23,false,22,atn,turkiye,creation,32,76,15,0
31,0,16,false,22,atn,turkiye,creation,26,82,15,0
28,0,11,false,22,atn,turkiye,creation,24,74,15,0
38,4,23,false,22,atn,turkiye,creation,12,42,6,8
37,2,18,false,22,atn,turkiye,creation,18,66,6,4
8,8,0,false,22,atn,turkiye,creation,19,97,15,4
35,0,5,false,22,atn,turkiye,creation,14,76,15,13
25,8,0,false,22,atn,turkiye,creation,3,0,9,0
33,0,0,false,22,atn,turkiye,creation,4,6,11,12
41,6,0,false,22,atn,turkiye,creation,31,24,12,41
27,0,5,false,22,atn,turkiye,creation,119,32,7,79
21,6,0,false,22,atn,turkiye,creation,231,22,3,113
39,6,16,false,22,atn,turkiye,creation,120,0,0,83
14,4,0,false,22,atn,turkiye,creation,3,0,0,22
6,5,0,false,22,atn,turkiye,creation,0,0,0,0
1,5,0,false,22,atn,turkiye,creation,3,0,3,6
19,6,0,false,22,atn,turkiye,creation,4,6,3,20
32,0,3,false,22,atn,turkiye,creation,31,24,3,50
16,6,0,false,22,atn,turkiye,creation,119,36,1,86
4,5,0,false,22,atn,turkiye,creation,237,28,0,122
15,6,11,false,22,atn,turkiye,creation,146,6,0,98
11,6,0,false,22,atn,turkiye,creation,61,4,0,37
36,0,11,false,22,atn,turkiye,creation,98,0,0,15
17,8,0,false,22,metaweb,turkiye,burnin,192,0,28,0
20,0,25,false,22,metaweb,turkiye,burnin,184,8,28,0
29,8,0,false,22,metaweb,turkiye,burnin,176,16,28,0
7,8,0,false,22,metaweb,turkiye,burnin,168,24,28,0
2,8,0,false,22,metaweb,turkiye,burnin,160,32,28,0
23,0,25,false,22,metaweb,turkiye,burnin,152,40,28,0
12,8,0,false,22,metaweb,turkiye,burnin,144,48,28,0
18,0,25,false,22,metaweb,turkiye,burnin,136,56,28,0
13,8,0,false,22,metaweb,turkiye,burnin,128,64,28,0
9,8,0,false,22,metaweb,turkiye,burnin,120,72,28,0
24,0,25,false,22,metaweb,turkiye,burnin,112,80,28,0
10,8,0,false,22,metaweb,turkiye,burnin,104,88,28,0
22,0,25,false,22,metaweb,turkiye,burnin,96,96,28,0
26,8,0,false,22,metaweb,turkiye,burnin,88,104,28,0
3,8,0,false,22,metaweb,turkiye,burnin,80,112,28,0
5,8,0,false,22,metaweb,turkiye,burnin,72,120,28,0
30,8,0,false,22,metaweb,turkiye,burnin,64,128,28,0
31,8,0,false,22,metaweb,turkiye,burnin,164,136,56,119
28,8,0,false,22,metaweb,turkiye,burnin,164,136,48,127
8,8,0,false,22,metaweb,turkiye,burnin,164,136,40,135
25,0,25,false,22,metaweb,turkiye,burnin,164,136,32,143
33,8,0,false,22,metaweb,turkiye,burnin,164,136,24,151
27,8,0,false,22,metaweb,turkiye,burnin,164,136,16,159
21,0,25,false,22,metaweb,turkiye,burnin,164,136,8,167
14,8,0,false,22,metaweb,turkiye,burnin,164,136,0,175
6,8,0,false,22,metaweb,turkiye,burnin,136,56,0,28
1,8,0,false,22,metaweb,turkiye,burnin,144,48,0,28
19,0,25,false,22,metaweb,turkiye,burnin,152,40,0,28
32,8,0,false,22,metaweb,turkiye,burnin,160,32,0,28
16,8,0,false,22,metaweb,turkiye,burnin,168,24,0,28
4,8,0,false,22,metaweb,turkiye,burnin,176,16,0,28
15,8,0,false,22,metaweb,turkiye,burnin,184,8,0,28
11,8,0,false,22,metaweb,turkiye,burnin,192,0,0,28
6,0,1,false,22,down_niche_empiricalbm,turkiye,burnin,1,0,7,0
1,0,2,false,22,down_niche_empiricalbm,turkiye,burnin,0,0,3,1
8,4,0,false,22,down_niche_empiricalbm,turkiye,burnin,1,0,4,3
7,5,0,false,22,down_niche_empiricalbm,turkiye,burnin,0,0,1,2
2,0,1,false,22,down_niche_empiricalbm,turkiye,burnin,1,0,1,6
4,0,1,false,22,down_niche_empiricalbm,turkiye,burnin,0,0,0,4
3,0,2,false,22,down_niche_empiricalbm,turkiye,burnin,0,3,0,10
5,0,2,false,22,down_niche_empiricalbm,turkiye,burnin,3,0,0,6
17,0,3,false,22,niche,turkiye,burnin,9,0,17,0
20,0,1,true,22,niche,turkiye,burnin,0,0,0,0
8,5,3,false,22,niche,turkiye,burnin,2,7,23,0
7,0,3,false,22,niche,turkiye,burnin,2,4,1,0
2,3,1,false,22,niche,turkiye,burnin,1,0,1,9
12,1,5,false,22,niche,turkiye,burnin,4,0,4,13
18,3,3,false,22,niche,turkiye,burnin,1,0,0,12
13,0,3,false,22,niche,turkiye,burnin,1,2,6,7
21,0,1,true,22,niche,turkiye,burnin,0,0,0,0
9,5,3,false,22,niche,turkiye,burnin,2,1,0,13
6,4,2,false,22,niche,turkiye,burnin,4,0,0,15
1,8,1,false,22,niche,turkiye,burnin,5,1,0,15
14,1,2,false,22,niche,turkiye,burnin,0,0,0,9
19,0,2,false,22,niche,turkiye,burnin,0,2,0,3
16,1,1,true,22,niche,turkiye,burnin,0,0,0,0
10,1,3,false,22,niche,turkiye,burnin,0,1,0,2
4,2,0,false,22,niche,turkiye,burnin,3,0,0,3
3,9,1,false,22,niche,turkiye,burnin,2,0,3,1
5,2,2,false,22,niche,turkiye,burnin,0,0,0,4
15,2,2,false,22,niche,turkiye,burnin,0,0,0,2
11,0,5,false,22,niche,turkiye,burnin,0,0,0,2
17,0,16,false,22,down_niche,turkiye,burnin,0,0,3,0
20,0,17,false,22,down_niche,turkiye,burnin,61,0,10,0
29,4,1,false,22,down_niche,turkiye,burnin,72,4,15,0
7,6,0,false,22,down_niche,turkiye,burnin,20,4,1,2
2,5,0,false,22,down_niche,turkiye,burnin,80,12,21,0
23,0,17,false,22,down_niche,turkiye,burnin,52,10,6,0
12,3,0,false,22,down_niche,turkiye,burnin,55,18,15,0
18,0,7,false,22,down_niche,turkiye,burnin,51,17,10,0
13,6,0,false,22,down_niche,turkiye,burnin,52,25,10,2
9,5,1,false,22,down_niche,turkiye,burnin,47,30,15,0
24,5,1,false,22,down_niche,turkiye,burnin,35,26,6,0
10,6,0,false,22,down_niche,turkiye,burnin,25,22,3,0
22,0,16,false,22,down_niche,turkiye,burnin,36,41,15,0
26,7,0,false,22,down_niche,turkiye,burnin,23,30,6,2
3,6,0,false,22,down_niche,turkiye,burnin,0,0,10,0
5,7,0,false,22,down_niche,turkiye,burnin,9,12,18,21
30,4,1,false,22,down_niche,turkiye,burnin,57,63,28,40
31,5,0,false,22,down_niche,turkiye,burnin,11,10,9,24
28,4,1,false,22,down_niche,turkiye,burnin,60,60,18,47
8,5,0,false,22,down_niche,turkiye,burnin,64,72,17,53
25,8,1,false,22,down_niche,turkiye,burnin,21,24,7,40
27,6,0,false,22,down_niche,turkiye,burnin,57,63,5,68
21,0,10,false,22,down_niche,turkiye,burnin,70,66,0,75
14,4,1,false,22,down_niche,turkiye,burnin,48,29,0,14
6,4,0,false,22,down_niche,turkiye,burnin,68,30,0,32
1,3,0,false,22,down_niche,turkiye,burnin,70,22,0,21
19,0,16,false,22,down_niche,turkiye,burnin,58,10,0,15
16,0,7,false,22,down_niche,turkiye,burnin,47,8,0,10
4,2,1,false,22,down_niche,turkiye,burnin,54,7,0,10
15,5,0,false,22,down_niche,turkiye,burnin,58,4,0,10
11,4,0,false,22,down_niche,turkiye,burnin,77,0,0,10
9,0,7,false,22,atn_empiricalbm,turkiye,burnin,12,0,1,0
6,2,0,false,22,atn_empiricalbm,turkiye,burnin,10,2,1,0
1,2,0,false,22,atn_empiricalbm,turkiye,burnin,8,4,1,0
8,0,7,false,22,atn_empiricalbm,turkiye,burnin,7,6,3,0
7,3,0,false,22,atn_empiricalbm,turkiye,burnin,4,8,1,0
2,2,0,false,22,atn_empiricalbm,turkiye,burnin,2,10,1,0
10,0,2,false,22,atn_empiricalbm,turkiye,burnin,0,13,3,0
4,3,0,false,22,atn_empiricalbm,turkiye,burnin,21,0,0,9
3,2,0,false,22,atn_empiricalbm,turkiye,burnin,21,0,0,9
5,2,0,false,22,atn_empiricalbm,turkiye,burnin,1,0,0,4
9,8,0,false,22,metaweb_empiricalbm,turkiye,burnin,0,0,7,0
6,0,1,false,22,metaweb_empiricalbm,turkiye,burnin,0,0,6,1
1,0,1,false,22,metaweb_empiricalbm,turkiye,burnin,0,0,5,2
8,0,1,false,22,metaweb_empiricalbm,turkiye,burnin,0,0,4,3
7,0,1,false,22,metaweb_empiricalbm,turkiye,burnin,0,0,3,4
2,0,1,false,22,metaweb_empiricalbm,turkiye,burnin,0,0,2,5
4,0,1,false,22,metaweb_empiricalbm,turkiye,burnin,0,0,1,6
3,0,1,false,22,metaweb_empiricalbm,turkiye,burnin,0,0,0,7
5,0,1,false,22,metaweb_empiricalbm,turkiye,burnin,0,0,0,28
17,6,0,false,22,atn,turkiye,burnin,57,0,10,0
20,0,3,false,22,atn,turkiye,burnin,52,5,10,0
29,0,11,false,22,atn,turkiye,burnin,72,8,15,0
34,6,0,false,22,atn,turkiye,burnin,72,8,15,0
7,5,0,false,22,atn,turkiye,burnin,62,18,15,0
2,5,0,false,22,atn,turkiye,burnin,43,20,28,0
23,0,15,false,22,atn,turkiye,burnin,32,25,10,0
12,6,0,false,22,atn,turkiye,burnin,48,32,15,0
18,4,1,false,22,atn,turkiye,burnin,54,26,15,0
13,6,0,false,22,atn,turkiye,burnin,43,16,30,7
9,6,0,false,22,atn,turkiye,burnin,43,28,28,21
24,0,17,false,22,atn,turkiye,burnin,40,40,15,0
10,6,3,false,22,atn,turkiye,burnin,34,46,15,0
22,0,11,false,22,atn,turkiye,burnin,23,40,21,15
26,0,3,false,22,atn,turkiye,burnin,22,58,15,0
3,6,0,false,22,atn,turkiye,burnin,16,64,15,0
5,6,0,false,22,atn,turkiye,burnin,18,62,15,0
30,2,15,false,22,atn,turkiye,burnin,10,38,6,8
31,4,17,false,22,atn,turkiye,burnin,9,54,15,13
28,0,5,false,22,atn,turkiye,burnin,3,0,9,0
8,6,0,false,22,atn,turkiye,burnin,4,6,11,12
25,0,11,false,22,atn,turkiye,burnin,31,24,12,41
33,6,3,false,22,atn,turkiye,burnin,79,26,7,66
27,0,3,false,22,atn,turkiye,burnin,120,16,3,86
21,0,5,false,22,atn,turkiye,burnin,55,0,0,59
14,9,0,false,22,atn,turkiye,burnin,3,0,0,22
6,8,0,false,22,atn,turkiye,burnin,3,0,3,6
1,5,0,false,22,atn,turkiye,burnin,4,6,3,20
19,8,0,false,22,atn,turkiye,burnin,31,24,3,50
32,6,11,false,22,atn,turkiye,burnin,79,30,1,73
16,6,0,false,22,atn,turkiye,burnin,126,22,0,95
4,6,0,false,22,atn,turkiye,burnin,81,6,0,74
15,6,0,false,22,atn,turkiye,burnin,55,4,0,37
11,6,6,false,22,atn,turkiye,burnin,80,0,0,15
17,8,1,true,23,metaweb,turkiye,creation,0,0,0,0
20,8,7,true,23,metaweb,turkiye,creation,0,0,0,0
29,0,27,true,23,metaweb,turkiye,creation,0,0,0,0
34,8,1,true,23,metaweb,turkiye,creation,0,0,0,0
7,8,6,true,23,metaweb,turkiye,creation,0,0,0,0
2,19,3,false,23,metaweb,turkiye,creation,192,0,28,0
23,8,6,false,23,metaweb,turkiye,creation,184,8,28,0
40,8,1,false,23,metaweb,turkiye,creation,176,16,28,0
12,8,7,false,23,metaweb,turkiye,creation,168,24,28,0
18,8,6,false,23,metaweb,turkiye,creation,160,32,28,0
13,8,1,false,23,metaweb,turkiye,creation,152,40,28,0
9,8,6,false,23,metaweb,turkiye,creation,144,48,28,0
24,24,6,false,23,metaweb,turkiye,creation,136,56,28,0
10,8,6,false,23,metaweb,turkiye,creation,128,64,28,0
22,8,1,false,23,metaweb,turkiye,creation,120,72,28,0
26,0,27,false,23,metaweb,turkiye,creation,112,80,28,0
3,19,3,false,23,metaweb,turkiye,creation,104,88,28,0
5,11,7,false,23,metaweb,turkiye,creation,96,96,28,0
30,0,27,false,23,metaweb,turkiye,creation,88,104,28,0
31,0,27,false,23,metaweb,turkiye,creation,80,112,28,0
28,0,27,false,23,metaweb,turkiye,creation,72,120,28,0
38,8,1,false,23,metaweb,turkiye,creation,64,128,28,0
37,8,1,false,23,metaweb,turkiye,creation,0,0,28,0
8,8,0,true,23,metaweb,turkiye,creation,0,0,0,0
35,8,1,true,23,metaweb,turkiye,creation,0,0,0,0
25,24,6,false,23,metaweb,turkiye,creation,164,136,56,119
33,0,27,false,23,metaweb,turkiye,creation,164,136,48,127
41,8,1,false,23,metaweb,turkiye,creation,164,136,40,135
27,0,27,false,23,metaweb,turkiye,creation,164,136,32,143
21,8,7,false,23,metaweb,turkiye,creation,164,136,24,151
39,8,1,false,23,metaweb,turkiye,creation,164,136,16,159
14,8,7,false,23,metaweb,turkiye,creation,164,136,8,167
6,8,0,false,23,metaweb,turkiye,creation,164,136,0,175
1,19,3,false,23,metaweb,turkiye,creation,136,56,0,35
19,8,6,false,23,metaweb,turkiye,creation,144,48,0,35
32,0,27,false,23,metaweb,turkiye,creation,152,40,0,35
16,8,7,false,23,metaweb,turkiye,creation,160,32,0,35
4,16,6,false,23,metaweb,turkiye,creation,168,24,0,35
15,8,1,false,23,metaweb,turkiye,creation,176,16,0,35
11,8,7,false,23,metaweb,turkiye,creation,184,8,0,35
36,8,1,false,23,metaweb,turkiye,creation,192,0,0,35
17,5,1,false,23,down_niche_empiricalbm,turkiye,creation,13,0,11,0
20,5,4,false,23,down_niche_empiricalbm,turkiye,creation,11,5,45,0
29,0,20,false,23,down_niche_empiricalbm,turkiye,creation,7,5,10,1
34,4,1,true,23,down_niche_empiricalbm,turkiye,creation,0,0,0,0
7,3,2,false,23,down_niche_empiricalbm,turkiye,creation,3,2,6,8
2,11,0,false,23,down_niche_empiricalbm,turkiye,creation,91,0,10,0
23,7,1,false,23,down_niche_empiricalbm,turkiye,creation,54,3,20,0
40,4,1,false,23,down_niche_empiricalbm,turkiye,creation,76,6,10,0
12,4,5,false,23,down_niche_empiricalbm,turkiye,creation,59,10,21,11
18,4,5,false,23,down_niche_empiricalbm,turkiye,creation,61,16,18,21
13,4,0,false,23,down_niche_empiricalbm,turkiye,creation,69,21,20,17
9,4,3,false,23,down_niche_empiricalbm,turkiye,creation,49,15,12,23
24,12,3,false,23,down_niche_empiricalbm,turkiye,creation,53,19,6,0
10,4,5,false,23,down_niche_empiricalbm,turkiye,creation,62,34,17,26
22,6,0,false,23,down_niche_empiricalbm,turkiye,creation,64,38,15,3
26,0,8,false,23,down_niche_empiricalbm,turkiye,creation,45,34,9,20
3,6,0,false,23,down_niche_empiricalbm,turkiye,creation,45,34,10,3
5,4,1,false,23,down_niche_empiricalbm,turkiye,creation,34,40,11,25
30,0,21,false,23,down_niche_empiricalbm,turkiye,creation,25,32,6,14
31,0,12,false,23,down_niche_empiricalbm,turkiye,creation,39,54,10,18
28,0,3,false,23,down_niche_empiricalbm,turkiye,creation,41,67,21,25
38,5,0,false,23,down_niche_empiricalbm,turkiye,creation,32,70,15,0
37,6,1,false,23,down_niche_empiricalbm,turkiye,creation,0,0,21,0
8,5,0,false,23,down_niche_empiricalbm,turkiye,creation,16,7,0,50
35,6,1,false,23,down_niche_empiricalbm,turkiye,creation,18,8,0,30
25,10,1,false,23,down_niche_empiricalbm,turkiye,creation,13,15,20,13
33,0,20,false,23,down_niche_empiricalbm,turkiye,creation,58,33,11,46
41,5,1,false,23,down_niche_empiricalbm,turkiye,creation,3,0,11,3
27,0,14,false,23,down_niche_empiricalbm,turkiye,creation,115,75,14,64
21,7,3,false,23,down_niche_empiricalbm,turkiye,creation,113,90,13,70
39,6,1,false,23,down_niche_empiricalbm,turkiye,creation,31,35,6,46
14,5,5,false,23,down_niche_empiricalbm,turkiye,creation,114,90,3,73
6,5,0,false,23,down_niche_empiricalbm,turkiye,creation,115,75,0,74
1,5,1,false,23,down_niche_empiricalbm,turkiye,creation,60,18,0,12
19,3,2,false,23,down_niche_empiricalbm,turkiye,creation,58,20,0,21
32,0,21,false,23,down_niche_empiricalbm,turkiye,creation,20,7,0,7
16,4,4,false,23,down_niche_empiricalbm,turkiye,creation,75,15,0,21
4,6,1,false,23,down_niche_empiricalbm,turkiye,creation,66,7,0,10
15,6,1,false,23,down_niche_empiricalbm,turkiye,creation,73,6,0,21
11,5,4,false,23,down_niche_empiricalbm,turkiye,creation,60,3,0,12
36,2,1,false,23,down_niche_empiricalbm,turkiye,creation,77,0,0,16
17,0,5,true,23,niche,turkiye,creation,0,0,0,0
20,0,3,false,23,niche,turkiye,creation,16,0,35,0
29,1,7,false,23,niche,turkiye,creation,18,3,36,0
34,0,6,false,23,niche,turkiye,creation,23,4,31,0
7,2,1,false,23,niche,turkiye,creation,2,2,1,0
2,9,1,false,23,niche,turkiye,creation,0,0,0,0
23,11,6,false,23,niche,turkiye,creation,3,4,1,0
40,1,9,false,23,niche,turkiye,creation,0,0,0,0
12,1,3,false,23,niche,turkiye,creation,0,26,102,0
18,5,4,false,23,niche,turkiye,creation,28,9,45,20
13,5,3,false,23,niche,turkiye,creation,26,8,20,22
9,17,1,false,23,niche,turkiye,creation,1,2,0,20
24,3,6,false,23,niche,turkiye,creation,12,12,8,22
10,13,3,false,23,niche,turkiye,creation,8,16,9,23
22,1,5,false,23,niche,turkiye,creation,9,2,0,23
26,3,6,false,23,niche,turkiye,creation,10,0,0,29
3,11,1,false,23,niche,turkiye,creation,6,0,0,31
5,2,1,false,23,niche,turkiye,creation,16,14,10,30
30,4,8,false,23,niche,turkiye,creation,4,3,0,22
31,4,10,false,23,niche,turkiye,creation,1,0,0,22
28,1,7,false,23,niche,turkiye,creation,3,19,8,26
38,4,9,false,23,niche,turkiye,creation,4,1,0,30
37,3,9,true,23,niche,turkiye,creation,0,0,0,0
8,0,1,false,23,niche,turkiye,creation,10,7,3,36
35,1,7,true,23,niche,turkiye,creation,0,0,0,0
25,10,6,false,23,niche,turkiye,creation,5,0,0,39
33,1,6,false,23,niche,turkiye,creation,8,11,4,20
41,0,3,false,23,niche,turkiye,creation,9,2,0,24
27,7,5,false,23,niche,turkiye,creation,9,2,0,26
21,5,5,false,23,niche,turkiye,creation,14,11,6,29
39,4,9,false,23,niche,turkiye,creation,25,2,0,34
14,5,4,false,23,niche,turkiye,creation,12,0,0,26
6,0,1,false,23,niche,turkiye,creation,9,3,0,22
1,23,1,false,23,niche,turkiye,creation,11,0,0,25
19,1,3,false,23,niche,turkiye,creation,18,3,0,23
32,0,7,false,23,niche,turkiye,creation,5,3,0,10
16,1,6,true,23,niche,turkiye,creation,0,0,0,0
4,11,1,true,23,niche,turkiye,creation,0,0,0,0
15,5,4,true,23,niche,turkiye,creation,0,0,0,0
11,11,3,false,23,niche,turkiye,creation,14,2,0,4
36,4,4,false,23,niche,turkiye,creation,3,0,0,0
17,5,1,false,23,down_niche,turkiye,creation,13,0,11,0
20,5,4,false,23,down_niche,turkiye,creation,11,5,45,0
29,0,20,false,23,down_niche,turkiye,creation,7,5,10,1
34,4,1,true,23,down_niche,turkiye,creation,0,0,0,0
7,3,2,false,23,down_niche,turkiye,creation,3,2,6,8
2,11,0,false,23,down_niche,turkiye,creation,91,0,10,0
23,7,1,false,23,down_niche,turkiye,creation,54,3,20,0
40,4,1,false,23,down_niche,turkiye,creation,76,6,10,0
12,4,5,false,23,down_niche,turkiye,creation,59,10,21,11
18,4,5,false,23,down_niche,turkiye,creation,61,16,18,21
13,4,0,false,23,down_niche,turkiye,creation,69,21,20,17
9,4,3,false,23,down_niche,turkiye,creation,49,15,12,23
24,12,3,false,23,down_niche,turkiye,creation,53,19,6,0
10,4,5,false,23,down_niche,turkiye,creation,62,34,17,26
22,6,0,false,23,down_niche,turkiye,creation,64,38,15,3
26,0,8,false,23,down_niche,turkiye,creation,45,34,9,20
3,6,0,false,23,down_niche,turkiye,creation,45,34,10,3
5,4,1,false,23,down_niche,turkiye,creation,34,40,11,25
30,0,21,false,23,down_niche,turkiye,creation,25,32,6,14
31,0,12,false,23,down_niche,turkiye,creation,39,54,10,18
28,0,3,false,23,down_niche,turkiye,creation,41,67,21,25
38,5,0,false,23,down_niche,turkiye,creation,32,70,15,0
37,6,1,false,23,down_niche,turkiye,creation,0,0,21,0
8,5,0,false,23,down_niche,turkiye,creation,16,7,0,50
35,6,1,false,23,down_niche,turkiye,creation,18,8,0,30
25,10,1,false,23,down_niche,turkiye,creation,13,15,20,13
33,0,20,false,23,down_niche,turkiye,creation,58,33,11,46
41,5,1,false,23,down_niche,turkiye,creation,3,0,11,3
27,0,14,false,23,down_niche,turkiye,creation,115,75,14,64
21,7,3,false,23,down_niche,turkiye,creation,113,90,13,70
39,6,1,false,23,down_niche,turkiye,creation,31,35,6,46
14,5,5,false,23,down_niche,turkiye,creation,114,90,3,73
6,5,0,false,23,down_niche,turkiye,creation,115,75,0,74
1,5,1,false,23,down_niche,turkiye,creation,60,18,0,12
19,3,2,false,23,down_niche,turkiye,creation,58,20,0,21
32,0,21,false,23,down_niche,turkiye,creation,20,7,0,7
16,4,4,false,23,down_niche,turkiye,creation,75,15,0,21
4,6,1,false,23,down_niche,turkiye,creation,66,7,0,10
15,6,1,false,23,down_niche,turkiye,creation,73,6,0,21
11,5,4,false,23,down_niche,turkiye,creation,60,3,0,12
36,2,1,false,23,down_niche,turkiye,creation,77,0,0,16
17,6,16,false,23,atn_empiricalbm,turkiye,creation,111,0,28,0
20,4,0,false,23,atn_empiricalbm,turkiye,creation,126,6,26,0
29,0,18,false,23,atn_empiricalbm,turkiye,creation,94,13,21,0
34,0,4,false,23,atn_empiricalbm,turkiye,creation,87,20,21,0
7,8,0,false,23,atn_empiricalbm,turkiye,creation,99,22,21,0
2,8,0,false,23,atn_empiricalbm,turkiye,creation,99,33,26,0
23,8,0,false,23,atn_empiricalbm,turkiye,creation,72,39,28,0
40,6,1,false,23,atn_empiricalbm,turkiye,creation,64,47,45,0
12,6,0,false,23,atn_empiricalbm,turkiye,creation,56,55,28,0
18,8,0,false,23,atn_empiricalbm,turkiye,creation,73,59,26,0
13,6,8,false,23,atn_empiricalbm,turkiye,creation,48,28,6,0
9,8,0,false,23,atn_empiricalbm,turkiye,creation,62,32,15,0
24,8,0,false,23,atn_empiricalbm,turkiye,creation,66,26,28,42
10,8,0,false,23,atn_empiricalbm,turkiye,creation,52,42,15,0
22,6,14,false,23,atn_empiricalbm,turkiye,creation,46,28,21,31
26,0,4,false,23,atn_empiricalbm,turkiye,creation,42,52,15,0
3,7,0,false,23,atn_empiricalbm,turkiye,creation,82,74,52,72
5,7,0,false,23,atn_empiricalbm,turkiye,creation,48,63,10,18
30,0,22,false,23,atn_empiricalbm,turkiye,creation,46,86,19,7
31,0,16,false,23,atn_empiricalbm,turkiye,creation,22,54,6,0
28,0,10,false,23,atn_empiricalbm,turkiye,creation,36,85,15,6
38,4,22,false,23,atn_empiricalbm,turkiye,creation,74,69,27,73
37,2,18,false,23,atn_empiricalbm,turkiye,creation,40,92,15,11
8,10,0,false,23,atn_empiricalbm,turkiye,creation,36,96,15,11
35,0,7,false,23,atn_empiricalbm,turkiye,creation,37,70,6,15
25,7,0,false,23,atn_empiricalbm,turkiye,creation,3,3,9,5
33,0,0,false,23,atn_empiricalbm,turkiye,creation,9,12,11,22
41,6,0,false,23,atn_empiricalbm,turkiye,creation,24,21,12,38
27,0,7,false,23,atn_empiricalbm,turkiye,creation,115,32,7,87
21,7,0,false,23,atn_empiricalbm,turkiye,creation,210,21,3,132
39,6,16,false,23,atn_empiricalbm,turkiye,creation,120,0,0,109
14,6,0,false,23,atn_empiricalbm,turkiye,creation,0,0,0,9
6,8,0,false,23,atn_empiricalbm,turkiye,creation,0,0,0,0
1,8,0,false,23,atn_empiricalbm,turkiye,creation,3,3,3,11
19,8,0,false,23,atn_empiricalbm,turkiye,creation,9,12,3,30
32,0,1,false,23,atn_empiricalbm,turkiye,creation,24,21,3,47
16,6,0,false,23,atn_empiricalbm,turkiye,creation,117,36,1,94
4,7,0,false,23,atn_empiricalbm,turkiye,creation,222,27,0,141
15,6,5,false,23,atn_empiricalbm,turkiye,creation,150,6,0,124
11,4,0,false,23,atn_empiricalbm,turkiye,creation,60,4,0,24
36,0,10,false,23,atn_empiricalbm,turkiye,creation,94,0,0,15
17,8,1,true,23,metaweb_empiricalbm,turkiye,creation,0,0,0,0
20,8,7,true,23,metaweb_empiricalbm,turkiye,creation,0,0,0,0
29,0,27,true,23,metaweb_empiricalbm,turkiye,creation,0,0,0,0
34,8,1,true,23,metaweb_empiricalbm,turkiye,creation,0,0,0,0
7,8,6,true,23,metaweb_empiricalbm,turkiye,creation,0,0,0,0
2,19,3,false,23,metaweb_empiricalbm,turkiye,creation,192,0,28,0
23,8,6,false,23,metaweb_empiricalbm,turkiye,creation,184,8,28,0
40,8,1,false,23,metaweb_empiricalbm,turkiye,creation,176,16,28,0
12,8,7,false,23,metaweb_empiricalbm,turkiye,creation,168,24,28,0
18,8,6,false,23,metaweb_empiricalbm,turkiye,creation,160,32,28,0
13,8,1,false,23,metaweb_empiricalbm,turkiye,creation,152,40,28,0
9,8,6,false,23,metaweb_empiricalbm,turkiye,creation,144,48,28,0
24,24,6,false,23,metaweb_empiricalbm,turkiye,creation,136,56,28,0
10,8,6,false,23,metaweb_empiricalbm,turkiye,creation,128,64,28,0
22,8,1,false,23,metaweb_empiricalbm,turkiye,creation,120,72,28,0
26,0,27,false,23,metaweb_empiricalbm,turkiye,creation,112,80,28,0
3,19,3,false,23,metaweb_empiricalbm,turkiye,creation,104,88,28,0
5,11,7,false,23,metaweb_empiricalbm,turkiye,creation,96,96,28,0
30,0,27,false,23,metaweb_empiricalbm,turkiye,creation,88,104,28,0
31,0,27,false,23,metaweb_empiricalbm,turkiye,creation,80,112,28,0
28,0,27,false,23,metaweb_empiricalbm,turkiye,creation,72,120,28,0
38,8,1,false,23,metaweb_empiricalbm,turkiye,creation,64,128,28,0
37,8,1,false,23,metaweb_empiricalbm,turkiye,creation,0,0,28,0
8,8,0,true,23,metaweb_empiricalbm,turkiye,creation,0,0,0,0
35,8,1,true,23,metaweb_empiricalbm,turkiye,creation,0,0,0,0
25,24,6,false,23,metaweb_empiricalbm,turkiye,creation,164,136,56,119
33,0,27,false,23,metaweb_empiricalbm,turkiye,creation,164,136,48,127
41,8,1,false,23,metaweb_empiricalbm,turkiye,creation,164,136,40,135
27,0,27,false,23,metaweb_empiricalbm,turkiye,creation,164,136,32,143
21,8,7,false,23,metaweb_empiricalbm,turkiye,creation,164,136,24,151
39,8,1,false,23,metaweb_empiricalbm,turkiye,creation,164,136,16,159
14,8,7,false,23,metaweb_empiricalbm,turkiye,creation,164,136,8,167
6,8,0,false,23,metaweb_empiricalbm,turkiye,creation,164,136,0,175
1,19,3,false,23,metaweb_empiricalbm,turkiye,creation,136,56,0,35
19,8,6,false,23,metaweb_empiricalbm,turkiye,creation,144,48,0,35
32,0,27,false,23,metaweb_empiricalbm,turkiye,creation,152,40,0,35
16,8,7,false,23,metaweb_empiricalbm,turkiye,creation,160,32,0,35
4,16,6,false,23,metaweb_empiricalbm,turkiye,creation,168,24,0,35
15,8,1,false,23,metaweb_empiricalbm,turkiye,creation,176,16,0,35
11,8,7,false,23,metaweb_empiricalbm,turkiye,creation,184,8,0,35
36,8,1,false,23,metaweb_empiricalbm,turkiye,creation,192,0,0,35
17,6,16,false,23,atn,turkiye,creation,111,0,28,0
20,4,0,false,23,atn,turkiye,creation,126,6,26,0
29,0,18,false,23,atn,turkiye,creation,94,13,21,0
34,0,4,false,23,atn,turkiye,creation,87,20,21,0
7,8,0,false,23,atn,turkiye,creation,99,22,21,0
2,8,0,false,23,atn,turkiye,creation,99,33,26,0
23,8,0,false,23,atn,turkiye,creation,72,39,28,0
40,6,1,false,23,atn,turkiye,creation,64,47,45,0
12,6,0,false,23,atn,turkiye,creation,56,55,28,0
18,8,0,false,23,atn,turkiye,creation,73,59,26,0
13,6,8,false,23,atn,turkiye,creation,48,28,6,0
9,8,0,false,23,atn,turkiye,creation,62,32,15,0
24,8,0,false,23,atn,turkiye,creation,66,26,28,42
10,8,0,false,23,atn,turkiye,creation,52,42,15,0
22,6,14,false,23,atn,turkiye,creation,46,28,21,31
26,0,4,false,23,atn,turkiye,creation,42,52,15,0
3,7,0,false,23,atn,turkiye,creation,82,74,52,72
5,7,0,false,23,atn,turkiye,creation,48,63,10,18
30,0,22,false,23,atn,turkiye,creation,46,86,19,7
31,0,16,false,23,atn,turkiye,creation,22,54,6,0
28,0,10,false,23,atn,turkiye,creation,36,85,15,6
38,4,22,false,23,atn,turkiye,creation,74,69,27,73
37,2,18,false,23,atn,turkiye,creation,40,92,15,11
8,10,0,false,23,atn,turkiye,creation,36,96,15,11
35,0,7,false,23,atn,turkiye,creation,37,70,6,15
25,7,0,false,23,atn,turkiye,creation,3,3,9,5
33,0,0,false,23,atn,turkiye,creation,9,12,11,22
41,6,0,false,23,atn,turkiye,creation,24,21,12,38
27,0,7,false,23,atn,turkiye,creation,115,32,7,87
21,7,0,false,23,atn,turkiye,creation,210,21,3,132
39,6,16,false,23,atn,turkiye,creation,120,0,0,109
14,6,0,false,23,atn,turkiye,creation,0,0,0,9
6,8,0,false,23,atn,turkiye,creation,0,0,0,0
1,8,0,false,23,atn,turkiye,creation,3,3,3,11
19,8,0,false,23,atn,turkiye,creation,9,12,3,30
32,0,1,false,23,atn,turkiye,creation,24,21,3,47
16,6,0,false,23,atn,turkiye,creation,117,36,1,94
4,7,0,false,23,atn,turkiye,creation,222,27,0,141
15,6,5,false,23,atn,turkiye,creation,150,6,0,124
11,4,0,false,23,atn,turkiye,creation,60,4,0,24
36,0,10,false,23,atn,turkiye,creation,94,0,0,15
17,8,0,false,23,metaweb,turkiye,burnin,192,0,28,0
20,0,25,false,23,metaweb,turkiye,burnin,184,8,28,0
29,8,0,false,23,metaweb,turkiye,burnin,176,16,28,0
7,8,0,false,23,metaweb,turkiye,burnin,168,24,28,0
2,8,0,false,23,metaweb,turkiye,burnin,160,32,28,0
23,0,25,false,23,metaweb,turkiye,burnin,152,40,28,0
12,8,0,false,23,metaweb,turkiye,burnin,144,48,28,0
18,0,25,false,23,metaweb,turkiye,burnin,136,56,28,0
13,8,0,false,23,metaweb,turkiye,burnin,128,64,28,0
9,8,0,false,23,metaweb,turkiye,burnin,120,72,28,0
24,0,25,false,23,metaweb,turkiye,burnin,112,80,28,0
10,8,0,false,23,metaweb,turkiye,burnin,104,88,28,0
22,0,25,false,23,metaweb,turkiye,burnin,96,96,28,0
26,8,0,false,23,metaweb,turkiye,burnin,88,104,28,0
3,8,0,false,23,metaweb,turkiye,burnin,80,112,28,0
5,8,0,false,23,metaweb,turkiye,burnin,72,120,28,0
30,8,0,false,23,metaweb,turkiye,burnin,64,128,28,0
31,8,0,false,23,metaweb,turkiye,burnin,164,136,56,119
28,8,0,false,23,metaweb,turkiye,burnin,164,136,48,127
8,8,0,false,23,metaweb,turkiye,burnin,164,136,40,135
25,0,25,false,23,metaweb,turkiye,burnin,164,136,32,143
33,8,0,false,23,metaweb,turkiye,burnin,164,136,24,151
27,8,0,false,23,metaweb,turkiye,burnin,164,136,16,159
21,0,25,false,23,metaweb,turkiye,burnin,164,136,8,167
14,8,0,false,23,metaweb,turkiye,burnin,164,136,0,175
6,8,0,false,23,metaweb,turkiye,burnin,136,56,0,28
1,8,0,false,23,metaweb,turkiye,burnin,144,48,0,28
19,0,25,false,23,metaweb,turkiye,burnin,152,40,0,28
32,8,0,false,23,metaweb,turkiye,burnin,160,32,0,28
16,8,0,false,23,metaweb,turkiye,burnin,168,24,0,28
4,8,0,false,23,metaweb,turkiye,burnin,176,16,0,28
15,8,0,false,23,metaweb,turkiye,burnin,184,8,0,28
11,8,0,false,23,metaweb,turkiye,burnin,192,0,0,28
9,0,3,false,23,down_niche_empiricalbm,turkiye,burnin,0,0,2,0
6,0,3,false,23,down_niche_empiricalbm,turkiye,burnin,0,0,0,1
1,3,0,false,23,down_niche_empiricalbm,turkiye,burnin,7,0,6,2
8,0,2,false,23,down_niche_empiricalbm,turkiye,burnin,4,4,10,1
7,0,2,false,23,down_niche_empiricalbm,turkiye,burnin,1,2,3,7
2,1,1,false,23,down_niche_empiricalbm,turkiye,burnin,1,2,2,8
10,4,0,false,23,down_niche_empiricalbm,turkiye,burnin,1,0,0,7
4,5,2,false,23,down_niche_empiricalbm,turkiye,burnin,0,1,1,6
3,4,1,false,23,down_niche_empiricalbm,turkiye,burnin,1,2,0,10
5,0,3,false,23,down_niche_empiricalbm,turkiye,burnin,7,0,0,6
8,0,1,true,23,niche,turkiye,burnin,0,0,0,0
7,0,2,false,23,niche,turkiye,burnin,0,0,0,0
2,0,1,false,23,niche,turkiye,burnin,0,0,1,0
12,0,3,false,23,niche,turkiye,burnin,0,0,0,0
13,1,0,false,23,niche,turkiye,burnin,2,0,0,0
9,2,1,false,23,niche,turkiye,burnin,2,0,0,1
6,1,2,false,23,niche,turkiye,burnin,0,0,0,1
1,10,1,false,23,niche,turkiye,burnin,0,0,0,0
14,1,0,false,23,niche,turkiye,burnin,0,2,0,0
16,0,3,false,23,niche,turkiye,burnin,1,1,0,0
10,1,1,false,23,niche,turkiye,burnin,1,0,0,0
4,0,1,false,23,niche,turkiye,burnin,1,0,0,0
3,2,1,false,23,niche,turkiye,burnin,1,0,0,0
5,2,1,false,23,niche,turkiye,burnin,0,1,0,0
15,1,2,false,23,niche,turkiye,burnin,1,2,0,0
11,1,2,false,23,niche,turkiye,burnin,3,0,0,0
17,0,11,false,23,down_niche,turkiye,burnin,1,0,3,0
20,6,1,false,23,down_niche,turkiye,burnin,46,0,10,0
7,7,2,false,23,down_niche,turkiye,burnin,34,4,10,0
2,5,0,false,23,down_niche,turkiye,burnin,32,5,8,3
23,5,0,false,23,down_niche,turkiye,burnin,44,12,15,2
12,0,8,false,23,down_niche,turkiye,burnin,33,11,10,2
18,0,11,false,23,down_niche,turkiye,burnin,37,24,21,3
13,0,8,false,23,down_niche,turkiye,burnin,28,28,15,0
9,6,0,false,23,down_niche,turkiye,burnin,0,0,15,0
24,6,1,false,23,down_niche,turkiye,burnin,6,4,0,4
10,5,1,false,23,down_niche,turkiye,burnin,5,4,0,2
22,6,1,false,23,down_niche,turkiye,burnin,13,15,20,13
26,5,1,false,23,down_niche,turkiye,burnin,13,15,11,25
3,4,2,false,23,down_niche,turkiye,burnin,3,0,11,3
5,6,1,false,23,down_niche,turkiye,burnin,21,24,11,35
8,6,0,false,23,down_niche,turkiye,burnin,29,35,11,39
25,4,1,false,23,down_niche,turkiye,burnin,25,30,6,42
21,2,1,false,23,down_niche,turkiye,burnin,24,30,2,41
14,0,3,false,23,down_niche,turkiye,burnin,21,24,0,42
6,5,1,false,23,down_niche,turkiye,burnin,28,20,0,20
1,3,0,false,23,down_niche,turkiye,burnin,10,7,0,6
19,0,10,false,23,down_niche,turkiye,burnin,39,15,0,20
16,0,12,false,23,down_niche,turkiye,burnin,30,7,0,10
4,4,2,false,23,down_niche,turkiye,burnin,43,6,0,20
15,0,10,false,23,down_niche,turkiye,burnin,34,3,0,11
11,4,1,false,23,down_niche,turkiye,burnin,47,0,0,15
6,0,4,false,23,atn_empiricalbm,turkiye,burnin,6,0,1,0
1,2,0,false,23,atn_empiricalbm,turkiye,burnin,4,2,1,0
7,0,1,false,23,atn_empiricalbm,turkiye,burnin,2,4,3,0
2,2,0,false,23,atn_empiricalbm,turkiye,burnin,0,6,1,0
4,2,0,false,23,atn_empiricalbm,turkiye,burnin,6,0,0,5
3,3,0,false,23,atn_empiricalbm,turkiye,burnin,6,0,0,5
5,0,4,false,23,atn_empiricalbm,turkiye,burnin,0,0,0,2
9,8,0,false,23,metaweb_empiricalbm,turkiye,burnin,0,0,7,0
6,0,1,false,23,metaweb_empiricalbm,turkiye,burnin,0,0,6,1
1,0,1,false,23,metaweb_empiricalbm,turkiye,burnin,0,0,5,2
8,0,1,false,23,metaweb_empiricalbm,turkiye,burnin,0,0,4,3
7,0,1,false,23,metaweb_empiricalbm,turkiye,burnin,0,0,3,4
2,0,1,false,23,metaweb_empiricalbm,turkiye,burnin,0,0,2,5
4,0,1,false,23,metaweb_empiricalbm,turkiye,burnin,0,0,1,6
3,0,1,false,23,metaweb_empiricalbm,turkiye,burnin,0,0,0,7
5,0,1,false,23,metaweb_empiricalbm,turkiye,burnin,0,0,0,28
17,0,1,false,23,atn,turkiye,burnin,36,0,21,0
20,0,10,false,23,atn,turkiye,burnin,13,5,45,0
7,6,0,false,23,atn,turkiye,burnin,42,6,15,0
2,10,0,false,23,atn,turkiye,burnin,42,6,15,9
23,6,3,false,23,atn,turkiye,burnin,32,16,15,0
12,0,7,false,23,atn,turkiye,burnin,32,16,15,9
18,0,4,false,23,atn,turkiye,burnin,22,26,15,0
13,0,10,false,23,atn,turkiye,burnin,23,16,21,15
9,7,0,false,23,atn,turkiye,burnin,10,26,15,6
24,6,1,false,23,atn,turkiye,burnin,16,32,15,9
10,6,1,false,23,atn,turkiye,burnin,3,3,9,5
22,4,7,false,23,atn,turkiye,burnin,9,12,11,22
3,6,0,false,23,atn,turkiye,burnin,24,21,12,38
5,6,0,false,23,atn,turkiye,burnin,29,16,7,45
8,6,3,false,23,atn,turkiye,burnin,15,6,3,38
25,6,0,false,23,atn,turkiye,burnin,3,0,0,21
21,2,10,false,23,atn,turkiye,burnin,0,0,0,9
14,0,10,false,23,atn,turkiye,burnin,3,3,3,11
6,6,1,false,23,atn,turkiye,burnin,9,12,3,30
1,7,0,false,23,atn,turkiye,burnin,24,21,3,47
19,0,7,false,23,atn,turkiye,burnin,31,20,1,52
16,0,3,false,23,atn,turkiye,burnin,27,12,0,47
4,6,1,false,23,atn,turkiye,burnin,33,6,0,36
15,0,7,false,23,atn,turkiye,burnin,44,4,0,24
11,0,4,false,23,atn,turkiye,burnin,48,0,0,15
17,8,1,true,24,metaweb,turkiye,creation,0,0,0,0
20,8,7,true,24,metaweb,turkiye,creation,0,0,0,0
29,0,27,true,24,metaweb,turkiye,creation,0,0,0,0
34,8,1,true,24,metaweb,turkiye,creation,0,0,0,0
7,8,6,true,24,metaweb,turkiye,creation,0,0,0,0
2,19,3,false,24,metaweb,turkiye,creation,192,0,28,0
23,8,6,false,24,metaweb,turkiye,creation,184,8,28,0
40,8,1,false,24,metaweb,turkiye,creation,176,16,28,0
12,8,7,false,24,metaweb,turkiye,creation,168,24,28,0
18,8,6,false,24,metaweb,turkiye,creation,160,32,28,0
13,8,1,false,24,metaweb,turkiye,creation,152,40,28,0
9,8,6,false,24,metaweb,turkiye,creation,144,48,28,0
24,24,6,false,24,metaweb,turkiye,creation,136,56,28,0
10,8,6,false,24,metaweb,turkiye,creation,128,64,28,0
22,8,1,false,24,metaweb,turkiye,creation,120,72,28,0
26,0,27,false,24,metaweb,turkiye,creation,112,80,28,0
3,19,3,false,24,metaweb,turkiye,creation,104,88,28,0
5,11,7,false,24,metaweb,turkiye,creation,96,96,28,0
30,0,27,false,24,metaweb,turkiye,creation,88,104,28,0
31,0,27,false,24,metaweb,turkiye,creation,80,112,28,0
28,0,27,false,24,metaweb,turkiye,creation,72,120,28,0
38,8,1,false,24,metaweb,turkiye,creation,64,128,28,0
37,8,1,false,24,metaweb,turkiye,creation,0,0,28,0
8,8,0,true,24,metaweb,turkiye,creation,0,0,0,0
35,8,1,true,24,metaweb,turkiye,creation,0,0,0,0
25,24,6,false,24,metaweb,turkiye,creation,164,136,56,119
33,0,27,false,24,metaweb,turkiye,creation,164,136,48,127
41,8,1,false,24,metaweb,turkiye,creation,164,136,40,135
27,0,27,false,24,metaweb,turkiye,creation,164,136,32,143
21,8,7,false,24,metaweb,turkiye,creation,164,136,24,151
39,8,1,false,24,metaweb,turkiye,creation,164,136,16,159
14,8,7,false,24,metaweb,turkiye,creation,164,136,8,167
6,8,0,false,24,metaweb,turkiye,creation,164,136,0,175
1,19,3,false,24,metaweb,turkiye,creation,136,56,0,35
19,8,6,false,24,metaweb,turkiye,creation,144,48,0,35
32,0,27,false,24,metaweb,turkiye,creation,152,40,0,35
16,8,7,false,24,metaweb,turkiye,creation,160,32,0,35
4,16,6,false,24,metaweb,turkiye,creation,168,24,0,35
15,8,1,false,24,metaweb,turkiye,creation,176,16,0,35
11,8,7,false,24,metaweb,turkiye,creation,184,8,0,35
36,8,1,false,24,metaweb,turkiye,creation,192,0,0,35
17,6,0,false,24,down_niche_empiricalbm,turkiye,creation,11,0,15,0
20,5,3,false,24,down_niche_empiricalbm,turkiye,creation,8,4,15,0
29,0,21,true,24,down_niche_empiricalbm,turkiye,creation,0,0,0,0
34,4,1,false,24,down_niche_empiricalbm,turkiye,creation,3,3,6,0
7,6,1,false,24,down_niche_empiricalbm,turkiye,creation,0,4,19,0
2,7,1,false,24,down_niche_empiricalbm,turkiye,creation,96,0,15,0
23,7,1,false,24,down_niche_empiricalbm,turkiye,creation,95,5,15,5
40,3,1,false,24,down_niche_empiricalbm,turkiye,creation,102,10,15,0
12,5,3,false,24,down_niche_empiricalbm,turkiye,creation,69,15,18,14
18,4,3,false,24,down_niche_empiricalbm,turkiye,creation,91,21,22,5
13,4,1,false,24,down_niche_empiricalbm,turkiye,creation,62,17,6,14
9,5,5,false,24,down_niche_empiricalbm,turkiye,creation,68,24,16,3
24,11,1,false,24,down_niche_empiricalbm,turkiye,creation,52,23,6,4
10,6,3,false,24,down_niche_empiricalbm,turkiye,creation,60,33,16,9
22,5,1,false,24,down_niche_empiricalbm,turkiye,creation,46,29,6,4
26,0,21,false,24,down_niche_empiricalbm,turkiye,creation,63,49,19,8
3,5,1,false,24,down_niche_empiricalbm,turkiye,creation,49,48,15,0
5,5,1,false,24,down_niche_empiricalbm,turkiye,creation,38,39,6,8
30,0,21,false,24,down_niche_empiricalbm,turkiye,creation,27,34,6,16
31,0,20,false,24,down_niche_empiricalbm,turkiye,creation,37,56,12,12
28,0,6,false,24,down_niche_empiricalbm,turkiye,creation,31,51,7,21
38,4,1,false,24,down_niche_empiricalbm,turkiye,creation,32,64,10,4
37,6,1,false,24,down_niche_empiricalbm,turkiye,creation,0,0,22,9
8,6,0,false,24,down_niche_empiricalbm,turkiye,creation,17,7,0,47
35,6,1,true,24,down_niche_empiricalbm,turkiye,creation,0,0,0,0
25,12,2,false,24,down_niche_empiricalbm,turkiye,creation,113,90,25,60
33,0,17,false,24,down_niche_empiricalbm,turkiye,creation,87,84,22,57
41,4,0,false,24,down_niche_empiricalbm,turkiye,creation,6,4,2,20
27,0,19,false,24,down_niche_empiricalbm,turkiye,creation,99,91,15,66
21,4,4,false,24,down_niche_empiricalbm,turkiye,creation,130,80,8,76
39,5,1,false,24,down_niche_empiricalbm,turkiye,creation,106,84,4,75
14,5,3,false,24,down_niche_empiricalbm,turkiye,creation,0,0,0,0
6,6,0,false,24,down_niche_empiricalbm,turkiye,creation,70,66,0,71
1,6,0,false,24,down_niche_empiricalbm,turkiye,creation,53,21,0,12
19,3,5,false,24,down_niche_empiricalbm,turkiye,creation,85,27,0,21
32,0,0,false,24,down_niche_empiricalbm,turkiye,creation,91,21,0,21
16,6,4,false,24,down_niche_empiricalbm,turkiye,creation,97,15,0,21
4,4,0,false,24,down_niche_empiricalbm,turkiye,creation,51,6,0,12
15,4,1,false,24,down_niche_empiricalbm,turkiye,creation,90,6,0,16
11,4,3,false,24,down_niche_empiricalbm,turkiye,creation,55,1,0,9
36,6,1,false,24,down_niche_empiricalbm,turkiye,creation,74,0,0,6
17,0,4,false,24,niche,turkiye,creation,0,0,31,0
20,0,4,false,24,niche,turkiye,creation,45,0,304,7
29,0,8,false,24,niche,turkiye,creation,7,1,4,8
34,1,6,false,24,niche,turkiye,creation,30,12,56,8
7,4,1,false,24,niche,turkiye,creation,9,10,36,6
2,28,1,false,24,niche,turkiye,creation,5,39,150,6
23,5,6,false,24,niche,turkiye,creation,3,12,6,8
40,0,5,false,24,niche,turkiye,creation,2,4,0,8
12,0,3,false,24,niche,turkiye,creation,6,1,0,32
18,6,4,false,24,niche,turkiye,creation,10,6,5,50
13,0,3,false,24,niche,turkiye,creation,29,12,40,36
9,1,3,false,24,niche,turkiye,creation,3,0,0,53
24,5,6,false,24,niche,turkiye,creation,3,0,0,53
10,4,4,false,24,niche,turkiye,creation,27,5,8,48
22,8,7,false,24,niche,turkiye,creation,31,13,29,43
26,0,6,false,24,niche,turkiye,creation,6,0,0,61
3,4,1,false,24,niche,turkiye,creation,6,0,0,64
5,9,1,false,24,niche,turkiye,creation,19,17,13,45
30,2,8,false,24,niche,turkiye,creation,13,2,3,59
31,1,9,false,24,niche,turkiye,creation,6,0,0,59
28,2,8,false,24,niche,turkiye,creation,13,26,31,40
38,2,3,false,24,niche,turkiye,creation,22,24,26,45
37,1,3,false,24,niche,turkiye,creation,8,20,8,56
8,1,1,false,24,niche,turkiye,creation,17,5,10,65
35,2,5,false,24,niche,turkiye,creation,14,8,6,68
25,4,7,false,24,niche,turkiye,creation,6,0,0,72
33,0,7,false,24,niche,turkiye,creation,16,7,3,74
41,0,4,false,24,niche,turkiye,creation,18,0,1,48
27,3,8,false,24,niche,turkiye,creation,18,0,0,63
21,9,4,false,24,niche,turkiye,creation,18,7,1,59
39,0,3,false,24,niche,turkiye,creation,19,1,0,56
14,5,3,false,24,niche,turkiye,creation,17,3,1,51
6,19,1,false,24,niche,turkiye,creation,14,0,0,38
1,9,0,false,24,niche,turkiye,creation,8,2,0,38
19,3,4,false,24,niche,turkiye,creation,7,5,1,39
32,2,8,false,24,niche,turkiye,creation,1,0,0,32
16,1,4,false,24,niche,turkiye,creation,2,1,0,32
4,12,1,false,24,niche,turkiye,creation,2,6,1,1
15,9,3,false,24,niche,turkiye,creation,3,0,0,5
11,11,3,false,24,niche,turkiye,creation,9,0,0,7
36,0,3,false,24,niche,turkiye,creation,6,0,0,5
17,6,0,false,24,down_niche,turkiye,creation,11,0,15,0
20,5,3,false,24,down_niche,turkiye,creation,8,4,15,0
29,0,21,true,24,down_niche,turkiye,creation,0,0,0,0
34,4,1,false,24,down_niche,turkiye,creation,3,3,6,0
7,6,1,false,24,down_niche,turkiye,creation,0,4,19,0
2,7,1,false,24,down_niche,turkiye,creation,96,0,15,0
23,7,1,false,24,down_niche,turkiye,creation,95,5,15,5
40,3,1,false,24,down_niche,turkiye,creation,102,10,15,0
12,5,3,false,24,down_niche,turkiye,creation,69,15,18,14
18,4,3,false,24,down_niche,turkiye,creation,91,21,22,5
13,4,1,false,24,down_niche,turkiye,creation,62,17,6,14
9,5,5,false,24,down_niche,turkiye,creation,68,24,16,3
24,11,1,false,24,down_niche,turkiye,creation,52,23,6,4
10,6,3,false,24,down_niche,turkiye,creation,60,33,16,9
22,5,1,false,24,down_niche,turkiye,creation,46,29,6,4
26,0,21,false,24,down_niche,turkiye,creation,63,49,19,8
3,5,1,false,24,down_niche,turkiye,creation,49,48,15,0
5,5,1,false,24,down_niche,turkiye,creation,38,39,6,8
30,0,21,false,24,down_niche,turkiye,creation,27,34,6,16
31,0,20,false,24,down_niche,turkiye,creation,37,56,12,12
28,0,6,false,24,down_niche,turkiye,creation,31,51,7,21
38,4,1,false,24,down_niche,turkiye,creation,32,64,10,4
37,6,1,false,24,down_niche,turkiye,creation,0,0,22,9
8,6,0,false,24,down_niche,turkiye,creation,17,7,0,47
35,6,1,true,24,down_niche,turkiye,creation,0,0,0,0
25,12,2,false,24,down_niche,turkiye,creation,113,90,25,60
33,0,17,false,24,down_niche,turkiye,creation,87,84,22,57
41,4,0,false,24,down_niche,turkiye,creation,6,4,2,20
27,0,19,false,24,down_niche,turkiye,creation,99,91,15,66
21,4,4,false,24,down_niche,turkiye,creation,130,80,8,76
39,5,1,false,24,down_niche,turkiye,creation,106,84,4,75
14,5,3,false,24,down_niche,turkiye,creation,0,0,0,0
6,6,0,false,24,down_niche,turkiye,creation,70,66,0,71
1,6,0,false,24,down_niche,turkiye,creation,53,21,0,12
19,3,5,false,24,down_niche,turkiye,creation,85,27,0,21
32,0,0,false,24,down_niche,turkiye,creation,91,21,0,21
16,6,4,false,24,down_niche,turkiye,creation,97,15,0,21
4,4,0,false,24,down_niche,turkiye,creation,51,6,0,12
15,4,1,false,24,down_niche,turkiye,creation,90,6,0,16
11,4,3,false,24,down_niche,turkiye,creation,55,1,0,9
36,6,1,false,24,down_niche,turkiye,creation,74,0,0,6
17,6,12,false,24,atn_empiricalbm,turkiye,creation,102,0,15,0
20,4,0,false,24,atn_empiricalbm,turkiye,creation,97,4,28,0
29,0,15,false,24,atn_empiricalbm,turkiye,creation,76,9,10,0
34,0,3,false,24,atn_empiricalbm,turkiye,creation,81,16,21,0
7,5,0,false,24,atn_empiricalbm,turkiye,creation,80,10,15,0
2,8,0,false,24,atn_empiricalbm,turkiye,creation,75,26,28,0
23,8,0,false,24,atn_empiricalbm,turkiye,creation,59,26,10,0
40,6,7,false,24,atn_empiricalbm,turkiye,creation,60,37,21,0
12,6,0,false,24,atn_empiricalbm,turkiye,creation,49,36,10,0
18,5,0,false,24,atn_empiricalbm,turkiye,creation,44,41,10,0
13,6,0,false,24,atn_empiricalbm,turkiye,creation,64,26,15,0
9,5,0,false,24,atn_empiricalbm,turkiye,creation,56,46,15,0
24,6,0,false,24,atn_empiricalbm,turkiye,creation,54,36,15,0
10,5,0,false,24,atn_empiricalbm,turkiye,creation,48,42,15,0
22,4,5,false,24,atn_empiricalbm,turkiye,creation,26,20,6,0
26,0,3,false,24,atn_empiricalbm,turkiye,creation,40,62,15,0
3,5,0,false,24,atn_empiricalbm,turkiye,creation,60,58,40,42
5,6,0,false,24,atn_empiricalbm,turkiye,creation,30,55,6,4
30,0,23,false,24,atn_empiricalbm,turkiye,creation,33,68,21,7
31,0,16,false,24,atn_empiricalbm,turkiye,creation,20,52,6,0
28,0,10,false,24,atn_empiricalbm,turkiye,creation,16,56,6,0
38,4,23,false,24,atn_empiricalbm,turkiye,creation,16,40,18,23
37,2,15,false,24,atn_empiricalbm,turkiye,creation,25,76,15,13
8,7,0,false,24,atn_empiricalbm,turkiye,creation,10,92,15,0
35,0,4,false,24,atn_empiricalbm,turkiye,creation,17,84,15,13
25,8,0,false,24,atn_empiricalbm,turkiye,creation,3,0,9,0
33,0,0,false,24,atn_empiricalbm,turkiye,creation,3,3,11,7
41,6,0,false,24,atn_empiricalbm,turkiye,creation,24,21,12,34
27,0,4,false,24,atn_empiricalbm,turkiye,creation,79,26,7,60
21,4,0,false,24,atn_empiricalbm,turkiye,creation,231,22,3,115
39,6,16,false,24,atn_empiricalbm,turkiye,creation,120,0,0,87
14,6,0,false,24,atn_empiricalbm,turkiye,creation,21,0,0,47
6,8,0,false,24,atn_empiricalbm,turkiye,creation,0,0,0,0
1,6,0,false,24,atn_empiricalbm,turkiye,creation,3,0,3,6
19,8,0,false,24,atn_empiricalbm,turkiye,creation,3,3,3,15
32,0,7,false,24,atn_empiricalbm,turkiye,creation,24,21,3,43
16,6,0,false,24,atn_empiricalbm,turkiye,creation,79,30,1,67
4,7,0,false,24,atn_empiricalbm,turkiye,creation,235,28,0,124
15,4,0,false,24,atn_empiricalbm,turkiye,creation,142,6,0,102
11,6,0,false,24,atn_empiricalbm,turkiye,creation,69,4,0,62
36,0,10,false,24,atn_empiricalbm,turkiye,creation,90,0,0,15
17,8,1,true,24,metaweb_empiricalbm,turkiye,creation,0,0,0,0
20,8,7,true,24,metaweb_empiricalbm,turkiye,creation,0,0,0,0
29,0,27,true,24,metaweb_empiricalbm,turkiye,creation,0,0,0,0
34,8,1,true,24,metaweb_empiricalbm,turkiye,creation,0,0,0,0
7,8,6,true,24,metaweb_empiricalbm,turkiye,creation,0,0,0,0
2,19,3,false,24,metaweb_empiricalbm,turkiye,creation,192,0,28,0
23,8,6,false,24,metaweb_empiricalbm,turkiye,creation,184,8,28,0
40,8,1,false,24,metaweb_empiricalbm,turkiye,creation,176,16,28,0
12,8,7,false,24,metaweb_empiricalbm,turkiye,creation,168,24,28,0
18,8,6,false,24,metaweb_empiricalbm,turkiye,creation,160,32,28,0
13,8,1,false,24,metaweb_empiricalbm,turkiye,creation,152,40,28,0
9,8,6,false,24,metaweb_empiricalbm,turkiye,creation,144,48,28,0
24,24,6,false,24,metaweb_empiricalbm,turkiye,creation,136,56,28,0
10,8,6,false,24,metaweb_empiricalbm,turkiye,creation,128,64,28,0
22,8,1,false,24,metaweb_empiricalbm,turkiye,creation,120,72,28,0
26,0,27,false,24,metaweb_empiricalbm,turkiye,creation,112,80,28,0
3,19,3,false,24,metaweb_empiricalbm,turkiye,creation,104,88,28,0
5,11,7,false,24,metaweb_empiricalbm,turkiye,creation,96,96,28,0
30,0,27,false,24,metaweb_empiricalbm,turkiye,creation,88,104,28,0
31,0,27,false,24,metaweb_empiricalbm,turkiye,creation,80,112,28,0
28,0,27,false,24,metaweb_empiricalbm,turkiye,creation,72,120,28,0
38,8,1,false,24,metaweb_empiricalbm,turkiye,creation,64,128,28,0
37,8,1,false,24,metaweb_empiricalbm,turkiye,creation,0,0,28,0
8,8,0,true,24,metaweb_empiricalbm,turkiye,creation,0,0,0,0
35,8,1,true,24,metaweb_empiricalbm,turkiye,creation,0,0,0,0
25,24,6,false,24,metaweb_empiricalbm,turkiye,creation,164,136,56,119
33,0,27,false,24,metaweb_empiricalbm,turkiye,creation,164,136,48,127
41,8,1,false,24,metaweb_empiricalbm,turkiye,creation,164,136,40,135
27,0,27,false,24,metaweb_empiricalbm,turkiye,creation,164,136,32,143
21,8,7,false,24,metaweb_empiricalbm,turkiye,creation,164,136,24,151
39,8,1,false,24,metaweb_empiricalbm,turkiye,creation,164,136,16,159
14,8,7,false,24,metaweb_empiricalbm,turkiye,creation,164,136,8,167
6,8,0,false,24,metaweb_empiricalbm,turkiye,creation,164,136,0,175
1,19,3,false,24,metaweb_empiricalbm,turkiye,creation,136,56,0,35
19,8,6,false,24,metaweb_empiricalbm,turkiye,creation,144,48,0,35
32,0,27,false,24,metaweb_empiricalbm,turkiye,creation,152,40,0,35
16,8,7,false,24,metaweb_empiricalbm,turkiye,creation,160,32,0,35
4,16,6,false,24,metaweb_empiricalbm,turkiye,creation,168,24,0,35
15,8,1,false,24,metaweb_empiricalbm,turkiye,creation,176,16,0,35
11,8,7,false,24,metaweb_empiricalbm,turkiye,creation,184,8,0,35
36,8,1,false,24,metaweb_empiricalbm,turkiye,creation,192,0,0,35
17,6,12,false,24,atn,turkiye,creation,102,0,15,0
20,4,0,false,24,atn,turkiye,creation,97,4,28,0
29,0,15,false,24,atn,turkiye,creation,76,9,10,0
34,0,3,false,24,atn,turkiye,creation,81,16,21,0
7,5,0,false,24,atn,turkiye,creation,80,10,15,0
2,8,0,false,24,atn,turkiye,creation,75,26,28,0
23,8,0,false,24,atn,turkiye,creation,59,26,10,0
40,6,7,false,24,atn,turkiye,creation,60,37,21,0
12,6,0,false,24,atn,turkiye,creation,49,36,10,0
18,5,0,false,24,atn,turkiye,creation,44,41,10,0
13,6,0,false,24,atn,turkiye,creation,64,26,15,0
9,5,0,false,24,atn,turkiye,creation,56,46,15,0
24,6,0,false,24,atn,turkiye,creation,54,36,15,0
10,5,0,false,24,atn,turkiye,creation,48,42,15,0
22,4,5,false,24,atn,turkiye,creation,26,20,6,0
26,0,3,false,24,atn,turkiye,creation,40,62,15,0
3,5,0,false,24,atn,turkiye,creation,60,58,40,42
5,6,0,false,24,atn,turkiye,creation,30,55,6,4
30,0,23,false,24,atn,turkiye,creation,33,68,21,7
31,0,16,false,24,atn,turkiye,creation,20,52,6,0
28,0,10,false,24,atn,turkiye,creation,16,56,6,0
38,4,23,false,24,atn,turkiye,creation,16,40,18,23
37,2,15,false,24,atn,turkiye,creation,25,76,15,13
8,7,0,false,24,atn,turkiye,creation,10,92,15,0
35,0,4,false,24,atn,turkiye,creation,17,84,15,13
25,8,0,false,24,atn,turkiye,creation,3,0,9,0
33,0,0,false,24,atn,turkiye,creation,3,3,11,7
41,6,0,false,24,atn,turkiye,creation,24,21,12,34
27,0,4,false,24,atn,turkiye,creation,79,26,7,60
21,4,0,false,24,atn,turkiye,creation,231,22,3,115
39,6,16,false,24,atn,turkiye,creation,120,0,0,87
14,6,0,false,24,atn,turkiye,creation,21,0,0,47
6,8,0,false,24,atn,turkiye,creation,0,0,0,0
1,6,0,false,24,atn,turkiye,creation,3,0,3,6
19,8,0,false,24,atn,turkiye,creation,3,3,3,15
32,0,7,false,24,atn,turkiye,creation,24,21,3,43
16,6,0,false,24,atn,turkiye,creation,79,30,1,67
4,7,0,false,24,atn,turkiye,creation,235,28,0,124
15,4,0,false,24,atn,turkiye,creation,142,6,0,102
11,6,0,false,24,atn,turkiye,creation,69,4,0,62
36,0,10,false,24,atn,turkiye,creation,90,0,0,15
17,8,0,false,24,metaweb,turkiye,burnin,192,0,28,0
20,0,25,false,24,metaweb,turkiye,burnin,184,8,28,0
29,8,0,false,24,metaweb,turkiye,burnin,176,16,28,0
7,8,0,false,24,metaweb,turkiye,burnin,168,24,28,0
2,8,0,false,24,metaweb,turkiye,burnin,160,32,28,0
23,0,25,false,24,metaweb,turkiye,burnin,152,40,28,0
12,8,0,false,24,metaweb,turkiye,burnin,144,48,28,0
18,0,25,false,24,metaweb,turkiye,burnin,136,56,28,0
13,8,0,false,24,metaweb,turkiye,burnin,128,64,28,0
9,8,0,false,24,metaweb,turkiye,burnin,120,72,28,0
24,0,25,false,24,metaweb,turkiye,burnin,112,80,28,0
10,8,0,false,24,metaweb,turkiye,burnin,104,88,28,0
22,0,25,false,24,metaweb,turkiye,burnin,96,96,28,0
26,8,0,false,24,metaweb,turkiye,burnin,88,104,28,0
3,8,0,false,24,metaweb,turkiye,burnin,80,112,28,0
5,8,0,false,24,metaweb,turkiye,burnin,72,120,28,0
30,8,0,false,24,metaweb,turkiye,burnin,64,128,28,0
31,8,0,false,24,metaweb,turkiye,burnin,164,136,56,119
28,8,0,false,24,metaweb,turkiye,burnin,164,136,48,127
8,8,0,false,24,metaweb,turkiye,burnin,164,136,40,135
25,0,25,false,24,metaweb,turkiye,burnin,164,136,32,143
33,8,0,false,24,metaweb,turkiye,burnin,164,136,24,151
27,8,0,false,24,metaweb,turkiye,burnin,164,136,16,159
21,0,25,false,24,metaweb,turkiye,burnin,164,136,8,167
14,8,0,false,24,metaweb,turkiye,burnin,164,136,0,175
6,8,0,false,24,metaweb,turkiye,burnin,136,56,0,28
1,8,0,false,24,metaweb,turkiye,burnin,144,48,0,28
19,0,25,false,24,metaweb,turkiye,burnin,152,40,0,28
32,8,0,false,24,metaweb,turkiye,burnin,160,32,0,28
16,8,0,false,24,metaweb,turkiye,burnin,168,24,0,28
4,8,0,false,24,metaweb,turkiye,burnin,176,16,0,28
15,8,0,false,24,metaweb,turkiye,burnin,184,8,0,28
11,8,0,false,24,metaweb,turkiye,burnin,192,0,0,28
6,0,2,false,24,down_niche_empiricalbm,turkiye,burnin,1,0,8,0
1,0,2,false,24,down_niche_empiricalbm,turkiye,burnin,0,0,4,1
8,6,0,false,24,down_niche_empiricalbm,turkiye,burnin,1,0,5,3
7,4,0,false,24,down_niche_empiricalbm,turkiye,burnin,0,0,2,3
2,0,1,false,24,down_niche_empiricalbm,turkiye,burnin,1,0,2,6
4,0,1,false,24,down_niche_empiricalbm,turkiye,burnin,1,0,0,8
3,0,2,false,24,down_niche_empiricalbm,turkiye,burnin,0,4,0,6
5,0,2,false,24,down_niche_empiricalbm,turkiye,burnin,4,0,0,15
17,4,7,false,24,niche,turkiye,burnin,0,0,12,0
20,0,4,false,24,niche,turkiye,burnin,25,0,192,4
29,2,2,false,24,niche,turkiye,burnin,19,8,23,5
7,3,3,false,24,niche,turkiye,burnin,4,20,66,3
2,22,1,false,24,niche,turkiye,burnin,2,12,6,5
23,2,4,false,24,niche,turkiye,burnin,3,1,0,16
12,3,4,false,24,niche,turkiye,burnin,6,4,2,30
18,0,6,false,24,niche,turkiye,burnin,8,8,27,20
13,0,4,false,24,niche,turkiye,burnin,1,0,0,33
9,0,2,false,24,niche,turkiye,burnin,1,0,0,33
24,0,5,false,24,niche,turkiye,burnin,3,0,0,40
10,0,2,false,24,niche,turkiye,burnin,13,0,3,43
22,1,5,false,24,niche,turkiye,burnin,6,0,0,43
26,2,3,false,24,niche,turkiye,burnin,12,9,20,30
3,8,1,false,24,niche,turkiye,burnin,11,6,19,30
5,4,1,false,24,niche,turkiye,burnin,14,1,10,44
30,0,2,false,24,niche,turkiye,burnin,11,5,6,46
31,0,4,false,24,niche,turkiye,burnin,6,0,0,51
28,1,2,false,24,niche,turkiye,burnin,2,0,1,30
8,9,2,false,24,niche,turkiye,burnin,2,0,0,37
25,1,4,false,24,niche,turkiye,burnin,2,5,1,35
27,0,3,false,24,niche,turkiye,burnin,3,0,0,34
21,2,4,false,24,niche,turkiye,burnin,4,2,1,30
14,7,4,false,24,niche,turkiye,burnin,7,0,0,26
6,1,2,false,24,niche,turkiye,burnin,3,1,0,26
1,6,0,false,24,niche,turkiye,burnin,3,4,1,26
19,2,4,false,24,niche,turkiye,burnin,1,0,0,26
32,0,4,false,24,niche,turkiye,burnin,0,1,0,24
16,5,6,false,24,niche,turkiye,burnin,1,6,1,0
4,13,1,false,24,niche,turkiye,burnin,1,0,0,2
15,7,6,false,24,niche,turkiye,burnin,6,0,0,5
11,0,3,false,24,niche,turkiye,burnin,6,0,0,5
17,5,0,false,24,down_niche,turkiye,burnin,2,0,15,0
20,0,20,false,24,down_niche,turkiye,burnin,0,2,10,0
29,6,0,false,24,down_niche,turkiye,burnin,95,0,15,0
34,4,0,false,24,down_niche,turkiye,burnin,94,5,15,5
7,6,0,false,24,down_niche,turkiye,burnin,101,10,15,0
2,5,0,false,24,down_niche,turkiye,burnin,66,12,10,5
23,0,20,false,24,down_niche,turkiye,burnin,91,20,15,0
12,4,1,false,24,down_niche,turkiye,burnin,60,17,6,9
18,4,2,false,24,down_niche,turkiye,burnin,68,24,10,0
13,6,0,false,24,down_niche,turkiye,burnin,51,23,6,4
9,5,0,false,24,down_niche,turkiye,burnin,60,32,10,5
24,0,21,false,24,down_niche,turkiye,burnin,45,29,6,4
10,4,1,false,24,down_niche,turkiye,burnin,63,48,15,0
22,0,5,false,24,down_niche,turkiye,burnin,48,48,15,0
26,0,17,false,24,down_niche,turkiye,burnin,37,39,6,0
3,6,0,false,24,down_niche,turkiye,burnin,26,32,3,5
5,6,0,false,24,down_niche,turkiye,burnin,37,55,10,0
30,6,0,false,24,down_niche,turkiye,burnin,29,49,6,9
31,4,0,false,24,down_niche,turkiye,burnin,31,64,10,4
28,6,0,false,24,down_niche,turkiye,burnin,106,84,25,57
8,4,2,false,24,down_niche,turkiye,burnin,87,84,22,57
25,0,20,false,24,down_niche,turkiye,burnin,6,4,2,20
33,3,0,false,24,down_niche,turkiye,burnin,99,91,15,66
27,4,0,false,24,down_niche,turkiye,burnin,130,80,8,76
21,0,19,false,24,down_niche,turkiye,burnin,106,84,4,75
14,6,0,false,24,down_niche,turkiye,burnin,70,66,0,71
6,5,1,false,24,down_niche,turkiye,burnin,52,21,0,6
1,6,0,false,24,down_niche,turkiye,burnin,84,27,0,15
19,5,1,false,24,down_niche,turkiye,burnin,90,21,0,15
32,5,0,false,24,down_niche,turkiye,burnin,96,15,0,15
16,3,1,false,24,down_niche,turkiye,burnin,51,6,0,6
4,6,1,false,24,down_niche,turkiye,burnin,89,6,0,10
15,4,0,false,24,down_niche,turkiye,burnin,55,1,0,3
11,5,1,false,24,down_niche,turkiye,burnin,73,0,0,6
6,0,2,false,24,atn_empiricalbm,turkiye,burnin,5,0,3,0
1,3,0,false,24,atn_empiricalbm,turkiye,burnin,2,3,3,0
2,3,0,false,24,atn_empiricalbm,turkiye,burnin,0,4,1,0
4,0,3,false,24,atn_empiricalbm,turkiye,burnin,3,0,0,5
3,2,0,false,24,atn_empiricalbm,turkiye,burnin,3,0,0,5
5,0,3,false,24,atn_empiricalbm,turkiye,burnin,1,0,0,4
9,8,0,false,24,metaweb_empiricalbm,turkiye,burnin,0,0,7,0
6,0,1,false,24,metaweb_empiricalbm,turkiye,burnin,0,0,6,1
1,0,1,false,24,metaweb_empiricalbm,turkiye,burnin,0,0,5,2
8,0,1,false,24,metaweb_empiricalbm,turkiye,burnin,0,0,4,3
7,0,1,false,24,metaweb_empiricalbm,turkiye,burnin,0,0,3,4
2,0,1,false,24,metaweb_empiricalbm,turkiye,burnin,0,0,2,5
4,0,1,false,24,metaweb_empiricalbm,turkiye,burnin,0,0,1,6
3,0,1,false,24,metaweb_empiricalbm,turkiye,burnin,0,0,0,7
5,0,1,false,24,metaweb_empiricalbm,turkiye,burnin,0,0,0,28
17,0,13,false,24,atn,turkiye,burnin,54,0,15,0
20,0,2,false,24,atn,turkiye,burnin,29,4,21,0
7,6,0,false,24,atn,turkiye,burnin,56,6,15,0
2,7,0,false,24,atn,turkiye,burnin,20,13,21,0
23,0,10,false,24,atn,turkiye,burnin,48,14,15,0
12,4,0,false,24,atn,turkiye,burnin,32,22,15,0
18,0,11,false,24,atn,turkiye,burnin,38,24,15,0
13,6,0,false,24,atn,turkiye,burnin,32,30,15,0
9,4,0,false,24,atn,turkiye,burnin,22,20,6,0
24,2,13,false,24,atn,turkiye,burnin,16,38,15,0
10,6,0,false,24,atn,turkiye,burnin,23,26,15,12
22,0,4,false,24,atn,turkiye,burnin,12,30,6,0
26,6,6,false,24,atn,turkiye,burnin,6,48,15,0
3,6,0,false,24,atn,turkiye,burnin,3,0,9,0
5,6,0,false,24,atn,turkiye,burnin,3,3,11,7
28,6,0,false,24,atn,turkiye,burnin,24,21,12,34
8,6,0,false,24,atn,turkiye,burnin,56,22,7,54
25,4,11,false,24,atn,turkiye,burnin,45,10,3,54
27,6,2,false,24,atn,turkiye,burnin,15,0,0,32
21,0,3,false,24,atn,turkiye,burnin,1,0,0,12
14,0,3,false,24,atn,turkiye,burnin,3,0,3,6
6,6,0,false,24,atn,turkiye,burnin,3,3,3,15
1,6,0,false,24,atn,turkiye,burnin,24,21,3,43
19,0,6,false,24,atn,turkiye,burnin,56,26,1,61
16,0,10,false,24,atn,turkiye,burnin,49,16,0,63
4,7,0,false,24,atn,turkiye,burnin,37,6,0,47
15,0,4,false,24,atn,turkiye,burnin,45,4,0,27
11,6,2,false,24,atn,turkiye,burnin,62,0,0,15
17,8,1,true,25,metaweb,turkiye,creation,0,0,0,0
20,8,7,true,25,metaweb,turkiye,creation,0,0,0,0
29,0,27,true,25,metaweb,turkiye,creation,0,0,0,0
34,8,1,true,25,metaweb,turkiye,creation,0,0,0,0
7,8,6,true,25,metaweb,turkiye,creation,0,0,0,0
2,19,3,false,25,metaweb,turkiye,creation,192,0,28,0
23,8,6,false,25,metaweb,turkiye,creation,184,8,28,0
40,8,1,false,25,metaweb,turkiye,creation,176,16,28,0
12,8,7,false,25,metaweb,turkiye,creation,168,24,28,0
18,8,6,false,25,metaweb,turkiye,creation,160,32,28,0
13,8,1,false,25,metaweb,turkiye,creation,152,40,28,0
9,8,6,false,25,metaweb,turkiye,creation,144,48,28,0
24,24,6,false,25,metaweb,turkiye,creation,136,56,28,0
10,8,6,false,25,metaweb,turkiye,creation,128,64,28,0
22,8,1,false,25,metaweb,turkiye,creation,120,72,28,0
26,0,27,false,25,metaweb,turkiye,creation,112,80,28,0
3,19,3,false,25,metaweb,turkiye,creation,104,88,28,0
5,11,7,false,25,metaweb,turkiye,creation,96,96,28,0
30,0,27,false,25,metaweb,turkiye,creation,88,104,28,0
31,0,27,false,25,metaweb,turkiye,creation,80,112,28,0
28,0,27,false,25,metaweb,turkiye,creation,72,120,28,0
38,8,1,false,25,metaweb,turkiye,creation,64,128,28,0
37,8,1,false,25,metaweb,turkiye,creation,0,0,28,0
8,8,0,true,25,metaweb,turkiye,creation,0,0,0,0
35,8,1,true,25,metaweb,turkiye,creation,0,0,0,0
25,24,6,false,25,metaweb,turkiye,creation,164,136,56,119
33,0,27,false,25,metaweb,turkiye,creation,164,136,48,127
41,8,1,false,25,metaweb,turkiye,creation,164,136,40,135
27,0,27,false,25,metaweb,turkiye,creation,164,136,32,143
21,8,7,false,25,metaweb,turkiye,creation,164,136,24,151
39,8,1,false,25,metaweb,turkiye,creation,164,136,16,159
14,8,7,false,25,metaweb,turkiye,creation,164,136,8,167
6,8,0,false,25,metaweb,turkiye,creation,164,136,0,175
1,19,3,false,25,metaweb,turkiye,creation,136,56,0,35
19,8,6,false,25,metaweb,turkiye,creation,144,48,0,35
32,0,27,false,25,metaweb,turkiye,creation,152,40,0,35
16,8,7,false,25,metaweb,turkiye,creation,160,32,0,35
4,16,6,false,25,metaweb,turkiye,creation,168,24,0,35
15,8,1,false,25,metaweb,turkiye,creation,176,16,0,35
11,8,7,false,25,metaweb,turkiye,creation,184,8,0,35
36,8,1,false,25,metaweb,turkiye,creation,192,0,0,35
17,7,1,false,25,down_niche_empiricalbm,turkiye,creation,11,0,15,0
20,6,4,false,25,down_niche_empiricalbm,turkiye,creation,16,0,15,3
29,0,17,false,25,down_niche_empiricalbm,turkiye,creation,8,8,17,0
34,7,0,false,25,down_niche_empiricalbm,turkiye,creation,7,3,6,0
7,8,1,false,25,down_niche_empiricalbm,turkiye,creation,5,11,28,0
2,6,1,false,25,down_niche_empiricalbm,turkiye,creation,143,0,21,0
23,5,0,false,25,down_niche_empiricalbm,turkiye,creation,145,7,36,0
40,7,1,false,25,down_niche_empiricalbm,turkiye,creation,129,14,21,0
12,6,3,false,25,down_niche_empiricalbm,turkiye,creation,96,19,21,15
18,7,2,false,25,down_niche_empiricalbm,turkiye,creation,103,26,24,11
13,6,1,false,25,down_niche_empiricalbm,turkiye,creation,83,26,17,22
9,5,5,false,25,down_niche_empiricalbm,turkiye,creation,94,33,15,19
24,9,1,false,25,down_niche_empiricalbm,turkiye,creation,83,31,15,7
10,6,4,false,25,down_niche_empiricalbm,turkiye,creation,105,53,32,19
22,5,0,false,25,down_niche_empiricalbm,turkiye,creation,94,58,28,7
26,0,23,false,25,down_niche_empiricalbm,turkiye,creation,74,55,18,27
3,7,0,false,25,down_niche_empiricalbm,turkiye,creation,69,64,21,7
5,8,0,false,25,down_niche_empiricalbm,turkiye,creation,67,70,23,9
30,0,23,false,25,down_niche_empiricalbm,turkiye,creation,54,70,17,15
31,0,23,false,25,down_niche_empiricalbm,turkiye,creation,54,77,15,19
28,0,22,false,25,down_niche_empiricalbm,turkiye,creation,50,87,21,23
38,7,0,false,25,down_niche_empiricalbm,turkiye,creation,35,71,10,0
37,7,1,false,25,down_niche_empiricalbm,turkiye,creation,0,0,10,0
8,7,0,false,25,down_niche_empiricalbm,turkiye,creation,16,4,0,38
35,6,1,false,25,down_niche_empiricalbm,turkiye,creation,13,0,0,13
25,5,1,false,25,down_niche_empiricalbm,turkiye,creation,133,120,42,83
33,0,10,false,25,down_niche_empiricalbm,turkiye,creation,126,105,31,90
41,5,0,false,25,down_niche_empiricalbm,turkiye,creation,126,105,26,98
27,0,22,false,25,down_niche_empiricalbm,turkiye,creation,76,60,14,84
21,7,4,false,25,down_niche_empiricalbm,turkiye,creation,151,102,12,112
39,4,1,false,25,down_niche_empiricalbm,turkiye,creation,141,112,8,116
14,8,4,false,25,down_niche_empiricalbm,turkiye,creation,99,91,3,109
6,7,0,false,25,down_niche_empiricalbm,turkiye,creation,24,21,0,62
1,7,0,false,25,down_niche_empiricalbm,turkiye,creation,103,40,0,21
19,6,3,false,25,down_niche_empiricalbm,turkiye,creation,92,29,0,19
32,0,20,false,25,down_niche_empiricalbm,turkiye,creation,109,27,0,25
16,6,5,false,25,down_niche_empiricalbm,turkiye,creation,111,19,0,25
4,4,0,false,25,down_niche_empiricalbm,turkiye,creation,128,15,0,21
15,8,1,false,25,down_niche_empiricalbm,turkiye,creation,81,6,0,10
11,5,5,false,25,down_niche_empiricalbm,turkiye,creation,126,4,0,25
36,7,1,false,25,down_niche_empiricalbm,turkiye,creation,106,0,0,10
17,2,4,false,25,niche,turkiye,creation,4,0,1,0
20,11,5,false,25,niche,turkiye,creation,62,0,68,0
29,0,9,false,25,niche,turkiye,creation,49,9,31,0
34,0,9,false,25,niche,turkiye,creation,9,2,35,0
7,0,1,true,25,niche,turkiye,creation,0,0,0,0
2,17,1,false,25,niche,turkiye,creation,8,15,50,0
23,5,8,false,25,niche,turkiye,creation,0,0,0,0
40,0,3,false,25,niche,turkiye,creation,24,21,22,0
12,13,4,false,25,niche,turkiye,creation,0,4,1,0
18,3,4,true,25,niche,turkiye,creation,0,0,0,0
13,0,4,false,25,niche,turkiye,creation,33,28,31,10
9,3,1,false,25,niche,turkiye,creation,27,25,55,10
24,1,9,false,25,niche,turkiye,creation,1,0,0,19
10,10,4,false,25,niche,turkiye,creation,7,6,3,19
22,2,8,false,25,niche,turkiye,creation,5,4,1,17
26,0,9,false,25,niche,turkiye,creation,5,49,47,14
3,11,1,false,25,niche,turkiye,creation,1,4,0,18
5,10,1,false,25,niche,turkiye,creation,1,4,1,16
30,10,9,false,25,niche,turkiye,creation,5,10,1,18
31,2,9,true,25,niche,turkiye,creation,0,0,0,0
28,7,10,false,25,niche,turkiye,creation,16,26,31,14
38,0,3,true,25,niche,turkiye,creation,0,0,0,0
37,0,6,false,25,niche,turkiye,creation,12,13,6,26
8,12,1,false,25,niche,turkiye,creation,22,0,0,61
35,4,6,false,25,niche,turkiye,creation,19,7,10,33
25,6,9,false,25,niche,turkiye,creation,19,0,0,61
33,0,9,true,25,niche,turkiye,creation,0,0,0,0
41,0,4,false,25,niche,turkiye,creation,24,4,16,54
27,5,9,false,25,niche,turkiye,creation,19,0,0,62
21,11,7,true,25,niche,turkiye,creation,0,0,0,0
39,1,3,false,25,niche,turkiye,creation,19,4,1,58
14,3,4,false,25,niche,turkiye,creation,19,0,0,62
6,15,1,false,25,niche,turkiye,creation,21,0,0,57
1,3,1,false,25,niche,turkiye,creation,21,0,0,57
19,2,5,false,25,niche,turkiye,creation,7,1,5,33
32,0,9,false,25,niche,turkiye,creation,6,0,0,29
16,16,4,false,25,niche,turkiye,creation,6,0,0,29
4,10,1,false,25,niche,turkiye,creation,0,0,0,17
15,3,4,false,25,niche,turkiye,creation,0,1,0,15
11,11,4,false,25,niche,turkiye,creation,0,0,0,17
36,0,6,false,25,niche,turkiye,creation,3,0,0,6
17,7,1,false,25,down_niche,turkiye,creation,11,0,15,0
20,6,4,false,25,down_niche,turkiye,creation,16,0,15,3
29,0,17,false,25,down_niche,turkiye,creation,8,8,17,0
34,7,0,false,25,down_niche,turkiye,creation,7,3,6,0
7,8,1,false,25,down_niche,turkiye,creation,5,11,28,0
2,6,1,false,25,down_niche,turkiye,creation,143,0,21,0
23,5,0,false,25,down_niche,turkiye,creation,145,7,36,0
40,7,1,false,25,down_niche,turkiye,creation,129,14,21,0
12,6,3,false,25,down_niche,turkiye,creation,96,19,21,15
18,7,2,false,25,down_niche,turkiye,creation,103,26,24,11
13,6,1,false,25,down_niche,turkiye,creation,83,26,17,22
9,5,5,false,25,down_niche,turkiye,creation,94,33,15,19
24,9,1,false,25,down_niche,turkiye,creation,83,31,15,7
10,6,4,false,25,down_niche,turkiye,creation,105,53,32,19
22,5,0,false,25,down_niche,turkiye,creation,94,58,28,7
26,0,23,false,25,down_niche,turkiye,creation,74,55,18,27
3,7,0,false,25,down_niche,turkiye,creation,69,64,21,7
5,8,0,false,25,down_niche,turkiye,creation,67,70,23,9
30,0,23,false,25,down_niche,turkiye,creation,54,70,17,15
31,0,23,false,25,down_niche,turkiye,creation,54,77,15,19
28,0,22,false,25,down_niche,turkiye,creation,50,87,21,23
38,7,0,false,25,down_niche,turkiye,creation,35,71,10,0
37,7,1,false,25,down_niche,turkiye,creation,0,0,10,0
8,7,0,false,25,down_niche,turkiye,creation,16,4,0,38
35,6,1,false,25,down_niche,turkiye,creation,13,0,0,13
25,5,1,false,25,down_niche,turkiye,creation,133,120,42,83
33,0,10,false,25,down_niche,turkiye,creation,126,105,31,90
41,5,0,false,25,down_niche,turkiye,creation,126,105,26,98
27,0,22,false,25,down_niche,turkiye,creation,76,60,14,84
21,7,4,false,25,down_niche,turkiye,creation,151,102,12,112
39,4,1,false,25,down_niche,turkiye,creation,141,112,8,116
14,8,4,false,25,down_niche,turkiye,creation,99,91,3,109
6,7,0,false,25,down_niche,turkiye,creation,24,21,0,62
1,7,0,false,25,down_niche,turkiye,creation,103,40,0,21
19,6,3,false,25,down_niche,turkiye,creation,92,29,0,19
32,0,20,false,25,down_niche,turkiye,creation,109,27,0,25
16,6,5,false,25,down_niche,turkiye,creation,111,19,0,25
4,4,0,false,25,down_niche,turkiye,creation,128,15,0,21
15,8,1,false,25,down_niche,turkiye,creation,81,6,0,10
11,5,5,false,25,down_niche,turkiye,creation,126,4,0,25
36,7,1,false,25,down_niche,turkiye,creation,106,0,0,10
17,6,6,false,25,atn_empiricalbm,turkiye,creation,109,0,36,0
20,6,0,false,25,atn_empiricalbm,turkiye,creation,129,5,19,0
29,0,23,false,25,atn_empiricalbm,turkiye,creation,114,10,15,0
34,0,3,false,25,atn_empiricalbm,turkiye,creation,123,22,47,0
7,7,0,false,25,atn_empiricalbm,turkiye,creation,102,22,15,0
2,7,0,false,25,atn_empiricalbm,turkiye,creation,78,31,36,0
23,7,0,false,25,atn_empiricalbm,turkiye,creation,98,36,19,0
40,6,5,false,25,atn_empiricalbm,turkiye,creation,91,43,19,0
12,6,0,false,25,atn_empiricalbm,turkiye,creation,84,53,24,0
18,9,0,false,25,atn_empiricalbm,turkiye,creation,77,57,19,0
13,6,1,false,25,atn_empiricalbm,turkiye,creation,68,56,15,0
9,8,0,false,25,atn_empiricalbm,turkiye,creation,64,40,15,0
24,10,0,false,25,atn_empiricalbm,turkiye,creation,56,46,22,0
10,7,0,false,25,atn_empiricalbm,turkiye,creation,52,52,15,0
22,6,5,false,25,atn_empiricalbm,turkiye,creation,72,58,43,46
26,0,3,false,25,atn_empiricalbm,turkiye,creation,48,76,15,0
3,6,0,false,25,atn_empiricalbm,turkiye,creation,39,42,29,32
5,6,0,false,25,atn_empiricalbm,turkiye,creation,41,68,21,15
30,0,23,false,25,atn_empiricalbm,turkiye,creation,45,89,15,4
31,0,19,false,25,atn_empiricalbm,turkiye,creation,30,94,15,0
28,0,9,false,25,atn_empiricalbm,turkiye,creation,24,100,15,0
38,4,23,false,25,atn_empiricalbm,turkiye,creation,26,52,21,35
37,2,23,false,25,atn_empiricalbm,turkiye,creation,26,108,15,4
8,7,0,false,25,atn_empiricalbm,turkiye,creation,26,81,15,28
35,0,6,false,25,atn_empiricalbm,turkiye,creation,18,116,15,4
25,7,0,false,25,atn_empiricalbm,turkiye,creation,3,0,9,0
33,0,0,false,25,atn_empiricalbm,turkiye,creation,6,9,11,17
41,6,0,false,25,atn_empiricalbm,turkiye,creation,18,18,12,33
27,0,6,false,25,atn_empiricalbm,turkiye,creation,199,41,7,109
21,6,0,false,25,atn_empiricalbm,turkiye,creation,230,22,3,138
39,6,19,false,25,atn_empiricalbm,turkiye,creation,171,0,0,122
14,6,0,false,25,atn_empiricalbm,turkiye,creation,10,0,0,43
6,9,0,false,25,atn_empiricalbm,turkiye,creation,0,0,0,0
1,9,0,false,25,atn_empiricalbm,turkiye,creation,3,0,3,6
19,7,0,false,25,atn_empiricalbm,turkiye,creation,6,9,3,25
32,0,5,false,25,atn_empiricalbm,turkiye,creation,18,18,3,42
16,6,0,false,25,atn_empiricalbm,turkiye,creation,199,45,1,116
4,11,0,false,25,atn_empiricalbm,turkiye,creation,238,28,0,147
15,6,13,false,25,atn_empiricalbm,turkiye,creation,195,6,0,137
11,6,0,false,25,atn_empiricalbm,turkiye,creation,74,4,0,56
36,0,9,false,25,atn_empiricalbm,turkiye,creation,104,0,0,15
17,8,1,true,25,metaweb_empiricalbm,turkiye,creation,0,0,0,0
20,8,7,true,25,metaweb_empiricalbm,turkiye,creation,0,0,0,0
29,0,27,true,25,metaweb_empiricalbm,turkiye,creation,0,0,0,0
34,8,1,true,25,metaweb_empiricalbm,turkiye,creation,0,0,0,0
7,8,6,true,25,metaweb_empiricalbm,turkiye,creation,0,0,0,0
2,19,3,false,25,metaweb_empiricalbm,turkiye,creation,192,0,28,0
23,8,6,false,25,metaweb_empiricalbm,turkiye,creation,184,8,28,0
40,8,1,false,25,metaweb_empiricalbm,turkiye,creation,176,16,28,0
12,8,7,false,25,metaweb_empiricalbm,turkiye,creation,168,24,28,0
18,8,6,false,25,metaweb_empiricalbm,turkiye,creation,160,32,28,0
13,8,1,false,25,metaweb_empiricalbm,turkiye,creation,152,40,28,0
9,8,6,false,25,metaweb_empiricalbm,turkiye,creation,144,48,28,0
24,24,6,false,25,metaweb_empiricalbm,turkiye,creation,136,56,28,0
10,8,6,false,25,metaweb_empiricalbm,turkiye,creation,128,64,28,0
22,8,1,false,25,metaweb_empiricalbm,turkiye,creation,120,72,28,0
26,0,27,false,25,metaweb_empiricalbm,turkiye,creation,112,80,28,0
3,19,3,false,25,metaweb_empiricalbm,turkiye,creation,104,88,28,0
5,11,7,false,25,metaweb_empiricalbm,turkiye,creation,96,96,28,0
30,0,27,false,25,metaweb_empiricalbm,turkiye,creation,88,104,28,0
31,0,27,false,25,metaweb_empiricalbm,turkiye,creation,80,112,28,0
28,0,27,false,25,metaweb_empiricalbm,turkiye,creation,72,120,28,0
38,8,1,false,25,metaweb_empiricalbm,turkiye,creation,64,128,28,0
37,8,1,false,25,metaweb_empiricalbm,turkiye,creation,0,0,28,0
8,8,0,true,25,metaweb_empiricalbm,turkiye,creation,0,0,0,0
35,8,1,true,25,metaweb_empiricalbm,turkiye,creation,0,0,0,0
25,24,6,false,25,metaweb_empiricalbm,turkiye,creation,164,136,56,119
33,0,27,false,25,metaweb_empiricalbm,turkiye,creation,164,136,48,127
41,8,1,false,25,metaweb_empiricalbm,turkiye,creation,164,136,40,135
27,0,27,false,25,metaweb_empiricalbm,turkiye,creation,164,136,32,143
21,8,7,false,25,metaweb_empiricalbm,turkiye,creation,164,136,24,151
39,8,1,false,25,metaweb_empiricalbm,turkiye,creation,164,136,16,159
14,8,7,false,25,metaweb_empiricalbm,turkiye,creation,164,136,8,167
6,8,0,false,25,metaweb_empiricalbm,turkiye,creation,164,136,0,175
1,19,3,false,25,metaweb_empiricalbm,turkiye,creation,136,56,0,35
19,8,6,false,25,metaweb_empiricalbm,turkiye,creation,144,48,0,35
32,0,27,false,25,metaweb_empiricalbm,turkiye,creation,152,40,0,35
16,8,7,false,25,metaweb_empiricalbm,turkiye,creation,160,32,0,35
4,16,6,false,25,metaweb_empiricalbm,turkiye,creation,168,24,0,35
15,8,1,false,25,metaweb_empiricalbm,turkiye,creation,176,16,0,35
11,8,7,false,25,metaweb_empiricalbm,turkiye,creation,184,8,0,35
36,8,1,false,25,metaweb_empiricalbm,turkiye,creation,192,0,0,35
17,6,6,false,25,atn,turkiye,creation,109,0,36,0
20,6,0,false,25,atn,turkiye,creation,129,5,19,0
29,0,23,false,25,atn,turkiye,creation,114,10,15,0
34,0,3,false,25,atn,turkiye,creation,123,22,47,0
7,7,0,false,25,atn,turkiye,creation,102,22,15,0
2,7,0,false,25,atn,turkiye,creation,78,31,36,0
23,7,0,false,25,atn,turkiye,creation,98,36,19,0
40,6,5,false,25,atn,turkiye,creation,91,43,19,0
12,6,0,false,25,atn,turkiye,creation,84,53,24,0
18,9,0,false,25,atn,turkiye,creation,77,57,19,0
13,6,1,false,25,atn,turkiye,creation,68,56,15,0
9,8,0,false,25,atn,turkiye,creation,64,40,15,0
24,10,0,false,25,atn,turkiye,creation,56,46,22,0
10,7,0,false,25,atn,turkiye,creation,52,52,15,0
22,6,5,false,25,atn,turkiye,creation,72,58,43,46
26,0,3,false,25,atn,turkiye,creation,48,76,15,0
3,6,0,false,25,atn,turkiye,creation,39,42,29,32
5,6,0,false,25,atn,turkiye,creation,41,68,21,15
30,0,23,false,25,atn,turkiye,creation,45,89,15,4
31,0,19,false,25,atn,turkiye,creation,30,94,15,0
28,0,9,false,25,atn,turkiye,creation,24,100,15,0
38,4,23,false,25,atn,turkiye,creation,26,52,21,35
37,2,23,false,25,atn,turkiye,creation,26,108,15,4
8,7,0,false,25,atn,turkiye,creation,26,81,15,28
35,0,6,false,25,atn,turkiye,creation,18,116,15,4
25,7,0,false,25,atn,turkiye,creation,3,0,9,0
33,0,0,false,25,atn,turkiye,creation,6,9,11,17
41,6,0,false,25,atn,turkiye,creation,18,18,12,33
27,0,6,false,25,atn,turkiye,creation,199,41,7,109
21,6,0,false,25,atn,turkiye,creation,230,22,3,138
39,6,19,false,25,atn,turkiye,creation,171,0,0,122
14,6,0,false,25,atn,turkiye,creation,10,0,0,43
6,9,0,false,25,atn,turkiye,creation,0,0,0,0
1,9,0,false,25,atn,turkiye,creation,3,0,3,6
19,7,0,false,25,atn,turkiye,creation,6,9,3,25
32,0,5,false,25,atn,turkiye,creation,18,18,3,42
16,6,0,false,25,atn,turkiye,creation,199,45,1,116
4,11,0,false,25,atn,turkiye,creation,238,28,0,147
15,6,13,false,25,atn,turkiye,creation,195,6,0,137
11,6,0,false,25,atn,turkiye,creation,74,4,0,56
36,0,9,false,25,atn,turkiye,creation,104,0,0,15
17,8,0,false,25,metaweb,turkiye,burnin,192,0,28,0
20,0,25,false,25,metaweb,turkiye,burnin,184,8,28,0
29,8,0,false,25,metaweb,turkiye,burnin,176,16,28,0
7,8,0,false,25,metaweb,turkiye,burnin,168,24,28,0
2,8,0,false,25,metaweb,turkiye,burnin,160,32,28,0
23,0,25,false,25,metaweb,turkiye,burnin,152,40,28,0
12,8,0,false,25,metaweb,turkiye,burnin,144,48,28,0
18,0,25,false,25,metaweb,turkiye,burnin,136,56,28,0
13,8,0,false,25,metaweb,turkiye,burnin,128,64,28,0
9,8,0,false,25,metaweb,turkiye,burnin,120,72,28,0
24,0,25,false,25,metaweb,turkiye,burnin,112,80,28,0
10,8,0,false,25,metaweb,turkiye,burnin,104,88,28,0
22,0,25,false,25,metaweb,turkiye,burnin,96,96,28,0
26,8,0,false,25,metaweb,turkiye,burnin,88,104,28,0
3,8,0,false,25,metaweb,turkiye,burnin,80,112,28,0
5,8,0,false,25,metaweb,turkiye,burnin,72,120,28,0
30,8,0,false,25,metaweb,turkiye,burnin,64,128,28,0
31,8,0,false,25,metaweb,turkiye,burnin,164,136,56,119
28,8,0,false,25,metaweb,turkiye,burnin,164,136,48,127
8,8,0,false,25,metaweb,turkiye,burnin,164,136,40,135
25,0,25,false,25,metaweb,turkiye,burnin,164,136,32,143
33,8,0,false,25,metaweb,turkiye,burnin,164,136,24,151
27,8,0,false,25,metaweb,turkiye,burnin,164,136,16,159
21,0,25,false,25,metaweb,turkiye,burnin,164,136,8,167
14,8,0,false,25,metaweb,turkiye,burnin,164,136,0,175
6,8,0,false,25,metaweb,turkiye,burnin,136,56,0,28
1,8,0,false,25,metaweb,turkiye,burnin,144,48,0,28
19,0,25,false,25,metaweb,turkiye,burnin,152,40,0,28
32,8,0,false,25,metaweb,turkiye,burnin,160,32,0,28
16,8,0,false,25,metaweb,turkiye,burnin,168,24,0,28
4,8,0,false,25,metaweb,turkiye,burnin,176,16,0,28
15,8,0,false,25,metaweb,turkiye,burnin,184,8,0,28
11,8,0,false,25,metaweb,turkiye,burnin,192,0,0,28
9,7,0,false,25,down_niche_empiricalbm,turkiye,burnin,1,0,12,0
6,0,2,false,25,down_niche_empiricalbm,turkiye,burnin,1,0,10,2
1,0,2,false,25,down_niche_empiricalbm,turkiye,burnin,1,0,8,4
8,0,1,false,25,down_niche_empiricalbm,turkiye,burnin,0,0,3,3
7,0,2,false,25,down_niche_empiricalbm,turkiye,burnin,1,0,5,7
2,0,2,false,25,down_niche_empiricalbm,turkiye,burnin,1,0,3,9
10,7,0,false,25,down_niche_empiricalbm,turkiye,burnin,1,0,1,11
4,0,1,false,25,down_niche_empiricalbm,turkiye,burnin,0,0,0,6
3,0,2,false,25,down_niche_empiricalbm,turkiye,burnin,0,6,0,21
5,0,2,false,25,down_niche_empiricalbm,turkiye,burnin,6,0,0,21
17,2,5,false,25,niche,turkiye,burnin,4,0,1,0
20,2,6,false,25,niche,turkiye,burnin,59,0,68,0
29,2,9,false,25,niche,turkiye,burnin,49,9,31,0
34,0,6,false,25,niche,turkiye,burnin,7,2,20,0
7,0,1,true,25,niche,turkiye,burnin,0,0,0,0
2,17,1,false,25,niche,turkiye,burnin,8,13,32,0
23,6,9,false,25,niche,turkiye,burnin,0,0,0,0
12,13,4,false,25,niche,turkiye,burnin,21,21,22,0
18,9,5,false,25,niche,turkiye,burnin,0,4,1,0
13,0,4,true,25,niche,turkiye,burnin,0,0,0,0
9,3,1,false,25,niche,turkiye,burnin,33,28,31,8
24,0,9,false,25,niche,turkiye,burnin,27,25,55,8
10,8,4,false,25,niche,turkiye,burnin,1,0,0,15
22,1,9,false,25,niche,turkiye,burnin,7,6,3,15
26,7,10,false,25,niche,turkiye,burnin,4,47,47,10
3,11,1,false,25,niche,turkiye,burnin,1,3,1,12
5,10,1,false,25,niche,turkiye,burnin,5,10,1,14
30,0,9,true,25,niche,turkiye,burnin,0,0,0,0
31,0,9,false,25,niche,turkiye,burnin,12,26,31,12
28,10,9,true,25,niche,turkiye,burnin,0,0,0,0
38,0,3,false,25,niche,turkiye,burnin,5,13,6,25
37,1,3,false,25,niche,turkiye,burnin,22,0,0,59
8,12,1,false,25,niche,turkiye,burnin,19,7,10,31
35,0,6,false,25,niche,turkiye,burnin,19,0,0,59
25,5,9,true,25,niche,turkiye,burnin,0,0,0,0
33,4,6,false,25,niche,turkiye,burnin,24,4,16,54
27,0,9,false,25,niche,turkiye,burnin,19,0,0,62
21,5,6,true,25,niche,turkiye,burnin,0,0,0,0
39,0,4,false,25,niche,turkiye,burnin,19,4,1,58
14,3,4,false,25,niche,turkiye,burnin,19,0,0,62
6,13,1,false,25,niche,turkiye,burnin,21,0,0,57
1,3,1,false,25,niche,turkiye,burnin,21,0,0,57
19,11,6,false,25,niche,turkiye,burnin,7,1,5,33
32,0,9,false,25,niche,turkiye,burnin,6,0,0,29
16,3,4,false,25,niche,turkiye,burnin,6,0,0,29
4,8,1,false,25,niche,turkiye,burnin,0,0,0,17
15,16,4,false,25,niche,turkiye,burnin,0,1,0,15
11,11,4,false,25,niche,turkiye,burnin,0,0,0,17
36,0,3,false,25,niche,turkiye,burnin,3,0,0,6
17,7,3,false,25,down_niche,turkiye,burnin,6,0,6,0
20,8,0,false,25,down_niche,turkiye,burnin,4,2,28,0
29,7,0,false,25,down_niche,turkiye,burnin,138,0,21,0
34,4,1,false,25,down_niche,turkiye,burnin,140,7,35,0
7,5,2,false,25,down_niche,turkiye,burnin,124,14,21,0
2,8,0,false,25,down_niche,turkiye,burnin,101,19,21,4
23,0,21,false,25,down_niche,turkiye,burnin,79,20,15,9
12,6,2,false,25,down_niche,turkiye,burnin,91,28,15,7
18,5,0,false,25,down_niche,turkiye,burnin,83,27,15,7
13,7,1,false,25,down_niche,turkiye,burnin,103,47,32,13
9,6,1,false,25,down_niche,turkiye,burnin,94,53,28,7
24,0,17,false,25,down_niche,turkiye,burnin,69,49,18,11
10,8,3,false,25,down_niche,turkiye,burnin,69,59,21,7
22,0,21,false,25,down_niche,turkiye,burnin,67,65,23,8
26,0,22,false,25,down_niche,turkiye,burnin,53,64,16,6
3,7,0,false,25,down_niche,turkiye,burnin,52,70,15,0
5,7,0,false,25,down_niche,turkiye,burnin,48,82,21,17
30,6,1,false,25,down_niche,turkiye,burnin,35,67,10,0
31,7,1,false,25,down_niche,turkiye,burnin,0,0,10,0
28,0,10,false,25,down_niche,turkiye,burnin,8,0,0,28
8,6,1,false,25,down_niche,turkiye,burnin,119,112,42,79
35,7,1,false,25,down_niche,turkiye,burnin,112,98,31,86
25,0,22,false,25,down_niche,turkiye,burnin,112,98,26,94
33,7,0,false,25,down_niche,turkiye,burnin,76,60,14,84
27,0,20,false,25,down_niche,turkiye,burnin,135,96,12,108
21,0,22,false,25,down_niche,turkiye,burnin,126,105,8,112
14,7,2,false,25,down_niche,turkiye,burnin,99,91,3,109
6,6,2,false,25,down_niche,turkiye,burnin,24,21,0,62
1,4,0,false,25,down_niche,turkiye,burnin,98,40,0,21
19,5,0,false,25,down_niche,turkiye,burnin,88,29,0,19
32,7,1,false,25,down_niche,turkiye,burnin,104,27,0,25
16,6,0,false,25,down_niche,turkiye,burnin,107,19,0,25
4,8,1,false,25,down_niche,turkiye,burnin,123,15,0,21
15,6,1,false,25,down_niche,turkiye,burnin,77,6,0,10
11,8,1,false,25,down_niche,turkiye,burnin,122,4,0,25
36,5,0,false,25,down_niche,turkiye,burnin,102,0,0,10
6,0,3,false,25,atn_empiricalbm,turkiye,burnin,6,0,3,0
1,3,0,false,25,atn_empiricalbm,turkiye,burnin,3,3,3,0
2,3,0,false,25,atn_empiricalbm,turkiye,burnin,0,6,3,0
4,0,3,false,25,atn_empiricalbm,turkiye,burnin,3,0,0,6
3,3,0,false,25,atn_empiricalbm,turkiye,burnin,3,0,0,6
5,0,3,false,25,atn_empiricalbm,turkiye,burnin,3,0,0,6
9,8,0,false,25,metaweb_empiricalbm,turkiye,burnin,0,0,7,0
6,0,1,false,25,metaweb_empiricalbm,turkiye,burnin,0,0,6,1
1,0,1,false,25,metaweb_empiricalbm,turkiye,burnin,0,0,5,2
8,0,1,false,25,metaweb_empiricalbm,turkiye,burnin,0,0,4,3
7,0,1,false,25,metaweb_empiricalbm,turkiye,burnin,0,0,3,4
2,0,1,false,25,metaweb_empiricalbm,turkiye,burnin,0,0,2,5
4,0,1,false,25,metaweb_empiricalbm,turkiye,burnin,0,0,1,6
3,0,1,false,25,metaweb_empiricalbm,turkiye,burnin,0,0,0,7
5,0,1,false,25,metaweb_empiricalbm,turkiye,burnin,0,0,0,28
17,0,3,false,25,atn,turkiye,burnin,59,0,36,0
20,0,15,false,25,atn,turkiye,burnin,68,4,15,0
29,6,10,false,25,atn,turkiye,burnin,64,15,47,0
7,6,0,false,25,atn,turkiye,burnin,56,16,15,0
2,6,0,false,25,atn,turkiye,burnin,33,26,36,0
23,0,4,false,25,atn,turkiye,burnin,46,26,15,0
12,6,4,false,25,atn,turkiye,burnin,50,20,15,0
18,0,6,false,25,atn,turkiye,burnin,44,26,15,0
13,9,0,false,25,atn,turkiye,burnin,38,32,15,0
9,6,0,false,25,atn,turkiye,burnin,37,21,23,24
24,0,3,false,25,atn,turkiye,burnin,26,46,15,0
10,6,4,false,25,atn,turkiye,burnin,29,29,22,25
22,0,10,false,25,atn,turkiye,burnin,16,43,21,15
26,0,9,false,25,atn,turkiye,burnin,14,58,15,0
3,11,0,false,25,atn,turkiye,burnin,8,64,15,0
5,9,0,false,25,atn,turkiye,burnin,22,36,15,32
30,6,4,false,25,atn,turkiye,burnin,3,0,9,0
31,6,0,false,25,atn,turkiye,burnin,6,9,11,17
28,4,14,false,25,atn,turkiye,burnin,18,18,12,33
8,6,0,false,25,atn,turkiye,burnin,76,25,7,69
25,0,6,false,25,atn,turkiye,burnin,78,13,3,81
27,2,15,false,25,atn,turkiye,burnin,45,0,0,64
21,0,14,false,25,atn,turkiye,burnin,6,0,0,34
14,6,0,false,25,atn,turkiye,burnin,3,0,3,6
6,6,0,false,25,atn,turkiye,burnin,6,9,3,25
1,9,0,false,25,atn,turkiye,burnin,18,18,3,42
19,0,9,false,25,atn,turkiye,burnin,76,29,1,76
16,6,4,false,25,atn,turkiye,burnin,86,19,0,90
4,6,0,false,25,atn,turkiye,burnin,69,6,0,79
15,6,0,false,25,atn,turkiye,burnin,54,4,0,47
11,6,0,false,25,atn,turkiye,burnin,70,0,0,15
17,8,1,true,26,metaweb,turkiye,creation,0,0,0,0
20,8,7,true,26,metaweb,turkiye,creation,0,0,0,0
29,0,27,true,26,metaweb,turkiye,creation,0,0,0,0
34,8,1,true,26,metaweb,turkiye,creation,0,0,0,0
7,8,6,true,26,metaweb,turkiye,creation,0,0,0,0
2,19,3,false,26,metaweb,turkiye,creation,192,0,28,0
23,8,6,false,26,metaweb,turkiye,creation,184,8,28,0
40,8,1,false,26,metaweb,turkiye,creation,176,16,28,0
12,8,7,false,26,metaweb,turkiye,creation,168,24,28,0
18,8,6,false,26,metaweb,turkiye,creation,160,32,28,0
13,8,1,false,26,metaweb,turkiye,creation,152,40,28,0
9,8,6,false,26,metaweb,turkiye,creation,144,48,28,0
24,24,6,false,26,metaweb,turkiye,creation,136,56,28,0
10,8,6,false,26,metaweb,turkiye,creation,128,64,28,0
22,8,1,false,26,metaweb,turkiye,creation,120,72,28,0
26,0,27,false,26,metaweb,turkiye,creation,112,80,28,0
3,19,3,false,26,metaweb,turkiye,creation,104,88,28,0
5,11,7,false,26,metaweb,turkiye,creation,96,96,28,0
30,0,27,false,26,metaweb,turkiye,creation,88,104,28,0
31,0,27,false,26,metaweb,turkiye,creation,80,112,28,0
28,0,27,false,26,metaweb,turkiye,creation,72,120,28,0
38,8,1,false,26,metaweb,turkiye,creation,64,128,28,0
37,8,1,false,26,metaweb,turkiye,creation,0,0,28,0
8,8,0,true,26,metaweb,turkiye,creation,0,0,0,0
35,8,1,true,26,metaweb,turkiye,creation,0,0,0,0
25,24,6,false,26,metaweb,turkiye,creation,164,136,56,119
33,0,27,false,26,metaweb,turkiye,creation,164,136,48,127
41,8,1,false,26,metaweb,turkiye,creation,164,136,40,135
27,0,27,false,26,metaweb,turkiye,creation,164,136,32,143
21,8,7,false,26,metaweb,turkiye,creation,164,136,24,151
39,8,1,false,26,metaweb,turkiye,creation,164,136,16,159
14,8,7,false,26,metaweb,turkiye,creation,164,136,8,167
6,8,0,false,26,metaweb,turkiye,creation,164,136,0,175
1,19,3,false,26,metaweb,turkiye,creation,136,56,0,35
19,8,6,false,26,metaweb,turkiye,creation,144,48,0,35
32,0,27,false,26,metaweb,turkiye,creation,152,40,0,35
16,8,7,false,26,metaweb,turkiye,creation,160,32,0,35
4,16,6,false,26,metaweb,turkiye,creation,168,24,0,35
15,8,1,false,26,metaweb,turkiye,creation,176,16,0,35
11,8,7,false,26,metaweb,turkiye,creation,184,8,0,35
36,8,1,false,26,metaweb,turkiye,creation,192,0,0,35
17,5,1,false,26,down_niche_empiricalbm,turkiye,creation,21,0,28,0
20,7,5,false,26,down_niche_empiricalbm,turkiye,creation,16,6,36,0
29,0,21,false,26,down_niche_empiricalbm,turkiye,creation,10,14,45,0
34,5,1,false,26,down_niche_empiricalbm,turkiye,creation,0,27,66,0
7,5,5,true,26,down_niche_empiricalbm,turkiye,creation,0,0,0,0
2,11,0,false,26,down_niche_empiricalbm,turkiye,creation,71,0,10,0
23,6,3,false,26,down_niche_empiricalbm,turkiye,creation,83,3,10,27
40,6,0,false,26,down_niche_empiricalbm,turkiye,creation,94,7,15,0
12,6,7,false,26,down_niche_empiricalbm,turkiye,creation,116,16,28,35
18,4,6,false,26,down_niche_empiricalbm,turkiye,creation,96,18,15,27
13,6,1,false,26,down_niche_empiricalbm,turkiye,creation,93,24,15,35
9,8,6,false,26,down_niche_empiricalbm,turkiye,creation,79,28,15,35
24,18,4,false,26,down_niche_empiricalbm,turkiye,creation,70,33,15,0
10,6,5,false,26,down_niche_empiricalbm,turkiye,creation,61,32,10,20
22,5,1,false,26,down_niche_empiricalbm,turkiye,creation,45,31,6,0
26,0,22,false,26,down_niche_empiricalbm,turkiye,creation,49,32,6,35
3,11,0,false,26,down_niche_empiricalbm,turkiye,creation,38,32,10,0
5,8,2,false,26,down_niche_empiricalbm,turkiye,creation,44,37,6,35
30,0,8,false,26,down_niche_empiricalbm,turkiye,creation,45,50,10,26
31,0,17,false,26,down_niche_empiricalbm,turkiye,creation,46,64,21,28
28,0,10,false,26,down_niche_empiricalbm,turkiye,creation,33,48,6,28
38,4,1,false,26,down_niche_empiricalbm,turkiye,creation,31,60,10,0
37,5,1,false,26,down_niche_empiricalbm,turkiye,creation,1,0,15,19
8,6,0,true,26,down_niche_empiricalbm,turkiye,creation,0,0,0,0
35,4,1,true,26,down_niche_empiricalbm,turkiye,creation,0,0,0,0
25,14,5,false,26,down_niche_empiricalbm,turkiye,creation,112,98,31,63
33,0,18,false,26,down_niche_empiricalbm,turkiye,creation,99,91,25,65
41,5,1,false,26,down_niche_empiricalbm,turkiye,creation,24,21,11,40
27,0,21,false,26,down_niche_empiricalbm,turkiye,creation,120,90,16,79
21,4,5,false,26,down_niche_empiricalbm,turkiye,creation,11,10,4,33
39,8,0,false,26,down_niche_empiricalbm,turkiye,creation,76,60,8,71
14,5,4,false,26,down_niche_empiricalbm,turkiye,creation,99,91,5,83
6,5,0,false,26,down_niche_empiricalbm,turkiye,creation,81,72,0,82
1,9,0,false,26,down_niche_empiricalbm,turkiye,creation,67,27,0,15
19,5,5,false,26,down_niche_empiricalbm,turkiye,creation,55,20,0,11
32,0,22,false,26,down_niche_empiricalbm,turkiye,creation,88,23,0,20
16,4,6,false,26,down_niche_empiricalbm,turkiye,creation,62,12,0,15
4,13,0,false,26,down_niche_empiricalbm,turkiye,creation,62,10,0,11
15,4,1,false,26,down_niche_empiricalbm,turkiye,creation,115,11,0,28
11,6,7,false,26,down_niche_empiricalbm,turkiye,creation,100,4,0,15
36,6,1,false,26,down_niche_empiricalbm,turkiye,creation,91,0,0,15
17,11,7,false,26,niche,turkiye,creation,8,0,1,0
20,9,8,false,26,niche,turkiye,creation,1,0,8,0
29,4,5,true,26,niche,turkiye,creation,0,0,0,0
34,2,11,false,26,niche,turkiye,creation,8,2,3,0
7,4,3,false,26,niche,turkiye,creation,8,5,6,0
2,7,2,false,26,niche,turkiye,creation,33,0,20,0
23,7,10,false,26,niche,turkiye,creation,7,0,3,0
40,0,4,false,26,niche,turkiye,creation,15,15,41,3
12,0,3,true,26,niche,turkiye,creation,0,0,0,0
18,12,5,true,26,niche,turkiye,creation,0,0,0,0
13,15,3,false,26,niche,turkiye,creation,4,26,41,3
9,23,4,false,26,niche,turkiye,creation,0,0,0,4
24,6,9,false,26,niche,turkiye,creation,23,13,42,4
10,11,3,false,26,niche,turkiye,creation,8,2,1,21
22,18,10,false,26,niche,turkiye,creation,12,18,48,11
26,0,9,false,26,niche,turkiye,creation,10,0,0,26
3,9,2,false,26,niche,turkiye,creation,10,25,33,14
5,4,3,true,26,niche,turkiye,creation,0,0,0,0
30,1,5,false,26,niche,turkiye,creation,19,4,10,22
31,4,6,false,26,niche,turkiye,creation,25,10,15,39
28,0,6,false,26,niche,turkiye,creation,20,9,7,37
38,3,9,true,26,niche,turkiye,creation,0,0,0,0
37,0,9,true,26,niche,turkiye,creation,0,0,0,0
8,14,4,false,26,niche,turkiye,creation,20,8,3,48
35,0,10,false,26,niche,turkiye,creation,11,0,3,40
25,3,9,false,26,niche,turkiye,creation,11,0,0,50
33,9,8,false,26,niche,turkiye,creation,14,13,7,44
41,0,4,false,26,niche,turkiye,creation,6,0,0,32
27,8,9,false,26,niche,turkiye,creation,6,14,3,25
21,8,9,false,26,niche,turkiye,creation,3,3,0,27
39,0,6,false,26,niche,turkiye,creation,3,11,3,17
14,2,6,false,26,niche,turkiye,creation,3,0,0,25
6,9,3,true,26,niche,turkiye,creation,0,0,0,0
1,2,2,true,26,niche,turkiye,creation,0,0,0,0
19,6,5,false,26,niche,turkiye,creation,15,0,0,23
32,0,6,false,26,niche,turkiye,creation,22,0,0,27
16,0,7,false,26,niche,turkiye,creation,19,0,0,21
4,4,2,true,26,niche,turkiye,creation,0,0,0,0
15,15,5,false,26,niche,turkiye,creation,3,0,0,11
11,14,3,false,26,niche,turkiye,creation,3,0,0,11
36,0,10,false,26,niche,turkiye,creation,6,0,0,11
17,5,1,false,26,down_niche,turkiye,creation,21,0,28,0
20,7,5,false,26,down_niche,turkiye,creation,16,6,36,0
29,0,21,false,26,down_niche,turkiye,creation,10,14,45,0
34,5,1,false,26,down_niche,turkiye,creation,0,27,66,0
7,5,5,true,26,down_niche,turkiye,creation,0,0,0,0
2,11,0,false,26,down_niche,turkiye,creation,71,0,10,0
23,6,3,false,26,down_niche,turkiye,creation,83,3,10,27
40,6,0,false,26,down_niche,turkiye,creation,94,7,15,0
12,6,7,false,26,down_niche,turkiye,creation,116,16,28,35
18,4,6,false,26,down_niche,turkiye,creation,96,18,15,27
13,6,1,false,26,down_niche,turkiye,creation,93,24,15,35
9,8,6,false,26,down_niche,turkiye,creation,79,28,15,35
24,18,4,false,26,down_niche,turkiye,creation,70,33,15,0
10,6,5,false,26,down_niche,turkiye,creation,61,32,10,20
22,5,1,false,26,down_niche,turkiye,creation,45,31,6,0
26,0,22,false,26,down_niche,turkiye,creation,49,32,6,35
3,11,0,false,26,down_niche,turkiye,creation,38,32,10,0
5,8,2,false,26,down_niche,turkiye,creation,44,37,6,35
30,0,8,false,26,down_niche,turkiye,creation,45,50,10,26
31,0,17,false,26,down_niche,turkiye,creation,46,64,21,28
28,0,10,false,26,down_niche,turkiye,creation,33,48,6,28
38,4,1,false,26,down_niche,turkiye,creation,31,60,10,0
37,5,1,false,26,down_niche,turkiye,creation,1,0,15,19
8,6,0,true,26,down_niche,turkiye,creation,0,0,0,0
35,4,1,true,26,down_niche,turkiye,creation,0,0,0,0
25,14,5,false,26,down_niche,turkiye,creation,112,98,31,63
33,0,18,false,26,down_niche,turkiye,creation,99,91,25,65
41,5,1,false,26,down_niche,turkiye,creation,24,21,11,40
27,0,21,false,26,down_niche,turkiye,creation,120,90,16,79
21,4,5,false,26,down_niche,turkiye,creation,11,10,4,33
39,8,0,false,26,down_niche,turkiye,creation,76,60,8,71
14,5,4,false,26,down_niche,turkiye,creation,99,91,5,83
6,5,0,false,26,down_niche,turkiye,creation,81,72,0,82
1,9,0,false,26,down_niche,turkiye,creation,67,27,0,15
19,5,5,false,26,down_niche,turkiye,creation,55,20,0,11
32,0,22,false,26,down_niche,turkiye,creation,88,23,0,20
16,4,6,false,26,down_niche,turkiye,creation,62,12,0,15
4,13,0,false,26,down_niche,turkiye,creation,62,10,0,11
15,4,1,false,26,down_niche,turkiye,creation,115,11,0,28
11,6,7,false,26,down_niche,turkiye,creation,100,4,0,15
36,6,1,false,26,down_niche,turkiye,creation,91,0,0,15
17,6,2,false,26,atn_empiricalbm,turkiye,creation,125,0,36,0
20,9,0,false,26,atn_empiricalbm,turkiye,creation,142,7,32,0
29,0,18,false,26,atn_empiricalbm,turkiye,creation,109,16,36,0
34,0,4,false,26,atn_empiricalbm,turkiye,creation,98,21,21,0
7,9,0,false,26,atn_empiricalbm,turkiye,creation,84,10,15,0
2,9,0,false,26,atn_empiricalbm,turkiye,creation,89,30,21,0
23,9,0,false,26,atn_empiricalbm,turkiye,creation,108,41,32,0
40,6,4,false,26,atn_empiricalbm,turkiye,creation,75,44,21,0
12,6,0,false,26,atn_empiricalbm,turkiye,creation,71,55,45,0
18,7,0,false,26,atn_empiricalbm,turkiye,creation,85,64,32,0
13,6,18,false,26,atn_empiricalbm,turkiye,creation,70,55,21,0
9,10,0,false,26,atn_empiricalbm,turkiye,creation,60,34,15,0
24,10,0,false,26,atn_empiricalbm,turkiye,creation,105,84,72,73
10,9,0,false,26,atn_empiricalbm,turkiye,creation,52,42,15,0
22,6,15,false,26,atn_empiricalbm,turkiye,creation,83,72,48,67
26,0,4,false,26,atn_empiricalbm,turkiye,creation,44,49,6,4
3,9,0,false,26,atn_empiricalbm,turkiye,creation,32,33,22,11
5,6,0,false,26,atn_empiricalbm,turkiye,creation,51,68,10,11
30,0,22,false,26,atn_empiricalbm,turkiye,creation,60,89,19,13
31,0,17,false,26,atn_empiricalbm,turkiye,creation,55,94,19,13
28,0,10,false,26,atn_empiricalbm,turkiye,creation,38,87,15,6
38,4,22,false,26,atn_empiricalbm,turkiye,creation,85,70,29,86
37,2,18,false,26,atn_empiricalbm,turkiye,creation,55,94,15,17
8,7,0,false,26,atn_empiricalbm,turkiye,creation,49,77,15,30
35,0,7,false,26,atn_empiricalbm,turkiye,creation,51,98,15,17
25,9,0,false,26,atn_empiricalbm,turkiye,creation,3,3,9,5
33,0,0,false,26,atn_empiricalbm,turkiye,creation,9,12,11,22
41,6,0,false,26,atn_empiricalbm,turkiye,creation,24,21,12,38
27,0,7,false,26,atn_empiricalbm,turkiye,creation,107,32,7,91
21,7,0,false,26,atn_empiricalbm,turkiye,creation,210,21,3,147
39,6,17,false,26,atn_empiricalbm,turkiye,creation,136,0,0,126
14,6,0,false,26,atn_empiricalbm,turkiye,creation,6,0,0,34
6,7,0,false,26,atn_empiricalbm,turkiye,creation,0,0,0,0
1,9,0,false,26,atn_empiricalbm,turkiye,creation,3,3,3,11
19,9,0,false,26,atn_empiricalbm,turkiye,creation,9,12,3,30
32,0,4,false,26,atn_empiricalbm,turkiye,creation,24,21,3,47
16,5,0,false,26,atn_empiricalbm,turkiye,creation,109,36,1,98
4,7,0,false,26,atn_empiricalbm,turkiye,creation,222,27,0,156
15,6,15,false,26,atn_empiricalbm,turkiye,creation,166,6,0,141
11,7,0,false,26,atn_empiricalbm,turkiye,creation,66,4,0,49
36,0,10,false,26,atn_empiricalbm,turkiye,creation,94,0,0,15
17,8,1,true,26,metaweb_empiricalbm,turkiye,creation,0,0,0,0
20,8,7,true,26,metaweb_empiricalbm,turkiye,creation,0,0,0,0
29,0,27,true,26,metaweb_empiricalbm,turkiye,creation,0,0,0,0
34,8,1,true,26,metaweb_empiricalbm,turkiye,creation,0,0,0,0
7,8,6,true,26,metaweb_empiricalbm,turkiye,creation,0,0,0,0
2,19,3,false,26,metaweb_empiricalbm,turkiye,creation,192,0,28,0
23,8,6,false,26,metaweb_empiricalbm,turkiye,creation,184,8,28,0
40,8,1,false,26,metaweb_empiricalbm,turkiye,creation,176,16,28,0
12,8,7,false,26,metaweb_empiricalbm,turkiye,creation,168,24,28,0
18,8,6,false,26,metaweb_empiricalbm,turkiye,creation,160,32,28,0
13,8,1,false,26,metaweb_empiricalbm,turkiye,creation,152,40,28,0
9,8,6,false,26,metaweb_empiricalbm,turkiye,creation,144,48,28,0
24,24,6,false,26,metaweb_empiricalbm,turkiye,creation,136,56,28,0
10,8,6,false,26,metaweb_empiricalbm,turkiye,creation,128,64,28,0
22,8,1,false,26,metaweb_empiricalbm,turkiye,creation,120,72,28,0
26,0,27,false,26,metaweb_empiricalbm,turkiye,creation,112,80,28,0
3,19,3,false,26,metaweb_empiricalbm,turkiye,creation,104,88,28,0
5,11,7,false,26,metaweb_empiricalbm,turkiye,creation,96,96,28,0
30,0,27,false,26,metaweb_empiricalbm,turkiye,creation,88,104,28,0
31,0,27,false,26,metaweb_empiricalbm,turkiye,creation,80,112,28,0
28,0,27,false,26,metaweb_empiricalbm,turkiye,creation,72,120,28,0
38,8,1,false,26,metaweb_empiricalbm,turkiye,creation,64,128,28,0
37,8,1,false,26,metaweb_empiricalbm,turkiye,creation,0,0,28,0
8,8,0,true,26,metaweb_empiricalbm,turkiye,creation,0,0,0,0
35,8,1,true,26,metaweb_empiricalbm,turkiye,creation,0,0,0,0
25,24,6,false,26,metaweb_empiricalbm,turkiye,creation,164,136,56,119
33,0,27,false,26,metaweb_empiricalbm,turkiye,creation,164,136,48,127
41,8,1,false,26,metaweb_empiricalbm,turkiye,creation,164,136,40,135
27,0,27,false,26,metaweb_empiricalbm,turkiye,creation,164,136,32,143
21,8,7,false,26,metaweb_empiricalbm,turkiye,creation,164,136,24,151
39,8,1,false,26,metaweb_empiricalbm,turkiye,creation,164,136,16,159
14,8,7,false,26,metaweb_empiricalbm,turkiye,creation,164,136,8,167
6,8,0,false,26,metaweb_empiricalbm,turkiye,creation,164,136,0,175
1,19,3,false,26,metaweb_empiricalbm,turkiye,creation,136,56,0,35
19,8,6,false,26,metaweb_empiricalbm,turkiye,creation,144,48,0,35
32,0,27,false,26,metaweb_empiricalbm,turkiye,creation,152,40,0,35
16,8,7,false,26,metaweb_empiricalbm,turkiye,creation,160,32,0,35
4,16,6,false,26,metaweb_empiricalbm,turkiye,creation,168,24,0,35
15,8,1,false,26,metaweb_empiricalbm,turkiye,creation,176,16,0,35
11,8,7,false,26,metaweb_empiricalbm,turkiye,creation,184,8,0,35
36,8,1,false,26,metaweb_empiricalbm,turkiye,creation,192,0,0,35
17,6,2,false,26,atn,turkiye,creation,125,0,36,0
20,9,0,false,26,atn,turkiye,creation,142,7,32,0
29,0,18,false,26,atn,turkiye,creation,109,16,36,0
34,0,4,false,26,atn,turkiye,creation,98,21,21,0
7,9,0,false,26,atn,turkiye,creation,84,10,15,0
2,9,0,false,26,atn,turkiye,creation,89,30,21,0
23,9,0,false,26,atn,turkiye,creation,108,41,32,0
40,6,4,false,26,atn,turkiye,creation,75,44,21,0
12,6,0,false,26,atn,turkiye,creation,71,55,45,0
18,7,0,false,26,atn,turkiye,creation,85,64,32,0
13,6,18,false,26,atn,turkiye,creation,70,55,21,0
9,10,0,false,26,atn,turkiye,creation,60,34,15,0
24,10,0,false,26,atn,turkiye,creation,105,84,72,73
10,9,0,false,26,atn,turkiye,creation,52,42,15,0
22,6,15,false,26,atn,turkiye,creation,83,72,48,67
26,0,4,false,26,atn,turkiye,creation,44,49,6,4
3,9,0,false,26,atn,turkiye,creation,32,33,22,11
5,6,0,false,26,atn,turkiye,creation,51,68,10,11
30,0,22,false,26,atn,turkiye,creation,60,89,19,13
31,0,17,false,26,atn,turkiye,creation,55,94,19,13
28,0,10,false,26,atn,turkiye,creation,38,87,15,6
38,4,22,false,26,atn,turkiye,creation,85,70,29,86
37,2,18,false,26,atn,turkiye,creation,55,94,15,17
8,7,0,false,26,atn,turkiye,creation,49,77,15,30
35,0,7,false,26,atn,turkiye,creation,51,98,15,17
25,9,0,false,26,atn,turkiye,creation,3,3,9,5
33,0,0,false,26,atn,turkiye,creation,9,12,11,22
41,6,0,false,26,atn,turkiye,creation,24,21,12,38
27,0,7,false,26,atn,turkiye,creation,107,32,7,91
21,7,0,false,26,atn,turkiye,creation,210,21,3,147
39,6,17,false,26,atn,turkiye,creation,136,0,0,126
14,6,0,false,26,atn,turkiye,creation,6,0,0,34
6,7,0,false,26,atn,turkiye,creation,0,0,0,0
1,9,0,false,26,atn,turkiye,creation,3,3,3,11
19,9,0,false,26,atn,turkiye,creation,9,12,3,30
32,0,4,false,26,atn,turkiye,creation,24,21,3,47
16,5,0,false,26,atn,turkiye,creation,109,36,1,98
4,7,0,false,26,atn,turkiye,creation,222,27,0,156
15,6,15,false,26,atn,turkiye,creation,166,6,0,141
11,7,0,false,26,atn,turkiye,creation,66,4,0,49
36,0,10,false,26,atn,turkiye,creation,94,0,0,15
17,8,0,false,26,metaweb,turkiye,burnin,192,0,28,0
20,0,25,false,26,metaweb,turkiye,burnin,184,8,28,0
29,8,0,false,26,metaweb,turkiye,burnin,176,16,28,0
7,8,0,false,26,metaweb,turkiye,burnin,168,24,28,0
2,8,0,false,26,metaweb,turkiye,burnin,160,32,28,0
23,0,25,false,26,metaweb,turkiye,burnin,152,40,28,0
12,8,0,false,26,metaweb,turkiye,burnin,144,48,28,0
18,0,25,false,26,metaweb,turkiye,burnin,136,56,28,0
13,8,0,false,26,metaweb,turkiye,burnin,128,64,28,0
9,8,0,false,26,metaweb,turkiye,burnin,120,72,28,0
24,0,25,false,26,metaweb,turkiye,burnin,112,80,28,0
10,8,0,false,26,metaweb,turkiye,burnin,104,88,28,0
22,0,25,false,26,metaweb,turkiye,burnin,96,96,28,0
26,8,0,false,26,metaweb,turkiye,burnin,88,104,28,0
3,8,0,false,26,metaweb,turkiye,burnin,80,112,28,0
5,8,0,false,26,metaweb,turkiye,burnin,72,120,28,0
30,8,0,false,26,metaweb,turkiye,burnin,64,128,28,0
31,8,0,false,26,metaweb,turkiye,burnin,164,136,56,119
28,8,0,false,26,metaweb,turkiye,burnin,164,136,48,127
8,8,0,false,26,metaweb,turkiye,burnin,164,136,40,135
25,0,25,false,26,metaweb,turkiye,burnin,164,136,32,143
33,8,0,false,26,metaweb,turkiye,burnin,164,136,24,151
27,8,0,false,26,metaweb,turkiye,burnin,164,136,16,159
21,0,25,false,26,metaweb,turkiye,burnin,164,136,8,167
14,8,0,false,26,metaweb,turkiye,burnin,164,136,0,175
6,8,0,false,26,metaweb,turkiye,burnin,136,56,0,28
1,8,0,false,26,metaweb,turkiye,burnin,144,48,0,28
19,0,25,false,26,metaweb,turkiye,burnin,152,40,0,28
32,8,0,false,26,metaweb,turkiye,burnin,160,32,0,28
16,8,0,false,26,metaweb,turkiye,burnin,168,24,0,28
4,8,0,false,26,metaweb,turkiye,burnin,176,16,0,28
15,8,0,false,26,metaweb,turkiye,burnin,184,8,0,28
11,8,0,false,26,metaweb,turkiye,burnin,192,0,0,28
8,0,1,false,26,down_niche_empiricalbm,turkiye,burnin,3,0,11,0
7,0,3,false,26,down_niche_empiricalbm,turkiye,burnin,1,0,5,2
2,0,2,false,26,down_niche_empiricalbm,turkiye,burnin,0,0,3,1
9,5,0,false,26,down_niche_empiricalbm,turkiye,burnin,1,0,4,4
6,0,1,false,26,down_niche_empiricalbm,turkiye,burnin,0,0,1,3
1,0,3,false,26,down_niche_empiricalbm,turkiye,burnin,0,0,1,3
10,4,0,false,26,down_niche_empiricalbm,turkiye,burnin,3,0,1,10
4,0,2,false,26,down_niche_empiricalbm,turkiye,burnin,0,0,0,3
3,0,1,false,26,down_niche_empiricalbm,turkiye,burnin,0,6,0,10
5,0,1,false,26,down_niche_empiricalbm,turkiye,burnin,3,2,0,6
11,5,0,false,26,down_niche_empiricalbm,turkiye,burnin,5,0,0,10
17,11,7,false,26,niche,turkiye,burnin,8,0,1,0
20,9,8,false,26,niche,turkiye,burnin,1,0,8,0
29,4,5,true,26,niche,turkiye,burnin,0,0,0,0
34,2,11,false,26,niche,turkiye,burnin,8,2,3,0
7,4,3,false,26,niche,turkiye,burnin,8,5,6,0
2,7,2,false,26,niche,turkiye,burnin,33,0,20,0
23,7,10,false,26,niche,turkiye,burnin,7,0,3,0
40,0,4,false,26,niche,turkiye,burnin,15,15,41,3
12,0,3,true,26,niche,turkiye,burnin,0,0,0,0
18,12,5,true,26,niche,turkiye,burnin,0,0,0,0
13,15,3,false,26,niche,turkiye,burnin,4,26,41,3
9,23,4,false,26,niche,turkiye,burnin,0,0,0,4
24,6,9,false,26,niche,turkiye,burnin,23,13,42,4
10,11,3,false,26,niche,turkiye,burnin,8,2,1,21
22,18,10,false,26,niche,turkiye,burnin,12,18,48,11
26,0,9,false,26,niche,turkiye,burnin,10,0,0,26
3,9,2,false,26,niche,turkiye,burnin,10,25,33,14
5,4,3,true,26,niche,turkiye,burnin,0,0,0,0
30,1,5,false,26,niche,turkiye,burnin,19,4,10,22
31,4,6,false,26,niche,turkiye,burnin,25,10,15,39
28,0,6,false,26,niche,turkiye,burnin,20,9,7,37
38,3,9,true,26,niche,turkiye,burnin,0,0,0,0
37,0,9,true,26,niche,turkiye,burnin,0,0,0,0
8,14,4,false,26,niche,turkiye,burnin,20,8,3,48
35,0,10,false,26,niche,turkiye,burnin,11,0,3,40
25,3,9,false,26,niche,turkiye,burnin,11,0,0,50
33,9,8,false,26,niche,turkiye,burnin,14,13,7,44
41,0,4,false,26,niche,turkiye,burnin,6,0,0,32
27,8,9,false,26,niche,turkiye,burnin,6,14,3,25
21,8,9,false,26,niche,turkiye,burnin,3,3,0,27
39,0,6,false,26,niche,turkiye,burnin,3,11,3,17
14,2,6,false,26,niche,turkiye,burnin,3,0,0,25
6,9,3,true,26,niche,turkiye,burnin,0,0,0,0
1,2,2,true,26,niche,turkiye,burnin,0,0,0,0
19,6,5,false,26,niche,turkiye,burnin,15,0,0,23
32,0,6,false,26,niche,turkiye,burnin,22,0,0,27
16,0,7,false,26,niche,turkiye,burnin,19,0,0,21
4,4,2,true,26,niche,turkiye,burnin,0,0,0,0
15,15,5,false,26,niche,turkiye,burnin,3,0,0,11
11,14,3,false,26,niche,turkiye,burnin,3,0,0,11
36,0,10,false,26,niche,turkiye,burnin,6,0,0,11
17,4,1,true,26,down_niche,turkiye,burnin,0,0,0,0
20,0,20,false,26,down_niche,turkiye,burnin,71,0,10,0
29,6,0,false,26,down_niche,turkiye,burnin,80,3,10,0
34,5,0,false,26,down_niche,turkiye,burnin,94,7,15,0
7,6,1,false,26,down_niche,turkiye,burnin,110,16,28,0
2,5,0,false,26,down_niche,turkiye,burnin,93,18,15,0
23,0,7,false,26,down_niche,turkiye,burnin,87,24,15,0
12,4,0,false,26,down_niche,turkiye,burnin,73,28,15,0
18,5,1,false,26,down_niche,turkiye,burnin,70,33,15,0
13,5,1,false,26,down_niche,turkiye,burnin,60,32,10,0
9,6,1,false,26,down_niche,turkiye,burnin,45,31,6,0
24,0,17,false,26,down_niche,turkiye,burnin,43,32,6,0
10,5,0,false,26,down_niche,turkiye,burnin,38,32,10,0
22,0,21,false,26,down_niche,turkiye,burnin,38,37,6,0
26,0,18,false,26,down_niche,turkiye,burnin,42,50,10,0
3,5,0,false,26,down_niche,turkiye,burnin,43,64,21,0
5,8,0,false,26,down_niche,turkiye,burnin,30,48,6,0
30,5,0,false,26,down_niche,turkiye,burnin,31,60,10,0
31,4,0,false,26,down_niche,turkiye,burnin,112,98,31,63
28,4,0,false,26,down_niche,turkiye,burnin,99,91,25,65
8,6,1,false,26,down_niche,turkiye,burnin,24,21,11,40
25,0,20,false,26,down_niche,turkiye,burnin,120,90,16,79
33,6,0,false,26,down_niche,turkiye,burnin,11,10,4,33
27,5,0,false,26,down_niche,turkiye,burnin,76,60,8,71
21,0,10,false,26,down_niche,turkiye,burnin,99,91,5,83
14,4,0,false,26,down_niche,turkiye,burnin,81,72,0,82
6,6,0,false,26,down_niche,turkiye,burnin,67,27,0,10
1,8,1,false,26,down_niche,turkiye,burnin,55,20,0,6
19,0,21,false,26,down_niche,turkiye,burnin,88,23,0,15
32,8,0,false,26,down_niche,turkiye,burnin,62,12,0,10
16,7,0,false,26,down_niche,turkiye,burnin,62,10,0,6
4,6,0,false,26,down_niche,turkiye,burnin,115,11,0,28
15,5,0,false,26,down_niche,turkiye,burnin,100,4,0,15
11,4,1,false,26,down_niche,turkiye,burnin,91,0,0,10
1,3,0,false,26,atn_empiricalbm,turkiye,burnin,3,0,3,0
2,3,0,false,26,atn_empiricalbm,turkiye,burnin,0,3,3,0
4,0,2,false,26,atn_empiricalbm,turkiye,burnin,1,0,0,4
3,0,2,false,26,atn_empiricalbm,turkiye,burnin,1,0,0,4
5,0,2,false,26,atn_empiricalbm,turkiye,burnin,1,0,0,4
9,8,0,false,26,metaweb_empiricalbm,turkiye,burnin,0,0,7,0
6,0,1,false,26,metaweb_empiricalbm,turkiye,burnin,0,0,6,1
1,0,1,false,26,metaweb_empiricalbm,turkiye,burnin,0,0,5,2
8,0,1,false,26,metaweb_empiricalbm,turkiye,burnin,0,0,4,3
7,0,1,false,26,metaweb_empiricalbm,turkiye,burnin,0,0,3,4
2,0,1,false,26,metaweb_empiricalbm,turkiye,burnin,0,0,2,5
4,0,1,false,26,metaweb_empiricalbm,turkiye,burnin,0,0,1,6
3,0,1,false,26,metaweb_empiricalbm,turkiye,burnin,0,0,0,7
5,0,1,false,26,metaweb_empiricalbm,turkiye,burnin,0,0,0,28
17,0,10,false,26,atn,turkiye,burnin,45,0,36,0
20,0,4,false,26,atn,turkiye,burnin,36,9,36,0
7,6,6,false,26,atn,turkiye,burnin,50,4,15,0
2,9,0,false,26,atn,turkiye,burnin,26,20,45,0
23,0,10,false,26,atn,turkiye,burnin,32,19,21,0
12,6,4,false,26,atn,turkiye,burnin,38,16,15,0
18,0,10,false,26,atn,turkiye,burnin,39,12,30,31
13,10,0,false,26,atn,turkiye,burnin,30,24,15,0
9,6,4,false,26,atn,turkiye,burnin,33,21,23,26
24,2,10,false,26,atn,turkiye,burnin,24,25,22,11
10,6,2,false,26,atn,turkiye,burnin,16,35,15,6
22,0,7,false,26,atn,turkiye,burnin,19,35,21,28
26,6,6,false,26,atn,turkiye,burnin,14,32,15,30
3,6,0,false,26,atn,turkiye,burnin,3,3,9,5
5,7,0,false,26,atn,turkiye,burnin,9,12,11,22
28,6,0,false,26,atn,turkiye,burnin,24,21,12,38
8,6,0,false,26,atn,turkiye,burnin,29,16,7,45
25,4,10,false,26,atn,turkiye,burnin,36,9,3,63
27,6,4,false,26,atn,turkiye,burnin,15,0,0,46
21,0,4,false,26,atn,turkiye,burnin,6,0,0,34
14,0,4,false,26,atn,turkiye,burnin,3,3,3,11
6,6,0,false,26,atn,turkiye,burnin,9,12,3,30
1,9,0,false,26,atn,turkiye,burnin,24,21,3,47
19,0,6,false,26,atn,turkiye,burnin,31,20,1,52
16,0,10,false,26,atn,turkiye,burnin,48,15,0,72
4,10,0,false,26,atn,turkiye,burnin,45,6,0,61
15,0,7,false,26,atn,turkiye,burnin,50,4,0,49
11,7,0,false,26,atn,turkiye,burnin,54,0,0,15
17,8,1,true,27,metaweb,turkiye,creation,0,0,0,0
20,8,7,true,27,metaweb,turkiye,creation,0,0,0,0
29,0,27,true,27,metaweb,turkiye,creation,0,0,0,0
34,8,1,true,27,metaweb,turkiye,creation,0,0,0,0
7,8,6,true,27,metaweb,turkiye,creation,0,0,0,0
2,19,3,false,27,metaweb,turkiye,creation,192,0,28,0
23,8,6,false,27,metaweb,turkiye,creation,184,8,28,0
40,8,1,false,27,metaweb,turkiye,creation,176,16,28,0
12,8,7,false,27,metaweb,turkiye,creation,168,24,28,0
18,8,6,false,27,metaweb,turkiye,creation,160,32,28,0
13,8,1,false,27,metaweb,turkiye,creation,152,40,28,0
9,8,6,false,27,metaweb,turkiye,creation,144,48,28,0
24,24,6,false,27,metaweb,turkiye,creation,136,56,28,0
10,8,6,false,27,metaweb,turkiye,creation,128,64,28,0
22,8,1,false,27,metaweb,turkiye,creation,120,72,28,0
26,0,27,false,27,metaweb,turkiye,creation,112,80,28,0
3,19,3,false,27,metaweb,turkiye,creation,104,88,28,0
5,11,7,false,27,metaweb,turkiye,creation,96,96,28,0
30,0,27,false,27,metaweb,turkiye,creation,88,104,28,0
31,0,27,false,27,metaweb,turkiye,creation,80,112,28,0
28,0,27,false,27,metaweb,turkiye,creation,72,120,28,0
38,8,1,false,27,metaweb,turkiye,creation,64,128,28,0
37,8,1,false,27,metaweb,turkiye,creation,0,0,28,0
8,8,0,true,27,metaweb,turkiye,creation,0,0,0,0
35,8,1,true,27,metaweb,turkiye,creation,0,0,0,0
25,24,6,false,27,metaweb,turkiye,creation,164,136,56,119
33,0,27,false,27,metaweb,turkiye,creation,164,136,48,127
41,8,1,false,27,metaweb,turkiye,creation,164,136,40,135
27,0,27,false,27,metaweb,turkiye,creation,164,136,32,143
21,8,7,false,27,metaweb,turkiye,creation,164,136,24,151
39,8,1,false,27,metaweb,turkiye,creation,164,136,16,159
14,8,7,false,27,metaweb,turkiye,creation,164,136,8,167
6,8,0,false,27,metaweb,turkiye,creation,164,136,0,175
1,19,3,false,27,metaweb,turkiye,creation,136,56,0,35
19,8,6,false,27,metaweb,turkiye,creation,144,48,0,35
32,0,27,false,27,metaweb,turkiye,creation,152,40,0,35
16,8,7,false,27,metaweb,turkiye,creation,160,32,0,35
4,16,6,false,27,metaweb,turkiye,creation,168,24,0,35
15,8,1,false,27,metaweb,turkiye,creation,176,16,0,35
11,8,7,false,27,metaweb,turkiye,creation,184,8,0,35
36,8,1,false,27,metaweb,turkiye,creation,192,0,0,35
17,4,0,false,27,down_niche_empiricalbm,turkiye,creation,12,0,25,0
20,5,3,true,27,down_niche_empiricalbm,turkiye,creation,0,0,0,0
29,0,20,false,27,down_niche_empiricalbm,turkiye,creation,11,0,21,4
34,3,0,false,27,down_niche_empiricalbm,turkiye,creation,9,8,21,0
7,4,4,false,27,down_niche_empiricalbm,turkiye,creation,3,7,6,0
2,6,1,false,27,down_niche_empiricalbm,turkiye,creation,91,0,10,0
23,2,2,false,27,down_niche_empiricalbm,turkiye,creation,70,5,16,12
40,5,1,false,27,down_niche_empiricalbm,turkiye,creation,101,9,15,0
12,5,4,false,27,down_niche_empiricalbm,turkiye,creation,36,7,12,14
18,4,2,false,27,down_niche_empiricalbm,turkiye,creation,61,13,14,8
13,7,1,false,27,down_niche_empiricalbm,turkiye,creation,89,21,15,6
9,3,4,false,27,down_niche_empiricalbm,turkiye,creation,68,25,17,15
24,13,1,false,27,down_niche_empiricalbm,turkiye,creation,79,32,21,3
10,4,2,false,27,down_niche_empiricalbm,turkiye,creation,73,41,20,19
22,3,0,false,27,down_niche_empiricalbm,turkiye,creation,34,25,6,0
26,0,20,false,27,down_niche_empiricalbm,turkiye,creation,55,41,14,21
3,7,1,false,27,down_niche_empiricalbm,turkiye,creation,31,26,6,0
5,4,0,false,27,down_niche_empiricalbm,turkiye,creation,36,38,10,13
30,0,2,false,27,down_niche_empiricalbm,turkiye,creation,47,46,10,18
31,0,19,false,27,down_niche_empiricalbm,turkiye,creation,37,55,13,13
28,0,5,false,27,down_niche_empiricalbm,turkiye,creation,41,61,16,29
38,6,0,false,27,down_niche_empiricalbm,turkiye,creation,14,27,3,0
37,5,0,false,27,down_niche_empiricalbm,turkiye,creation,0,1,3,16
8,6,0,false,27,down_niche_empiricalbm,turkiye,creation,33,12,1,53
35,3,0,true,27,down_niche_empiricalbm,turkiye,creation,0,0,0,0
25,8,4,false,27,down_niche_empiricalbm,turkiye,creation,93,78,25,54
33,0,20,false,27,down_niche_empiricalbm,turkiye,creation,82,84,22,58
41,5,1,false,27,down_niche_empiricalbm,turkiye,creation,6,4,3,14
27,0,19,false,27,down_niche_empiricalbm,turkiye,creation,106,84,16,65
21,6,6,false,27,down_niche_empiricalbm,turkiye,creation,1,0,0,9
39,6,0,false,27,down_niche_empiricalbm,turkiye,creation,93,78,10,68
14,6,5,false,27,down_niche_empiricalbm,turkiye,creation,87,84,5,76
6,5,0,false,27,down_niche_empiricalbm,turkiye,creation,99,84,0,81
1,9,0,false,27,down_niche_empiricalbm,turkiye,creation,39,16,0,3
19,5,4,false,27,down_niche_empiricalbm,turkiye,creation,38,16,0,3
32,0,19,false,27,down_niche_empiricalbm,turkiye,creation,84,26,0,15
16,5,5,false,27,down_niche_empiricalbm,turkiye,creation,75,17,0,10
4,7,0,false,27,down_niche_empiricalbm,turkiye,creation,95,15,0,15
15,4,0,false,27,down_niche_empiricalbm,turkiye,creation,88,8,0,15
11,6,2,false,27,down_niche_empiricalbm,turkiye,creation,88,4,0,11
36,6,0,false,27,down_niche_empiricalbm,turkiye,creation,91,0,0,11
17,7,5,true,27,niche,turkiye,creation,0,0,0,0
20,2,8,false,27,niche,turkiye,creation,57,0,34,0
29,3,6,false,27,niche,turkiye,creation,60,9,74,0
34,1,5,false,27,niche,turkiye,creation,0,0,0,0
7,9,1,false,27,niche,turkiye,creation,33,11,15,0
2,9,1,false,27,niche,turkiye,creation,7,1,5,0
23,5,9,false,27,niche,turkiye,creation,35,21,35,0
40,0,4,false,27,niche,turkiye,creation,4,0,0,0
12,3,1,false,27,niche,turkiye,creation,14,22,34,0
18,2,9,false,27,niche,turkiye,creation,17,35,28,0
13,0,3,false,27,niche,turkiye,creation,14,40,26,0
9,11,1,false,27,niche,turkiye,creation,0,5,3,0
24,2,8,false,27,niche,turkiye,creation,1,0,0,11
10,10,1,false,27,niche,turkiye,creation,23,10,16,14
22,2,9,false,27,niche,turkiye,creation,6,62,97,7
26,0,7,false,27,niche,turkiye,creation,10,8,3,12
3,16,1,false,27,niche,turkiye,creation,8,21,15,23
5,6,1,true,27,niche,turkiye,creation,0,0,0,0
30,2,6,false,27,niche,turkiye,creation,18,9,3,49
31,2,8,false,27,niche,turkiye,creation,23,2,1,55
28,2,6,false,27,niche,turkiye,creation,36,0,1,73
38,0,2,false,27,niche,turkiye,creation,34,2,1,73
37,2,2,false,27,niche,turkiye,creation,38,8,6,69
8,1,1,false,27,niche,turkiye,creation,27,0,0,66
35,1,4,false,27,niche,turkiye,creation,21,16,32,51
25,11,7,false,27,niche,turkiye,creation,16,0,0,55
33,0,6,false,27,niche,turkiye,creation,10,0,0,50
41,0,5,false,27,niche,turkiye,creation,13,1,1,42
27,0,5,false,27,niche,turkiye,creation,8,8,3,31
21,2,9,false,27,niche,turkiye,creation,9,2,1,34
39,2,4,true,27,niche,turkiye,creation,0,0,0,0
14,8,4,false,27,niche,turkiye,creation,18,0,0,42
6,5,1,false,27,niche,turkiye,creation,11,0,0,32
1,15,1,false,27,niche,turkiye,creation,8,1,0,29
19,5,8,false,27,niche,turkiye,creation,7,2,0,12
32,0,9,false,27,niche,turkiye,creation,3,3,0,9
16,4,2,false,27,niche,turkiye,creation,1,1,0,8
4,1,1,false,27,niche,turkiye,creation,1,0,0,9
15,18,4,true,27,niche,turkiye,creation,0,0,0,0
11,9,1,false,27,niche,turkiye,creation,2,0,0,7
36,1,3,false,27,niche,turkiye,creation,7,0,0,5
17,4,0,false,27,down_niche,turkiye,creation,12,0,25,0
20,5,3,true,27,down_niche,turkiye,creation,0,0,0,0
29,0,20,false,27,down_niche,turkiye,creation,11,0,21,4
34,3,0,false,27,down_niche,turkiye,creation,9,8,21,0
7,4,4,false,27,down_niche,turkiye,creation,3,7,6,0
2,6,1,false,27,down_niche,turkiye,creation,91,0,10,0
23,2,2,false,27,down_niche,turkiye,creation,70,5,16,12
40,5,1,false,27,down_niche,turkiye,creation,101,9,15,0
12,5,4,false,27,down_niche,turkiye,creation,36,7,12,14
18,4,2,false,27,down_niche,turkiye,creation,61,13,14,8
13,7,1,false,27,down_niche,turkiye,creation,89,21,15,6
9,3,4,false,27,down_niche,turkiye,creation,68,25,17,15
24,13,1,false,27,down_niche,turkiye,creation,79,32,21,3
10,4,2,false,27,down_niche,turkiye,creation,73,41,20,19
22,3,0,false,27,down_niche,turkiye,creation,34,25,6,0
26,0,20,false,27,down_niche,turkiye,creation,55,41,14,21
3,7,1,false,27,down_niche,turkiye,creation,31,26,6,0
5,4,0,false,27,down_niche,turkiye,creation,36,38,10,13
30,0,2,false,27,down_niche,turkiye,creation,47,46,10,18
31,0,19,false,27,down_niche,turkiye,creation,37,55,13,13
28,0,5,false,27,down_niche,turkiye,creation,41,61,16,29
38,6,0,false,27,down_niche,turkiye,creation,14,27,3,0
37,5,0,false,27,down_niche,turkiye,creation,0,1,3,16
8,6,0,false,27,down_niche,turkiye,creation,33,12,1,53
35,3,0,true,27,down_niche,turkiye,creation,0,0,0,0
25,8,4,false,27,down_niche,turkiye,creation,93,78,25,54
33,0,20,false,27,down_niche,turkiye,creation,82,84,22,58
41,5,1,false,27,down_niche,turkiye,creation,6,4,3,14
27,0,19,false,27,down_niche,turkiye,creation,106,84,16,65
21,6,6,false,27,down_niche,turkiye,creation,1,0,0,9
39,6,0,false,27,down_niche,turkiye,creation,93,78,10,68
14,6,5,false,27,down_niche,turkiye,creation,87,84,5,76
6,5,0,false,27,down_niche,turkiye,creation,99,84,0,81
1,9,0,false,27,down_niche,turkiye,creation,39,16,0,3
19,5,4,false,27,down_niche,turkiye,creation,38,16,0,3
32,0,19,false,27,down_niche,turkiye,creation,84,26,0,15
16,5,5,false,27,down_niche,turkiye,creation,75,17,0,10
4,7,0,false,27,down_niche,turkiye,creation,95,15,0,15
15,4,0,false,27,down_niche,turkiye,creation,88,8,0,15
11,6,2,false,27,down_niche,turkiye,creation,88,4,0,11
36,6,0,false,27,down_niche,turkiye,creation,91,0,0,11
17,6,4,false,27,atn_empiricalbm,turkiye,creation,120,0,15,0
20,6,0,false,27,atn_empiricalbm,turkiye,creation,85,4,36,0
29,0,22,false,27,atn_empiricalbm,turkiye,creation,110,10,15,0
34,0,3,false,27,atn_empiricalbm,turkiye,creation,104,16,15,0
7,6,0,false,27,atn_empiricalbm,turkiye,creation,98,22,15,0
2,9,0,false,27,atn_empiricalbm,turkiye,creation,92,28,15,0
23,4,0,false,27,atn_empiricalbm,turkiye,creation,86,34,15,0
40,6,3,false,27,atn_empiricalbm,turkiye,creation,80,40,15,0
12,6,0,false,27,atn_empiricalbm,turkiye,creation,52,37,36,0
18,6,0,false,27,atn_empiricalbm,turkiye,creation,70,50,15,0
13,6,4,false,27,atn_empiricalbm,turkiye,creation,68,36,15,0
9,9,0,false,27,atn_empiricalbm,turkiye,creation,60,60,15,0
24,6,0,false,27,atn_empiricalbm,turkiye,creation,48,26,27,16
10,6,0,false,27,atn_empiricalbm,turkiye,creation,54,50,15,0
22,4,2,false,27,atn_empiricalbm,turkiye,creation,48,56,15,0
26,0,3,false,27,atn_empiricalbm,turkiye,creation,44,76,15,0
3,6,0,false,27,atn_empiricalbm,turkiye,creation,32,42,25,18
5,6,0,false,27,atn_empiricalbm,turkiye,creation,28,56,6,9
30,0,23,false,27,atn_empiricalbm,turkiye,creation,32,88,15,0
31,0,18,false,27,atn_empiricalbm,turkiye,creation,26,94,15,0
28,0,10,false,27,atn_empiricalbm,turkiye,creation,24,80,15,0
38,4,23,false,27,atn_empiricalbm,turkiye,creation,13,48,6,16
37,2,22,false,27,atn_empiricalbm,turkiye,creation,10,68,6,0
8,6,0,false,27,atn_empiricalbm,turkiye,creation,10,110,15,0
35,0,5,false,27,atn_empiricalbm,turkiye,creation,8,80,15,13
25,8,0,false,27,atn_empiricalbm,turkiye,creation,3,0,9,0
33,0,0,false,27,atn_empiricalbm,turkiye,creation,4,6,11,12
41,6,0,false,27,atn_empiricalbm,turkiye,creation,24,21,12,36
27,0,5,false,27,atn_empiricalbm,turkiye,creation,191,40,7,101
21,6,0,false,27,atn_empiricalbm,turkiye,creation,231,22,3,118
39,6,18,false,27,atn_empiricalbm,turkiye,creation,153,0,0,96
14,6,0,false,27,atn_empiricalbm,turkiye,creation,3,0,0,23
6,6,0,false,27,atn_empiricalbm,turkiye,creation,0,0,0,0
1,6,0,false,27,atn_empiricalbm,turkiye,creation,3,0,3,6
19,6,0,false,27,atn_empiricalbm,turkiye,creation,4,6,3,20
32,0,3,false,27,atn_empiricalbm,turkiye,creation,24,21,3,45
16,6,0,false,27,atn_empiricalbm,turkiye,creation,191,44,1,108
4,6,0,false,27,atn_empiricalbm,turkiye,creation,237,28,0,127
15,6,0,false,27,atn_empiricalbm,turkiye,creation,177,6,0,111
11,6,0,false,27,atn_empiricalbm,turkiye,creation,67,4,0,38
36,0,10,false,27,atn_empiricalbm,turkiye,creation,104,0,0,15
17,8,1,true,27,metaweb_empiricalbm,turkiye,creation,0,0,0,0
20,8,7,true,27,metaweb_empiricalbm,turkiye,creation,0,0,0,0
29,0,27,true,27,metaweb_empiricalbm,turkiye,creation,0,0,0,0
34,8,1,true,27,metaweb_empiricalbm,turkiye,creation,0,0,0,0
7,8,6,true,27,metaweb_empiricalbm,turkiye,creation,0,0,0,0
2,19,3,false,27,metaweb_empiricalbm,turkiye,creation,192,0,28,0
23,8,6,false,27,metaweb_empiricalbm,turkiye,creation,184,8,28,0
40,8,1,false,27,metaweb_empiricalbm,turkiye,creation,176,16,28,0
12,8,7,false,27,metaweb_empiricalbm,turkiye,creation,168,24,28,0
18,8,6,false,27,metaweb_empiricalbm,turkiye,creation,160,32,28,0
13,8,1,false,27,metaweb_empiricalbm,turkiye,creation,152,40,28,0
9,8,6,false,27,metaweb_empiricalbm,turkiye,creation,144,48,28,0
24,24,6,false,27,metaweb_empiricalbm,turkiye,creation,136,56,28,0
10,8,6,false,27,metaweb_empiricalbm,turkiye,creation,128,64,28,0
22,8,1,false,27,metaweb_empiricalbm,turkiye,creation,120,72,28,0
26,0,27,false,27,metaweb_empiricalbm,turkiye,creation,112,80,28,0
3,19,3,false,27,metaweb_empiricalbm,turkiye,creation,104,88,28,0
5,11,7,false,27,metaweb_empiricalbm,turkiye,creation,96,96,28,0
30,0,27,false,27,metaweb_empiricalbm,turkiye,creation,88,104,28,0
31,0,27,false,27,metaweb_empiricalbm,turkiye,creation,80,112,28,0
28,0,27,false,27,metaweb_empiricalbm,turkiye,creation,72,120,28,0
38,8,1,false,27,metaweb_empiricalbm,turkiye,creation,64,128,28,0
37,8,1,false,27,metaweb_empiricalbm,turkiye,creation,0,0,28,0
8,8,0,true,27,metaweb_empiricalbm,turkiye,creation,0,0,0,0
35,8,1,true,27,metaweb_empiricalbm,turkiye,creation,0,0,0,0
25,24,6,false,27,metaweb_empiricalbm,turkiye,creation,164,136,56,119
33,0,27,false,27,metaweb_empiricalbm,turkiye,creation,164,136,48,127
41,8,1,false,27,metaweb_empiricalbm,turkiye,creation,164,136,40,135
27,0,27,false,27,metaweb_empiricalbm,turkiye,creation,164,136,32,143
21,8,7,false,27,metaweb_empiricalbm,turkiye,creation,164,136,24,151
39,8,1,false,27,metaweb_empiricalbm,turkiye,creation,164,136,16,159
14,8,7,false,27,metaweb_empiricalbm,turkiye,creation,164,136,8,167
6,8,0,false,27,metaweb_empiricalbm,turkiye,creation,164,136,0,175
1,19,3,false,27,metaweb_empiricalbm,turkiye,creation,136,56,0,35
19,8,6,false,27,metaweb_empiricalbm,turkiye,creation,144,48,0,35
32,0,27,false,27,metaweb_empiricalbm,turkiye,creation,152,40,0,35
16,8,7,false,27,metaweb_empiricalbm,turkiye,creation,160,32,0,35
4,16,6,false,27,metaweb_empiricalbm,turkiye,creation,168,24,0,35
15,8,1,false,27,metaweb_empiricalbm,turkiye,creation,176,16,0,35
11,8,7,false,27,metaweb_empiricalbm,turkiye,creation,184,8,0,35
36,8,1,false,27,metaweb_empiricalbm,turkiye,creation,192,0,0,35
17,6,4,false,27,atn,turkiye,creation,120,0,15,0
20,6,0,false,27,atn,turkiye,creation,85,4,36,0
29,0,22,false,27,atn,turkiye,creation,110,10,15,0
34,0,3,false,27,atn,turkiye,creation,104,16,15,0
7,6,0,false,27,atn,turkiye,creation,98,22,15,0
2,9,0,false,27,atn,turkiye,creation,92,28,15,0
23,4,0,false,27,atn,turkiye,creation,86,34,15,0
40,6,3,false,27,atn,turkiye,creation,80,40,15,0
12,6,0,false,27,atn,turkiye,creation,52,37,36,0
18,6,0,false,27,atn,turkiye,creation,70,50,15,0
13,6,4,false,27,atn,turkiye,creation,68,36,15,0
9,9,0,false,27,atn,turkiye,creation,60,60,15,0
24,6,0,false,27,atn,turkiye,creation,48,26,27,16
10,6,0,false,27,atn,turkiye,creation,54,50,15,0
22,4,2,false,27,atn,turkiye,creation,48,56,15,0
26,0,3,false,27,atn,turkiye,creation,44,76,15,0
3,6,0,false,27,atn,turkiye,creation,32,42,25,18
5,6,0,false,27,atn,turkiye,creation,28,56,6,9
30,0,23,false,27,atn,turkiye,creation,32,88,15,0
31,0,18,false,27,atn,turkiye,creation,26,94,15,0
28,0,10,false,27,atn,turkiye,creation,24,80,15,0
38,4,23,false,27,atn,turkiye,creation,13,48,6,16
37,2,22,false,27,atn,turkiye,creation,10,68,6,0
8,6,0,false,27,atn,turkiye,creation,10,110,15,0
35,0,5,false,27,atn,turkiye,creation,8,80,15,13
25,8,0,false,27,atn,turkiye,creation,3,0,9,0
33,0,0,false,27,atn,turkiye,creation,4,6,11,12
41,6,0,false,27,atn,turkiye,creation,24,21,12,36
27,0,5,false,27,atn,turkiye,creation,191,40,7,101
21,6,0,false,27,atn,turkiye,creation,231,22,3,118
39,6,18,false,27,atn,turkiye,creation,153,0,0,96
14,6,0,false,27,atn,turkiye,creation,3,0,0,23
6,6,0,false,27,atn,turkiye,creation,0,0,0,0
1,6,0,false,27,atn,turkiye,creation,3,0,3,6
19,6,0,false,27,atn,turkiye,creation,4,6,3,20
32,0,3,false,27,atn,turkiye,creation,24,21,3,45
16,6,0,false,27,atn,turkiye,creation,191,44,1,108
4,6,0,false,27,atn,turkiye,creation,237,28,0,127
15,6,0,false,27,atn,turkiye,creation,177,6,0,111
11,6,0,false,27,atn,turkiye,creation,67,4,0,38
36,0,10,false,27,atn,turkiye,creation,104,0,0,15
17,8,0,false,27,metaweb,turkiye,burnin,192,0,28,0
20,0,25,false,27,metaweb,turkiye,burnin,184,8,28,0
29,8,0,false,27,metaweb,turkiye,burnin,176,16,28,0
7,8,0,false,27,metaweb,turkiye,burnin,168,24,28,0
2,8,0,false,27,metaweb,turkiye,burnin,160,32,28,0
23,0,25,false,27,metaweb,turkiye,burnin,152,40,28,0
12,8,0,false,27,metaweb,turkiye,burnin,144,48,28,0
18,0,25,false,27,metaweb,turkiye,burnin,136,56,28,0
13,8,0,false,27,metaweb,turkiye,burnin,128,64,28,0
9,8,0,false,27,metaweb,turkiye,burnin,120,72,28,0
24,0,25,false,27,metaweb,turkiye,burnin,112,80,28,0
10,8,0,false,27,metaweb,turkiye,burnin,104,88,28,0
22,0,25,false,27,metaweb,turkiye,burnin,96,96,28,0
26,8,0,false,27,metaweb,turkiye,burnin,88,104,28,0
3,8,0,false,27,metaweb,turkiye,burnin,80,112,28,0
5,8,0,false,27,metaweb,turkiye,burnin,72,120,28,0
30,8,0,false,27,metaweb,turkiye,burnin,64,128,28,0
31,8,0,false,27,metaweb,turkiye,burnin,164,136,56,119
28,8,0,false,27,metaweb,turkiye,burnin,164,136,48,127
8,8,0,false,27,metaweb,turkiye,burnin,164,136,40,135
25,0,25,false,27,metaweb,turkiye,burnin,164,136,32,143
33,8,0,false,27,metaweb,turkiye,burnin,164,136,24,151
27,8,0,false,27,metaweb,turkiye,burnin,164,136,16,159
21,0,25,false,27,metaweb,turkiye,burnin,164,136,8,167
14,8,0,false,27,metaweb,turkiye,burnin,164,136,0,175
6,8,0,false,27,metaweb,turkiye,burnin,136,56,0,28
1,8,0,false,27,metaweb,turkiye,burnin,144,48,0,28
19,0,25,false,27,metaweb,turkiye,burnin,152,40,0,28
32,8,0,false,27,metaweb,turkiye,burnin,160,32,0,28
16,8,0,false,27,metaweb,turkiye,burnin,168,24,0,28
4,8,0,false,27,metaweb,turkiye,burnin,176,16,0,28
15,8,0,false,27,metaweb,turkiye,burnin,184,8,0,28
11,8,0,false,27,metaweb,turkiye,burnin,192,0,0,28
9,5,0,false,27,down_niche_empiricalbm,turkiye,burnin,5,0,6,0
6,0,1,false,27,down_niche_empiricalbm,turkiye,burnin,1,0,6,0
1,4,0,false,27,down_niche_empiricalbm,turkiye,burnin,0,1,3,4
8,3,0,false,27,down_niche_empiricalbm,turkiye,burnin,0,0,0,3
7,0,3,false,27,down_niche_empiricalbm,turkiye,burnin,1,2,3,6
2,0,2,false,27,down_niche_empiricalbm,turkiye,burnin,0,0,1,3
4,0,1,false,27,down_niche_empiricalbm,turkiye,burnin,1,2,0,9
3,0,2,false,27,down_niche_empiricalbm,turkiye,burnin,2,3,0,3
5,0,3,false,27,down_niche_empiricalbm,turkiye,burnin,6,0,0,10
17,2,6,true,27,niche,turkiye,burnin,0,0,0,0
20,0,4,false,27,niche,turkiye,burnin,29,0,19,0
29,1,1,false,27,niche,turkiye,burnin,30,7,45,0
34,0,5,false,27,niche,turkiye,burnin,11,6,3,0
7,7,1,false,27,niche,turkiye,burnin,6,1,5,0
2,7,1,false,27,niche,turkiye,burnin,4,0,0,0
23,2,5,false,27,niche,turkiye,burnin,5,11,16,0
12,14,4,false,27,niche,turkiye,burnin,8,15,8,0
18,11,5,false,27,niche,turkiye,burnin,0,5,3,0
13,4,2,false,27,niche,turkiye,burnin,1,0,0,8
9,3,1,false,27,niche,turkiye,burnin,19,7,16,11
24,2,7,false,27,niche,turkiye,burnin,6,33,62,7
10,0,3,false,27,niche,turkiye,burnin,8,8,3,9
22,3,4,false,27,niche,turkiye,burnin,4,9,3,21
26,0,6,false,27,niche,turkiye,burnin,17,0,1,30
3,12,1,false,27,niche,turkiye,burnin,24,5,6,34
5,4,1,false,27,niche,turkiye,burnin,15,0,0,34
30,2,2,false,27,niche,turkiye,burnin,11,11,32,25
31,0,2,false,27,niche,turkiye,burnin,6,0,0,29
28,1,2,false,27,niche,turkiye,burnin,6,0,0,34
8,5,1,false,27,niche,turkiye,burnin,6,1,1,28
25,0,8,false,27,niche,turkiye,burnin,3,8,3,19
33,0,4,false,27,niche,turkiye,burnin,7,2,1,28
27,1,5,true,27,niche,turkiye,burnin,0,0,0,0
21,2,4,false,27,niche,turkiye,burnin,14,0,0,36
14,3,4,false,27,niche,turkiye,burnin,11,0,0,29
6,1,1,false,27,niche,turkiye,burnin,8,1,0,26
1,12,1,false,27,niche,turkiye,burnin,2,2,0,10
19,0,5,false,27,niche,turkiye,burnin,0,3,0,7
32,2,4,false,27,niche,turkiye,burnin,1,1,0,8
16,5,7,false,27,niche,turkiye,burnin,1,0,0,9
4,3,1,true,27,niche,turkiye,burnin,0,0,0,0
15,2,7,false,27,niche,turkiye,burnin,2,0,0,7
11,8,4,false,27,niche,turkiye,burnin,7,0,0,5
8,0,6,false,27,down_niche,turkiye,burnin,13,0,3,0
7,0,5,false,27,down_niche,turkiye,burnin,22,2,21,0
2,7,0,false,27,down_niche,turkiye,burnin,11,6,6,0
12,0,4,false,27,down_niche,turkiye,burnin,6,6,6,0
13,0,4,false,27,down_niche,turkiye,burnin,11,12,15,0
9,0,5,false,27,down_niche,turkiye,burnin,2,9,3,0
6,3,0,false,27,down_niche,turkiye,burnin,4,6,7,14
1,3,0,false,27,down_niche,turkiye,burnin,7,8,5,18
14,0,5,false,27,down_niche,turkiye,burnin,6,4,3,14
16,6,0,false,27,down_niche,turkiye,burnin,6,4,2,17
10,0,5,false,27,down_niche,turkiye,burnin,1,0,0,9
4,4,0,false,27,down_niche,turkiye,burnin,6,0,0,16
3,4,0,false,27,down_niche,turkiye,burnin,2,4,1,17
5,6,0,false,27,down_niche,turkiye,burnin,6,4,0,21
15,3,0,false,27,down_niche,turkiye,burnin,9,3,0,3
11,0,2,false,27,down_niche,turkiye,burnin,24,0,0,15
1,2,0,false,27,atn_empiricalbm,turkiye,burnin,2,0,1,0
2,3,0,false,27,atn_empiricalbm,turkiye,burnin,0,2,3,0
4,0,2,false,27,atn_empiricalbm,turkiye,burnin,1,0,0,3
3,0,2,false,27,atn_empiricalbm,turkiye,burnin,1,0,0,3
5,0,1,false,27,atn_empiricalbm,turkiye,burnin,0,0,0,2
9,8,0,false,27,metaweb_empiricalbm,turkiye,burnin,0,0,7,0
6,0,1,false,27,metaweb_empiricalbm,turkiye,burnin,0,0,6,1
1,0,1,false,27,metaweb_empiricalbm,turkiye,burnin,0,0,5,2
8,0,1,false,27,metaweb_empiricalbm,turkiye,burnin,0,0,4,3
7,0,1,false,27,metaweb_empiricalbm,turkiye,burnin,0,0,3,4
2,0,1,false,27,metaweb_empiricalbm,turkiye,burnin,0,0,2,5
4,0,1,false,27,metaweb_empiricalbm,turkiye,burnin,0,0,1,6
3,0,1,false,27,metaweb_empiricalbm,turkiye,burnin,0,0,0,7
5,0,1,false,27,metaweb_empiricalbm,turkiye,burnin,0,0,0,28
17,0,4,false,27,atn,turkiye,burnin,31,0,36,0
20,0,5,false,27,atn,turkiye,burnin,22,9,36,0
7,6,3,false,27,atn,turkiye,burnin,46,4,15,0
2,9,0,false,27,atn,turkiye,burnin,39,6,22,16
23,4,9,false,27,atn,turkiye,burnin,36,14,15,0
12,0,3,false,27,atn,turkiye,burnin,30,20,15,0
18,0,3,false,27,atn,turkiye,burnin,25,20,21,17
13,0,5,false,27,atn,turkiye,burnin,20,30,15,0
9,4,2,false,27,atn,turkiye,burnin,11,24,6,16
24,6,4,false,27,atn,turkiye,burnin,6,16,6,0
10,4,0,false,27,atn,turkiye,burnin,6,24,15,13
22,2,9,false,27,atn,turkiye,burnin,3,0,9,0
26,6,0,false,27,atn,turkiye,burnin,4,6,11,12
3,6,0,false,27,atn,turkiye,burnin,24,21,12,36
5,6,0,false,27,atn,turkiye,burnin,22,14,7,36
8,6,0,false,27,atn,turkiye,burnin,28,8,3,48
25,6,3,false,27,atn,turkiye,burnin,6,0,0,26
21,0,10,false,27,atn,turkiye,burnin,3,0,0,23
14,0,10,false,27,atn,turkiye,burnin,3,0,3,6
6,6,0,false,27,atn,turkiye,burnin,4,6,3,20
1,9,0,false,27,atn,turkiye,burnin,24,21,3,45
19,0,3,false,27,atn,turkiye,burnin,22,18,1,43
16,0,9,false,27,atn,turkiye,burnin,34,14,0,57
4,6,3,false,27,atn,turkiye,burnin,30,6,0,41
15,0,9,false,27,atn,turkiye,burnin,41,4,0,38
11,8,0,false,27,atn,turkiye,burnin,50,0,0,15
17,8,1,true,28,metaweb,turkiye,creation,0,0,0,0
20,8,7,true,28,metaweb,turkiye,creation,0,0,0,0
29,0,27,true,28,metaweb,turkiye,creation,0,0,0,0
34,8,1,true,28,metaweb,turkiye,creation,0,0,0,0
7,8,6,true,28,metaweb,turkiye,creation,0,0,0,0
2,19,3,false,28,metaweb,turkiye,creation,192,0,28,0
23,8,6,false,28,metaweb,turkiye,creation,184,8,28,0
40,8,1,false,28,metaweb,turkiye,creation,176,16,28,0
12,8,7,false,28,metaweb,turkiye,creation,168,24,28,0
18,8,6,false,28,metaweb,turkiye,creation,160,32,28,0
13,8,1,false,28,metaweb,turkiye,creation,152,40,28,0
9,8,6,false,28,metaweb,turkiye,creation,144,48,28,0
24,24,6,false,28,metaweb,turkiye,creation,136,56,28,0
10,8,6,false,28,metaweb,turkiye,creation,128,64,28,0
22,8,1,false,28,metaweb,turkiye,creation,120,72,28,0
26,0,27,false,28,metaweb,turkiye,creation,112,80,28,0
3,19,3,false,28,metaweb,turkiye,creation,104,88,28,0
5,11,7,false,28,metaweb,turkiye,creation,96,96,28,0
30,0,27,false,28,metaweb,turkiye,creation,88,104,28,0
31,0,27,false,28,metaweb,turkiye,creation,80,112,28,0
28,0,27,false,28,metaweb,turkiye,creation,72,120,28,0
38,8,1,false,28,metaweb,turkiye,creation,64,128,28,0
37,8,1,false,28,metaweb,turkiye,creation,0,0,28,0
8,8,0,true,28,metaweb,turkiye,creation,0,0,0,0
35,8,1,true,28,metaweb,turkiye,creation,0,0,0,0
25,24,6,false,28,metaweb,turkiye,creation,164,136,56,119
33,0,27,false,28,metaweb,turkiye,creation,164,136,48,127
41,8,1,false,28,metaweb,turkiye,creation,164,136,40,135
27,0,27,false,28,metaweb,turkiye,creation,164,136,32,143
21,8,7,false,28,metaweb,turkiye,creation,164,136,24,151
39,8,1,false,28,metaweb,turkiye,creation,164,136,16,159
14,8,7,false,28,metaweb,turkiye,creation,164,136,8,167
6,8,0,false,28,metaweb,turkiye,creation,164,136,0,175
1,19,3,false,28,metaweb,turkiye,creation,136,56,0,35
19,8,6,false,28,metaweb,turkiye,creation,144,48,0,35
32,0,27,false,28,metaweb,turkiye,creation,152,40,0,35
16,8,7,false,28,metaweb,turkiye,creation,160,32,0,35
4,16,6,false,28,metaweb,turkiye,creation,168,24,0,35
15,8,1,false,28,metaweb,turkiye,creation,176,16,0,35
11,8,7,false,28,metaweb,turkiye,creation,184,8,0,35
36,8,1,false,28,metaweb,turkiye,creation,192,0,0,35
17,5,1,false,28,down_niche_empiricalbm,turkiye,creation,8,0,11,0
20,5,6,false,28,down_niche_empiricalbm,turkiye,creation,5,3,17,0
29,0,21,false,28,down_niche_empiricalbm,turkiye,creation,1,0,28,3
34,6,1,false,28,down_niche_empiricalbm,turkiye,creation,0,10,45,0
7,5,5,true,28,down_niche_empiricalbm,turkiye,creation,0,0,0,0
2,8,0,false,28,down_niche_empiricalbm,turkiye,creation,125,0,21,0
23,6,2,false,28,down_niche_empiricalbm,turkiye,creation,83,5,10,20
40,6,0,false,28,down_niche_empiricalbm,turkiye,creation,107,10,15,0
12,7,4,false,28,down_niche_empiricalbm,turkiye,creation,74,13,10,21
18,6,3,false,28,down_niche_empiricalbm,turkiye,creation,81,16,10,16
13,5,1,false,28,down_niche_empiricalbm,turkiye,creation,64,15,6,21
9,5,5,false,28,down_niche_empiricalbm,turkiye,creation,81,28,21,21
24,13,3,false,28,down_niche_empiricalbm,turkiye,creation,70,28,10,0
10,5,4,false,28,down_niche_empiricalbm,turkiye,creation,66,33,10,20
22,5,1,false,28,down_niche_empiricalbm,turkiye,creation,60,38,10,0
26,0,21,false,28,down_niche_empiricalbm,turkiye,creation,48,33,6,25
3,10,2,false,28,down_niche_empiricalbm,turkiye,creation,54,43,10,0
5,10,2,false,28,down_niche_empiricalbm,turkiye,creation,60,58,15,20
30,0,21,false,28,down_niche_empiricalbm,turkiye,creation,46,52,10,6
31,0,9,false,28,down_niche_empiricalbm,turkiye,creation,42,59,10,20
28,0,21,false,28,down_niche_empiricalbm,turkiye,creation,42,66,21,0
38,4,1,false,28,down_niche_empiricalbm,turkiye,creation,30,56,10,0
37,6,0,false,28,down_niche_empiricalbm,turkiye,creation,0,0,15,9
8,6,0,true,28,down_niche_empiricalbm,turkiye,creation,0,0,0,0
35,6,1,true,28,down_niche_empiricalbm,turkiye,creation,0,0,0,0
25,14,6,false,28,down_niche_empiricalbm,turkiye,creation,120,90,28,67
33,0,20,false,28,down_niche_empiricalbm,turkiye,creation,120,90,23,71
41,5,1,false,28,down_niche_empiricalbm,turkiye,creation,99,91,22,67
27,0,22,false,28,down_niche_empiricalbm,turkiye,creation,99,91,15,73
21,7,3,false,28,down_niche_empiricalbm,turkiye,creation,120,90,9,87
39,5,1,false,28,down_niche_empiricalbm,turkiye,creation,18,18,3,40
14,5,6,false,28,down_niche_empiricalbm,turkiye,creation,1,2,1,15
6,7,0,false,28,down_niche_empiricalbm,turkiye,creation,94,96,0,91
1,8,0,false,28,down_niche_empiricalbm,turkiye,creation,74,31,0,20
19,5,3,false,28,down_niche_empiricalbm,turkiye,creation,88,29,0,20
32,0,4,false,28,down_niche_empiricalbm,turkiye,creation,94,23,0,20
16,4,7,false,28,down_niche_empiricalbm,turkiye,creation,89,16,0,15
4,12,1,false,28,down_niche_empiricalbm,turkiye,creation,58,7,0,11
15,5,1,false,28,down_niche_empiricalbm,turkiye,creation,74,7,0,15
11,4,5,false,28,down_niche_empiricalbm,turkiye,creation,112,5,0,15
36,6,1,false,28,down_niche_empiricalbm,turkiye,creation,97,0,0,15
17,6,2,false,28,niche,turkiye,creation,20,0,3,0
20,5,6,true,28,niche,turkiye,creation,0,0,0,0
29,1,7,false,28,niche,turkiye,creation,38,0,27,0
34,1,4,false,28,niche,turkiye,creation,41,6,26,0
7,3,1,false,28,niche,turkiye,creation,18,9,7,0
2,28,1,false,28,niche,turkiye,creation,14,3,3,0
23,1,8,false,28,niche,turkiye,creation,6,2,0,0
40,1,8,false,28,niche,turkiye,creation,5,3,0,0
12,3,2,false,28,niche,turkiye,creation,18,7,4,0
18,3,3,false,28,niche,turkiye,creation,0,0,35,0
13,12,2,false,28,niche,turkiye,creation,4,2,0,0
9,6,1,false,28,niche,turkiye,creation,6,0,3,6
24,4,8,false,28,niche,turkiye,creation,12,23,30,6
10,11,1,false,28,niche,turkiye,creation,15,12,10,9
22,8,5,false,28,niche,turkiye,creation,10,41,47,9
26,8,12,false,28,niche,turkiye,creation,3,3,0,9
3,11,1,false,28,niche,turkiye,creation,0,14,11,5
5,5,1,true,28,niche,turkiye,creation,0,0,0,0
30,1,8,false,28,niche,turkiye,creation,1,4,0,12
31,1,8,false,28,niche,turkiye,creation,6,12,1,18
28,4,12,false,28,niche,turkiye,creation,3,4,0,20
38,0,7,false,28,niche,turkiye,creation,3,26,10,15
37,0,8,false,28,niche,turkiye,creation,20,4,0,21
8,3,1,false,28,niche,turkiye,creation,17,5,1,18
35,2,6,false,28,niche,turkiye,creation,26,15,12,29
25,8,10,true,28,niche,turkiye,creation,0,0,0,0
33,1,9,true,28,niche,turkiye,creation,0,0,0,0
41,0,4,false,28,niche,turkiye,creation,30,10,4,22
27,4,12,false,28,niche,turkiye,creation,14,1,0,33
21,1,5,false,28,niche,turkiye,creation,11,3,0,26
39,2,8,false,28,niche,turkiye,creation,16,1,0,38
14,7,2,false,28,niche,turkiye,creation,16,8,5,21
6,4,1,false,28,niche,turkiye,creation,21,2,0,29
1,5,1,false,28,niche,turkiye,creation,5,2,0,24
19,1,4,false,28,niche,turkiye,creation,8,2,0,21
32,6,8,true,28,niche,turkiye,creation,0,0,0,0
16,1,2,false,28,niche,turkiye,creation,13,0,0,26
4,11,1,false,28,niche,turkiye,creation,11,0,0,30
15,16,2,true,28,niche,turkiye,creation,0,0,0,0
11,1,1,false,28,niche,turkiye,creation,14,0,0,20
36,3,6,false,28,niche,turkiye,creation,3,0,0,11
17,5,1,false,28,down_niche,turkiye,creation,8,0,11,0
20,5,6,false,28,down_niche,turkiye,creation,5,3,17,0
29,0,21,false,28,down_niche,turkiye,creation,1,0,28,3
34,6,1,false,28,down_niche,turkiye,creation,0,10,45,0
7,5,5,true,28,down_niche,turkiye,creation,0,0,0,0
2,8,0,false,28,down_niche,turkiye,creation,125,0,21,0
23,6,2,false,28,down_niche,turkiye,creation,83,5,10,20
40,6,0,false,28,down_niche,turkiye,creation,107,10,15,0
12,7,4,false,28,down_niche,turkiye,creation,74,13,10,21
18,6,3,false,28,down_niche,turkiye,creation,81,16,10,16
13,5,1,false,28,down_niche,turkiye,creation,64,15,6,21
9,5,5,false,28,down_niche,turkiye,creation,81,28,21,21
24,13,3,false,28,down_niche,turkiye,creation,70,28,10,0
10,5,4,false,28,down_niche,turkiye,creation,66,33,10,20
22,5,1,false,28,down_niche,turkiye,creation,60,38,10,0
26,0,21,false,28,down_niche,turkiye,creation,48,33,6,25
3,10,2,false,28,down_niche,turkiye,creation,54,43,10,0
5,10,2,false,28,down_niche,turkiye,creation,60,58,15,20
30,0,21,false,28,down_niche,turkiye,creation,46,52,10,6
31,0,9,false,28,down_niche,turkiye,creation,42,59,10,20
28,0,21,false,28,down_niche,turkiye,creation,42,66,21,0
38,4,1,false,28,down_niche,turkiye,creation,30,56,10,0
37,6,0,false,28,down_niche,turkiye,creation,0,0,15,9
8,6,0,true,28,down_niche,turkiye,creation,0,0,0,0
35,6,1,true,28,down_niche,turkiye,creation,0,0,0,0
25,14,6,false,28,down_niche,turkiye,creation,120,90,28,67
33,0,20,false,28,down_niche,turkiye,creation,120,90,23,71
41,5,1,false,28,down_niche,turkiye,creation,99,91,22,67
27,0,22,false,28,down_niche,turkiye,creation,99,91,15,73
21,7,3,false,28,down_niche,turkiye,creation,120,90,9,87
39,5,1,false,28,down_niche,turkiye,creation,18,18,3,40
14,5,6,false,28,down_niche,turkiye,creation,1,2,1,15
6,7,0,false,28,down_niche,turkiye,creation,94,96,0,91
1,8,0,false,28,down_niche,turkiye,creation,74,31,0,20
19,5,3,false,28,down_niche,turkiye,creation,88,29,0,20
32,0,4,false,28,down_niche,turkiye,creation,94,23,0,20
16,4,7,false,28,down_niche,turkiye,creation,89,16,0,15
4,12,1,false,28,down_niche,turkiye,creation,58,7,0,11
15,5,1,false,28,down_niche,turkiye,creation,74,7,0,15
11,4,5,false,28,down_niche,turkiye,creation,112,5,0,15
36,6,1,false,28,down_niche,turkiye,creation,97,0,0,15
17,6,15,false,28,atn_empiricalbm,turkiye,creation,115,0,30,0
20,6,0,false,28,atn_empiricalbm,turkiye,creation,137,7,28,0
29,0,21,false,28,atn_empiricalbm,turkiye,creation,120,12,17,0
34,0,4,false,28,atn_empiricalbm,turkiye,creation,94,20,24,0
7,8,0,false,28,atn_empiricalbm,turkiye,creation,102,12,13,0
2,9,0,false,28,atn_empiricalbm,turkiye,creation,104,28,17,0
23,7,0,false,28,atn_empiricalbm,turkiye,creation,79,35,24,0
40,8,9,false,28,atn_empiricalbm,turkiye,creation,92,40,17,0
12,7,0,false,28,atn_empiricalbm,turkiye,creation,85,47,17,0
18,10,0,false,28,atn_empiricalbm,turkiye,creation,61,54,30,0
13,6,4,false,28,atn_empiricalbm,turkiye,creation,80,34,13,0
9,7,0,false,28,atn_empiricalbm,turkiye,creation,69,63,17,0
24,10,0,false,28,atn_empiricalbm,turkiye,creation,68,44,27,12
10,9,0,false,28,atn_empiricalbm,turkiye,creation,72,70,22,0
22,6,2,false,28,atn_empiricalbm,turkiye,creation,61,60,30,24
26,0,4,false,28,atn_empiricalbm,turkiye,creation,52,62,13,0
3,7,0,false,28,atn_empiricalbm,turkiye,creation,87,74,43,61
5,6,0,false,28,atn_empiricalbm,turkiye,creation,47,67,17,20
30,0,26,false,28,atn_empiricalbm,turkiye,creation,47,97,22,6
31,0,17,false,28,atn_empiricalbm,turkiye,creation,36,78,13,0
28,0,14,false,28,atn_empiricalbm,turkiye,creation,30,84,13,0
38,6,26,false,28,atn_empiricalbm,turkiye,creation,22,89,17,10
37,4,21,false,28,atn_empiricalbm,turkiye,creation,30,102,13,4
8,7,0,false,28,atn_empiricalbm,turkiye,creation,32,82,13,24
35,0,5,false,28,atn_empiricalbm,turkiye,creation,24,90,13,11
25,8,0,false,28,atn_empiricalbm,turkiye,creation,3,0,13,0
33,0,0,false,28,atn_empiricalbm,turkiye,creation,3,3,16,7
41,8,0,false,28,atn_empiricalbm,turkiye,creation,48,30,18,47
27,0,5,false,28,atn_empiricalbm,turkiye,creation,147,43,14,91
21,6,0,false,28,atn_empiricalbm,turkiye,creation,264,39,9,137
39,8,17,false,28,atn_empiricalbm,turkiye,creation,120,16,4,117
14,8,0,false,28,atn_empiricalbm,turkiye,creation,36,0,0,71
6,7,0,false,28,atn_empiricalbm,turkiye,creation,0,0,0,0
1,9,0,false,28,atn_empiricalbm,turkiye,creation,3,0,3,10
19,9,0,false,28,atn_empiricalbm,turkiye,creation,3,3,3,20
32,0,9,false,28,atn_empiricalbm,turkiye,creation,48,32,3,59
16,6,0,false,28,atn_empiricalbm,turkiye,creation,149,47,2,101
4,8,0,false,28,atn_empiricalbm,turkiye,creation,272,45,1,134
15,6,7,false,28,atn_empiricalbm,turkiye,creation,164,22,0,119
11,6,0,false,28,atn_empiricalbm,turkiye,creation,126,6,0,71
36,2,14,false,28,atn_empiricalbm,turkiye,creation,142,0,0,22
17,8,1,true,28,metaweb_empiricalbm,turkiye,creation,0,0,0,0
20,8,7,true,28,metaweb_empiricalbm,turkiye,creation,0,0,0,0
29,0,27,true,28,metaweb_empiricalbm,turkiye,creation,0,0,0,0
34,8,1,true,28,metaweb_empiricalbm,turkiye,creation,0,0,0,0
7,8,6,true,28,metaweb_empiricalbm,turkiye,creation,0,0,0,0
2,19,3,false,28,metaweb_empiricalbm,turkiye,creation,192,0,28,0
23,8,6,false,28,metaweb_empiricalbm,turkiye,creation,184,8,28,0
40,8,1,false,28,metaweb_empiricalbm,turkiye,creation,176,16,28,0
12,8,7,false,28,metaweb_empiricalbm,turkiye,creation,168,24,28,0
18,8,6,false,28,metaweb_empiricalbm,turkiye,creation,160,32,28,0
13,8,1,false,28,metaweb_empiricalbm,turkiye,creation,152,40,28,0
9,8,6,false,28,metaweb_empiricalbm,turkiye,creation,144,48,28,0
24,24,6,false,28,metaweb_empiricalbm,turkiye,creation,136,56,28,0
10,8,6,false,28,metaweb_empiricalbm,turkiye,creation,128,64,28,0
22,8,1,false,28,metaweb_empiricalbm,turkiye,creation,120,72,28,0
26,0,27,false,28,metaweb_empiricalbm,turkiye,creation,112,80,28,0
3,19,3,false,28,metaweb_empiricalbm,turkiye,creation,104,88,28,0
5,11,7,false,28,metaweb_empiricalbm,turkiye,creation,96,96,28,0
30,0,27,false,28,metaweb_empiricalbm,turkiye,creation,88,104,28,0
31,0,27,false,28,metaweb_empiricalbm,turkiye,creation,80,112,28,0
28,0,27,false,28,metaweb_empiricalbm,turkiye,creation,72,120,28,0
38,8,1,false,28,metaweb_empiricalbm,turkiye,creation,64,128,28,0
37,8,1,false,28,metaweb_empiricalbm,turkiye,creation,0,0,28,0
8,8,0,true,28,metaweb_empiricalbm,turkiye,creation,0,0,0,0
35,8,1,true,28,metaweb_empiricalbm,turkiye,creation,0,0,0,0
25,24,6,false,28,metaweb_empiricalbm,turkiye,creation,164,136,56,119
33,0,27,false,28,metaweb_empiricalbm,turkiye,creation,164,136,48,127
41,8,1,false,28,metaweb_empiricalbm,turkiye,creation,164,136,40,135
27,0,27,false,28,metaweb_empiricalbm,turkiye,creation,164,136,32,143
21,8,7,false,28,metaweb_empiricalbm,turkiye,creation,164,136,24,151
39,8,1,false,28,metaweb_empiricalbm,turkiye,creation,164,136,16,159
14,8,7,false,28,metaweb_empiricalbm,turkiye,creation,164,136,8,167
6,8,0,false,28,metaweb_empiricalbm,turkiye,creation,164,136,0,175
1,19,3,false,28,metaweb_empiricalbm,turkiye,creation,136,56,0,35
19,8,6,false,28,metaweb_empiricalbm,turkiye,creation,144,48,0,35
32,0,27,false,28,metaweb_empiricalbm,turkiye,creation,152,40,0,35
16,8,7,false,28,metaweb_empiricalbm,turkiye,creation,160,32,0,35
4,16,6,false,28,metaweb_empiricalbm,turkiye,creation,168,24,0,35
15,8,1,false,28,metaweb_empiricalbm,turkiye,creation,176,16,0,35
11,8,7,false,28,metaweb_empiricalbm,turkiye,creation,184,8,0,35
36,8,1,false,28,metaweb_empiricalbm,turkiye,creation,192,0,0,35
17,6,15,false,28,atn,turkiye,creation,115,0,30,0
20,6,0,false,28,atn,turkiye,creation,137,7,28,0
29,0,21,false,28,atn,turkiye,creation,120,12,17,0
34,0,4,false,28,atn,turkiye,creation,94,20,24,0
7,8,0,false,28,atn,turkiye,creation,102,12,13,0
2,9,0,false,28,atn,turkiye,creation,104,28,17,0
23,7,0,false,28,atn,turkiye,creation,79,35,24,0
40,8,9,false,28,atn,turkiye,creation,92,40,17,0
12,7,0,false,28,atn,turkiye,creation,85,47,17,0
18,10,0,false,28,atn,turkiye,creation,61,54,30,0
13,6,4,false,28,atn,turkiye,creation,80,34,13,0
9,7,0,false,28,atn,turkiye,creation,69,63,17,0
24,10,0,false,28,atn,turkiye,creation,68,44,27,12
10,9,0,false,28,atn,turkiye,creation,72,70,22,0
22,6,2,false,28,atn,turkiye,creation,61,60,30,24
26,0,4,false,28,atn,turkiye,creation,52,62,13,0
3,7,0,false,28,atn,turkiye,creation,87,74,43,61
5,6,0,false,28,atn,turkiye,creation,47,67,17,20
30,0,26,false,28,atn,turkiye,creation,47,97,22,6
31,0,17,false,28,atn,turkiye,creation,36,78,13,0
28,0,14,false,28,atn,turkiye,creation,30,84,13,0
38,6,26,false,28,atn,turkiye,creation,22,89,17,10
37,4,21,false,28,atn,turkiye,creation,30,102,13,4
8,7,0,false,28,atn,turkiye,creation,32,82,13,24
35,0,5,false,28,atn,turkiye,creation,24,90,13,11
25,8,0,false,28,atn,turkiye,creation,3,0,13,0
33,0,0,false,28,atn,turkiye,creation,3,3,16,7
41,8,0,false,28,atn,turkiye,creation,48,30,18,47
27,0,5,false,28,atn,turkiye,creation,147,43,14,91
21,6,0,false,28,atn,turkiye,creation,264,39,9,137
39,8,17,false,28,atn,turkiye,creation,120,16,4,117
14,8,0,false,28,atn,turkiye,creation,36,0,0,71
6,7,0,false,28,atn,turkiye,creation,0,0,0,0
1,9,0,false,28,atn,turkiye,creation,3,0,3,10
19,9,0,false,28,atn,turkiye,creation,3,3,3,20
32,0,9,false,28,atn,turkiye,creation,48,32,3,59
16,6,0,false,28,atn,turkiye,creation,149,47,2,101
4,8,0,false,28,atn,turkiye,creation,272,45,1,134
15,6,7,false,28,atn,turkiye,creation,164,22,0,119
11,6,0,false,28,atn,turkiye,creation,126,6,0,71
36,2,14,false,28,atn,turkiye,creation,142,0,0,22
17,8,0,false,28,metaweb,turkiye,burnin,192,0,28,0
20,0,25,false,28,metaweb,turkiye,burnin,184,8,28,0
29,8,0,false,28,metaweb,turkiye,burnin,176,16,28,0
7,8,0,false,28,metaweb,turkiye,burnin,168,24,28,0
2,8,0,false,28,metaweb,turkiye,burnin,160,32,28,0
23,0,25,false,28,metaweb,turkiye,burnin,152,40,28,0
12,8,0,false,28,metaweb,turkiye,burnin,144,48,28,0
18,0,25,false,28,metaweb,turkiye,burnin,136,56,28,0
13,8,0,false,28,metaweb,turkiye,burnin,128,64,28,0
9,8,0,false,28,metaweb,turkiye,burnin,120,72,28,0
24,0,25,false,28,metaweb,turkiye,burnin,112,80,28,0
10,8,0,false,28,metaweb,turkiye,burnin,104,88,28,0
22,0,25,false,28,metaweb,turkiye,burnin,96,96,28,0
26,8,0,false,28,metaweb,turkiye,burnin,88,104,28,0
3,8,0,false,28,metaweb,turkiye,burnin,80,112,28,0
5,8,0,false,28,metaweb,turkiye,burnin,72,120,28,0
30,8,0,false,28,metaweb,turkiye,burnin,64,128,28,0
31,8,0,false,28,metaweb,turkiye,burnin,164,136,56,119
28,8,0,false,28,metaweb,turkiye,burnin,164,136,48,127
8,8,0,false,28,metaweb,turkiye,burnin,164,136,40,135
25,0,25,false,28,metaweb,turkiye,burnin,164,136,32,143
33,8,0,false,28,metaweb,turkiye,burnin,164,136,24,151
27,8,0,false,28,metaweb,turkiye,burnin,164,136,16,159
21,0,25,false,28,metaweb,turkiye,burnin,164,136,8,167
14,8,0,false,28,metaweb,turkiye,burnin,164,136,0,175
6,8,0,false,28,metaweb,turkiye,burnin,136,56,0,28
1,8,0,false,28,metaweb,turkiye,burnin,144,48,0,28
19,0,25,false,28,metaweb,turkiye,burnin,152,40,0,28
32,8,0,false,28,metaweb,turkiye,burnin,160,32,0,28
16,8,0,false,28,metaweb,turkiye,burnin,168,24,0,28
4,8,0,false,28,metaweb,turkiye,burnin,176,16,0,28
15,8,0,false,28,metaweb,turkiye,burnin,184,8,0,28
11,8,0,false,28,metaweb,turkiye,burnin,192,0,0,28
9,6,0,true,28,down_niche_empiricalbm,turkiye,burnin,0,0,0,0
6,0,1,false,28,down_niche_empiricalbm,turkiye,burnin,0,0,5,0
1,3,1,false,28,down_niche_empiricalbm,turkiye,burnin,0,0,4,1
8,0,1,false,28,down_niche_empiricalbm,turkiye,burnin,0,0,3,2
7,0,1,false,28,down_niche_empiricalbm,turkiye,burnin,0,0,2,3
2,0,1,false,28,down_niche_empiricalbm,turkiye,burnin,0,0,1,4
4,0,1,false,28,down_niche_empiricalbm,turkiye,burnin,0,0,0,0
3,0,2,false,28,down_niche_empiricalbm,turkiye,burnin,0,0,0,5
5,0,1,false,28,down_niche_empiricalbm,turkiye,burnin,0,0,0,15
8,0,4,false,28,niche,turkiye,burnin,3,0,0,0
7,3,3,false,28,niche,turkiye,burnin,3,2,8,0
2,6,1,true,28,niche,turkiye,burnin,0,0,0,0
9,0,3,false,28,niche,turkiye,burnin,0,0,0,0
6,1,1,false,28,niche,turkiye,burnin,1,4,3,0
1,2,0,false,28,niche,turkiye,burnin,0,1,0,3
10,1,3,true,28,niche,turkiye,burnin,0,0,0,0
4,1,0,false,28,niche,turkiye,burnin,2,0,0,5
3,2,1,false,28,niche,turkiye,burnin,1,0,0,6
5,4,1,false,28,niche,turkiye,burnin,3,0,0,5
11,0,3,false,28,niche,turkiye,burnin,1,0,0,3
17,11,2,false,28,down_niche,turkiye,burnin,115,0,21,0
20,0,20,false,28,down_niche,turkiye,burnin,102,6,15,0
29,6,1,false,28,down_niche,turkiye,burnin,70,9,10,0
34,5,1,false,28,down_niche,turkiye,burnin,77,13,10,0
7,5,0,false,28,down_niche,turkiye,burnin,60,13,6,0
2,6,0,false,28,down_niche,turkiye,burnin,76,23,21,0
23,0,19,false,28,down_niche,turkiye,burnin,66,25,10,0
12,6,0,false,28,down_niche,turkiye,burnin,61,30,10,0
18,12,2,false,28,down_niche,turkiye,burnin,56,35,10,0
13,5,2,false,28,down_niche,turkiye,burnin,42,30,6,0
9,5,0,false,28,down_niche,turkiye,burnin,50,40,10,0
24,0,8,false,28,down_niche,turkiye,burnin,54,54,15,0
10,4,2,false,28,down_niche,turkiye,burnin,39,52,10,0
22,0,21,false,28,down_niche,turkiye,burnin,42,56,21,0
26,0,18,false,28,down_niche,turkiye,burnin,30,48,10,0
3,5,2,false,28,down_niche,turkiye,burnin,0,0,15,0
5,4,1,true,28,down_niche,turkiye,burnin,0,0,0,0
30,6,0,true,28,down_niche,turkiye,burnin,0,0,0,0
31,4,1,false,28,down_niche,turkiye,burnin,93,78,28,59
28,6,1,false,28,down_niche,turkiye,burnin,93,78,23,63
8,5,2,false,28,down_niche,turkiye,burnin,87,84,22,63
25,0,4,false,28,down_niche,turkiye,burnin,99,91,15,73
33,6,0,false,28,down_niche,turkiye,burnin,93,78,9,79
27,6,1,false,28,down_niche,turkiye,burnin,13,15,3,36
21,0,20,false,28,down_niche,turkiye,burnin,1,2,1,15
14,7,2,false,28,down_niche,turkiye,burnin,73,80,0,83
6,7,1,false,28,down_niche,turkiye,burnin,66,31,0,20
1,7,0,false,28,down_niche,turkiye,burnin,79,29,0,20
19,0,19,false,28,down_niche,turkiye,burnin,85,23,0,20
32,5,1,false,28,down_niche,turkiye,burnin,81,16,0,15
16,6,1,false,28,down_niche,turkiye,burnin,54,7,0,11
4,5,2,false,28,down_niche,turkiye,burnin,66,7,0,15
15,5,0,false,28,down_niche,turkiye,burnin,103,5,0,15
11,5,0,false,28,down_niche,turkiye,burnin,90,0,0,15
6,0,3,false,28,atn_empiricalbm,turkiye,burnin,6,0,3,0
1,3,0,false,28,atn_empiricalbm,turkiye,burnin,3,3,3,0
2,3,0,false,28,atn_empiricalbm,turkiye,burnin,0,6,3,0
4,0,3,false,28,atn_empiricalbm,turkiye,burnin,3,0,0,6
3,3,0,false,28,atn_empiricalbm,turkiye,burnin,3,0,0,6
5,0,3,false,28,atn_empiricalbm,turkiye,burnin,3,0,0,6
9,8,0,false,28,metaweb_empiricalbm,turkiye,burnin,0,0,7,0
6,0,1,false,28,metaweb_empiricalbm,turkiye,burnin,0,0,6,1
1,0,1,false,28,metaweb_empiricalbm,turkiye,burnin,0,0,5,2
8,0,1,false,28,metaweb_empiricalbm,turkiye,burnin,0,0,4,3
7,0,1,false,28,metaweb_empiricalbm,turkiye,burnin,0,0,3,4
2,0,1,false,28,metaweb_empiricalbm,turkiye,burnin,0,0,2,5
4,0,1,false,28,metaweb_empiricalbm,turkiye,burnin,0,0,1,6
3,0,1,false,28,metaweb_empiricalbm,turkiye,burnin,0,0,0,7
5,0,1,false,28,metaweb_empiricalbm,turkiye,burnin,0,0,0,28
17,0,13,false,28,atn,turkiye,burnin,53,0,28,0
20,0,4,false,28,atn,turkiye,burnin,72,4,13,0
7,6,0,false,28,atn,turkiye,burnin,66,10,13,0
2,6,0,false,28,atn,turkiye,burnin,60,16,13,0
23,4,15,false,28,atn,turkiye,burnin,54,24,22,0
12,6,0,false,28,atn,turkiye,burnin,48,28,13,0
18,0,4,false,28,atn,turkiye,burnin,42,34,13,0
13,0,4,false,28,atn,turkiye,burnin,32,25,19,6
9,9,0,false,28,atn,turkiye,burnin,19,34,22,6
24,6,13,false,28,atn,turkiye,burnin,28,48,13,0
10,6,0,false,28,atn,turkiye,burnin,22,54,13,0
22,2,14,false,28,atn,turkiye,burnin,16,60,13,0
26,8,2,false,28,atn,turkiye,burnin,3,0,13,0
3,6,0,false,28,atn,turkiye,burnin,3,3,16,7
5,8,0,false,28,atn,turkiye,burnin,48,30,18,47
8,6,2,false,28,atn,turkiye,burnin,66,31,14,67
25,8,4,false,28,atn,turkiye,burnin,56,20,9,66
27,8,0,false,28,atn,turkiye,burnin,3,3,4,26
21,0,5,false,28,atn,turkiye,burnin,1,0,0,16
14,0,5,false,28,atn,turkiye,burnin,3,0,3,10
6,6,0,false,28,atn,turkiye,burnin,3,3,3,20
1,9,0,false,28,atn,turkiye,burnin,48,32,3,59
19,0,2,false,28,atn,turkiye,burnin,68,35,2,77
16,0,15,false,28,atn,turkiye,burnin,64,26,1,63
4,6,0,false,28,atn,turkiye,burnin,47,9,0,40
15,0,14,false,28,atn,turkiye,burnin,67,6,0,30
11,6,0,false,28,atn,turkiye,burnin,78,0,0,22
17,8,1,true,29,metaweb,turkiye,creation,0,0,0,0
20,8,7,true,29,metaweb,turkiye,creation,0,0,0,0
29,0,27,true,29,metaweb,turkiye,creation,0,0,0,0
34,8,1,true,29,metaweb,turkiye,creation,0,0,0,0
7,8,6,true,29,metaweb,turkiye,creation,0,0,0,0
2,19,3,false,29,metaweb,turkiye,creation,192,0,28,0
23,8,6,false,29,metaweb,turkiye,creation,184,8,28,0
40,8,1,false,29,metaweb,turkiye,creation,176,16,28,0
12,8,7,false,29,metaweb,turkiye,creation,168,24,28,0
18,8,6,false,29,metaweb,turkiye,creation,160,32,28,0
13,8,1,false,29,metaweb,turkiye,creation,152,40,28,0
9,8,6,false,29,metaweb,turkiye,creation,144,48,28,0
24,24,6,false,29,metaweb,turkiye,creation,136,56,28,0
10,8,6,false,29,metaweb,turkiye,creation,128,64,28,0
22,8,1,false,29,metaweb,turkiye,creation,120,72,28,0
26,0,27,false,29,metaweb,turkiye,creation,112,80,28,0
3,19,3,false,29,metaweb,turkiye,creation,104,88,28,0
5,11,7,false,29,metaweb,turkiye,creation,96,96,28,0
30,0,27,false,29,metaweb,turkiye,creation,88,104,28,0
31,0,27,false,29,metaweb,turkiye,creation,80,112,28,0
28,0,27,false,29,metaweb,turkiye,creation,72,120,28,0
38,8,1,false,29,metaweb,turkiye,creation,64,128,28,0
37,8,1,false,29,metaweb,turkiye,creation,0,0,28,0
8,8,0,true,29,metaweb,turkiye,creation,0,0,0,0
35,8,1,true,29,metaweb,turkiye,creation,0,0,0,0
25,24,6,false,29,metaweb,turkiye,creation,164,136,56,119
33,0,27,false,29,metaweb,turkiye,creation,164,136,48,127
41,8,1,false,29,metaweb,turkiye,creation,164,136,40,135
27,0,27,false,29,metaweb,turkiye,creation,164,136,32,143
21,8,7,false,29,metaweb,turkiye,creation,164,136,24,151
39,8,1,false,29,metaweb,turkiye,creation,164,136,16,159
14,8,7,false,29,metaweb,turkiye,creation,164,136,8,167
6,8,0,false,29,metaweb,turkiye,creation,164,136,0,175
1,19,3,false,29,metaweb,turkiye,creation,136,56,0,35
19,8,6,false,29,metaweb,turkiye,creation,144,48,0,35
32,0,27,false,29,metaweb,turkiye,creation,152,40,0,35
16,8,7,false,29,metaweb,turkiye,creation,160,32,0,35
4,16,6,false,29,metaweb,turkiye,creation,168,24,0,35
15,8,1,false,29,metaweb,turkiye,creation,176,16,0,35
11,8,7,false,29,metaweb,turkiye,creation,184,8,0,35
36,8,1,false,29,metaweb,turkiye,creation,192,0,0,35
17,6,1,false,29,down_niche_empiricalbm,turkiye,creation,12,0,22,0
20,6,5,false,29,down_niche_empiricalbm,turkiye,creation,18,0,55,1
29,0,2,false,29,down_niche_empiricalbm,turkiye,creation,7,10,15,0
34,6,1,false,29,down_niche_empiricalbm,turkiye,creation,0,7,3,0
7,6,5,true,29,down_niche_empiricalbm,turkiye,creation,0,0,0,0
2,13,1,false,29,down_niche_empiricalbm,turkiye,creation,115,0,15,0
23,6,1,false,29,down_niche_empiricalbm,turkiye,creation,117,8,23,21
40,5,0,false,29,down_niche_empiricalbm,turkiye,creation,75,7,6,0
12,5,5,false,29,down_niche_empiricalbm,turkiye,creation,119,18,28,17
18,7,3,false,29,down_niche_empiricalbm,turkiye,creation,112,23,21,10
13,6,1,false,29,down_niche_empiricalbm,turkiye,creation,106,32,27,17
9,7,4,false,29,down_niche_empiricalbm,turkiye,creation,72,29,15,19
24,14,3,false,29,down_niche_empiricalbm,turkiye,creation,80,36,15,0
10,7,2,false,29,down_niche_empiricalbm,turkiye,creation,57,31,10,27
22,7,0,false,29,down_niche_empiricalbm,turkiye,creation,47,28,6,0
26,0,23,false,29,down_niche_empiricalbm,turkiye,creation,75,53,18,28
3,6,0,false,29,down_niche_empiricalbm,turkiye,creation,64,52,15,0
5,7,3,false,29,down_niche_empiricalbm,turkiye,creation,67,69,23,16
30,0,16,false,29,down_niche_empiricalbm,turkiye,creation,37,46,6,15
31,0,20,false,29,down_niche_empiricalbm,turkiye,creation,50,70,16,28
28,0,22,false,29,down_niche_empiricalbm,turkiye,creation,37,60,10,20
38,6,1,false,29,down_niche_empiricalbm,turkiye,creation,45,90,21,0
37,5,1,false,29,down_niche_empiricalbm,turkiye,creation,0,0,15,7
8,4,0,true,29,down_niche_empiricalbm,turkiye,creation,0,0,0,0
35,6,1,false,29,down_niche_empiricalbm,turkiye,creation,20,0,0,36
25,9,1,false,29,down_niche_empiricalbm,turkiye,creation,126,105,34,72
33,0,21,false,29,down_niche_empiricalbm,turkiye,creation,112,98,28,73
41,6,1,false,29,down_niche_empiricalbm,turkiye,creation,135,96,19,87
27,0,21,false,29,down_niche_empiricalbm,turkiye,creation,1,0,6,4
21,5,5,false,29,down_niche_empiricalbm,turkiye,creation,65,55,13,70
39,7,1,false,29,down_niche_empiricalbm,turkiye,creation,99,91,11,88
14,4,7,false,29,down_niche_empiricalbm,turkiye,creation,99,91,5,96
6,6,0,false,29,down_niche_empiricalbm,turkiye,creation,120,90,0,104
1,9,0,false,29,down_niche_empiricalbm,turkiye,creation,83,32,0,20
19,4,3,false,29,down_niche_empiricalbm,turkiye,creation,87,27,0,20
32,0,20,false,29,down_niche_empiricalbm,turkiye,creation,94,22,0,15
16,6,6,false,29,down_niche_empiricalbm,turkiye,creation,83,17,0,15
4,4,0,false,29,down_niche_empiricalbm,turkiye,creation,102,13,0,20
15,4,1,false,29,down_niche_empiricalbm,turkiye,creation,105,10,0,26
11,7,4,false,29,down_niche_empiricalbm,turkiye,creation,77,4,0,10
36,6,0,false,29,down_niche_empiricalbm,turkiye,creation,120,0,0,20
17,9,4,false,29,niche,turkiye,creation,2,0,0,0
20,1,3,true,29,niche,turkiye,creation,0,0,0,0
29,9,8,false,29,niche,turkiye,creation,5,0,1,0
34,6,12,false,29,niche,turkiye,creation,3,0,2,0
7,5,2,false,29,niche,turkiye,creation,0,6,72,0
2,9,1,false,29,niche,turkiye,creation,22,0,3,0
23,4,4,false,29,niche,turkiye,creation,9,1,10,8
40,1,6,false,29,niche,turkiye,creation,4,4,6,9
12,11,2,false,29,niche,turkiye,creation,1,9,28,6
18,3,4,false,29,niche,turkiye,creation,14,2,1,15
13,2,2,false,29,niche,turkiye,creation,18,5,3,20
9,8,3,false,29,niche,turkiye,creation,35,8,21,19
24,6,5,false,29,niche,turkiye,creation,0,3,1,17
10,4,2,false,29,niche,turkiye,creation,11,12,16,19
22,1,3,false,29,niche,turkiye,creation,4,1,0,24
26,16,7,false,29,niche,turkiye,creation,12,21,14,24
3,2,1,false,29,niche,turkiye,creation,16,23,11,24
5,14,1,false,29,niche,turkiye,creation,12,2,0,24
30,0,12,false,29,niche,turkiye,creation,13,7,2,17
31,2,13,false,29,niche,turkiye,creation,5,4,0,14
28,5,8,true,29,niche,turkiye,creation,0,0,0,0
38,1,12,false,29,niche,turkiye,creation,2,3,0,6
37,1,11,false,29,niche,turkiye,creation,4,13,2,6
8,4,2,true,29,niche,turkiye,creation,0,0,0,0
35,7,12,true,29,niche,turkiye,creation,0,0,0,0
25,15,7,true,29,niche,turkiye,creation,0,0,0,0
33,4,12,false,29,niche,turkiye,creation,7,13,3,7
41,0,5,true,29,niche,turkiye,creation,0,0,0,0
27,7,8,false,29,niche,turkiye,creation,3,25,11,4
21,11,3,false,29,niche,turkiye,creation,25,0,0,33
39,2,9,false,29,niche,turkiye,creation,32,3,1,25
14,15,3,true,29,niche,turkiye,creation,0,0,0,0
6,4,1,false,29,niche,turkiye,creation,24,1,1,23
1,1,1,true,29,niche,turkiye,creation,0,0,0,0
19,3,4,true,29,niche,turkiye,creation,0,0,0,0
32,8,11,false,29,niche,turkiye,creation,8,4,0,20
16,14,4,false,29,niche,turkiye,creation,10,3,0,16
4,3,1,false,29,niche,turkiye,creation,25,1,0,24
15,3,4,false,29,niche,turkiye,creation,14,2,0,7
11,4,3,false,29,niche,turkiye,creation,10,1,0,7
36,1,10,false,29,niche,turkiye,creation,4,0,0,0
17,6,1,false,29,down_niche,turkiye,creation,12,0,22,0
20,6,5,false,29,down_niche,turkiye,creation,18,0,55,1
29,0,2,false,29,down_niche,turkiye,creation,7,10,15,0
34,6,1,false,29,down_niche,turkiye,creation,0,7,3,0
7,6,5,true,29,down_niche,turkiye,creation,0,0,0,0
2,13,1,false,29,down_niche,turkiye,creation,115,0,15,0
23,6,1,false,29,down_niche,turkiye,creation,117,8,23,21
40,5,0,false,29,down_niche,turkiye,creation,75,7,6,0
12,5,5,false,29,down_niche,turkiye,creation,119,18,28,17
18,7,3,false,29,down_niche,turkiye,creation,112,23,21,10
13,6,1,false,29,down_niche,turkiye,creation,106,32,27,17
9,7,4,false,29,down_niche,turkiye,creation,72,29,15,19
24,14,3,false,29,down_niche,turkiye,creation,80,36,15,0
10,7,2,false,29,down_niche,turkiye,creation,57,31,10,27
22,7,0,false,29,down_niche,turkiye,creation,47,28,6,0
26,0,23,false,29,down_niche,turkiye,creation,75,53,18,28
3,6,0,false,29,down_niche,turkiye,creation,64,52,15,0
5,7,3,false,29,down_niche,turkiye,creation,67,69,23,16
30,0,16,false,29,down_niche,turkiye,creation,37,46,6,15
31,0,20,false,29,down_niche,turkiye,creation,50,70,16,28
28,0,22,false,29,down_niche,turkiye,creation,37,60,10,20
38,6,1,false,29,down_niche,turkiye,creation,45,90,21,0
37,5,1,false,29,down_niche,turkiye,creation,0,0,15,7
8,4,0,true,29,down_niche,turkiye,creation,0,0,0,0
35,6,1,false,29,down_niche,turkiye,creation,20,0,0,36
25,9,1,false,29,down_niche,turkiye,creation,126,105,34,72
33,0,21,false,29,down_niche,turkiye,creation,112,98,28,73
41,6,1,false,29,down_niche,turkiye,creation,135,96,19,87
27,0,21,false,29,down_niche,turkiye,creation,1,0,6,4
21,5,5,false,29,down_niche,turkiye,creation,65,55,13,70
39,7,1,false,29,down_niche,turkiye,creation,99,91,11,88
14,4,7,false,29,down_niche,turkiye,creation,99,91,5,96
6,6,0,false,29,down_niche,turkiye,creation,120,90,0,104
1,9,0,false,29,down_niche,turkiye,creation,83,32,0,20
19,4,3,false,29,down_niche,turkiye,creation,87,27,0,20
32,0,20,false,29,down_niche,turkiye,creation,94,22,0,15
16,6,6,false,29,down_niche,turkiye,creation,83,17,0,15
4,4,0,false,29,down_niche,turkiye,creation,102,13,0,20
15,4,1,false,29,down_niche,turkiye,creation,105,10,0,26
11,7,4,false,29,down_niche,turkiye,creation,77,4,0,10
36,6,0,false,29,down_niche,turkiye,creation,120,0,0,20
17,6,2,false,29,atn_empiricalbm,turkiye,creation,121,0,36,0
20,6,0,false,29,atn_empiricalbm,turkiye,creation,112,9,36,0
29,0,19,false,29,atn_empiricalbm,turkiye,creation,104,18,45,0
34,0,3,false,29,atn_empiricalbm,turkiye,creation,94,28,45,0
7,8,0,false,29,atn_empiricalbm,turkiye,creation,88,8,15,0
2,9,0,false,29,atn_empiricalbm,turkiye,creation,111,32,30,0
23,7,0,false,29,atn_empiricalbm,turkiye,creation,100,36,24,0
40,6,5,false,29,atn_empiricalbm,turkiye,creation,70,43,21,0
12,7,0,false,29,atn_empiricalbm,turkiye,creation,87,56,30,0
18,8,0,false,29,atn_empiricalbm,turkiye,creation,76,50,19,0
13,6,13,false,29,atn_empiricalbm,turkiye,creation,69,57,19,0
9,9,0,false,29,atn_empiricalbm,turkiye,creation,62,64,19,0
24,9,0,false,29,atn_empiricalbm,turkiye,creation,84,50,45,57
10,7,0,false,29,atn_empiricalbm,turkiye,creation,53,73,19,0
22,6,17,false,29,atn_empiricalbm,turkiye,creation,66,41,32,55
26,0,3,false,29,atn_empiricalbm,turkiye,creation,44,52,15,0
3,10,0,false,29,atn_empiricalbm,turkiye,creation,33,34,15,18
5,6,0,false,29,atn_empiricalbm,turkiye,creation,46,90,19,5
30,0,22,false,29,atn_empiricalbm,turkiye,creation,39,74,10,11
31,0,18,false,29,atn_empiricalbm,turkiye,creation,28,68,15,0
28,0,10,false,29,atn_empiricalbm,turkiye,creation,22,90,15,0
38,4,22,false,29,atn_empiricalbm,turkiye,creation,110,74,29,89
37,2,19,false,29,atn_empiricalbm,turkiye,creation,42,71,6,15
8,7,0,false,29,atn_empiricalbm,turkiye,creation,41,80,15,21
35,0,7,false,29,atn_empiricalbm,turkiye,creation,34,102,15,9
25,8,0,false,29,atn_empiricalbm,turkiye,creation,3,0,9,0
33,0,0,false,29,atn_empiricalbm,turkiye,creation,9,12,11,22
41,6,0,false,29,atn_empiricalbm,turkiye,creation,24,21,12,38
27,0,7,false,29,atn_empiricalbm,turkiye,creation,121,34,7,88
21,6,0,false,29,atn_empiricalbm,turkiye,creation,210,21,3,143
39,6,18,false,29,atn_empiricalbm,turkiye,creation,153,0,0,126
14,7,0,false,29,atn_empiricalbm,turkiye,creation,10,0,0,42
6,9,0,false,29,atn_empiricalbm,turkiye,creation,0,0,0,0
1,9,0,false,29,atn_empiricalbm,turkiye,creation,3,0,3,6
19,7,0,false,29,atn_empiricalbm,turkiye,creation,9,12,3,30
32,0,5,false,29,atn_empiricalbm,turkiye,creation,24,21,3,47
16,6,0,false,29,atn_empiricalbm,turkiye,creation,121,38,1,95
4,10,0,false,29,atn_empiricalbm,turkiye,creation,220,27,0,152
15,6,10,false,29,atn_empiricalbm,turkiye,creation,181,6,0,141
11,7,0,false,29,atn_empiricalbm,turkiye,creation,72,4,0,57
36,0,10,false,29,atn_empiricalbm,turkiye,creation,96,0,0,15
17,8,1,true,29,metaweb_empiricalbm,turkiye,creation,0,0,0,0
20,8,7,true,29,metaweb_empiricalbm,turkiye,creation,0,0,0,0
29,0,27,true,29,metaweb_empiricalbm,turkiye,creation,0,0,0,0
34,8,1,true,29,metaweb_empiricalbm,turkiye,creation,0,0,0,0
7,8,6,true,29,metaweb_empiricalbm,turkiye,creation,0,0,0,0
2,19,3,false,29,metaweb_empiricalbm,turkiye,creation,192,0,28,0
23,8,6,false,29,metaweb_empiricalbm,turkiye,creation,184,8,28,0
40,8,1,false,29,metaweb_empiricalbm,turkiye,creation,176,16,28,0
12,8,7,false,29,metaweb_empiricalbm,turkiye,creation,168,24,28,0
18,8,6,false,29,metaweb_empiricalbm,turkiye,creation,160,32,28,0
13,8,1,false,29,metaweb_empiricalbm,turkiye,creation,152,40,28,0
9,8,6,false,29,metaweb_empiricalbm,turkiye,creation,144,48,28,0
24,24,6,false,29,metaweb_empiricalbm,turkiye,creation,136,56,28,0
10,8,6,false,29,metaweb_empiricalbm,turkiye,creation,128,64,28,0
22,8,1,false,29,metaweb_empiricalbm,turkiye,creation,120,72,28,0
26,0,27,false,29,metaweb_empiricalbm,turkiye,creation,112,80,28,0
3,19,3,false,29,metaweb_empiricalbm,turkiye,creation,104,88,28,0
5,11,7,false,29,metaweb_empiricalbm,turkiye,creation,96,96,28,0
30,0,27,false,29,metaweb_empiricalbm,turkiye,creation,88,104,28,0
31,0,27,false,29,metaweb_empiricalbm,turkiye,creation,80,112,28,0
28,0,27,false,29,metaweb_empiricalbm,turkiye,creation,72,120,28,0
38,8,1,false,29,metaweb_empiricalbm,turkiye,creation,64,128,28,0
37,8,1,false,29,metaweb_empiricalbm,turkiye,creation,0,0,28,0
8,8,0,true,29,metaweb_empiricalbm,turkiye,creation,0,0,0,0
35,8,1,true,29,metaweb_empiricalbm,turkiye,creation,0,0,0,0
25,24,6,false,29,metaweb_empiricalbm,turkiye,creation,164,136,56,119
33,0,27,false,29,metaweb_empiricalbm,turkiye,creation,164,136,48,127
41,8,1,false,29,metaweb_empiricalbm,turkiye,creation,164,136,40,135
27,0,27,false,29,metaweb_empiricalbm,turkiye,creation,164,136,32,143
21,8,7,false,29,metaweb_empiricalbm,turkiye,creation,164,136,24,151
39,8,1,false,29,metaweb_empiricalbm,turkiye,creation,164,136,16,159
14,8,7,false,29,metaweb_empiricalbm,turkiye,creation,164,136,8,167
6,8,0,false,29,metaweb_empiricalbm,turkiye,creation,164,136,0,175
1,19,3,false,29,metaweb_empiricalbm,turkiye,creation,136,56,0,35
19,8,6,false,29,metaweb_empiricalbm,turkiye,creation,144,48,0,35
32,0,27,false,29,metaweb_empiricalbm,turkiye,creation,152,40,0,35
16,8,7,false,29,metaweb_empiricalbm,turkiye,creation,160,32,0,35
4,16,6,false,29,metaweb_empiricalbm,turkiye,creation,168,24,0,35
15,8,1,false,29,metaweb_empiricalbm,turkiye,creation,176,16,0,35
11,8,7,false,29,metaweb_empiricalbm,turkiye,creation,184,8,0,35
36,8,1,false,29,metaweb_empiricalbm,turkiye,creation,192,0,0,35
17,6,2,false,29,atn,turkiye,creation,121,0,36,0
20,6,0,false,29,atn,turkiye,creation,112,9,36,0
29,0,19,false,29,atn,turkiye,creation,104,18,45,0
34,0,3,false,29,atn,turkiye,creation,94,28,45,0
7,8,0,false,29,atn,turkiye,creation,88,8,15,0
2,9,0,false,29,atn,turkiye,creation,111,32,30,0
23,7,0,false,29,atn,turkiye,creation,100,36,24,0
40,6,5,false,29,atn,turkiye,creation,70,43,21,0
12,7,0,false,29,atn,turkiye,creation,87,56,30,0
18,8,0,false,29,atn,turkiye,creation,76,50,19,0
13,6,13,false,29,atn,turkiye,creation,69,57,19,0
9,9,0,false,29,atn,turkiye,creation,62,64,19,0
24,9,0,false,29,atn,turkiye,creation,84,50,45,57
10,7,0,false,29,atn,turkiye,creation,53,73,19,0
22,6,17,false,29,atn,turkiye,creation,66,41,32,55
26,0,3,false,29,atn,turkiye,creation,44,52,15,0
3,10,0,false,29,atn,turkiye,creation,33,34,15,18
5,6,0,false,29,atn,turkiye,creation,46,90,19,5
30,0,22,false,29,atn,turkiye,creation,39,74,10,11
31,0,18,false,29,atn,turkiye,creation,28,68,15,0
28,0,10,false,29,atn,turkiye,creation,22,90,15,0
38,4,22,false,29,atn,turkiye,creation,110,74,29,89
37,2,19,false,29,atn,turkiye,creation,42,71,6,15
8,7,0,false,29,atn,turkiye,creation,41,80,15,21
35,0,7,false,29,atn,turkiye,creation,34,102,15,9
25,8,0,false,29,atn,turkiye,creation,3,0,9,0
33,0,0,false,29,atn,turkiye,creation,9,12,11,22
41,6,0,false,29,atn,turkiye,creation,24,21,12,38
27,0,7,false,29,atn,turkiye,creation,121,34,7,88
21,6,0,false,29,atn,turkiye,creation,210,21,3,143
39,6,18,false,29,atn,turkiye,creation,153,0,0,126
14,7,0,false,29,atn,turkiye,creation,10,0,0,42
6,9,0,false,29,atn,turkiye,creation,0,0,0,0
1,9,0,false,29,atn,turkiye,creation,3,0,3,6
19,7,0,false,29,atn,turkiye,creation,9,12,3,30
32,0,5,false,29,atn,turkiye,creation,24,21,3,47
16,6,0,false,29,atn,turkiye,creation,121,38,1,95
4,10,0,false,29,atn,turkiye,creation,220,27,0,152
15,6,10,false,29,atn,turkiye,creation,181,6,0,141
11,7,0,false,29,atn,turkiye,creation,72,4,0,57
36,0,10,false,29,atn,turkiye,creation,96,0,0,15
17,8,0,false,29,metaweb,turkiye,burnin,192,0,28,0
20,0,25,false,29,metaweb,turkiye,burnin,184,8,28,0
29,8,0,false,29,metaweb,turkiye,burnin,176,16,28,0
7,8,0,false,29,metaweb,turkiye,burnin,168,24,28,0
2,8,0,false,29,metaweb,turkiye,burnin,160,32,28,0
23,0,25,false,29,metaweb,turkiye,burnin,152,40,28,0
12,8,0,false,29,metaweb,turkiye,burnin,144,48,28,0
18,0,25,false,29,metaweb,turkiye,burnin,136,56,28,0
13,8,0,false,29,metaweb,turkiye,burnin,128,64,28,0
9,8,0,false,29,metaweb,turkiye,burnin,120,72,28,0
24,0,25,false,29,metaweb,turkiye,burnin,112,80,28,0
10,8,0,false,29,metaweb,turkiye,burnin,104,88,28,0
22,0,25,false,29,metaweb,turkiye,burnin,96,96,28,0
26,8,0,false,29,metaweb,turkiye,burnin,88,104,28,0
3,8,0,false,29,metaweb,turkiye,burnin,80,112,28,0
5,8,0,false,29,metaweb,turkiye,burnin,72,120,28,0
30,8,0,false,29,metaweb,turkiye,burnin,64,128,28,0
31,8,0,false,29,metaweb,turkiye,burnin,164,136,56,119
28,8,0,false,29,metaweb,turkiye,burnin,164,136,48,127
8,8,0,false,29,metaweb,turkiye,burnin,164,136,40,135
25,0,25,false,29,metaweb,turkiye,burnin,164,136,32,143
33,8,0,false,29,metaweb,turkiye,burnin,164,136,24,151
27,8,0,false,29,metaweb,turkiye,burnin,164,136,16,159
21,0,25,false,29,metaweb,turkiye,burnin,164,136,8,167
14,8,0,false,29,metaweb,turkiye,burnin,164,136,0,175
6,8,0,false,29,metaweb,turkiye,burnin,136,56,0,28
1,8,0,false,29,metaweb,turkiye,burnin,144,48,0,28
19,0,25,false,29,metaweb,turkiye,burnin,152,40,0,28
32,8,0,false,29,metaweb,turkiye,burnin,160,32,0,28
16,8,0,false,29,metaweb,turkiye,burnin,168,24,0,28
4,8,0,false,29,metaweb,turkiye,burnin,176,16,0,28
15,8,0,false,29,metaweb,turkiye,burnin,184,8,0,28
11,8,0,false,29,metaweb,turkiye,burnin,192,0,0,28
6,0,1,false,29,down_niche_empiricalbm,turkiye,burnin,0,0,5,0
1,0,1,false,29,down_niche_empiricalbm,turkiye,burnin,0,0,4,1
7,6,0,false,29,down_niche_empiricalbm,turkiye,burnin,0,0,3,2
2,0,1,false,29,down_niche_empiricalbm,turkiye,burnin,0,0,2,3
4,0,1,false,29,down_niche_empiricalbm,turkiye,burnin,0,0,1,4
3,0,1,false,29,down_niche_empiricalbm,turkiye,burnin,0,0,0,5
5,0,1,false,29,down_niche_empiricalbm,turkiye,burnin,0,0,0,15
9,1,4,false,29,niche,turkiye,burnin,5,0,0,0
6,1,0,false,29,niche,turkiye,burnin,1,0,0,0
1,3,0,false,29,niche,turkiye,burnin,1,4,2,0
8,2,2,true,29,niche,turkiye,burnin,0,0,0,0
7,1,2,false,29,niche,turkiye,burnin,0,0,0,0
2,1,0,false,29,niche,turkiye,burnin,1,2,0,0
10,0,5,false,29,niche,turkiye,burnin,3,1,0,2
4,2,1,false,29,niche,turkiye,burnin,1,2,0,1
3,4,0,false,29,niche,turkiye,burnin,4,1,0,1
5,0,1,false,29,niche,turkiye,burnin,4,0,0,0
17,0,16,true,29,down_niche,turkiye,burnin,0,0,0,0
20,0,15,false,29,down_niche,turkiye,burnin,86,0,15,0
29,5,0,false,29,down_niche,turkiye,burnin,93,6,27,0
7,4,2,false,29,down_niche,turkiye,burnin,86,13,21,0
2,6,0,false,29,down_niche,turkiye,burnin,79,20,26,1
23,6,1,false,29,down_niche,turkiye,burnin,53,19,14,2
12,7,0,false,29,down_niche,turkiye,burnin,40,19,9,3
18,0,2,false,29,down_niche,turkiye,burnin,55,30,15,0
13,5,0,false,29,down_niche,turkiye,burnin,57,42,23,4
9,7,1,false,29,down_niche,turkiye,burnin,43,43,16,5
24,6,1,false,29,down_niche,turkiye,burnin,32,39,10,6
10,6,1,false,29,down_niche,turkiye,burnin,39,60,21,0
22,0,15,false,29,down_niche,turkiye,burnin,0,0,10,0
26,5,1,false,29,down_niche,turkiye,burnin,0,0,0,21
3,7,1,false,29,down_niche,turkiye,burnin,51,54,29,48
5,7,1,false,29,down_niche,turkiye,burnin,43,48,24,48
28,7,1,false,29,down_niche,turkiye,burnin,65,55,16,64
8,6,1,false,29,down_niche,turkiye,burnin,1,0,6,4
25,6,0,false,29,down_niche,turkiye,burnin,46,45,13,62
27,6,1,false,29,down_niche,turkiye,burnin,51,54,9,67
21,0,17,false,29,down_niche,turkiye,burnin,70,66,4,82
14,7,0,false,29,down_niche,turkiye,burnin,55,50,0,78
6,5,2,false,29,down_niche,turkiye,burnin,59,27,0,19
1,5,1,false,29,down_niche,turkiye,burnin,63,22,0,19
19,0,14,false,29,down_niche,turkiye,burnin,68,17,0,15
16,0,14,false,29,down_niche,turkiye,burnin,60,12,0,14
4,7,0,false,29,down_niche,turkiye,burnin,77,8,0,19
15,0,15,false,29,down_niche,turkiye,burnin,80,5,0,25
11,5,2,false,29,down_niche,turkiye,burnin,56,0,0,10
6,0,3,false,29,atn_empiricalbm,turkiye,burnin,6,0,3,0
1,3,0,false,29,atn_empiricalbm,turkiye,burnin,3,3,3,0
2,3,0,false,29,atn_empiricalbm,turkiye,burnin,0,6,3,0
4,0,3,false,29,atn_empiricalbm,turkiye,burnin,3,0,0,6
3,3,0,false,29,atn_empiricalbm,turkiye,burnin,3,0,0,6
5,0,3,false,29,atn_empiricalbm,turkiye,burnin,3,0,0,6
9,8,0,false,29,metaweb_empiricalbm,turkiye,burnin,0,0,7,0
6,0,1,false,29,metaweb_empiricalbm,turkiye,burnin,0,0,6,1
1,0,1,false,29,metaweb_empiricalbm,turkiye,burnin,0,0,5,2
8,0,1,false,29,metaweb_empiricalbm,turkiye,burnin,0,0,4,3
7,0,1,false,29,metaweb_empiricalbm,turkiye,burnin,0,0,3,4
2,0,1,false,29,metaweb_empiricalbm,turkiye,burnin,0,0,2,5
4,0,1,false,29,metaweb_empiricalbm,turkiye,burnin,0,0,1,6
3,0,1,false,29,metaweb_empiricalbm,turkiye,burnin,0,0,0,7
5,0,1,false,29,metaweb_empiricalbm,turkiye,burnin,0,0,0,28
17,0,10,false,29,atn,turkiye,burnin,48,0,36,0
20,0,5,false,29,atn,turkiye,burnin,39,9,36,0
7,6,5,false,29,atn,turkiye,burnin,31,18,45,0
2,9,0,false,29,atn,turkiye,burnin,21,28,45,0
23,0,10,false,29,atn,turkiye,burnin,46,8,15,0
12,6,5,false,29,atn,turkiye,burnin,50,8,23,34
18,0,10,false,29,atn,turkiye,burnin,44,14,22,35
13,9,0,false,29,atn,turkiye,burnin,32,22,15,0
9,6,2,false,29,atn,turkiye,burnin,29,20,15,18
24,2,10,false,29,atn,turkiye,burnin,22,32,15,0
10,6,0,false,29,atn,turkiye,burnin,12,34,15,0
22,0,7,false,29,atn,turkiye,burnin,22,36,21,36
26,6,6,false,29,atn,turkiye,burnin,14,34,15,21
3,10,0,false,29,atn,turkiye,burnin,3,0,9,0
5,6,0,false,29,atn,turkiye,burnin,9,12,11,22
28,6,0,false,29,atn,turkiye,burnin,24,21,12,38
8,6,0,false,29,atn,turkiye,burnin,29,16,7,43
25,4,10,false,29,atn,turkiye,burnin,36,9,3,64
27,6,5,false,29,atn,turkiye,burnin,15,0,0,47
21,0,3,false,29,atn,turkiye,burnin,10,0,0,42
14,0,3,false,29,atn,turkiye,burnin,3,0,3,6
6,6,5,false,29,atn,turkiye,burnin,9,12,3,30
1,9,0,false,29,atn,turkiye,burnin,24,21,3,47
19,0,6,false,29,atn,turkiye,burnin,29,20,1,50
16,0,10,false,29,atn,turkiye,burnin,46,15,0,73
4,10,0,false,29,atn,turkiye,burnin,43,6,0,62
15,0,7,false,29,atn,turkiye,burnin,54,4,0,57
11,6,0,false,29,atn,turkiye,burnin,54,0,0,15
17,8,1,true,30,metaweb,turkiye,creation,0,0,0,0
20,8,7,true,30,metaweb,turkiye,creation,0,0,0,0
29,0,27,true,30,metaweb,turkiye,creation,0,0,0,0
34,8,1,true,30,metaweb,turkiye,creation,0,0,0,0
7,8,6,true,30,metaweb,turkiye,creation,0,0,0,0
2,19,3,false,30,metaweb,turkiye,creation,192,0,28,0
23,8,6,false,30,metaweb,turkiye,creation,184,8,28,0
40,8,1,false,30,metaweb,turkiye,creation,176,16,28,0
12,8,7,false,30,metaweb,turkiye,creation,168,24,28,0
18,8,6,false,30,metaweb,turkiye,creation,160,32,28,0
13,8,1,false,30,metaweb,turkiye,creation,152,40,28,0
9,8,6,false,30,metaweb,turkiye,creation,144,48,28,0
24,24,6,false,30,metaweb,turkiye,creation,136,56,28,0
10,8,6,false,30,metaweb,turkiye,creation,128,64,28,0
22,8,1,false,30,metaweb,turkiye,creation,120,72,28,0
26,0,27,false,30,metaweb,turkiye,creation,112,80,28,0
3,19,3,false,30,metaweb,turkiye,creation,104,88,28,0
5,11,7,false,30,metaweb,turkiye,creation,96,96,28,0
30,0,27,false,30,metaweb,turkiye,creation,88,104,28,0
31,0,27,false,30,metaweb,turkiye,creation,80,112,28,0
28,0,27,false,30,metaweb,turkiye,creation,72,120,28,0
38,8,1,false,30,metaweb,turkiye,creation,64,128,28,0
37,8,1,false,30,metaweb,turkiye,creation,0,0,28,0
8,8,0,true,30,metaweb,turkiye,creation,0,0,0,0
35,8,1,true,30,metaweb,turkiye,creation,0,0,0,0
25,24,6,false,30,metaweb,turkiye,creation,164,136,56,119
33,0,27,false,30,metaweb,turkiye,creation,164,136,48,127
41,8,1,false,30,metaweb,turkiye,creation,164,136,40,135
27,0,27,false,30,metaweb,turkiye,creation,164,136,32,143
21,8,7,false,30,metaweb,turkiye,creation,164,136,24,151
39,8,1,false,30,metaweb,turkiye,creation,164,136,16,159
14,8,7,false,30,metaweb,turkiye,creation,164,136,8,167
6,8,0,false,30,metaweb,turkiye,creation,164,136,0,175
1,19,3,false,30,metaweb,turkiye,creation,136,56,0,35
19,8,6,false,30,metaweb,turkiye,creation,144,48,0,35
32,0,27,false,30,metaweb,turkiye,creation,152,40,0,35
16,8,7,false,30,metaweb,turkiye,creation,160,32,0,35
4,16,6,false,30,metaweb,turkiye,creation,168,24,0,35
15,8,1,false,30,metaweb,turkiye,creation,176,16,0,35
11,8,7,false,30,metaweb,turkiye,creation,184,8,0,35
36,8,1,false,30,metaweb,turkiye,creation,192,0,0,35
17,5,1,false,30,down_niche_empiricalbm,turkiye,creation,24,0,28,0
20,5,6,false,30,down_niche_empiricalbm,turkiye,creation,12,5,16,0
29,0,19,false,30,down_niche_empiricalbm,turkiye,creation,8,8,16,0
34,6,0,false,30,down_niche_empiricalbm,turkiye,creation,10,15,28,0
7,3,5,false,30,down_niche_empiricalbm,turkiye,creation,5,13,21,0
2,7,0,false,30,down_niche_empiricalbm,turkiye,creation,93,0,15,0
23,4,1,false,30,down_niche_empiricalbm,turkiye,creation,54,3,3,26
40,6,1,false,30,down_niche_empiricalbm,turkiye,creation,53,2,6,0
12,4,5,false,30,down_niche_empiricalbm,turkiye,creation,83,11,24,12
18,5,1,false,30,down_niche_empiricalbm,turkiye,creation,80,15,18,25
13,5,0,false,30,down_niche_empiricalbm,turkiye,creation,86,23,22,20
9,6,3,false,30,down_niche_empiricalbm,turkiye,creation,55,19,12,21
24,12,1,false,30,down_niche_empiricalbm,turkiye,creation,55,22,10,0
10,5,6,false,30,down_niche_empiricalbm,turkiye,creation,56,27,11,34
22,4,1,false,30,down_niche_empiricalbm,turkiye,creation,25,16,3,0
26,0,4,false,30,down_niche_empiricalbm,turkiye,creation,42,31,10,19
3,7,0,false,30,down_niche_empiricalbm,turkiye,creation,50,37,10,6
5,7,0,false,30,down_niche_empiricalbm,turkiye,creation,31,31,13,6
30,0,18,false,30,down_niche_empiricalbm,turkiye,creation,21,21,5,19
31,0,7,false,30,down_niche_empiricalbm,turkiye,creation,48,48,11,33
28,0,18,false,30,down_niche_empiricalbm,turkiye,creation,39,51,10,27
38,6,1,false,30,down_niche_empiricalbm,turkiye,creation,28,41,6,6
37,6,1,false,30,down_niche_empiricalbm,turkiye,creation,0,0,6,7
8,4,0,true,30,down_niche_empiricalbm,turkiye,creation,0,0,0,0
35,5,0,false,30,down_niche_empiricalbm,turkiye,creation,19,0,0,47
25,10,3,false,30,down_niche_empiricalbm,turkiye,creation,1,2,2,7
33,0,17,false,30,down_niche_empiricalbm,turkiye,creation,81,72,29,43
41,5,1,false,30,down_niche_empiricalbm,turkiye,creation,81,72,24,52
27,0,18,false,30,down_niche_empiricalbm,turkiye,creation,87,84,21,55
21,5,5,false,30,down_niche_empiricalbm,turkiye,creation,76,77,14,60
39,3,0,false,30,down_niche_empiricalbm,turkiye,creation,15,6,1,26
14,4,7,false,30,down_niche_empiricalbm,turkiye,creation,94,96,7,75
6,6,0,false,30,down_niche_empiricalbm,turkiye,creation,66,70,0,68
1,8,0,false,30,down_niche_empiricalbm,turkiye,creation,65,29,0,15
19,3,4,false,30,down_niche_empiricalbm,turkiye,creation,61,26,0,10
32,0,20,false,30,down_niche_empiricalbm,turkiye,creation,79,25,0,15
16,4,4,false,30,down_niche_empiricalbm,turkiye,creation,85,19,0,18
4,8,0,false,30,down_niche_empiricalbm,turkiye,creation,91,13,0,18
15,3,0,false,30,down_niche_empiricalbm,turkiye,creation,33,4,0,3
11,6,5,false,30,down_niche_empiricalbm,turkiye,creation,99,5,0,18
36,6,0,false,30,down_niche_empiricalbm,turkiye,creation,87,0,0,13
17,0,4,true,30,niche,turkiye,creation,0,0,0,0
20,10,5,false,30,niche,turkiye,creation,33,0,30,0
29,3,8,false,30,niche,turkiye,creation,18,4,21,0
34,0,8,false,30,niche,turkiye,creation,5,1,0,0
7,1,1,false,30,niche,turkiye,creation,3,1,0,0
2,12,1,false,30,niche,turkiye,creation,33,18,169,0
23,0,5,false,30,niche,turkiye,creation,0,0,0,0
40,0,4,false,30,niche,turkiye,creation,9,24,30,0
12,7,1,false,30,niche,turkiye,creation,0,0,0,0
18,5,4,false,30,niche,turkiye,creation,2,1,0,0
13,5,1,false,30,niche,turkiye,creation,0,0,0,0
9,0,1,false,30,niche,turkiye,creation,6,10,3,0
24,3,4,false,30,niche,turkiye,creation,11,6,10,0
10,1,1,false,30,niche,turkiye,creation,0,25,28,0
22,1,5,false,30,niche,turkiye,creation,1,4,0,0
26,7,8,false,30,niche,turkiye,creation,12,10,15,0
3,7,1,false,30,niche,turkiye,creation,3,0,0,32
5,1,1,false,30,niche,turkiye,creation,5,10,10,27
30,3,9,false,30,niche,turkiye,creation,3,0,0,32
31,8,9,false,30,niche,turkiye,creation,12,7,7,35
28,0,9,false,30,niche,turkiye,creation,10,0,0,48
38,1,5,false,30,niche,turkiye,creation,10,0,0,48
37,0,6,false,30,niche,turkiye,creation,10,0,0,48
8,13,1,false,30,niche,turkiye,creation,6,5,1,36
35,0,6,false,30,niche,turkiye,creation,10,8,6,31
25,4,5,true,30,niche,turkiye,creation,0,0,0,0
33,7,8,true,30,niche,turkiye,creation,0,0,0,0
41,0,3,false,30,niche,turkiye,creation,12,0,0,38
27,3,8,false,30,niche,turkiye,creation,10,4,1,33
21,0,5,false,30,niche,turkiye,creation,15,3,0,34
39,0,5,true,30,niche,turkiye,creation,0,0,0,0
14,8,1,true,30,niche,turkiye,creation,0,0,0,0
6,25,1,true,30,niche,turkiye,creation,0,0,0,0
1,19,1,false,30,niche,turkiye,creation,8,0,0,25
19,0,4,false,30,niche,turkiye,creation,4,0,0,26
32,4,11,false,30,niche,turkiye,creation,9,0,0,32
16,8,1,false,30,niche,turkiye,creation,8,0,0,33
4,2,1,false,30,niche,turkiye,creation,5,1,0,30
15,1,1,false,30,niche,turkiye,creation,5,0,0,31
11,0,1,false,30,niche,turkiye,creation,5,0,0,26
36,1,6,false,30,niche,turkiye,creation,1,0,0,17
17,5,1,false,30,down_niche,turkiye,creation,24,0,28,0
20,5,6,false,30,down_niche,turkiye,creation,12,5,16,0
29,0,19,false,30,down_niche,turkiye,creation,8,8,16,0
34,6,0,false,30,down_niche,turkiye,creation,10,15,28,0
7,3,5,false,30,down_niche,turkiye,creation,5,13,21,0
2,7,0,false,30,down_niche,turkiye,creation,93,0,15,0
23,4,1,false,30,down_niche,turkiye,creation,54,3,3,26
40,6,1,false,30,down_niche,turkiye,creation,53,2,6,0
12,4,5,false,30,down_niche,turkiye,creation,83,11,24,12
18,5,1,false,30,down_niche,turkiye,creation,80,15,18,25
13,5,0,false,30,down_niche,turkiye,creation,86,23,22,20
9,6,3,false,30,down_niche,turkiye,creation,55,19,12,21
24,12,1,false,30,down_niche,turkiye,creation,55,22,10,0
10,5,6,false,30,down_niche,turkiye,creation,56,27,11,34
22,4,1,false,30,down_niche,turkiye,creation,25,16,3,0
26,0,4,false,30,down_niche,turkiye,creation,42,31,10,19
3,7,0,false,30,down_niche,turkiye,creation,50,37,10,6
5,7,0,false,30,down_niche,turkiye,creation,31,31,13,6
30,0,18,false,30,down_niche,turkiye,creation,21,21,5,19
31,0,7,false,30,down_niche,turkiye,creation,48,48,11,33
28,0,18,false,30,down_niche,turkiye,creation,39,51,10,27
38,6,1,false,30,down_niche,turkiye,creation,28,41,6,6
37,6,1,false,30,down_niche,turkiye,creation,0,0,6,7
8,4,0,true,30,down_niche,turkiye,creation,0,0,0,0
35,5,0,false,30,down_niche,turkiye,creation,19,0,0,47
25,10,3,false,30,down_niche,turkiye,creation,1,2,2,7
33,0,17,false,30,down_niche,turkiye,creation,81,72,29,43
41,5,1,false,30,down_niche,turkiye,creation,81,72,24,52
27,0,18,false,30,down_niche,turkiye,creation,87,84,21,55
21,5,5,false,30,down_niche,turkiye,creation,76,77,14,60
39,3,0,false,30,down_niche,turkiye,creation,15,6,1,26
14,4,7,false,30,down_niche,turkiye,creation,94,96,7,75
6,6,0,false,30,down_niche,turkiye,creation,66,70,0,68
1,8,0,false,30,down_niche,turkiye,creation,65,29,0,15
19,3,4,false,30,down_niche,turkiye,creation,61,26,0,10
32,0,20,false,30,down_niche,turkiye,creation,79,25,0,15
16,4,4,false,30,down_niche,turkiye,creation,85,19,0,18
4,8,0,false,30,down_niche,turkiye,creation,91,13,0,18
15,3,0,false,30,down_niche,turkiye,creation,33,4,0,3
11,6,5,false,30,down_niche,turkiye,creation,99,5,0,18
36,6,0,false,30,down_niche,turkiye,creation,87,0,0,13
17,4,1,false,30,atn_empiricalbm,turkiye,creation,100,0,15,0
20,6,0,false,30,atn_empiricalbm,turkiye,creation,102,6,36,0
29,0,17,false,30,atn_empiricalbm,turkiye,creation,116,12,24,0
34,0,3,false,30,atn_empiricalbm,turkiye,creation,108,20,24,0
7,8,0,false,30,atn_empiricalbm,turkiye,creation,86,20,15,0
2,9,0,false,30,atn_empiricalbm,turkiye,creation,77,31,45,0
23,6,0,false,30,atn_empiricalbm,turkiye,creation,88,40,24,0
40,6,4,false,30,atn_empiricalbm,turkiye,creation,60,40,15,0
12,6,0,false,30,atn_empiricalbm,turkiye,creation,74,54,24,0
18,6,0,false,30,atn_empiricalbm,turkiye,creation,50,58,36,0
13,6,14,false,30,atn_empiricalbm,turkiye,creation,56,50,15,0
9,8,0,false,30,atn_empiricalbm,turkiye,creation,56,34,15,0
24,6,0,false,30,atn_empiricalbm,turkiye,creation,88,53,42,55
10,9,0,false,30,atn_empiricalbm,turkiye,creation,44,62,15,0
22,6,14,false,30,atn_empiricalbm,turkiye,creation,37,24,15,25
26,0,3,false,30,atn_empiricalbm,turkiye,creation,28,46,6,0
3,8,0,false,30,atn_empiricalbm,turkiye,creation,20,28,6,9
5,6,0,false,30,atn_empiricalbm,turkiye,creation,35,65,10,5
30,0,22,false,30,atn_empiricalbm,turkiye,creation,31,75,21,7
31,0,17,false,30,atn_empiricalbm,turkiye,creation,26,64,15,0
28,0,9,false,30,atn_empiricalbm,turkiye,creation,14,60,6,0
38,4,22,false,30,atn_empiricalbm,turkiye,creation,74,67,27,70
37,2,17,false,30,atn_empiricalbm,turkiye,creation,32,68,6,9
8,6,0,false,30,atn_empiricalbm,turkiye,creation,30,70,6,9
35,0,6,false,30,atn_empiricalbm,turkiye,creation,28,72,6,9
25,6,0,false,30,atn_empiricalbm,turkiye,creation,3,0,9,0
33,0,0,false,30,atn_empiricalbm,turkiye,creation,6,9,11,17
41,6,0,false,30,atn_empiricalbm,turkiye,creation,18,18,12,31
27,0,6,false,30,atn_empiricalbm,turkiye,creation,98,30,7,72
21,4,0,false,30,atn_empiricalbm,turkiye,creation,210,21,3,123
39,6,17,false,30,atn_empiricalbm,turkiye,creation,136,0,0,105
14,6,0,false,30,atn_empiricalbm,turkiye,creation,6,0,0,32
6,10,0,false,30,atn_empiricalbm,turkiye,creation,0,0,0,0
1,6,0,false,30,atn_empiricalbm,turkiye,creation,3,0,3,6
19,8,0,false,30,atn_empiricalbm,turkiye,creation,6,9,3,25
32,0,4,false,30,atn_empiricalbm,turkiye,creation,18,18,3,40
16,4,0,false,30,atn_empiricalbm,turkiye,creation,98,34,1,79
4,8,0,false,30,atn_empiricalbm,turkiye,creation,218,27,0,132
15,6,3,false,30,atn_empiricalbm,turkiye,creation,160,6,0,120
11,6,0,false,30,atn_empiricalbm,turkiye,creation,60,4,0,47
36,0,9,false,30,atn_empiricalbm,turkiye,creation,90,0,0,15
17,8,1,true,30,metaweb_empiricalbm,turkiye,creation,0,0,0,0
20,8,7,true,30,metaweb_empiricalbm,turkiye,creation,0,0,0,0
29,0,27,true,30,metaweb_empiricalbm,turkiye,creation,0,0,0,0
34,8,1,true,30,metaweb_empiricalbm,turkiye,creation,0,0,0,0
7,8,6,true,30,metaweb_empiricalbm,turkiye,creation,0,0,0,0
2,19,3,false,30,metaweb_empiricalbm,turkiye,creation,192,0,28,0
23,8,6,false,30,metaweb_empiricalbm,turkiye,creation,184,8,28,0
40,8,1,false,30,metaweb_empiricalbm,turkiye,creation,176,16,28,0
12,8,7,false,30,metaweb_empiricalbm,turkiye,creation,168,24,28,0
18,8,6,false,30,metaweb_empiricalbm,turkiye,creation,160,32,28,0
13,8,1,false,30,metaweb_empiricalbm,turkiye,creation,152,40,28,0
9,8,6,false,30,metaweb_empiricalbm,turkiye,creation,144,48,28,0
24,24,6,false,30,metaweb_empiricalbm,turkiye,creation,136,56,28,0
10,8,6,false,30,metaweb_empiricalbm,turkiye,creation,128,64,28,0
22,8,1,false,30,metaweb_empiricalbm,turkiye,creation,120,72,28,0
26,0,27,false,30,metaweb_empiricalbm,turkiye,creation,112,80,28,0
3,19,3,false,30,metaweb_empiricalbm,turkiye,creation,104,88,28,0
5,11,7,false,30,metaweb_empiricalbm,turkiye,creation,96,96,28,0
30,0,27,false,30,metaweb_empiricalbm,turkiye,creation,88,104,28,0
31,0,27,false,30,metaweb_empiricalbm,turkiye,creation,80,112,28,0
28,0,27,false,30,metaweb_empiricalbm,turkiye,creation,72,120,28,0
38,8,1,false,30,metaweb_empiricalbm,turkiye,creation,64,128,28,0
37,8,1,false,30,metaweb_empiricalbm,turkiye,creation,0,0,28,0
8,8,0,true,30,metaweb_empiricalbm,turkiye,creation,0,0,0,0
35,8,1,true,30,metaweb_empiricalbm,turkiye,creation,0,0,0,0
25,24,6,false,30,metaweb_empiricalbm,turkiye,creation,164,136,56,119
33,0,27,false,30,metaweb_empiricalbm,turkiye,creation,164,136,48,127
41,8,1,false,30,metaweb_empiricalbm,turkiye,creation,164,136,40,135
27,0,27,false,30,metaweb_empiricalbm,turkiye,creation,164,136,32,143
21,8,7,false,30,metaweb_empiricalbm,turkiye,creation,164,136,24,151
39,8,1,false,30,metaweb_empiricalbm,turkiye,creation,164,136,16,159
14,8,7,false,30,metaweb_empiricalbm,turkiye,creation,164,136,8,167
6,8,0,false,30,metaweb_empiricalbm,turkiye,creation,164,136,0,175
1,19,3,false,30,metaweb_empiricalbm,turkiye,creation,136,56,0,35
19,8,6,false,30,metaweb_empiricalbm,turkiye,creation,144,48,0,35
32,0,27,false,30,metaweb_empiricalbm,turkiye,creation,152,40,0,35
16,8,7,false,30,metaweb_empiricalbm,turkiye,creation,160,32,0,35
4,16,6,false,30,metaweb_empiricalbm,turkiye,creation,168,24,0,35
15,8,1,false,30,metaweb_empiricalbm,turkiye,creation,176,16,0,35
11,8,7,false,30,metaweb_empiricalbm,turkiye,creation,184,8,0,35
36,8,1,false,30,metaweb_empiricalbm,turkiye,creation,192,0,0,35
17,4,1,false,30,atn,turkiye,creation,100,0,15,0
20,6,0,false,30,atn,turkiye,creation,102,6,36,0
29,0,17,false,30,atn,turkiye,creation,116,12,24,0
34,0,3,false,30,atn,turkiye,creation,108,20,24,0
7,8,0,false,30,atn,turkiye,creation,86,20,15,0
2,9,0,false,30,atn,turkiye,creation,77,31,45,0
23,6,0,false,30,atn,turkiye,creation,88,40,24,0
40,6,4,false,30,atn,turkiye,creation,60,40,15,0
12,6,0,false,30,atn,turkiye,creation,74,54,24,0
18,6,0,false,30,atn,turkiye,creation,50,58,36,0
13,6,14,false,30,atn,turkiye,creation,56,50,15,0
9,8,0,false,30,atn,turkiye,creation,56,34,15,0
24,6,0,false,30,atn,turkiye,creation,88,53,42,55
10,9,0,false,30,atn,turkiye,creation,44,62,15,0
22,6,14,false,30,atn,turkiye,creation,37,24,15,25
26,0,3,false,30,atn,turkiye,creation,28,46,6,0
3,8,0,false,30,atn,turkiye,creation,20,28,6,9
5,6,0,false,30,atn,turkiye,creation,35,65,10,5
30,0,22,false,30,atn,turkiye,creation,31,75,21,7
31,0,17,false,30,atn,turkiye,creation,26,64,15,0
28,0,9,false,30,atn,turkiye,creation,14,60,6,0
38,4,22,false,30,atn,turkiye,creation,74,67,27,70
37,2,17,false,30,atn,turkiye,creation,32,68,6,9
8,6,0,false,30,atn,turkiye,creation,30,70,6,9
35,0,6,false,30,atn,turkiye,creation,28,72,6,9
25,6,0,false,30,atn,turkiye,creation,3,0,9,0
33,0,0,false,30,atn,turkiye,creation,6,9,11,17
41,6,0,false,30,atn,turkiye,creation,18,18,12,31
27,0,6,false,30,atn,turkiye,creation,98,30,7,72
21,4,0,false,30,atn,turkiye,creation,210,21,3,123
39,6,17,false,30,atn,turkiye,creation,136,0,0,105
14,6,0,false,30,atn,turkiye,creation,6,0,0,32
6,10,0,false,30,atn,turkiye,creation,0,0,0,0
1,6,0,false,30,atn,turkiye,creation,3,0,3,6
19,8,0,false,30,atn,turkiye,creation,6,9,3,25
32,0,4,false,30,atn,turkiye,creation,18,18,3,40
16,4,0,false,30,atn,turkiye,creation,98,34,1,79
4,8,0,false,30,atn,turkiye,creation,218,27,0,132
15,6,3,false,30,atn,turkiye,creation,160,6,0,120
11,6,0,false,30,atn,turkiye,creation,60,4,0,47
36,0,9,false,30,atn,turkiye,creation,90,0,0,15
17,8,0,false,30,metaweb,turkiye,burnin,192,0,28,0
20,0,25,false,30,metaweb,turkiye,burnin,184,8,28,0
29,8,0,false,30,metaweb,turkiye,burnin,176,16,28,0
7,8,0,false,30,metaweb,turkiye,burnin,168,24,28,0
2,8,0,false,30,metaweb,turkiye,burnin,160,32,28,0
23,0,25,false,30,metaweb,turkiye,burnin,152,40,28,0
12,8,0,false,30,metaweb,turkiye,burnin,144,48,28,0
18,0,25,false,30,metaweb,turkiye,burnin,136,56,28,0
13,8,0,false,30,metaweb,turkiye,burnin,128,64,28,0
9,8,0,false,30,metaweb,turkiye,burnin,120,72,28,0
24,0,25,false,30,metaweb,turkiye,burnin,112,80,28,0
10,8,0,false,30,metaweb,turkiye,burnin,104,88,28,0
22,0,25,false,30,metaweb,turkiye,burnin,96,96,28,0
26,8,0,false,30,metaweb,turkiye,burnin,88,104,28,0
3,8,0,false,30,metaweb,turkiye,burnin,80,112,28,0
5,8,0,false,30,metaweb,turkiye,burnin,72,120,28,0
30,8,0,false,30,metaweb,turkiye,burnin,64,128,28,0
31,8,0,false,30,metaweb,turkiye,burnin,164,136,56,119
28,8,0,false,30,metaweb,turkiye,burnin,164,136,48,127
8,8,0,false,30,metaweb,turkiye,burnin,164,136,40,135
25,0,25,false,30,metaweb,turkiye,burnin,164,136,32,143
33,8,0,false,30,metaweb,turkiye,burnin,164,136,24,151
27,8,0,false,30,metaweb,turkiye,burnin,164,136,16,159
21,0,25,false,30,metaweb,turkiye,burnin,164,136,8,167
14,8,0,false,30,metaweb,turkiye,burnin,164,136,0,175
6,8,0,false,30,metaweb,turkiye,burnin,136,56,0,28
1,8,0,false,30,metaweb,turkiye,burnin,144,48,0,28
19,0,25,false,30,metaweb,turkiye,burnin,152,40,0,28
32,8,0,false,30,metaweb,turkiye,burnin,160,32,0,28
16,8,0,false,30,metaweb,turkiye,burnin,168,24,0,28
4,8,0,false,30,metaweb,turkiye,burnin,176,16,0,28
15,8,0,false,30,metaweb,turkiye,burnin,184,8,0,28
11,8,0,false,30,metaweb,turkiye,burnin,192,0,0,28
9,5,0,false,30,down_niche_empiricalbm,turkiye,burnin,1,0,9,0
6,0,2,false,30,down_niche_empiricalbm,turkiye,burnin,0,0,4,1
1,0,2,false,30,down_niche_empiricalbm,turkiye,burnin,1,0,6,3
8,6,0,false,30,down_niche_empiricalbm,turkiye,burnin,1,0,4,5
7,0,1,false,30,down_niche_empiricalbm,turkiye,burnin,0,0,1,4
2,0,1,false,30,down_niche_empiricalbm,turkiye,burnin,1,0,1,8
4,0,2,false,30,down_niche_empiricalbm,turkiye,burnin,0,0,0,4
3,0,2,false,30,down_niche_empiricalbm,turkiye,burnin,0,4,0,15
5,0,1,false,30,down_niche_empiricalbm,turkiye,burnin,4,0,0,10
17,0,4,true,30,niche,turkiye,burnin,0,0,0,0
20,1,5,false,30,niche,turkiye,burnin,29,0,30,0
29,8,7,false,30,niche,turkiye,burnin,18,4,21,0
34,1,6,false,30,niche,turkiye,burnin,3,1,0,0
7,13,1,false,30,niche,turkiye,burnin,30,17,169,0
2,12,1,false,30,niche,turkiye,burnin,0,0,0,0
23,4,5,false,30,niche,turkiye,burnin,6,23,30,0
12,8,1,false,30,niche,turkiye,burnin,0,0,0,0
18,10,5,false,30,niche,turkiye,burnin,2,1,0,0
13,1,1,false,30,niche,turkiye,burnin,0,0,0,0
9,1,1,false,30,niche,turkiye,burnin,11,6,10,0
24,7,7,false,30,niche,turkiye,burnin,0,25,28,0
10,0,1,false,30,niche,turkiye,burnin,1,3,0,0
22,3,4,false,30,niche,turkiye,burnin,12,10,15,0
26,0,8,false,30,niche,turkiye,burnin,3,0,0,32
3,7,1,false,30,niche,turkiye,burnin,5,10,10,27
5,25,1,false,30,niche,turkiye,burnin,3,0,0,32
30,4,10,false,30,niche,turkiye,burnin,12,3,7,35
31,7,8,false,30,niche,turkiye,burnin,10,0,0,48
28,3,7,false,30,niche,turkiye,burnin,10,0,0,48
38,0,4,false,30,niche,turkiye,burnin,10,0,0,48
37,0,5,false,30,niche,turkiye,burnin,6,2,1,36
8,0,1,false,30,niche,turkiye,burnin,10,8,6,31
35,0,6,true,30,niche,turkiye,burnin,0,0,0,0
25,3,7,true,30,niche,turkiye,burnin,0,0,0,0
33,0,6,false,30,niche,turkiye,burnin,7,0,0,36
27,3,7,false,30,niche,turkiye,burnin,5,4,1,31
21,0,5,false,30,niche,turkiye,burnin,4,3,0,32
39,0,3,true,30,niche,turkiye,burnin,0,0,0,0
14,8,1,true,30,niche,turkiye,burnin,0,0,0,0
6,1,1,true,30,niche,turkiye,burnin,0,0,0,0
1,17,1,false,30,niche,turkiye,burnin,8,0,0,25
19,0,5,false,30,niche,turkiye,burnin,4,0,0,26
32,0,8,false,30,niche,turkiye,burnin,9,0,0,32
16,5,4,false,30,niche,turkiye,burnin,8,0,0,33
4,1,1,false,30,niche,turkiye,burnin,5,1,0,30
15,0,4,false,30,niche,turkiye,burnin,5,0,0,31
11,5,1,false,30,niche,turkiye,burnin,5,0,0,26
36,1,5,false,30,niche,turkiye,burnin,1,0,0,17
17,0,9,false,30,down_niche,turkiye,burnin,42,0,15,0
20,0,7,false,30,down_niche,turkiye,burnin,18,3,3,0
7,3,0,false,30,down_niche,turkiye,burnin,24,2,6,0
2,3,0,false,30,down_niche,turkiye,burnin,33,10,15,0
12,4,0,false,30,down_niche,turkiye,burnin,21,10,6,0
18,0,6,false,30,down_niche,turkiye,burnin,18,14,6,0
13,0,3,false,30,down_niche,turkiye,burnin,11,9,3,0
9,5,0,false,30,down_niche,turkiye,burnin,13,19,6,0
10,3,0,false,30,down_niche,turkiye,burnin,11,19,10,0
22,3,0,false,30,down_niche,turkiye,burnin,6,12,3,0
3,4,0,false,30,down_niche,turkiye,burnin,8,29,10,0
5,4,0,false,30,down_niche,turkiye,burnin,5,25,6,0
8,4,0,false,30,down_niche,turkiye,burnin,1,2,2,7
21,6,0,false,30,down_niche,turkiye,burnin,28,8,5,26
14,0,9,false,30,down_niche,turkiye,burnin,28,8,4,31
6,4,0,false,30,down_niche,turkiye,burnin,21,7,3,24
1,6,0,false,30,down_niche,turkiye,burnin,28,8,2,31
19,0,9,false,30,down_niche,turkiye,burnin,10,5,1,22
16,0,8,false,30,down_niche,turkiye,burnin,22,14,1,32
4,6,0,false,30,down_niche,turkiye,burnin,15,6,0,23
15,0,9,false,30,down_niche,turkiye,burnin,43,1,0,15
11,5,0,false,30,down_niche,turkiye,burnin,16,0,0,3
1,3,0,false,30,atn_empiricalbm,turkiye,burnin,3,0,3,0
2,3,0,false,30,atn_empiricalbm,turkiye,burnin,0,3,3,0
4,0,2,false,30,atn_empiricalbm,turkiye,burnin,1,0,0,4
3,0,2,false,30,atn_empiricalbm,turkiye,burnin,1,0,0,4
5,0,2,false,30,atn_empiricalbm,turkiye,burnin,1,0,0,4
9,8,0,false,30,metaweb_empiricalbm,turkiye,burnin,0,0,7,0
6,0,1,false,30,metaweb_empiricalbm,turkiye,burnin,0,0,6,1
1,0,1,false,30,metaweb_empiricalbm,turkiye,burnin,0,0,5,2
8,0,1,false,30,metaweb_empiricalbm,turkiye,burnin,0,0,4,3
7,0,1,false,30,metaweb_empiricalbm,turkiye,burnin,0,0,3,4
2,0,1,false,30,metaweb_empiricalbm,turkiye,burnin,0,0,2,5
4,0,1,false,30,metaweb_empiricalbm,turkiye,burnin,0,0,1,6
3,0,1,false,30,metaweb_empiricalbm,turkiye,burnin,0,0,0,7
5,0,1,false,30,metaweb_empiricalbm,turkiye,burnin,0,0,0,28
17,0,11,false,30,atn,turkiye,burnin,44,0,36,0
20,0,4,false,30,atn,turkiye,burnin,46,4,15,0
7,6,4,false,30,atn,turkiye,burnin,31,13,45,0
2,6,0,false,30,atn,turkiye,burnin,22,22,36,0
23,0,9,false,30,atn,turkiye,burnin,32,18,15,0
12,6,0,false,30,atn,turkiye,burnin,40,14,15,0
18,0,10,false,30,atn,turkiye,burnin,41,11,22,25
13,6,4,false,30,atn,turkiye,burnin,20,30,15,0
9,6,3,false,30,atn,turkiye,burnin,33,16,15,25
24,2,11,false,30,atn,turkiye,burnin,18,18,6,9
10,4,1,false,30,atn,turkiye,burnin,7,35,21,7
22,0,6,false,30,atn,turkiye,burnin,16,38,15,0
26,6,7,false,30,atn,turkiye,burnin,22,30,15,32
3,10,0,false,30,atn,turkiye,burnin,3,0,9,0
5,6,0,false,30,atn,turkiye,burnin,6,9,11,17
28,6,0,false,30,atn,turkiye,burnin,18,18,12,31
8,6,0,false,30,atn,turkiye,burnin,37,18,7,46
25,4,10,false,30,atn,turkiye,burnin,36,9,3,59
27,6,4,false,30,atn,turkiye,burnin,21,0,0,47
21,0,3,false,30,atn,turkiye,burnin,6,0,0,32
14,0,3,false,30,atn,turkiye,burnin,3,0,3,6
6,6,0,false,30,atn,turkiye,burnin,6,9,3,25
1,9,0,false,30,atn,turkiye,burnin,18,18,3,40
19,0,7,false,30,atn,turkiye,burnin,37,22,1,53
16,0,9,false,30,atn,turkiye,burnin,44,15,0,68
4,9,0,false,30,atn,turkiye,burnin,45,6,0,62
15,0,6,false,30,atn,turkiye,burnin,48,4,0,47
11,8,0,false,30,atn,turkiye,burnin,54,0,0,15
