l_S,ChSD,intermediate,GenSD,trophicVar,richness,S1,MaxSim,net_id,stage,complexity,predpreyRatio,VulSD,links,net_type,basal,top,S4,centrality,herbivory,Clust,trophicCoherence,connectance,TL,path,S2,LinkSD,cannibal,S5,ChLen,intervals,distance,omnivory,loops,community,ChNum
4.2439024390243905,0.4983274437429509,0.14634146341463414,0.6804437517530567,0.4652260295491275,41,0.21058893515764426,0.9076502556024797,1,creation,0.8501724864996066,0.5666666666666667,1.6408025846959087,174,atn_nestedbm,0.2682926829268293,0.5853658536585366,0.7400356930398573,6.270549508435728,0.07317073170731707,0.011896530542041378,0.4782740688770043,0.10350981558596074,2.0652197057684862,1.4493670886075949,0.004759071980963712,1.452650867735545,0.0,0.26234384295062463,1.9591836734693877,0,3.0,0.6585365853658537,0.0,turkiye,6.089044875446846
8.292682926829269,0.0,0.7560975609756098,0.7276597792411363,0.47586194984565655,41,0.36644854253420583,0.942432597448504,1,creation,0.81848026156752,1.1818181818181819,1.162674439046061,340,metaweb,0.1951219512195122,0.04878048780487805,1.5609756097560976,0.5243944684156643,0.6097560975609756,0.19850029108996112,0.38203700564425963,0.20226055919095776,2.0291864961332537,1.2237762237762237,0.19571683521713265,0.8832524826440544,0.17073170731707318,0.7691850089232599,1.0,3,2.0,0.17073170731707318,0.17073170731707318,turkiye,2.772588722239781
4.097560975609756,0.9303503339353569,0.4634146341463415,0.6452391934624286,0.41042535192713075,41,0.12849494348602022,0.5946180336689351,1,creation,0.9169479958471782,0.8181818181818182,1.4772491643380323,168,down_niche_empiricalbm,0.1951219512195122,0.34146341463414637,0.5693039857227841,1.1343156799433867,0.6097560975609756,0.05894597486381826,0.18952390922865692,0.09994051160023795,2.0033875338753386,1.2304147465437787,0.021415823914336704,1.1497498002498643,0.024390243902439025,0.2111838191552647,2.3811320754716983,38,2.0,0.17073170731707318,0.024390243902439025,turkiye,5.579729825986222
3.902439024390244,1.2447911425761047,0.7073170731707317,1.0944078378854019,1.3214002953354909,41,0.16716240333135038,0.6070689333781155,1,creation,0.9036396845560597,1.0588235294117647,0.6085731904422015,160,niche,0.17073170731707318,0.12195121951219512,0.1439619274241523,4.405744413980296,0.0975609756097561,0.26342546342546347,0.9464100449127036,0.09518143961927424,2.851356051876431,1.7715877437325904,0.055324211778703156,0.9042110684182095,0.07317073170731707,0.28494943486020224,4.768627450980392,0,5.0,0.5609756097560976,0.07317073170731707,turkiye,6.234410725718371
4.097560975609756,0.9303503339353569,0.4634146341463415,0.6452391934624286,0.41042535192713075,41,0.12849494348602022,0.5946180336689351,1,creation,0.9169479958471782,0.8181818181818182,1.4772491643380323,168,down_niche_nestedbm,0.1951219512195122,0.34146341463414637,0.5693039857227841,1.1343156799433867,0.6097560975609756,0.05894597486381826,0.18952390922865692,0.09994051160023795,2.0033875338753386,1.2304147465437787,0.021415823914336704,1.1497498002498643,0.024390243902439025,0.2111838191552647,2.3811320754716983,38,2.0,0.17073170731707318,0.024390243902439025,turkiye,5.579729825986222
4.097560975609756,0.9303503339353569,0.4634146341463415,0.6452391934624286,0.41042535192713075,41,0.12849494348602022,0.5946180336689351,1,creation,0.9169479958471782,0.8181818181818182,1.4772491643380323,168,down_niche,0.1951219512195122,0.34146341463414637,0.5693039857227841,1.1343156799433867,0.6097560975609756,0.05894597486381826,0.18952390922865692,0.09994051160023795,2.0033875338753386,1.2304147465437787,0.021415823914336704,1.1497498002498643,0.024390243902439025,0.2111838191552647,2.3811320754716983,38,2.0,0.17073170731707318,0.024390243902439025,turkiye,5.579729825986222
8.292682926829269,0.0,0.7560975609756098,0.7276597792411363,0.47586194984565655,41,0.36644854253420583,0.942432597448504,1,creation,0.81848026156752,1.1818181818181819,1.162674439046061,340,metaweb_nestedbm,0.1951219512195122,0.04878048780487805,1.5609756097560976,0.5243944684156643,0.6097560975609756,0.19850029108996112,0.38203700564425963,0.20226055919095776,2.0291864961332537,1.2237762237762237,0.19571683521713265,0.8832524826440544,0.17073170731707318,0.7691850089232599,1.0,3,2.0,0.17073170731707318,0.17073170731707318,turkiye,2.772588722239781
4.2439024390243905,0.4983274437429509,0.14634146341463414,0.6804437517530567,0.4652260295491275,41,0.21058893515764426,0.9076502556024797,1,creation,0.8501724864996066,0.5666666666666667,1.6408025846959087,174,atn_empiricalbm,0.2682926829268293,0.5853658536585366,0.7400356930398573,6.270549508435728,0.07317073170731707,0.011896530542041378,0.4782740688770043,0.10350981558596074,2.0652197057684862,1.4493670886075949,0.004759071980963712,1.452650867735545,0.0,0.26234384295062463,1.9591836734693877,0,3.0,0.6585365853658537,0.0,turkiye,6.089044875446846
8.292682926829269,0.0,0.7560975609756098,0.7276597792411363,0.47586194984565655,41,0.36644854253420583,0.942432597448504,1,creation,0.81848026156752,1.1818181818181819,1.162674439046061,340,metaweb_empiricalbm,0.1951219512195122,0.04878048780487805,1.5609756097560976,0.5243944684156643,0.6097560975609756,0.19850029108996112,0.38203700564425963,0.20226055919095776,2.0291864961332537,1.2237762237762237,0.19571683521713265,0.8832524826440544,0.17073170731707318,0.7691850089232599,1.0,3,2.0,0.17073170731707318,0.17073170731707318,turkiye,2.772588722239781
4.2439024390243905,0.4983274437429509,0.14634146341463414,0.6804437517530567,0.4652260295491275,41,0.21058893515764426,0.9076502556024797,1,creation,0.8501724864996066,0.5666666666666667,1.6408025846959087,174,atn,0.2682926829268293,0.5853658536585366,0.7400356930398573,6.270549508435728,0.07317073170731707,0.011896530542041378,0.4782740688770043,0.10350981558596074,2.0652197057684862,1.4493670886075949,0.004759071980963712,1.452650867735545,0.0,0.26234384295062463,1.9591836734693877,0,3.0,0.6585365853658537,0.0,turkiye,6.089044875446846
0.6666666666666666,0.0,0.0,1.7320508075688776,0.3333333333333333,3,0.0,0.6666666666666666,1,burnin,NaN,2.0,0.8660254037844388,2,atn_nestedbm,0.6666666666666666,0.3333333333333333,0.0,2.0,0.3333333333333333,0.0,0.0,0.2222222222222222,1.3333333333333333,1.0,0.0,0.8660254037844388,0.0,0.1111111111111111,1.0,0,2.0,0.0,0.0,turkiye,0.6931471805599453
6.0606060606060606,0.0,0.0,0.574456264653803,0.18939393939393948,33,0.0,1.0,1,burnin,NaN,0.32,1.7951758270431342,200,metaweb,0.24242424242424243,0.7575757575757576,2.203856749311295,0.32,0.7575757575757576,0.0,0.0,0.18365472910927455,1.7575757575757576,1.0,0.0,1.220719562389331,0.0,0.642791551882461,1.0,0,2.0,0.0,0.0,turkiye,5.298317366548036
1.1818181818181819,0.0,0.18181818181818182,1.4566720602538719,0.47272727272727266,11,0.024793388429752067,0.4826839826839826,1,burnin,0.9747059760474882,2.25,0.6352560868326947,13,down_niche_empiricalbm,0.6363636363636364,0.18181818181818182,0.03305785123966942,2.75609756097561,0.2727272727272727,0.0,0.2773500981126146,0.10743801652892562,1.4545454545454546,1.2,0.0,1.0076629473115577,0.09090909090909091,0.12396694214876033,1.0,2,2.0,0.09090909090909091,0.09090909090909091,turkiye,2.0794415416798357
1.3333333333333333,0.5163977794943222,0.5555555555555556,1.0914103126634986,0.8168055555555555,18,0.05246913580246913,0.4583333333333333,1,burnin,0.962241677786886,1.1538461538461537,0.7717436331412899,24,niche,0.2777777777777778,0.16666666666666666,0.033950617283950615,2.0733789552137676,0.2222222222222222,0.1619047619047619,0.6098155458825234,0.07407407407407407,2.2194444444444446,1.55,0.006172839506172839,1.0334479696058012,0.05555555555555555,0.046296296296296294,2.3333333333333335,0,5.0,0.3333333333333333,0.05555555555555555,turkiye,1.791759469228055
0.8333333333333334,0.0,0.0,2.4494897427831774,0.1666666666666666,6,0.0,0.8333333333333334,1,burnin,NaN,5.0,0.4898979485566356,5,down_niche_nestedbm,0.8333333333333334,0.16666666666666666,0.0,5.0,0.16666666666666666,0.0,2.220446049250313e-16,0.1388888888888889,1.1666666666666667,1.0,0.0,1.9595917942265424,0.0,0.2777777777777778,1.0,0,2.0,0.0,0.0,turkiye,1.6094379124341003
3.46875,0.38394880044260066,0.125,0.6466435475649139,0.24092741935483872,32,0.0185546875,0.7160831766917293,1,burnin,0.8944110877725908,0.5,1.842288517718845,111,down_niche,0.25,0.625,0.751953125,1.016882386043894,0.71875,0.0,2.882036915720736e-16,0.1083984375,1.78125,1.0512820512820513,0.0,1.3599763503179305,0.0,0.2099609375,1.1775700934579438,19,2.0,0.03125,0.0,turkiye,4.672828834461906
1.5555555555555556,0.0,0.0,0.794592695045964,0.25,9,0.0,0.925925925925926,1,burnin,0.793178670674015,0.5,1.6736249305514261,14,atn_empiricalbm,0.3333333333333333,0.6666666666666666,0.38271604938271603,0.6875,0.6666666666666666,0.0,1.4536231567507431e-16,0.1728395061728395,1.6666666666666667,1.0,0.0,1.0873812391170234,0.0,0.12345679012345678,1.0,0,2.0,0.0,0.0,turkiye,2.6390573296152584
0.8888888888888888,0.0,0.0,3.000000000000001,0.11111111111111112,9,0.0,0.8888888888888888,1,burnin,NaN,8.0,0.3750000000000001,8,metaweb_empiricalbm,0.8888888888888888,0.1111111111111111,0.0,8.0,0.1111111111111111,0.0,0.0,0.09876543209876543,1.1111111111111112,1.0,0.0,2.6250000000000004,0.0,0.345679012345679,1.0,0,2.0,0.0,0.0,turkiye,2.0794415416798357
3.7777777777777777,0.531022480850238,0.25925925925925924,0.8572212785905742,0.47213442742956635,27,0.2194787379972565,0.903756839867951,1,burnin,0.8573133231396759,1.0,1.0365300109827116,102,atn,0.37037037037037035,0.37037037037037035,0.46776406035665297,5.49782259912904,0.1111111111111111,0.0,0.4488775034147907,0.13991769547325103,1.8433641975308643,1.3703703703703705,0.0,0.7711614047421983,0.0,0.3813443072702332,1.9390862944162437,0,3.0,0.5185185185185185,0.0,turkiye,5.2832037287379885
4.390243902439025,0.3724781356573993,0.12195121951219512,0.6925306963825493,0.46944444444444455,41,0.2117787031528852,0.9105663579989639,2,creation,0.858940675703138,0.5333333333333333,1.651096717448851,180,atn_nestedbm,0.2682926829268293,0.6097560975609756,0.8066627007733492,5.467200801201805,0.12195121951219512,0.0,0.4489141563295665,0.10707911957168352,2.0625,1.4078947368421053,0.0,1.4419540497122234,0.0,0.2914931588340274,1.847980997624703,0,3.0,0.6097560975609756,0.0,turkiye,6.042632833682381
8.292682926829269,0.0,0.7560975609756098,0.7276597792411363,0.47586194984565655,41,0.36644854253420583,0.942432597448504,2,creation,0.81848026156752,1.1818181818181819,1.162674439046061,340,metaweb,0.1951219512195122,0.04878048780487805,1.5609756097560976,0.5243944684156643,0.6097560975609756,0.19850029108996112,0.38203700564425963,0.20226055919095776,2.0291864961332537,1.2237762237762237,0.19571683521713265,0.8832524826440544,0.17073170731707318,0.7691850089232599,1.0,3,2.0,0.17073170731707318,0.17073170731707318,turkiye,2.772588722239781
3.024390243902439,0.7831781237671753,0.4146341463414634,0.6466112738253837,0.44277820121951245,41,0.06484235574063058,0.5494643481900902,2,creation,0.9284903186190062,0.7575757575757576,1.7409775591898071,124,down_niche_empiricalbm,0.1951219512195122,0.3902439024390244,0.4003569303985723,1.4419683640365715,0.6097560975609756,0.01966687552213868,0.11267347735824967,0.07376561570493753,2.0144817073170733,1.2439024390243902,0.004164187983343248,1.4259036056521712,0.0,0.11600237953599048,2.0205479452054793,25,2.0,0.12195121951219512,0.0,turkiye,4.983606621708336
3.1219512195121952,NaN,0.6585365853658537,1.2553535261375328,1.4053397709193094,41,0.12195121951219512,0.6037361119838656,2,creation,0.9109184701458911,1.5185185185185186,0.720507786027717,128,niche,0.34146341463414637,0.0,0.10291493158834028,5.804561434195301,0.12195121951219512,0.2564343064343064,0.9084033616285099,0.0761451516954194,2.3438189405137857,1.6,0.032123735871505056,1.208946195378567,0.07317073170731707,0.2183224271267103,NaN,0,4.0,0.43902439024390244,0.07317073170731707,turkiye,0.0
3.024390243902439,0.7831781237671753,0.4146341463414634,0.6466112738253837,0.44277820121951245,41,0.06484235574063058,0.5494643481900902,2,creation,0.9284903186190062,0.7575757575757576,1.7409775591898071,124,down_niche_nestedbm,0.1951219512195122,0.3902439024390244,0.4003569303985723,1.4419683640365715,0.6097560975609756,0.01966687552213868,0.11267347735824967,0.07376561570493753,2.0144817073170733,1.2439024390243902,0.004164187983343248,1.4259036056521712,0.0,0.11600237953599048,2.0205479452054793,30,2.0,0.12195121951219512,0.0,turkiye,4.983606621708336
3.024390243902439,0.7831781237671753,0.4146341463414634,0.6466112738253837,0.44277820121951245,41,0.06484235574063058,0.5494643481900902,2,creation,0.9284903186190062,0.7575757575757576,1.7409775591898071,124,down_niche,0.1951219512195122,0.3902439024390244,0.4003569303985723,1.4419683640365715,0.6097560975609756,0.01966687552213868,0.11267347735824967,0.07376561570493753,2.0144817073170733,1.2439024390243902,0.004164187983343248,1.4259036056521712,0.0,0.11600237953599048,2.0205479452054793,25,2.0,0.12195121951219512,0.0,turkiye,4.983606621708336
8.292682926829269,0.0,0.7560975609756098,0.7276597792411363,0.47586194984565655,41,0.36644854253420583,0.942432597448504,2,creation,0.81848026156752,1.1818181818181819,1.162674439046061,340,metaweb_nestedbm,0.1951219512195122,0.04878048780487805,1.5609756097560976,0.5243944684156643,0.6097560975609756,0.19850029108996112,0.38203700564425963,0.20226055919095776,2.0291864961332537,1.2237762237762237,0.19571683521713265,0.8832524826440544,0.17073170731707318,0.7691850089232599,1.0,3,2.0,0.17073170731707318,0.17073170731707318,turkiye,2.772588722239781
4.390243902439025,0.3724781356573993,0.12195121951219512,0.6925306963825493,0.46944444444444455,41,0.2117787031528852,0.9105663579989639,2,creation,0.858940675703138,0.5333333333333333,1.651096717448851,180,atn_empiricalbm,0.2682926829268293,0.6097560975609756,0.8066627007733492,5.467200801201805,0.12195121951219512,0.0,0.4489141563295665,0.10707911957168352,2.0625,1.4078947368421053,0.0,1.4419540497122234,0.0,0.2914931588340274,1.847980997624703,0,3.0,0.6097560975609756,0.0,turkiye,6.042632833682381
8.292682926829269,0.0,0.7560975609756098,0.7276597792411363,0.47586194984565655,41,0.36644854253420583,0.942432597448504,2,creation,0.81848026156752,1.1818181818181819,1.162674439046061,340,metaweb_empiricalbm,0.1951219512195122,0.04878048780487805,1.5609756097560976,0.5243944684156643,0.6097560975609756,0.19850029108996112,0.38203700564425963,0.20226055919095776,2.0291864961332537,1.2237762237762237,0.19571683521713265,0.8832524826440544,0.17073170731707318,0.7691850089232599,1.0,3,2.0,0.17073170731707318,0.17073170731707318,turkiye,2.772588722239781
4.390243902439025,0.3724781356573993,0.12195121951219512,0.6925306963825493,0.46944444444444455,41,0.2117787031528852,0.9105663579989639,2,creation,0.858940675703138,0.5333333333333333,1.651096717448851,180,atn,0.2682926829268293,0.6097560975609756,0.8066627007733492,5.467200801201805,0.12195121951219512,0.0,0.4489141563295665,0.10707911957168352,2.0625,1.4078947368421053,0.0,1.4419540497122234,0.0,0.2914931588340274,1.847980997624703,0,3.0,0.6097560975609756,0.0,turkiye,6.042632833682381
6.0606060606060606,0.0,0.0,0.574456264653803,0.18939393939393948,33,0.0,1.0,2,burnin,NaN,0.32,1.7951758270431342,200,metaweb,0.24242424242424243,0.7575757575757576,2.203856749311295,0.32,0.7575757575757576,0.0,0.0,0.18365472910927455,1.7575757575757576,1.0,0.0,1.220719562389331,0.0,0.642791551882461,1.0,0,2.0,0.0,0.0,turkiye,5.298317366548036
1.2307692307692308,0.48038446141526137,0.23076923076923078,1.2479149276559947,0.5897435897435898,13,0.05325443786982249,0.3717948717948717,2,burnin,0.9524513076035699,1.6666666666666667,0.8871918479111495,16,down_niche_empiricalbm,0.5384615384615384,0.23076923076923078,0.05325443786982249,1.935483870967742,0.3076923076923077,0.0,1.9229626863835638e-16,0.09467455621301775,1.6153846153846154,1.3333333333333333,0.0,1.0807260291119114,0.0,0.09467455621301775,1.6923076923076923,2,2.0,0.0,0.0,turkiye,2.5649493574615367
3.0,NaN,0.6111111111111112,1.2395595736018243,0.7130791364142273,36,0.12731481481481483,0.6385133385133385,2,burnin,0.906946915762191,1.6363636363636365,0.6714116850291263,108,niche,0.3888888888888889,0.0,0.10570987654320987,5.349281846787015,0.1388888888888889,0.2575643310937429,0.619517918152244,0.08333333333333333,1.9500888362946442,1.5376884422110553,0.029320987654320986,1.1351370645005043,0.05555555555555555,0.22762345679012347,NaN,0,4.0,0.4444444444444444,0.05555555555555555,turkiye,0.0
2.4,0.4119429204355498,0.36,0.8333333333333334,0.5122222222222222,25,0.0768,0.4537215007215007,2,burnin,0.931618703315847,1.0,1.1785113019775793,60,down_niche,0.32,0.32,0.2144,2.08641975308642,0.48,0.03015873015873016,0.11785113019775792,0.096,1.8733333333333335,1.2682926829268293,0.0064,0.8673608331108886,0.0,0.1376,1.7878787878787878,12,2.0,0.08,0.0,turkiye,4.189654742026425
1.1666666666666667,0.0,0.0,1.1392801164215363,0.29999999999999993,6,0.0,0.8333333333333331,2,burnin,0.7931786706740149,1.0,1.261680123761121,7,atn_empiricalbm,0.5,0.5,0.16666666666666666,1.2500000000000002,0.5,0.0,1.4536231567507431e-16,0.19444444444444445,1.5,1.0,0.0,0.6998542122237651,0.0,0.1388888888888889,1.0,0,2.0,0.0,0.0,turkiye,1.9459101490553132
0.8888888888888888,0.0,0.0,3.000000000000001,0.11111111111111112,9,0.0,0.8888888888888888,2,burnin,NaN,8.0,0.3750000000000001,8,metaweb_empiricalbm,0.8888888888888888,0.1111111111111111,0.0,8.0,0.1111111111111111,0.0,0.0,0.09876543209876543,1.1111111111111112,1.0,0.0,2.6250000000000004,0.0,0.345679012345679,1.0,0,2.0,0.0,0.0,turkiye,2.0794415416798357
3.586206896551724,0.3919759447823035,0.20689655172413793,0.7940202073012406,0.4916209120142311,29,0.2116527942925089,0.8846469622331692,2,burnin,0.8641257277930435,0.8421052631578947,1.1485455170491623,104,atn,0.3448275862068966,0.4482758620689655,0.4423305588585018,4.754330708661418,0.1724137931034483,0.0,0.4191831061668952,0.12366230677764566,1.8987068965517242,1.380952380952381,0.0,0.9310197987131865,0.0,0.29488703923900117,1.84037558685446,0,3.0,0.4827586206896552,0.0,turkiye,5.3612921657094255
5.780487804878049,0.664690282636074,0.17073170731707318,0.6536313054458509,0.5258602577862664,41,0.34741225461035097,0.9167485951120885,3,creation,0.8286102712543495,0.5483870967741935,1.4450648286947136,237,atn_nestedbm,0.24390243902439024,0.5853658536585366,1.071980963712076,6.612919849547039,0.04878048780487805,0.18326453867780904,0.5698170869835322,0.14098750743604996,2.2021145690353006,1.3713527851458887,0.09518143961927424,1.256483479553494,0.0,0.4116597263533611,2.4597798475867907,0,3.0,0.7073170731707317,0.0,turkiye,7.074116816197362
8.292682926829269,0.0,0.7560975609756098,0.7276597792411363,0.47586194984565655,41,0.36644854253420583,0.942432597448504,3,creation,0.81848026156752,1.1818181818181819,1.162674439046061,340,metaweb,0.1951219512195122,0.04878048780487805,1.5609756097560976,0.5243944684156643,0.6097560975609756,0.19850029108996112,0.38203700564425963,0.20226055919095776,2.0291864961332537,1.2237762237762237,0.19571683521713265,0.8832524826440544,0.17073170731707318,0.7691850089232599,1.0,3,2.0,0.17073170731707318,0.17073170731707318,turkiye,2.772588722239781
5.878048780487805,1.1893159861722415,0.6097560975609756,0.6322077542340779,0.4437050059785653,41,0.22665080309339677,0.7516161351315116,3,creation,0.8789724413395985,1.0,1.3648156975933556,241,down_niche_empiricalbm,0.1951219512195122,0.1951219512195122,1.0571088637715647,1.3853664132712964,0.6097560975609756,0.08715459576291713,0.2604420456110456,0.14336704342653184,2.0176602995458803,1.2297734627831716,0.04818560380725759,0.9864572545127348,0.07317073170731707,0.4312908982748364,3.7910592808551993,30,2.0,0.1951219512195122,0.0975609756097561,turkiye,6.9363427358340495
5.780487804878049,0.6866946095269046,0.8536585365853658,0.9674719971121151,2.1378276711927224,41,0.2956573468173706,0.5767816617885269,3,creation,0.8773805876810272,1.0,0.6085815945825864,237,niche,0.07317073170731707,0.07317073170731707,0.14812611540749554,6.159945942232403,0.04878048780487805,0.5044317649168778,1.0567989761984735,0.14098750743604996,4.133806071424571,1.9258114374034003,0.24509220701963116,1.0456991062126124,0.1951219512195122,0.3188578227245687,5.598305626598465,0,4.0,0.8048780487804879,0.3170731707317073,turkiye,8.741296282225147
5.878048780487805,1.1893159861722415,0.6097560975609756,0.6322077542340779,0.4437050059785653,41,0.22665080309339677,0.7516161351315116,3,creation,0.8789724413395985,1.0,1.3648156975933556,241,down_niche_nestedbm,0.1951219512195122,0.1951219512195122,1.0571088637715647,1.3853664132712964,0.6097560975609756,0.08715459576291713,0.2604420456110456,0.14336704342653184,2.0176602995458803,1.2297734627831716,0.04818560380725759,0.9864572545127348,0.07317073170731707,0.4312908982748364,3.7910592808551993,30,2.0,0.1951219512195122,0.0975609756097561,turkiye,6.9363427358340495
5.878048780487805,1.1893159861722415,0.6097560975609756,0.6322077542340779,0.4437050059785653,41,0.22665080309339677,0.7516161351315116,3,creation,0.8789724413395985,1.0,1.3648156975933556,241,down_niche,0.1951219512195122,0.1951219512195122,1.0571088637715647,1.3853664132712964,0.6097560975609756,0.08715459576291713,0.2604420456110456,0.14336704342653184,2.0176602995458803,1.2297734627831716,0.04818560380725759,0.9864572545127348,0.07317073170731707,0.4312908982748364,3.7910592808551993,32,2.0,0.1951219512195122,0.0975609756097561,turkiye,6.9363427358340495
8.292682926829269,0.0,0.7560975609756098,0.7276597792411363,0.47586194984565655,41,0.36644854253420583,0.942432597448504,3,creation,0.81848026156752,1.1818181818181819,1.162674439046061,340,metaweb_nestedbm,0.1951219512195122,0.04878048780487805,1.5609756097560976,0.5243944684156643,0.6097560975609756,0.19850029108996112,0.38203700564425963,0.20226055919095776,2.0291864961332537,1.2237762237762237,0.19571683521713265,0.8832524826440544,0.17073170731707318,0.7691850089232599,1.0,3,2.0,0.17073170731707318,0.17073170731707318,turkiye,2.772588722239781
5.780487804878049,0.664690282636074,0.17073170731707318,0.6536313054458509,0.5258602577862664,41,0.34741225461035097,0.9167485951120885,3,creation,0.8286102712543495,0.5483870967741935,1.4450648286947136,237,atn_empiricalbm,0.24390243902439024,0.5853658536585366,1.071980963712076,6.612919849547039,0.04878048780487805,0.18326453867780904,0.5698170869835322,0.14098750743604996,2.2021145690353006,1.3713527851458887,0.09518143961927424,1.256483479553494,0.0,0.4116597263533611,2.4597798475867907,0,3.0,0.7073170731707317,0.0,turkiye,7.074116816197362
8.292682926829269,0.0,0.7560975609756098,0.7276597792411363,0.47586194984565655,41,0.36644854253420583,0.942432597448504,3,creation,0.81848026156752,1.1818181818181819,1.162674439046061,340,metaweb_empiricalbm,0.1951219512195122,0.04878048780487805,1.5609756097560976,0.5243944684156643,0.6097560975609756,0.19850029108996112,0.38203700564425963,0.20226055919095776,2.0291864961332537,1.2237762237762237,0.19571683521713265,0.8832524826440544,0.17073170731707318,0.7691850089232599,1.0,3,2.0,0.17073170731707318,0.17073170731707318,turkiye,2.772588722239781
5.780487804878049,0.664690282636074,0.17073170731707318,0.6536313054458509,0.5258602577862664,41,0.34741225461035097,0.9167485951120885,3,creation,0.8286102712543495,0.5483870967741935,1.4450648286947136,237,atn,0.24390243902439024,0.5853658536585366,1.071980963712076,6.612919849547039,0.04878048780487805,0.18326453867780904,0.5698170869835322,0.14098750743604996,2.2021145690353006,1.3713527851458887,0.09518143961927424,1.256483479553494,0.0,0.4116597263533611,2.4597798475867907,0,3.0,0.7073170731707317,0.0,turkiye,7.074116816197362
0.8,0.0,0.0,2.23606797749979,0.2,5,0.0,0.8,3,burnin,NaN,4.0,0.5590169943749473,4,atn_nestedbm,0.8,0.2,0.0,4.0,0.2,0.0,0.0,0.16,1.2,1.0,0.0,1.6770509831248421,0.0,0.24,1.0,0,2.0,0.0,0.0,turkiye,1.3862943611198906
6.0606060606060606,0.0,0.0,0.574456264653803,0.18939393939393948,33,0.0,1.0,3,burnin,NaN,0.32,1.7951758270431342,200,metaweb,0.24242424242424243,0.7575757575757576,2.203856749311295,0.32,0.7575757575757576,0.0,0.0,0.18365472910927455,1.7575757575757576,1.0,0.0,1.220719562389331,0.0,0.642791551882461,1.0,0,2.0,0.0,0.0,turkiye,5.298317366548036
1.3,0.0,0.0,2.1772235605491055,0.17777777777777773,10,0.0,0.925,3,burnin,0.8086962841141674,4.0,0.6332866171912035,13,down_niche_empiricalbm,0.8,0.2,0.05,5.153846153846153,0.2,0.0,1.3770621819420954e-16,0.13,1.2,1.0,0.0,1.7085467947648902,0.0,0.38,1.0,0,2.0,0.0,0.0,turkiye,2.5649493574615367
1.4615384615384615,1.0935416468216166,0.38461538461538464,0.7184419378752025,0.941951566951567,13,0.07100591715976332,0.6525641025641027,3,burnin,0.9223920781500475,0.8,1.030692422503481,19,niche,0.23076923076923078,0.38461538461538464,0.07692307692307693,1.5674600303841422,0.15384615384615385,0.10303030303030303,0.6987875883036643,0.11242603550295859,2.346153846153846,1.65625,0.011834319526627219,0.9328814365716084,0.15384615384615385,0.04142011834319527,2.5625,0,2.0,0.5384615384615384,0.15384615384615385,turkiye,2.772588722239781
4.9393939393939394,0.0,0.0,0.6072341378781949,0.18939393939393936,33,0.0,0.8903156351772953,3,burnin,0.7847797977807165,0.32,1.8478705575610128,163,down_niche,0.24242424242424243,0.7575757575757576,1.5188246097337006,1.077338129496403,0.7575757575757576,0.0,3.7382419868575567e-16,0.14967860422405876,1.7575757575757576,1.0,0.0,1.3118151149096893,0.0,0.42699724517906334,1.0,11,2.0,0.0,0.0,turkiye,5.093750200806762
1.875,0.0,0.0,0.828078671210825,0.26785714285714274,8,0.0,1.0,3,burnin,NaN,0.6,1.3801311186847085,15,atn_empiricalbm,0.375,0.625,0.46875,0.6000000000000001,0.625,0.0,2.220446049250313e-16,0.234375,1.6249999999999998,1.0,0.0,0.5520524474738834,0.0,0.234375,1.0,0,2.0,0.0,0.0,turkiye,2.70805020110221
0.8888888888888888,0.0,0.0,3.000000000000001,0.11111111111111112,9,0.0,0.8888888888888888,3,burnin,NaN,8.0,0.3750000000000001,8,metaweb_empiricalbm,0.8888888888888888,0.1111111111111111,0.0,8.0,0.1111111111111111,0.0,0.0,0.09876543209876543,1.1111111111111112,1.0,0.0,2.6250000000000004,0.0,0.345679012345679,1.0,0,2.0,0.0,0.0,turkiye,2.0794415416798357
5.65625,0.6722970236845295,0.25,0.7249375099099632,0.5672265903306379,32,0.4140625,0.9379425748418885,3,burnin,0.8290494539418302,0.7391304347826086,1.0745701725985246,181,atn,0.28125,0.46875,0.845703125,6.044878906820562,0.0625,0.19319069050284982,0.5630254419396942,0.1767578125,2.1222715435606054,1.336996336996337,0.125,0.8537331775578498,0.0,0.541015625,2.509518477043673,0,3.0,0.65625,0.0,turkiye,6.794586580876499
5.146341463414634,0.40562287229631766,0.17073170731707318,0.6932379302727338,0.5164966789109502,41,0.314098750743605,0.929877859268103,4,creation,0.8448196123094504,0.6,1.4479634783173927,211,atn_nestedbm,0.2682926829268293,0.5609756097560976,0.9149315883402737,5.997850861029024,0.12195121951219512,0.010118894048847608,0.449612852661153,0.1255205234979179,2.1022002839076013,1.3884057971014492,0.00594883997620464,1.2421162630901323,0.0,0.40571088637715647,1.9722222222222223,0,3.0,0.6097560975609756,0.0,turkiye,6.416732282512326
8.292682926829269,0.0,0.7560975609756098,0.7276597792411363,0.47586194984565655,41,0.36644854253420583,0.942432597448504,4,creation,0.81848026156752,1.1818181818181819,1.162674439046061,340,metaweb,0.1951219512195122,0.04878048780487805,1.5609756097560976,0.5243944684156643,0.6097560975609756,0.19850029108996112,0.38203700564425963,0.20226055919095776,2.0291864961332537,1.2237762237762237,0.19571683521713265,0.8832524826440544,0.17073170731707318,0.7691850089232599,1.0,3,2.0,0.17073170731707318,0.17073170731707318,turkiye,2.772588722239781
2.926829268292683,0.8137214940099562,0.6097560975609756,0.7917171036564905,0.4549864498644986,41,0.07971445568114217,0.4752075801819063,4,creation,0.9516098189243775,1.0,1.4116049278116813,120,down_niche_empiricalbm,0.1951219512195122,0.1951219512195122,0.2676977989292088,2.5170520516708943,0.6097560975609756,0.03291708291708292,0.1929306150465037,0.07138607971445568,2.021138211382114,1.3058823529411765,0.003569303985722784,1.1907032819118102,0.024390243902439025,0.12611540749553837,2.6693548387096775,27,2.0,0.1951219512195122,0.024390243902439025,turkiye,4.820281565605037
2.8292682926829267,NaN,0.6585365853658537,1.3175194913124093,0.7835781087096065,41,0.10350981558596074,0.5860011262450286,4,creation,0.9266628054013613,1.5185185185185186,0.4463985891069977,116,niche,0.34146341463414637,0.0,0.05829863176680547,3.3176771303490225,0.17073170731707318,0.24983634251926937,0.6950460403113322,0.06900654372397383,2.0605225532282745,1.8456591639871383,0.012492563950029744,1.2270530491765466,0.0975609756097561,0.17073170731707318,NaN,0,3.0,0.4634146341463415,0.12195121951219512,turkiye,0.0
2.926829268292683,0.8137214940099562,0.6097560975609756,0.7917171036564905,0.4549864498644986,41,0.07971445568114217,0.4752075801819063,4,creation,0.9516098189243775,1.0,1.4116049278116813,120,down_niche_nestedbm,0.1951219512195122,0.1951219512195122,0.2676977989292088,2.5170520516708943,0.6097560975609756,0.03291708291708292,0.1929306150465037,0.07138607971445568,2.021138211382114,1.3058823529411765,0.003569303985722784,1.1907032819118102,0.024390243902439025,0.12611540749553837,2.6693548387096775,28,2.0,0.1951219512195122,0.024390243902439025,turkiye,4.820281565605037
2.926829268292683,0.8137214940099562,0.6097560975609756,0.7917171036564905,0.4549864498644986,41,0.07971445568114217,0.4752075801819063,4,creation,0.9516098189243775,1.0,1.4116049278116813,120,down_niche,0.1951219512195122,0.1951219512195122,0.2676977989292088,2.5170520516708943,0.6097560975609756,0.03291708291708292,0.1929306150465037,0.07138607971445568,2.021138211382114,1.3058823529411765,0.003569303985722784,1.1907032819118102,0.024390243902439025,0.12611540749553837,2.6693548387096775,28,2.0,0.1951219512195122,0.024390243902439025,turkiye,4.820281565605037
8.292682926829269,0.0,0.7560975609756098,0.7276597792411363,0.47586194984565655,41,0.36644854253420583,0.942432597448504,4,creation,0.81848026156752,1.1818181818181819,1.162674439046061,340,metaweb_nestedbm,0.1951219512195122,0.04878048780487805,1.5609756097560976,0.5243944684156643,0.6097560975609756,0.19850029108996112,0.38203700564425963,0.20226055919095776,2.0291864961332537,1.2237762237762237,0.19571683521713265,0.8832524826440544,0.17073170731707318,0.7691850089232599,1.0,3,2.0,0.17073170731707318,0.17073170731707318,turkiye,2.772588722239781
5.146341463414634,0.40562287229631766,0.17073170731707318,0.6932379302727338,0.5164966789109502,41,0.314098750743605,0.929877859268103,4,creation,0.8448196123094504,0.6,1.4479634783173927,211,atn_empiricalbm,0.2682926829268293,0.5609756097560976,0.9149315883402737,5.997850861029024,0.12195121951219512,0.010118894048847608,0.449612852661153,0.1255205234979179,2.1022002839076013,1.3884057971014492,0.00594883997620464,1.2421162630901323,0.0,0.40571088637715647,1.9722222222222223,0,3.0,0.6097560975609756,0.0,turkiye,6.416732282512326
8.292682926829269,0.0,0.7560975609756098,0.7276597792411363,0.47586194984565655,41,0.36644854253420583,0.942432597448504,4,creation,0.81848026156752,1.1818181818181819,1.162674439046061,340,metaweb_empiricalbm,0.1951219512195122,0.04878048780487805,1.5609756097560976,0.5243944684156643,0.6097560975609756,0.19850029108996112,0.38203700564425963,0.20226055919095776,2.0291864961332537,1.2237762237762237,0.19571683521713265,0.8832524826440544,0.17073170731707318,0.7691850089232599,1.0,3,2.0,0.17073170731707318,0.17073170731707318,turkiye,2.772588722239781
5.146341463414634,0.40562287229631766,0.17073170731707318,0.6932379302727338,0.5164966789109502,41,0.314098750743605,0.929877859268103,4,creation,0.8448196123094504,0.6,1.4479634783173927,211,atn,0.2682926829268293,0.5609756097560976,0.9149315883402737,5.997850861029024,0.12195121951219512,0.010118894048847608,0.449612852661153,0.1255205234979179,2.1022002839076013,1.3884057971014492,0.00594883997620464,1.2421162630901323,0.0,0.40571088637715647,1.9722222222222223,0,3.0,0.6097560975609756,0.0,turkiye,6.416732282512326
0.8333333333333334,0.0,0.0,2.4494897427831774,0.1666666666666666,6,0.0,0.8333333333333334,4,burnin,NaN,5.0,0.4898979485566356,5,atn_nestedbm,0.8333333333333334,0.16666666666666666,0.0,5.0,0.16666666666666666,0.0,2.220446049250313e-16,0.1388888888888889,1.1666666666666667,1.0,0.0,1.9595917942265424,0.0,0.2777777777777778,1.0,0,2.0,0.0,0.0,turkiye,1.6094379124341003
6.0606060606060606,0.0,0.0,0.574456264653803,0.18939393939393948,33,0.0,1.0,4,burnin,NaN,0.32,1.7951758270431342,200,metaweb,0.24242424242424243,0.7575757575757576,2.203856749311295,0.32,0.7575757575757576,0.0,0.0,0.18365472910927455,1.7575757575757576,1.0,0.0,1.220719562389331,0.0,0.642791551882461,1.0,0,2.0,0.0,0.0,turkiye,5.298317366548036
1.0,0.0,0.0,1.8027756377319946,0.24999999999999992,9,0.0,0.6518518518518518,4,burnin,0.9060498236198616,2.0,0.8660254037844386,9,down_niche_empiricalbm,0.6666666666666666,0.3333333333333333,0.037037037037037035,4.869565217391305,0.3333333333333333,0.0,2.0934566115783667e-16,0.1111111111111111,1.3333333333333333,1.0,0.0,1.3228756555322954,0.0,0.16049382716049382,1.0,0,2.0,0.0,0.0,turkiye,2.1972245773362196
2.8292682926829267,NaN,0.6585365853658537,1.3175194913124093,0.7835781087096065,41,0.10350981558596074,0.5860011262450286,4,burnin,0.9266628054013613,1.5185185185185186,0.4463985891069977,116,niche,0.34146341463414637,0.0,0.05829863176680547,3.3176771303490225,0.17073170731707318,0.24983634251926937,0.6950460403113322,0.06900654372397383,2.0605225532282745,1.8456591639871383,0.012492563950029744,1.2270530491765466,0.0975609756097561,0.17073170731707318,NaN,0,3.0,0.4634146341463415,0.12195121951219512,turkiye,0.0
0.5,0.0,0.0,1.1547005383792515,0.3333333333333333,4,0.0,0.0,4,burnin,1.0,1.0,1.1547005383792515,2,down_niche_nestedbm,0.5,0.5,0.0,1.0,0.5,0.0,0.0,0.125,1.5,1.0,0.0,0.0,0.0,0.0,1.0,0,2.0,0.0,0.0,turkiye,0.6931471805599453
2.871794871794872,0.5412785384073073,0.5897435897435898,0.8192855749880248,0.36572199730094446,39,0.06640368178829717,0.4980860270333955,4,burnin,0.9497577421165327,1.0,1.477735713748743,112,down_niche,0.20512820512820512,0.20512820512820512,0.2905982905982906,2.365527774992357,0.6410256410256411,0.04550719550719551,0.16366341767699427,0.07363576594345825,1.9487179487179487,1.1897810218978102,0.003287310979618672,1.229693749369951,0.02564102564102564,0.13149243918474687,2.0416666666666665,26,2.0,0.15384615384615385,0.02564102564102564,turkiye,4.564348191467836
1.625,0.0,0.0,0.8663913557989902,0.2678571428571428,8,0.0,0.95,4,burnin,0.7674209754134783,0.6,1.431442592345827,13,atn_empiricalbm,0.375,0.625,0.359375,1.0,0.625,0.0,1.8475227888400252e-16,0.203125,1.625,1.0,0.0,0.7169013815516524,0.0,0.171875,1.0,0,2.0,0.0,0.0,turkiye,2.5649493574615367
0.8888888888888888,0.0,0.0,3.000000000000001,0.11111111111111112,9,0.0,0.8888888888888888,4,burnin,NaN,8.0,0.3750000000000001,8,metaweb_empiricalbm,0.8888888888888888,0.1111111111111111,0.0,8.0,0.1111111111111111,0.0,0.0,0.09876543209876543,1.1111111111111112,1.0,0.0,2.6250000000000004,0.0,0.345679012345679,1.0,0,2.0,0.0,0.0,turkiye,2.0794415416798357
4.153846153846154,0.4322850217875116,0.3076923076923077,0.9102223910107867,0.5010006214024072,26,0.3047337278106509,0.9461538461538462,4,burnin,0.8647335345126642,1.125,0.7784300615779015,108,atn,0.38461538461538464,0.3076923076923077,0.4452662721893491,4.977263157894737,0.19230769230769232,0.0,0.4186460919016805,0.15976331360946747,1.826236263736264,1.3164556962025316,0.0,0.5563944283915235,0.0,0.5162721893491125,1.9659574468085106,0,3.0,0.4230769230769231,0.0,turkiye,5.459585514144159
4.878048780487805,0.42092161852768045,0.14634146341463414,0.690936863975284,0.49149085619769356,41,0.27840571088637717,0.904901291917074,5,creation,0.8543064259312945,0.5666666666666667,1.4591011788083785,200,atn_nestedbm,0.2682926829268293,0.5853658536585366,0.8286734086853064,5.868381262637813,0.12195121951219512,0.008295862204530935,0.4472481013906385,0.1189767995240928,2.0736224028906958,1.4082840236686391,0.004759071980963712,1.2476237413579465,0.0,0.36109458655562165,1.9423423423423423,0,3.0,0.6097560975609756,0.0,turkiye,6.318968113746434
8.292682926829269,0.0,0.7560975609756098,0.7276597792411363,0.47586194984565655,41,0.36644854253420583,0.942432597448504,5,creation,0.81848026156752,1.1818181818181819,1.162674439046061,340,metaweb,0.1951219512195122,0.04878048780487805,1.5609756097560976,0.5243944684156643,0.6097560975609756,0.19850029108996112,0.38203700564425963,0.20226055919095776,2.0291864961332537,1.2237762237762237,0.19571683521713265,0.8832524826440544,0.17073170731707318,0.7691850089232599,1.0,3,2.0,0.17073170731707318,0.17073170731707318,turkiye,2.772588722239781
3.4390243902439024,0.6546536707079771,0.3902439024390244,0.6066400682661295,0.4199457994579944,41,0.09518143961927424,0.5655775318257384,5,creation,0.9249260546062971,0.7272727272727273,1.568662223671253,141,down_niche_empiricalbm,0.1951219512195122,0.4146341463414634,0.4449732302201071,1.7098145383700634,0.6097560975609756,0.027680991095625242,0.10762864093670324,0.08387864366448543,2.0089430894308946,1.2419354838709677,0.003569303985722784,1.2167596306554627,0.0,0.1505056513979774,2.0,31,3.0,0.1951219512195122,0.0,turkiye,5.2832037287379885
3.5121951219512195,1.0150384378451045,0.6585365853658537,1.4022706041353867,0.9265198116601073,41,0.10886377156454491,0.6733687721492599,5,creation,0.8951522193869154,1.4285714285714286,0.726242483121253,144,niche,0.3170731707317073,0.024390243902439025,0.12611540749553837,3.242156741640622,0.2682926829268293,0.35431434662203887,0.6955321582565701,0.08566329565734682,2.139250687772029,1.7066666666666668,0.055324211778703156,1.2811728371826214,0.07317073170731707,0.321832242712671,3.3636363636363638,0,3.0,0.34146341463414637,0.07317073170731707,turkiye,5.0369526024136295
3.4390243902439024,0.6546536707079771,0.3902439024390244,0.6066400682661295,0.4199457994579944,41,0.09518143961927424,0.5655775318257384,5,creation,0.9249260546062971,0.7272727272727273,1.568662223671253,141,down_niche_nestedbm,0.1951219512195122,0.4146341463414634,0.4449732302201071,1.7098145383700634,0.6097560975609756,0.027680991095625242,0.10762864093670324,0.08387864366448543,2.0089430894308946,1.2419354838709677,0.003569303985722784,1.2167596306554627,0.0,0.1505056513979774,2.0,31,3.0,0.1951219512195122,0.0,turkiye,5.2832037287379885
3.4390243902439024,0.6546536707079771,0.3902439024390244,0.6066400682661295,0.4199457994579944,41,0.09518143961927424,0.5655775318257384,5,creation,0.9249260546062971,0.7272727272727273,1.568662223671253,141,down_niche,0.1951219512195122,0.4146341463414634,0.4449732302201071,1.7098145383700634,0.6097560975609756,0.027680991095625242,0.10762864093670324,0.08387864366448543,2.0089430894308946,1.2419354838709677,0.003569303985722784,1.2167596306554627,0.0,0.1505056513979774,2.0,31,3.0,0.1951219512195122,0.0,turkiye,5.2832037287379885
8.292682926829269,0.0,0.7560975609756098,0.7276597792411363,0.47586194984565655,41,0.36644854253420583,0.942432597448504,5,creation,0.81848026156752,1.1818181818181819,1.162674439046061,340,metaweb_nestedbm,0.1951219512195122,0.04878048780487805,1.5609756097560976,0.5243944684156643,0.6097560975609756,0.19850029108996112,0.38203700564425963,0.20226055919095776,2.0291864961332537,1.2237762237762237,0.19571683521713265,0.8832524826440544,0.17073170731707318,0.7691850089232599,1.0,3,2.0,0.17073170731707318,0.17073170731707318,turkiye,2.772588722239781
4.878048780487805,0.42092161852768045,0.14634146341463414,0.690936863975284,0.49149085619769356,41,0.27840571088637717,0.904901291917074,5,creation,0.8543064259312945,0.5666666666666667,1.4591011788083785,200,atn_empiricalbm,0.2682926829268293,0.5853658536585366,0.8286734086853064,5.868381262637813,0.12195121951219512,0.008295862204530935,0.4472481013906385,0.1189767995240928,2.0736224028906958,1.4082840236686391,0.004759071980963712,1.2476237413579465,0.0,0.36109458655562165,1.9423423423423423,0,3.0,0.6097560975609756,0.0,turkiye,6.318968113746434
8.292682926829269,0.0,0.7560975609756098,0.7276597792411363,0.47586194984565655,41,0.36644854253420583,0.942432597448504,5,creation,0.81848026156752,1.1818181818181819,1.162674439046061,340,metaweb_empiricalbm,0.1951219512195122,0.04878048780487805,1.5609756097560976,0.5243944684156643,0.6097560975609756,0.19850029108996112,0.38203700564425963,0.20226055919095776,2.0291864961332537,1.2237762237762237,0.19571683521713265,0.8832524826440544,0.17073170731707318,0.7691850089232599,1.0,3,2.0,0.17073170731707318,0.17073170731707318,turkiye,2.772588722239781
4.878048780487805,0.42092161852768045,0.14634146341463414,0.690936863975284,0.49149085619769356,41,0.27840571088637717,0.904901291917074,5,creation,0.8543064259312945,0.5666666666666667,1.4591011788083785,200,atn,0.2682926829268293,0.5853658536585366,0.8286734086853064,5.868381262637813,0.12195121951219512,0.008295862204530935,0.4472481013906385,0.1189767995240928,2.0736224028906958,1.4082840236686391,0.004759071980963712,1.2476237413579465,0.0,0.36109458655562165,1.9423423423423423,0,3.0,0.6097560975609756,0.0,turkiye,6.318968113746434
0.6666666666666666,0.0,0.0,1.7320508075688776,0.3333333333333333,3,0.0,0.6666666666666666,5,burnin,NaN,2.0,0.8660254037844388,2,atn_nestedbm,0.6666666666666666,0.3333333333333333,0.0,2.0,0.3333333333333333,0.0,0.0,0.2222222222222222,1.3333333333333333,1.0,0.0,0.8660254037844388,0.0,0.1111111111111111,1.0,0,2.0,0.0,0.0,turkiye,0.6931471805599453
6.0606060606060606,0.0,0.0,0.574456264653803,0.18939393939393948,33,0.0,1.0,5,burnin,NaN,0.32,1.7951758270431342,200,metaweb,0.24242424242424243,0.7575757575757576,2.203856749311295,0.32,0.7575757575757576,0.0,0.0,0.18365472910927455,1.7575757575757576,1.0,0.0,1.220719562389331,0.0,0.642791551882461,1.0,0,2.0,0.0,0.0,turkiye,5.298317366548036
1.25,0.5,0.125,1.190438094628552,0.5535714285714286,8,0.046875,0.5083333333333333,5,burnin,0.9196822352331241,1.25,0.9319717960171481,10,down_niche_empiricalbm,0.5,0.375,0.09375,1.3333333333333335,0.375,0.0,2.220446049250313e-16,0.15625,1.625,1.2307692307692308,0.0,0.7406560798180412,0.0,0.140625,1.3333333333333333,1,2.0,0.0,0.0,turkiye,2.1972245773362196
3.388888888888889,1.0302244332139254,0.6111111111111112,1.4357190560726731,0.6321292664458633,36,0.1087962962962963,0.6931463195955949,5,burnin,0.8980860660681053,1.5217391304347827,0.6775981466045726,122,niche,0.3611111111111111,0.027777777777777776,0.11805555555555555,2.947205099972916,0.3055555555555556,0.37947134564781626,0.6148731823668563,0.0941358024691358,1.9200240284514014,1.5822222222222222,0.0625,1.2887819969217102,0.08333333333333333,0.3487654320987654,3.358108108108108,0,3.0,0.3055555555555556,0.08333333333333333,turkiye,4.997212273764115
0.6666666666666666,0.0,0.0,1.7320508075688776,0.3333333333333333,3,0.0,0.6666666666666666,5,burnin,NaN,2.0,0.8660254037844388,2,down_niche_nestedbm,0.6666666666666666,0.3333333333333333,0.0,2.0,0.3333333333333333,0.0,0.0,0.2222222222222222,1.3333333333333333,1.0,0.0,0.8660254037844388,0.0,0.1111111111111111,1.0,0,2.0,0.0,0.0,turkiye,0.6931471805599453
2.857142857142857,0.775990008844934,0.21428571428571427,0.717376909044074,0.342169312169312,28,0.03826530612244898,0.6714594928880643,5,burnin,0.8916877545563261,0.7,1.5321855607571142,80,down_niche,0.2857142857142857,0.5,0.42091836734693877,1.6344086021505375,0.6428571428571429,0.03265306122448979,0.09999999999999996,0.10204081632653061,1.792857142857143,1.0909090909090908,0.003826530612244898,1.042877074535917,0.0,0.16326530612244897,1.5308641975308641,12,2.0,0.07142857142857142,0.0,turkiye,4.394449154672439
1.5,0.0,0.0,1.0954451150103324,0.2999999999999999,6,0.0,1.0,5,burnin,NaN,1.0,1.0954451150103324,9,atn_empiricalbm,0.5,0.5,0.25,1.0,0.5,0.0,2.220446049250313e-16,0.25,1.5,1.0,0.0,0.0,0.0,0.25,1.0,0,2.0,0.0,0.0,turkiye,2.1972245773362196
0.8888888888888888,0.0,0.0,3.000000000000001,0.11111111111111112,9,0.0,0.8888888888888888,5,burnin,NaN,8.0,0.3750000000000001,8,metaweb_empiricalbm,0.8888888888888888,0.1111111111111111,0.0,8.0,0.1111111111111111,0.0,0.0,0.09876543209876543,1.1111111111111112,1.0,0.0,2.6250000000000004,0.0,0.345679012345679,1.0,0,2.0,0.0,0.0,turkiye,2.0794415416798357
3.9642857142857144,0.46690654595206266,0.25,0.8505446071967856,0.4537969222897208,28,0.22448979591836735,0.9207173778602351,5,burnin,0.877287215710213,0.9444444444444444,1.010134507416921,111,atn,0.35714285714285715,0.39285714285714285,0.48596938775510207,4.839706028404012,0.17857142857142858,0.0,0.42052765685129856,0.14158163265306123,1.8432539682539684,1.3353293413173652,0.0,0.7066017781322422,0.0,0.40561224489795916,1.8796296296296295,0,3.0,0.4642857142857143,0.0,turkiye,5.375278407684165
6.073170731707317,0.6682572409138793,0.1951219512195122,0.6569758229799093,0.5571079581711849,41,0.37953599048185604,0.914664149918657,6,creation,0.8253650041173253,0.5806451612903226,1.376348345730125,249,atn_nestedbm,0.24390243902439024,0.5609756097560976,1.1046995835812017,6.786194194013394,0.04878048780487805,0.1868434712611576,0.5802022451710416,0.14812611540749554,2.2280201477610015,1.369620253164557,0.1023200475907198,1.1721803917729223,0.0,0.462819750148721,2.530763528539659,0,3.0,0.7073170731707317,0.0,turkiye,7.207118856207756
8.292682926829269,0.0,0.7560975609756098,0.7276597792411363,0.47586194984565655,41,0.36644854253420583,0.942432597448504,6,creation,0.81848026156752,1.1818181818181819,1.162674439046061,340,metaweb,0.1951219512195122,0.04878048780487805,1.5609756097560976,0.5243944684156643,0.6097560975609756,0.19850029108996112,0.38203700564425963,0.20226055919095776,2.0291864961332537,1.2237762237762237,0.19571683521713265,0.8832524826440544,0.17073170731707318,0.7691850089232599,1.0,3,2.0,0.17073170731707318,0.17073170731707318,turkiye,2.772588722239781
6.097560975609756,0.0,0.7073170731707317,0.6242832690373817,0.4759220422112388,41,0.23854848304580606,0.7165118621216182,6,creation,0.8901120282545301,1.121212121212121,1.3026416237783898,250,down_niche_empiricalbm,0.1951219512195122,0.0975609756097561,1.0434265318262939,0.9299170413821031,0.6097560975609756,0.11754709692611261,0.32362604443350684,0.148720999405116,2.0305197476897185,1.388732394366197,0.0594883997620464,0.9476623871400617,0.0975609756097561,0.421772754312909,1.0,40,3.0,0.1951219512195122,0.14634146341463414,turkiye,3.2188758248682006
6.682926829268292,0.7238844713704975,0.8048780487804879,0.9317343841735046,1.9990231817525212,41,0.3914336704342653,0.6508050600446995,6,creation,0.866510270288376,1.1764705882352942,0.6263607383304113,274,niche,0.17073170731707318,0.024390243902439025,0.2682926829268293,6.244528986423618,0.0975609756097561,0.46405795237593167,1.173528986962914,0.16299821534800712,3.446850666572256,1.5923217550274222,0.2843545508625818,0.925987282950386,0.1951219512195122,0.5074360499702558,5.536973344797937,0,3.0,0.7073170731707317,0.2682926829268293,turkiye,7.75190533307861
6.097560975609756,0.0,0.7073170731707317,0.6242832690373817,0.4759220422112388,41,0.23854848304580606,0.7165118621216182,6,creation,0.8901120282545301,1.121212121212121,1.3026416237783898,250,down_niche_nestedbm,0.1951219512195122,0.0975609756097561,1.0434265318262939,0.9299170413821031,0.6097560975609756,0.11754709692611261,0.32362604443350684,0.148720999405116,2.0305197476897185,1.388732394366197,0.0594883997620464,0.9476623871400617,0.0975609756097561,0.421772754312909,1.0,40,3.0,0.1951219512195122,0.14634146341463414,turkiye,3.2188758248682006
6.097560975609756,0.0,0.7073170731707317,0.6242832690373817,0.4759220422112388,41,0.23854848304580606,0.7165118621216182,6,creation,0.8901120282545301,1.121212121212121,1.3026416237783898,250,down_niche,0.1951219512195122,0.0975609756097561,1.0434265318262939,0.9299170413821031,0.6097560975609756,0.11754709692611261,0.32362604443350684,0.148720999405116,2.0305197476897185,1.388732394366197,0.0594883997620464,0.9476623871400617,0.0975609756097561,0.421772754312909,1.0,40,3.0,0.1951219512195122,0.14634146341463414,turkiye,3.2188758248682006
8.292682926829269,0.0,0.7560975609756098,0.7276597792411363,0.47586194984565655,41,0.36644854253420583,0.942432597448504,6,creation,0.81848026156752,1.1818181818181819,1.162674439046061,340,metaweb_nestedbm,0.1951219512195122,0.04878048780487805,1.5609756097560976,0.5243944684156643,0.6097560975609756,0.19850029108996112,0.38203700564425963,0.20226055919095776,2.0291864961332537,1.2237762237762237,0.19571683521713265,0.8832524826440544,0.17073170731707318,0.7691850089232599,1.0,3,2.0,0.17073170731707318,0.17073170731707318,turkiye,2.772588722239781
6.073170731707317,0.6682572409138793,0.1951219512195122,0.6569758229799093,0.5571079581711849,41,0.37953599048185604,0.914664149918657,6,creation,0.8253650041173253,0.5806451612903226,1.376348345730125,249,atn_empiricalbm,0.24390243902439024,0.5609756097560976,1.1046995835812017,6.786194194013394,0.04878048780487805,0.1868434712611576,0.5802022451710416,0.14812611540749554,2.2280201477610015,1.369620253164557,0.1023200475907198,1.1721803917729223,0.0,0.462819750148721,2.530763528539659,0,3.0,0.7073170731707317,0.0,turkiye,7.207118856207756
8.292682926829269,0.0,0.7560975609756098,0.7276597792411363,0.47586194984565655,41,0.36644854253420583,0.942432597448504,6,creation,0.81848026156752,1.1818181818181819,1.162674439046061,340,metaweb_empiricalbm,0.1951219512195122,0.04878048780487805,1.5609756097560976,0.5243944684156643,0.6097560975609756,0.19850029108996112,0.38203700564425963,0.20226055919095776,2.0291864961332537,1.2237762237762237,0.19571683521713265,0.8832524826440544,0.17073170731707318,0.7691850089232599,1.0,3,2.0,0.17073170731707318,0.17073170731707318,turkiye,2.772588722239781
6.073170731707317,0.6682572409138793,0.1951219512195122,0.6569758229799093,0.5571079581711849,41,0.37953599048185604,0.914664149918657,6,creation,0.8253650041173253,0.5806451612903226,1.376348345730125,249,atn,0.24390243902439024,0.5609756097560976,1.1046995835812017,6.786194194013394,0.04878048780487805,0.1868434712611576,0.5802022451710416,0.14812611540749554,2.2280201477610015,1.369620253164557,0.1023200475907198,1.1721803917729223,0.0,0.462819750148721,2.530763528539659,0,3.0,0.7073170731707317,0.0,turkiye,7.207118856207756
0.8,0.0,0.0,2.23606797749979,0.2,5,0.0,0.8,6,burnin,NaN,4.0,0.5590169943749473,4,atn_nestedbm,0.8,0.2,0.0,4.0,0.2,0.0,0.0,0.16,1.2,1.0,0.0,1.6770509831248421,0.0,0.24,1.0,0,2.0,0.0,0.0,turkiye,1.3862943611198906
6.0606060606060606,0.0,0.0,0.574456264653803,0.18939393939393948,33,0.0,1.0,6,burnin,NaN,0.32,1.7951758270431342,200,metaweb,0.24242424242424243,0.7575757575757576,2.203856749311295,0.32,0.7575757575757576,0.0,0.0,0.18365472910927455,1.7575757575757576,1.0,0.0,1.220719562389331,0.0,0.642791551882461,1.0,0,2.0,0.0,0.0,turkiye,5.298317366548036
1.3333333333333333,0.0,0.0,1.984313483298443,0.1944444444444446,9,0.0,0.8253968253968255,6,burnin,0.7808981394110311,3.5,0.649519052838329,12,down_niche_empiricalbm,0.7777777777777778,0.2222222222222222,0.06172839506172839,3.5,0.2222222222222222,0.0,4.440892098500626e-16,0.14814814814814814,1.2222222222222223,1.0,0.0,1.4523687548277813,0.0,0.37037037037037035,1.0,0,2.0,0.0,0.0,turkiye,2.4849066497880004
3.4615384615384617,NaN,0.7307692307692307,0.9180333246593967,1.4374370119303814,26,0.1301775147928994,0.5752275502275501,6,burnin,0.9006863452030516,1.368421052631579,0.5848456586523014,90,niche,0.2692307692307692,0.0,0.07100591715976332,3.9984566906234007,0.15384615384615385,0.4643578643578644,0.8922450238638573,0.13313609467455623,2.556771967976844,1.8704663212435233,0.07544378698224852,0.9596758712074499,0.2692307692307692,0.13313609467455623,NaN,0,2.0,0.5769230769230769,0.34615384615384615,turkiye,0.0
5.0285714285714285,0.4822314483848194,0.45714285714285713,0.5757269743368776,0.26386554621848735,35,0.08326530612244898,0.8090770975056689,6,burnin,0.848802755773138,0.8888888888888888,1.7171271396602814,176,down_niche,0.22857142857142856,0.3142857142857143,1.3240816326530611,0.7257968602849786,0.7142857142857143,0.0,4.1910000110727263e-16,0.1436734693877551,1.8285714285714285,1.0833333333333333,0.0,1.207660593267762,0.0,0.4057142857142857,1.6375,10,3.0,0.05714285714285714,0.0,turkiye,5.075173815233827
2.1,0.0,0.0,0.6900655593423541,0.23333333333333325,10,0.0,1.0,6,burnin,NaN,0.42857142857142855,1.6101529717988263,21,atn_empiricalbm,0.3,0.7,0.63,0.42857142857142855,0.7,0.0,2.220446049250313e-16,0.21,1.7,1.0,0.0,0.9200874124564722,0.0,0.21,1.0,0,2.0,0.0,0.0,turkiye,3.044522437723423
0.8888888888888888,0.0,0.0,3.000000000000001,0.11111111111111112,9,0.0,0.8888888888888888,6,burnin,NaN,8.0,0.3750000000000001,8,metaweb_empiricalbm,0.8888888888888888,0.1111111111111111,0.0,8.0,0.1111111111111111,0.0,0.0,0.09876543209876543,1.1111111111111112,1.0,0.0,2.6250000000000004,0.0,0.345679012345679,1.0,0,2.0,0.0,0.0,turkiye,2.0794415416798357
4.888888888888889,0.6724106063199199,0.25925925925925924,0.8129201441957019,0.5386634664846471,27,0.3100137174211248,0.9141298759719813,6,burnin,0.837516735230289,0.8888888888888888,1.0357561708810226,132,atn,0.3333333333333333,0.4074074074074074,0.6831275720164609,5.559049321695237,0.07407407407407407,0.215669816048213,0.5421717851694594,0.18106995884773663,1.9799382716049385,1.2903225806451613,0.1262002743484225,0.8247117048147715,0.0,0.5075445816186557,2.356521739130435,0,3.0,0.5925925925925926,0.0,turkiye,6.131226489483141
4.7317073170731705,0.5207711730606224,0.14634146341463414,0.6531479077461202,0.46572023118190325,41,0.2248661511005354,0.9207955413099338,7,creation,0.810168271600543,0.5666666666666667,1.7247383396656053,194,atn_nestedbm,0.2682926829268293,0.5853658536585366,0.9886972040452112,6.717002165711154,0.07317073170731707,0.046632653370284556,0.4903753751048737,0.11540749553837001,2.071622144792876,1.4294117647058824,0.01903628792385485,1.5056395737665904,0.0,0.30993456276026177,1.9840637450199203,0,3.0,0.6585365853658537,0.0,turkiye,6.218600119691729
8.292682926829269,0.0,0.7560975609756098,0.7276597792411363,0.47586194984565655,41,0.36644854253420583,0.942432597448504,7,creation,0.81848026156752,1.1818181818181819,1.162674439046061,340,metaweb,0.1951219512195122,0.04878048780487805,1.5609756097560976,0.5243944684156643,0.6097560975609756,0.19850029108996112,0.38203700564425963,0.20226055919095776,2.0291864961332537,1.2237762237762237,0.19571683521713265,0.8832524826440544,0.17073170731707318,0.7691850089232599,1.0,3,2.0,0.17073170731707318,0.17073170731707318,turkiye,2.772588722239781
4.682926829268292,1.1561776946691837,0.6097560975609756,0.665823848753891,0.5023115463008165,41,0.17132659131469363,0.6724364697448592,7,creation,0.9092943380299832,1.0,1.4415557407048218,192,down_niche_empiricalbm,0.1951219512195122,0.1951219512195122,0.7204045211183819,1.4815413353167832,0.6097560975609756,0.058986053418715136,0.2236153590479181,0.11421772754312909,2.0353773289657613,1.3357933579335792,0.024985127900059488,1.143604603311511,0.024390243902439025,0.27959547888161806,3.871609403254973,28,3.0,0.1951219512195122,0.04878048780487805,turkiye,6.315358001522335
4.2926829268292686,NaN,0.7560975609756098,1.3159807250089346,1.742956887949561,41,0.21534800713860797,0.6209783505706125,7,creation,0.8968166418244128,1.3225806451612903,0.4488348667419965,176,niche,0.24390243902439024,0.0,0.09815585960737656,7.952563996078678,0.0975609756097561,0.3813750066439695,1.0030678606097467,0.10469958358120167,2.878038803844304,1.765375854214123,0.09339678762641285,1.2589221867589946,0.12195121951219512,0.388459250446163,NaN,0,3.0,0.5853658536585366,0.14634146341463414,turkiye,0.0
4.682926829268292,1.1561776946691837,0.6097560975609756,0.665823848753891,0.5023115463008165,41,0.17132659131469363,0.6724364697448592,7,creation,0.9092943380299832,1.0,1.4415557407048218,192,down_niche_nestedbm,0.1951219512195122,0.1951219512195122,0.7204045211183819,1.4815413353167832,0.6097560975609756,0.058986053418715136,0.2236153590479181,0.11421772754312909,2.0353773289657613,1.3357933579335792,0.024985127900059488,1.143604603311511,0.024390243902439025,0.27959547888161806,3.871609403254973,30,3.0,0.1951219512195122,0.04878048780487805,turkiye,6.315358001522335
4.682926829268292,1.1561776946691837,0.6097560975609756,0.665823848753891,0.5023115463008165,41,0.17132659131469363,0.6724364697448592,7,creation,0.9092943380299832,1.0,1.4415557407048218,192,down_niche,0.1951219512195122,0.1951219512195122,0.7204045211183819,1.4815413353167832,0.6097560975609756,0.058986053418715136,0.2236153590479181,0.11421772754312909,2.0353773289657613,1.3357933579335792,0.024985127900059488,1.143604603311511,0.024390243902439025,0.27959547888161806,3.871609403254973,29,3.0,0.1951219512195122,0.04878048780487805,turkiye,6.315358001522335
8.292682926829269,0.0,0.7560975609756098,0.7276597792411363,0.47586194984565655,41,0.36644854253420583,0.942432597448504,7,creation,0.81848026156752,1.1818181818181819,1.162674439046061,340,metaweb_nestedbm,0.1951219512195122,0.04878048780487805,1.5609756097560976,0.5243944684156643,0.6097560975609756,0.19850029108996112,0.38203700564425963,0.20226055919095776,2.0291864961332537,1.2237762237762237,0.19571683521713265,0.8832524826440544,0.17073170731707318,0.7691850089232599,1.0,3,2.0,0.17073170731707318,0.17073170731707318,turkiye,2.772588722239781
4.7317073170731705,0.5207711730606224,0.14634146341463414,0.6531479077461202,0.46572023118190325,41,0.2248661511005354,0.9207955413099338,7,creation,0.810168271600543,0.5666666666666667,1.7247383396656053,194,atn_empiricalbm,0.2682926829268293,0.5853658536585366,0.9886972040452112,6.717002165711154,0.07317073170731707,0.046632653370284556,0.4903753751048737,0.11540749553837001,2.071622144792876,1.4294117647058824,0.01903628792385485,1.5056395737665904,0.0,0.30993456276026177,1.9840637450199203,0,3.0,0.6585365853658537,0.0,turkiye,6.218600119691729
8.292682926829269,0.0,0.7560975609756098,0.7276597792411363,0.47586194984565655,41,0.36644854253420583,0.942432597448504,7,creation,0.81848026156752,1.1818181818181819,1.162674439046061,340,metaweb_empiricalbm,0.1951219512195122,0.04878048780487805,1.5609756097560976,0.5243944684156643,0.6097560975609756,0.19850029108996112,0.38203700564425963,0.20226055919095776,2.0291864961332537,1.2237762237762237,0.19571683521713265,0.8832524826440544,0.17073170731707318,0.7691850089232599,1.0,3,2.0,0.17073170731707318,0.17073170731707318,turkiye,2.772588722239781
4.7317073170731705,0.5207711730606224,0.14634146341463414,0.6531479077461202,0.46572023118190325,41,0.2248661511005354,0.9207955413099338,7,creation,0.810168271600543,0.5666666666666667,1.7247383396656053,194,atn,0.2682926829268293,0.5853658536585366,0.9886972040452112,6.717002165711154,0.07317073170731707,0.046632653370284556,0.4903753751048737,0.11540749553837001,2.071622144792876,1.4294117647058824,0.01903628792385485,1.5056395737665904,0.0,0.30993456276026177,1.9840637450199203,0,3.0,0.6585365853658537,0.0,turkiye,6.218600119691729
6.0606060606060606,0.0,0.0,0.574456264653803,0.18939393939393948,33,0.0,1.0,7,burnin,NaN,0.32,1.7951758270431342,200,metaweb,0.24242424242424243,0.7575757575757576,2.203856749311295,0.32,0.7575757575757576,0.0,0.0,0.18365472910927455,1.7575757575757576,1.0,0.0,1.220719562389331,0.0,0.642791551882461,1.0,0,2.0,0.0,0.0,turkiye,5.298317366548036
1.0,0.0,0.0,1.7320508075688772,0.23809523809523805,7,0.0,0.7571428571428572,7,burnin,0.9220357047453158,2.5,0.816496580927726,7,down_niche_empiricalbm,0.7142857142857143,0.2857142857142857,0.04081632653061224,3.0,0.2857142857142857,0.0,1.4536231567507431e-16,0.14285714285714285,1.2857142857142858,1.0,0.0,1.1547005383792515,0.0,0.1836734693877551,1.0,0,2.0,0.0,0.0,turkiye,1.9459101490553132
3.7941176470588234,NaN,0.7058823529411765,1.223876627232193,1.3936696419153185,34,0.20242214532871972,0.5833573087745924,7,burnin,0.8865119116355893,1.4166666666666667,0.4143503529054194,129,niche,0.29411764705882354,0.0,0.09083044982698962,6.861589677526389,0.11764705882352941,0.39254777808113017,0.9168665508098255,0.1115916955017301,2.52450659979342,1.6643598615916955,0.07612456747404844,1.146456409882126,0.14705882352941177,0.314878892733564,NaN,0,3.0,0.5588235294117647,0.17647058823529413,turkiye,0.0
0.75,0.0,0.0,2.0,0.2499999999999999,4,0.0,0.75,7,burnin,NaN,3.0,0.6666666666666666,3,down_niche_nestedbm,0.75,0.25,0.0,3.0,0.25,0.0,2.220446049250313e-16,0.1875,1.25,1.0,0.0,1.3333333333333333,0.0,0.1875,1.0,0,2.0,0.0,0.0,turkiye,1.0986122886681098
3.25,0.5027311947224927,0.25,0.8128122482866227,0.3695652173913043,24,0.06597222222222222,0.6938721001221001,7,burnin,0.879423556634581,0.875,1.352659863359184,78,down_niche,0.3333333333333333,0.4166666666666667,0.5381944444444444,1.6225198208930698,0.5833333333333334,0.0,3.537736800466058e-16,0.13541666666666666,1.75,1.1702127659574468,0.0,0.846305854391155,0.0,0.2916666666666667,1.5277777777777777,8,2.0,0.08333333333333333,0.0,turkiye,4.276666119016055
0.8888888888888888,0.0,0.0,3.000000000000001,0.11111111111111112,9,0.0,0.8888888888888888,7,burnin,NaN,8.0,0.3750000000000001,8,metaweb_nestedbm,0.8888888888888888,0.1111111111111111,0.0,8.0,0.1111111111111111,0.0,0.0,0.09876543209876543,1.1111111111111112,1.0,0.0,2.6250000000000004,0.0,0.345679012345679,1.0,0,2.0,0.0,0.0,turkiye,2.0794415416798357
1.2,0.0,0.0,1.3693063937629153,0.2999999999999999,5,0.0,1.0,7,burnin,NaN,1.5,0.912870929175277,6,atn_empiricalbm,0.6,0.4,0.12,1.5,0.4,0.0,2.220446049250313e-16,0.24,1.4,1.0,0.0,0.4564354645876384,0.0,0.24,1.0,0,2.0,0.0,0.0,turkiye,1.791759469228055
0.8888888888888888,0.0,0.0,3.000000000000001,0.11111111111111112,9,0.0,0.8888888888888888,7,burnin,NaN,8.0,0.3750000000000001,8,metaweb_empiricalbm,0.8888888888888888,0.1111111111111111,0.0,8.0,0.1111111111111111,0.0,0.0,0.09876543209876543,1.1111111111111112,1.0,0.0,2.6250000000000004,0.0,0.345679012345679,1.0,0,2.0,0.0,0.0,turkiye,2.0794415416798357
3.5384615384615383,0.4985389396705123,0.19230769230769232,0.8468109865140552,0.46021629164486294,26,0.1863905325443787,0.908692212764611,7,burnin,0.8485375215901716,0.9375,1.1589872379665689,92,atn,0.38461538461538464,0.4230769230769231,0.48372781065088755,5.68417224065433,0.11538461538461539,0.0,0.4473678868950953,0.13609467455621302,1.8168498168498166,1.3866666666666667,0.0,0.8862315878037591,0.0,0.33875739644970415,1.8170731707317074,0,3.0,0.5,0.0,turkiye,5.099866427824199
5.7560975609756095,0.46579853987906294,0.17073170731707318,0.6968458352243487,0.515757394451307,41,0.36644854253420583,0.934808873044167,8,creation,0.8083200509841885,0.6,1.342205746850062,236,atn_nestedbm,0.2682926829268293,0.5609756097560976,1.0226055919095776,6.657152358817656,0.0975609756097561,0.035311554487251075,0.46984557573156527,0.1403926234384295,2.101974448315912,1.3789473684210527,0.021415823914336704,1.1050039938781406,0.0,0.5038667459845331,2.0341207349081363,0,3.0,0.6341463414634146,0.0,turkiye,6.635946555686647
8.292682926829269,0.0,0.7560975609756098,0.7276597792411363,0.47586194984565655,41,0.36644854253420583,0.942432597448504,8,creation,0.81848026156752,1.1818181818181819,1.162674439046061,340,metaweb,0.1951219512195122,0.04878048780487805,1.5609756097560976,0.5243944684156643,0.6097560975609756,0.19850029108996112,0.38203700564425963,0.20226055919095776,2.0291864961332537,1.2237762237762237,0.19571683521713265,0.8832524826440544,0.17073170731707318,0.7691850089232599,1.0,3,2.0,0.17073170731707318,0.17073170731707318,turkiye,2.772588722239781
5.853658536585366,0.7226066560053516,0.7073170731707317,0.6500213671701706,0.46093682552361165,41,0.2778108268887567,0.7524533319885581,8,creation,0.8845123887743952,1.121212121212121,1.236956600671359,240,down_niche_empiricalbm,0.1951219512195122,0.0975609756097561,0.91017251635931,3.3195405187483793,0.6097560975609756,0.08864572795082432,0.26375907545988514,0.14277215942891136,2.0263201483475872,1.290519877675841,0.05591909577632362,0.8867534027125142,0.0975609756097561,0.43842950624628196,2.2626262626262625,28,2.0,0.1951219512195122,0.0975609756097561,turkiye,4.59511985013459
5.829268292682927,NaN,0.8292682926829268,1.060898855306577,2.190457943862768,41,0.24687685901249257,0.6351794089060947,8,creation,0.871015680320933,1.2058823529411764,0.5636373082784228,239,niche,0.17073170731707318,0.0,0.1552647233789411,8.99896349873663,0.024390243902439025,0.5534014708598328,1.2108631835891428,0.1421772754312909,3.689348852661104,1.8506944444444444,0.25223081499107675,0.9682197319898005,0.1951219512195122,0.455086258179655,NaN,0,3.0,0.6341463414634146,0.2682926829268293,turkiye,0.0
5.853658536585366,0.7226066560053516,0.7073170731707317,0.6500213671701706,0.46093682552361165,41,0.2778108268887567,0.7524533319885581,8,creation,0.8845123887743952,1.121212121212121,1.236956600671359,240,down_niche_nestedbm,0.1951219512195122,0.0975609756097561,0.91017251635931,3.3195405187483793,0.6097560975609756,0.08864572795082432,0.26375907545988514,0.14277215942891136,2.0263201483475872,1.290519877675841,0.05591909577632362,0.8867534027125142,0.0975609756097561,0.43842950624628196,2.2626262626262625,27,2.0,0.1951219512195122,0.0975609756097561,turkiye,4.59511985013459
5.853658536585366,0.7226066560053516,0.7073170731707317,0.6500213671701706,0.46093682552361165,41,0.2778108268887567,0.7524533319885581,8,creation,0.8845123887743952,1.121212121212121,1.236956600671359,240,down_niche,0.1951219512195122,0.0975609756097561,0.91017251635931,3.3195405187483793,0.6097560975609756,0.08864572795082432,0.26375907545988514,0.14277215942891136,2.0263201483475872,1.290519877675841,0.05591909577632362,0.8867534027125142,0.0975609756097561,0.43842950624628196,2.2626262626262625,28,2.0,0.1951219512195122,0.0975609756097561,turkiye,4.59511985013459
8.292682926829269,0.0,0.7560975609756098,0.7276597792411363,0.47586194984565655,41,0.36644854253420583,0.942432597448504,8,creation,0.81848026156752,1.1818181818181819,1.162674439046061,340,metaweb_nestedbm,0.1951219512195122,0.04878048780487805,1.5609756097560976,0.5243944684156643,0.6097560975609756,0.19850029108996112,0.38203700564425963,0.20226055919095776,2.0291864961332537,1.2237762237762237,0.19571683521713265,0.8832524826440544,0.17073170731707318,0.7691850089232599,1.0,3,2.0,0.17073170731707318,0.17073170731707318,turkiye,2.772588722239781
5.7560975609756095,0.46579853987906294,0.17073170731707318,0.6968458352243487,0.515757394451307,41,0.36644854253420583,0.934808873044167,8,creation,0.8083200509841885,0.6,1.342205746850062,236,atn_empiricalbm,0.2682926829268293,0.5609756097560976,1.0226055919095776,6.657152358817656,0.0975609756097561,0.035311554487251075,0.46984557573156527,0.1403926234384295,2.101974448315912,1.3789473684210527,0.021415823914336704,1.1050039938781406,0.0,0.5038667459845331,2.0341207349081363,0,3.0,0.6341463414634146,0.0,turkiye,6.635946555686647
8.292682926829269,0.0,0.7560975609756098,0.7276597792411363,0.47586194984565655,41,0.36644854253420583,0.942432597448504,8,creation,0.81848026156752,1.1818181818181819,1.162674439046061,340,metaweb_empiricalbm,0.1951219512195122,0.04878048780487805,1.5609756097560976,0.5243944684156643,0.6097560975609756,0.19850029108996112,0.38203700564425963,0.20226055919095776,2.0291864961332537,1.2237762237762237,0.19571683521713265,0.8832524826440544,0.17073170731707318,0.7691850089232599,1.0,3,2.0,0.17073170731707318,0.17073170731707318,turkiye,2.772588722239781
5.7560975609756095,0.46579853987906294,0.17073170731707318,0.6968458352243487,0.515757394451307,41,0.36644854253420583,0.934808873044167,8,creation,0.8083200509841885,0.6,1.342205746850062,236,atn,0.2682926829268293,0.5609756097560976,1.0226055919095776,6.657152358817656,0.0975609756097561,0.035311554487251075,0.46984557573156527,0.1403926234384295,2.101974448315912,1.3789473684210527,0.021415823914336704,1.1050039938781406,0.0,0.5038667459845331,2.0341207349081363,0,3.0,0.6341463414634146,0.0,turkiye,6.635946555686647
0.8888888888888888,0.48795003647426666,0.1111111111111111,2.2810359488618324,0.22993827160493832,9,0.024691358024691357,0.8148148148148148,8,burnin,0.9475713327707453,4.0,0.3750000000000001,8,atn_nestedbm,0.7777777777777778,0.1111111111111111,0.0,5.75,0.1111111111111111,0.0,0.3227486121839514,0.09876543209876543,1.240740740740741,1.0,0.0,1.9304306514350624,0.0,0.19753086419753085,1.2857142857142858,0,2.0,0.1111111111111111,0.0,turkiye,1.9459101490553132
6.0606060606060606,0.0,0.0,0.574456264653803,0.18939393939393948,33,0.0,1.0,8,burnin,NaN,0.32,1.7951758270431342,200,metaweb,0.24242424242424243,0.7575757575757576,2.203856749311295,0.32,0.7575757575757576,0.0,0.0,0.18365472910927455,1.7575757575757576,1.0,0.0,1.220719562389331,0.0,0.642791551882461,1.0,0,2.0,0.0,0.0,turkiye,5.298317366548036
1.1818181818181819,0.0,0.0,1.8851647550933457,0.2181818181818182,11,0.0,0.7651515151515151,8,burnin,0.9173058719387414,2.6666666666666665,0.8306267684118824,13,down_niche_empiricalbm,0.7272727272727273,0.2727272727272727,0.049586776859504134,5.346153846153846,0.2727272727272727,0.0,3.316404900946765e-16,0.10743801652892562,1.2727272727272727,1.0,0.0,1.4296107799847204,0.0,0.21487603305785125,1.0,0,2.0,0.0,0.0,turkiye,2.5649493574615367
2.05,1.0,0.65,1.1681078856153795,1.1953398310591292,20,0.08,0.3887770562770563,8,burnin,0.9300787313015889,1.3571428571428572,0.5589907397901777,41,niche,0.3,0.05,0.025,5.689188815880564,0.05,0.5930335097001763,0.9193886661373746,0.1025,2.4955555555555557,2.0,0.0425,1.1401658139153008,0.2,0.105,3.0,0,4.0,0.4,0.2,turkiye,1.0986122886681098
0.8571428571428571,0.0,0.0,2.6457513110645907,0.142857142857143,7,0.0,0.8571428571428571,8,burnin,NaN,6.0,0.4409585518440985,6,down_niche_nestedbm,0.8571428571428571,0.14285714285714285,0.0,6.0,0.14285714285714285,0.0,4.440892098500626e-16,0.12244897959183673,1.1428571428571428,1.0,0.0,2.204792759220492,0.0,0.30612244897959184,1.0,0,2.0,0.0,0.0,turkiye,1.791759469228055
5.108108108108108,0.7226066560053516,0.6756756756756757,0.6135145684213732,0.33066740209597345,37,0.16070124178232287,0.7582594282594283,8,burnin,0.8823090828480464,1.1379310344827587,1.511331615329801,189,down_niche,0.21621621621621623,0.10810810810810811,1.0672023374726078,3.0015118874349107,0.6756756756756757,0.0,0.12295185226055289,0.13805697589481372,1.8957528957528957,1.1422018348623852,0.0,1.0557658634839988,0.05405405405405406,0.3981008035062089,2.2626262626262625,14,3.0,0.10810810810810811,0.05405405405405406,turkiye,4.59511985013459
1.2,0.0,0.0,1.3693063937629153,0.2999999999999999,5,0.0,1.0,8,burnin,NaN,1.5,0.912870929175277,6,atn_empiricalbm,0.6,0.4,0.12,1.5,0.4,0.0,2.220446049250313e-16,0.24,1.4,1.0,0.0,0.4564354645876384,0.0,0.24,1.0,0,2.0,0.0,0.0,turkiye,1.791759469228055
0.8888888888888888,0.0,0.0,3.000000000000001,0.11111111111111112,9,0.0,0.8888888888888888,8,burnin,NaN,8.0,0.3750000000000001,8,metaweb_empiricalbm,0.8888888888888888,0.1111111111111111,0.0,8.0,0.1111111111111111,0.0,0.0,0.09876543209876543,1.1111111111111112,1.0,0.0,2.6250000000000004,0.0,0.345679012345679,1.0,0,2.0,0.0,0.0,turkiye,2.0794415416798357
5.4,0.4702618616562668,0.22857142857142856,0.736918241813983,0.5110481737668614,35,0.3902040816326531,0.9543277864505484,8,burnin,0.8166159725080079,0.72,1.1185300609714792,189,atn,0.2857142857142857,0.4857142857142857,0.8359183673469388,6.161948119320434,0.11428571428571428,0.01730523444809159,0.46225342453360285,0.15428571428571428,2.0448526077097506,1.3762376237623761,0.009795918367346938,0.8507618298419085,0.0,0.5493877551020409,2.0296684118673647,0,3.0,0.6,0.0,turkiye,6.35088571671474
5.0,0.5139449938617935,0.17073170731707318,0.6971370023173351,0.49010352026989673,41,0.2819750148720999,0.9174029222809711,9,creation,0.8396747524995163,0.6,1.3992855319769444,205,atn_nestedbm,0.2682926829268293,0.5609756097560976,0.816775728732897,6.403139376195319,0.07317073170731707,0.01696066145756548,0.4724281621491467,0.12195121951219512,2.0751967995870437,1.402332361516035,0.009518143961927425,1.1721774609674083,0.0,0.37894110648423557,2.0388513513513513,0,3.0,0.6585365853658537,0.0,turkiye,6.3835066348840055
8.292682926829269,0.0,0.7560975609756098,0.7276597792411363,0.47586194984565655,41,0.36644854253420583,0.942432597448504,9,creation,0.81848026156752,1.1818181818181819,1.162674439046061,340,metaweb,0.1951219512195122,0.04878048780487805,1.5609756097560976,0.5243944684156643,0.6097560975609756,0.19850029108996112,0.38203700564425963,0.20226055919095776,2.0291864961332537,1.2237762237762237,0.19571683521713265,0.8832524826440544,0.17073170731707318,0.7691850089232599,1.0,3,2.0,0.17073170731707318,0.17073170731707318,turkiye,2.772588722239781
4.951219512195122,0.47525988062619345,0.6097560975609756,0.5990581232697284,0.42243715010846233,41,0.1885782272456871,0.682096826821111,9,creation,0.8971638000383797,1.0,1.4765622619687795,203,down_niche_empiricalbm,0.1951219512195122,0.1951219512195122,0.8590124925639501,2.9906107637828248,0.6097560975609756,0.04341991341991342,0.19322725943814384,0.1207614515169542,2.0102593883081687,1.2248062015503876,0.015466983938132063,1.1162430053268877,0.07317073170731707,0.31469363474122547,1.6630434782608696,30,2.0,0.1951219512195122,0.07317073170731707,turkiye,4.5217885770490405
4.951219512195122,1.2537621860819836,0.7073170731707317,1.1415808441595772,1.222493265879519,41,0.2314098750743605,0.6543888891808547,9,creation,0.8821501563940651,1.2580645161290323,0.6667338007240451,203,niche,0.24390243902439024,0.04878048780487805,0.2082093991671624,8.412587809744698,0.07317073170731707,0.45050731776275266,0.8543465537153296,0.1207614515169542,2.60577899940516,1.8191489361702127,0.12790005948839978,1.1106358975253963,0.14634146341463414,0.4164187983343248,3.338709677419355,0,4.0,0.6585365853658537,0.17073170731707318,turkiye,4.127134385045092
4.951219512195122,0.47525988062619345,0.6097560975609756,0.5990581232697284,0.42243715010846233,41,0.1885782272456871,0.682096826821111,9,creation,0.8971638000383797,1.0,1.4765622619687795,203,down_niche_nestedbm,0.1951219512195122,0.1951219512195122,0.8590124925639501,2.9906107637828248,0.6097560975609756,0.04341991341991342,0.19322725943814384,0.1207614515169542,2.0102593883081687,1.2248062015503876,0.015466983938132063,1.1162430053268877,0.07317073170731707,0.31469363474122547,1.6630434782608696,30,2.0,0.1951219512195122,0.07317073170731707,turkiye,4.5217885770490405
4.951219512195122,0.47525988062619345,0.6097560975609756,0.5990581232697284,0.42243715010846233,41,0.1885782272456871,0.682096826821111,9,creation,0.8971638000383797,1.0,1.4765622619687795,203,down_niche,0.1951219512195122,0.1951219512195122,0.8590124925639501,2.9906107637828248,0.6097560975609756,0.04341991341991342,0.19322725943814384,0.1207614515169542,2.0102593883081687,1.2248062015503876,0.015466983938132063,1.1162430053268877,0.07317073170731707,0.31469363474122547,1.6630434782608696,30,2.0,0.1951219512195122,0.07317073170731707,turkiye,4.5217885770490405
8.292682926829269,0.0,0.7560975609756098,0.7276597792411363,0.47586194984565655,41,0.36644854253420583,0.942432597448504,9,creation,0.81848026156752,1.1818181818181819,1.162674439046061,340,metaweb_nestedbm,0.1951219512195122,0.04878048780487805,1.5609756097560976,0.5243944684156643,0.6097560975609756,0.19850029108996112,0.38203700564425963,0.20226055919095776,2.0291864961332537,1.2237762237762237,0.19571683521713265,0.8832524826440544,0.17073170731707318,0.7691850089232599,1.0,3,2.0,0.17073170731707318,0.17073170731707318,turkiye,2.772588722239781
5.0,0.5139449938617935,0.17073170731707318,0.6971370023173351,0.49010352026989673,41,0.2819750148720999,0.9174029222809711,9,creation,0.8396747524995163,0.6,1.3992855319769444,205,atn_empiricalbm,0.2682926829268293,0.5609756097560976,0.816775728732897,6.403139376195319,0.07317073170731707,0.01696066145756548,0.4724281621491467,0.12195121951219512,2.0751967995870437,1.402332361516035,0.009518143961927425,1.1721774609674083,0.0,0.37894110648423557,2.0388513513513513,0,3.0,0.6585365853658537,0.0,turkiye,6.3835066348840055
8.292682926829269,0.0,0.7560975609756098,0.7276597792411363,0.47586194984565655,41,0.36644854253420583,0.942432597448504,9,creation,0.81848026156752,1.1818181818181819,1.162674439046061,340,metaweb_empiricalbm,0.1951219512195122,0.04878048780487805,1.5609756097560976,0.5243944684156643,0.6097560975609756,0.19850029108996112,0.38203700564425963,0.20226055919095776,2.0291864961332537,1.2237762237762237,0.19571683521713265,0.8832524826440544,0.17073170731707318,0.7691850089232599,1.0,3,2.0,0.17073170731707318,0.17073170731707318,turkiye,2.772588722239781
5.0,0.5139449938617935,0.17073170731707318,0.6971370023173351,0.49010352026989673,41,0.2819750148720999,0.9174029222809711,9,creation,0.8396747524995163,0.6,1.3992855319769444,205,atn,0.2682926829268293,0.5609756097560976,0.816775728732897,6.403139376195319,0.07317073170731707,0.01696066145756548,0.4724281621491467,0.12195121951219512,2.0751967995870437,1.402332361516035,0.009518143961927425,1.1721774609674083,0.0,0.37894110648423557,2.0388513513513513,0,3.0,0.6585365853658537,0.0,turkiye,6.3835066348840055
0.8,0.0,0.0,2.23606797749979,0.2,5,0.0,0.8,9,burnin,NaN,4.0,0.5590169943749473,4,atn_nestedbm,0.8,0.2,0.0,4.0,0.2,0.0,0.0,0.16,1.2,1.0,0.0,1.6770509831248421,0.0,0.24,1.0,0,2.0,0.0,0.0,turkiye,1.3862943611198906
6.0606060606060606,0.0,0.0,0.574456264653803,0.18939393939393948,33,0.0,1.0,9,burnin,NaN,0.32,1.7951758270431342,200,metaweb,0.24242424242424243,0.7575757575757576,2.203856749311295,0.32,0.7575757575757576,0.0,0.0,0.18365472910927455,1.7575757575757576,1.0,0.0,1.220719562389331,0.0,0.642791551882461,1.0,0,2.0,0.0,0.0,turkiye,5.298317366548036
1.2222222222222223,0.0,0.0,1.9948280234083353,0.19444444444444448,9,0.0,0.8492063492063492,9,burnin,0.8580327848781134,3.5,0.6818181818181818,11,down_niche_empiricalbm,0.7777777777777778,0.2222222222222222,0.04938271604938271,3.9090909090909087,0.2222222222222222,0.0,3.605312230474616e-16,0.13580246913580246,1.2222222222222223,1.0,0.0,1.4812882488000294,0.0,0.30864197530864196,1.0,0,2.0,0.0,0.0,turkiye,2.3978952727983707
4.871794871794871,1.2059107675200431,0.717948717948718,1.1488363884309203,1.1570605279264516,39,0.23997370151216305,0.6703539338154721,9,burnin,0.8836464633552308,1.3103448275862069,0.6338532458768715,190,niche,0.2564102564102564,0.02564102564102564,0.20118343195266272,8.543130027108491,0.07692307692307693,0.45457811194653297,0.8376552005277734,0.12491781722550953,2.5396574170707655,1.8215102974828374,0.12557527942143326,1.1060958477877794,0.15384615384615385,0.4280078895463511,3.482142857142857,0,4.0,0.6153846153846154,0.1794871794871795,turkiye,4.02535169073515
0.8571428571428571,0.0,0.0,2.6457513110645907,0.142857142857143,7,0.0,0.8571428571428571,9,burnin,NaN,6.0,0.4409585518440985,6,down_niche_nestedbm,0.8571428571428571,0.14285714285714285,0.0,6.0,0.14285714285714285,0.0,4.440892098500626e-16,0.12244897959183673,1.1428571428571428,1.0,0.0,2.204792759220492,0.0,0.30612244897959184,1.0,0,2.0,0.0,0.0,turkiye,1.791759469228055
4.405405405405405,0.48622984431452326,0.43243243243243246,0.5724053871165407,0.3213213213213213,37,0.08692476260043827,0.7203092703092703,9,burnin,0.8769736119660568,0.8275862068965517,1.7748632254737424,163,down_niche,0.21621621621621623,0.35135135135135137,1.0065741417092768,2.7808282326427114,0.6756756756756757,0.0,0.07832604499879574,0.11906501095690285,1.8918918918918919,1.160621761658031,0.0,1.3366483999834744,0.02702702702702703,0.28268809349890434,1.6232876712328768,17,2.0,0.10810810810810811,0.02702702702702703,turkiye,4.983606621708336
1.2,0.0,0.0,1.3693063937629153,0.2999999999999999,5,0.0,1.0,9,burnin,NaN,1.5,0.912870929175277,6,atn_empiricalbm,0.6,0.4,0.12,1.5,0.4,0.0,2.220446049250313e-16,0.24,1.4,1.0,0.0,0.4564354645876384,0.0,0.24,1.0,0,2.0,0.0,0.0,turkiye,1.791759469228055
0.8888888888888888,0.0,0.0,3.000000000000001,0.11111111111111112,9,0.0,0.8888888888888888,9,burnin,NaN,8.0,0.3750000000000001,8,metaweb_empiricalbm,0.8888888888888888,0.1111111111111111,0.0,8.0,0.1111111111111111,0.0,0.0,0.09876543209876543,1.1111111111111112,1.0,0.0,2.6250000000000004,0.0,0.345679012345679,1.0,0,2.0,0.0,0.0,turkiye,2.0794415416798357
4.666666666666667,0.5258494309409184,0.24242424242424243,0.7607645858621711,0.47570432982084226,33,0.29017447199265384,0.9422913343965977,9,burnin,0.8313890377868327,0.782608695652174,1.1220198623146436,154,atn,0.30303030303030304,0.45454545454545453,0.6620752984389348,5.898620122825918,0.09090909090909091,0.0,0.4595555220622907,0.1414141414141414,1.97317620650954,1.384,0.0,0.8258807914176555,0.0,0.4444444444444444,2.015625,0,3.0,0.6060606060606061,0.0,turkiye,5.950642552587727
5.439024390243903,0.6864181888048824,0.17073170731707318,0.6302937446210581,0.527704687690933,41,0.34741225461035097,0.9085510973961477,10,creation,0.8244691334662886,0.5483870967741935,1.4633919559745832,223,atn_nestedbm,0.24390243902439024,0.5853658536585366,0.975609756097561,6.750552150048995,0.04878048780487805,0.17256393585654298,0.577758681910636,0.13265913146936348,2.204619816535467,1.4084880636604775,0.0725758477096966,1.2969347149836492,0.0,0.36168947055324213,2.5111301369863015,0,3.0,0.7073170731707317,0.0,turkiye,7.0630481633881725
8.292682926829269,0.0,0.7560975609756098,0.7276597792411363,0.47586194984565655,41,0.36644854253420583,0.942432597448504,10,creation,0.81848026156752,1.1818181818181819,1.162674439046061,340,metaweb,0.1951219512195122,0.04878048780487805,1.5609756097560976,0.5243944684156643,0.6097560975609756,0.19850029108996112,0.38203700564425963,0.20226055919095776,2.0291864961332537,1.2237762237762237,0.19571683521713265,0.8832524826440544,0.17073170731707318,0.7691850089232599,1.0,3,2.0,0.17073170731707318,0.17073170731707318,turkiye,2.772588722239781
5.463414634146342,1.0596623465427804,0.5365853658536586,0.6688916917890277,0.4077833234610585,41,0.21237358715050564,0.7510320311676565,10,creation,0.8802172922392192,0.9090909090909091,1.394617777463358,224,down_niche_empiricalbm,0.1951219512195122,0.2682926829268293,0.9303985722784057,1.1566448445627697,0.6097560975609756,0.08345407019292155,0.21538831565627073,0.13325401546698393,2.002298813095083,1.2299651567944252,0.05651397977394408,1.05686672536859,0.024390243902439025,0.3896490184414039,3.0868306801736614,24,2.0,0.1951219512195122,0.024390243902439025,turkiye,6.53813982376767
5.048780487804878,NaN,0.926829268292683,1.0947167960667952,1.4296079757557414,41,0.30517549077929806,0.6221504783345905,10,creation,0.8900673225545247,1.0789473684210527,0.5722598956159792,207,niche,0.07317073170731707,0.0,0.2361689470553242,4.534664979942829,0.0975609756097561,0.2930425341956126,0.8395315079777272,0.12314098750743604,3.442086860897234,1.5213032581453634,0.10350981558596074,0.9478317500951136,0.0975609756097561,0.49732302201070794,NaN,0,3.0,0.7073170731707317,0.0975609756097561,turkiye,0.0
5.463414634146342,1.0596623465427804,0.5365853658536586,0.6688916917890277,0.4077833234610585,41,0.21237358715050564,0.7510320311676565,10,creation,0.8802172922392192,0.9090909090909091,1.394617777463358,224,down_niche_nestedbm,0.1951219512195122,0.2682926829268293,0.9303985722784057,1.1566448445627697,0.6097560975609756,0.08345407019292155,0.21538831565627073,0.13325401546698393,2.002298813095083,1.2299651567944252,0.05651397977394408,1.05686672536859,0.024390243902439025,0.3896490184414039,3.0868306801736614,25,2.0,0.1951219512195122,0.024390243902439025,turkiye,6.53813982376767
5.463414634146342,1.0596623465427804,0.5365853658536586,0.6688916917890277,0.4077833234610585,41,0.21237358715050564,0.7510320311676565,10,creation,0.8802172922392192,0.9090909090909091,1.394617777463358,224,down_niche,0.1951219512195122,0.2682926829268293,0.9303985722784057,1.1566448445627697,0.6097560975609756,0.08345407019292155,0.21538831565627073,0.13325401546698393,2.002298813095083,1.2299651567944252,0.05651397977394408,1.05686672536859,0.024390243902439025,0.3896490184414039,3.0868306801736614,24,2.0,0.1951219512195122,0.024390243902439025,turkiye,6.53813982376767
8.292682926829269,0.0,0.7560975609756098,0.7276597792411363,0.47586194984565655,41,0.36644854253420583,0.942432597448504,10,creation,0.81848026156752,1.1818181818181819,1.162674439046061,340,metaweb_nestedbm,0.1951219512195122,0.04878048780487805,1.5609756097560976,0.5243944684156643,0.6097560975609756,0.19850029108996112,0.38203700564425963,0.20226055919095776,2.0291864961332537,1.2237762237762237,0.19571683521713265,0.8832524826440544,0.17073170731707318,0.7691850089232599,1.0,3,2.0,0.17073170731707318,0.17073170731707318,turkiye,2.772588722239781
5.439024390243903,0.6864181888048824,0.17073170731707318,0.6302937446210581,0.527704687690933,41,0.34741225461035097,0.9085510973961477,10,creation,0.8244691334662886,0.5483870967741935,1.4633919559745832,223,atn_empiricalbm,0.24390243902439024,0.5853658536585366,0.975609756097561,6.750552150048995,0.04878048780487805,0.17256393585654298,0.577758681910636,0.13265913146936348,2.204619816535467,1.4084880636604775,0.0725758477096966,1.2969347149836492,0.0,0.36168947055324213,2.5111301369863015,0,3.0,0.7073170731707317,0.0,turkiye,7.0630481633881725
8.292682926829269,0.0,0.7560975609756098,0.7276597792411363,0.47586194984565655,41,0.36644854253420583,0.942432597448504,10,creation,0.81848026156752,1.1818181818181819,1.162674439046061,340,metaweb_empiricalbm,0.1951219512195122,0.04878048780487805,1.5609756097560976,0.5243944684156643,0.6097560975609756,0.19850029108996112,0.38203700564425963,0.20226055919095776,2.0291864961332537,1.2237762237762237,0.19571683521713265,0.8832524826440544,0.17073170731707318,0.7691850089232599,1.0,3,2.0,0.17073170731707318,0.17073170731707318,turkiye,2.772588722239781
5.439024390243903,0.6864181888048824,0.17073170731707318,0.6302937446210581,0.527704687690933,41,0.34741225461035097,0.9085510973961477,10,creation,0.8244691334662886,0.5483870967741935,1.4633919559745832,223,atn,0.24390243902439024,0.5853658536585366,0.975609756097561,6.750552150048995,0.04878048780487805,0.17256393585654298,0.577758681910636,0.13265913146936348,2.204619816535467,1.4084880636604775,0.0725758477096966,1.2969347149836492,0.0,0.36168947055324213,2.5111301369863015,0,3.0,0.7073170731707317,0.0,turkiye,7.0630481633881725
0.6666666666666666,0.0,0.0,1.7320508075688776,0.3333333333333333,3,0.0,0.6666666666666666,10,burnin,NaN,2.0,0.8660254037844388,2,atn_nestedbm,0.6666666666666666,0.3333333333333333,0.0,2.0,0.3333333333333333,0.0,0.0,0.2222222222222222,1.3333333333333333,1.0,0.0,0.8660254037844388,0.0,0.1111111111111111,1.0,0,2.0,0.0,0.0,turkiye,0.6931471805599453
6.0606060606060606,0.0,0.0,0.574456264653803,0.18939393939393948,33,0.0,1.0,10,burnin,NaN,0.32,1.7951758270431342,200,metaweb,0.24242424242424243,0.7575757575757576,2.203856749311295,0.32,0.7575757575757576,0.0,0.0,0.18365472910927455,1.7575757575757576,1.0,0.0,1.220719562389331,0.0,0.642791551882461,1.0,0,2.0,0.0,0.0,turkiye,5.298317366548036
1.4444444444444444,0.0,0.0,1.991847288649854,0.19444444444444445,9,0.0,0.9126984126984126,10,burnin,0.6429079128692391,3.5,0.6105579948610594,13,down_niche_empiricalbm,0.7777777777777778,0.2222222222222222,0.07407407407407407,3.8461538461538454,0.2222222222222222,0.0,4.440892098500626e-16,0.16049382716049382,1.2222222222222223,1.0,0.0,1.4457650868625,0.0,0.4444444444444444,1.0,0,2.0,0.0,0.0,turkiye,2.5649493574615367
2.0,0.7222499717168714,0.4166666666666667,1.224744871391589,0.6125689183501684,12,0.05555555555555555,0.4626984126984128,10,burnin,0.8727126891888304,0.8888888888888888,0.8257228238447705,24,niche,0.25,0.3333333333333333,0.09722222222222222,1.3963691376701965,0.3333333333333333,0.47121212121212125,0.5954106892632084,0.16666666666666666,2.0965277777777778,1.2333333333333334,0.06944444444444445,0.9876126709792599,0.08333333333333333,0.2222222222222222,1.9545454545454546,0,2.0,0.3333333333333333,0.08333333333333333,turkiye,3.091042453358316
0.8571428571428571,0.0,0.0,2.6457513110645907,0.142857142857143,7,0.0,0.8571428571428571,10,burnin,NaN,6.0,0.4409585518440985,6,down_niche_nestedbm,0.8571428571428571,0.14285714285714285,0.0,6.0,0.14285714285714285,0.0,4.440892098500626e-16,0.12244897959183673,1.1428571428571428,1.0,0.0,2.204792759220492,0.0,0.30612244897959184,1.0,0,2.0,0.0,0.0,turkiye,1.791759469228055
4.485714285714286,0.5012973249781327,0.3142857142857143,0.5882573683372067,0.26386554621848735,35,0.05714285714285714,0.7973692649655383,10,burnin,0.8636488476881481,0.7037037037037037,1.81381034144792,157,down_niche,0.22857142857142856,0.45714285714285713,1.1420408163265305,0.9366661077442688,0.7142857142857143,0.0,3.5926202228344346e-16,0.12816326530612246,1.8285714285714285,1.092485549132948,0.0,1.3348291941751524,0.0,0.32,1.4794520547945205,12,2.0,0.05714285714285714,0.0,turkiye,4.983606621708336
2.1,0.0,0.0,0.6900655593423541,0.23333333333333325,10,0.0,1.0,10,burnin,NaN,0.42857142857142855,1.6101529717988263,21,atn_empiricalbm,0.3,0.7,0.63,0.42857142857142855,0.7,0.0,2.220446049250313e-16,0.21,1.7,1.0,0.0,0.9200874124564722,0.0,0.21,1.0,0,2.0,0.0,0.0,turkiye,3.044522437723423
0.8888888888888888,0.0,0.0,3.000000000000001,0.11111111111111112,9,0.0,0.8888888888888888,10,burnin,NaN,8.0,0.3750000000000001,8,metaweb_empiricalbm,0.8888888888888888,0.1111111111111111,0.0,8.0,0.1111111111111111,0.0,0.0,0.09876543209876543,1.1111111111111112,1.0,0.0,2.6250000000000004,0.0,0.345679012345679,1.0,0,2.0,0.0,0.0,turkiye,2.0794415416798357
5.032258064516129,0.6922089147518924,0.22580645161290322,0.708142353493806,0.5530099823508047,31,0.3704474505723205,0.9278288862970082,10,burnin,0.8269243356062626,0.7272727272727273,1.1246849219092518,156,atn,0.2903225806451613,0.4838709677419355,0.7377731529656608,6.013196875841636,0.06451612903225806,0.18275728821302187,0.5619332388387077,0.16233090530697192,2.091827210274791,1.3709677419354838,0.08949011446409989,0.9291496587305451,0.0,0.43600416233090533,2.481638418079096,0,3.0,0.6451612903225806,0.0,turkiye,6.56244409369372
5.0,0.48050849828206027,0.14634146341463414,0.705691150575094,0.48984417648232165,41,0.26531826293872696,0.9118036965956623,11,creation,0.8431161069102061,0.5666666666666667,1.4892951352905173,205,atn_nestedbm,0.2682926829268293,0.5853658536585366,0.8869720404521119,6.043298554801304,0.0975609756097561,0.02837009524703023,0.4703962556500083,0.12195121951219512,2.0806878306878307,1.3952802359882006,0.01665675193337299,1.2704329970525796,0.0,0.37537180249851276,1.9876760563380282,0,3.0,0.6341463414634146,0.0,turkiye,6.342121418721152
8.292682926829269,0.0,0.7560975609756098,0.7276597792411363,0.47586194984565655,41,0.36644854253420583,0.942432597448504,11,creation,0.81848026156752,1.1818181818181819,1.162674439046061,340,metaweb,0.1951219512195122,0.04878048780487805,1.5609756097560976,0.5243944684156643,0.6097560975609756,0.19850029108996112,0.38203700564425963,0.20226055919095776,2.0291864961332537,1.2237762237762237,0.19571683521713265,0.8832524826440544,0.17073170731707318,0.7691850089232599,1.0,3,2.0,0.17073170731707318,0.17073170731707318,turkiye,2.772588722239781
5.146341463414634,0.8924663538656975,0.6341463414634146,0.6199171701964381,0.4399342287123512,41,0.1951219512195122,0.7011241648065615,11,creation,0.89238816307806,1.0303030303030303,1.421648096049176,211,down_niche_empiricalbm,0.1951219512195122,0.17073170731707318,0.8619869125520524,1.6740694114182435,0.6097560975609756,0.078991008991009,0.22254170085729327,0.1255205234979179,2.017223454052722,1.2562277580071175,0.03152885187388459,1.055606749025983,0.0,0.33908387864366446,3.116740088105727,34,3.0,0.1951219512195122,0.04878048780487805,turkiye,6.118097198041348
5.414634146341464,NaN,0.7073170731707317,1.1904468847483403,0.8087918237208271,41,0.3170731707317073,0.6937944175710068,11,creation,0.8730982896135603,1.4137931034482758,0.4170268713301475,222,niche,0.2926829268292683,0.0,0.182034503271862,5.220584853925124,0.14634146341463414,0.3883033269792149,0.6020588483138235,0.132064247471743,2.1552674683858926,1.4841849148418491,0.148720999405116,1.0303014027166513,0.14634146341463414,0.5734681737061273,NaN,0,2.0,0.5365853658536586,0.17073170731707318,turkiye,0.0
5.146341463414634,0.8924663538656975,0.6341463414634146,0.6199171701964381,0.4399342287123512,41,0.1951219512195122,0.7011241648065615,11,creation,0.89238816307806,1.0303030303030303,1.421648096049176,211,down_niche_nestedbm,0.1951219512195122,0.17073170731707318,0.8619869125520524,1.6740694114182435,0.6097560975609756,0.078991008991009,0.22254170085729327,0.1255205234979179,2.017223454052722,1.2562277580071175,0.03152885187388459,1.055606749025983,0.0,0.33908387864366446,3.116740088105727,35,3.0,0.1951219512195122,0.04878048780487805,turkiye,6.118097198041348
5.146341463414634,0.8924663538656975,0.6341463414634146,0.6199171701964381,0.4399342287123512,41,0.1951219512195122,0.7011241648065615,11,creation,0.89238816307806,1.0303030303030303,1.421648096049176,211,down_niche,0.1951219512195122,0.17073170731707318,0.8619869125520524,1.6740694114182435,0.6097560975609756,0.078991008991009,0.22254170085729327,0.1255205234979179,2.017223454052722,1.2562277580071175,0.03152885187388459,1.055606749025983,0.0,0.33908387864366446,3.116740088105727,32,3.0,0.1951219512195122,0.04878048780487805,turkiye,6.118097198041348
8.292682926829269,0.0,0.7560975609756098,0.7276597792411363,0.47586194984565655,41,0.36644854253420583,0.942432597448504,11,creation,0.81848026156752,1.1818181818181819,1.162674439046061,340,metaweb_nestedbm,0.1951219512195122,0.04878048780487805,1.5609756097560976,0.5243944684156643,0.6097560975609756,0.19850029108996112,0.38203700564425963,0.20226055919095776,2.0291864961332537,1.2237762237762237,0.19571683521713265,0.8832524826440544,0.17073170731707318,0.7691850089232599,1.0,3,2.0,0.17073170731707318,0.17073170731707318,turkiye,2.772588722239781
5.0,0.48050849828206027,0.14634146341463414,0.705691150575094,0.48984417648232165,41,0.26531826293872696,0.9118036965956623,11,creation,0.8431161069102061,0.5666666666666667,1.4892951352905173,205,atn_empiricalbm,0.2682926829268293,0.5853658536585366,0.8869720404521119,6.043298554801304,0.0975609756097561,0.02837009524703023,0.4703962556500083,0.12195121951219512,2.0806878306878307,1.3952802359882006,0.01665675193337299,1.2704329970525796,0.0,0.37537180249851276,1.9876760563380282,0,3.0,0.6341463414634146,0.0,turkiye,6.342121418721152
8.292682926829269,0.0,0.7560975609756098,0.7276597792411363,0.47586194984565655,41,0.36644854253420583,0.942432597448504,11,creation,0.81848026156752,1.1818181818181819,1.162674439046061,340,metaweb_empiricalbm,0.1951219512195122,0.04878048780487805,1.5609756097560976,0.5243944684156643,0.6097560975609756,0.19850029108996112,0.38203700564425963,0.20226055919095776,2.0291864961332537,1.2237762237762237,0.19571683521713265,0.8832524826440544,0.17073170731707318,0.7691850089232599,1.0,3,2.0,0.17073170731707318,0.17073170731707318,turkiye,2.772588722239781
5.0,0.48050849828206027,0.14634146341463414,0.705691150575094,0.48984417648232165,41,0.26531826293872696,0.9118036965956623,11,creation,0.8431161069102061,0.5666666666666667,1.4892951352905173,205,atn,0.2682926829268293,0.5853658536585366,0.8869720404521119,6.043298554801304,0.0975609756097561,0.02837009524703023,0.4703962556500083,0.12195121951219512,2.0806878306878307,1.3952802359882006,0.01665675193337299,1.2704329970525796,0.0,0.37537180249851276,1.9876760563380282,0,3.0,0.6341463414634146,0.0,turkiye,6.342121418721152
6.0606060606060606,0.0,0.0,0.574456264653803,0.18939393939393948,33,0.0,1.0,11,burnin,NaN,0.32,1.7951758270431342,200,metaweb,0.24242424242424243,0.7575757575757576,2.203856749311295,0.32,0.7575757575757576,0.0,0.0,0.18365472910927455,1.7575757575757576,1.0,0.0,1.220719562389331,0.0,0.642791551882461,1.0,0,2.0,0.0,0.0,turkiye,5.298317366548036
0.875,0.0,0.0,2.8284271247461903,0.12499999999999989,8,0.0,0.875,11,burnin,NaN,7.0,0.4040610178208843,7,down_niche_empiricalbm,0.875,0.125,0.0,7.0,0.125,0.0,4.440892098500626e-16,0.109375,1.125,1.0,0.0,2.4243661069253055,0.0,0.328125,1.0,0,2.0,0.0,0.0,turkiye,1.9459101490553132
5.414634146341464,NaN,0.7073170731707317,1.1904468847483403,0.8087918237208271,41,0.3170731707317073,0.6937944175710068,11,burnin,0.8730982896135603,1.4137931034482758,0.4170268713301475,222,niche,0.2926829268292683,0.0,0.182034503271862,5.220584853925124,0.14634146341463414,0.3883033269792149,0.6020588483138235,0.132064247471743,2.1552674683858926,1.4841849148418491,0.148720999405116,1.0303014027166513,0.14634146341463414,0.5734681737061273,NaN,0,2.0,0.5365853658536586,0.17073170731707318,turkiye,0.0
4.527777777777778,0.6762740383850571,0.5555555555555556,0.6053907938342608,0.30301339285714274,36,0.09567901234567901,0.7421818821275343,11,burnin,0.8692665995554824,1.0,1.7241437572894418,163,down_niche,0.2222222222222222,0.2222222222222222,1.0432098765432098,1.4586456162135792,0.6944444444444444,0.006575963718820862,0.07326730621163302,0.1257716049382716,1.8645833333333333,1.1473684210526316,0.0015432098765432098,1.2779801035089953,0.0,0.32175925925925924,2.012987012987013,10,3.0,0.08333333333333333,0.0,turkiye,5.0369526024136295
0.8888888888888888,0.0,0.0,3.000000000000001,0.11111111111111112,9,0.0,0.8888888888888888,11,burnin,NaN,8.0,0.3750000000000001,8,metaweb_nestedbm,0.8888888888888888,0.1111111111111111,0.0,8.0,0.1111111111111111,0.0,0.0,0.09876543209876543,1.1111111111111112,1.0,0.0,2.6250000000000004,0.0,0.345679012345679,1.0,0,2.0,0.0,0.0,turkiye,2.0794415416798357
1.875,0.0,0.0,0.828078671210825,0.26785714285714274,8,0.0,1.0,11,burnin,NaN,0.6,1.3801311186847085,15,atn_empiricalbm,0.375,0.625,0.46875,0.6000000000000001,0.625,0.0,2.220446049250313e-16,0.234375,1.6249999999999998,1.0,0.0,0.5520524474738834,0.0,0.234375,1.0,0,2.0,0.0,0.0,turkiye,2.70805020110221
0.8888888888888888,0.0,0.0,3.000000000000001,0.11111111111111112,9,0.0,0.8888888888888888,11,burnin,NaN,8.0,0.3750000000000001,8,metaweb_empiricalbm,0.8888888888888888,0.1111111111111111,0.0,8.0,0.1111111111111111,0.0,0.0,0.09876543209876543,1.1111111111111112,1.0,0.0,2.6250000000000004,0.0,0.345679012345679,1.0,0,2.0,0.0,0.0,turkiye,2.0794415416798357
4.037037037037037,0.5118861532844873,0.25925925925925924,0.8757245506630967,0.49140902535964276,27,0.27709190672153633,0.9171637004970338,11,burnin,0.8479919686022205,1.0,0.8917470399035589,109,atn,0.37037037037037035,0.37037037037037035,0.45816186556927296,5.2216532553035835,0.14814814814814814,0.0,0.4418245923874409,0.149519890260631,1.8497942386831279,1.3625730994152048,0.0,0.6622684081935393,0.0,0.4499314128943759,1.9836734693877551,0,3.0,0.48148148148148145,0.0,turkiye,5.501258210544727
5.097560975609756,0.4660788658260355,0.17073170731707318,0.6735951713669371,0.5061501770677784,41,0.2879238548483046,0.9115428217482131,12,creation,0.8369708944034784,0.6,1.4487588718351145,209,atn_nestedbm,0.2682926829268293,0.5609756097560976,0.8976799524092802,6.119049173248708,0.0975609756097561,0.011865447933559387,0.46047084369008745,0.12433075550267698,2.0917392566782813,1.3870967741935485,0.00594883997620464,1.2054776805351293,0.0,0.38905413444378345,1.9965576592082617,0,3.0,0.6341463414634146,0.0,turkiye,6.364750756851911
8.292682926829269,0.0,0.7560975609756098,0.7276597792411363,0.47586194984565655,41,0.36644854253420583,0.942432597448504,12,creation,0.81848026156752,1.1818181818181819,1.162674439046061,340,metaweb,0.1951219512195122,0.04878048780487805,1.5609756097560976,0.5243944684156643,0.6097560975609756,0.19850029108996112,0.38203700564425963,0.20226055919095776,2.0291864961332537,1.2237762237762237,0.19571683521713265,0.8832524826440544,0.17073170731707318,0.7691850089232599,1.0,3,2.0,0.17073170731707318,0.17073170731707318,turkiye,2.772588722239781
4.121951219512195,1.2510989249037665,0.5609756097560976,0.6736238755647634,0.4308933261400513,41,0.15110053539559787,0.6700038404127359,12,creation,0.9118055442539369,0.9393939393939394,1.4426194474176393,169,down_niche_empiricalbm,0.1951219512195122,0.24390243902439024,0.5633551457465794,2.071912651549707,0.6097560975609756,0.0454059829059829,0.1855945508207074,0.10053539559785842,2.0136856368563683,1.2477064220183487,0.013682331945270671,1.1599640570138157,0.04878048780487805,0.22367638310529447,3.0592592592592593,27,1.0,0.1951219512195122,0.04878048780487805,turkiye,5.598421958998375
4.121951219512195,0.988796419932486,0.7317073170731707,1.2071752790445687,0.896807781254169,41,0.1635930993456276,0.6854078447768798,12,creation,0.8832218501080422,1.2903225806451613,0.6307578515131973,169,niche,0.24390243902439024,0.024390243902439025,0.1522903033908388,3.3437386632366186,0.0975609756097561,0.31941681293983093,0.718528398651497,0.10053539559785842,2.397688440527848,1.4459930313588851,0.074360499702558,1.046568099192298,0.12195121951219512,0.35157644259369425,3.1470588235294117,0,3.0,0.5853658536585366,0.12195121951219512,turkiye,3.5263605246161616
4.121951219512195,1.2510989249037665,0.5609756097560976,0.6736238755647634,0.4308933261400513,41,0.15110053539559787,0.6700038404127359,12,creation,0.9118055442539369,0.9393939393939394,1.4426194474176393,169,down_niche_nestedbm,0.1951219512195122,0.24390243902439024,0.5633551457465794,2.071912651549707,0.6097560975609756,0.0454059829059829,0.1855945508207074,0.10053539559785842,2.0136856368563683,1.2477064220183487,0.013682331945270671,1.1599640570138157,0.04878048780487805,0.22367638310529447,3.0592592592592593,27,1.0,0.1951219512195122,0.04878048780487805,turkiye,5.598421958998375
4.121951219512195,1.2510989249037665,0.5609756097560976,0.6736238755647634,0.4308933261400513,41,0.15110053539559787,0.6700038404127359,12,creation,0.9118055442539369,0.9393939393939394,1.4426194474176393,169,down_niche,0.1951219512195122,0.24390243902439024,0.5633551457465794,2.071912651549707,0.6097560975609756,0.0454059829059829,0.1855945508207074,0.10053539559785842,2.0136856368563683,1.2477064220183487,0.013682331945270671,1.1599640570138157,0.04878048780487805,0.22367638310529447,3.0592592592592593,27,1.0,0.1951219512195122,0.04878048780487805,turkiye,5.598421958998375
8.292682926829269,0.0,0.7560975609756098,0.7276597792411363,0.47586194984565655,41,0.36644854253420583,0.942432597448504,12,creation,0.81848026156752,1.1818181818181819,1.162674439046061,340,metaweb_nestedbm,0.1951219512195122,0.04878048780487805,1.5609756097560976,0.5243944684156643,0.6097560975609756,0.19850029108996112,0.38203700564425963,0.20226055919095776,2.0291864961332537,1.2237762237762237,0.19571683521713265,0.8832524826440544,0.17073170731707318,0.7691850089232599,1.0,3,2.0,0.17073170731707318,0.17073170731707318,turkiye,2.772588722239781
5.097560975609756,0.4660788658260355,0.17073170731707318,0.6735951713669371,0.5061501770677784,41,0.2879238548483046,0.9115428217482131,12,creation,0.8369708944034784,0.6,1.4487588718351145,209,atn_empiricalbm,0.2682926829268293,0.5609756097560976,0.8976799524092802,6.119049173248708,0.0975609756097561,0.011865447933559387,0.46047084369008745,0.12433075550267698,2.0917392566782813,1.3870967741935485,0.00594883997620464,1.2054776805351293,0.0,0.38905413444378345,1.9965576592082617,0,3.0,0.6341463414634146,0.0,turkiye,6.364750756851911
8.292682926829269,0.0,0.7560975609756098,0.7276597792411363,0.47586194984565655,41,0.36644854253420583,0.942432597448504,12,creation,0.81848026156752,1.1818181818181819,1.162674439046061,340,metaweb_empiricalbm,0.1951219512195122,0.04878048780487805,1.5609756097560976,0.5243944684156643,0.6097560975609756,0.19850029108996112,0.38203700564425963,0.20226055919095776,2.0291864961332537,1.2237762237762237,0.19571683521713265,0.8832524826440544,0.17073170731707318,0.7691850089232599,1.0,3,2.0,0.17073170731707318,0.17073170731707318,turkiye,2.772588722239781
5.097560975609756,0.4660788658260355,0.17073170731707318,0.6735951713669371,0.5061501770677784,41,0.2879238548483046,0.9115428217482131,12,creation,0.8369708944034784,0.6,1.4487588718351145,209,atn,0.2682926829268293,0.5609756097560976,0.8976799524092802,6.119049173248708,0.0975609756097561,0.011865447933559387,0.46047084369008745,0.12433075550267698,2.0917392566782813,1.3870967741935485,0.00594883997620464,1.2054776805351293,0.0,0.38905413444378345,1.9965576592082617,0,3.0,0.6341463414634146,0.0,turkiye,6.364750756851911
0.8,0.0,0.0,2.23606797749979,0.2,5,0.0,0.8,12,burnin,NaN,4.0,0.5590169943749473,4,atn_nestedbm,0.8,0.2,0.0,4.0,0.2,0.0,0.0,0.16,1.2,1.0,0.0,1.6770509831248421,0.0,0.24,1.0,0,2.0,0.0,0.0,turkiye,1.3862943611198906
6.0606060606060606,0.0,0.0,0.574456264653803,0.18939393939393948,33,0.0,1.0,12,burnin,NaN,0.32,1.7951758270431342,200,metaweb,0.24242424242424243,0.7575757575757576,2.203856749311295,0.32,0.7575757575757576,0.0,0.0,0.18365472910927455,1.7575757575757576,1.0,0.0,1.220719562389331,0.0,0.642791551882461,1.0,0,2.0,0.0,0.0,turkiye,5.298317366548036
1.0,0.0,0.0,1.7638342073763937,0.23333333333333328,10,0.0,0.7333333333333334,12,burnin,0.8934430627129523,2.3333333333333335,0.9428090415820634,10,down_niche_empiricalbm,0.7,0.3,0.04,3.8387096774193545,0.3,0.0,1.9860273225978183e-16,0.1,1.3,1.0,0.0,1.3333333333333335,0.0,0.14,1.0,0,2.0,0.0,0.0,turkiye,2.302585092994046
3.393939393939394,NaN,0.696969696969697,1.223609327502876,0.7050705166468589,33,0.13957759412304868,0.672439362869985,12,burnin,0.8878428769392045,1.434782608695652,0.5843825029530342,112,niche,0.30303030303030304,0.0,0.10101010101010101,3.0049547164778674,0.12121212121212122,0.34716625286478225,0.6459640926651541,0.10284664830119375,2.114055485409652,1.4607329842931938,0.06887052341597796,1.069138176910043,0.12121212121212122,0.2800734618916437,NaN,0,3.0,0.5757575757575758,0.12121212121212122,turkiye,0.0
1.0,0.0,0.0,1.7320508075688772,0.23809523809523805,7,0.0,0.7571428571428572,12,burnin,0.9220357047453158,2.5,0.816496580927726,7,down_niche_nestedbm,0.7142857142857143,0.2857142857142857,0.04081632653061224,3.0,0.2857142857142857,0.0,1.4536231567507431e-16,0.14285714285714285,1.2857142857142858,1.0,0.0,1.1547005383792515,0.0,0.1836734693877551,1.0,0,2.0,0.0,0.0,turkiye,1.9459101490553132
3.4838709677419355,0.4675616123957768,0.22580645161290322,0.6015051232962386,0.22795698924731178,31,0.03329864724245578,0.8135109864422628,12,burnin,0.863774997154943,0.5833333333333334,1.9196047142060295,108,down_niche,0.22580645161290322,0.5483870967741935,0.8376690946930281,0.8796015591165005,0.7419354838709677,0.0,2.7110734615076624e-16,0.11238293444328824,1.8064516129032258,1.0608695652173914,0.0,1.4682608401892032,0.0,0.2081165452653486,1.316831683168317,12,3.0,0.03225806451612903,0.0,turkiye,4.61512051684126
0.8888888888888888,0.0,0.0,3.000000000000001,0.11111111111111112,9,0.0,0.8888888888888888,12,burnin,NaN,8.0,0.3750000000000001,8,metaweb_nestedbm,0.8888888888888888,0.1111111111111111,0.0,8.0,0.1111111111111111,0.0,0.0,0.09876543209876543,1.1111111111111112,1.0,0.0,2.6250000000000004,0.0,0.345679012345679,1.0,0,2.0,0.0,0.0,turkiye,2.0794415416798357
1.2,0.0,0.0,1.3693063937629153,0.2999999999999999,5,0.0,1.0,12,burnin,NaN,1.5,0.912870929175277,6,atn_empiricalbm,0.6,0.4,0.12,1.5,0.4,0.0,2.220446049250313e-16,0.24,1.4,1.0,0.0,0.4564354645876384,0.0,0.24,1.0,0,2.0,0.0,0.0,turkiye,1.791759469228055
0.8888888888888888,0.0,0.0,3.000000000000001,0.11111111111111112,9,0.0,0.8888888888888888,12,burnin,NaN,8.0,0.3750000000000001,8,metaweb_empiricalbm,0.8888888888888888,0.1111111111111111,0.0,8.0,0.1111111111111111,0.0,0.0,0.09876543209876543,1.1111111111111112,1.0,0.0,2.6250000000000004,0.0,0.345679012345679,1.0,0,2.0,0.0,0.0,turkiye,2.0794415416798357
4.142857142857143,0.4779218396986036,0.2857142857142857,0.8405749562658492,0.46775582190548176,28,0.23214285714285715,0.9246811224489796,12,burnin,0.8559018129678484,1.0,1.0464190047577968,116,atn,0.35714285714285715,0.35714285714285715,0.5561224489795918,5.1466189279093975,0.14285714285714285,0.0,0.4372814959866792,0.14795918367346939,1.8591836734693874,1.3255813953488371,0.0,0.7162189391906773,0.0,0.4413265306122449,1.912442396313364,0,3.0,0.5,0.0,turkiye,5.37989735354046
4.2682926829268295,0.500875936498106,0.12195121951219512,0.6585562440145962,0.48717063602484806,41,0.23438429506246283,0.9071185868172956,13,creation,0.8451807249945452,0.5333333333333333,1.62573386882506,175,atn_nestedbm,0.2682926829268293,0.6097560975609756,0.7394408090422367,6.324746478376376,0.07317073170731707,0.009122899159663866,0.4761329330311605,0.1041046995835812,2.0825106465350367,1.4615384615384615,0.003569303985722784,1.4575674451437424,0.0,0.26055919095776325,1.9876796714579055,0,3.0,0.6585365853658537,0.0,turkiye,6.18826412308259
8.292682926829269,0.0,0.7560975609756098,0.7276597792411363,0.47586194984565655,41,0.36644854253420583,0.942432597448504,13,creation,0.81848026156752,1.1818181818181819,1.162674439046061,340,metaweb,0.1951219512195122,0.04878048780487805,1.5609756097560976,0.5243944684156643,0.6097560975609756,0.19850029108996112,0.38203700564425963,0.20226055919095776,2.0291864961332537,1.2237762237762237,0.19571683521713265,0.8832524826440544,0.17073170731707318,0.7691850089232599,1.0,3,2.0,0.17073170731707318,0.17073170731707318,turkiye,2.772588722239781
3.292682926829268,0.6432811900829092,0.4634146341463415,0.5929767273485147,0.4327804878048778,41,0.08566329565734682,0.5199477351916376,13,creation,0.9379889713833869,0.8181818181818182,1.6554552956632935,135,down_niche_empiricalbm,0.1951219512195122,0.34146341463414637,0.44318857822724567,1.6415098666719339,0.6097560975609756,0.023095238095238096,0.13333333333333333,0.08030933967876264,2.0146341463414634,1.2582417582417582,0.002379535990481856,1.313278183964603,0.0,0.13503866745984533,2.1569767441860463,28,1.0,0.17073170731707318,0.0,turkiye,5.147494476813453
3.4146341463414633,NaN,0.6829268292682927,1.1510731461358579,1.6589562388452492,41,0.1439619274241523,0.6109312535065764,13,creation,0.916536989292927,1.4642857142857142,0.7579729277379724,140,niche,0.3170731707317073,0.0,0.1290898274836407,6.20889176205675,0.024390243902439025,0.23646616541353385,0.9173479293978092,0.08328375966686496,2.6292251626938037,1.7234042553191489,0.04164187983343248,1.1497093687767619,0.12195121951219512,0.23022010707911958,NaN,0,3.0,0.5853658536585366,0.12195121951219512,turkiye,0.0
3.292682926829268,0.6432811900829092,0.4634146341463415,0.5929767273485147,0.4327804878048778,41,0.08566329565734682,0.5199477351916376,13,creation,0.9379889713833869,0.8181818181818182,1.6554552956632935,135,down_niche_nestedbm,0.1951219512195122,0.34146341463414637,0.44318857822724567,1.6415098666719339,0.6097560975609756,0.023095238095238096,0.13333333333333333,0.08030933967876264,2.0146341463414634,1.2582417582417582,0.002379535990481856,1.313278183964603,0.0,0.13503866745984533,2.1569767441860463,28,1.0,0.17073170731707318,0.0,turkiye,5.147494476813453
3.292682926829268,0.6432811900829092,0.4634146341463415,0.5929767273485147,0.4327804878048778,41,0.08566329565734682,0.5199477351916376,13,creation,0.9379889713833869,0.8181818181818182,1.6554552956632935,135,down_niche,0.1951219512195122,0.34146341463414637,0.44318857822724567,1.6415098666719339,0.6097560975609756,0.023095238095238096,0.13333333333333333,0.08030933967876264,2.0146341463414634,1.2582417582417582,0.002379535990481856,1.313278183964603,0.0,0.13503866745984533,2.1569767441860463,28,1.0,0.17073170731707318,0.0,turkiye,5.147494476813453
8.292682926829269,0.0,0.7560975609756098,0.7276597792411363,0.47586194984565655,41,0.36644854253420583,0.942432597448504,13,creation,0.81848026156752,1.1818181818181819,1.162674439046061,340,metaweb_nestedbm,0.1951219512195122,0.04878048780487805,1.5609756097560976,0.5243944684156643,0.6097560975609756,0.19850029108996112,0.38203700564425963,0.20226055919095776,2.0291864961332537,1.2237762237762237,0.19571683521713265,0.8832524826440544,0.17073170731707318,0.7691850089232599,1.0,3,2.0,0.17073170731707318,0.17073170731707318,turkiye,2.772588722239781
4.2682926829268295,0.500875936498106,0.12195121951219512,0.6585562440145962,0.48717063602484806,41,0.23438429506246283,0.9071185868172956,13,creation,0.8451807249945452,0.5333333333333333,1.62573386882506,175,atn_empiricalbm,0.2682926829268293,0.6097560975609756,0.7394408090422367,6.324746478376376,0.07317073170731707,0.009122899159663866,0.4761329330311605,0.1041046995835812,2.0825106465350367,1.4615384615384615,0.003569303985722784,1.4575674451437424,0.0,0.26055919095776325,1.9876796714579055,0,3.0,0.6585365853658537,0.0,turkiye,6.18826412308259
8.292682926829269,0.0,0.7560975609756098,0.7276597792411363,0.47586194984565655,41,0.36644854253420583,0.942432597448504,13,creation,0.81848026156752,1.1818181818181819,1.162674439046061,340,metaweb_empiricalbm,0.1951219512195122,0.04878048780487805,1.5609756097560976,0.5243944684156643,0.6097560975609756,0.19850029108996112,0.38203700564425963,0.20226055919095776,2.0291864961332537,1.2237762237762237,0.19571683521713265,0.8832524826440544,0.17073170731707318,0.7691850089232599,1.0,3,2.0,0.17073170731707318,0.17073170731707318,turkiye,2.772588722239781
4.2682926829268295,0.500875936498106,0.12195121951219512,0.6585562440145962,0.48717063602484806,41,0.23438429506246283,0.9071185868172956,13,creation,0.8451807249945452,0.5333333333333333,1.62573386882506,175,atn,0.2682926829268293,0.6097560975609756,0.7394408090422367,6.324746478376376,0.07317073170731707,0.009122899159663866,0.4761329330311605,0.1041046995835812,2.0825106465350367,1.4615384615384615,0.003569303985722784,1.4575674451437424,0.0,0.26055919095776325,1.9876796714579055,0,3.0,0.6585365853658537,0.0,turkiye,6.18826412308259
6.0606060606060606,0.0,0.0,0.574456264653803,0.18939393939393948,33,0.0,1.0,13,burnin,NaN,0.32,1.7951758270431342,200,metaweb,0.24242424242424243,0.7575757575757576,2.203856749311295,0.32,0.7575757575757576,0.0,0.0,0.18365472910927455,1.7575757575757576,1.0,0.0,1.220719562389331,0.0,0.642791551882461,1.0,0,2.0,0.0,0.0,turkiye,5.298317366548036
1.0,0.0,0.0,2.138089935299395,0.21428571428571438,8,0.0,0.8333333333333333,13,burnin,0.8724293398564681,3.0,0.7559289460184544,8,down_niche_empiricalbm,0.75,0.25,0.03125,5.000000000000001,0.25,0.0,3.8459253727671276e-16,0.125,1.25,1.0,0.0,1.6903085094570334,0.0,0.25,1.0,0,2.0,0.0,0.0,turkiye,2.0794415416798357
3.138888888888889,NaN,0.6388888888888888,1.1299705316178943,1.285542353932503,36,0.13657407407407407,0.6237544091710758,13,burnin,0.9168521528395275,1.565217391304348,0.7230937192450133,113,niche,0.3611111111111111,0.0,0.11342592592592593,5.9569149801808345,0.027777777777777776,0.22271098077549692,0.7984368329471105,0.08719135802469136,2.32873315941603,1.7109375,0.038580246913580245,1.1066325302904245,0.1388888888888889,0.21064814814814814,NaN,0,3.0,0.5833333333333334,0.1388888888888889,turkiye,0.0
3.2058823529411766,0.48783173121456336,0.2647058823529412,0.6035765125815521,0.2504456327985739,34,0.0328719723183391,0.6395658263305323,13,burnin,0.9264403757385883,0.5925925925925926,1.8946998700223519,109,down_niche,0.20588235294117646,0.5294117647058824,0.6306228373702422,1.4085504784788103,0.7352941176470589,0.0,2.1479643170083712e-16,0.09429065743944637,1.8529411764705883,1.113821138211382,0.0,1.4552205547815302,0.0,0.157439446366782,1.38,18,2.0,0.058823529411764705,0.0,turkiye,4.605170185988092
0.8888888888888888,0.0,0.0,3.000000000000001,0.11111111111111112,9,0.0,0.8888888888888888,13,burnin,NaN,8.0,0.3750000000000001,8,metaweb_nestedbm,0.8888888888888888,0.1111111111111111,0.0,8.0,0.1111111111111111,0.0,0.0,0.09876543209876543,1.1111111111111112,1.0,0.0,2.6250000000000004,0.0,0.345679012345679,1.0,0,2.0,0.0,0.0,turkiye,2.0794415416798357
1.5,0.0,0.0,0.8728715609439694,0.2678571428571428,8,0.0,0.925,13,burnin,0.7969986567147065,0.6,1.511857892036909,12,atn_empiricalbm,0.375,0.625,0.328125,0.8461538461538464,0.625,0.0,1.5700924586837752e-16,0.1875,1.625,1.0,0.0,0.8728715609439696,0.0,0.140625,1.0,0,2.0,0.0,0.0,turkiye,2.4849066497880004
0.8888888888888888,0.0,0.0,3.000000000000001,0.11111111111111112,9,0.0,0.8888888888888888,13,burnin,NaN,8.0,0.3750000000000001,8,metaweb_empiricalbm,0.8888888888888888,0.1111111111111111,0.0,8.0,0.1111111111111111,0.0,0.0,0.09876543209876543,1.1111111111111112,1.0,0.0,2.6250000000000004,0.0,0.345679012345679,1.0,0,2.0,0.0,0.0,turkiye,2.0794415416798357
3.4615384615384617,0.526393183164195,0.23076923076923078,0.8733078876700167,0.4490705128205127,26,0.17751479289940827,0.9112883910960835,13,burnin,0.8787051110340682,1.0,1.087790829566461,90,atn,0.38461538461538464,0.38461538461538464,0.4260355029585799,5.211604095563139,0.11538461538461539,0.0,0.43594299661342917,0.13313609467455623,1.8028846153846154,1.3571428571428572,0.0,0.816786839230861,0.0,0.3328402366863905,1.8627450980392157,0,3.0,0.5,0.0,turkiye,5.030437921392435
4.2439024390243905,0.4022085585607017,0.14634146341463414,0.6804437517530567,0.4499275128349042,41,0.20939916716240334,0.9163396459790945,14,creation,0.8439226594407,0.5666666666666667,1.6701489582094187,174,atn_nestedbm,0.2682926829268293,0.5853658536585366,0.7656157049375372,5.868862456032716,0.0975609756097561,0.0,0.4575738151893927,0.10350981558596074,2.048154600593625,1.423841059602649,0.0,1.4763460641561739,0.0,0.26710291493158833,1.8698795180722891,0,3.0,0.6341463414634146,0.0,turkiye,6.028278520230698
8.292682926829269,0.0,0.7560975609756098,0.7276597792411363,0.47586194984565655,41,0.36644854253420583,0.942432597448504,14,creation,0.81848026156752,1.1818181818181819,1.162674439046061,340,metaweb,0.1951219512195122,0.04878048780487805,1.5609756097560976,0.5243944684156643,0.6097560975609756,0.19850029108996112,0.38203700564425963,0.20226055919095776,2.0291864961332537,1.2237762237762237,0.19571683521713265,0.8832524826440544,0.17073170731707318,0.7691850089232599,1.0,3,2.0,0.17073170731707318,0.17073170731707318,turkiye,2.772588722239781
4.146341463414634,0.6110396316562373,0.5609756097560976,0.604292603109628,0.4140108612804879,41,0.132064247471743,0.6327774487795698,14,creation,0.9087839671824276,0.9393939393939394,1.599384613489986,170,down_niche_empiricalbm,0.1951219512195122,0.24390243902439024,0.6751933372992267,2.393848840805395,0.6097560975609756,0.032574877696828916,0.13188048845562458,0.10113027959547888,2.0053353658536586,1.2410714285714286,0.007138607971445568,1.2464926572734707,0.0,0.22665080309339677,2.2677824267782425,24,2.0,0.1951219512195122,0.0,turkiye,5.476463551931511
3.902439024390244,1.2821063012782767,0.4634146341463415,1.1851456925205441,0.7981612012521204,41,0.13027959547888163,0.6459709453290967,14,creation,0.873419982607345,1.5,0.7378150809992976,160,niche,0.4146341463414634,0.12195121951219512,0.14336704342653184,9.358679392734292,0.024390243902439025,0.2920995670995671,0.6687199890944597,0.09518143961927424,1.9687865309744115,1.7073863636363635,0.074360499702558,1.0995542420681212,0.0975609756097561,0.2914931588340274,4.124856815578465,0,3.0,0.5365853658536586,0.0975609756097561,turkiye,6.771935555839602
4.146341463414634,0.6110396316562373,0.5609756097560976,0.604292603109628,0.4140108612804879,41,0.132064247471743,0.6327774487795698,14,creation,0.9087839671824276,0.9393939393939394,1.599384613489986,170,down_niche_nestedbm,0.1951219512195122,0.24390243902439024,0.6751933372992267,2.393848840805395,0.6097560975609756,0.032574877696828916,0.13188048845562458,0.10113027959547888,2.0053353658536586,1.2410714285714286,0.007138607971445568,1.2464926572734707,0.0,0.22665080309339677,2.2677824267782425,25,2.0,0.1951219512195122,0.0,turkiye,5.476463551931511
4.146341463414634,0.6110396316562373,0.5609756097560976,0.604292603109628,0.4140108612804879,41,0.132064247471743,0.6327774487795698,14,creation,0.9087839671824276,0.9393939393939394,1.599384613489986,170,down_niche,0.1951219512195122,0.24390243902439024,0.6751933372992267,2.393848840805395,0.6097560975609756,0.032574877696828916,0.13188048845562458,0.10113027959547888,2.0053353658536586,1.2410714285714286,0.007138607971445568,1.2464926572734707,0.0,0.22665080309339677,2.2677824267782425,24,2.0,0.1951219512195122,0.0,turkiye,5.476463551931511
8.292682926829269,0.0,0.7560975609756098,0.7276597792411363,0.47586194984565655,41,0.36644854253420583,0.942432597448504,14,creation,0.81848026156752,1.1818181818181819,1.162674439046061,340,metaweb_nestedbm,0.1951219512195122,0.04878048780487805,1.5609756097560976,0.5243944684156643,0.6097560975609756,0.19850029108996112,0.38203700564425963,0.20226055919095776,2.0291864961332537,1.2237762237762237,0.19571683521713265,0.8832524826440544,0.17073170731707318,0.7691850089232599,1.0,3,2.0,0.17073170731707318,0.17073170731707318,turkiye,2.772588722239781
4.2439024390243905,0.4022085585607017,0.14634146341463414,0.6804437517530567,0.4499275128349042,41,0.20939916716240334,0.9163396459790945,14,creation,0.8439226594407,0.5666666666666667,1.6701489582094187,174,atn_empiricalbm,0.2682926829268293,0.5853658536585366,0.7656157049375372,5.868862456032716,0.0975609756097561,0.0,0.4575738151893927,0.10350981558596074,2.048154600593625,1.423841059602649,0.0,1.4763460641561739,0.0,0.26710291493158833,1.8698795180722891,0,3.0,0.6341463414634146,0.0,turkiye,6.028278520230698
8.292682926829269,0.0,0.7560975609756098,0.7276597792411363,0.47586194984565655,41,0.36644854253420583,0.942432597448504,14,creation,0.81848026156752,1.1818181818181819,1.162674439046061,340,metaweb_empiricalbm,0.1951219512195122,0.04878048780487805,1.5609756097560976,0.5243944684156643,0.6097560975609756,0.19850029108996112,0.38203700564425963,0.20226055919095776,2.0291864961332537,1.2237762237762237,0.19571683521713265,0.8832524826440544,0.17073170731707318,0.7691850089232599,1.0,3,2.0,0.17073170731707318,0.17073170731707318,turkiye,2.772588722239781
4.2439024390243905,0.4022085585607017,0.14634146341463414,0.6804437517530567,0.4499275128349042,41,0.20939916716240334,0.9163396459790945,14,creation,0.8439226594407,0.5666666666666667,1.6701489582094187,174,atn,0.2682926829268293,0.5853658536585366,0.7656157049375372,5.868862456032716,0.0975609756097561,0.0,0.4575738151893927,0.10350981558596074,2.048154600593625,1.423841059602649,0.0,1.4763460641561739,0.0,0.26710291493158833,1.8698795180722891,0,3.0,0.6341463414634146,0.0,turkiye,6.028278520230698
0.6666666666666666,0.0,0.0,1.7320508075688776,0.3333333333333333,3,0.0,0.6666666666666666,14,burnin,NaN,2.0,0.8660254037844388,2,atn_nestedbm,0.6666666666666666,0.3333333333333333,0.0,2.0,0.3333333333333333,0.0,0.0,0.2222222222222222,1.3333333333333333,1.0,0.0,0.8660254037844388,0.0,0.1111111111111111,1.0,0,2.0,0.0,0.0,turkiye,0.6931471805599453
6.0606060606060606,0.0,0.0,0.574456264653803,0.18939393939393948,33,0.0,1.0,14,burnin,NaN,0.32,1.7951758270431342,200,metaweb,0.24242424242424243,0.7575757575757576,2.203856749311295,0.32,0.7575757575757576,0.0,0.0,0.18365472910927455,1.7575757575757576,1.0,0.0,1.220719562389331,0.0,0.642791551882461,1.0,0,2.0,0.0,0.0,turkiye,5.298317366548036
0.8571428571428571,0.0,0.0,2.6457513110645907,0.142857142857143,7,0.0,0.8571428571428571,14,burnin,NaN,6.0,0.4409585518440985,6,down_niche_empiricalbm,0.8571428571428571,0.14285714285714285,0.0,6.0,0.14285714285714285,0.0,4.440892098500626e-16,0.12244897959183673,1.1428571428571428,1.0,0.0,2.204792759220492,0.0,0.30612244897959184,1.0,0,2.0,0.0,0.0,turkiye,1.791759469228055
3.2941176470588234,1.1495465300385628,0.38235294117647056,1.2934172807775444,0.6350904204347118,34,0.10813148788927336,0.6525982859892894,14,burnin,0.8641713050050898,1.7647058823529411,0.6580398075903398,112,niche,0.5,0.11764705882352941,0.10294117647058823,8.862839263446228,0.029411764705882353,0.30245577214267916,0.5708829505876452,0.09688581314878893,1.7379136722562327,1.54,0.054498269896193774,1.155930033533277,0.11764705882352941,0.28546712802768165,3.3657142857142857,0,3.0,0.4411764705882353,0.11764705882352941,turkiye,5.857933154483459
0.8888888888888888,0.0,0.0,2.0625,0.19444444444444436,9,0.0,0.7539682539682541,14,burnin,0.9757926063012365,3.5,0.676040864149498,8,down_niche_nestedbm,0.7777777777777778,0.2222222222222222,0.012345679012345678,4.625,0.2222222222222222,0.0,2.220446049250313e-16,0.09876543209876543,1.2222222222222223,1.0,0.0,1.5687375497513918,0.0,0.16049382716049382,1.0,0,2.0,0.0,0.0,turkiye,2.0794415416798357
3.7714285714285714,0.4743095153227491,0.2857142857142857,0.6270862657410342,0.26386554621848735,35,0.03346938775510204,0.7196567717996291,14,burnin,0.8779393426933991,0.6666666666666666,1.9272078081309352,132,down_niche,0.22857142857142856,0.4857142857142857,0.8824489795918368,2.095700263697627,0.7142857142857143,0.0,3.737567639961684e-16,0.10775510204081633,1.8285714285714285,1.095890410958904,0.0,1.4893298811349565,0.0,0.22693877551020408,1.3360655737704918,14,3.0,0.05714285714285714,0.0,turkiye,4.804021044733257
1.4444444444444444,0.0,0.0,0.7825765365144541,0.25,9,0.0,0.8703703703703703,14,burnin,0.7340198310862486,0.5,1.8023653098246124,13,atn_empiricalbm,0.3333333333333333,0.6666666666666666,0.37037037037037035,0.5882352941176471,0.6666666666666666,0.0,1.0666677794707567e-16,0.16049382716049382,1.6666666666666667,1.0,0.0,1.2692307692307692,0.0,0.09876543209876543,1.0,0,2.0,0.0,0.0,turkiye,2.5649493574615367
0.8888888888888888,0.0,0.0,3.000000000000001,0.11111111111111112,9,0.0,0.8888888888888888,14,burnin,NaN,8.0,0.3750000000000001,8,metaweb_empiricalbm,0.8888888888888888,0.1111111111111111,0.0,8.0,0.1111111111111111,0.0,0.0,0.09876543209876543,1.1111111111111112,1.0,0.0,2.6250000000000004,0.0,0.345679012345679,1.0,0,2.0,0.0,0.0,turkiye,2.0794415416798357
3.2962962962962963,0.4340990909376098,0.2222222222222222,0.8406197397237603,0.4618589743589745,27,0.18381344307270234,0.9036483064260842,14,burnin,0.8812466433046111,0.9411764705882353,1.0670016937984999,89,atn,0.37037037037037035,0.4074074074074074,0.3607681755829904,5.012537816174407,0.14814814814814814,0.0,0.4150718542550875,0.12208504801097393,1.8333333333333337,1.3687943262411348,0.0,0.8466802988030524,0.0,0.27709190672153633,1.834355828220859,0,3.0,0.48148148148148145,0.0,turkiye,5.093750200806762
5.682926829268292,0.6627448641030983,0.17073170731707318,0.6386354065110103,0.5221768010948545,41,0.3581201665675193,0.9109212288973476,15,creation,0.8217099592590951,0.5483870967741935,1.4161896815380828,233,atn_nestedbm,0.24390243902439024,0.5853658536585366,1.0237953599048186,6.404888590246971,0.04878048780487805,0.14630650492427574,0.5542647646727142,0.1386079714455681,2.1959833526906696,1.371967654986523,0.07138607971445568,1.2170643945122204,0.0,0.4098750743604997,2.4103035878564856,0,3.0,0.7073170731707317,0.0,turkiye,6.99117688712121
8.292682926829269,0.0,0.7560975609756098,0.7276597792411363,0.47586194984565655,41,0.36644854253420583,0.942432597448504,15,creation,0.81848026156752,1.1818181818181819,1.162674439046061,340,metaweb,0.1951219512195122,0.04878048780487805,1.5609756097560976,0.5243944684156643,0.6097560975609756,0.19850029108996112,0.38203700564425963,0.20226055919095776,2.0291864961332537,1.2237762237762237,0.19571683521713265,0.8832524826440544,0.17073170731707318,0.7691850089232599,1.0,3,2.0,0.17073170731707318,0.17073170731707318,turkiye,2.772588722239781
5.463414634146342,1.4309375265989128,0.6829268292682927,0.5628125902984663,0.47485131066022984,41,0.22427126710291492,0.7049114244767979,15,creation,0.903894905120887,1.0909090909090908,1.3500652502182768,224,down_niche_empiricalbm,0.1951219512195122,0.12195121951219512,0.9196906603212374,1.2871186505304153,0.6097560975609756,0.05603607631848966,0.23377351518957815,0.13325401546698393,2.0308105619573578,1.3322884012539185,0.022010707911957167,0.9122497778605555,0.024390243902439025,0.3735871505056514,4.259574468085106,39,2.0,0.1951219512195122,0.07317073170731707,turkiye,6.558197802812269
5.0,NaN,0.8048780487804879,0.9402127418834526,2.1110798173490766,41,0.2879238548483046,0.6398163275891133,15,creation,0.8917495908356732,1.2424242424242424,0.458257569495584,205,niche,0.1951219512195122,0.0,0.10469958358120167,8.592909295732708,0.04878048780487805,0.5291023046441002,0.925762321388676,0.12195121951219512,3.232144006655947,1.976027397260274,0.16775728732897086,0.9005689258706978,0.21951219512195122,0.2873289708506841,NaN,0,4.0,0.7073170731707317,0.2682926829268293,turkiye,0.0
5.463414634146342,1.4309375265989128,0.6829268292682927,0.5628125902984663,0.47485131066022984,41,0.22427126710291492,0.7049114244767979,15,creation,0.903894905120887,1.0909090909090908,1.3500652502182768,224,down_niche_nestedbm,0.1951219512195122,0.12195121951219512,0.9196906603212374,1.2871186505304153,0.6097560975609756,0.05603607631848966,0.23377351518957815,0.13325401546698393,2.0308105619573578,1.3322884012539185,0.022010707911957167,0.9122497778605555,0.024390243902439025,0.3735871505056514,4.259574468085106,39,2.0,0.1951219512195122,0.07317073170731707,turkiye,6.558197802812269
5.463414634146342,1.4309375265989128,0.6829268292682927,0.5628125902984663,0.47485131066022984,41,0.22427126710291492,0.7049114244767979,15,creation,0.903894905120887,1.0909090909090908,1.3500652502182768,224,down_niche,0.1951219512195122,0.12195121951219512,0.9196906603212374,1.2871186505304153,0.6097560975609756,0.05603607631848966,0.23377351518957815,0.13325401546698393,2.0308105619573578,1.3322884012539185,0.022010707911957167,0.9122497778605555,0.024390243902439025,0.3735871505056514,4.259574468085106,41,2.0,0.1951219512195122,0.07317073170731707,turkiye,6.558197802812269
8.292682926829269,0.0,0.7560975609756098,0.7276597792411363,0.47586194984565655,41,0.36644854253420583,0.942432597448504,15,creation,0.81848026156752,1.1818181818181819,1.162674439046061,340,metaweb_nestedbm,0.1951219512195122,0.04878048780487805,1.5609756097560976,0.5243944684156643,0.6097560975609756,0.19850029108996112,0.38203700564425963,0.20226055919095776,2.0291864961332537,1.2237762237762237,0.19571683521713265,0.8832524826440544,0.17073170731707318,0.7691850089232599,1.0,3,2.0,0.17073170731707318,0.17073170731707318,turkiye,2.772588722239781
5.682926829268292,0.6627448641030983,0.17073170731707318,0.6386354065110103,0.5221768010948545,41,0.3581201665675193,0.9109212288973476,15,creation,0.8217099592590951,0.5483870967741935,1.4161896815380828,233,atn_empiricalbm,0.24390243902439024,0.5853658536585366,1.0237953599048186,6.404888590246971,0.04878048780487805,0.14630650492427574,0.5542647646727142,0.1386079714455681,2.1959833526906696,1.371967654986523,0.07138607971445568,1.2170643945122204,0.0,0.4098750743604997,2.4103035878564856,0,3.0,0.7073170731707317,0.0,turkiye,6.99117688712121
8.292682926829269,0.0,0.7560975609756098,0.7276597792411363,0.47586194984565655,41,0.36644854253420583,0.942432597448504,15,creation,0.81848026156752,1.1818181818181819,1.162674439046061,340,metaweb_empiricalbm,0.1951219512195122,0.04878048780487805,1.5609756097560976,0.5243944684156643,0.6097560975609756,0.19850029108996112,0.38203700564425963,0.20226055919095776,2.0291864961332537,1.2237762237762237,0.19571683521713265,0.8832524826440544,0.17073170731707318,0.7691850089232599,1.0,3,2.0,0.17073170731707318,0.17073170731707318,turkiye,2.772588722239781
5.682926829268292,0.6627448641030983,0.17073170731707318,0.6386354065110103,0.5221768010948545,41,0.3581201665675193,0.9109212288973476,15,creation,0.8217099592590951,0.5483870967741935,1.4161896815380828,233,atn,0.24390243902439024,0.5853658536585366,1.0237953599048186,6.404888590246971,0.04878048780487805,0.14630650492427574,0.5542647646727142,0.1386079714455681,2.1959833526906696,1.371967654986523,0.07138607971445568,1.2170643945122204,0.0,0.4098750743604997,2.4103035878564856,0,3.0,0.7073170731707317,0.0,turkiye,6.99117688712121
0.8,0.0,0.0,2.23606797749979,0.2,5,0.0,0.8,15,burnin,NaN,4.0,0.5590169943749473,4,atn_nestedbm,0.8,0.2,0.0,4.0,0.2,0.0,0.0,0.16,1.2,1.0,0.0,1.6770509831248421,0.0,0.24,1.0,0,2.0,0.0,0.0,turkiye,1.3862943611198906
6.0606060606060606,0.0,0.0,0.574456264653803,0.18939393939393948,33,0.0,1.0,15,burnin,NaN,0.32,1.7951758270431342,200,metaweb,0.24242424242424243,0.7575757575757576,2.203856749311295,0.32,0.7575757575757576,0.0,0.0,0.18365472910927455,1.7575757575757576,1.0,0.0,1.220719562389331,0.0,0.642791551882461,1.0,0,2.0,0.0,0.0,turkiye,5.298317366548036
1.25,0.0,0.0,1.851640199545103,0.2142857142857142,8,0.0,0.7916666666666667,15,burnin,0.8112781244591328,3.0,0.7091242083423347,10,down_niche_empiricalbm,0.75,0.25,0.0625,3.0,0.25,0.0,2.220446049250313e-16,0.15625,1.25,1.0,0.0,1.282853961179637,0.0,0.3125,1.0,0,2.0,0.0,0.0,turkiye,2.302585092994046
3.878787878787879,NaN,0.7575757575757576,0.9401269348148967,2.670895224316739,33,0.2157943067033976,0.6418187477011006,15,burnin,0.9036687643534639,1.32,0.3744808418048996,128,niche,0.24242424242424243,0.0,0.04591368227731864,8.222830304423855,0.06060606060606061,0.5620625901875902,1.0527114432132474,0.11753902662993572,3.1301683522706245,2.0763358778625953,0.11753902662993572,0.9072134224357884,0.2727272727272727,0.1891643709825528,NaN,0,4.0,0.6060606060606061,0.3333333333333333,turkiye,0.0
0.8571428571428571,0.0,0.0,2.6457513110645907,0.142857142857143,7,0.0,0.8571428571428571,15,burnin,NaN,6.0,0.4409585518440985,6,down_niche_nestedbm,0.8571428571428571,0.14285714285714285,0.0,6.0,0.14285714285714285,0.0,4.440892098500626e-16,0.12244897959183673,1.1428571428571428,1.0,0.0,2.204792759220492,0.0,0.30612244897959184,1.0,0,2.0,0.0,0.0,turkiye,1.791759469228055
5.083333333333333,0.3956381136779332,0.6111111111111112,0.599227821156994,0.28353010625737896,36,0.1087962962962963,0.767318744728165,15,burnin,0.8810224907710672,1.0714285714285714,1.5866278073255773,183,down_niche,0.2222222222222222,0.16666666666666666,1.1558641975308641,1.073867178732637,0.6944444444444444,0.023022623899816876,0.12002649152855278,0.1412037037037037,1.8560606060606064,1.0808080808080809,0.010802469135802469,1.0878556676073872,0.027777777777777776,0.3966049382716049,1.8076923076923077,17,2.0,0.08333333333333333,0.027777777777777776,turkiye,4.867534450455582
0.8888888888888888,0.0,0.0,3.000000000000001,0.11111111111111112,9,0.0,0.8888888888888888,15,burnin,NaN,8.0,0.3750000000000001,8,metaweb_nestedbm,0.8888888888888888,0.1111111111111111,0.0,8.0,0.1111111111111111,0.0,0.0,0.09876543209876543,1.1111111111111112,1.0,0.0,2.6250000000000004,0.0,0.345679012345679,1.0,0,2.0,0.0,0.0,turkiye,2.0794415416798357
1.7142857142857142,0.0,0.0,0.9354143466934854,0.2857142857142856,7,0.0,1.0,15,burnin,NaN,0.75,1.247219128924647,12,atn_empiricalbm,0.42857142857142855,0.5714285714285714,0.3673469387755102,0.75,0.5714285714285714,0.0,2.220446049250313e-16,0.24489795918367346,1.5714285714285714,1.0,0.0,0.3118047822311618,0.0,0.24489795918367346,1.0,0,2.0,0.0,0.0,turkiye,2.4849066497880004
0.8888888888888888,0.0,0.0,3.000000000000001,0.11111111111111112,9,0.0,0.8888888888888888,15,burnin,NaN,8.0,0.3750000000000001,8,metaweb_empiricalbm,0.8888888888888888,0.1111111111111111,0.0,8.0,0.1111111111111111,0.0,0.0,0.09876543209876543,1.1111111111111112,1.0,0.0,2.6250000000000004,0.0,0.345679012345679,1.0,0,2.0,0.0,0.0,turkiye,2.0794415416798357
5.4375,0.6756010222554408,0.25,0.7144713248803951,0.5587956994756925,32,0.412109375,0.9281647376549955,15,burnin,0.8302878411047355,0.7391304347826086,1.0579547829788536,174,atn,0.28125,0.46875,0.7841796875,5.833960892520519,0.0625,0.15902554015397266,0.5484843171534269,0.169921875,2.1118272569444443,1.3458646616541354,0.09375,0.8339883378277818,0.0,0.51171875,2.4707347447073476,0,3.0,0.65625,0.0,turkiye,6.688354713946762
4.609756097560975,0.4900784036120655,0.17073170731707318,0.6595530441738566,0.4795056965875778,41,0.23557406305770376,0.912125184818716,16,creation,0.8342061974000101,0.6,1.6145557046620567,189,atn_nestedbm,0.2682926829268293,0.5609756097560976,0.8524687685901249,6.3800690367812924,0.07317073170731707,0.02348284819680701,0.4706177446297861,0.1124330755502677,2.07253193960511,1.4220183486238531,0.009518143961927425,1.400435250501972,0.0,0.30339083878643663,1.9878048780487805,0,3.0,0.6585365853658537,0.0,turkiye,6.198478716492308
8.292682926829269,0.0,0.7560975609756098,0.7276597792411363,0.47586194984565655,41,0.36644854253420583,0.942432597448504,16,creation,0.81848026156752,1.1818181818181819,1.162674439046061,340,metaweb,0.1951219512195122,0.04878048780487805,1.5609756097560976,0.5243944684156643,0.6097560975609756,0.19850029108996112,0.38203700564425963,0.20226055919095776,2.0291864961332537,1.2237762237762237,0.19571683521713265,0.8832524826440544,0.17073170731707318,0.7691850089232599,1.0,3,2.0,0.17073170731707318,0.17073170731707318,turkiye,2.772588722239781
4.585365853658536,1.4425167939593286,0.6341463414634146,0.5748841086194172,0.4622338931060231,41,0.17251635930993456,0.7030753975610815,16,creation,0.8843321090355432,1.0303030303030303,1.563516305966197,188,down_niche_empiricalbm,0.1951219512195122,0.17073170731707318,0.8054729327781083,1.5113794241589205,0.6097560975609756,0.021902958152958153,0.18501540229977043,0.11183819155264724,2.02595818815331,1.2716535433070866,0.006543723973825104,1.200362335896022,0.0,0.2766210588935158,3.556923076923077,21,3.0,0.17073170731707318,0.0,turkiye,5.783825182329737
4.195121951219512,1.2578843876592052,0.6829268292682927,1.2772602157487138,1.078275874647988,41,0.1552647233789411,0.5904759441561903,16,creation,0.8891042149770166,1.2258064516129032,0.7819540499862422,172,niche,0.24390243902439024,0.07317073170731707,0.21594289113622844,5.337404362960761,0.14634146341463414,0.19532940314570515,0.9036057886152938,0.1023200475907198,2.5284648312392215,1.7219251336898396,0.07555026769779893,1.1478502374692412,0.024390243902439025,0.4271267102914932,4.4581005586592175,0,3.0,0.5365853658536586,0.024390243902439025,turkiye,5.8805329864007
4.585365853658536,1.4425167939593286,0.6341463414634146,0.5748841086194172,0.4622338931060231,41,0.17251635930993456,0.7030753975610815,16,creation,0.8843321090355432,1.0303030303030303,1.563516305966197,188,down_niche_nestedbm,0.1951219512195122,0.17073170731707318,0.8054729327781083,1.5113794241589205,0.6097560975609756,0.021902958152958153,0.18501540229977043,0.11183819155264724,2.02595818815331,1.2716535433070866,0.006543723973825104,1.200362335896022,0.0,0.2766210588935158,3.556923076923077,21,3.0,0.17073170731707318,0.0,turkiye,5.783825182329737
4.585365853658536,1.4425167939593286,0.6341463414634146,0.5748841086194172,0.4622338931060231,41,0.17251635930993456,0.7030753975610815,16,creation,0.8843321090355432,1.0303030303030303,1.563516305966197,188,down_niche,0.1951219512195122,0.17073170731707318,0.8054729327781083,1.5113794241589205,0.6097560975609756,0.021902958152958153,0.18501540229977043,0.11183819155264724,2.02595818815331,1.2716535433070866,0.006543723973825104,1.200362335896022,0.0,0.2766210588935158,3.556923076923077,21,3.0,0.17073170731707318,0.0,turkiye,5.783825182329737
8.292682926829269,0.0,0.7560975609756098,0.7276597792411363,0.47586194984565655,41,0.36644854253420583,0.942432597448504,16,creation,0.81848026156752,1.1818181818181819,1.162674439046061,340,metaweb_nestedbm,0.1951219512195122,0.04878048780487805,1.5609756097560976,0.5243944684156643,0.6097560975609756,0.19850029108996112,0.38203700564425963,0.20226055919095776,2.0291864961332537,1.2237762237762237,0.19571683521713265,0.8832524826440544,0.17073170731707318,0.7691850089232599,1.0,3,2.0,0.17073170731707318,0.17073170731707318,turkiye,2.772588722239781
4.609756097560975,0.4900784036120655,0.17073170731707318,0.6595530441738566,0.4795056965875778,41,0.23557406305770376,0.912125184818716,16,creation,0.8342061974000101,0.6,1.6145557046620567,189,atn_empiricalbm,0.2682926829268293,0.5609756097560976,0.8524687685901249,6.3800690367812924,0.07317073170731707,0.02348284819680701,0.4706177446297861,0.1124330755502677,2.07253193960511,1.4220183486238531,0.009518143961927425,1.400435250501972,0.0,0.30339083878643663,1.9878048780487805,0,3.0,0.6585365853658537,0.0,turkiye,6.198478716492308
8.292682926829269,0.0,0.7560975609756098,0.7276597792411363,0.47586194984565655,41,0.36644854253420583,0.942432597448504,16,creation,0.81848026156752,1.1818181818181819,1.162674439046061,340,metaweb_empiricalbm,0.1951219512195122,0.04878048780487805,1.5609756097560976,0.5243944684156643,0.6097560975609756,0.19850029108996112,0.38203700564425963,0.20226055919095776,2.0291864961332537,1.2237762237762237,0.19571683521713265,0.8832524826440544,0.17073170731707318,0.7691850089232599,1.0,3,2.0,0.17073170731707318,0.17073170731707318,turkiye,2.772588722239781
4.609756097560975,0.4900784036120655,0.17073170731707318,0.6595530441738566,0.4795056965875778,41,0.23557406305770376,0.912125184818716,16,creation,0.8342061974000101,0.6,1.6145557046620567,189,atn,0.2682926829268293,0.5609756097560976,0.8524687685901249,6.3800690367812924,0.07317073170731707,0.02348284819680701,0.4706177446297861,0.1124330755502677,2.07253193960511,1.4220183486238531,0.009518143961927425,1.400435250501972,0.0,0.30339083878643663,1.9878048780487805,8,3.0,0.6585365853658537,0.0,turkiye,6.198478716492308
6.0606060606060606,0.0,0.0,0.574456264653803,0.18939393939393948,33,0.0,1.0,16,burnin,NaN,0.32,1.7951758270431342,200,metaweb,0.24242424242424243,0.7575757575757576,2.203856749311295,0.32,0.7575757575757576,0.0,0.0,0.18365472910927455,1.7575757575757576,1.0,0.0,1.220719562389331,0.0,0.642791551882461,1.0,0,2.0,0.0,0.0,turkiye,5.298317366548036
0.8571428571428571,0.0,0.0,2.6457513110645907,0.142857142857143,7,0.0,0.8571428571428571,16,burnin,NaN,6.0,0.4409585518440985,6,down_niche_empiricalbm,0.8571428571428571,0.14285714285714285,0.0,6.0,0.14285714285714285,0.0,4.440892098500626e-16,0.12244897959183673,1.1428571428571428,1.0,0.0,2.204792759220492,0.0,0.30612244897959184,1.0,0,2.0,0.0,0.0,turkiye,1.791759469228055
3.4054054054054053,1.274310480658215,0.6756756756756757,1.3195410780012014,0.9836585916579315,37,0.13805697589481372,0.5761860423625128,16,burnin,0.8948946472912962,1.2962962962962963,0.6867895050108525,126,niche,0.2702702702702703,0.05405405405405406,0.12856099342585828,4.826674847221693,0.16216216216216217,0.2075218994769168,0.8157489145221493,0.09203798392987582,2.392917471042471,1.7657342657342658,0.05405405405405406,1.2030828679784293,0.02702702702702703,0.31921110299488675,4.322368421052632,0,3.0,0.4864864864864865,0.02702702702702703,turkiye,5.0238805208462765
4.171428571428572,0.4969955817660061,0.2571428571428571,0.5943184132993832,0.26386554621848746,35,0.054693877551020405,0.8181933353051365,16,burnin,0.8157738965079356,0.6296296296296297,1.9129420536346782,146,down_niche,0.22857142857142856,0.5142857142857142,1.0726530612244898,1.2764227642276424,0.7142857142857143,0.0,3.9754539223647925e-16,0.11918367346938775,1.8285714285714285,1.051948051948052,0.0,1.4765608407286268,0.0,0.2742857142857143,1.4322580645161291,9,3.0,0.05714285714285714,0.0,turkiye,5.043425116919247
0.8888888888888888,0.0,0.0,3.000000000000001,0.11111111111111112,9,0.0,0.8888888888888888,16,burnin,NaN,8.0,0.3750000000000001,8,metaweb_nestedbm,0.8888888888888888,0.1111111111111111,0.0,8.0,0.1111111111111111,0.0,0.0,0.09876543209876543,1.1111111111111112,1.0,0.0,2.6250000000000004,0.0,0.345679012345679,1.0,0,2.0,0.0,0.0,turkiye,2.0794415416798357
1.0,0.0,0.0,1.4142135623730951,0.29999999999999993,5,0.0,0.7666666666666666,16,burnin,0.7894385203267942,1.5,1.0,5,atn_empiricalbm,0.6,0.4,0.08,2.0000000000000004,0.4,0.0,1.7199501139797033e-16,0.2,1.4,1.0,0.0,0.7071067811865476,0.0,0.16,1.0,0,2.0,0.0,0.0,turkiye,1.6094379124341003
0.8888888888888888,0.0,0.0,3.000000000000001,0.11111111111111112,9,0.0,0.8888888888888888,16,burnin,NaN,8.0,0.3750000000000001,8,metaweb_empiricalbm,0.8888888888888888,0.1111111111111111,0.0,8.0,0.1111111111111111,0.0,0.0,0.09876543209876543,1.1111111111111112,1.0,0.0,2.6250000000000004,0.0,0.345679012345679,1.0,0,2.0,0.0,0.0,turkiye,2.0794415416798357
3.9655172413793105,0.4867115284109387,0.27586206896551724,0.7959694578322601,0.46006199524144614,29,0.20214030915576695,0.9031036238946989,16,burnin,0.8383286559733286,0.9473684210526315,1.2270622965265927,115,atn,0.3448275862068966,0.3793103448275862,0.5897740784780023,5.604229748735189,0.10344827586206896,0.01677420968387355,0.44375507267777814,0.1367419738406659,1.8816912972085384,1.3715846994535519,0.007134363852556481,0.9312674047802002,0.0,0.361474435196195,1.9090909090909092,0,3.0,0.5517241379310345,0.0,turkiye,5.342334251964811
4.512195121951219,0.5047338959513408,0.14634146341463414,0.6706058445056766,0.48848673686389643,41,0.25223081499107675,0.9058821598266725,17,creation,0.8545877265961538,0.5666666666666667,1.5648447928507796,185,atn_nestedbm,0.2682926829268293,0.5853658536585366,0.7816775728732898,6.454565012632853,0.07317073170731707,0.009883163791832522,0.48130723727849406,0.11005353955978585,2.084688346883469,1.4444444444444444,0.004759071980963712,1.381795975125717,0.0,0.297441998810232,2.005736137667304,0,3.0,0.6585365853658537,0.0,turkiye,6.259581464064923
8.292682926829269,0.0,0.7560975609756098,0.7276597792411363,0.47586194984565655,41,0.36644854253420583,0.942432597448504,17,creation,0.81848026156752,1.1818181818181819,1.162674439046061,340,metaweb,0.1951219512195122,0.04878048780487805,1.5609756097560976,0.5243944684156643,0.6097560975609756,0.19850029108996112,0.38203700564425963,0.20226055919095776,2.0291864961332537,1.2237762237762237,0.19571683521713265,0.8832524826440544,0.17073170731707318,0.7691850089232599,1.0,3,2.0,0.17073170731707318,0.17073170731707318,turkiye,2.772588722239781
2.6341463414634148,0.4753826885415284,0.34146341463414637,0.7485353783356049,0.39097560975609746,41,0.04580606781677573,0.5580097421938396,17,creation,0.9213252179954718,0.6666666666666666,1.7821500535709869,108,down_niche_empiricalbm,0.1951219512195122,0.4634146341463415,0.314098750743605,2.459037421732714,0.6097560975609756,0.005782312925170068,0.08606629658238703,0.06424747174301011,1.9951219512195122,1.223021582733813,0.000594883997620464,1.4994755027224504,0.0,0.09815585960737656,1.6610169491525424,18,2.0,0.12195121951219512,0.0,turkiye,4.770684624465665
2.658536585365854,1.380669648690275,0.5609756097560976,1.0856568458637352,1.1188077056296653,41,0.07911957168352171,0.5701038798599775,17,creation,0.9194900584077177,1.064516129032258,0.7409698215229212,109,niche,0.24390243902439024,0.1951219512195122,0.06722189173111243,4.762766746938883,0.12195121951219512,0.2856297548605241,0.7340177974453026,0.06484235574063058,2.513906885162602,2.0140350877192983,0.022010707911957167,1.0796804884197546,0.07317073170731707,0.11005353955978585,3.876146788990826,0,3.0,0.5121951219512195,0.0975609756097561,turkiye,5.384495062789089
2.6341463414634148,0.4753826885415284,0.34146341463414637,0.7485353783356049,0.39097560975609746,41,0.04580606781677573,0.5580097421938396,17,creation,0.9213252179954718,0.6666666666666666,1.7821500535709869,108,down_niche_nestedbm,0.1951219512195122,0.4634146341463415,0.314098750743605,2.459037421732714,0.6097560975609756,0.005782312925170068,0.08606629658238703,0.06424747174301011,1.9951219512195122,1.223021582733813,0.000594883997620464,1.4994755027224504,0.0,0.09815585960737656,1.6610169491525424,18,2.0,0.12195121951219512,0.0,turkiye,4.770684624465665
2.6341463414634148,0.4753826885415284,0.34146341463414637,0.7485353783356049,0.39097560975609746,41,0.04580606781677573,0.5580097421938396,17,creation,0.9213252179954718,0.6666666666666666,1.7821500535709869,108,down_niche,0.1951219512195122,0.4634146341463415,0.314098750743605,2.459037421732714,0.6097560975609756,0.005782312925170068,0.08606629658238703,0.06424747174301011,1.9951219512195122,1.223021582733813,0.000594883997620464,1.4994755027224504,0.0,0.09815585960737656,1.6610169491525424,18,2.0,0.12195121951219512,0.0,turkiye,4.770684624465665
8.292682926829269,0.0,0.7560975609756098,0.7276597792411363,0.47586194984565655,41,0.36644854253420583,0.942432597448504,17,creation,0.81848026156752,1.1818181818181819,1.162674439046061,340,metaweb_nestedbm,0.1951219512195122,0.04878048780487805,1.5609756097560976,0.5243944684156643,0.6097560975609756,0.19850029108996112,0.38203700564425963,0.20226055919095776,2.0291864961332537,1.2237762237762237,0.19571683521713265,0.8832524826440544,0.17073170731707318,0.7691850089232599,1.0,3,2.0,0.17073170731707318,0.17073170731707318,turkiye,2.772588722239781
4.512195121951219,0.5047338959513408,0.14634146341463414,0.6706058445056766,0.48848673686389643,41,0.25223081499107675,0.9058821598266725,17,creation,0.8545877265961538,0.5666666666666667,1.5648447928507796,185,atn_empiricalbm,0.2682926829268293,0.5853658536585366,0.7816775728732898,6.454565012632853,0.07317073170731707,0.009883163791832522,0.48130723727849406,0.11005353955978585,2.084688346883469,1.4444444444444444,0.004759071980963712,1.381795975125717,0.0,0.297441998810232,2.005736137667304,0,3.0,0.6585365853658537,0.0,turkiye,6.259581464064923
8.292682926829269,0.0,0.7560975609756098,0.7276597792411363,0.47586194984565655,41,0.36644854253420583,0.942432597448504,17,creation,0.81848026156752,1.1818181818181819,1.162674439046061,340,metaweb_empiricalbm,0.1951219512195122,0.04878048780487805,1.5609756097560976,0.5243944684156643,0.6097560975609756,0.19850029108996112,0.38203700564425963,0.20226055919095776,2.0291864961332537,1.2237762237762237,0.19571683521713265,0.8832524826440544,0.17073170731707318,0.7691850089232599,1.0,3,2.0,0.17073170731707318,0.17073170731707318,turkiye,2.772588722239781
4.512195121951219,0.5047338959513408,0.14634146341463414,0.6706058445056766,0.48848673686389643,41,0.25223081499107675,0.9058821598266725,17,creation,0.8545877265961538,0.5666666666666667,1.5648447928507796,185,atn,0.2682926829268293,0.5853658536585366,0.7816775728732898,6.454565012632853,0.07317073170731707,0.009883163791832522,0.48130723727849406,0.11005353955978585,2.084688346883469,1.4444444444444444,0.004759071980963712,1.381795975125717,0.0,0.297441998810232,2.005736137667304,0,3.0,0.6585365853658537,0.0,turkiye,6.259581464064923
0.6666666666666666,0.0,0.0,1.7320508075688776,0.3333333333333333,3,0.0,0.6666666666666666,17,burnin,NaN,2.0,0.8660254037844388,2,atn_nestedbm,0.6666666666666666,0.3333333333333333,0.0,2.0,0.3333333333333333,0.0,0.0,0.2222222222222222,1.3333333333333333,1.0,0.0,0.8660254037844388,0.0,0.1111111111111111,1.0,0,2.0,0.0,0.0,turkiye,0.6931471805599453
6.0606060606060606,0.0,0.0,0.574456264653803,0.18939393939393948,33,0.0,1.0,17,burnin,NaN,0.32,1.7951758270431342,200,metaweb,0.24242424242424243,0.7575757575757576,2.203856749311295,0.32,0.7575757575757576,0.0,0.0,0.18365472910927455,1.7575757575757576,1.0,0.0,1.220719562389331,0.0,0.642791551882461,1.0,0,2.0,0.0,0.0,turkiye,5.298317366548036
0.8888888888888888,0.0,0.0,1.7286645857424165,0.24999999999999994,9,0.0,0.5925925925925926,17,burnin,0.9243107116284097,2.0,0.8794529549668931,8,down_niche_empiricalbm,0.6666666666666666,0.3333333333333333,0.024691358024691357,4.68421052631579,0.3333333333333333,0.0,1.3597399555105182e-16,0.09876543209876543,1.3333333333333333,1.0,0.0,1.229519723306625,0.0,0.1111111111111111,1.0,0,2.0,0.0,0.0,turkiye,2.0794415416798357
2.3225806451612905,1.4617463444139498,0.4838709677419355,1.1138392433750501,0.7224668281513031,31,0.062434963579604576,0.6035109156076898,17,burnin,0.9230242191129263,1.1904761904761905,0.7406481423603877,72,niche,0.3225806451612903,0.1935483870967742,0.055150884495317375,3.5414715207275282,0.16129032258064516,0.3454242889726761,0.6794605026625582,0.07492195629552549,2.075446864962994,1.8013698630136987,0.023933402705515087,1.0826208483280597,0.0967741935483871,0.1040582726326743,3.289473684210526,0,3.0,0.5161290322580645,0.12903225806451613,turkiye,4.736198448394496
0.8333333333333334,0.0,0.0,2.4494897427831774,0.1666666666666666,6,0.0,0.8333333333333334,17,burnin,NaN,5.0,0.4898979485566356,5,down_niche_nestedbm,0.8333333333333334,0.16666666666666666,0.0,5.0,0.16666666666666666,0.0,2.220446049250313e-16,0.1388888888888889,1.1666666666666667,1.0,0.0,1.9595917942265424,0.0,0.2777777777777778,1.0,0,2.0,0.0,0.0,turkiye,1.6094379124341003
2.606060606060606,0.0,0.0,0.7848675708932772,0.18939393939393948,33,0.0,0.65547819340389,17,burnin,0.9011037494953571,0.32,2.023512664129611,86,down_niche,0.24242424242424243,0.7575757575757576,0.4719926538108356,2.30550918196995,0.7575757575757576,0.0,2.730000182068467e-16,0.07897153351698806,1.7575757575757576,1.0,0.0,1.6273047058657546,0.0,0.1248852157943067,1.0,17,2.0,0.0,0.0,turkiye,4.454347296253507
1.75,0.0,0.0,0.8503129247346799,0.26785714285714274,8,0.0,0.9333333333333332,17,burnin,0.6673462077438822,0.6,1.391351881555862,14,atn_empiricalbm,0.375,0.625,0.40625,1.1818181818181817,0.625,0.0,2.0557335828564925e-16,0.21875,1.625,1.0,0.0,0.61088283865697,0.0,0.203125,1.0,0,2.0,0.0,0.0,turkiye,2.6390573296152584
0.8888888888888888,0.0,0.0,3.000000000000001,0.11111111111111112,9,0.0,0.8888888888888888,17,burnin,NaN,8.0,0.3750000000000001,8,metaweb_empiricalbm,0.8888888888888888,0.1111111111111111,0.0,8.0,0.1111111111111111,0.0,0.0,0.09876543209876543,1.1111111111111112,1.0,0.0,2.6250000000000004,0.0,0.345679012345679,1.0,0,2.0,0.0,0.0,turkiye,2.0794415416798357
4.1,0.5216481460919494,0.23333333333333334,0.7853872712289967,0.47754230523627067,30,0.24888888888888888,0.9212029571162699,17,burnin,0.8490116229485588,0.85,1.1229198290806033,123,atn,0.3333333333333333,0.43333333333333335,0.5533333333333333,5.762317077534079,0.1,0.0,0.46306683568243484,0.13666666666666666,1.9194444444444443,1.4,0.0,0.853117694826858,0.0,0.3788888888888889,1.96,0,3.0,0.5666666666666667,0.0,turkiye,5.616771097666572
5.7073170731707314,0.6741092695451776,0.17073170731707318,0.6283846188140676,0.5159148019810986,41,0.3497917906008328,0.9122189183585315,18,creation,0.8175144854137113,0.5483870967741935,1.5124522706006973,234,atn_nestedbm,0.24390243902439024,0.5853658536585366,1.1201665675193337,6.69712862642483,0.04878048780487805,0.20033596333784046,0.5741755310042869,0.13920285544318858,2.1978138308168793,1.380952380952381,0.09399167162403331,1.3332227244281245,0.0,0.3866745984533016,2.4505119453924915,0,3.0,0.7073170731707317,0.0,turkiye,7.066466970136958
8.292682926829269,0.0,0.7560975609756098,0.7276597792411363,0.47586194984565655,41,0.36644854253420583,0.942432597448504,18,creation,0.81848026156752,1.1818181818181819,1.162674439046061,340,metaweb,0.1951219512195122,0.04878048780487805,1.5609756097560976,0.5243944684156643,0.6097560975609756,0.19850029108996112,0.38203700564425963,0.20226055919095776,2.0291864961332537,1.2237762237762237,0.19571683521713265,0.8832524826440544,0.17073170731707318,0.7691850089232599,1.0,3,2.0,0.17073170731707318,0.17073170731707318,turkiye,2.772588722239781
5.780487804878049,1.1842547897991742,0.6829268292682927,0.6303224122277865,0.4383305866188366,41,0.2635336109458656,0.7688990797667735,18,creation,0.8793227208595481,1.0909090909090908,1.3035161440511547,237,down_niche_empiricalbm,0.1951219512195122,0.12195121951219512,0.9535990481856038,1.2371398938827367,0.6097560975609756,0.09711516832407606,0.23300350383977667,0.14098750743604996,2.016229982754373,1.1979522184300342,0.05770374776918501,0.9420902552466001,0.04878048780487805,0.4265318262938727,3.9372781065088756,21,2.0,0.1951219512195122,0.04878048780487805,turkiye,6.739336627357174
5.365853658536586,0.9316268390373607,0.8048780487804879,0.9315908813679605,2.2744235473201244,41,0.33135038667459843,0.6518858241263679,18,creation,0.8814442282772132,1.1142857142857143,0.6612050731507817,220,niche,0.14634146341463414,0.04878048780487805,0.21296847114812612,6.242060143230012,0.07317073170731707,0.419509105732016,1.0905098285125345,0.13087447947650208,3.625449724965712,1.642706131078224,0.17727543129089826,0.9729338140960927,0.1951219512195122,0.3670434265318263,5.204412719013628,0,3.0,0.7073170731707317,0.21951219512195122,turkiye,7.340186835320115
5.780487804878049,1.1842547897991742,0.6829268292682927,0.6303224122277865,0.4383305866188366,41,0.2635336109458656,0.7688990797667735,18,creation,0.8793227208595481,1.0909090909090908,1.3035161440511547,237,down_niche_nestedbm,0.1951219512195122,0.12195121951219512,0.9535990481856038,1.2371398938827367,0.6097560975609756,0.09711516832407606,0.23300350383977667,0.14098750743604996,2.016229982754373,1.1979522184300342,0.05770374776918501,0.9420902552466001,0.04878048780487805,0.4265318262938727,3.9372781065088756,28,2.0,0.1951219512195122,0.04878048780487805,turkiye,6.739336627357174
5.780487804878049,1.1842547897991742,0.6829268292682927,0.6303224122277865,0.4383305866188366,41,0.2635336109458656,0.7688990797667735,18,creation,0.8793227208595481,1.0909090909090908,1.3035161440511547,237,down_niche,0.1951219512195122,0.12195121951219512,0.9535990481856038,1.2371398938827367,0.6097560975609756,0.09711516832407606,0.23300350383977667,0.14098750743604996,2.016229982754373,1.1979522184300342,0.05770374776918501,0.9420902552466001,0.04878048780487805,0.4265318262938727,3.9372781065088756,21,2.0,0.1951219512195122,0.04878048780487805,turkiye,6.739336627357174
8.292682926829269,0.0,0.7560975609756098,0.7276597792411363,0.47586194984565655,41,0.36644854253420583,0.942432597448504,18,creation,0.81848026156752,1.1818181818181819,1.162674439046061,340,metaweb_nestedbm,0.1951219512195122,0.04878048780487805,1.5609756097560976,0.5243944684156643,0.6097560975609756,0.19850029108996112,0.38203700564425963,0.20226055919095776,2.0291864961332537,1.2237762237762237,0.19571683521713265,0.8832524826440544,0.17073170731707318,0.7691850089232599,1.0,3,2.0,0.17073170731707318,0.17073170731707318,turkiye,2.772588722239781
5.7073170731707314,0.6741092695451776,0.17073170731707318,0.6283846188140676,0.5159148019810986,41,0.3497917906008328,0.9122189183585315,18,creation,0.8175144854137113,0.5483870967741935,1.5124522706006973,234,atn_empiricalbm,0.24390243902439024,0.5853658536585366,1.1201665675193337,6.69712862642483,0.04878048780487805,0.20033596333784046,0.5741755310042869,0.13920285544318858,2.1978138308168793,1.380952380952381,0.09399167162403331,1.3332227244281245,0.0,0.3866745984533016,2.4505119453924915,0,3.0,0.7073170731707317,0.0,turkiye,7.066466970136958
8.292682926829269,0.0,0.7560975609756098,0.7276597792411363,0.47586194984565655,41,0.36644854253420583,0.942432597448504,18,creation,0.81848026156752,1.1818181818181819,1.162674439046061,340,metaweb_empiricalbm,0.1951219512195122,0.04878048780487805,1.5609756097560976,0.5243944684156643,0.6097560975609756,0.19850029108996112,0.38203700564425963,0.20226055919095776,2.0291864961332537,1.2237762237762237,0.19571683521713265,0.8832524826440544,0.17073170731707318,0.7691850089232599,1.0,3,2.0,0.17073170731707318,0.17073170731707318,turkiye,2.772588722239781
5.7073170731707314,0.6741092695451776,0.17073170731707318,0.6283846188140676,0.5159148019810986,41,0.3497917906008328,0.9122189183585315,18,creation,0.8175144854137113,0.5483870967741935,1.5124522706006973,234,atn,0.24390243902439024,0.5853658536585366,1.1201665675193337,6.69712862642483,0.04878048780487805,0.20033596333784046,0.5741755310042869,0.13920285544318858,2.1978138308168793,1.380952380952381,0.09399167162403331,1.3332227244281245,0.0,0.3866745984533016,2.4505119453924915,0,3.0,0.7073170731707317,0.0,turkiye,7.066466970136958
0.875,0.5163977794943222,0.125,2.0659674669132673,0.26214285714285707,8,0.03125,0.7916666666666666,18,burnin,0.9631182755749307,3.5,0.4040610178208843,7,atn_nestedbm,0.75,0.125,0.0,4.714285714285714,0.125,0.0,0.33806170189140666,0.109375,1.275,1.0,0.0,1.70062584946936,0.0,0.171875,1.3333333333333333,0,2.0,0.125,0.0,turkiye,1.791759469228055
6.0606060606060606,0.0,0.0,0.574456264653803,0.18939393939393948,33,0.0,1.0,18,burnin,NaN,0.32,1.7951758270431342,200,metaweb,0.24242424242424243,0.7575757575757576,2.203856749311295,0.32,0.7575757575757576,0.0,0.0,0.18365472910927455,1.7575757575757576,1.0,0.0,1.220719562389331,0.0,0.642791551882461,1.0,0,2.0,0.0,0.0,turkiye,5.298317366548036
1.2222222222222223,0.0,0.0,1.9948280234083353,0.19444444444444448,9,0.0,0.8492063492063492,18,burnin,0.8580327848781134,3.5,0.6818181818181818,11,down_niche_empiricalbm,0.7777777777777778,0.2222222222222222,0.04938271604938271,3.9090909090909087,0.2222222222222222,0.0,3.605312230474616e-16,0.13580246913580246,1.2222222222222223,1.0,0.0,1.4812882488000292,0.0,0.30864197530864196,1.0,0,2.0,0.0,0.0,turkiye,2.3978952727983707
2.3076923076923075,0.8366600265340756,0.5384615384615384,1.0523342660045845,0.7791287067910445,13,0.05325443786982249,0.44059829059829053,18,burnin,0.8808370706915857,1.0,0.9257629486196979,30,niche,0.23076923076923078,0.23076923076923078,0.10059171597633136,2.030527289546716,0.23076923076923078,0.6248677248677248,0.6977026073073497,0.17751479289940827,2.2843156843156844,1.2432432432432432,0.1301775147928994,1.154860902318415,0.15384615384615385,0.09467455621301775,1.8,0,3.0,0.46153846153846156,0.23076923076923078,turkiye,1.6094379124341003
0.875,0.0,0.0,2.8284271247461903,0.12499999999999989,8,0.0,0.875,18,burnin,NaN,7.0,0.4040610178208843,7,down_niche_nestedbm,0.875,0.125,0.0,7.0,0.125,0.0,4.440892098500626e-16,0.109375,1.125,1.0,0.0,2.4243661069253055,0.0,0.328125,1.0,0,2.0,0.0,0.0,turkiye,1.9459101490553132
4.916666666666667,0.49189812347758705,0.6388888888888888,0.5902311405523362,0.2944444444444445,36,0.1087962962962963,0.7815896630208224,18,burnin,0.869930332556252,1.1071428571428572,1.659039194150785,177,down_niche,0.2222222222222222,0.1388888888888889,1.165895061728395,1.0467262417509977,0.6944444444444444,0.0,0.10629880069054677,0.13657407407407407,1.8611111111111112,1.0837696335078535,0.0,1.1920311044854577,0.05555555555555555,0.3680555555555556,1.6101694915254237,11,1.0,0.08333333333333333,0.05555555555555555,turkiye,4.07753744390572
0.75,0.0,0.0,2.0,0.2499999999999999,4,0.0,0.75,18,burnin,NaN,3.0,0.6666666666666666,3,atn_empiricalbm,0.75,0.25,0.0,3.0,0.25,0.0,2.220446049250313e-16,0.1875,1.25,1.0,0.0,1.3333333333333333,0.0,0.1875,1.0,0,2.0,0.0,0.0,turkiye,1.0986122886681098
0.8888888888888888,0.0,0.0,3.000000000000001,0.11111111111111112,9,0.0,0.8888888888888888,18,burnin,NaN,8.0,0.3750000000000001,8,metaweb_empiricalbm,0.8888888888888888,0.1111111111111111,0.0,8.0,0.1111111111111111,0.0,0.0,0.09876543209876543,1.1111111111111112,1.0,0.0,2.6250000000000004,0.0,0.345679012345679,1.0,0,2.0,0.0,0.0,turkiye,2.0794415416798357
4.928571428571429,0.6822310057974267,0.21428571428571427,0.7729669884657709,0.5343257404456919,28,0.34438775510204084,0.9210446738504015,18,burnin,0.8175172076767347,0.7894736842105263,1.0890479074932906,138,atn,0.32142857142857145,0.4642857142857143,0.7244897959183674,5.733383121732636,0.07142857142857142,0.21011586514129638,0.5478120190401926,0.1760204081632653,2.0058638038548753,1.3235294117647058,0.11734693877551021,0.9018518482577398,0.0,0.47831632653061223,2.369485294117647,0,3.0,0.6071428571428571,0.0,turkiye,6.298949246855942
4.853658536585366,0.5262362378320318,0.17073170731707318,0.6732505712276013,0.4816757036910291,41,0.26055919095776325,0.9121389949374544,19,creation,0.8259916527097239,0.6,1.505966937136097,199,atn_nestedbm,0.2682926829268293,0.5609756097560976,0.8506841165972635,6.589134750780632,0.07317073170731707,0.029177537211172295,0.4867602122614179,0.11838191552647234,2.0772890050329074,1.4231884057971014,0.013087447947650209,1.2835561837553684,0.0,0.3420582986317668,2.0324324324324325,0,3.0,0.6585365853658537,0.0,turkiye,6.318968113746434
8.292682926829269,0.0,0.7560975609756098,0.7276597792411363,0.47586194984565655,41,0.36644854253420583,0.942432597448504,19,creation,0.81848026156752,1.1818181818181819,1.162674439046061,340,metaweb,0.1951219512195122,0.04878048780487805,1.5609756097560976,0.5243944684156643,0.6097560975609756,0.19850029108996112,0.38203700564425963,0.20226055919095776,2.0291864961332537,1.2237762237762237,0.19571683521713265,0.8832524826440544,0.17073170731707318,0.7691850089232599,1.0,3,2.0,0.17073170731707318,0.17073170731707318,turkiye,2.772588722239781
4.878048780487805,0.762448484218451,0.5853658536585366,0.574722759250058,0.4404987777694137,41,0.1748958953004164,0.6501746444906572,19,creation,0.9158988028389734,0.9696969696969697,1.471291099680821,200,down_niche_empiricalbm,0.1951219512195122,0.21951219512195122,0.8209399167162403,1.0446213025146982,0.6097560975609756,0.06231586841342939,0.18181599461678583,0.1189767995240928,2.0153003613369465,1.2346153846153847,0.022605591909577633,1.0689334637852816,0.0,0.30160618679357526,2.736842105263158,41,2.0,0.1951219512195122,0.0,turkiye,5.988961416889864
4.439024390243903,1.1232910067568316,0.6097560975609756,1.120782828227553,0.9561632404786797,41,0.19393218322427128,0.6324025567928008,19,creation,0.8825764851426766,1.1290322580645162,0.6087604625869529,182,niche,0.24390243902439024,0.14634146341463414,0.17311124330755503,4.4295049017638295,0.04878048780487805,0.3367483490189826,0.7893995337143094,0.10826888756692445,2.4554720721152754,1.5325779036827196,0.08982748364069007,0.9520616187657291,0.07317073170731707,0.3652587745389649,3.590909090909091,0,3.0,0.6585365853658537,0.07317073170731707,turkiye,6.135564891081739
4.878048780487805,0.762448484218451,0.5853658536585366,0.574722759250058,0.4404987777694137,41,0.1748958953004164,0.6501746444906572,19,creation,0.9158988028389734,0.9696969696969697,1.471291099680821,200,down_niche_nestedbm,0.1951219512195122,0.21951219512195122,0.8209399167162403,1.0446213025146982,0.6097560975609756,0.06231586841342939,0.18181599461678583,0.1189767995240928,2.0153003613369465,1.2346153846153847,0.022605591909577633,1.0689334637852816,0.0,0.30160618679357526,2.736842105263158,42,2.0,0.1951219512195122,0.0,turkiye,5.988961416889864
4.878048780487805,0.762448484218451,0.5853658536585366,0.574722759250058,0.4404987777694137,41,0.1748958953004164,0.6501746444906572,19,creation,0.9158988028389734,0.9696969696969697,1.471291099680821,200,down_niche,0.1951219512195122,0.21951219512195122,0.8209399167162403,1.0446213025146982,0.6097560975609756,0.06231586841342939,0.18181599461678583,0.1189767995240928,2.0153003613369465,1.2346153846153847,0.022605591909577633,1.0689334637852816,0.0,0.30160618679357526,2.736842105263158,42,2.0,0.1951219512195122,0.0,turkiye,5.988961416889864
8.292682926829269,0.0,0.7560975609756098,0.7276597792411363,0.47586194984565655,41,0.36644854253420583,0.942432597448504,19,creation,0.81848026156752,1.1818181818181819,1.162674439046061,340,metaweb_nestedbm,0.1951219512195122,0.04878048780487805,1.5609756097560976,0.5243944684156643,0.6097560975609756,0.19850029108996112,0.38203700564425963,0.20226055919095776,2.0291864961332537,1.2237762237762237,0.19571683521713265,0.8832524826440544,0.17073170731707318,0.7691850089232599,1.0,3,2.0,0.17073170731707318,0.17073170731707318,turkiye,2.772588722239781
4.853658536585366,0.5262362378320318,0.17073170731707318,0.6732505712276013,0.4816757036910291,41,0.26055919095776325,0.9121389949374544,19,creation,0.8259916527097239,0.6,1.505966937136097,199,atn_empiricalbm,0.2682926829268293,0.5609756097560976,0.8506841165972635,6.589134750780632,0.07317073170731707,0.029177537211172295,0.4867602122614179,0.11838191552647234,2.0772890050329074,1.4231884057971014,0.013087447947650209,1.2835561837553684,0.0,0.3420582986317668,2.0324324324324325,0,3.0,0.6585365853658537,0.0,turkiye,6.318968113746434
8.292682926829269,0.0,0.7560975609756098,0.7276597792411363,0.47586194984565655,41,0.36644854253420583,0.942432597448504,19,creation,0.81848026156752,1.1818181818181819,1.162674439046061,340,metaweb_empiricalbm,0.1951219512195122,0.04878048780487805,1.5609756097560976,0.5243944684156643,0.6097560975609756,0.19850029108996112,0.38203700564425963,0.20226055919095776,2.0291864961332537,1.2237762237762237,0.19571683521713265,0.8832524826440544,0.17073170731707318,0.7691850089232599,1.0,3,2.0,0.17073170731707318,0.17073170731707318,turkiye,2.772588722239781
4.853658536585366,0.5262362378320318,0.17073170731707318,0.6732505712276013,0.4816757036910291,41,0.26055919095776325,0.9121389949374544,19,creation,0.8259916527097239,0.6,1.505966937136097,199,atn,0.2682926829268293,0.5609756097560976,0.8506841165972635,6.589134750780632,0.07317073170731707,0.029177537211172295,0.4867602122614179,0.11838191552647234,2.0772890050329074,1.4231884057971014,0.013087447947650209,1.2835561837553684,0.0,0.3420582986317668,2.0324324324324325,0,3.0,0.6585365853658537,0.0,turkiye,6.318968113746434
0.6666666666666666,0.0,0.0,1.7320508075688776,0.3333333333333333,3,0.0,0.6666666666666666,19,burnin,NaN,2.0,0.8660254037844388,2,atn_nestedbm,0.6666666666666666,0.3333333333333333,0.0,2.0,0.3333333333333333,0.0,0.0,0.2222222222222222,1.3333333333333333,1.0,0.0,0.8660254037844388,0.0,0.1111111111111111,1.0,0,2.0,0.0,0.0,turkiye,0.6931471805599453
6.0606060606060606,0.0,0.0,0.574456264653803,0.18939393939393948,33,0.0,1.0,19,burnin,NaN,0.32,1.7951758270431342,200,metaweb,0.24242424242424243,0.7575757575757576,2.203856749311295,0.32,0.7575757575757576,0.0,0.0,0.18365472910927455,1.7575757575757576,1.0,0.0,1.220719562389331,0.0,0.642791551882461,1.0,0,2.0,0.0,0.0,turkiye,5.298317366548036
1.5454545454545454,0.0,0.0,1.7449878793166267,0.2181818181818181,11,0.0,0.8268398268398266,19,burnin,0.8166152831474294,2.6666666666666665,0.8368667879425289,17,down_niche_empiricalbm,0.7272727272727273,0.2727272727272727,0.10743801652892562,3.0526315789473677,0.2727272727272727,0.0,3.3197666908630997e-16,0.14049586776859505,1.2727272727272727,1.0,0.0,1.2431125128978406,0.0,0.33884297520661155,1.0,0,2.0,0.0,0.0,turkiye,2.833213344056216
2.9615384615384617,0.6831300510639732,0.5384615384615384,1.209871133589051,0.6513199076372732,26,0.11538461538461539,0.60592838534015,19,burnin,0.8858382745762993,1.5,0.44264190984072527,77,niche,0.38461538461538464,0.07692307692307693,0.05917159763313609,3.7511563300588167,0.11538461538461539,0.4867000520846675,0.6383136370106689,0.11390532544378698,1.9102965187267513,1.4924242424242424,0.07396449704142012,1.0153219842286252,0.11538461538461539,0.23224852071005916,1.75,0,3.0,0.5,0.11538461538461539,turkiye,2.772588722239781
1.2,0.0,0.0,2.144473229513198,0.17777777777777765,10,0.0,0.85,19,burnin,0.8824943782331289,4.0,0.6573421981221796,12,down_niche_nestedbm,0.8,0.2,0.04,4.833333333333334,0.2,0.0,3.6821932062951477e-16,0.12,1.2,1.0,0.0,1.675900347666484,0.0,0.31,1.0,0,2.0,0.0,0.0,turkiye,2.4849066497880004
4.371428571428571,0.501769917039065,0.34285714285714286,0.5873909956068035,0.26386554621848735,35,0.05795918367346939,0.7607360203633496,19,burnin,0.882011422997593,0.7407407407407407,1.7893146531996078,153,down_niche,0.22857142857142856,0.42857142857142855,1.059591836734694,0.8757073430530591,0.7142857142857143,0.0,3.8164864733979857e-16,0.12489795918367347,1.8285714285714285,1.0946745562130178,0.0,1.3062953496774625,0.0,0.3020408163265306,1.50354609929078,16,2.0,0.05714285714285714,0.0,turkiye,4.948759890378168
2.1,0.0,0.0,0.6900655593423541,0.23333333333333325,10,0.0,1.0,19,burnin,NaN,0.42857142857142855,1.6101529717988263,21,atn_empiricalbm,0.3,0.7,0.63,0.42857142857142855,0.7,0.0,2.220446049250313e-16,0.21,1.7,1.0,0.0,0.9200874124564722,0.0,0.21,1.0,0,2.0,0.0,0.0,turkiye,3.044522437723423
0.8888888888888888,0.0,0.0,3.000000000000001,0.11111111111111112,9,0.0,0.8888888888888888,19,burnin,NaN,8.0,0.3750000000000001,8,metaweb_empiricalbm,0.8888888888888888,0.1111111111111111,0.0,8.0,0.1111111111111111,0.0,0.0,0.09876543209876543,1.1111111111111112,1.0,0.0,2.6250000000000004,0.0,0.345679012345679,1.0,0,2.0,0.0,0.0,turkiye,2.0794415416798357
4.32258064516129,0.5394107737588707,0.1935483870967742,0.7564774368234388,0.47696012544802874,31,0.2663891779396462,0.9422179051847983,19,burnin,0.8150202815706344,0.7619047619047619,1.1542261751555767,134,atn,0.3225806451612903,0.4838709677419355,0.6201873048907388,5.963808165448387,0.0967741935483871,0.0,0.4687862755449475,0.13943808532778357,1.9401881720430108,1.4017857142857142,0.0,0.8667367782414496,0.0,0.39854318418314255,1.9690402476780187,0,3.0,0.5806451612903226,0.0,turkiye,5.777652323222656
4.804878048780488,0.4580709016171454,0.12195121951219512,0.6666716053653379,0.4908810014944325,41,0.25580011897679955,0.9136649329226213,20,creation,0.8444550435435644,0.5333333333333333,1.5933350353345013,197,atn_nestedbm,0.2682926829268293,0.6097560975609756,0.9119571683521713,6.280688786522302,0.0975609756097561,0.0164855233924927,0.47277578260439107,0.11719214753123142,2.0894744483159124,1.4188790560471976,0.008328375966686495,1.3765005609236016,0.0,0.3367043426531826,1.9454887218045114,0,3.0,0.6341463414634146,0.0,turkiye,6.2766434893416445
8.292682926829269,0.0,0.7560975609756098,0.7276597792411363,0.47586194984565655,41,0.36644854253420583,0.942432597448504,20,creation,0.81848026156752,1.1818181818181819,1.162674439046061,340,metaweb,0.1951219512195122,0.04878048780487805,1.5609756097560976,0.5243944684156643,0.6097560975609756,0.19850029108996112,0.38203700564425963,0.20226055919095776,2.0291864961332537,1.2237762237762237,0.19571683521713265,0.8832524826440544,0.17073170731707318,0.7691850089232599,1.0,3,2.0,0.17073170731707318,0.17073170731707318,turkiye,2.772588722239781
4.902439024390244,1.102686023553932,0.5609756097560976,0.580187819156339,0.44414850846969867,41,0.1933372992266508,0.7215923113059911,20,creation,0.8780024335974915,0.9393939393939394,1.4918497587162118,201,down_niche_empiricalbm,0.1951219512195122,0.24390243902439024,0.8602022605591909,2.9349725498878634,0.6097560975609756,0.02983946608946609,0.16555996949853355,0.11957168352171327,2.0198606271777004,1.21484375,0.009518143961927425,1.1052818550082237,0.0,0.32004759071980965,2.9235412474849096,20,3.0,0.1951219512195122,0.0,turkiye,6.208590026096629
5.317073170731708,0.9430898921426637,0.7560975609756098,1.1627431510803352,2.443395282158339,41,0.24747174301011302,0.6531808776622887,20,creation,0.8840135275972145,1.1818181818181819,0.5054225778063185,218,niche,0.1951219512195122,0.04878048780487805,0.16121356335514575,6.33262472069257,0.04878048780487805,0.4648300091839582,1.2513095642496705,0.12968471148126115,3.3709225804272602,1.793939393939394,0.1522903033908388,1.0302250880312953,0.14634146341463414,0.496133254015467,5.267274107820805,0,3.0,0.6585365853658537,0.1951219512195122,turkiye,7.876258882303226
4.902439024390244,1.102686023553932,0.5609756097560976,0.580187819156339,0.44414850846969867,41,0.1933372992266508,0.7215923113059911,20,creation,0.8780024335974915,0.9393939393939394,1.4918497587162118,201,down_niche_nestedbm,0.1951219512195122,0.24390243902439024,0.8602022605591909,2.9349725498878634,0.6097560975609756,0.02983946608946609,0.16555996949853355,0.11957168352171327,2.0198606271777004,1.21484375,0.009518143961927425,1.1052818550082237,0.0,0.32004759071980965,2.9235412474849096,20,3.0,0.1951219512195122,0.0,turkiye,6.208590026096629
4.902439024390244,1.102686023553932,0.5609756097560976,0.580187819156339,0.44414850846969867,41,0.1933372992266508,0.7215923113059911,20,creation,0.8780024335974915,0.9393939393939394,1.4918497587162118,201,down_niche,0.1951219512195122,0.24390243902439024,0.8602022605591909,2.9349725498878634,0.6097560975609756,0.02983946608946609,0.16555996949853355,0.11957168352171327,2.0198606271777004,1.21484375,0.009518143961927425,1.1052818550082237,0.0,0.32004759071980965,2.9235412474849096,20,3.0,0.1951219512195122,0.0,turkiye,6.208590026096629
8.292682926829269,0.0,0.7560975609756098,0.7276597792411363,0.47586194984565655,41,0.36644854253420583,0.942432597448504,20,creation,0.81848026156752,1.1818181818181819,1.162674439046061,340,metaweb_nestedbm,0.1951219512195122,0.04878048780487805,1.5609756097560976,0.5243944684156643,0.6097560975609756,0.19850029108996112,0.38203700564425963,0.20226055919095776,2.0291864961332537,1.2237762237762237,0.19571683521713265,0.8832524826440544,0.17073170731707318,0.7691850089232599,1.0,3,2.0,0.17073170731707318,0.17073170731707318,turkiye,2.772588722239781
4.804878048780488,0.4580709016171454,0.12195121951219512,0.6666716053653379,0.4908810014944325,41,0.25580011897679955,0.9136649329226213,20,creation,0.8444550435435644,0.5333333333333333,1.5933350353345013,197,atn_empiricalbm,0.2682926829268293,0.6097560975609756,0.9119571683521713,6.280688786522302,0.0975609756097561,0.0164855233924927,0.47277578260439107,0.11719214753123142,2.0894744483159124,1.4188790560471976,0.008328375966686495,1.3765005609236016,0.0,0.3367043426531826,1.9454887218045114,0,3.0,0.6341463414634146,0.0,turkiye,6.2766434893416445
8.292682926829269,0.0,0.7560975609756098,0.7276597792411363,0.47586194984565655,41,0.36644854253420583,0.942432597448504,20,creation,0.81848026156752,1.1818181818181819,1.162674439046061,340,metaweb_empiricalbm,0.1951219512195122,0.04878048780487805,1.5609756097560976,0.5243944684156643,0.6097560975609756,0.19850029108996112,0.38203700564425963,0.20226055919095776,2.0291864961332537,1.2237762237762237,0.19571683521713265,0.8832524826440544,0.17073170731707318,0.7691850089232599,1.0,3,2.0,0.17073170731707318,0.17073170731707318,turkiye,2.772588722239781
4.804878048780488,0.4580709016171454,0.12195121951219512,0.6666716053653379,0.4908810014944325,41,0.25580011897679955,0.9136649329226213,20,creation,0.8444550435435644,0.5333333333333333,1.5933350353345013,197,atn,0.2682926829268293,0.6097560975609756,0.9119571683521713,6.280688786522302,0.0975609756097561,0.0164855233924927,0.47277578260439107,0.11719214753123142,2.0894744483159124,1.4188790560471976,0.008328375966686495,1.3765005609236016,0.0,0.3367043426531826,1.9454887218045114,0,3.0,0.6341463414634146,0.0,turkiye,6.2766434893416445
1.0909090909090908,0.5163977794943223,0.18181818181818182,1.8988300491501484,0.2767676767676769,11,0.049586776859504134,0.8363636363636363,20,burnin,0.925945455127374,3.3333333333333335,0.49441323247304425,12,atn_nestedbm,0.7272727272727273,0.09090909090909091,0.01652892561983471,5.000000000000001,0.18181818181818182,0.0,0.33333333333333337,0.09917355371900827,1.303030303030303,1.0,0.0,1.6304396135194135,0.0,0.18181818181818182,1.6,0,2.0,0.09090909090909091,0.0,turkiye,2.302585092994046
6.0606060606060606,0.0,0.0,0.574456264653803,0.18939393939393948,33,0.0,1.0,20,burnin,NaN,0.32,1.7951758270431342,200,metaweb,0.24242424242424243,0.7575757575757576,2.203856749311295,0.32,0.7575757575757576,0.0,0.0,0.18365472910927455,1.7575757575757576,1.0,0.0,1.220719562389331,0.0,0.642791551882461,1.0,0,2.0,0.0,0.0,turkiye,5.298317366548036
0.8571428571428571,0.0,0.0,2.6457513110645907,0.142857142857143,7,0.0,0.8571428571428571,20,burnin,NaN,6.0,0.4409585518440985,6,down_niche_empiricalbm,0.8571428571428571,0.14285714285714285,0.0,6.0,0.14285714285714285,0.0,4.440892098500626e-16,0.12244897959183673,1.1428571428571428,1.0,0.0,2.204792759220492,0.0,0.30612244897959184,1.0,0,2.0,0.0,0.0,turkiye,1.791759469228055
4.172413793103448,1.077212230450339,0.6896551724137931,1.1441708837541238,1.1564158282286434,29,0.20332936979785968,0.6398225337880511,20,burnin,0.872905518585115,1.3333333333333333,0.405464349488796,121,niche,0.27586206896551724,0.034482758620689655,0.09869203329369798,4.69175120819625,0.06896551724137931,0.5128668097735035,0.8618220748060343,0.14387633769322236,2.4733025955664356,1.5903083700440528,0.12247324613555291,0.9813580427486008,0.20689655172413793,0.38882282996432815,4.860786397449521,0,3.0,0.5862068965517241,0.2413793103448276,turkiye,6.846943139585379
0.75,0.0,0.0,2.0,0.2499999999999999,4,0.0,0.75,20,burnin,NaN,3.0,0.6666666666666666,3,down_niche_nestedbm,0.75,0.25,0.0,3.0,0.25,0.0,2.220446049250313e-16,0.1875,1.25,1.0,0.0,1.3333333333333333,0.0,0.1875,1.0,0,2.0,0.0,0.0,turkiye,1.0986122886681098
4.303030303030303,0.0,0.0,0.6243499893048857,0.18939393939393942,33,0.0,0.8565446520980118,20,burnin,0.7727502796076207,0.32,1.9689207648804223,142,down_niche,0.24242424242424243,0.7575757575757576,1.2699724517906337,2.4632683658170915,0.7575757575757576,0.0,4.061092280370177e-16,0.13039485766758493,1.7575757575757576,1.0,0.0,1.4845746486863896,0.0,0.3213957759412305,1.0,7,2.0,0.0,0.0,turkiye,4.955827057601261
1.7142857142857142,0.0,0.0,0.9354143466934854,0.2857142857142856,7,0.0,1.0,20,burnin,NaN,0.75,1.247219128924647,12,atn_empiricalbm,0.42857142857142855,0.5714285714285714,0.3673469387755102,0.75,0.5714285714285714,0.0,2.220446049250313e-16,0.24489795918367346,1.5714285714285714,1.0,0.0,0.3118047822311618,0.0,0.24489795918367346,1.0,0,2.0,0.0,0.0,turkiye,2.4849066497880004
0.8888888888888888,0.0,0.0,3.000000000000001,0.11111111111111112,9,0.0,0.8888888888888888,20,burnin,NaN,8.0,0.3750000000000001,8,metaweb_empiricalbm,0.8888888888888888,0.1111111111111111,0.0,8.0,0.1111111111111111,0.0,0.0,0.09876543209876543,1.1111111111111112,1.0,0.0,2.6250000000000004,0.0,0.345679012345679,1.0,0,2.0,0.0,0.0,turkiye,2.0794415416798357
3.8461538461538463,0.5012547071170854,0.23076923076923078,0.875369636210898,0.4787859759288331,26,0.23668639053254437,0.9532356532356533,20,burnin,0.837983996233977,1.0,0.9466065708624676,100,atn,0.38461538461538464,0.38461538461538464,0.4556213017751479,5.232876712328768,0.15384615384615385,0.0,0.44561354172806356,0.14792899408284024,1.8223443223443223,1.3506493506493507,0.0,0.6690411048657624,0.0,0.42011834319526625,1.9,0,3.0,0.46153846153846156,0.0,turkiye,5.298317366548036
5.878048780487805,0.49896557965463517,0.17073170731707318,0.6912531809769414,0.5309173847532749,41,0.38072575847709694,0.9293545796727134,21,creation,0.7976700656364896,0.6,1.3342549313486296,241,atn_nestedbm,0.2682926829268293,0.5609756097560976,1.041046995835812,6.686852069786825,0.07317073170731707,0.06609684865022057,0.47635913613611885,0.14336704342653184,2.113603771454381,1.370757180156658,0.04045211183819155,1.1102369061801909,0.0,0.5056513979773944,2.0903686087990487,0,3.0,0.6585365853658537,0.0,turkiye,6.734591659972948
8.292682926829269,0.0,0.7560975609756098,0.7276597792411363,0.47586194984565655,41,0.36644854253420583,0.942432597448504,21,creation,0.81848026156752,1.1818181818181819,1.162674439046061,340,metaweb,0.1951219512195122,0.04878048780487805,1.5609756097560976,0.5243944684156643,0.6097560975609756,0.19850029108996112,0.38203700564425963,0.20226055919095776,2.0291864961332537,1.2237762237762237,0.19571683521713265,0.8832524826440544,0.17073170731707318,0.7691850089232599,1.0,3,2.0,0.17073170731707318,0.17073170731707318,turkiye,2.772588722239781
5.951219512195122,0.782264642601668,0.5365853658536586,0.567283291877834,0.3987261282478622,41,0.24866151100535397,0.7892256864264717,21,creation,0.8412406825700282,0.9090909090909091,1.4395768184733817,244,down_niche_empiricalbm,0.1951219512195122,0.2682926829268293,1.1879833432480666,1.448340070595532,0.6097560975609756,0.07357143269126303,0.18751387058023328,0.1451516954193932,1.996856621246865,1.1845637583892616,0.04342653182629387,1.0263730389859311,0.024390243902439025,0.44378346222486614,2.611764705882353,24,2.0,0.1951219512195122,0.024390243902439025,turkiye,6.522092798170152
6.073170731707317,NaN,0.7560975609756098,1.187022168572857,1.405627746226933,41,0.31171921475312314,0.7639471751010937,21,creation,0.8478161331850174,1.3225806451612903,0.36706365942281705,249,niche,0.24390243902439024,0.0,0.13027959547888163,7.348041325833007,0.024390243902439025,0.52386738356243,0.9679328806753805,0.14812611540749554,2.7005389938168496,1.6686746987951808,0.1766805472932778,1.1202868653172047,0.24390243902439024,0.5532421177870316,NaN,0,4.0,0.6585365853658537,0.24390243902439024,turkiye,0.0
5.951219512195122,0.782264642601668,0.5365853658536586,0.567283291877834,0.3987261282478622,41,0.24866151100535397,0.7892256864264717,21,creation,0.8412406825700282,0.9090909090909091,1.4395768184733817,244,down_niche_nestedbm,0.1951219512195122,0.2682926829268293,1.1879833432480666,1.448340070595532,0.6097560975609756,0.07357143269126303,0.18751387058023328,0.1451516954193932,1.996856621246865,1.1845637583892616,0.04342653182629387,1.0263730389859311,0.024390243902439025,0.44378346222486614,2.611764705882353,24,2.0,0.1951219512195122,0.024390243902439025,turkiye,6.522092798170152
5.951219512195122,0.782264642601668,0.5365853658536586,0.567283291877834,0.3987261282478622,41,0.24866151100535397,0.7892256864264717,21,creation,0.8412406825700282,0.9090909090909091,1.4395768184733817,244,down_niche,0.1951219512195122,0.2682926829268293,1.1879833432480666,1.448340070595532,0.6097560975609756,0.07357143269126303,0.18751387058023328,0.1451516954193932,1.996856621246865,1.1845637583892616,0.04342653182629387,1.0263730389859311,0.024390243902439025,0.44378346222486614,2.611764705882353,25,2.0,0.1951219512195122,0.024390243902439025,turkiye,6.522092798170152
8.292682926829269,0.0,0.7560975609756098,0.7276597792411363,0.47586194984565655,41,0.36644854253420583,0.942432597448504,21,creation,0.81848026156752,1.1818181818181819,1.162674439046061,340,metaweb_nestedbm,0.1951219512195122,0.04878048780487805,1.5609756097560976,0.5243944684156643,0.6097560975609756,0.19850029108996112,0.38203700564425963,0.20226055919095776,2.0291864961332537,1.2237762237762237,0.19571683521713265,0.8832524826440544,0.17073170731707318,0.7691850089232599,1.0,3,2.0,0.17073170731707318,0.17073170731707318,turkiye,2.772588722239781
5.878048780487805,0.49896557965463517,0.17073170731707318,0.6912531809769414,0.5309173847532749,41,0.38072575847709694,0.9293545796727134,21,creation,0.7976700656364896,0.6,1.3342549313486296,241,atn_empiricalbm,0.2682926829268293,0.5609756097560976,1.041046995835812,6.686852069786825,0.07317073170731707,0.06609684865022057,0.47635913613611885,0.14336704342653184,2.113603771454381,1.370757180156658,0.04045211183819155,1.1102369061801909,0.0,0.5056513979773944,2.0903686087990487,0,3.0,0.6585365853658537,0.0,turkiye,6.734591659972948
8.292682926829269,0.0,0.7560975609756098,0.7276597792411363,0.47586194984565655,41,0.36644854253420583,0.942432597448504,21,creation,0.81848026156752,1.1818181818181819,1.162674439046061,340,metaweb_empiricalbm,0.1951219512195122,0.04878048780487805,1.5609756097560976,0.5243944684156643,0.6097560975609756,0.19850029108996112,0.38203700564425963,0.20226055919095776,2.0291864961332537,1.2237762237762237,0.19571683521713265,0.8832524826440544,0.17073170731707318,0.7691850089232599,1.0,3,2.0,0.17073170731707318,0.17073170731707318,turkiye,2.772588722239781
5.878048780487805,0.49896557965463517,0.17073170731707318,0.6912531809769414,0.5309173847532749,41,0.38072575847709694,0.9293545796727134,21,creation,0.7976700656364896,0.6,1.3342549313486296,241,atn,0.2682926829268293,0.5609756097560976,1.041046995835812,6.686852069786825,0.07317073170731707,0.06609684865022057,0.47635913613611885,0.14336704342653184,2.113603771454381,1.370757180156658,0.04045211183819155,1.1102369061801909,0.0,0.5056513979773944,2.0903686087990487,0,3.0,0.6585365853658537,0.0,turkiye,6.734591659972948
0.8,0.0,0.0,2.23606797749979,0.2,5,0.0,0.8,21,burnin,NaN,4.0,0.5590169943749473,4,atn_nestedbm,0.8,0.2,0.0,4.0,0.2,0.0,0.0,0.16,1.2,1.0,0.0,1.6770509831248421,0.0,0.24,1.0,0,2.0,0.0,0.0,turkiye,1.3862943611198906
6.0606060606060606,0.0,0.0,0.574456264653803,0.18939393939393948,33,0.0,1.0,21,burnin,NaN,0.32,1.7951758270431342,200,metaweb,0.24242424242424243,0.7575757575757576,2.203856749311295,0.32,0.7575757575757576,0.0,0.0,0.18365472910927455,1.7575757575757576,1.0,0.0,1.220719562389331,0.0,0.642791551882461,1.0,0,2.0,0.0,0.0,turkiye,5.298317366548036
1.3,0.0,0.0,2.115967285720796,0.17777777777777784,10,0.0,0.875,21,burnin,0.8319675480298165,4.0,0.6332866171912035,13,down_niche_empiricalbm,0.8,0.2,0.05,4.384615384615384,0.2,0.0,4.440892098500626e-16,0.13,1.2,1.0,0.0,1.6297690853405848,0.0,0.36,1.0,0,2.0,0.0,0.0,turkiye,2.5649493574615367
5.117647058823529,NaN,0.7058823529411765,1.1888434325203154,1.234514212877682,34,0.2560553633217993,0.7334762932286152,21,burnin,0.8437793976550892,1.4166666666666667,0.2876835475772009,174,niche,0.29411764705882354,0.0,0.09342560553633218,10.21698822009457,0.058823529411764705,0.5241941161797622,0.9632827791915383,0.15051903114186851,2.522480786941048,1.5705521472392638,0.10726643598615918,1.1224855886450706,0.2647058823529412,0.43252595155709345,NaN,0,4.0,0.6176470588235294,0.2647058823529412,turkiye,0.0
5.555555555555555,0.49133133509181015,0.3888888888888889,0.6000000000000001,0.26495674316187146,36,0.09799382716049383,0.8556219937469938,21,burnin,0.7868550714709979,0.7857142857142857,1.6755860382053114,200,down_niche,0.2222222222222222,0.3888888888888889,1.4868827160493827,1.2513744654856447,0.6944444444444444,0.06403212997415896,0.17357478252385952,0.15432098765432098,1.8468660968660968,1.038647342995169,0.034722222222222224,1.2035412035204403,0.027777777777777776,0.4567901234567901,1.3986013986013985,11,2.0,0.08333333333333333,0.027777777777777776,turkiye,4.962844630259907
1.7142857142857142,0.0,0.0,0.9354143466934854,0.2857142857142856,7,0.0,1.0,21,burnin,NaN,0.75,1.247219128924647,12,atn_empiricalbm,0.42857142857142855,0.5714285714285714,0.3673469387755102,0.75,0.5714285714285714,0.0,2.220446049250313e-16,0.24489795918367346,1.5714285714285714,1.0,0.0,0.3118047822311618,0.0,0.24489795918367346,1.0,0,2.0,0.0,0.0,turkiye,2.4849066497880004
0.8888888888888888,0.0,0.0,3.000000000000001,0.11111111111111112,9,0.0,0.8888888888888888,21,burnin,NaN,8.0,0.3750000000000001,8,metaweb_empiricalbm,0.8888888888888888,0.1111111111111111,0.0,8.0,0.1111111111111111,0.0,0.0,0.09876543209876543,1.1111111111111112,1.0,0.0,2.6250000000000004,0.0,0.345679012345679,1.0,0,2.0,0.0,0.0,turkiye,2.0794415416798357
5.032258064516129,0.5124637981544126,0.25806451612903225,0.8006202395117455,0.5278173139747614,31,0.40582726326742974,0.9410288846721485,21,burnin,0.8176177915824064,0.8571428571428571,0.9341630105890718,156,atn,0.3225806451612903,0.41935483870967744,0.6659729448491155,5.898153808534052,0.0967741935483871,0.020312914999822018,0.4584022262713935,0.16233090530697192,1.9683803763440864,1.360655737704918,0.006243496357960458,0.6996367361484713,0.0,0.5744016649323621,2.0870488322717624,0,3.0,0.5806451612903226,0.0,turkiye,6.154858094016418
4.365853658536586,0.5044147606529034,0.14634146341463414,0.675127587764662,0.4520524932044482,41,0.20939916716240334,0.9032122349195522,22,creation,0.8619277473627365,0.5666666666666667,1.5792481892247614,179,atn_nestedbm,0.2682926829268293,0.5853658536585366,0.74360499702558,6.230066988086671,0.07317073170731707,0.003122389306599833,0.4682067721723857,0.10648423557406306,2.045663956639566,1.438871473354232,0.001189767995240928,1.352196524951097,0.0,0.2813801308744795,1.944954128440367,0,3.0,0.6585365853658537,0.0,turkiye,6.077642243349034
8.292682926829269,0.0,0.7560975609756098,0.7276597792411363,0.47586194984565655,41,0.36644854253420583,0.942432597448504,22,creation,0.81848026156752,1.1818181818181819,1.162674439046061,340,metaweb,0.1951219512195122,0.04878048780487805,1.5609756097560976,0.5243944684156643,0.6097560975609756,0.19850029108996112,0.38203700564425963,0.20226055919095776,2.0291864961332537,1.2237762237762237,0.19571683521713265,0.8832524826440544,0.17073170731707318,0.7691850089232599,1.0,3,2.0,0.17073170731707318,0.17073170731707318,turkiye,2.772588722239781
3.292682926829268,0.5025707110324167,0.36585365853658536,0.6195998531730993,0.4743902439024391,41,0.07019631171921475,0.6386041906720592,22,creation,0.9009585401863426,0.696969696969697,1.9174793410411533,135,down_niche_empiricalbm,0.1951219512195122,0.43902439024390244,0.5663295657346817,1.821603959537154,0.6097560975609756,0.0,0.08606629658238704,0.08030933967876264,2.024390243902439,1.2784090909090908,0.0,1.6071189363952394,0.024390243902439025,0.13979773944080903,1.4948453608247423,13,2.0,0.0975609756097561,0.024390243902439025,turkiye,4.574710978503383
3.3902439024390243,NaN,0.7804878048780488,1.2529515900355943,0.9015102459657675,41,0.12373587150505651,0.6427988357385019,22,creation,0.914550478930338,1.28125,0.7429289879835581,139,niche,0.21951219512195122,0.0,0.11957168352171327,2.4824906452115454,0.21951219512195122,0.30501868669289484,0.7223598029320148,0.0826888756692445,2.420593015746271,1.4841269841269842,0.054729327781082686,1.1849709277365275,0.024390243902439025,0.25044616299821537,NaN,0,3.0,0.4634146341463415,0.024390243902439025,turkiye,0.0
3.292682926829268,0.5025707110324167,0.36585365853658536,0.6195998531730993,0.4743902439024391,41,0.07019631171921475,0.6386041906720592,22,creation,0.9009585401863426,0.696969696969697,1.9174793410411533,135,down_niche_nestedbm,0.1951219512195122,0.43902439024390244,0.5663295657346817,1.821603959537154,0.6097560975609756,0.0,0.08606629658238704,0.08030933967876264,2.024390243902439,1.2784090909090908,0.0,1.6071189363952394,0.024390243902439025,0.13979773944080903,1.4948453608247423,13,2.0,0.0975609756097561,0.024390243902439025,turkiye,4.574710978503383
3.292682926829268,0.5025707110324167,0.36585365853658536,0.6195998531730993,0.4743902439024391,41,0.07019631171921475,0.6386041906720592,22,creation,0.9009585401863426,0.696969696969697,1.9174793410411533,135,down_niche,0.1951219512195122,0.43902439024390244,0.5663295657346817,1.821603959537154,0.6097560975609756,0.0,0.08606629658238704,0.08030933967876264,2.024390243902439,1.2784090909090908,0.0,1.6071189363952394,0.024390243902439025,0.13979773944080903,1.4948453608247423,13,2.0,0.0975609756097561,0.024390243902439025,turkiye,4.574710978503383
8.292682926829269,0.0,0.7560975609756098,0.7276597792411363,0.47586194984565655,41,0.36644854253420583,0.942432597448504,22,creation,0.81848026156752,1.1818181818181819,1.162674439046061,340,metaweb_nestedbm,0.1951219512195122,0.04878048780487805,1.5609756097560976,0.5243944684156643,0.6097560975609756,0.19850029108996112,0.38203700564425963,0.20226055919095776,2.0291864961332537,1.2237762237762237,0.19571683521713265,0.8832524826440544,0.17073170731707318,0.7691850089232599,1.0,3,2.0,0.17073170731707318,0.17073170731707318,turkiye,2.772588722239781
4.365853658536586,0.5044147606529034,0.14634146341463414,0.675127587764662,0.4520524932044482,41,0.20939916716240334,0.9032122349195522,22,creation,0.8619277473627365,0.5666666666666667,1.5792481892247614,179,atn_empiricalbm,0.2682926829268293,0.5853658536585366,0.74360499702558,6.230066988086671,0.07317073170731707,0.003122389306599833,0.4682067721723857,0.10648423557406306,2.045663956639566,1.438871473354232,0.001189767995240928,1.352196524951097,0.0,0.2813801308744795,1.944954128440367,0,3.0,0.6585365853658537,0.0,turkiye,6.077642243349034
8.292682926829269,0.0,0.7560975609756098,0.7276597792411363,0.47586194984565655,41,0.36644854253420583,0.942432597448504,22,creation,0.81848026156752,1.1818181818181819,1.162674439046061,340,metaweb_empiricalbm,0.1951219512195122,0.04878048780487805,1.5609756097560976,0.5243944684156643,0.6097560975609756,0.19850029108996112,0.38203700564425963,0.20226055919095776,2.0291864961332537,1.2237762237762237,0.19571683521713265,0.8832524826440544,0.17073170731707318,0.7691850089232599,1.0,3,2.0,0.17073170731707318,0.17073170731707318,turkiye,2.772588722239781
4.365853658536586,0.5044147606529034,0.14634146341463414,0.675127587764662,0.4520524932044482,41,0.20939916716240334,0.9032122349195522,22,creation,0.8619277473627365,0.5666666666666667,1.5792481892247614,179,atn,0.2682926829268293,0.5853658536585366,0.74360499702558,6.230066988086671,0.07317073170731707,0.003122389306599833,0.4682067721723857,0.10648423557406306,2.045663956639566,1.438871473354232,0.001189767995240928,1.352196524951097,0.0,0.2813801308744795,1.944954128440367,0,3.0,0.6585365853658537,0.0,turkiye,6.077642243349034
0.6666666666666666,0.0,0.0,1.7320508075688776,0.3333333333333333,3,0.0,0.6666666666666666,22,burnin,NaN,2.0,0.8660254037844388,2,atn_nestedbm,0.6666666666666666,0.3333333333333333,0.0,2.0,0.3333333333333333,0.0,0.0,0.2222222222222222,1.3333333333333333,1.0,0.0,0.8660254037844388,0.0,0.1111111111111111,1.0,0,2.0,0.0,0.0,turkiye,0.6931471805599453
6.0606060606060606,0.0,0.0,0.574456264653803,0.18939393939393948,33,0.0,1.0,22,burnin,NaN,0.32,1.7951758270431342,200,metaweb,0.24242424242424243,0.7575757575757576,2.203856749311295,0.32,0.7575757575757576,0.0,0.0,0.18365472910927455,1.7575757575757576,1.0,0.0,1.220719562389331,0.0,0.642791551882461,1.0,0,2.0,0.0,0.0,turkiye,5.298317366548036
1.6923076923076923,0.4364357804719847,0.07692307692307693,1.307690749534741,0.43589743589743574,13,0.029585798816568046,0.5545787545787546,22,burnin,0.8802139101946291,1.3333333333333333,0.9149432835543481,22,down_niche_empiricalbm,0.5384615384615384,0.38461538461538464,0.1301775147928994,3.5110410094637228,0.38461538461538464,0.0,1.8936027533166073e-16,0.1301775147928994,1.5384615384615385,1.1851851851851851,0.0,0.8194434716963613,0.0,0.21893491124260356,1.2380952380952381,3,2.0,0.0,0.0,turkiye,3.044522437723423
1.962962962962963,0.0,0.5555555555555556,1.43033878759301,0.5681344243464564,27,0.07407407407407407,0.6342016008682676,22,burnin,0.9249263035710017,1.3333333333333333,0.8052563032609257,53,niche,0.3333333333333333,0.1111111111111111,0.04663923182441701,1.8667819988528955,0.3333333333333333,0.2650793650793651,0.4567510633469985,0.07270233196159122,1.9051048402900252,1.434782608695652,0.03292181069958848,1.4975127940299091,0.037037037037037035,0.1289437585733882,1.0,0,3.0,0.2962962962962963,0.037037037037037035,turkiye,1.0986122886681098
0.6666666666666666,0.0,0.0,1.7320508075688776,0.3333333333333333,3,0.0,0.6666666666666666,22,burnin,NaN,2.0,0.8660254037844388,2,down_niche_nestedbm,0.6666666666666666,0.3333333333333333,0.0,2.0,0.3333333333333333,0.0,0.0,0.2222222222222222,1.3333333333333333,1.0,0.0,0.8660254037844388,0.0,0.1111111111111111,1.0,0,2.0,0.0,0.0,turkiye,0.6931471805599453
3.515151515151515,0.5015405790764926,0.30303030303030304,0.6039868286474038,0.29734848484848486,33,0.05325987144168962,0.7097730552276007,22,burnin,0.8871349375788187,0.6538461538461539,1.8791496886407606,116,down_niche,0.21212121212121213,0.48484848484848486,0.7750229568411386,1.852197070572569,0.696969696969697,0.0,3.078673704938688e-16,0.10651974288337925,1.878787878787879,1.1007751937984496,0.0,1.4583814611842136,0.0,0.20018365472910926,1.5272727272727273,10,2.0,0.06060606060606061,0.0,turkiye,4.700480365792417
0.8888888888888888,0.0,0.0,3.000000000000001,0.11111111111111112,9,0.0,0.8888888888888888,22,burnin,NaN,8.0,0.3750000000000001,8,metaweb_nestedbm,0.8888888888888888,0.1111111111111111,0.0,8.0,0.1111111111111111,0.0,0.0,0.09876543209876543,1.1111111111111112,1.0,0.0,2.6250000000000004,0.0,0.345679012345679,1.0,0,2.0,0.0,0.0,turkiye,2.0794415416798357
1.6666666666666667,0.0,0.0,0.7937253933193772,0.24999999999999994,9,0.0,0.9444444444444444,22,burnin,0.7894385203267943,0.5,1.5874507866387544,15,atn_empiricalbm,0.3333333333333333,0.6666666666666666,0.4074074074074074,0.8,0.6666666666666666,0.0,1.7199501139797033e-16,0.18518518518518517,1.6666666666666667,1.0,0.0,0.9486832980505138,0.0,0.14814814814814814,1.0,0,2.0,0.0,0.0,turkiye,2.70805020110221
0.8888888888888888,0.0,0.0,3.000000000000001,0.11111111111111112,9,0.0,0.8888888888888888,22,burnin,NaN,8.0,0.3750000000000001,8,metaweb_empiricalbm,0.8888888888888888,0.1111111111111111,0.0,8.0,0.1111111111111111,0.0,0.0,0.09876543209876543,1.1111111111111112,1.0,0.0,2.6250000000000004,0.0,0.345679012345679,1.0,0,2.0,0.0,0.0,turkiye,2.0794415416798357
4.277777777777778,0.5052131492934276,0.19444444444444445,0.6925865779726433,0.43792619537526944,36,0.21141975308641975,0.9335109132258255,22,burnin,0.8534855034649567,0.6538461538461539,1.4297313557141018,154,atn,0.2777777777777778,0.5277777777777778,0.6998456790123457,5.890056809551297,0.08333333333333333,0.0,0.4617526266470915,0.11882716049382716,2.0057098765432095,1.4253731343283582,0.0,1.1499023863601467,0.0,0.3132716049382716,1.9147058823529413,0,3.0,0.6388888888888888,0.0,turkiye,5.8289456176102075
5.829268292682927,0.6604770702501633,0.1951219512195122,0.6519984482389614,0.5293205489968231,41,0.34622248661511007,0.8985056801777631,23,creation,0.8305854384781052,0.5806451612903226,1.4423832810994,239,atn_nestedbm,0.24390243902439024,0.5609756097560976,1.0868530636525877,6.592979669781524,0.04878048780487805,0.18824965667652352,0.5703962614900009,0.1421772754312909,2.205387278710449,1.3660477453580901,0.0975609756097561,1.2463001739257076,0.0,0.4176085663295657,2.4643776824034336,0,3.0,0.7073170731707317,0.0,turkiye,7.060476365999801
8.292682926829269,0.0,0.7560975609756098,0.7276597792411363,0.47586194984565655,41,0.36644854253420583,0.942432597448504,23,creation,0.81848026156752,1.1818181818181819,1.162674439046061,340,metaweb,0.1951219512195122,0.04878048780487805,1.5609756097560976,0.5243944684156643,0.6097560975609756,0.19850029108996112,0.38203700564425963,0.20226055919095776,2.0291864961332537,1.2237762237762237,0.19571683521713265,0.8832524826440544,0.17073170731707318,0.7691850089232599,1.0,3,2.0,0.17073170731707318,0.17073170731707318,turkiye,2.772588722239781
5.902439024390244,1.2039326486481214,0.6829268292682927,0.6890320849747987,0.43713843680623227,41,0.22427126710291492,0.7655022512160246,23,creation,0.8666160043415905,1.0909090909090908,1.3520879638154757,242,down_niche_empiricalbm,0.1951219512195122,0.12195121951219512,1.032123735871505,1.2946153350197247,0.6097560975609756,0.11078239182727527,0.3114913932386479,0.1439619274241523,2.0160912677903777,1.2996941896024465,0.057108863771564544,1.04592482807671,0.0975609756097561,0.42950624628197503,4.41554054054054,24,3.0,0.1951219512195122,0.12195121951219512,turkiye,6.78897174299217
5.7317073170731705,NaN,0.8048780487804879,1.1520340426789362,1.5247609054114188,41,0.24211778703152886,0.656679926694274,23,creation,0.8789570350411968,1.2424242424242424,0.6410656304922772,235,niche,0.1951219512195122,0.0,0.23022010707911958,6.664653417603643,0.04878048780487805,0.46790773797352747,0.9680103969597296,0.13979773944080903,2.917011467645412,1.4962406015037595,0.20582986317668056,1.09964190228634,0.24390243902439024,0.5116002379535991,NaN,0,3.0,0.6341463414634146,0.24390243902439024,turkiye,0.0
5.902439024390244,1.2039326486481214,0.6829268292682927,0.6890320849747987,0.43713843680623227,41,0.22427126710291492,0.7655022512160246,23,creation,0.8666160043415905,1.0909090909090908,1.3520879638154757,242,down_niche_nestedbm,0.1951219512195122,0.12195121951219512,1.032123735871505,1.2946153350197247,0.6097560975609756,0.11078239182727527,0.3114913932386479,0.1439619274241523,2.0160912677903777,1.2996941896024465,0.057108863771564544,1.04592482807671,0.0975609756097561,0.42950624628197503,4.41554054054054,24,3.0,0.1951219512195122,0.12195121951219512,turkiye,6.78897174299217
5.902439024390244,1.2039326486481214,0.6829268292682927,0.6890320849747987,0.43713843680623227,41,0.22427126710291492,0.7655022512160246,23,creation,0.8666160043415905,1.0909090909090908,1.3520879638154757,242,down_niche,0.1951219512195122,0.12195121951219512,1.032123735871505,1.2946153350197247,0.6097560975609756,0.11078239182727527,0.3114913932386479,0.1439619274241523,2.0160912677903777,1.2996941896024465,0.057108863771564544,1.04592482807671,0.0975609756097561,0.42950624628197503,4.41554054054054,24,3.0,0.1951219512195122,0.12195121951219512,turkiye,6.78897174299217
8.292682926829269,0.0,0.7560975609756098,0.7276597792411363,0.47586194984565655,41,0.36644854253420583,0.942432597448504,23,creation,0.81848026156752,1.1818181818181819,1.162674439046061,340,metaweb_nestedbm,0.1951219512195122,0.04878048780487805,1.5609756097560976,0.5243944684156643,0.6097560975609756,0.19850029108996112,0.38203700564425963,0.20226055919095776,2.0291864961332537,1.2237762237762237,0.19571683521713265,0.8832524826440544,0.17073170731707318,0.7691850089232599,1.0,3,2.0,0.17073170731707318,0.17073170731707318,turkiye,2.772588722239781
5.829268292682927,0.6604770702501633,0.1951219512195122,0.6519984482389614,0.5293205489968231,41,0.34622248661511007,0.8985056801777631,23,creation,0.8305854384781052,0.5806451612903226,1.4423832810994,239,atn_empiricalbm,0.24390243902439024,0.5609756097560976,1.0868530636525877,6.592979669781524,0.04878048780487805,0.18824965667652352,0.5703962614900009,0.1421772754312909,2.205387278710449,1.3660477453580901,0.0975609756097561,1.2463001739257076,0.0,0.4176085663295657,2.4643776824034336,0,3.0,0.7073170731707317,0.0,turkiye,7.060476365999801
8.292682926829269,0.0,0.7560975609756098,0.7276597792411363,0.47586194984565655,41,0.36644854253420583,0.942432597448504,23,creation,0.81848026156752,1.1818181818181819,1.162674439046061,340,metaweb_empiricalbm,0.1951219512195122,0.04878048780487805,1.5609756097560976,0.5243944684156643,0.6097560975609756,0.19850029108996112,0.38203700564425963,0.20226055919095776,2.0291864961332537,1.2237762237762237,0.19571683521713265,0.8832524826440544,0.17073170731707318,0.7691850089232599,1.0,3,2.0,0.17073170731707318,0.17073170731707318,turkiye,2.772588722239781
5.829268292682927,0.6604770702501633,0.1951219512195122,0.6519984482389614,0.5293205489968231,41,0.34622248661511007,0.8985056801777631,23,creation,0.8305854384781052,0.5806451612903226,1.4423832810994,239,atn,0.24390243902439024,0.5609756097560976,1.0868530636525877,6.592979669781524,0.04878048780487805,0.18824965667652352,0.5703962614900009,0.1421772754312909,2.205387278710449,1.3660477453580901,0.0975609756097561,1.2463001739257076,0.0,0.4176085663295657,2.4643776824034336,0,3.0,0.7073170731707317,0.0,turkiye,7.060476365999801
0.6666666666666666,0.0,0.0,1.7320508075688776,0.3333333333333333,3,0.0,0.6666666666666666,23,burnin,NaN,2.0,0.8660254037844388,2,atn_nestedbm,0.6666666666666666,0.3333333333333333,0.0,2.0,0.3333333333333333,0.0,0.0,0.2222222222222222,1.3333333333333333,1.0,0.0,0.8660254037844388,0.0,0.1111111111111111,1.0,0,2.0,0.0,0.0,turkiye,0.6931471805599453
6.0606060606060606,0.0,0.0,0.574456264653803,0.18939393939393948,33,0.0,1.0,23,burnin,NaN,0.32,1.7951758270431342,200,metaweb,0.24242424242424243,0.7575757575757576,2.203856749311295,0.32,0.7575757575757576,0.0,0.0,0.18365472910927455,1.7575757575757576,1.0,0.0,1.220719562389331,0.0,0.642791551882461,1.0,0,2.0,0.0,0.0,turkiye,5.298317366548036
0.8571428571428571,0.0,0.0,2.6457513110645907,0.142857142857143,7,0.0,0.8571428571428571,23,burnin,NaN,6.0,0.4409585518440985,6,down_niche_empiricalbm,0.8571428571428571,0.14285714285714285,0.0,6.0,0.14285714285714285,0.0,4.440892098500626e-16,0.12244897959183673,1.1428571428571428,1.0,0.0,2.204792759220492,0.0,0.30612244897959184,1.0,0,2.0,0.0,0.0,turkiye,1.791759469228055
1.8333333333333333,NaN,0.5555555555555556,1.4522039977711259,0.815064567493664,18,0.046296296296296294,0.5055555555555555,23,burnin,0.912236864203634,1.8,0.5037535337360721,33,niche,0.4444444444444444,0.0,0.021604938271604937,2.8401875549477396,0.1111111111111111,0.497008547008547,0.7218648521980169,0.10185185185185185,1.842261904761905,1.6428571428571428,0.030864197530864196,1.3648835651181408,0.2222222222222222,0.1388888888888889,NaN,0,3.0,0.4444444444444444,0.2222222222222222,turkiye,0.0
4.916666666666667,0.49574768357075133,0.6111111111111112,0.5760432535982043,0.2944444444444444,36,0.09799382716049383,0.8139904633745213,23,burnin,0.8459994124844994,1.0714285714285714,1.7040239504876433,177,down_niche,0.2222222222222222,0.16666666666666666,1.2152777777777777,1.0871398453970484,0.6944444444444444,0.0,0.10629880069054677,0.13657407407407407,1.8611111111111112,1.1161616161616161,0.0,1.2339302340013922,0.05555555555555555,0.36496913580246915,1.5866666666666667,5,3.0,0.08333333333333333,0.05555555555555555,turkiye,4.31748811353631
1.2,0.0,0.0,1.3693063937629153,0.2999999999999999,5,0.0,1.0,23,burnin,NaN,1.5,0.912870929175277,6,atn_empiricalbm,0.6,0.4,0.12,1.5,0.4,0.0,2.220446049250313e-16,0.24,1.4,1.0,0.0,0.4564354645876384,0.0,0.24,1.0,0,2.0,0.0,0.0,turkiye,1.791759469228055
0.8888888888888888,0.0,0.0,3.000000000000001,0.11111111111111112,9,0.0,0.8888888888888888,23,burnin,NaN,8.0,0.3750000000000001,8,metaweb_empiricalbm,0.8888888888888888,0.1111111111111111,0.0,8.0,0.1111111111111111,0.0,0.0,0.09876543209876543,1.1111111111111112,1.0,0.0,2.6250000000000004,0.0,0.345679012345679,1.0,0,2.0,0.0,0.0,turkiye,2.0794415416798357
5.333333333333333,0.6755914318826716,0.26666666666666666,0.7617612305793681,0.5515872076530206,30,0.3622222222222222,0.9235040939452706,23,burnin,0.8374986742669246,0.8095238095238095,1.0530129186750523,160,atn,0.3,0.43333333333333335,0.7666666666666667,5.788900090850895,0.06666666666666667,0.20187452926617014,0.554503581034849,0.17777777777777778,2.0631165824915825,1.3162393162393162,0.12666666666666668,0.8288312294409229,0.0,0.5244444444444445,2.4592592592592593,0,3.0,0.6333333333333333,0.0,turkiye,6.51471269087253
4.853658536585366,0.45757778948774513,0.14634146341463414,0.6888327396168838,0.5054882316270882,41,0.29387269482450923,0.9193368961661644,24,creation,0.8650310482158765,0.5666666666666667,1.477511275661826,199,atn_nestedbm,0.2682926829268293,0.5853658536585366,0.8304580606781677,6.235985670995613,0.0975609756097561,0.016190230478156174,0.46067660157062085,0.11838191552647234,2.092173183636598,1.4164222873900294,0.009518143961927425,1.2999864998823127,0.0,0.35157644259369425,1.9983277591973243,0,3.0,0.6341463414634146,0.0,turkiye,6.393590753950631
8.292682926829269,0.0,0.7560975609756098,0.7276597792411363,0.47586194984565655,41,0.36644854253420583,0.942432597448504,24,creation,0.81848026156752,1.1818181818181819,1.162674439046061,340,metaweb,0.1951219512195122,0.04878048780487805,1.5609756097560976,0.5243944684156643,0.6097560975609756,0.19850029108996112,0.38203700564425963,0.20226055919095776,2.0291864961332537,1.2237762237762237,0.19571683521713265,0.8832524826440544,0.17073170731707318,0.7691850089232599,1.0,3,2.0,0.17073170731707318,0.17073170731707318,turkiye,2.772588722239781
4.195121951219512,0.6977957281491668,0.4878048780487805,0.6082448550359171,0.42888039747064166,41,0.132064247471743,0.6567442719881745,24,creation,0.9024131156174948,0.8484848484848485,1.6456477253383555,172,down_niche_empiricalbm,0.1951219512195122,0.3170731707317073,0.7198096371207614,1.3191547985032221,0.6097560975609756,0.035849567099567096,0.13924708332791613,0.1023200475907198,2.010758807588076,1.25764192139738,0.010707911957168352,1.3076594726366721,0.0,0.23022010707911958,2.316205533596838,24,2.0,0.1951219512195122,0.0,turkiye,5.53338948872752
4.219512195121951,0.9978133885110969,0.7317073170731707,0.9383178435666036,1.1543338898901387,41,0.273051754907793,0.6366403498001324,24,creation,0.9143644255318175,1.21875,0.6100292789750802,173,niche,0.21951219512195122,0.04878048780487805,0.17608566329565734,4.425847599445732,0.14634146341463414,0.21694590132090127,0.7214498219412644,0.10291493158834028,2.588115266190636,1.8142548596112311,0.06543723973825104,0.9192169156661067,0.04878048780487805,0.2766210588935158,4.827629911280101,0,3.0,0.6341463414634146,0.04878048780487805,turkiye,6.670766320845874
4.195121951219512,0.6977957281491668,0.4878048780487805,0.6082448550359171,0.42888039747064166,41,0.132064247471743,0.6567442719881745,24,creation,0.9024131156174948,0.8484848484848485,1.6456477253383555,172,down_niche_nestedbm,0.1951219512195122,0.3170731707317073,0.7198096371207614,1.3191547985032221,0.6097560975609756,0.035849567099567096,0.13924708332791613,0.1023200475907198,2.010758807588076,1.25764192139738,0.010707911957168352,1.3076594726366721,0.0,0.23022010707911958,2.316205533596838,24,2.0,0.1951219512195122,0.0,turkiye,5.53338948872752
4.195121951219512,0.6977957281491668,0.4878048780487805,0.6082448550359171,0.42888039747064166,41,0.132064247471743,0.6567442719881745,24,creation,0.9024131156174948,0.8484848484848485,1.6456477253383555,172,down_niche,0.1951219512195122,0.3170731707317073,0.7198096371207614,1.3191547985032221,0.6097560975609756,0.035849567099567096,0.13924708332791613,0.1023200475907198,2.010758807588076,1.25764192139738,0.010707911957168352,1.3076594726366721,0.0,0.23022010707911958,2.316205533596838,24,2.0,0.1951219512195122,0.0,turkiye,5.53338948872752
8.292682926829269,0.0,0.7560975609756098,0.7276597792411363,0.47586194984565655,41,0.36644854253420583,0.942432597448504,24,creation,0.81848026156752,1.1818181818181819,1.162674439046061,340,metaweb_nestedbm,0.1951219512195122,0.04878048780487805,1.5609756097560976,0.5243944684156643,0.6097560975609756,0.19850029108996112,0.38203700564425963,0.20226055919095776,2.0291864961332537,1.2237762237762237,0.19571683521713265,0.8832524826440544,0.17073170731707318,0.7691850089232599,1.0,3,2.0,0.17073170731707318,0.17073170731707318,turkiye,2.772588722239781
4.853658536585366,0.45757778948774513,0.14634146341463414,0.6888327396168838,0.5054882316270882,41,0.29387269482450923,0.9193368961661644,24,creation,0.8650310482158765,0.5666666666666667,1.477511275661826,199,atn_empiricalbm,0.2682926829268293,0.5853658536585366,0.8304580606781677,6.235985670995613,0.0975609756097561,0.016190230478156174,0.46067660157062085,0.11838191552647234,2.092173183636598,1.4164222873900294,0.009518143961927425,1.2999864998823127,0.0,0.35157644259369425,1.9983277591973243,0,3.0,0.6341463414634146,0.0,turkiye,6.393590753950631
8.292682926829269,0.0,0.7560975609756098,0.7276597792411363,0.47586194984565655,41,0.36644854253420583,0.942432597448504,24,creation,0.81848026156752,1.1818181818181819,1.162674439046061,340,metaweb_empiricalbm,0.1951219512195122,0.04878048780487805,1.5609756097560976,0.5243944684156643,0.6097560975609756,0.19850029108996112,0.38203700564425963,0.20226055919095776,2.0291864961332537,1.2237762237762237,0.19571683521713265,0.8832524826440544,0.17073170731707318,0.7691850089232599,1.0,3,2.0,0.17073170731707318,0.17073170731707318,turkiye,2.772588722239781
4.853658536585366,0.45757778948774513,0.14634146341463414,0.6888327396168838,0.5054882316270882,41,0.29387269482450923,0.9193368961661644,24,creation,0.8650310482158765,0.5666666666666667,1.477511275661826,199,atn,0.2682926829268293,0.5853658536585366,0.8304580606781677,6.235985670995613,0.0975609756097561,0.016190230478156174,0.46067660157062085,0.11838191552647234,2.092173183636598,1.4164222873900294,0.009518143961927425,1.2999864998823127,0.0,0.35157644259369425,1.9983277591973243,0,3.0,0.6341463414634146,0.0,turkiye,6.393590753950631
1.2727272727272727,0.48038446141526137,0.09090909090909091,1.724670923949948,0.2509090909090908,11,0.03305785123966942,0.7824675324675325,24,burnin,0.9360467640546277,3.0,0.617764237441133,14,atn_nestedbm,0.7272727272727273,0.18181818181818182,0.04132231404958678,3.230769230769231,0.18181818181818182,0.0,0.23904572186687875,0.11570247933884298,1.2909090909090908,1.0,0.0,1.284523257866513,0.0,0.21487603305785125,1.3076923076923077,0,2.0,0.09090909090909091,0.0,turkiye,2.5649493574615367
6.0606060606060606,0.0,0.0,0.574456264653803,0.18939393939393948,33,0.0,1.0,24,burnin,NaN,0.32,1.7951758270431342,200,metaweb,0.24242424242424243,0.7575757575757576,2.203856749311295,0.32,0.7575757575757576,0.0,0.0,0.18365472910927455,1.7575757575757576,1.0,0.0,1.220719562389331,0.0,0.642791551882461,1.0,0,2.0,0.0,0.0,turkiye,5.298317366548036
1.3333333333333333,0.0,0.0,1.984313483298443,0.19444444444444464,9,0.0,0.8253968253968255,24,burnin,0.7808981394110311,3.5,0.649519052838329,12,down_niche_empiricalbm,0.7777777777777778,0.2222222222222222,0.06172839506172839,3.5,0.2222222222222222,0.0,4.440892098500626e-16,0.14814814814814814,1.2222222222222223,1.0,0.0,1.4523687548277815,0.0,0.37037037037037035,1.0,0,2.0,0.0,0.0,turkiye,2.4849066497880004
3.6176470588235294,NaN,0.7352941176470589,0.9743709799797238,0.8436552517233202,34,0.24394463667820068,0.6402090964590964,24,burnin,0.9146114274027848,1.36,0.5315560855468722,123,niche,0.2647058823529412,0.0,0.15051903114186851,3.6201494760360795,0.17647058823529413,0.16889104161831436,0.6227648427244132,0.10640138408304499,2.258167520866371,1.7433333333333334,0.039792387543252594,0.8673995847998835,0.058823529411764705,0.2655709342560554,NaN,0,3.0,0.5588235294117647,0.058823529411764705,turkiye,0.0
3.9705882352941178,0.4994418493604061,0.29411764705882354,0.5930329452544858,0.2504456327985739,34,0.05103806228373702,0.7788721153810668,24,burnin,0.8745119955299651,0.6296296296296297,1.8973771120220384,135,down_niche,0.20588235294117646,0.5,0.9835640138408305,1.054971938408404,0.7352941176470589,0.0,3.6510667543482293e-16,0.11678200692041522,1.8529411764705883,1.0939597315436242,0.0,1.4553109346282103,0.0,0.25259515570934254,1.450381679389313,10,2.0,0.058823529411764705,0.0,turkiye,4.875197323201151
1.5,0.0,0.0,1.0954451150103324,0.2999999999999999,6,0.0,1.0,24,burnin,NaN,1.0,1.0954451150103324,9,atn_empiricalbm,0.5,0.5,0.25,1.0,0.5,0.0,2.220446049250313e-16,0.25,1.5,1.0,0.0,0.0,0.0,0.25,1.0,0,2.0,0.0,0.0,turkiye,2.1972245773362196
0.8888888888888888,0.0,0.0,3.000000000000001,0.11111111111111112,9,0.0,0.8888888888888888,24,burnin,NaN,8.0,0.3750000000000001,8,metaweb_empiricalbm,0.8888888888888888,0.1111111111111111,0.0,8.0,0.1111111111111111,0.0,0.0,0.09876543209876543,1.1111111111111112,1.0,0.0,2.6250000000000004,0.0,0.345679012345679,1.0,0,2.0,0.0,0.0,turkiye,2.0794415416798357
3.925925925925926,0.4798612026104726,0.25925925925925924,0.8621272594934801,0.47371496081813536,27,0.2496570644718793,0.9216524216524218,24,burnin,0.8748689938200358,1.0,0.942336124261104,106,atn,0.37037037037037035,0.37037037037037035,0.4567901234567901,5.243009718302514,0.14814814814814814,0.0,0.42956234649211233,0.14540466392318244,1.8381834215167547,1.345679012345679,0.0,0.6801970835020049,0.0,0.4170096021947874,1.9311926605504588,0,3.0,0.48148148148148145,0.0,turkiye,5.384495062789089
4.365853658536586,0.5046050649381716,0.14634146341463414,0.6712308520284466,0.47954309772689563,41,0.22724568709101725,0.9134322139136004,25,creation,0.8562227606853868,0.5666666666666667,1.5767546539016597,179,atn_nestedbm,0.2682926829268293,0.5853658536585366,0.737061273051755,6.22136975504726,0.07317073170731707,0.013784676151162217,0.4725969907011644,0.10648423557406306,2.072235127113176,1.438871473354232,0.00594883997620464,1.3838356449920006,0.0,0.27543129089827484,1.9894957983193278,0,3.0,0.6585365853658537,0.0,turkiye,6.16541785423142
8.292682926829269,0.0,0.7560975609756098,0.7276597792411363,0.47586194984565655,41,0.36644854253420583,0.942432597448504,25,creation,0.81848026156752,1.1818181818181819,1.162674439046061,340,metaweb,0.1951219512195122,0.04878048780487805,1.5609756097560976,0.5243944684156643,0.6097560975609756,0.19850029108996112,0.38203700564425963,0.20226055919095776,2.0291864961332537,1.2237762237762237,0.19571683521713265,0.8832524826440544,0.17073170731707318,0.7691850089232599,1.0,3,2.0,0.17073170731707318,0.17073170731707318,turkiye,2.772588722239781
3.268292682926829,0.5401187802090893,0.3170731707317073,0.6491486447807755,0.4140243902439025,41,0.08566329565734682,0.610597261816774,25,creation,0.9063251952265118,0.6363636363636364,1.7630152801795511,134,down_niche_empiricalbm,0.1951219512195122,0.4878048780487805,0.48483045806067815,3.7896530143939926,0.6097560975609756,0.00975975975975976,0.07481320020807246,0.07971445568114217,2.0060975609756095,1.2176470588235293,0.000594883997620464,1.4691308314327693,0.0,0.14336704342653184,1.8297872340425532,23,3.0,0.14634146341463414,0.0,turkiye,5.236441962829949
3.2195121951219514,NaN,0.7317073170731707,1.159089671221363,1.2044437066442975,41,0.15823914336704342,0.6057748743365673,25,creation,0.9148211218254609,1.3666666666666667,0.4736726900123591,132,niche,0.2682926829268293,0.0,0.060083283759666865,4.690904246796928,0.14634146341463414,0.36272772341638915,0.7482531994564356,0.07852468768590125,2.2821850651331497,2.0973684210526318,0.036882807852468766,1.1771189108204843,0.14634146341463414,0.1933372992266508,NaN,0,3.0,0.4634146341463415,0.17073170731707318,turkiye,0.0
3.268292682926829,0.5401187802090893,0.3170731707317073,0.6491486447807755,0.4140243902439025,41,0.08566329565734682,0.610597261816774,25,creation,0.9063251952265118,0.6363636363636364,1.7630152801795511,134,down_niche_nestedbm,0.1951219512195122,0.4878048780487805,0.48483045806067815,3.7896530143939926,0.6097560975609756,0.00975975975975976,0.07481320020807246,0.07971445568114217,2.0060975609756095,1.2176470588235293,0.000594883997620464,1.4691308314327693,0.0,0.14336704342653184,1.8297872340425532,23,3.0,0.14634146341463414,0.0,turkiye,5.236441962829949
3.268292682926829,0.5401187802090893,0.3170731707317073,0.6491486447807755,0.4140243902439025,41,0.08566329565734682,0.610597261816774,25,creation,0.9063251952265118,0.6363636363636364,1.7630152801795511,134,down_niche,0.1951219512195122,0.4878048780487805,0.48483045806067815,3.7896530143939926,0.6097560975609756,0.00975975975975976,0.07481320020807246,0.07971445568114217,2.0060975609756095,1.2176470588235293,0.000594883997620464,1.4691308314327693,0.0,0.14336704342653184,1.8297872340425532,23,3.0,0.14634146341463414,0.0,turkiye,5.236441962829949
8.292682926829269,0.0,0.7560975609756098,0.7276597792411363,0.47586194984565655,41,0.36644854253420583,0.942432597448504,25,creation,0.81848026156752,1.1818181818181819,1.162674439046061,340,metaweb_nestedbm,0.1951219512195122,0.04878048780487805,1.5609756097560976,0.5243944684156643,0.6097560975609756,0.19850029108996112,0.38203700564425963,0.20226055919095776,2.0291864961332537,1.2237762237762237,0.19571683521713265,0.8832524826440544,0.17073170731707318,0.7691850089232599,1.0,3,2.0,0.17073170731707318,0.17073170731707318,turkiye,2.772588722239781
4.365853658536586,0.5046050649381716,0.14634146341463414,0.6712308520284466,0.47954309772689563,41,0.22724568709101725,0.9134322139136004,25,creation,0.8562227606853868,0.5666666666666667,1.5767546539016597,179,atn_empiricalbm,0.2682926829268293,0.5853658536585366,0.737061273051755,6.22136975504726,0.07317073170731707,0.013784676151162217,0.4725969907011644,0.10648423557406306,2.072235127113176,1.438871473354232,0.00594883997620464,1.3838356449920006,0.0,0.27543129089827484,1.9894957983193278,0,3.0,0.6585365853658537,0.0,turkiye,6.16541785423142
8.292682926829269,0.0,0.7560975609756098,0.7276597792411363,0.47586194984565655,41,0.36644854253420583,0.942432597448504,25,creation,0.81848026156752,1.1818181818181819,1.162674439046061,340,metaweb_empiricalbm,0.1951219512195122,0.04878048780487805,1.5609756097560976,0.5243944684156643,0.6097560975609756,0.19850029108996112,0.38203700564425963,0.20226055919095776,2.0291864961332537,1.2237762237762237,0.19571683521713265,0.8832524826440544,0.17073170731707318,0.7691850089232599,1.0,3,2.0,0.17073170731707318,0.17073170731707318,turkiye,2.772588722239781
4.365853658536586,0.5046050649381716,0.14634146341463414,0.6712308520284466,0.47954309772689563,41,0.22724568709101725,0.9134322139136004,25,creation,0.8562227606853868,0.5666666666666667,1.5767546539016597,179,atn,0.2682926829268293,0.5853658536585366,0.737061273051755,6.22136975504726,0.07317073170731707,0.013784676151162217,0.4725969907011644,0.10648423557406306,2.072235127113176,1.438871473354232,0.00594883997620464,1.3838356449920006,0.0,0.27543129089827484,1.9894957983193278,0,3.0,0.6585365853658537,0.0,turkiye,6.16541785423142
6.0606060606060606,0.0,0.0,0.574456264653803,0.18939393939393948,33,0.0,1.0,25,burnin,NaN,0.32,1.7951758270431342,200,metaweb,0.24242424242424243,0.7575757575757576,2.203856749311295,0.32,0.7575757575757576,0.0,0.0,0.18365472910927455,1.7575757575757576,1.0,0.0,1.220719562389331,0.0,0.642791551882461,1.0,0,2.0,0.0,0.0,turkiye,5.298317366548036
1.3333333333333333,0.0,0.0,1.5461646096066228,0.24999999999999994,9,0.0,0.6555555555555556,25,burnin,0.9129004760607994,2.0,0.8385254915624212,12,down_niche_empiricalbm,0.6666666666666666,0.3333333333333333,0.08641975308641975,2.829787234042554,0.3333333333333333,0.0,1.8129866073473578e-16,0.14814814814814814,1.3333333333333333,1.0,0.0,0.9185586535436917,0.0,0.2345679012345679,1.0,1,2.0,0.0,0.0,turkiye,2.4849066497880004
3.0833333333333335,NaN,0.6944444444444444,1.1690466821511123,1.2065589957974725,36,0.1566358024691358,0.604318212651546,25,burnin,0.9128682471542339,1.44,0.4986886696436262,111,niche,0.3055555555555556,0.0,0.0625,4.904078087292925,0.19444444444444445,0.37353010098108136,0.7579244746374352,0.08564814814814815,2.314290484993099,2.0675675675675675,0.041666666666666664,1.175633514532713,0.1111111111111111,0.19598765432098766,NaN,0,3.0,0.4722222222222222,0.1388888888888889,turkiye,0.0
1.0,0.0,0.0,1.8856180831641267,0.23333333333333328,10,0.0,0.65,25,burnin,0.9049223025043825,2.3333333333333335,0.816496580927726,10,down_niche_nestedbm,0.7,0.3,0.03,5.89655172413793,0.3,0.0,1.5700924586837752e-16,0.1,1.3,1.0,0.0,1.414213562373095,0.0,0.16,1.0,0,2.0,0.0,0.0,turkiye,2.302585092994046
3.125,0.0,0.0,0.6590707045138535,0.17641129032258063,32,0.0,0.7576839826839826,25,burnin,0.8675466994784788,0.28,2.1034901872226395,100,down_niche,0.21875,0.78125,0.7578125,3.102564102564103,0.78125,0.0,2.307555223660277e-16,0.09765625,1.78125,1.0,0.0,1.6716844894471157,0.0,0.16796875,1.0,15,2.0,0.0,0.0,turkiye,4.605170185988092
1.5555555555555556,0.0,0.0,0.794592695045964,0.25,9,0.0,0.925925925925926,25,burnin,0.793178670674015,0.5,1.6736249305514261,14,atn_empiricalbm,0.3333333333333333,0.6666666666666666,0.38271604938271603,0.6875,0.6666666666666666,0.0,1.4536231567507431e-16,0.1728395061728395,1.6666666666666667,1.0,0.0,1.0873812391170234,0.0,0.12345679012345678,1.0,0,2.0,0.0,0.0,turkiye,2.6390573296152584
0.8888888888888888,0.0,0.0,3.000000000000001,0.11111111111111112,9,0.0,0.8888888888888888,25,burnin,NaN,8.0,0.3750000000000001,8,metaweb_empiricalbm,0.8888888888888888,0.1111111111111111,0.0,8.0,0.1111111111111111,0.0,0.0,0.09876543209876543,1.1111111111111112,1.0,0.0,2.6250000000000004,0.0,0.345679012345679,1.0,0,2.0,0.0,0.0,turkiye,2.0794415416798357
3.6153846153846154,0.5404584887691555,0.2692307692307692,0.8819091188887754,0.4459144507755618,26,0.1863905325443787,0.8947590870667793,25,burnin,0.8700991699289549,1.0625,1.0671777106854292,94,atn,0.38461538461538464,0.34615384615384615,0.45710059171597633,5.248807843436463,0.11538461538461539,0.0,0.43059844978126893,0.1390532544378698,1.7973646723646723,1.3380281690140845,0.0,0.7796181349844034,0.0,0.3698224852071006,1.9044585987261147,0,3.0,0.5,0.0,turkiye,5.056245805348308
4.975609756097561,0.5165259707064461,0.14634146341463414,0.6925630994171982,0.5004531434675649,41,0.2867340868530637,0.912009449685958,26,creation,0.8575891459507764,0.5666666666666667,1.433518486069811,204,atn_nestedbm,0.2682926829268293,0.5853658536585366,0.8322427126710291,6.40419348662183,0.07317073170731707,0.023784829721362227,0.4768679043889739,0.12135633551457466,2.086817653890824,1.4104046242774566,0.014277215942891136,1.2274220067995583,0.0,0.3682331945270672,2.0439024390243903,0,3.0,0.6585365853658537,0.0,turkiye,6.421622267806518
8.292682926829269,0.0,0.7560975609756098,0.7276597792411363,0.47586194984565655,41,0.36644854253420583,0.942432597448504,26,creation,0.81848026156752,1.1818181818181819,1.162674439046061,340,metaweb,0.1951219512195122,0.04878048780487805,1.5609756097560976,0.5243944684156643,0.6097560975609756,0.19850029108996112,0.38203700564425963,0.20226055919095776,2.0291864961332537,1.2237762237762237,0.19571683521713265,0.8832524826440544,0.17073170731707318,0.7691850089232599,1.0,3,2.0,0.17073170731707318,0.17073170731707318,turkiye,2.772588722239781
4.804878048780488,0.847753114329005,0.6341463414634146,0.553031649416661,0.4649164536335465,41,0.17608566329565734,0.696127384457183,26,creation,0.9026912599060434,1.0303030303030303,1.5274068656912665,197,down_niche_empiricalbm,0.1951219512195122,0.17073170731707318,0.8572278405710886,1.726279673582367,0.6097560975609756,0.04080174567979446,0.15534359347878932,0.11719214753123142,2.025664601884114,1.2730627306273063,0.006543723973825104,1.119685807518129,0.0,0.3004164187983343,2.879154078549849,29,2.0,0.1951219512195122,0.0,turkiye,5.802118375377063
5.097560975609756,NaN,0.7804878048780488,1.0760945320289454,1.297043460436294,41,0.2688875669244497,0.6980406984258076,26,creation,0.8665143651118722,1.28125,0.6292893834220684,209,niche,0.21951219512195122,0.0,0.2099940511600238,8.947938860365726,0.04878048780487805,0.4198458082370502,0.9703632255300388,0.12433075550267698,2.7457275723204417,1.673202614379085,0.13920285544318858,0.9977728684923366,0.12195121951219512,0.42058298631766805,NaN,0,4.0,0.6829268292682927,0.12195121951219512,turkiye,0.0
4.804878048780488,0.847753114329005,0.6341463414634146,0.553031649416661,0.4649164536335465,41,0.17608566329565734,0.696127384457183,26,creation,0.9026912599060434,1.0303030303030303,1.5274068656912665,197,down_niche_nestedbm,0.1951219512195122,0.17073170731707318,0.8572278405710886,1.726279673582367,0.6097560975609756,0.04080174567979446,0.15534359347878932,0.11719214753123142,2.025664601884114,1.2730627306273063,0.006543723973825104,1.119685807518129,0.0,0.3004164187983343,2.879154078549849,29,2.0,0.1951219512195122,0.0,turkiye,5.802118375377063
4.804878048780488,0.847753114329005,0.6341463414634146,0.553031649416661,0.4649164536335465,41,0.17608566329565734,0.696127384457183,26,creation,0.9026912599060434,1.0303030303030303,1.5274068656912665,197,down_niche,0.1951219512195122,0.17073170731707318,0.8572278405710886,1.726279673582367,0.6097560975609756,0.04080174567979446,0.15534359347878932,0.11719214753123142,2.025664601884114,1.2730627306273063,0.006543723973825104,1.119685807518129,0.0,0.3004164187983343,2.879154078549849,29,2.0,0.1951219512195122,0.0,turkiye,5.802118375377063
8.292682926829269,0.0,0.7560975609756098,0.7276597792411363,0.47586194984565655,41,0.36644854253420583,0.942432597448504,26,creation,0.81848026156752,1.1818181818181819,1.162674439046061,340,metaweb_nestedbm,0.1951219512195122,0.04878048780487805,1.5609756097560976,0.5243944684156643,0.6097560975609756,0.19850029108996112,0.38203700564425963,0.20226055919095776,2.0291864961332537,1.2237762237762237,0.19571683521713265,0.8832524826440544,0.17073170731707318,0.7691850089232599,1.0,3,2.0,0.17073170731707318,0.17073170731707318,turkiye,2.772588722239781
4.975609756097561,0.5165259707064461,0.14634146341463414,0.6925630994171982,0.5004531434675649,41,0.2867340868530637,0.912009449685958,26,creation,0.8575891459507764,0.5666666666666667,1.433518486069811,204,atn_empiricalbm,0.2682926829268293,0.5853658536585366,0.8322427126710291,6.40419348662183,0.07317073170731707,0.023784829721362227,0.4768679043889739,0.12135633551457466,2.086817653890824,1.4104046242774566,0.014277215942891136,1.2274220067995583,0.0,0.3682331945270672,2.0439024390243903,0,3.0,0.6585365853658537,0.0,turkiye,6.421622267806518
8.292682926829269,0.0,0.7560975609756098,0.7276597792411363,0.47586194984565655,41,0.36644854253420583,0.942432597448504,26,creation,0.81848026156752,1.1818181818181819,1.162674439046061,340,metaweb_empiricalbm,0.1951219512195122,0.04878048780487805,1.5609756097560976,0.5243944684156643,0.6097560975609756,0.19850029108996112,0.38203700564425963,0.20226055919095776,2.0291864961332537,1.2237762237762237,0.19571683521713265,0.8832524826440544,0.17073170731707318,0.7691850089232599,1.0,3,2.0,0.17073170731707318,0.17073170731707318,turkiye,2.772588722239781
4.975609756097561,0.5165259707064461,0.14634146341463414,0.6925630994171982,0.5004531434675649,41,0.2867340868530637,0.912009449685958,26,creation,0.8575891459507764,0.5666666666666667,1.433518486069811,204,atn,0.2682926829268293,0.5853658536585366,0.8322427126710291,6.40419348662183,0.07317073170731707,0.023784829721362227,0.4768679043889739,0.12135633551457466,2.086817653890824,1.4104046242774566,0.014277215942891136,1.2274220067995583,0.0,0.3682331945270672,2.0439024390243903,0,3.0,0.6585365853658537,0.0,turkiye,6.421622267806518
6.0606060606060606,0.0,0.0,0.574456264653803,0.18939393939393948,33,0.0,1.0,26,burnin,NaN,0.32,1.7951758270431342,200,metaweb,0.24242424242424243,0.7575757575757576,2.203856749311295,0.32,0.7575757575757576,0.0,0.0,0.18365472910927455,1.7575757575757576,1.0,0.0,1.220719562389331,0.0,0.642791551882461,1.0,0,2.0,0.0,0.0,turkiye,5.298317366548036
1.7142857142857142,0.7162311170195085,0.14285714285714285,1.4726857841384289,0.6098901098901102,14,0.025510204081632654,0.5853174603174602,26,burnin,0.9050894269288804,1.6666666666666667,0.8384458557303822,24,down_niche_empiricalbm,0.5714285714285714,0.2857142857142857,0.11224489795918367,3.537037037037036,0.2857142857142857,0.0,0.1443375672974064,0.12244897959183673,1.5714285714285714,1.0769230769230769,0.0,0.989798390936687,0.0,0.25510204081632654,1.3181818181818181,1,2.0,0.07142857142857142,0.0,turkiye,3.091042453358316
4.242424242424242,NaN,0.7272727272727273,1.1517940199036085,0.8658753075863739,33,0.20018365472910926,0.7129515686333868,26,burnin,0.8649468956521782,1.375,0.6771154492644906,140,niche,0.2727272727272727,0.0,0.17355371900826447,6.471076386012423,0.06060606060606061,0.499459423263251,0.7387608815846918,0.1285583103764922,2.3162638053127105,1.578544061302682,0.1285583103764922,1.0942611779233533,0.12121212121212122,0.3627180899908173,NaN,0,4.0,0.6060606060606061,0.12121212121212122,turkiye,0.0
4.694444444444445,0.6926166421990929,0.6111111111111112,0.580185198385408,0.345272197420635,36,0.11728395061728394,0.7587151710340116,26,burnin,0.8763428982540685,1.0714285714285714,1.642009778162337,169,down_niche,0.2222222222222222,0.16666666666666666,1.040895061728395,1.6990665283745736,0.6666666666666666,0.013139329805996473,0.11026293212672807,0.13040123456790123,1.8940972222222223,1.175609756097561,0.0023148148148148147,1.1737013311773163,0.0,0.3387345679012346,2.3580246913580245,8,2.0,0.1111111111111111,0.0,turkiye,5.087596335232384
0.8888888888888888,0.0,0.0,3.000000000000001,0.11111111111111112,9,0.0,0.8888888888888888,26,burnin,NaN,8.0,0.3750000000000001,8,metaweb_nestedbm,0.8888888888888888,0.1111111111111111,0.0,8.0,0.1111111111111111,0.0,0.0,0.09876543209876543,1.1111111111111112,1.0,0.0,2.6250000000000004,0.0,0.345679012345679,1.0,0,2.0,0.0,0.0,turkiye,2.0794415416798357
2.0,0.0,0.0,0.75,0.2499999999999999,9,0.0,1.0,26,burnin,NaN,0.5,1.5,18,atn_empiricalbm,0.3333333333333333,0.6666666666666666,0.5555555555555556,0.5,0.6666666666666666,0.0,2.220446049250313e-16,0.2222222222222222,1.6666666666666665,1.0,0.0,0.75,0.0,0.2222222222222222,1.0,0,2.0,0.0,0.0,turkiye,2.8903717578961645
0.8888888888888888,0.0,0.0,3.000000000000001,0.11111111111111112,9,0.0,0.8888888888888888,26,burnin,NaN,8.0,0.3750000000000001,8,metaweb_empiricalbm,0.8888888888888888,0.1111111111111111,0.0,8.0,0.1111111111111111,0.0,0.0,0.09876543209876543,1.1111111111111112,1.0,0.0,2.6250000000000004,0.0,0.345679012345679,1.0,0,2.0,0.0,0.0,turkiye,2.0794415416798357
4.387096774193548,0.5365348384632059,0.22580645161290322,0.7867051470951328,0.47986249391566,31,0.27887617065556713,0.9368368739686028,26,burnin,0.8464612722671783,0.8095238095238095,1.0766892122364053,136,atn,0.3225806451612903,0.45161290322580644,0.5879292403746098,5.70465858766178,0.0967741935483871,0.0,0.460075417706938,0.14151925078043703,1.936379928315412,1.3818181818181818,0.0,0.7998747378865719,0.0,0.4255983350676379,2.003021148036254,0,3.0,0.5806451612903226,0.0,turkiye,5.802118375377063
5.414634146341464,0.34359179437197435,0.17073170731707318,0.6847987695375668,0.5258033666210389,41,0.3652587745389649,0.9230558059826353,27,creation,0.8411883367581134,0.6,1.4149641010255258,222,atn_nestedbm,0.2682926829268293,0.5609756097560976,0.9851279000594884,6.072752513081938,0.14634146341463414,0.014814814814814814,0.4358763614698582,0.132064247471743,2.1075493612078975,1.3833333333333333,0.004759071980963712,1.217310568711359,0.0,0.4503271861986913,1.949201741654572,0,3.0,0.5853658536585366,0.0,turkiye,6.535241271013659
8.292682926829269,0.0,0.7560975609756098,0.7276597792411363,0.47586194984565655,41,0.36644854253420583,0.942432597448504,27,creation,0.81848026156752,1.1818181818181819,1.162674439046061,340,metaweb,0.1951219512195122,0.04878048780487805,1.5609756097560976,0.5243944684156643,0.6097560975609756,0.19850029108996112,0.38203700564425963,0.20226055919095776,2.0291864961332537,1.2237762237762237,0.19571683521713265,0.8832524826440544,0.17073170731707318,0.7691850089232599,1.0,3,2.0,0.17073170731707318,0.17073170731707318,turkiye,2.772588722239781
5.414634146341464,0.940934926024217,0.6585365853658537,0.7164428221040192,0.4311046635393385,41,0.21415823914336704,0.6813501246386218,27,creation,0.8990033340570601,1.0606060606060606,1.2973856639073298,222,down_niche_empiricalbm,0.1951219512195122,0.14634146341463414,0.8072575847709696,1.6395163257245569,0.6097560975609756,0.11611748684919415,0.27292236276939014,0.132064247471743,2.011772172422579,1.2833333333333334,0.06960142772159429,0.9975641951837995,0.04878048780487805,0.3848899464604402,3.502958579881657,38,2.0,0.1951219512195122,0.04878048780487805,turkiye,6.739336627357174
5.878048780487805,0.8925635809804037,0.7073170731707317,0.9677639359324846,1.5166579067244794,41,0.38786436644854255,0.6620835945205423,27,creation,0.8710328050140467,1.0588235294117647,0.5567453575539103,241,niche,0.17073170731707318,0.12195121951219512,0.20582986317668056,5.420734598455853,0.04878048780487805,0.45316033891745755,1.051607714465571,0.14336704342653184,3.133476846198069,1.5787321063394684,0.21534800713860797,0.9684566412815039,0.2682926829268293,0.43545508625817964,5.307495195387572,0,3.0,0.7317073170731707,0.2682926829268293,turkiye,8.739376281635323
5.414634146341464,0.940934926024217,0.6585365853658537,0.7164428221040192,0.4311046635393385,41,0.21415823914336704,0.6813501246386218,27,creation,0.8990033340570601,1.0606060606060606,1.2973856639073298,222,down_niche_nestedbm,0.1951219512195122,0.14634146341463414,0.8072575847709696,1.6395163257245569,0.6097560975609756,0.11611748684919415,0.27292236276939014,0.132064247471743,2.011772172422579,1.2833333333333334,0.06960142772159429,0.9975641951837995,0.04878048780487805,0.3848899464604402,3.502958579881657,35,2.0,0.1951219512195122,0.04878048780487805,turkiye,6.739336627357174
5.414634146341464,0.940934926024217,0.6585365853658537,0.7164428221040192,0.4311046635393385,41,0.21415823914336704,0.6813501246386218,27,creation,0.8990033340570601,1.0606060606060606,1.2973856639073298,222,down_niche,0.1951219512195122,0.14634146341463414,0.8072575847709696,1.6395163257245569,0.6097560975609756,0.11611748684919415,0.27292236276939014,0.132064247471743,2.011772172422579,1.2833333333333334,0.06960142772159429,0.9975641951837995,0.04878048780487805,0.3848899464604402,3.502958579881657,34,2.0,0.1951219512195122,0.04878048780487805,turkiye,6.739336627357174
8.292682926829269,0.0,0.7560975609756098,0.7276597792411363,0.47586194984565655,41,0.36644854253420583,0.942432597448504,27,creation,0.81848026156752,1.1818181818181819,1.162674439046061,340,metaweb_nestedbm,0.1951219512195122,0.04878048780487805,1.5609756097560976,0.5243944684156643,0.6097560975609756,0.19850029108996112,0.38203700564425963,0.20226055919095776,2.0291864961332537,1.2237762237762237,0.19571683521713265,0.8832524826440544,0.17073170731707318,0.7691850089232599,1.0,3,2.0,0.17073170731707318,0.17073170731707318,turkiye,2.772588722239781
5.414634146341464,0.34359179437197435,0.17073170731707318,0.6847987695375668,0.5258033666210389,41,0.3652587745389649,0.9230558059826353,27,creation,0.8411883367581134,0.6,1.4149641010255258,222,atn_empiricalbm,0.2682926829268293,0.5609756097560976,0.9851279000594884,6.072752513081938,0.14634146341463414,0.014814814814814814,0.4358763614698582,0.132064247471743,2.1075493612078975,1.3833333333333333,0.004759071980963712,1.217310568711359,0.0,0.4503271861986913,1.949201741654572,0,3.0,0.5853658536585366,0.0,turkiye,6.535241271013659
8.292682926829269,0.0,0.7560975609756098,0.7276597792411363,0.47586194984565655,41,0.36644854253420583,0.942432597448504,27,creation,0.81848026156752,1.1818181818181819,1.162674439046061,340,metaweb_empiricalbm,0.1951219512195122,0.04878048780487805,1.5609756097560976,0.5243944684156643,0.6097560975609756,0.19850029108996112,0.38203700564425963,0.20226055919095776,2.0291864961332537,1.2237762237762237,0.19571683521713265,0.8832524826440544,0.17073170731707318,0.7691850089232599,1.0,3,2.0,0.17073170731707318,0.17073170731707318,turkiye,2.772588722239781
5.414634146341464,0.34359179437197435,0.17073170731707318,0.6847987695375668,0.5258033666210389,41,0.3652587745389649,0.9230558059826353,27,creation,0.8411883367581134,0.6,1.4149641010255258,222,atn,0.2682926829268293,0.5609756097560976,0.9851279000594884,6.072752513081938,0.14634146341463414,0.014814814814814814,0.4358763614698582,0.132064247471743,2.1075493612078975,1.3833333333333333,0.004759071980963712,1.217310568711359,0.0,0.4503271861986913,1.949201741654572,0,3.0,0.5853658536585366,0.0,turkiye,6.535241271013659
0.8,0.0,0.0,2.23606797749979,0.2,5,0.0,0.8,27,burnin,NaN,4.0,0.5590169943749473,4,atn_nestedbm,0.8,0.2,0.0,4.0,0.2,0.0,0.0,0.16,1.2,1.0,0.0,1.6770509831248421,0.0,0.24,1.0,0,2.0,0.0,0.0,turkiye,1.3862943611198906
6.0606060606060606,0.0,0.0,0.574456264653803,0.18939393939393948,33,0.0,1.0,27,burnin,NaN,0.32,1.7951758270431342,200,metaweb,0.24242424242424243,0.7575757575757576,2.203856749311295,0.32,0.7575757575757576,0.0,0.0,0.18365472910927455,1.7575757575757576,1.0,0.0,1.220719562389331,0.0,0.642791551882461,1.0,0,2.0,0.0,0.0,turkiye,5.298317366548036
1.3333333333333333,0.0,0.0,1.984313483298443,0.1944444444444446,9,0.0,0.8253968253968255,27,burnin,0.7808981394110311,3.5,0.6495190528383291,12,down_niche_empiricalbm,0.7777777777777778,0.2222222222222222,0.06172839506172839,3.5,0.2222222222222222,0.0,4.440892098500626e-16,0.14814814814814814,1.2222222222222223,1.0,0.0,1.4523687548277815,0.0,0.37037037037037035,1.0,0,2.0,0.0,0.0,turkiye,2.4849066497880004
1.7222222222222223,0.8819171036881968,0.5555555555555556,0.9300042353792513,0.5935429498731362,18,0.037037037037037035,0.46111111111111114,27,burnin,0.9373680103998743,1.5454545454545454,0.7663262504572891,31,niche,0.3888888888888889,0.05555555555555555,0.046296296296296294,2.4020618556701034,0.1111111111111111,0.36666666666666675,0.594902903859593,0.09567901234567901,1.8477366255144032,1.21875,0.021604938271604937,0.8655747009676606,0.3333333333333333,0.040123456790123455,2.5555555555555554,0,3.0,0.5,0.3333333333333333,turkiye,2.1972245773362196
1.2222222222222223,0.0,0.0,1.9948280234083353,0.19444444444444448,9,0.0,0.8492063492063492,27,burnin,0.8580327848781134,3.5,0.6818181818181818,11,down_niche_nestedbm,0.7777777777777778,0.2222222222222222,0.04938271604938271,3.9090909090909087,0.2222222222222222,0.0,3.605312230474616e-16,0.13580246913580246,1.2222222222222223,1.0,0.0,1.4812882488000294,0.0,0.30864197530864196,1.0,0,2.0,0.0,0.0,turkiye,2.3978952727983707
4.264705882352941,0.43561592543279265,0.17647058823529413,0.6305292299822404,0.22905525846702315,34,0.03027681660899654,0.7878250905105125,27,burnin,0.8644035332900865,0.5384615384615384,1.8193283597160177,145,down_niche,0.23529411764705882,0.5882352941176471,1.0640138408304498,1.3207162485595245,0.7352941176470589,0.0,3.57085206349848e-16,0.1254325259515571,1.7941176470588236,1.0522875816993464,0.0,1.3279855280242616,0.0,0.3079584775086505,1.2517985611510791,12,2.0,0.029411764705882353,0.0,turkiye,4.9344739331306915
1.8,0.0,0.0,0.7314228762270926,0.23333333333333328,10,0.0,0.9571428571428571,27,burnin,0.7752174633975258,0.42857142857142855,1.672828117131291,18,atn_empiricalbm,0.3,0.7,0.48,0.7647058823529413,0.7,0.0,1.8129866073473578e-16,0.18,1.7,1.0,0.0,1.0540925533894596,0.0,0.15,1.0,0,2.0,0.0,0.0,turkiye,2.8903717578961645
0.8888888888888888,0.0,0.0,3.000000000000001,0.11111111111111112,9,0.0,0.8888888888888888,27,burnin,NaN,8.0,0.3750000000000001,8,metaweb_empiricalbm,0.8888888888888888,0.1111111111111111,0.0,8.0,0.1111111111111111,0.0,0.0,0.09876543209876543,1.1111111111111112,1.0,0.0,2.6250000000000004,0.0,0.345679012345679,1.0,0,2.0,0.0,0.0,turkiye,2.0794415416798357
5.064516129032258,0.36189168791875237,0.25806451612903225,0.7913466982767013,0.522249253285544,31,0.3870967741935484,0.9464127403606082,27,burnin,0.8320599139823278,0.8571428571428571,1.0002542038323075,157,atn,0.3225806451612903,0.41935483870967744,0.7242455775234131,5.336596596971343,0.1935483870967742,0.019942328940631148,0.42825705451479074,0.16337148803329865,1.9629032258064516,1.3375527426160339,0.008324661810613945,0.7401025389486754,0.0,0.5744016649323621,1.9411764705882353,0,3.0,0.4838709677419355,0.0,turkiye,6.052089168924417
5.170731707317073,0.5284615241443759,0.17073170731707318,0.679509742804353,0.5037727586143989,41,0.2843545508625818,0.9191809156485354,28,creation,0.8354353827279637,0.6,1.5035872170918192,212,atn_nestedbm,0.2682926829268293,0.5609756097560976,0.9649018441403926,6.42274743818838,0.0975609756097561,0.03855625436921476,0.48982128119616963,0.12611540749553837,2.10343883081688,1.4078212290502794,0.017251635930993457,1.2730480175134715,0.0,0.39262343842950626,2.0643086816720255,0,3.0,0.6341463414634146,0.0,turkiye,6.432940092739179
8.292682926829269,0.0,0.7560975609756098,0.7276597792411363,0.47586194984565655,41,0.36644854253420583,0.942432597448504,28,creation,0.81848026156752,1.1818181818181819,1.162674439046061,340,metaweb,0.1951219512195122,0.04878048780487805,1.5609756097560976,0.5243944684156643,0.6097560975609756,0.19850029108996112,0.38203700564425963,0.20226055919095776,2.0291864961332537,1.2237762237762237,0.19571683521713265,0.8832524826440544,0.17073170731707318,0.7691850089232599,1.0,3,2.0,0.17073170731707318,0.17073170731707318,turkiye,2.772588722239781
5.146341463414634,0.4984544012479544,0.6341463414634146,0.5870706618418797,0.4511771680216802,41,0.19750148720999405,0.7150109375719133,28,creation,0.8957693334790688,1.0303030303030303,1.4276113502094736,211,down_niche_empiricalbm,0.1951219512195122,0.17073170731707318,0.8851873884592505,1.1605135411343894,0.6097560975609756,0.04959606788875082,0.21577671970841428,0.1255205234979179,2.021680216802168,1.2454212454212454,0.0148720999405116,1.0481211685071432,0.12195121951219512,0.330755502676978,1.5679012345679013,32,1.0,0.1951219512195122,0.12195121951219512,turkiye,4.394449154672439
5.341463414634147,NaN,0.7560975609756098,0.9403782277320264,1.7842599908254566,41,0.37477691850089234,0.6409165863292571,28,creation,0.8807971093536586,1.3225806451612903,0.2888502331020553,219,niche,0.24390243902439024,0.0,0.11124330755502677,6.729703537438364,0.14634146341463414,0.4101162921631652,0.8511585501563877,0.13027959547888163,2.844369082519815,1.7689655172413794,0.1522903033908388,0.8989202347579501,0.21951219512195122,0.32837596668649616,NaN,0,3.0,0.5609756097560976,0.21951219512195122,turkiye,0.0
5.146341463414634,0.4984544012479544,0.6341463414634146,0.5870706618418797,0.4511771680216802,41,0.19750148720999405,0.7150109375719133,28,creation,0.8957693334790688,1.0303030303030303,1.4276113502094736,211,down_niche_nestedbm,0.1951219512195122,0.17073170731707318,0.8851873884592505,1.1605135411343894,0.6097560975609756,0.04959606788875082,0.21577671970841428,0.1255205234979179,2.021680216802168,1.2454212454212454,0.0148720999405116,1.0481211685071432,0.12195121951219512,0.330755502676978,1.5679012345679013,31,1.0,0.1951219512195122,0.12195121951219512,turkiye,4.394449154672439
5.146341463414634,0.4984544012479544,0.6341463414634146,0.5870706618418797,0.4511771680216802,41,0.19750148720999405,0.7150109375719133,28,creation,0.8957693334790688,1.0303030303030303,1.4276113502094736,211,down_niche,0.1951219512195122,0.17073170731707318,0.8851873884592505,1.1605135411343894,0.6097560975609756,0.04959606788875082,0.21577671970841428,0.1255205234979179,2.021680216802168,1.2454212454212454,0.0148720999405116,1.0481211685071432,0.12195121951219512,0.330755502676978,1.5679012345679013,31,1.0,0.1951219512195122,0.12195121951219512,turkiye,4.394449154672439
8.292682926829269,0.0,0.7560975609756098,0.7276597792411363,0.47586194984565655,41,0.36644854253420583,0.942432597448504,28,creation,0.81848026156752,1.1818181818181819,1.162674439046061,340,metaweb_nestedbm,0.1951219512195122,0.04878048780487805,1.5609756097560976,0.5243944684156643,0.6097560975609756,0.19850029108996112,0.38203700564425963,0.20226055919095776,2.0291864961332537,1.2237762237762237,0.19571683521713265,0.8832524826440544,0.17073170731707318,0.7691850089232599,1.0,3,2.0,0.17073170731707318,0.17073170731707318,turkiye,2.772588722239781
5.170731707317073,0.5284615241443759,0.17073170731707318,0.679509742804353,0.5037727586143989,41,0.2843545508625818,0.9191809156485354,28,creation,0.8354353827279637,0.6,1.5035872170918192,212,atn_empiricalbm,0.2682926829268293,0.5609756097560976,0.9649018441403926,6.42274743818838,0.0975609756097561,0.03855625436921476,0.48982128119616963,0.12611540749553837,2.10343883081688,1.4078212290502794,0.017251635930993457,1.2730480175134715,0.0,0.39262343842950626,2.0643086816720255,0,3.0,0.6341463414634146,0.0,turkiye,6.432940092739179
8.292682926829269,0.0,0.7560975609756098,0.7276597792411363,0.47586194984565655,41,0.36644854253420583,0.942432597448504,28,creation,0.81848026156752,1.1818181818181819,1.162674439046061,340,metaweb_empiricalbm,0.1951219512195122,0.04878048780487805,1.5609756097560976,0.5243944684156643,0.6097560975609756,0.19850029108996112,0.38203700564425963,0.20226055919095776,2.0291864961332537,1.2237762237762237,0.19571683521713265,0.8832524826440544,0.17073170731707318,0.7691850089232599,1.0,3,2.0,0.17073170731707318,0.17073170731707318,turkiye,2.772588722239781
5.170731707317073,0.5284615241443759,0.17073170731707318,0.679509742804353,0.5037727586143989,41,0.2843545508625818,0.9191809156485354,28,creation,0.8354353827279637,0.6,1.5035872170918192,212,atn,0.2682926829268293,0.5609756097560976,0.9649018441403926,6.42274743818838,0.0975609756097561,0.03855625436921476,0.48982128119616963,0.12611540749553837,2.10343883081688,1.4078212290502794,0.017251635930993457,1.2730480175134715,0.0,0.39262343842950626,2.0643086816720255,0,3.0,0.6341463414634146,0.0,turkiye,6.432940092739179
1.8461538461538463,0.486984753557674,0.15384615384615385,1.4304881321759702,0.31766381766381785,13,0.047337278106508875,0.7545787545787545,28,burnin,0.861120134534249,2.0,0.6938886664887108,24,atn_nestedbm,0.6153846153846154,0.23076923076923078,0.11834319526627218,4.2,0.23076923076923078,0.0,0.3004626062886658,0.14201183431952663,1.4230769230769231,1.0,0.0,0.8673608331108886,0.0,0.3076923076923077,1.3478260869565217,0,2.0,0.15384615384615385,0.0,turkiye,3.1354942159291497
6.0606060606060606,0.0,0.0,0.574456264653803,0.18939393939393948,33,0.0,1.0,28,burnin,NaN,0.32,1.7951758270431342,200,metaweb,0.24242424242424243,0.7575757575757576,2.203856749311295,0.32,0.7575757575757576,0.0,0.0,0.18365472910927455,1.7575757575757576,1.0,0.0,1.220719562389331,0.0,0.642791551882461,1.0,0,2.0,0.0,0.0,turkiye,5.298317366548036
1.3333333333333333,0.0,0.0,1.984313483298443,0.19444444444444464,9,0.0,0.8253968253968255,28,burnin,0.7808981394110313,3.5,0.649519052838329,12,down_niche_empiricalbm,0.7777777777777778,0.2222222222222222,0.06172839506172839,3.5,0.2222222222222222,0.0,4.440892098500626e-16,0.14814814814814814,1.2222222222222223,1.0,0.0,1.4523687548277815,0.0,0.37037037037037035,1.0,0,2.0,0.0,0.0,turkiye,2.4849066497880004
5.026315789473684,NaN,0.7368421052631579,0.9586041322295092,1.6033006868982853,38,0.35526315789473684,0.6243070440051863,28,burnin,0.8829079979646498,1.3571428571428572,0.29793364807559897,191,niche,0.2631578947368421,0.0,0.10318559556786704,6.296531321081974,0.15789473684210525,0.4174729007849212,0.8250781978867076,0.13227146814404434,2.691731198895572,1.7338877338877339,0.14473684210526316,0.9272550249634305,0.23684210526315788,0.31994459833795014,NaN,0,3.0,0.5263157894736842,0.23684210526315788,turkiye,0.0
4.611111111111111,0.0,0.4444444444444444,0.5709078356412263,0.3085714285714285,36,0.07098765432098765,0.7422699214365882,28,burnin,0.8779268466481908,0.8571428571428571,1.7498072094088912,166,down_niche,0.2222222222222222,0.3333333333333333,1.1103395061728396,1.0248356464572679,0.6944444444444444,0.0,0.12987482388637941,0.12808641975308643,1.8666666666666667,1.1546391752577319,0.0,1.2745989048185191,0.05555555555555555,0.31790123456790126,1.0,16,2.0,0.08333333333333333,0.05555555555555555,turkiye,4.23410650459726
1.7142857142857142,0.0,0.0,0.9354143466934854,0.2857142857142856,7,0.0,1.0,28,burnin,NaN,0.75,1.247219128924647,12,atn_empiricalbm,0.42857142857142855,0.5714285714285714,0.3673469387755102,0.75,0.5714285714285714,0.0,2.220446049250313e-16,0.24489795918367346,1.5714285714285714,1.0,0.0,0.3118047822311618,0.0,0.24489795918367346,1.0,0,2.0,0.0,0.0,turkiye,2.4849066497880004
0.8888888888888888,0.0,0.0,3.000000000000001,0.11111111111111112,9,0.0,0.8888888888888888,28,burnin,NaN,8.0,0.3750000000000001,8,metaweb_empiricalbm,0.8888888888888888,0.1111111111111111,0.0,8.0,0.1111111111111111,0.0,0.0,0.09876543209876543,1.1111111111111112,1.0,0.0,2.6250000000000004,0.0,0.345679012345679,1.0,0,2.0,0.0,0.0,turkiye,2.0794415416798357
4.6875,0.5626658684712622,0.25,0.7690649724825865,0.5221811288493894,32,0.310546875,0.9444227647352648,28,burnin,0.8453314585863622,0.8181818181818182,1.108429739521273,150,atn,0.3125,0.4375,0.6640625,5.761536456070218,0.125,0.028983516483516485,0.4846053010523225,0.146484375,2.000803571428571,1.3902439024390243,0.0146484375,0.8563387933710921,0.0,0.4521484375,2.1127098321342928,0,3.0,0.5625,0.0,turkiye,6.0330862217988015
5.195121951219512,0.5844157800302149,0.17073170731707318,0.678121032108976,0.5030911582830964,41,0.27959547888161806,0.9091697306011512,29,creation,0.8129429013000079,0.6,1.4717609735427915,213,atn_nestedbm,0.2682926829268293,0.5609756097560976,0.9381320642474718,6.464749059526059,0.0975609756097561,0.04947017064330215,0.5002269932825834,0.12671029149315882,2.101329849012776,1.403361344537815,0.023200475907198096,1.2324346069888932,0.0,0.3902439024390244,2.155688622754491,0,3.0,0.6341463414634146,0.0,turkiye,6.504288173536645
8.292682926829269,0.0,0.7560975609756098,0.7276597792411363,0.47586194984565655,41,0.36644854253420583,0.942432597448504,29,creation,0.81848026156752,1.1818181818181819,1.162674439046061,340,metaweb,0.1951219512195122,0.04878048780487805,1.5609756097560976,0.5243944684156643,0.6097560975609756,0.19850029108996112,0.38203700564425963,0.20226055919095776,2.0291864961332537,1.2237762237762237,0.19571683521713265,0.8832524826440544,0.17073170731707318,0.7691850089232599,1.0,3,2.0,0.17073170731707318,0.17073170731707318,turkiye,2.772588722239781
5.195121951219512,1.0226365320501773,0.6097560975609756,0.6299684046674362,0.4040375060575693,41,0.19631171921475313,0.6919979314651972,29,creation,0.8989948571877422,1.0,1.4021415812635238,213,down_niche_empiricalbm,0.1951219512195122,0.1951219512195122,0.8560380725758477,1.035134834267234,0.6097560975609756,0.07999113910161255,0.20166785626942127,0.12671029149315882,1.99892445799458,1.2282608695652173,0.04104699583581202,1.025691593700475,0.0,0.35217132659131467,3.017699115044248,34,2.0,0.1951219512195122,0.0,turkiye,6.336825731146441
4.7317073170731705,0.9281501612786156,0.8048780487804879,0.9662020174952893,1.8364517436389811,41,0.32540154669839383,0.6350781225620764,29,creation,0.9003871069815227,1.1142857142857143,0.4458837374981158,194,niche,0.14634146341463414,0.04878048780487805,0.16954193932183223,5.665842262650231,0.04878048780487805,0.283289475381524,1.0513803894819362,0.11540749553837001,3.440838152966065,1.7702702702702702,0.0874479476502082,0.8553533136103829,0.12195121951219512,0.364069006543724,5.216413715570545,0,4.0,0.6585365853658537,0.12195121951219512,turkiye,7.483806687665835
5.195121951219512,1.0226365320501773,0.6097560975609756,0.6299684046674362,0.4040375060575693,41,0.19631171921475313,0.6919979314651972,29,creation,0.8989948571877422,1.0,1.4021415812635238,213,down_niche_nestedbm,0.1951219512195122,0.1951219512195122,0.8560380725758477,1.035134834267234,0.6097560975609756,0.07999113910161255,0.20166785626942127,0.12671029149315882,1.99892445799458,1.2282608695652173,0.04104699583581202,1.025691593700475,0.0,0.35217132659131467,3.017699115044248,34,2.0,0.1951219512195122,0.0,turkiye,6.336825731146441
5.195121951219512,1.0226365320501773,0.6097560975609756,0.6299684046674362,0.4040375060575693,41,0.19631171921475313,0.6919979314651972,29,creation,0.8989948571877422,1.0,1.4021415812635238,213,down_niche,0.1951219512195122,0.1951219512195122,0.8560380725758477,1.035134834267234,0.6097560975609756,0.07999113910161255,0.20166785626942127,0.12671029149315882,1.99892445799458,1.2282608695652173,0.04104699583581202,1.025691593700475,0.0,0.35217132659131467,3.017699115044248,35,2.0,0.1951219512195122,0.0,turkiye,6.336825731146441
8.292682926829269,0.0,0.7560975609756098,0.7276597792411363,0.47586194984565655,41,0.36644854253420583,0.942432597448504,29,creation,0.81848026156752,1.1818181818181819,1.162674439046061,340,metaweb_nestedbm,0.1951219512195122,0.04878048780487805,1.5609756097560976,0.5243944684156643,0.6097560975609756,0.19850029108996112,0.38203700564425963,0.20226055919095776,2.0291864961332537,1.2237762237762237,0.19571683521713265,0.8832524826440544,0.17073170731707318,0.7691850089232599,1.0,3,2.0,0.17073170731707318,0.17073170731707318,turkiye,2.772588722239781
5.195121951219512,0.5844157800302149,0.17073170731707318,0.678121032108976,0.5030911582830964,41,0.27959547888161806,0.9091697306011512,29,creation,0.8129429013000079,0.6,1.4717609735427915,213,atn_empiricalbm,0.2682926829268293,0.5609756097560976,0.9381320642474718,6.464749059526059,0.0975609756097561,0.04947017064330215,0.5002269932825834,0.12671029149315882,2.101329849012776,1.403361344537815,0.023200475907198096,1.2324346069888932,0.0,0.3902439024390244,2.155688622754491,0,3.0,0.6341463414634146,0.0,turkiye,6.504288173536645
8.292682926829269,0.0,0.7560975609756098,0.7276597792411363,0.47586194984565655,41,0.36644854253420583,0.942432597448504,29,creation,0.81848026156752,1.1818181818181819,1.162674439046061,340,metaweb_empiricalbm,0.1951219512195122,0.04878048780487805,1.5609756097560976,0.5243944684156643,0.6097560975609756,0.19850029108996112,0.38203700564425963,0.20226055919095776,2.0291864961332537,1.2237762237762237,0.19571683521713265,0.8832524826440544,0.17073170731707318,0.7691850089232599,1.0,3,2.0,0.17073170731707318,0.17073170731707318,turkiye,2.772588722239781
5.195121951219512,0.5844157800302149,0.17073170731707318,0.678121032108976,0.5030911582830964,41,0.27959547888161806,0.9091697306011512,29,creation,0.8129429013000079,0.6,1.4717609735427915,213,atn,0.2682926829268293,0.5609756097560976,0.9381320642474718,6.464749059526059,0.0975609756097561,0.04947017064330215,0.5002269932825834,0.12671029149315882,2.101329849012776,1.403361344537815,0.023200475907198096,1.2324346069888932,0.0,0.3902439024390244,2.155688622754491,0,3.0,0.6341463414634146,0.0,turkiye,6.504288173536645
6.0606060606060606,0.0,0.0,0.574456264653803,0.18939393939393948,33,0.0,1.0,29,burnin,NaN,0.32,1.7951758270431342,200,metaweb,0.24242424242424243,0.7575757575757576,2.203856749311295,0.32,0.7575757575757576,0.0,0.0,0.18365472910927455,1.7575757575757576,1.0,0.0,1.220719562389331,0.0,0.642791551882461,1.0,0,2.0,0.0,0.0,turkiye,5.298317366548036
2.0,0.0,0.0,1.4924050144892729,0.24242424242424246,12,0.0,0.8025793650793651,29,burnin,0.7288247331967785,2.0,0.9293203772845852,24,down_niche_empiricalbm,0.6666666666666666,0.3333333333333333,0.2152777777777778,2.549295774647888,0.3333333333333333,0.0,4.079219866531555e-16,0.16666666666666666,1.3333333333333333,1.0,0.0,0.9534625892455924,0.0,0.4236111111111111,1.0,0,2.0,0.0,0.0,turkiye,3.1780538303479458
2.142857142857143,0.8918433805240781,0.5714285714285714,1.0331265301745123,0.8055767534934201,14,0.11224489795918367,0.5285147392290248,29,burnin,0.9025608159146695,1.0,0.7055336829505574,30,niche,0.21428571428571427,0.21428571428571427,0.10204081632653061,2.108868060562365,0.14285714285714285,0.2998299319727891,0.6787485458381227,0.15306122448979592,2.3829365079365075,1.4042553191489362,0.05102040816326531,0.8557497837029772,0.14285714285714285,0.17346938775510204,2.6538461538461537,0,3.0,0.42857142857142855,0.14285714285714285,turkiye,3.258096538021482
1.2222222222222223,0.0,0.0,1.9948280234083353,0.19444444444444448,9,0.0,0.8492063492063492,29,burnin,0.8580327848781134,3.5,0.6818181818181818,11,down_niche_nestedbm,0.7777777777777778,0.2222222222222222,0.04938271604938271,3.9090909090909087,0.2222222222222222,0.0,3.605312230474616e-16,0.13580246913580246,1.2222222222222223,1.0,0.0,1.4812882488000294,0.0,0.30864197530864196,1.0,0,2.0,0.0,0.0,turkiye,2.3978952727983707
4.428571428571429,0.3400921207590814,0.5428571428571428,0.5777388788686934,0.3394957983193277,35,0.11755102040816326,0.7039484463086948,29,burnin,0.9016203433420814,1.0,1.60164954449775,155,down_niche,0.22857142857142856,0.22857142857142856,0.9151020408163265,0.9969008331024529,0.6571428571428571,0.0,4.1750785971987253e-16,0.12653061224489795,1.8857142857142857,1.162162162162162,0.0,1.12789316351716,0.0,0.30775510204081635,1.8674698795180722,16,3.0,0.11428571428571428,0.0,turkiye,5.111987788356544
0.8888888888888888,0.0,0.0,3.000000000000001,0.11111111111111112,9,0.0,0.8888888888888888,29,burnin,NaN,8.0,0.3750000000000001,8,metaweb_nestedbm,0.8888888888888888,0.1111111111111111,0.0,8.0,0.1111111111111111,0.0,0.0,0.09876543209876543,1.1111111111111112,1.0,0.0,2.6250000000000004,0.0,0.345679012345679,1.0,0,2.0,0.0,0.0,turkiye,2.0794415416798357
1.2,0.0,0.0,1.3693063937629153,0.2999999999999999,5,0.0,1.0,29,burnin,NaN,1.5,0.912870929175277,6,atn_empiricalbm,0.6,0.4,0.12,1.5,0.4,0.0,2.220446049250313e-16,0.24,1.4,1.0,0.0,0.4564354645876384,0.0,0.24,1.0,0,2.0,0.0,0.0,turkiye,1.791759469228055
0.8888888888888888,0.0,0.0,3.000000000000001,0.11111111111111112,9,0.0,0.8888888888888888,29,burnin,NaN,8.0,0.3750000000000001,8,metaweb_empiricalbm,0.8888888888888888,0.1111111111111111,0.0,8.0,0.1111111111111111,0.0,0.0,0.09876543209876543,1.1111111111111112,1.0,0.0,2.6250000000000004,0.0,0.345679012345679,1.0,0,2.0,0.0,0.0,turkiye,2.0794415416798357
4.828571428571428,0.5598066345009937,0.2,0.6986848585272095,0.48340442446819976,35,0.2677551020408163,0.9363607503607503,29,burnin,0.8372862333214365,0.68,1.3473113447107896,169,atn,0.2857142857142857,0.5142857142857142,0.8375510204081633,5.9298674146824295,0.11428571428571428,0.0333939393939394,0.4852437513340599,0.13795918367346938,2.0359863945578227,1.3898916967509025,0.013877551020408163,1.0559416944356297,0.0,0.40816326530612246,2.041002277904328,0,3.0,0.6,0.0,turkiye,6.0844994130751715
4.7073170731707314,0.5320323928492345,0.17073170731707318,0.653465249777407,0.4572030031524804,41,0.2296252230814991,0.9195665708482469,30,creation,0.8077753870755262,0.6,1.6040224009537452,193,atn_nestedbm,0.2682926829268293,0.5609756097560976,0.8792385484830458,6.7060014343832135,0.07317073170731707,0.03115758120330021,0.4904717588832493,0.11481261154074955,2.0598141695702665,1.4373177842565599,0.01189767995240928,1.3660226497663288,0.0,0.3135038667459845,1.9939024390243902,0,3.0,0.6585365853658537,0.0,turkiye,6.198478716492308
8.292682926829269,0.0,0.7560975609756098,0.7276597792411363,0.47586194984565655,41,0.36644854253420583,0.942432597448504,30,creation,0.81848026156752,1.1818181818181819,1.162674439046061,340,metaweb,0.1951219512195122,0.04878048780487805,1.5609756097560976,0.5243944684156643,0.6097560975609756,0.19850029108996112,0.38203700564425963,0.20226055919095776,2.0291864961332537,1.2237762237762237,0.19571683521713265,0.8832524826440544,0.17073170731707318,0.7691850089232599,1.0,3,2.0,0.17073170731707318,0.17073170731707318,turkiye,2.772588722239781
4.7073170731707314,0.6775776536741274,0.5121951219512195,0.6430227166906675,0.42522952270339004,41,0.16656751933372993,0.6573119851751877,30,creation,0.900312194580583,0.8787878787878788,1.5172723859061599,193,down_niche_empiricalbm,0.1951219512195122,0.2926829268292683,0.801308744794765,1.6312308882926705,0.6097560975609756,0.046782282757892514,0.20690045116868896,0.11481261154074955,2.011033681765389,1.242063492063492,0.01784651992861392,1.1854153431715253,0.04878048780487805,0.2914931588340274,2.0950226244343892,27,2.0,0.1951219512195122,0.04878048780487805,turkiye,5.3981627015177525
5.024390243902439,1.1706748825827753,0.7073170731707317,1.033695092543801,1.1840531797213876,41,0.21237358715050564,0.6055153394390039,30,creation,0.8771371890322832,1.0,0.7071667650786638,206,niche,0.14634146341463414,0.14634146341463414,0.2314098750743605,4.64704973372876,0.07317073170731707,0.3670336335952133,0.865507725772747,0.12254610350981558,2.8875841028376423,1.647196261682243,0.13801308744794766,0.9114037270604554,0.12195121951219512,0.4015466983938132,4.761092150170649,0,3.0,0.6341463414634146,0.12195121951219512,turkiye,7.289610521451167
4.7073170731707314,0.6775776536741274,0.5121951219512195,0.6430227166906675,0.42522952270339004,41,0.16656751933372993,0.6573119851751877,30,creation,0.900312194580583,0.8787878787878788,1.5172723859061599,193,down_niche_nestedbm,0.1951219512195122,0.2926829268292683,0.801308744794765,1.6312308882926705,0.6097560975609756,0.046782282757892514,0.20690045116868896,0.11481261154074955,2.011033681765389,1.242063492063492,0.01784651992861392,1.1854153431715253,0.04878048780487805,0.2914931588340274,2.0950226244343892,28,2.0,0.1951219512195122,0.04878048780487805,turkiye,5.3981627015177525
4.7073170731707314,0.6775776536741274,0.5121951219512195,0.6430227166906675,0.42522952270339004,41,0.16656751933372993,0.6573119851751877,30,creation,0.900312194580583,0.8787878787878788,1.5172723859061599,193,down_niche,0.1951219512195122,0.2926829268292683,0.801308744794765,1.6312308882926705,0.6097560975609756,0.046782282757892514,0.20690045116868896,0.11481261154074955,2.011033681765389,1.242063492063492,0.01784651992861392,1.1854153431715253,0.04878048780487805,0.2914931588340274,2.0950226244343892,27,2.0,0.1951219512195122,0.04878048780487805,turkiye,5.3981627015177525
8.292682926829269,0.0,0.7560975609756098,0.7276597792411363,0.47586194984565655,41,0.36644854253420583,0.942432597448504,30,creation,0.81848026156752,1.1818181818181819,1.162674439046061,340,metaweb_nestedbm,0.1951219512195122,0.04878048780487805,1.5609756097560976,0.5243944684156643,0.6097560975609756,0.19850029108996112,0.38203700564425963,0.20226055919095776,2.0291864961332537,1.2237762237762237,0.19571683521713265,0.8832524826440544,0.17073170731707318,0.7691850089232599,1.0,3,2.0,0.17073170731707318,0.17073170731707318,turkiye,2.772588722239781
4.7073170731707314,0.5320323928492345,0.17073170731707318,0.653465249777407,0.4572030031524804,41,0.2296252230814991,0.9195665708482469,30,creation,0.8077753870755262,0.6,1.6040224009537452,193,atn_empiricalbm,0.2682926829268293,0.5609756097560976,0.8792385484830458,6.7060014343832135,0.07317073170731707,0.03115758120330021,0.4904717588832493,0.11481261154074955,2.0598141695702665,1.4373177842565599,0.01189767995240928,1.3660226497663288,0.0,0.3135038667459845,1.9939024390243902,0,3.0,0.6585365853658537,0.0,turkiye,6.198478716492308
8.292682926829269,0.0,0.7560975609756098,0.7276597792411363,0.47586194984565655,41,0.36644854253420583,0.942432597448504,30,creation,0.81848026156752,1.1818181818181819,1.162674439046061,340,metaweb_empiricalbm,0.1951219512195122,0.04878048780487805,1.5609756097560976,0.5243944684156643,0.6097560975609756,0.19850029108996112,0.38203700564425963,0.20226055919095776,2.0291864961332537,1.2237762237762237,0.19571683521713265,0.8832524826440544,0.17073170731707318,0.7691850089232599,1.0,3,2.0,0.17073170731707318,0.17073170731707318,turkiye,2.772588722239781
4.7073170731707314,0.5320323928492345,0.17073170731707318,0.653465249777407,0.4572030031524804,41,0.2296252230814991,0.9195665708482469,30,creation,0.8077753870755262,0.6,1.6040224009537452,193,atn,0.2682926829268293,0.5609756097560976,0.8792385484830458,6.7060014343832135,0.07317073170731707,0.03115758120330021,0.4904717588832493,0.11481261154074955,2.0598141695702665,1.4373177842565599,0.01189767995240928,1.3660226497663288,0.0,0.3135038667459845,1.9939024390243902,0,3.0,0.6585365853658537,0.0,turkiye,6.198478716492308
1.1818181818181819,0.48038446141526137,0.09090909090909091,1.8851647550933457,0.2770707070707071,11,0.03305785123966942,0.8311688311688311,30,burnin,0.9167278889881175,3.0,0.6352560868326947,13,atn_nestedbm,0.7272727272727273,0.18181818181818182,0.03305785123966942,5.346153846153846,0.09090909090909091,0.0,0.3544587784792833,0.10743801652892562,1.3060606060606061,1.0,0.0,1.5264918980436482,0.0,0.21487603305785125,1.3076923076923077,0,2.0,0.18181818181818182,0.0,turkiye,2.5649493574615367
6.0606060606060606,0.0,0.0,0.574456264653803,0.18939393939393948,33,0.0,1.0,30,burnin,NaN,0.32,1.7951758270431342,200,metaweb,0.24242424242424243,0.7575757575757576,2.203856749311295,0.32,0.7575757575757576,0.0,0.0,0.18365472910927455,1.7575757575757576,1.0,0.0,1.220719562389331,0.0,0.642791551882461,1.0,0,2.0,0.0,0.0,turkiye,5.298317366548036
1.6363636363636365,0.5072996561958923,0.09090909090909091,1.6459827639617792,0.47272727272727255,11,0.05785123966942149,0.787878787878788,30,burnin,0.8096657781488719,2.0,0.7860669402588442,18,down_niche_empiricalbm,0.6363636363636364,0.2727272727272727,0.11570247933884298,3.3916349809885933,0.2727272727272727,0.0,3.774032578002451e-16,0.1487603305785124,1.4545454545454546,1.28,0.0,1.2845232578665131,0.0,0.34710743801652894,1.411764705882353,0,2.0,0.0,0.0,turkiye,2.833213344056216
2.1666666666666665,0.8321496970374802,0.5833333333333334,1.144106046995334,0.8105749690581707,24,0.04861111111111111,0.5342171717171716,30,burnin,0.9288990235433725,1.1111111111111112,0.9970370305242864,52,niche,0.25,0.16666666666666666,0.11284722222222222,3.031706784961094,0.125,0.3285233285233285,0.6625821847251491,0.09027777777777778,2.3193181818181814,1.4805194805194806,0.026041666666666668,1.154681971524642,0.125,0.1267361111111111,2.3225806451612905,0,2.0,0.4583333333333333,0.125,turkiye,3.4339872044851463
0.8333333333333334,0.0,0.0,2.4494897427831774,0.1666666666666666,6,0.0,0.8333333333333334,30,burnin,NaN,5.0,0.4898979485566356,5,down_niche_nestedbm,0.8333333333333334,0.16666666666666666,0.0,5.0,0.16666666666666666,0.0,2.220446049250313e-16,0.1388888888888889,1.1666666666666667,1.0,0.0,1.9595917942265424,0.0,0.2777777777777778,1.0,0,2.0,0.0,0.0,turkiye,1.6094379124341003
3.608695652173913,0.0,0.0,0.7958857109198919,0.23715415019762845,23,0.0,0.7735952453343758,30,burnin,0.830418489342184,0.5333333333333333,1.4869770343626143,83,down_niche,0.34782608695652173,0.6521739130434783,0.8034026465028355,1.6699834162520726,0.6521739130434783,0.0,3.7043086796500306e-16,0.15689981096408318,1.6521739130434783,1.0,0.0,0.8681161642655931,0.0,0.3761814744801512,1.0,11,2.0,0.0,0.0,turkiye,4.418840607796598
0.8888888888888888,0.0,0.0,3.000000000000001,0.11111111111111112,9,0.0,0.8888888888888888,30,burnin,NaN,8.0,0.3750000000000001,8,metaweb_nestedbm,0.8888888888888888,0.1111111111111111,0.0,8.0,0.1111111111111111,0.0,0.0,0.09876543209876543,1.1111111111111112,1.0,0.0,2.6250000000000004,0.0,0.345679012345679,1.0,0,2.0,0.0,0.0,turkiye,2.0794415416798357
2.0,0.0,0.0,0.75,0.2499999999999999,9,0.0,1.0,30,burnin,NaN,0.5,1.5,18,atn_empiricalbm,0.3333333333333333,0.6666666666666666,0.5555555555555556,0.5,0.6666666666666666,0.0,2.220446049250313e-16,0.2222222222222222,1.6666666666666665,1.0,0.0,0.75,0.0,0.2222222222222222,1.0,0,2.0,0.0,0.0,turkiye,2.8903717578961645
0.8888888888888888,0.0,0.0,3.000000000000001,0.11111111111111112,9,0.0,0.8888888888888888,30,burnin,NaN,8.0,0.3750000000000001,8,metaweb_empiricalbm,0.8888888888888888,0.1111111111111111,0.0,8.0,0.1111111111111111,0.0,0.0,0.09876543209876543,1.1111111111111112,1.0,0.0,2.6250000000000004,0.0,0.345679012345679,1.0,0,2.0,0.0,0.0,turkiye,2.0794415416798357
4.1875,0.5347774591512857,0.15625,0.7213758790205714,0.4575921430400115,32,0.234375,0.9467192325648209,30,burnin,0.8061449068040132,0.6818181818181818,1.2902047244589983,134,atn,0.3125,0.53125,0.650390625,6.1004394897631045,0.09375,0.0,0.47434789212888556,0.130859375,1.9516369047619047,1.4273504273504274,0.0,1.0017554422307111,0.0,0.3466796875,1.9131832797427653,0,3.0,0.59375,0.0,turkiye,5.739792912179234
